tree
version=v4
num_class=1
num_tree_per_iteration=1
label_index=0
max_feature_idx=84
objective=binary sigmoid:1
feature_names=return_1d return_5d return_10d return_20d return_60d momentum_5d momentum_10d momentum_20d momentum_60d momentum_120d vol_5d vol_20d vol_60d downside_vol_20d upside_vol_20d beta_20d_spy beta_60d_spy price_to_sma_20d price_to_sma_50d price_to_sma_200d macd_hist rsi_14 bollinger_z_20d volume_zscore_20d volume_zscore_60d dollar_volume_ratio_20d intraday_range close_open_gap close_location_in_range distance_to_20d_high distance_to_20d_low distance_to_60d_high distance_to_60d_low excess_return_5d_vs_spy excess_return_20d_vs_spy excess_return_60d_vs_spy relative_momentum_20d_vs_spy skew_20d kurtosis_20d spy_return_20d spy_vol_20d spy_drawdown_60d relative_strength_down_days_20d gap_down_absorption_20d downside_vol_decay_60d beta_stability_price_floor beta_60d_ff_mktrf beta_60d_ff_smb beta_60d_ff_hml beta_60d_ff_rmw beta_60d_ff_cma dgs10_pit dgs2_pit vixcls_pit usd_index_pit yield_10y_2y_spread_pit cs_rank_momentum_20d cs_z_momentum_20d cs_rank_momentum_60d cs_z_momentum_60d cs_rank_momentum_120d cs_z_momentum_120d cs_rank_vol_20d cs_z_vol_20d cs_rank_vol_60d cs_z_vol_60d cs_rank_downside_vol_20d cs_z_downside_vol_20d cs_rank_beta_60d_spy cs_z_beta_60d_spy cs_rank_excess_return_20d_vs_spy cs_z_excess_return_20d_vs_spy cs_rank_relative_strength_down_days_20d cs_z_relative_strength_down_days_20d cs_rank_gap_down_absorption_20d cs_z_gap_down_absorption_20d cs_rank_downside_vol_decay_60d cs_z_downside_vol_decay_60d cs_rank_beta_stability_price_floor cs_z_beta_stability_price_floor regime_calm regime_drawdown regime_high_vol regime_rebound stress_flag
feature_infos=[-0.43452090331350879:0.52290083351866889] [-0.61014499786032883:0.88260863646066867] [-0.76666670795573144:1.0566034133703051] [-0.82992956002177165:1.6011328544898928] [-0.85304846129940903:3.1843478105994496] [-0.61014499786032883:0.88260863646066867] [-0.76666670795573144:1.0566034133703051] [-0.82992956002177165:1.6011328544898928] [-0.85304846129940903:3.1843478105994496] [-0.83371665409748386:3.8670393633078328] [0:0.30584445364328161] [0:0.22421856781514868] [0:0.15098312624435092] [0:0.14329584310333965] [0:0.16337929811143656] [-13.695037798663515:20.575205365344527] [-4.0149274431247379:4.8863263853067735] [-0.69421673038056464:0.66131114246219425] [-0.79930206832555228:0.90110352904013702] [-0.82425537243447611:1.8446390551514207] [-132.53715276993563:80.364006761273146] [0:99.861064002984776] [-4.3588989435444114:4.3588989435883247] [-3.1806480089076707:4.3588989435433447] [-3.1101259120259019:7.6809377036926092] [0:20] [0:0.56348448091986825] [-0.47064726396441403:0.4210822666140121] [0:1] [-0.81943928948557032:0] [0:1.7305034091738194] [-0.85817267691977117:0] [0:3.9900962607604482] [-0.61785372931017601:0.89255912114692015] [-0.76226676485515399:1.4709261398977567] [-0.82324954741436951:2.9093527779374631] [-0.77334040331749898:1.3346611088982128] [-4.4721359549995769:4.4721359549995841] [-1.8537485942068546:20.000000000000025] [-0.3098674839759894:0.19880920041384464] [0.0021730140768461124:0.057214790451066776] [-0.31978067271172672:0] [-0.099256665172816158:0.19912924481561101] [-9.4243009236246778:13.933826240627525] [-1:87.127119856643347] [-1.0247428570212176:1.0007807340328658] [-4.1112792539993421:4.848421174419931] [-5.4434395281946788:7.7689924118407419] [-6.7072038827376153:7.6752434274945651] [-13.325735436189344:9.7109719643899926] [-11.504606375379524:8.6540722051089762] [0.55000000000000004:3.2400000000000002] [0.11:2.98] [9.1899999999999995:75.469999999999999] [93.247799999999998:125.0587] [-0.030000000000000027:2.6099999999999999] [0.0020161290322580645:1] [-10.036419127683077:15.738424952473304] [0.0020161290322580645:1] [-8.1746382519581609:16.457532645463687] [0.0020202020202020202:1] [-5.9157233637200122:14.200215155348952] [0.0020161290322580645:1] [-2.7783658620320608:17.573692755422847] [0.0020161290322580645:1] [-2.9782850486284773:14.693670814366223] [0.0020161290322580645:1] [-3.0058206930267617:18.050318432270245] [0.0020161290322580645:1] [-6.3974491418552946:8.9620500168724586] [0.0020161290322580645:1] [-10.036419127683077:15.738424952473304] [0.0020161290322580645:1] [-11.668006201344122:17.853621002907023] [0.0020449897750511249:1] [-9.434540891693187:11.345435387552476] [0.0020161290322580645:1] [-2.3143884498676961:20.623654562246884] [0.0020161290322580645:1] [-16.633473857690657:14.830513071902569] [0:1] [0:1] [0:1] [0:1] [0:1]
tree_sizes=3216 3344 3569 3339 3335 3343 3196 3337 3546 3347 3231 3562 3342 3451 3557 3440 3556 3576 3228 3576 3566 3581 3369 3576 3447 3554 3573 3243 3465 3225 3235 3561 3313 3451 3581 3125 3573 3267 3348 3457 3552 3562 3573 3594 3586 3575 3011 3247 3265 3584 3239 3223 3129 3466 3574 3588 3564 3560 3355 3555 3572 3586 3592 3361 3445 3573 3569 3573 3574 3343 3138 3572 3460 3565 3589 3415 3467 3153 3446 3435 3335 3339 3241 3550 3549 3549 3572 3540 3193 3452 3567 3572 3570 3567 3441 3228 3588 3369 3208 3578 3234 3081 3472 3458 3020 3589 3248 3571 3547 3228 3318 3578 3124 3124 3466 3582 2916 3464 3230 3467 3355 2585 3348 3333 3223 3218 3481 3129 3250 2238 2359 3143 3555 3493 3434 3299 3145

Tree=0
num_leaves=29
num_cat=0
split_feature=65 65 65 68 47 65 65 68 51 55 68 3 62 52 16 51 67 19 48 61 55 62 65 62 19 77 50 69
split_gain=2279.56 441.909 327.975 115.997 107.851 92.562 56.4856 54.8405 45.8664 45.4618 40.4351 37.4875 35.5648 34.3334 34.2047 28.7439 28.0225 27.4937 22.3591 22.2861 21.6105 21.101 20.1622 19.8421 16.2862 14.9723 13.0459 10.4791
threshold=0.035114942903349537 -0.57278102742544201 0.75401310054421022 0.14436256873561995 2.035244389924753 1.6990492879462102 -0.23908794314485368 0.65456483814692779 1.3500000000000003 1.5450000000000004 0.97486908239256875 0.038538802375635901 0.61899961597542252 0.13500000000000004 0.80681641837514628 2.2050000000000005 0.12540510931905649 -0.013243753133656775 -0.16745628584611322 1.7141006135769687 1.1900000000000004 0.26625377102827635 -0.67656228909188898 0.10636122351303139 0.17062564518958526 -0.8282112525250086 -0.67500933882620073 0.43594890569689615
decision_type=8 10 8 10 10 8 10 8 2 2 10 10 10 2 10 2 10 8 10 10 2 8 10 10 10 8 8 10
left_child=1 3 9 8 6 13 20 16 24 10 12 -9 -2 18 -15 23 -7 27 -4 -10 -3 -8 -17 -5 -1 -19 -12 -11
right_child=2 4 5 15 -6 7 21 11 19 17 26 -13 -14 14 -16 22 -18 25 -20 -21 -22 -23 -24 -25 -26 -27 -28 -29
leaf_value=-1.4012248298691075 -1.3904433836101426 -1.3946143335160599 -1.3695439158223111 -1.4022549393823365 -1.3320699542228822 -1.3922070637219592 -1.3967069188061096 -1.372589733680933 -1.4090692453743388 -1.3755281519859217 -1.3404797150285768 -1.3630630195691702 -1.3855655883025255 -1.3860124637565749 -1.3774524220557387 -1.4036768905245527 -1.3759970779142816 -1.3921604993250334 -1.3995040009456348 -1.3848988447357198 -1.3982070216833169 -1.3911187380723906 -1.3981812159093145 -1.3971237407819097 -1.3867528836807756 -1.3799116407813525 -1.3751452703065525 -1.3556783793108083
leaf_weight=313.49852249026299 1374.7053725272417 3152.5258339941502 18.018989339470863 622.37270258367062 16.424388512969017 86.746284961700439 478.22078786790371 639.91331167519093 1766.9771758466959 39.865020662546158 13.075726777315138 462.91261993348598 2950.1709891110659 347.78244026005268 2006.8051401525736 1612.3008956760168 273.63350182771683 71.27865694463253 80.048961490392685 23.121711984276772 1578.1764379888773 3540.173294916749 578.68063993752003 2019.8808669298887 55.970489010214806 436.76116637885571 18.178449422121052 36.675819009542465
leaf_count=1966 8621 19770 113 3903 103 544 2999 4013 11081 250 82 2903 18501 2181 12585 10111 1716 447 502 145 9897 22201 3629 12667 351 2739 114 230
internal_value=-1.39188 -1.39758 -1.38173 -1.40227 -1.39384 -1.37633 -1.39396 -1.37134 -1.40709 -1.38602 -1.3869 -1.36856 -1.38711 -1.37931 -1.37871 -1.40011 -1.37991 -1.37947 -1.39372 -1.40875 -1.39582 -1.39179 -1.40223 -1.39834 -1.399 -1.38164 -1.35905 -1.36551
internal_weight=24614.9 15758.3 8856.57 6992.8 8765.52 3915.86 8749.1 1463.21 2159.57 4940.71 4356.13 1102.83 4324.88 2452.66 2354.59 4833.24 360.38 584.581 98.068 1790.1 4730.7 4018.39 2190.98 2642.25 369.469 508.04 31.2542 76.5408
internal_count=154364 98823 55541 43853 54970 24557 54867 9176 13543 30984 27318 6916 27122 15381 14766 30310 2260 3666 615 11226 29667 25200 13740 16570 2317 3186 196 480
is_linear=0
shrinkage=1


Tree=1
num_leaves=29
num_cat=0
split_feature=65 65 65 69 64 47 30 44 65 66 40 55 69 51 51 26 55 62 47 66 64 19 51 40 12 3 79 75
split_gain=2151.89 423.785 331.466 108.373 84.3604 83.1661 54.56 53.5605 42.041 38.8378 36.1399 28.9141 27.7402 35.8335 25.7454 25.4768 24.7549 24.0234 22.928 20.994 20.7945 17.0017 16.5916 15.7262 13.3835 11.2857 11.1147 2.78417
threshold=0.035114942903349537 -0.57278102742544201 1.3890885417684062 -0.99276335729766318 0.82006229090193472 2.035244389924753 0.084505366500841742 -0.57438047598445452 -0.21819186992258924 0.64307571216916981 0.017937732423117535 2.0600000000000001 -0.29006486352100574 1.4450000000000001 1.3500000000000003 0.010130039313129625 1.5550000000000004 0.10636122351303139 -0.13888164840086853 0.54421215091293729 0.13431293943505615 0.10031670866092436 2.2050000000000005 0.0037089474633269473 0.037879804488164193 0.021639947296276166 -2.2308116422006914 0.99113951698880542
decision_type=8 10 8 10 10 10 10 10 10 8 10 2 10 2 2 2 2 10 10 8 10 10 2 10 10 10 8 8
left_child=1 3 4 14 7 8 9 25 18 26 -11 19 23 -14 21 -10 -9 24 -3 -8 -16 -1 -19 -6 -5 -2 -4 -13
right_child=2 5 6 17 12 -7 11 16 15 10 -12 27 13 -15 20 -17 -18 22 -20 -21 -22 -23 -24 -25 -26 -27 -28 -29
leaf_value=-0.012482499787224929 -0.010086027041409122 -0.0065216515229487883 0.020982955460789168 -0.01153938086818232 0.018237173680600443 0.050915979813303348 0.011080082982755641 0.0053290335993556584 -0.0061550060464200529 0.015658414746193765 0.044474002756036635 0.059425637907744688 0.0048090812592217298 0.013737996495729996 -0.018029088663756975 0.00063475521829519906 0.011631830024805667 -0.0055121371813067173 -0.002590594631443616 0.023508992943463435 -0.012449514850092377 -0.0011019803759760489 -0.0089588882245580891 0.0029833513494207584 0.012728270565497574 -0.00080267456440385988 -7.2111689206041211e-05 0.032735977815086248
leaf_weight=244.84002430737019 107.33118908107281 1236.9576114714146 16.583709940314293 1129.4069800972939 47.391721561551094 17.347318455576897 100.93595786392689 3598.9281095862389 383.71748819947243 927.44831584393978 27.560755595564842 13.728332072496412 345.30241914093494 1618.2795375287533 1169.6181753575802 3360.7069933563471 439.75396652519703 1989.2622725963593 3764.1118056923151 825.60437548160553 690.92576576769352 125.73455569148064 1598.1078610271215 349.39616794884205 13.154485180974005 342.84684261679649 125.99761191010475 12.923212811350824
leaf_count=1544 672 7775 103 7129 296 105 627 22499 2407 5756 171 85 2152 10071 7408 21073 2736 12515 23657 5113 4375 790 10083 2182 83 2146 785 80
internal_value=-5.26678e-05 -0.00561301 0.00976952 -0.0102176 0.00712552 -0.00195344 0.018587 0.00510817 -0.00206614 0.014736 0.0165526 0.0229895 0.0109543 0.0121755 -0.0147645 -6.0786e-05 0.00602042 -0.00806805 -0.00356573 0.0221792 -0.0159705 -0.00865733 -0.00705217 0.00487358 -0.0112404 -0.00305355 0.00247934 0.0487213
internal_weight=24623.9 15723.9 8900.01 6961.05 6849.23 8762.84 2050.78 4488.86 8745.49 1097.59 955.009 953.192 2360.37 1963.58 2231.12 3744.42 4038.68 4729.93 5001.07 926.54 1860.54 370.575 3587.37 396.788 1142.56 450.178 142.581 26.6515
internal_count=154418 98944 55474 43927 42754 55017 12720 28053 54912 6815 5927 5905 14701 12223 14117 23480 25235 29810 31432 5740 11783 2334 22598 2478 7212 2818 888 165
is_linear=0
shrinkage=0.025


Tree=2
num_leaves=31
num_cat=0
split_feature=63 12 62 68 62 12 77 77 55 69 16 69 12 49 68 47 16 47 31 53 9 62 63 14 19 73 11 13 68 19
split_gain=1698.34 302.935 292.266 107.35 105.727 95.6129 73.2866 70.5957 57.7794 49.7463 47.7321 45.5087 44.3491 43.9307 35.3784 33.4185 29.7819 28.6814 29.4522 27.3139 26.3055 21.7908 20.4308 20.1818 17.314 16.8199 15.2339 12.8226 11.9443 10.9004
threshold=0.035262657312998789 0.011365554397973368 0.83583701363592422 0.14436256873561995 0.29022106436431838 0.022765662536932418 0.23363636890137671 -0.17551419638563495 1.0450000000000002 2.2881800861640174 1.6568979562673891 0.034138126091180852 0.01254257807222435 -0.87201828893381261 0.86708213610830687 0.72762529383282815 2.0876939073984579 -0.0067900816564157975 -0.033676135261096134 21.265000000000004 -0.095870449902268493 0.10636122351303139 -0.82275615067461383 0.0057476331824380502 0.067026250525937928 -1.3098197730505501 0.027379034855804989 0.0035721554278225292 0.7458505509641874 0.20850599948390228
decision_type=8 8 8 10 8 8 10 8 2 10 8 8 8 8 10 10 10 10 10 2 10 10 10 10 8 10 10 10 10 10
left_child=1 3 6 17 11 20 9 14 10 12 -7 21 -2 -10 -6 22 25 29 -19 -9 23 -3 -5 -4 -11 -8 -22 -13 -17 -1
right_child=2 4 5 15 7 8 16 19 13 24 -12 27 -14 -15 -16 28 -18 18 -20 -21 26 -23 -24 -25 -26 -27 -28 -29 -30 -31
leaf_value=-0.01805831995107186 -0.0040308577838599506 -0.011092556944217527 -0.0042048505213915918 -0.011251798491778516 0.00093877673476732695 0.0096416716303335554 0.0058583583340465631 -0.0019884488796477521 0.026139902856387655 0.0067295362235554809 0.019296892027780344 -0.007354471919308091 0.0071406907237254545 0.014231864886383023 0.0092698048183989992 -0.0028108700302182572 0.03472196366826568 -0.0005031943820657279 -0.014052790756736312 -0.0073576292813690367 0.0086016804598951276 -0.0061073938154877078 -0.0071237944054910757 0.016461161905060688 0.041781239406852529 -0.0010183218590979674 0.00024590815669319968 0.00083535639219456132 0.0085294327116939364 0
leaf_weight=1029.7747740447521 238.747014939785 806.53334215283394 30.898235306143761 1088.4821047484875 3178.2782170027494 779.45408289134502 260.28878381848335 2248.1388794481754 569.15295055508614 13.348322764039038 554.48006027936935 146.4343858808279 2917.4625053107738 306.90609207749367 353.39953915774822 367.38727584481239 14.388491213321684 139.37249661982059 367.97282311320305 806.74241940677166 1331.9485921263695 1777.517846763134 2528.9152820110321 384.81591084599495 32.681171953678131 1482.0780908167362 154.05494460463524 621.20195239782333 67.545762330293655 21.873369365930557
leaf_count=6580 1499 5110 192 6909 19934 4809 1626 14127 3487 82 3398 920 18158 1894 2202 2319 89 888 2349 5078 8265 11218 15988 2383 201 9277 954 3907 425 139
internal_value=-7.75317e-05 -0.00509268 0.00851846 -0.0097364 -0.00246914 0.0134469 0.00442831 -0.000628112 0.0169891 0.00667878 0.0136744 -0.00608327 0.00629205 0.0220019 0.00177741 -0.00758403 0.00032009 -0.0153162 -0.0103553 -0.00341114 0.00931848 -0.00767069 -0.00837131 0.0148995 0.0322045 7.99539e-06 0.00774137 -0.000726222 -0.00101388 -0.0176878
internal_weight=24620.3 15549.6 9070.71 5611.32 9938.25 4111.71 4958.99 6586.56 2209.99 3202.24 1333.93 3351.69 3156.21 876.059 3531.68 4052.33 1756.76 1558.99 507.345 3054.88 1901.72 2584.05 3617.4 415.714 46.0295 1742.37 1486 767.636 434.933 1051.65
internal_count=154407 98093 56314 35597 62496 25382 30932 41341 13588 19940 8207 21155 19657 5381 22136 25641 10992 9956 3237 19205 11794 16328 22897 2575 283 10903 9219 4827 2744 6719
is_linear=0
shrinkage=0.025


Tree=3
num_leaves=29
num_cat=0
split_feature=64 64 64 46 47 46 46 64 64 60 13 51 57 12 67 46 48 69 51 41 26 28 74 47 50 51 64 16
split_gain=2039.9 432.383 235.426 124.227 87.0279 79.1409 57.5126 46.931 46.6887 35.8199 31.1887 34.6005 30.4081 29.5139 29.0759 28.0783 23.9629 23.386 21.5269 20.1975 20.0026 14.3722 13.7534 12.2648 10.6212 10.6112 9.38755 8.55319
threshold=0.65051568314726216 0.32183830151887449 0.82390620727372177 0.31961458647185775 2.1263153269582404 1.2086456801132563 1.3339615125134625 0.96719734942567903 0.1025372814075743 1.0000000180025095e-35 0.0060871112320751986 1.7650000000000003 1.3344412575534628 0.011880537831069921 0.30770286417410592 1.7524755750398924 0.41229692812829749 -2.6252637810336137 1.7850000000000004 -0.09501233209652786 0.0059001800155465429 0.075191021419639084 0.78586960118363913 0.70066719475739669 0.29989029433019171 2.9900000000000007 0.68295277633627416 0.14625172798249672
decision_type=10 8 10 10 10 10 8 10 10 10 10 2 8 10 10 10 10 10 2 10 2 10 8 10 10 2 10 10
left_child=1 3 10 20 6 14 13 19 23 -9 21 16 -8 -3 25 -13 -12 -16 -10 -7 24 22 -2 -5 -1 -4 -23 -22
right_child=2 4 5 8 -6 7 12 9 18 -11 11 15 -14 -15 17 -17 -18 -19 -20 -21 27 26 -24 -25 -26 -27 -28 -29
leaf_value=-0.0082366884550151252 -0.0058027637708427705 -0.0052306712250698197 0.0047954184471216783 -0.011941192874451537 0.051248913536413469 0.0054252447824519939 0.002319743673623747 0.046846553875568769 -0.0045127919941255253 0.021049946976621488 0.0075960435049616422 0.0080993130312450971 0.018670510831971365 -0.0014759429942094024 0.033681217732773792 0.021741808069389097 0.00067552130741247373 0.011615676536919303 -0.0081129626572038326 0.015414394936491447 -0.020561043225097109 -0.0046265497417736978 0.023395149333600179 0.0037336415245506288 0.01632488149922345 0.020822805321521629 0.0019674093707020778 -0.015852991456918191
leaf_weight=44.817038521170616 13.322142764925955 1721.8309891521931 637.8963553160429 1697.2138785719872 18.396794646978378 139.26296690106392 1278.5804896950722 36.116187617182732 1643.9959076941013 582.82425029575825 533.52315591275692 1966.4265485852957 74.324459955096245 5488.6697679162025 30.725391656160355 99.161884501576424 760.25750230252743 858.56796027719975 2902.8326438069344 2024.1983164846897 417.55700485408306 172.23439322412014 32.267513409256935 30.532539278268814 13.180118590593336 26.203217193484306 603.45463100075722 756.47959204018116
leaf_count=289 83 10861 3947 10858 108 854 8011 217 10425 3524 3315 12199 459 34494 188 613 4725 5265 18466 12384 2693 1075 201 194 85 162 3760 4868
internal_value=3.72566e-05 -0.00519965 0.00993052 -0.00958145 -0.00136516 0.0140129 -0.00148623 0.0165421 -0.00815116 0.0226551 0.00569199 0.00675991 0.00323929 -0.00237431 0.00946866 0.00877011 0.00353956 0.0124308 -0.00681443 0.0147782 -0.0168446 0.00131117 0.0147727 -0.0116575 -0.00231049 0.0054755 0.000488745 -0.0175531
internal_weight=24604.9 16088.4 8516.44 7506.61 8581.8 4335.79 8563.41 2782.4 6274.57 618.94 4180.65 3359.37 1352.9 7210.5 1553.39 2065.59 1293.78 889.293 4546.83 2163.46 1232.03 821.279 45.5897 1727.75 57.9972 664.1 775.689 1174.04
internal_count=154323 101811 52512 47878 53933 26541 53825 16979 39943 3741 25971 20852 8470 45355 9562 12812 8040 5453 28891 13238 7935 5119 284 11052 374 4109 4835 7561
is_linear=0
shrinkage=0.025


Tree=4
num_leaves=29
num_cat=0
split_feature=65 64 64 15 16 47 65 44 52 42 64 63 62 51 16 12 47 61 47 26 7 52 23 34 19 48 19 64
split_gain=1934.63 370.621 271.08 82.3411 77.7946 64.0696 52.1925 39.3059 36.55 33.8802 30.658 30.6499 30.5617 29.9658 29.2395 23.8934 20.515 17.9906 17.9279 17.2788 15.178 14.9893 11.2623 11.2154 13.9332 11.5777 8.57197 7.23957
threshold=0.026000810480489429 0.23834085536213198 0.82006229090193472 0.38916601797893474 1.6568979562673891 2.035244389924753 -0.45338169029709247 -0.57438047598445452 0.13500000000000004 -0.021925718590754841 0.74134182908545743 -0.46671942904243996 0.10636122351303139 1.1000000000000003 1.4842824340873029 0.019232235890961732 -0.14680021770732965 -1.3756692578649778 -0.077281846160890025 0.019370614135800251 0.046040451526989885 0.13500000000000004 1.0595565992641098 0.073542874342707412 0.066024992932686502 1.5315137690516034 0.21848676973494655 0.12253527203693318
decision_type=8 8 8 10 10 10 10 10 2 10 10 8 10 2 10 10 10 8 10 2 10 2 8 10 8 10 10 10
left_child=1 3 7 16 11 6 18 23 20 -10 19 22 21 -13 -8 -12 27 -14 -3 -9 -6 -5 -4 25 -25 -2 -18 -1
right_child=2 5 4 12 8 -7 14 10 9 -11 15 13 17 -15 -16 -17 26 -19 -20 -21 -22 -23 -24 24 -26 -27 -28 -29
leaf_value=-0.020964264892430681 -0.0029336819385713331 -0.0082511473021380649 -0.0037240138506388718 0.00089471714342009574 -0.011303840486271637 0.042940632773369049 -0.0018005086599242144 0.001642814845683124 0.033393756777093747 0.017980208907688078 0.010544499110605662 0.0043552547864421113 0.015551900923069293 0.012632532311979706 0.0051775677730797835 0.0044174361322643256 -0.013300195011213115 -0.007603527183152577 -0.0040527180302303914 0.0058550213223199591 0.012442465323514345 -0.012724555084871206 0.015647350934720899 0.018243454843238756 -0.00093542264134824935 -0.019468511742514728 0.0020680181368190188 -0.015055492220904913
leaf_weight=464.24167077243328 309.61887559294701 921.5384706556797 111.83639420568943 51.510378271341324 34.376292988657951 18.132737308740616 6539.3424917757511 1170.9065792858601 97.925412610173225 1312.5332735478878 1059.0451452881098 310.68979477882385 19.841231226921082 2586.8268770128489 396.51461113989353 649.51398031413555 617.33347786962986 2844.6287086755037 2110.5565095692873 1283.510573387146 30.711964696645737 1191.6992699801922 21.263172343373299 32.224741101264954 78.569719061255455 28.118267476558685 22.364163920283318 220.79272262752056
leaf_count=3026 1939 5870 694 331 209 103 41159 7259 586 7908 6536 1899 127 15750 2483 4018 3991 18202 13401 7957 186 7689 132 201 490 176 143 1428
internal_value=2.84509e-05 -0.00536941 0.00915687 -0.0106243 0.0135181 -0.00250909 -0.00259767 0.00489124 0.0182386 0.0190831 0.00564921 0.011211 -0.00886752 0.0117497 -0.00139967 0.0082244 -0.016053 -0.00743407 -0.00533397 0.00385038 0 -0.0121539 -0.000461356 -0.00212341 0.00471152 -0.00439647 -0.0127483 -0.0191004
internal_weight=24536.2 15418.5 9117.67 5432.41 4506.16 9986.08 9967.95 4611.51 1475.55 1410.46 4162.98 3030.62 4107.68 2897.52 6935.86 1708.56 1324.73 2864.47 3032.09 2454.42 65.0883 1243.21 133.1 448.532 110.794 337.737 639.698 685.034
internal_count=153893 97953 55940 34937 27364 63016 62913 28576 8889 8494 25770 18475 26349 17649 43642 10554 8588 18329 19271 15216 395 8020 826 2806 691 2115 4134 4454
is_linear=0
shrinkage=0.025


Tree=5
num_leaves=29
num_cat=0
split_feature=65 64 64 69 47 69 65 65 44 3 64 65 13 51 51 50 55 29 47 54 26 47 44 61 47 49 44 69
split_gain=1862.96 346.424 265.657 81.8448 77.8571 72.5263 59.3647 54.1783 46.7969 42.5558 32.6673 26.9068 24.1883 24.0055 22.712 21.1454 20.6828 20.3665 19.4403 19.3119 18.815 14.131 13.5956 13.5027 12.8576 11.8556 11.2979 4.08336
threshold=0.035114942903349537 0.22637627144964675 0.82006229090193472 -0.99276335729766318 2.035244389924753 -0.26258763627795245 1.3890885417684062 -0.23908794314485368 -0.57438047598445452 0.035859272162012575 0.71399385637609669 2.8052424834171332 0.0048601200196059791 2.2050000000000005 1.425 -1.5775617945825811 1.0950000000000002 -0.04250647924332334 -0.14680021770732965 118.01775000000002 0.030997604524912292 0.70066719475739669 -0.26915636413246469 1.5860117299816832 0.27143401633156072 -0.036930263077732027 -0.41593386157400103 0.30166553140060887
decision_type=8 8 8 10 10 8 8 10 10 10 10 10 8 2 2 10 2 10 10 2 2 10 10 8 10 10 10 10
left_child=1 3 8 18 7 11 14 16 17 -8 20 22 -9 24 -7 -12 -3 27 23 -15 -10 -13 -4 -1 -5 -19 -20 -2
right_child=2 4 5 13 -6 6 9 12 10 -11 15 21 -14 19 -16 -17 -18 25 26 -21 -22 -23 -24 -25 -26 -27 -28 -29
leaf_value=-0.017576626953341876 -0.0081658853938626607 -0.0030211546338087241 -0.00053149151648760305 -0.0076241714582388573 0.045691062009842992 0.0058428333482722083 0.014610632149788151 -0.0049685610246338234 0.0017764464730492596 0.022471343352147836 0.011952281200468833 0.0085135414061914549 0.00039915481527362067 -0.010976807513898771 0.012919627331886006 0.0062175770874720818 -0.0059929918155457651 -0.0044534503034274501 -0.0060982716090411289 0.0051270401979309037 0.0083552238936842431 0.02865279651486486 0.0069626982502749776 -0.00015080996402346198 -0.0030352947107559827 0.0042956078806913522 -0.013334878301760573 -0.025034360558396657
leaf_weight=983.98860739171505 18.127096101641655 3894.728858307004 229.06326787173748 1190.2091349959373 19.615275040268898 350.37344901263714 1032.1168790608644 618.80456304550171 1450.7440374195576 768.38258154690266 526.70306058228016 46.287276282906532 3402.9537403285503 1453.696185067296 1661.7095258235931 1782.8603618890047 2367.3906970471144 251.63665074110031 176.39501635730267 46.774961590766907 335.01702733337879 45.291847795248032 433.57907095551491 29.513833478093147 574.46283110976219 155.13821125030518 694.28065472841263 26.40387661755085
leaf_count=6462 114 24719 1405 7646 109 2139 6167 3898 8978 4565 3235 280 21350 9388 10045 10977 15063 1576 1149 302 2071 272 2644 191 3683 971 4527 166
internal_value=4.43292e-05 -0.00524225 0.00900864 -0.0105369 -0.00259453 0.013268 0.014671 -0.00269268 0.0047264 0.0179822 0.0055689 0.00615386 -0.000426116 -0.00813217 0.0116953 0.00753417 -0.00414679 -0.00289675 -0.0146923 -0.0104661 0.00301963 0.0187963 0.00436452 -0.0170773 -0.00613766 -0.00109548 -0.0118878 -0.0187262
internal_weight=24566.2 15452.8 9113.43 5149.32 10303.5 4566.8 3812.58 10283.9 4546.63 1800.5 4095.32 754.221 4021.76 3265.14 2012.08 2309.56 6262.12 451.306 1884.18 1500.47 1785.76 91.5791 662.642 1013.5 1764.67 406.775 870.676 44.531
internal_count=154092 98487 55605 33348 65139 27517 22916 65030 28088 10732 25261 4601 25248 21019 12184 14212 39782 2827 12329 9690 11049 552 4049 6653 11329 2547 5676 280
is_linear=0
shrinkage=0.025


Tree=6
num_leaves=28
num_cat=0
split_feature=65 65 65 69 47 65 63 65 68 55 68 61 69 19 55 11 26 62 47 51 49 68 14 15 12 51 38
split_gain=1713.67 370.245 220.848 91.0084 67.977 56.1055 46.0876 38.8864 37.4254 36.0995 32.2311 30.262 29.5914 24.8232 24.4476 23.1026 22.5478 21.4463 21.3642 18.7759 17.6393 16.5789 13.0328 14.1566 12.8999 12.3817 5.71257
threshold=0.035114942903349537 -0.57278102742544201 0.75401310054421022 -0.99276335729766318 2.1263153269582404 1.4788916931456588 0.93506187658878681 -0.23908794314485368 0.95197418202040296 1.5450000000000004 0.26409108364753531 1.5860117299816832 -0.22505674854584409 -0.0014541781271933394 1.0950000000000002 0.0082493056539533448 0.0094098113343857679 0.10636122351303139 -0.14680021770732965 1.905 0.49977398193669592 0.85149640971295992 0.014865777852196484 1.3880047874050621 0.037879804488164193 2.0450000000000004 0.17574198073896377
decision_type=8 10 8 10 10 8 8 10 10 2 10 10 8 8 2 10 2 10 10 2 10 10 10 10 10 2 10
left_child=1 3 8 11 7 15 21 14 9 10 -2 18 -8 -11 -3 26 -9 24 -1 -19 -17 -7 23 -10 -5 -13 -4
right_child=2 4 5 17 -6 6 12 16 22 13 -12 25 -14 -15 -16 20 -18 19 -20 -21 -22 -23 -24 -25 -26 -27 -28
leaf_value=-0.016488087468743837 -0.002030473676347489 -0.0017553674969875159 0 -0.010684534078287495 0.049893631145466119 0.0049066274661830351 0.0092893649223945805 -0.0064508146301007572 0.00063070372005960313 0.023115843548799649 0.004807717744302417 0.013956956017113357 0.01978629597066521 0.0084739975492470754 -0.0055080862580517281 0.011810967327262617 0.00072463280522046735 -0.00422417782209626 -0.011336340341801462 -0.0079443359335607203 0.0062565114946301339 0.01435713703806327 -0.0023246483910313713 0.022224379268037529 0.013242771523621775 -0.0095776388906891399 -0.021127405838734972
leaf_weight=1100.6963686943054 483.34111751616001 2910.182544156909 15.008927658200266 1093.6364639103413 14.841292381286619 254.97035691142082 200.55495461821556 294.1709668636322 23.084224939346313 85.252448230981827 3812.6245834380388 33.38467113673687 1264.5048900991678 500.58130814135075 1739.0736397951841 1625.1402136534452 3720.1146773397923 1492.144047498703 983.46003825962543 2017.3529947847128 472.43996362388134 220.14830233156681 19.144795253872871 130.81174737215042 13.018634289503096 22.023242890834808 15.305387794971464
leaf_count=7293 2985 18451 92 7123 80 1542 1198 1857 141 516 23476 214 7432 3059 11073 9769 23348 9554 6450 13021 2860 1303 116 792 83 143 94
internal_value=0.000149418 -0.00492758 0.00873899 -0.00931587 -0.00150981 0.0130757 0.0161613 -0.00160564 0.00524508 0.00483513 0.00403625 -0.0135829 0.0183632 0.0106604 -0.00316176 0.0102513 0.00019517 -0.00733348 -0.0140686 -0.00636675 0.0105678 0.00932645 0.0166545 0.0190636 -0.0103822 0.00446533 -0.0109767
internal_weight=24557 15434.1 9122.91 6755.72 8678.38 4068.07 1940.18 8663.54 5054.84 4881.8 4295.97 2139.56 1465.06 585.834 4649.26 2127.89 4014.29 4616.15 2084.16 3509.5 2097.58 475.119 173.041 153.896 1106.66 55.4079 30.3143
internal_count=154065 98690 55375 43881 54809 24290 11475 54729 31085 30036 26461 14100 8630 3575 29524 12815 25205 29781 13743 22575 12629 2845 1049 933 7206 357 186
is_linear=0
shrinkage=0.025


Tree=7
num_leaves=29
num_cat=0
split_feature=65 65 64 68 65 49 66 3 9 65 40 49 65 16 55 16 14 53 25 52 47 52 43 65 27 13 28 27
split_gain=1570.36 310.514 215.817 94.0556 62.3096 60.4011 39.9115 36.4819 32.9414 31.122 29.722 28.2651 28.0635 27.0743 26.5431 26.4701 24.0878 23.0933 21.9942 21.4314 21.8007 20.4948 20.1032 19.5036 14.8019 13.1966 14.4999 9.75945
threshold=0.0081716505262049762 -0.59213514504148201 0.82390620727372177 0.14436256873561995 1.4788916931456588 -3.1989901238421576 0.50512297233175041 0.038538802375635901 0.22193333069206714 -0.24615204139823013 0.017937732423117535 0.60571466230164484 0.32018167749929033 0.75426847489079851 1.1900000000000004 2.2928969562241432 0.0054244770460803067 13.515000000000002 1.0000000180025095e-35 0.13500000000000004 -0.37360246083192622 0.13500000000000004 -0.023119259073657378 -0.89892259962003096 -0.0052670311733467078 0.0073586798147919456 0.17556707968701515 0.011381787872606046
decision_type=8 10 8 10 8 8 10 10 10 10 10 10 10 10 2 8 8 2 8 2 10 2 8 10 10 10 10 10
left_child=1 3 6 8 13 -3 25 10 18 14 -6 12 -8 24 -7 -9 -11 -13 -1 20 -5 -15 -10 -21 -4 27 -27 -2
right_child=2 5 4 19 7 9 11 15 22 16 -12 17 -14 21 -16 -17 -18 -19 -20 23 -22 -23 -24 -25 -26 26 -28 -29
leaf_value=0.015042314830103315 -0.0010476986326353997 0.049370717510692767 0.014316523455498584 0.031674432365779374 0.011345264042105245 -0.002019226519315854 0.0046123746092544583 0.017108122094350583 0.018214895002655367 -0.0049858824752721988 0.029791823072564345 0.010113505704474255 0.0096376508428332192 -0.0016477285731327004 -0.0059522299640959609 0.028931234054041972 0.00052752859882519026 -0.0011005671793462945 -0.015006857177286295 -0.010056113250751645 -0.00115528817393195 0.010778616211729271 -0.006794709631220041 -0.0063569157474473031 0 -0.0057575442516711187 0.0073105403983556878 0.010654924504122677
leaf_weight=14.199829295277594 1031.0350489914417 13.117675125598906 53.429033294320107 12.443673759698866 1075.7693407535553 3221.8113267123699 1538.8738204240799 680.7834110558033 21.292097255587578 583.32447411119938 57.502978384494781 143.8591767847538 1285.149399459362 84.876076906919479 1615.3124504238367 149.76862888038158 3235.5106661319733 545.46207699179649 1781.6785102188587 1300.3327389508486 168.08654835820198 2159.1618305146694 181.12729498744011 2957.7337891608477 264.68072153627872 63.005260795354843 296.13632149994373 45.285457208752632
leaf_count=94 6390 71 325 80 6334 20472 9460 3979 138 3681 335 882 7828 518 10330 862 20301 3358 11868 8494 1082 12899 1191 19133 1613 389 1828 279
internal_value=-3.58344e-06 -0.00500817 0.00797424 -0.0091676 0.0119202 -0.00191803 0.00436192 0.0152797 -0.0136761 -0.00200346 0.0123184 0.00579697 0.00690504 0.00933627 -0.00333532 0.0192878 -0.00031398 0.00124242 -0.0147552 -0.00713298 0.00126055 0.0103046 -0.00403532 -0.00749086 0.00246852 0.000842475 0.00498562 -0.000537041
internal_weight=24580.7 15106 9474.78 6436.89 4525.97 8669.08 4948.81 1963.82 1998.3 8655.96 1133.27 3513.34 2824.02 2562.15 4837.12 830.552 3818.84 689.321 1795.88 4438.6 180.53 2244.04 202.419 4258.07 318.11 1435.46 359.142 1076.32
internal_count=154214 96935 57279 42080 26865 54855 30414 11510 13291 54784 6669 21528 17288 15355 30802 4841 23982 4240 11962 28789 1162 13417 1329 27627 1938 8886 2217 6669
is_linear=0
shrinkage=0.025


Tree=8
num_leaves=31
num_cat=0
split_feature=65 65 64 65 46 16 62 40 62 52 62 38 13 64 51 46 73 58 11 25 62 4 48 20 58 16 66 40 26 69
split_gain=1549.81 320.919 212.814 79.3754 75.5851 65.235 38.8172 38.721 38.3424 32.6659 31.4774 34.7248 30.0425 32.6236 28.7532 27.4612 25.6657 25.1239 23.8165 22.2871 21.4794 20.2237 19.9629 18.6685 18.1412 18.0694 17.8834 13.9716 10.1274 4.99143
threshold=0.026000810480489429 -0.72953336835506122 0.83962289029535875 -0.35628012608404958 0.29226491699120738 1.6568979562673891 0.5914195923273402 0.017937732423117535 0.90185970260127835 0.13500000000000004 0.83188714049088996 9.097325826637622 0.014575759294426897 0.73368214577342294 1.425 0.31961458647185775 -0.88529606673220196 0.78443850456701847 0.011959886856211948 1.0000000180025095e-35 0.10636122351303139 0.070954985594040801 0.63061390306763709 -0.51703513192555695 0.29184111412805475 1.8813310903921243 0.63118325324107705 0.0075852884336519415 0.07909041002684343 1.0208445565207447
decision_type=8 10 8 10 10 10 10 10 10 2 8 10 10 10 2 10 10 10 8 8 10 8 8 2 10 10 10 10 2 10
left_child=1 4 6 15 19 10 16 14 18 17 22 -12 13 -8 -7 27 29 -6 -5 -1 -11 -10 -4 -21 -17 -9 -18 -3 -14 -2
right_child=2 3 5 8 9 7 12 25 21 20 11 -13 28 -15 -16 24 26 -19 -20 23 -22 -23 -24 -25 -26 -27 -28 -29 -30 -31
leaf_value=0.012158949944965827 -0.014353641841920129 -0.013446149100308981 0.0083256544596657846 -0.0029468938090527193 -0.001049788787859977 0.0078561988911171853 0.0043740661014599188 0.020891907082327264 -0.010159919503046309 -0.012019637117188228 0.01335539889379192 0.0029953379771269048 0.0013112864025986875 0.0097585513684306808 0.017518873380418149 -0.0013541439999802916 0.0010266889471649459 0.032889644179992031 0.00054851181484607528 0.0049775371442816897 -0.0079124478901387105 0.023203652621436224 -0.00027319082209719986 -0.018534611782225024 -0.0049898674911708482 0.053550307655882361 0.0096304013351809995 -0.0024307049634016845 0.013853311372591921 -0.0016733092428275272
leaf_weight=14.626093551516531 71.792505964636803 313.82290261983871 709.55200400948524 1833.5509101897478 149.47490711510181 238.46052807569504 1300.8252957761288 23.851638182997704 12.791473686695097 1269.3733679801226 1555.4179750531912 235.5440810918808 810.53451918065548 1556.7433526515961 1146.2843720912933 1125.8109844923019 1158.6307903379202 13.761508509516714 3618.5978307425976 20.715547129511833 2236.8647715002298 61.613053664565086 218.98723541200161 777.61878064274788 3701.3747156411409 24.77081598341465 173.06972636282444 96.335229098796844 41.374393790960312 28.815392181277275
leaf_count=96 442 2053 4255 11605 970 1395 7974 137 80 8427 9163 1393 4939 9426 6649 7225 7173 89 22757 139 14624 370 1314 5262 23774 141 1064 629 253 176
internal_value=9.16205e-05 -0.00481327 0.00813766 -0.00247122 -0.0104335 0.0123476 0.00473388 0.0166755 -0.000379625 -0.00889591 0.0100574 0.012 0.00608383 0.00731291 0.0158686 -0.00467628 0.0012303 0.00198497 -0.000626003 -0.0173413 -0.00940513 0.0172984 0.0062919 -0.0179086 -0.00414403 0.0385694 0.00215813 -0.0108918 0.00194783 -0.010858
internal_weight=24541 15246.3 9294.65 10763.9 4482.43 4152.87 5141.79 1433.37 5526.55 3669.47 2719.5 1790.96 3709.48 2857.57 1384.74 5237.34 1432.31 163.236 5452.15 812.96 3506.24 74.4045 928.539 798.334 4827.19 48.6225 1331.7 410.158 851.909 100.608
internal_count=153994 98100 55894 68493 29607 24447 31447 8322 34812 24110 16125 10556 22592 17400 8044 33681 8855 1059 34362 5497 23051 450 5569 5401 30999 278 8237 2682 5192 618
is_linear=0
shrinkage=0.025


Tree=9
num_leaves=29
num_cat=0
split_feature=65 65 64 46 16 49 46 49 42 55 64 64 79 9 62 62 12 63 52 49 47 77 51 9 46 52 69 11
split_gain=1484.7 325.611 173.532 95.8347 62.7005 62.6019 39.5008 39.0049 34.9321 42.3702 32.5399 28.3838 28.2465 26.4474 26.4295 26.0638 25.1174 24.2114 23.9128 19.8205 18.5245 17.1793 15.1116 14.5473 13.7444 14.6816 13.3116 12.9895
threshold=1.0000000180025095e-35 -0.59213514504148201 0.82006229090193472 0.45345804912948046 1.6908024802685011 -2.8635101367533866 1.3339615125134625 0.49977398193669592 -0.021925718590754841 1.1900000000000004 0.71399385637609669 0.4764891720413193 -0.095264088971509633 -0.036710370464978319 0.10636122351303139 0.81643519151379296 0.019455300372865299 -0.11393568334049536 0.18500000000000003 -0.3294209376803755 -0.14680021770732965 2.2217135456543042 1.8750000000000002 0.37715307589508179 0.33261952430411762 1.4450000000000001 -1.5319243949015666 0.0075612312145880442
decision_type=8 10 8 10 10 8 8 8 10 2 10 10 10 10 10 10 10 10 2 10 10 10 2 10 10 2 10 10
left_child=1 3 10 20 7 -3 11 13 12 -10 24 -7 -6 -4 23 -8 17 -12 -9 -18 21 -1 -16 -5 25 -2 -22 -26
right_child=2 5 4 14 8 6 15 18 9 -11 16 -13 -14 -15 22 -17 19 -19 -20 -21 26 -23 -24 -25 27 -27 -28 -29
leaf_value=-0.017306395808936417 0.0027054801872813988 0.045412939813022343 0.01384706817242904 -0.01080151691947513 0.04839001950549332 -0.0037216826877721197 0.0014561301611329585 -0.0033151761698425918 0.0116431717689879 0.021704628942031019 0.0025041738474919314 -0.00054543700074706155 0.019650113289838157 0.0085567038531768006 -0.0041421123379181473 0.016249489410192827 0.0068251251810416084 0.0097343489743103098 0.0068161750918526338 -0.00065973950174655154 -0.016665269446662686 0.0016172712819052578 -0.0075580781393396745 0.01066430813851583 -0.010799270221574973 -0.018771010501914265 -0.0093536114205867524 0.0029104477139915604
leaf_weight=888.52673237025738 38.592064723372459 16.370836600661278 999.68096530437469 1207.5833192169666 33.49835216999054 4506.7233315110207 1070.5177149772644 196.38168972730637 994.93439108133316 361.98914402723312 375.70188325643539 2893.703038290143 68.483518049120903 1504.3416168987751 1397.564295321703 79.028471395373344 421.76796942949295 1321.5659794956446 546.49643352627754 459.52319858968258 221.90026111900806 30.078177005052567 1987.5919717550278 18.801674067974091 42.666828781366348 38.211884245276451 586.65215781331062 2245.711933478713
leaf_count=6050 239 89 5880 8032 189 28812 6720 1173 5754 2074 2315 18235 387 8882 9054 484 2565 7984 3238 2814 1496 204 13026 123 268 237 3922 13835
internal_value=5.25095e-05 -0.00489335 0.0076925 -0.00918865 0.0111295 -0.00171331 -0.00181078 0.00918303 0.0154454 0.0143496 0.00441746 -0.00248102 0.0296161 0.0106774 -0.00730069 0.00249554 0.00636123 0.00814122 0.00412682 0.00291828 -0.0142166 -0.0166773 -0.00615198 -0.0104562 0.00229301 -0.00800785 -0.0113912 0.00264603
internal_weight=24554.6 14905 9649.55 6338.7 4705.81 8566.34 8549.97 3246.9 1458.91 1356.92 4943.74 7400.43 101.982 2504.02 4611.54 1149.55 2578.56 1697.27 742.878 881.291 1727.16 918.605 3385.16 1226.38 2365.18 76.8039 808.552 2288.38
internal_count=154081 96247 57834 41907 27577 54340 54251 19173 8404 7828 30257 47047 576 14762 30235 7204 15678 10299 4411 5379 11672 6254 22080 8155 14579 476 5418 14103
is_linear=0
shrinkage=0.025


Tree=10
num_leaves=28
num_cat=0
split_feature=64 65 64 46 64 49 44 65 64 46 63 20 55 55 60 26 49 25 51 29 43 68 51 53 51 50 64
split_gain=1346.71 339.646 140.761 103.051 54.86 54.1716 42.8414 39.9057 30.3929 30.0872 28.8193 27.9297 26.6436 25.4146 23.0772 22.9231 21.72 18.0743 18.0591 17.9319 15.5014 14.4262 13.1536 12.8549 11.4953 11.1289 7.47817
threshold=0.66251293995859217 -0.57278102742544201 0.82006229090193472 0.31961458647185775 0.96719734942567903 -3.1989901238421576 -0.57438047598445452 -0.24615204139823013 0.1025372814075743 0.7608236761159658 1.9630186824311118 0.14481561043042754 1.1900000000000004 1.5550000000000004 0.99787007213174261 0.029304749126427724 2.8395518992090483 1.0000000180025095e-35 2.1150000000000007 -0.033898276715701774 3.2478881905360621 0.84378169371196765 1.3500000000000003 10.725000000000003 2.3950000000000005 -2.5519990029485311 0.72187487788675708
decision_type=10 8 10 10 10 8 10 8 10 10 8 2 2 2 8 2 10 8 2 10 8 10 2 2 2 10 10
left_child=1 3 6 17 9 -3 19 12 24 23 -9 -11 -7 15 16 -8 -6 -1 -10 26 -16 -21 -19 -4 -5 -15 -2
right_child=2 5 4 8 14 7 13 10 18 11 -12 -13 -14 25 20 -17 -18 22 -20 21 -22 -23 -24 -25 -26 -27 -28
leaf_value=0.0089633668796409282 -0.0015991578694170506 0.045283667268983752 -0.0082572170368500619 -0.0088197023448865052 0.013705391308104815 -0.0016999251344687598 0.0032067724827685136 -1.7023008101643555e-05 -0.0043655841602038194 0.0088471689970332501 0.017559003714146156 0.013877394072111965 -0.0057698755114817101 0.022379947524264292 0.032516142452781165 0.0081167522092742955 0.028663873414806959 -0.0065453079322428708 -0.0078016621016066519 0.0017416211191594506 0.0041666671967919454 -0.010241052482832252 -0.01694136984612719 0.0050191347992536951 -0.013580367370977254 0.0094988963928735477 -0.022840082568220791
leaf_weight=17.168169513344765 15.541277125477789 14.372308507561682 49.747799813747406 1202.0351719707251 726.50896088778973 3021.9732554554939 2262.9495491087437 4835.0482756644487 1956.4964162558317 2271.1529368907213 57.809288531541824 1012.8915310502052 1512.6879039853811 48.299354538321495 80.781329944729805 811.60894593596458 67.632282808423042 87.235463425517082 1911.3440462350845 246.37527494132519 15.313893154263495 82.719319179654121 988.01682677865028 412.80664248764515 451.87283818423748 378.63930030167103 37.080413341522217
leaf_count=113 98 75 298 8034 4145 19287 13754 30263 12756 13258 336 5905 9742 288 455 4927 383 590 12608 1533 86 513 6803 2476 3036 2269 233
internal_value=-7.48022e-05 -0.00433811 0.00795801 -0.00868213 0.0108996 -0.00129355 0.00444134 -0.00137111 -0.00728869 0.00956337 0.00019336 0.0104054 -0.00306041 0.00530915 0.0164942 0.00450799 0.0150301 -0.0157028 -0.0060674 -0.00349121 0.0281825 -0.00127383 -0.0161131 0.00355742 -0.0101338 0.0110323 -0.0168817
internal_weight=24576.1 16056.1 8520.05 6614.17 4636.84 9441.89 3883.21 9427.52 5521.75 3746.6 4892.86 3284.04 4534.66 3501.5 890.236 3074.56 794.141 1092.42 3867.84 381.716 96.0952 329.095 1075.25 462.554 1653.91 426.939 52.6217
internal_count=154264 103643 50621 43940 27006 59703 23615 59628 36434 21937 30599 19163 29029 21238 5069 18681 4528 7506 25364 2377 541 2046 7393 2774 11070 2557 331
is_linear=0
shrinkage=0.025


Tree=11
num_leaves=31
num_cat=0
split_feature=65 65 65 49 65 15 65 49 46 9 46 11 52 3 30 38 52 35 60 54 13 44 44 47 55 9 60 55 49 14
split_gain=1317.96 268.337 178.378 65.6687 62.0721 57.8008 43.0979 42.4873 36.612 33.1018 32.1255 27.8092 25.9826 25.0653 24.7509 27.9899 23.3716 30.8941 21.2651 20.5285 20.0117 18.9718 22.8916 18.9658 14.3232 13.9232 13.7364 10.4214 8.5897 5.24074
threshold=0.0081716505262049762 -0.72953336835506122 1.3890885417684062 -2.4309133104755625 0.30738986621172953 0.37654686635588813 -0.43440662346424502 -0.46330353115140499 1.423443228194077 -0.4624499902296329 0.42414981184648581 0.0095280823394904464 0.13500000000000004 0.076369048445472335 0.10302339756312841 1.121665214490873 0.13500000000000004 0.10385789361112925 0.096537881925778404 120.75105000000001 0.0083326249751799909 0.85267132231942011 -0.46389184683860013 -0.1075696755745852 0.28500000000000009 0.20654543798355332 0.68300265413566563 1.5550000000000004 -0.27433775659709148 0.010482595624707132
decision_type=8 10 8 8 10 10 10 10 10 10 10 8 2 10 8 8 2 10 8 2 8 8 10 10 2 10 8 2 10 10
left_child=1 5 4 26 21 23 10 18 14 19 -5 -8 -9 -11 20 -16 17 -7 -6 -10 -4 22 -2 28 -23 -18 -3 -25 -1 -28
right_child=2 3 8 6 7 16 11 12 9 13 -12 -13 -14 -15 15 -17 25 -19 -20 -21 -22 24 -24 27 -26 -27 29 -29 -30 -31
leaf_value=-0.010227930105566342 -0.0014999381580681577 0.0070357437273504547 -0.0019170715907362119 -0.010458595727307705 0.014665819076957435 -0.0019840780274070001 -0.0051670151481153365 -0.0055066371170956882 0.033091304920745968 0.012122825088598271 -0.0037350539772586541 -0.00058625782627065505 0.0053129252875698616 0.020098569496803251 0.02322597105887271 0.0089645473856957703 -0.0092856196146375632 0.037166451419693478 0.0083462987340372462 0.0072254298272649677 0.0090227389897970696 -0.010096924139914858 0.0046403841248870035 -0.0094232659122790718 0.00022165483034674259 -0.0045819039802420204 0.021854915833660681 -0.020595837971253833 -0.019057052401929578 0.047773859857122764
leaf_weight=89.404716074466705 476.43746364116669 15.926930755376814 131.53648112714291 508.30905193090439 403.35599786043167 122.63675837218761 977.78247392177582 147.49237897992134 105.52519172430038 747.13484111428261 3591.4700910151005 5423.8502190560102 1987.8569574952126 383.13534255325794 150.25451216101646 211.29843872785568 2696.8404687196016 12.80379708111286 2089.2530626505613 25.291999682784081 481.68545128405094 107.22171747684479 1822.112904727459 405.72501464188099 368.40351708233356 472.74630333483219 14.236335620284082 61.923448756337166 518.27643550932407 15.450960308313368
leaf_count=620 2958 100 781 3380 2373 802 6246 898 583 4236 23306 34266 11880 2143 861 1214 18058 82 12361 141 2787 655 11138 2753 2247 3135 85 424 3612 82
internal_value=5.13724e-05 -0.00460117 0.00725771 -0.00243957 0.00538524 -0.00980207 -0.00257164 0.00715834 0.0134472 0.0162737 -0.00457331 -0.00128793 0.00455942 0.0148515 0.00976727 0.0149692 -0.00815349 0.00195601 0.0093785 0.0282584 0.00666478 0.00242279 0.00336425 -0.0148473 -0.00210832 -0.00858842 0.0270931 -0.0109676 -0.0177931 0.0369194
internal_weight=24565.4 14927.4 9638 10547 7402.13 4380.36 10501.4 4627.96 2235.86 1261.09 4099.78 6401.63 2135.35 1130.27 974.775 361.553 3305.03 135.441 2492.61 130.817 613.222 2774.18 2298.55 1075.33 475.625 3169.59 45.6142 467.648 607.681 29.6873
internal_count=154207 96951 57256 67465 44510 29486 67198 27512 12746 7103 26686 40512 12778 6379 5643 2075 22077 884 14734 724 3568 16998 14096 7409 2902 21193 267 3177 4232 167
is_linear=0
shrinkage=0.025


Tree=12
num_leaves=29
num_cat=0
split_feature=65 65 65 46 65 49 46 62 64 21 61 38 66 49 44 62 44 61 42 44 46 75 54 61 64 44 48 48
split_gain=1229.26 290.14 176.037 87.3926 56.0358 46.134 34.9723 34.5047 33.4318 30.1706 28.0599 26.3837 24.4042 22.0638 21.2131 20.4527 20.0478 17.7098 17.1533 16.8515 16.8344 16.6526 16.3527 12.2169 10.7101 9.85217 8.53435 8.30314
threshold=0.017116023632402406 -0.57278102742544201 1.3890885417684062 0.29226491699120738 0.29417005809270536 -3.1989901238421576 1.3339615125134625 0.50050505050505067 0.1025372814075743 61.280536654547767 0.0076266756001528322 9.702859581533307 0.64687585467395425 0.25705506814343332 0.17734678980575011 0.81236893588024539 -0.50380518038716204 4.0367604350873245 0.0017816578035005667 0.94262978362285332 1.2086456801132563 0.10157049492135102 117.26100000000001 -0.71859263317689381 0.23432652888719838 0.47710290913889902 -0.3195881103646816 -1.4544196005209884
decision_type=8 10 8 10 10 8 8 10 10 8 10 10 10 10 10 10 10 8 10 10 10 8 2 10 10 8 8 10
left_child=1 3 4 21 16 -3 13 23 18 12 20 -9 26 -7 -12 -8 27 -14 -5 -18 -11 25 -10 -6 -23 -1 -4 -2
right_child=2 5 9 8 7 6 15 11 22 10 14 -13 17 -15 -16 -17 19 -19 -20 -21 -22 24 -24 -25 -26 -27 -28 -29
leaf_value=-0.01174667754375143 -0.020096547109486784 0.04178679664739867 0.008326055912403903 -0.0070965601246648679 -0.006088018520911103 -0.0012051808944045829 0.0016224681169794289 0.0079804226366962851 -0.0064302823008758093 0.014041761817999952 0.016017738014521832 -0.001317896110790873 0.011396669147474354 -0.0042515920053450475 0.0025751863972294903 0.014298308263333045 0.0041208894625378379 0.023785393258850152 -0.01227614338601188 -0.0015696265971109177 0.025974712866906138 -0.017464804672065352 -0.0011199342020483641 0.0028585768181486949 -0.0079671021431340135 0.0033235836467897422 -0.0040143377914577073 -0.0023139933479204514
leaf_weight=70.075340390205383 16.22123359143734 14.254190713167189 59.070714190602303 705.83880449831486 124.27287019789219 5186.112645611167 1094.6472007334232 4024.3611182868481 3463.8847119212151 116.69865310192108 276.55908328294754 198.43876050412655 1281.0969052612782 2088.8730187863111 102.33194407820702 84.917801022529602 1825.4649682193995 77.840846881270409 973.74177272617817 392.90677425265312 251.51726041734219 767.18844252824783 409.29776930809021 394.61184106767178 88.797303661704063 42.022960588335991 81.83827543258667 350.64825858175755
leaf_count=489 101 71 346 4760 756 33065 6869 23766 22922 671 1558 1176 7247 13313 577 514 11129 436 6630 2400 1397 5400 2689 2395 608 291 481 2184
internal_value=6.17667e-05 -0.00440738 0.00705948 -0.00837086 0.00517899 -0.00135392 -0.00143346 0.00679389 -0.00715701 0.0131821 0.0173164 0.00754145 0.0111055 -0.00208149 0.0124265 0.00255497 0.00221235 0.0121322 -0.0101105 0.00310933 0.022271 -0.0153081 -0.00587157 0.000692344 -0.0165008 -0.00605564 0.00113275 -0.00318359
internal_weight=24563.5 14989.7 9573.88 6520.85 7326.93 8468.8 8454.55 4741.68 5552.76 2246.95 747.107 4222.8 1499.85 7274.99 378.891 1179.57 2585.24 1358.94 1679.58 2218.37 368.216 968.084 3873.18 518.885 855.986 112.098 140.909 366.869
internal_count=154241 97621 56620 43789 43907 53832 53761 28093 37001 12713 4203 24942 8510 46378 2135 7383 15814 7683 11390 13529 2068 6788 25611 3151 6008 780 827 2285
is_linear=0
shrinkage=0.025


Tree=13
num_leaves=30
num_cat=0
split_feature=65 65 64 46 49 16 49 26 63 64 42 48 45 49 55 54 62 27 46 55 28 52 25 38 48 64 57 72 38
split_gain=1123.5 249.381 144.786 90.9125 57.228 55.9022 29.6787 29.6024 28.7491 28.6113 28.2352 31.9983 30.5589 24.008 52.9007 22.8824 22.6337 21.9275 21.8538 20.2162 16.422 15.9975 15.9754 15.5702 15.7171 13.0893 10.4127 8.77368 3.67786
threshold=1.0000000180025095e-35 -0.57278102742544201 0.83962289029535875 0.31961458647185775 -2.4309133104755625 1.6568979562673891 0.96239375412211692 0.017238652583848862 -0.46671942904243996 0.1025372814075743 -0.021925718590754841 1.4767022694995842 -0.0017554127278136761 0.091406111364488354 1.1900000000000004 117.12330000000001 0.72228021340756221 0.058954431447894882 0.6073468171740587 0.015000000000000015 0.59589135944399463 0.13500000000000004 1.0000000180025095e-35 12.312988309312425 1.387351554000164 0.24232893663190555 -1.2661419488906784 0.23642209495457395 13.549596375515668
decision_type=8 10 8 10 8 8 10 2 10 10 10 8 8 10 2 2 10 8 10 2 10 2 8 10 10 10 10 10 10
left_child=1 3 7 22 20 6 8 23 -4 21 12 -12 -7 16 -15 18 -6 -17 -9 -11 27 -5 -1 24 -2 -24 -8 -3 -25
right_child=2 4 5 9 13 10 26 15 -10 19 11 -13 -14 14 -16 17 -18 -19 -20 -21 -22 -23 25 28 -26 -27 -28 -29 -30
leaf_value=0.0093448847903580285 0.0022358125936970757 0.01985141395953045 -0.0043915139857737626 0.0018679765337959267 -0.0013837883954713253 0.046432816607508809 0.010396379101546151 -0.0014446389176319581 0.0094368253042142261 0.017195135237670515 0.014635467033819899 0.0055715959232572913 0.017442768811147126 -0.0016333681348113126 -0.0097889165425462613 -0.0011305524951651105 0.0035220997898849889 0.027883763172498955 0.0065430973092991986 -0.0057498263597906829 0.0040682656716335905 -0.010139554640765047 -0.016084086706431373 -0.020943387326543078 -0.007455198434863617 -0.0066328082700330892 -4.5149971683415015e-05 0.050271168387226089 -0.0059576548599559898
leaf_weight=15.783712491393088 1834.1422649174929 15.350230425596239 96.698035925626755 71.172888353466988 4922.1788678914309 31.221323564648628 70.06669919192791 229.59085364639759 2218.0016113370657 22.863970592617989 1128.4120296388865 316.69742207229137 92.240766972303391 1976.524175927043 664.70099912583828 440.83205749094486 665.63936208188534 15.70110312104225 2820.0928600132465 3775.5334850698709 15.582715496420859 1534.054942458868 951.65709234774113 19.483216568827629 109.4552059173584 107.0421671718359 358.88900393247604 14.844581827521322 26.902370572090149
leaf_count=105 11135 84 582 473 31362 168 406 1398 12763 150 6330 1775 505 12591 4280 2682 4169 95 16966 25045 93 10475 6754 118 664 736 2096 85 163
internal_value=-8.76838e-05 -0.00444761 0.00646909 -0.008121 -0.00157016 0.00989893 0.00773427 0.00377515 0.00885392 -0.00679502 0.0136717 0.0126606 0.0252104 -0.00172784 -0.00369218 0.00515782 -0.00079741 -4.58217e-05 0.00593896 -0.00560435 0.0259358 -0.0096015 -0.0147674 0.00133359 0.00168194 -0.0151442 0.0016672 0.0363954 -0.0127791
internal_weight=24561.4 14752.9 9808.43 6478.11 8274.82 4312.23 2743.66 5496.2 2314.7 5403.63 1568.57 1445.11 123.462 8229.04 2641.23 3506.22 5587.82 456.533 3049.68 3798.4 45.7775 1605.23 1074.48 1989.98 1943.6 1058.7 428.956 30.1948 46.3856
internal_count=154248 96402 57846 43738 52664 24625 15847 33221 13345 36143 8778 8105 673 52402 16871 21141 35531 2777 18364 25195 262 10948 7595 12080 11799 7490 2502 169 281
is_linear=0
shrinkage=0.025


Tree=14
num_leaves=31
num_cat=0
split_feature=64 64 64 68 62 64 19 50 35 9 68 62 26 13 62 64 27 72 9 50 47 79 16 39 12 73 25 54 62 76
split_gain=1160.75 288.46 102.101 81.8317 51.8497 46.5382 35.9715 32.6105 29.4984 35.2679 29.1231 29.0238 27.8102 26.4881 25.5592 23.3886 22.9011 22.5854 18.8544 18.5041 18.1551 17.3257 16.7312 13.8368 13.2763 12.9452 12.1517 11.6474 10.9559 8.89246
threshold=0.66251293995859217 0.32183830151887449 0.83163258930988671 0.14436256873561995 0.90185970260127835 0.96719734942567903 0.18863111018606762 -1.9082492332262437 -0.20155603166573369 -0.3910626287351241 0.90589410546671123 0.4884936734899315 0.02001819331757046 0.014575759294426897 0.51609449471575608 0.086279044634172714 0.015546188447251268 0.86673713883016223 -0.20254393785019928 -0.92035766828328436 1.2740836282094599 -1.1408221377025034 0.61499292658400428 0.051227593454310501 0.060421667068357159 -0.90271550856950045 0.58606208777797442 95.064000000000007 0.17440596928426547 0.78324644320984416
decision_type=10 8 10 10 10 10 10 8 10 10 10 10 2 10 10 10 10 10 10 10 10 10 10 10 10 10 10 2 10 10
left_child=1 3 13 6 10 11 17 -6 23 -10 12 28 -3 14 25 29 -13 -1 24 -16 -12 -17 -8 -7 -15 -2 -20 -9 -4 -5
right_child=2 4 5 15 7 8 22 27 9 -11 20 16 -14 18 19 21 -18 -19 26 -21 -22 -23 -24 -25 -26 -27 -28 -29 -30 -31
leaf_value=-0.010666912151958086 -0.013087670705036121 -0.002394325395857275 -0.012326835522825937 -0.010807586589619032 0.040233822576189383 0.0046072988921498602 -0.0018801528287116865 0.01980582269749892 0.035032555443305934 0.015743439493537813 0.0070212415444162683 0.008770084315101798 0.00055190611870187397 0.010483138852081105 0.0093625157634160908 0.0028742200732655519 0.016637176282835238 -0.01641643148739436 -0.010651253483039656 0.0050885710565928676 0.037120480229833552 -0.0054906430562224814 0.027830889418345769 0.025368416932899082 -0.013287619369686549 0.0021755135641469605 -0.00023877319286886905 0.0012719794601589779 0.0025041824370285945 -0.0044671131455119679
leaf_weight=1187.0296611189842 35.259980961680412 5392.0325787812471 36.171155482530594 740.76631024479866 25.128129035234451 191.01018823683262 106.14111833274364 33.315066635608673 66.241349056363106 632.49622696638107 124.77617394924164 3086.477281242609 3178.5842759907246 140.61143128573895 1020.6551535874605 159.13894023001194 253.43878489732742 694.43729674816132 80.573866114020348 1722.5780968368053 13.084277495741842 3964.5604281276464 12.089333459734915 21.663497745990753 15.086512312293051 696.27021752297878 500.75948126614094 57.867692083120346 185.19145777821541 178.34702886641026
leaf_count=8310 216 34281 219 5067 131 1059 722 199 355 3505 775 17645 20064 845 6066 1056 1443 4897 484 10319 80 26274 79 119 93 4272 3004 345 1097 1211
internal_value=0.000115795 -0.00390533 0.00746312 -0.0076783 -0.000892869 0.010095 -0.0119617 0.0155987 0.0151513 0.0176397 -0.00111611 0.00879423 -0.00130086 0.00466432 0.00557727 -0.00597583 0.00937506 -0.0128021 0.000347955 0.00668488 0.0102276 -0.00516527 0.00134418 0.00688762 0.00804803 0.00140936 -0.00171381 0.0082941 0 -0.00959284
internal_weight=24551.8 15867.3 8684.48 7042.51 8824.79 4472.69 1999.7 116.311 911.411 698.738 8708.48 3561.28 8570.62 4211.79 3474.76 5042.81 3339.92 1881.47 737.031 2743.23 137.86 4123.7 118.23 212.674 155.698 731.53 581.333 91.1828 221.363 919.113
internal_count=154232 103491 50741 47616 55875 25442 14008 675 5038 3860 55200 20404 54345 25299 20873 33608 19088 13207 4426 16385 855 27330 801 1178 938 4488 3488 544 1316 6278
is_linear=0
shrinkage=0.025


Tree=15
num_leaves=30
num_cat=0
split_feature=65 64 66 65 65 46 49 52 44 52 22 46 33 19 46 49 72 49 4 48 47 5 47 28 19 58 16 61 33
split_gain=1102.67 242.626 120.571 64.1929 63.1483 51.6819 40.4526 36.2108 30.4182 29.3711 28.6559 28.2809 26.5126 25.0723 24.0686 22.9051 21.2403 21.1506 21.0079 19.7201 19.4722 18.5095 17.857 17.4688 16.8568 14.207 13.4933 9.66908 9.26472
threshold=0.035114942903349537 0.1740466308490142 0.66258915656641237 1.4788916931456588 -0.46622796727255211 0.2459396976785532 -3.1989901238421576 0.18500000000000003 0.70266470920073421 0.13500000000000004 1.9330776415161919 0.48140926061147876 0.028004738957834122 -0.010221751281458523 0.70822875154469356 -3.0083809283544585 0.68685814301680692 0.28847580821894081 -0.21987144031764408 0.22814010980460123 -0.30914733654621784 0.04883391764206791 3.1029527699930894 inf -0.036061960087751969 0.1206720259502151 0.37110111143601215 -0.3091225920638625 0.023482933159981737
decision_type=8 8 8 8 10 10 8 2 8 2 10 10 10 8 10 10 10 10 10 10 10 10 10 8 8 10 8 8 10
left_child=1 5 12 7 11 23 -6 18 -9 16 22 19 14 21 28 -16 -7 -8 -4 -3 -11 -14 -5 27 -12 -13 -15 -1 -2
right_child=2 4 3 10 6 9 17 8 -10 20 24 25 13 26 15 -17 -18 -19 -20 -21 -22 -23 -24 -25 -26 -27 -28 -29 -30
leaf_value=-0.012443825345204072 -0.0029065831040203521 -0.011412868583691633 -0.017664428364461176 0.011310016526204893 0.039581924126061499 -0.0049290506327141007 -0.0002156031124487855 0.0096607408430462623 0.0048126298550449581 -0.013033089003903056 0.042612693755380793 0.00299142456733759 0.025225141835028775 -0.010913118313016976 -0.014430914084975936 0.0031398415976197865 0.015060141863929231 -0.0034021095936377756 0.0026421930434413453 -0.00053046651937847095 -0.0079293516432478069 0.0070235696304955693 0.022489158118276439 0.0072913713779087222 0.019147333222629494 -0.0042166640720986198 0.0056432021726297351 -0.019774382181279426 -0.01953162056129143
leaf_weight=184.36827893555164 386.7553246319294 562.24109789729118 32.448335990309715 1552.8331417143345 14.187882661819456 83.961956083774567 5396.9853144735098 2547.3360692709684 1202.1189369112253 593.75119586288929 26.319150924682617 178.10538797080517 72.540587201714516 31.023938715457916 46.089775085449219 2133.5213504135609 53.055571764707565 1717.1838401854038 575.24400337040424 129.59315851330757 2381.160976216197 71.529168948531151 96.724890872836113 17.453149080276489 90.032753169536591 3323.8395136892796 607.60308293998241 372.93650554120541 21.249788448214531
leaf_count=1342 2349 3840 196 8593 68 556 34219 14875 7088 4123 143 1169 432 186 264 12769 354 10943 3414 879 16285 423 520 119 491 21877 3593 2718 129
internal_value=7.08574e-05 -0.00414665 0.00673912 0.0088298 -0.00233147 -0.00971662 -0.0008978 0.00719265 0.00811042 -0.00843357 0.0128574 -0.00476559 0.00293682 0.00696823 0.00171184 0.00275712 0.0028204 -0.000986245 0.00151291 -0.00938967 -0.00895535 0.0163725 0.0119859 -0.0166184 0.0248999 -0.00384703 0.00480823 -0.0173947 -0.00384552
internal_weight=24502.2 15008.8 9493.37 6123.06 11322.1 3686.69 7128.36 4357.15 3749.46 3111.93 1765.91 4193.78 3370.31 782.697 2587.62 2179.61 137.018 7114.17 607.692 691.834 2974.91 144.07 1649.56 574.758 116.352 3501.94 638.627 557.305 408.005
internal_count=153957 98492 55465 35320 72995 25497 45230 25573 21963 21318 9747 27765 20145 4634 15511 13033 910 45162 3610 4719 20408 855 9113 4179 634 23046 3779 4060 2478
is_linear=0
shrinkage=0.025


Tree=16
num_leaves=31
num_cat=0
split_feature=65 65 46 66 65 65 46 30 55 46 52 49 11 49 51 25 72 55 51 46 62 55 4 33 40 61 46 49 5 24
split_gain=1002.25 291.766 80.8289 68.043 57.538 50.3525 38.9744 36.0774 41.1716 29.0383 26.1772 26.1426 25.6834 24.3615 23.3199 23.1814 22.9045 21.7834 20.2841 19.6499 18.5935 18.2852 23.9378 16.4892 16.4189 16.4113 16.2724 15.3511 10.2383 8.81098
threshold=0.29417005809270536 -0.59213514504148201 0.40249867002007228 0.64307571216916981 -0.21819186992258924 1.3890885417684062 1.7524755750398924 0.10545961878069733 1.2100000000000004 0.70822875154469356 0.13500000000000004 -3.0083809283544585 0.011079977916266096 0.67526194632207526 1.7950000000000002 1.0000000180025095e-35 0.72228021340756221 0.015000000000000015 1.3500000000000003 2.3090244480678956 0.84378169371196765 1.1900000000000004 -0.14553378613872561 0.055164374981293014 0.017937732423117535 -1.4517355910759002 1.6626509619832068 0.43587536531018045 -0.014490009558441761 -0.2790683060353753
decision_type=8 10 10 8 10 8 10 10 2 10 2 10 8 10 2 8 10 2 2 10 10 2 10 10 10 8 10 10 10 8
left_child=1 2 15 9 21 13 12 24 -9 27 16 20 -6 25 -8 -1 -4 -12 -17 -13 -11 23 -23 -3 -7 -5 -15 28 -2 -29
right_child=3 4 10 5 6 7 14 8 -10 11 17 19 -14 26 -16 18 -18 -19 -20 -21 -22 22 -24 -25 -26 -27 -28 29 -30 -31
leaf_value=0.016471467868344979 -0.010543851608289127 -0.0020562197024829002 -0.002669426888520145 0.014225708818194176 -0.0027293806873043033 0.0093035318569918962 -0.0099102678872063383 0.012876330150110983 0.025623081525353766 -0.019957585749979665 0.015061675181009619 0.0055103125988794337 0.0013310882327526032 0.0011181472514291912 0.021268959892982706 -0.0041566693011889774 0.015385405685775996 -0.0066242186717571927 -0.014342839084401739 0.03099787694328859 0.010220062740424045 0.018111379344019157 -0.0053127264972232489 0.0082620082288164202 0.026563913409528433 0.0077944621473004204 0.011784938819535231 -0.019082827586477176 0.0033146887173816503 -0.0037506131891080273
leaf_weight=15.336617216467856 39.955875486135483 3335.3673329353333 152.64683184027672 283.29637478291988 1217.6015022993088 1188.0062469691038 17.023078769445419 527.07794211804867 232.4689889550209 41.36218273639679 27.83732208609581 1556.1145089715719 4827.1377097517252 517.91271132230759 85.550015673041344 139.39277639985085 60.07993645966053 4484.6719601005316 1227.2548025399446 18.139848589897156 16.979427739977837 26.433649435639381 1674.6338205784559 98.265335723757744 35.209732845425606 2298.2562153190374 107.48623907566071 46.302263587713242 172.42773821949959 50.600243330001831
leaf_count=102 240 21459 1005 1623 7671 6585 103 2866 1256 239 184 9139 29802 3063 506 973 394 30393 8863 101 94 171 10902 630 188 13288 620 280 1035 305
internal_value=-3.43521e-06 -0.00324053 -0.00764149 0.00788787 -0.000856967 0.00938266 0.000773741 0.012522 0.0168218 0.00388582 -0.00608036 0.00521769 0.000511562 0.00743543 0.0159674 -0.012964 0.0024524 -0.00648481 -0.0133139 0.00583215 -0.0110199 -0.00281045 -0.00493181 -0.00175596 0.00983204 0.0085094 0.00298246 -0.00311344 0.000627766 -0.011297
internal_weight=24520.8 17389.2 6107.22 7131.6 11282 5189.71 6147.31 1982.76 759.547 1941.88 4725.24 1632.6 6044.74 3206.95 102.573 1381.98 212.727 4512.51 1366.65 1574.25 58.3416 5134.7 1701.07 3433.63 1223.22 2581.55 625.399 309.286 212.384 96.9025
internal_count=154080 113158 41914 40922 71244 29489 38082 10895 4122 11433 31976 9573 37473 18594 609 9938 1399 30577 9836 9240 333 33162 11073 22089 6773 14911 3683 1860 1275 585
is_linear=0
shrinkage=0.025


Tree=17
num_leaves=31
num_cat=0
split_feature=65 65 68 65 64 61 49 49 49 67 14 47 12 60 47 51 8 13 20 46 49 48 52 54 3 67 46 60 59 18
split_gain=982.801 242.243 127.23 60.4438 45.0127 35.37 33.061 31.2057 32.0817 28.2464 26.7877 26.5379 38.2286 24.7189 38.4484 23.7981 22.4462 26.2945 22.214 21.6532 17.9367 16.5604 16.1757 15.9032 15.6461 14.9629 12.5748 14.2659 10.5102 10.1521
threshold=-0.23908794314485368 0.34676514493573546 0.14436256873561995 1.3890885417684062 0.21406226592997948 1.5860117299816832 0.54248641761170613 3.6517743303150989 0.60571466230164484 -0.058263463631514995 0.0067018876264796018 -0.14680021770732965 0.013850154694870062 0.049060133164152954 1.5985890596540504 1.7850000000000004 -0.075990626145200399 0.0060519726865564073 -0.16640216890950671 1.5356616583806628 0.6217387242189073 1.208878026670132 0.77500000000000013 117.90000000000002 -0.011014067024403827 -0.94085080250203135 1.3339615125134625 0.35566979623771139 0.4554832209081851 0.048017817642298517
decision_type=8 8 10 8 10 8 10 10 8 10 10 10 10 10 10 2 10 8 2 10 10 10 2 2 10 10 10 8 10 10
left_child=2 10 5 6 15 11 9 8 -5 -3 16 12 -1 14 -12 22 17 -2 -9 -8 -15 -18 -4 -17 -13 -7 27 -6 -28 -27
right_child=1 3 4 7 26 25 19 18 -10 -11 13 24 -14 20 -16 23 21 -19 -20 -21 -22 -23 -24 -25 -26 29 28 -29 -30 -31
leaf_value=-0.015885748460912164 -0.013877206516422325 0.0035155418661113112 -0.0051460739828652815 0.011975617521746517 -0.0011333559061262588 -0.0077161902267323008 -0.00017853739933024117 0.045003046666066665 0.0043394979323411629 0.0085660510290530463 0.005412145932702726 -0.0035308672886034571 -0.0029237941979457262 0.0023420656072229156 0.032626734559775043 -0.008749710829881234 0.0013233819573461494 -0.0022853877760061424 0.015657503286958932 0.0088414345247237059 -0.0016363099755332439 -0.010475838517462019 0.0028603444998296871 0.0052419445747782156 -0.010327836413745097 0.029608271664823535 -3.343295600748711e-05 -0.0039676457453146664 0.01301670577841769 0.0049322184399712542
leaf_weight=991.08478394150734 155.94896678626537 962.53199230134487 836.48147068917751 1814.7756399661303 1574.1848412156105 28.193708702921867 723.56088715791702 26.883521363139153 430.59404295682907 2540.1663283854723 494.1298438757658 291.7428275346756 168.42253194749355 3346.1520590484142 33.784174889326096 1874.2533639371395 1276.3794857412577 565.84029139578342 45.927387878298759 214.18804657459259 895.17310671508312 77.664129540324211 192.17639070749283 50.761152744293213 826.27206286787987 17.141807407140732 157.46314276754856 3840.8273680359125 49.400037035346031 27.667760774493217
leaf_count=7148 997 5675 5640 9951 10246 192 4295 142 2393 14588 3038 2005 1150 20582 180 12865 7978 3527 246 1240 5541 482 1299 346 5772 115 1005 25050 315 183
internal_value=-6.10759e-05 0.00442311 -0.00564475 0.00778021 -0.00422985 -0.0107988 0.00606531 0.011057 0.0105177 0.007182 0.00110652 -0.0113493 -0.0140144 0.00213873 0.00723798 -0.00673039 -0.00126124 -0.00481915 0.0271479 0.00188236 0.0015004 0.000632401 -0.00364142 -0.00837383 -0.00856658 0.00618091 -0.00291361 -0.00314551 0.00310406 0.015061
internal_weight=24529.8 13603.7 10926.1 6758.63 8575.55 2350.53 4440.45 2318.18 2245.37 3502.7 6845.07 2277.52 1159.51 4769.24 527.914 2953.67 2075.83 721.789 72.8109 937.749 4241.33 1354.04 1028.66 1925.01 1118.01 73.0033 5621.88 5415.01 206.863 44.8096
internal_count=154186 80855 73331 38530 56766 16565 25798 12732 12344 20263 42325 16075 8298 29341 3218 20150 12984 4524 388 5535 26123 8460 6939 13211 7777 490 36616 35296 1320 298
is_linear=0
shrinkage=0.025


Tree=18
num_leaves=28
num_cat=0
split_feature=64 64 64 46 49 16 49 64 51 9 63 9 46 10 52 69 61 16 69 46 77 40 19 75 64 58 49
split_gain=911.748 189.766 146.089 69.3499 53.0062 50.7829 47.9342 34.5022 34.1135 52.3483 29.3376 26.4212 24.317 23.3626 22.9353 22.5846 21.8502 22.6759 19.2054 18.8089 17.6073 16.3572 15.5308 11.1822 10.8117 10.4337 5.33983
threshold=0.58341924398625444 0.19418468227540162 0.74528293594110551 0.29226491699120738 -3.1989901238421576 1.6568979562673891 0.045599066621295543 0.37355974787323137 1.8050000000000004 -0.30180265298752351 1.8757520774758178 0.21397064790895939 2.4576421313538788 0.0088060474976417776 0.13500000000000004 -0.99276335729766318 -1.5925282448527731 1.9911894467753306 -0.55877613944072058 0.2459396976785532 2.2217135456543042 0.013103853991238265 -0.22942323645092214 -0.19492849897896039 0.71017450458444265 0.34755447501170111 0.1757604110776407
decision_type=10 8 10 10 8 10 10 8 2 10 8 10 10 10 2 10 8 10 10 10 8 10 8 8 10 10 10
left_child=1 3 16 20 -3 6 13 19 9 -7 -9 15 -10 -4 -8 -5 22 18 -18 -6 23 -13 -2 -1 -24 -19 -22
right_child=2 4 5 11 7 8 14 10 12 -11 -12 21 -14 -15 -16 -17 17 25 -20 -21 26 -23 24 -25 -26 -27 -28
leaf_value=-0.0045615486063816865 -0.0095921303774414192 0.042769724691042066 0.0034603605640486606 -0.011927918590210893 -0.010951789508209945 0.021597633994023157 -0.0083545701346679699 -0.0014143668613592003 0.012505567802238375 0.0044086214817684651 0.015880955669855822 -0.0034731726920198772 0.023840567448202368 0.0089538690614736367 0.0034448723087623237 -0.0068655496779990929 -0.0034954934708691567 0.032860115836346307 0.0017750328217603099 -0.0038102570920962378 0.01148535008794168 0.011046446618823015 0.010018214987650754 -0.017553213167850797 0.029466505770869997 0.007884930625723683 -0.0082821508795467794
leaf_weight=47.015072628855705 14.450754940509794 14.994912177324293 597.71153269708157 756.11509056389332 246.21126772463322 131.37149399518967 109.63904228806496 5648.7875471711159 976.62497535347939 692.74237686395645 60.713770374655724 415.91086506843567 137.83585162460804 2702.9510805308819 1404.3724967390299 2129.5531506687403 494.95781514048576 18.206530675292015 3314.4083306640387 3767.6147367060184 16.927256673574451 53.533165991306305 51.288876459002495 644.45225338637829 29.875104963779449 27.271812632679939 14.705585002899168
leaf_count=347 87 70 3473 5395 1727 705 655 35999 5381 3859 339 2840 734 15366 8173 14630 3053 108 20217 24956 121 359 313 4815 177 162 108
internal_value=-5.54269e-05 -0.00429867 0.00542099 -0.0088261 -0.00240104 0.00765482 0.00627271 -0.00247674 0.0110776 0.00718522 -0.00122584 -0.00730372 0.0139383 0.00796295 0.00257951 -0.00819902 0.00159922 0.00130203 0.00108737 -0.00425333 -0.0158556 -0.00177755 0.0133388 -0.0166901 0.0175929 0.0186317 0.0021005
internal_weight=24520.2 13816.5 10703.7 4078.21 9738.32 6753.25 4814.67 9723.33 1938.57 824.114 5709.5 3355.11 1114.46 3300.66 1514.01 2885.67 3950.46 3854.84 3809.37 4013.83 723.1 469.444 95.6147 691.467 81.164 45.4783 31.6328
internal_count=154169 91706 62463 28615 63091 38346 27667 63021 10679 4564 36338 23224 6115 18839 8828 20025 24117 23540 23270 26683 5391 3199 577 5162 490 270 229
is_linear=0
shrinkage=0.025


Tree=19
num_leaves=31
num_cat=0
split_feature=65 66 65 65 69 16 14 26 26 56 51 16 51 40 76 61 51 69 49 25 48 51 19 40 76 12 8 12 79 42
split_gain=919.56 169.869 167.292 75.65 56.8486 40.2807 35.6879 31.3181 29.8578 27.5065 25.793 23.266 20.609 35.7529 20.5255 19.378 19.2769 18.5509 18.1949 17.674 16.8153 16.5025 16.3241 16.0021 15.8427 12.8935 12.4157 9.89988 12.0148 6.67909
threshold=-0.074771368976735308 0.64307571216916981 -0.72236227686874133 1.3890885417684062 -1.2923363116210651 0.69641717675141435 0.0082046167352125814 0.010130039313129625 0.027600850202660118 0.61481522956326995 1.8350000000000002 1.4842824340873029 2.2050000000000005 0.0044089297127562063 0.93955408567314624 -1.2568262256740932 2.8650000000000007 1.8401274586815111 -2.8635101367533866 1.0000000180025095e-35 -1.7815564614267674 1.3800000000000001 0.28679485901481899 0.0040694575470957058 0.43126982029598315 0.021479490401286997 0.11181390199349452 0.010723025472992873 -0.61577142263257212 0.0027812538572203481
decision_type=8 10 10 8 10 10 8 2 2 10 2 10 2 10 8 8 2 10 8 8 10 2 8 10 10 10 8 10 10 10
left_child=2 5 4 10 19 6 26 27 17 20 14 16 13 -6 -3 -14 -9 -7 -12 -1 -5 -21 -11 -13 -10 -8 -2 29 -29 -4
right_child=1 3 7 9 12 8 25 11 24 22 18 23 15 -15 -16 -17 -18 -19 -20 21 -22 -23 -24 -25 -26 -27 -28 28 -30 -31
leaf_value=0.012750607411096578 -0.0022486337519183881 0.004440186059208334 -0.0072301535321274736 0.0020971226326500867 0.0073355850704388582 0.00091569721089698438 0.0025055785194364561 -0.0026362821396468169 0.0091191576940580603 0.01223571587935224 0.016840105853512238 -0.0037965177899545993 0.01462486604882648 -0.0063225986403796161 -0.0039251753523421367 -0.009702439099532648 0.0021512936000736499 0.012218758741217535 0.0068447093713870314 -0.0068259786094868246 0.010407536294525562 -0.016075535902973743 0.019625687964036673 0.010075499004700929 0.001075177057303931 -0.0080227156529793404 -0.010784330239710071 0.0021150400996954271 -0.0059063678459855759 -0.014021080933712208
leaf_weight=13.866574883460997 163.44125309586525 1705.6956088989973 374.21436433494091 183.85858541727066 127.1279940456152 2521.4258169233799 538.98598091304302 6565.3647987544537 561.53454369306564 504.79256193339825 118.76960647106171 74.461595669388771 19.495156526565552 1744.2842541635036 203.49192199110985 1453.8562027513981 568.74534080922604 93.123081237077713 3122.034759581089 149.68866111338139 975.68237179517746 765.89250060915947 318.70080859959126 162.36321891844273 213.69991184771061 82.626486733555794 322.84464110434055 140.72656273841858 634.98682731389999 126.9456885010004
leaf_count=92 1011 10038 2490 990 883 15178 3321 42727 3313 2705 649 470 136 12008 1206 10193 3693 521 18248 1060 5320 5739 1698 1018 1279 491 2043 916 4136 855
internal_value=-3.61447e-05 0.00506295 -0.0046263 0.00746197 -0.00867258 0.00125561 -0.00287744 -0.00262462 0.00260918 0.0116151 0.00585902 -0.0019963 -0.00714355 -0.00538667 0.00354273 -0.00936382 -0.00225326 0.00132657 0.00721943 -0.0141507 0.00909982 -0.0145824 0.0151292 0.00568525 0.00691651 0.00108132 -0.00794346 -0.00624058 -0.00444049 -0.00899463
internal_weight=24552.7 11630.7 12922 7133.03 4274.21 4497.68 1107.9 8647.81 3389.78 1983.03 5149.99 7370.93 3344.76 1871.41 1909.19 1473.35 7134.11 2614.55 3240.8 929.448 1159.54 915.581 823.493 236.825 775.234 621.612 486.286 1276.87 775.713 501.16
internal_count=154427 68011 86416 40854 30111 27157 6866 56305 20291 10713 30141 47908 23220 12891 11244 10329 46420 15699 18897 6891 6310 6799 4403 1488 4592 3812 3054 8397 5052 3345
is_linear=0
shrinkage=0.025


Tree=20
num_leaves=31
num_cat=0
split_feature=65 65 64 64 15 62 52 46 47 8 26 49 61 47 54 47 64 68 48 16 8 75 51 61 62 72 51 14 15 10
split_gain=804.879 187.877 133.753 58.1373 43.6402 40.7757 39.1863 34.7998 27.3907 23.1594 23.0137 28.6424 20.994 21.4878 19.9476 19.797 19.2176 18.2492 17.7195 17.2434 16.4153 13.1927 13.1205 19.5766 14.3883 11.4802 11.0299 9.92342 9.48101 8.78446
threshold=-0.21819186992258924 0.29417005809270536 0.14226372773152743 0.96719734942567903 0.49568728845347493 0.34587264150943403 0.13500000000000004 0.31961458647185775 1.8952025887673616 -0.21987144031764408 0.02001819331757046 0.12008875438496151 1.144812597019145 -0.25035630059244668 118.87420000000002 -0.14680021770732965 0.65051568314726216 0.21601605204916943 0.36665256966015197 0.3567767690073857 0.11610414778272783 0.42864796731224836 1.9750000000000003 -1.0552347923829162 0.10232093335885441 0.036999011331660205 2.6150000000000007 0.010083083566289138 0.31130579889555171 0.008980928316547435
decision_type=8 8 10 8 10 10 2 10 10 8 2 10 8 10 2 10 10 10 10 10 10 8 2 8 10 10 2 10 10 10
left_child=2 8 4 5 15 29 -7 18 10 25 17 -12 19 -14 -11 28 27 -2 20 -9 -4 -17 24 -24 -6 -5 -20 -10 -1 -3
right_child=1 3 7 9 22 6 -8 12 16 14 11 -13 13 -15 -16 21 -18 -19 26 -21 -22 -23 23 -25 -26 -27 -28 -29 -30 -31
leaf_value=-0.01945557666202449 -0.0037907518722206791 -0.0072028359594722762 -0.01227550871363718 0.010679149595382867 -0.0090953707637113999 -0.0035870015918511309 0.0068037843763736408 0.016208039366873084 0.011405423201340059 0.013343886766395516 0.0043404167600154071 -0.0013427885431862218 -0.0077637979253499289 0.0049169419668082127 0.035926766142989182 -0.00060261701772568827 -0.0032124207043638924 0.00045059476601867776 -0.0015595250856380225 -0.0032827941039587985 -0.0013537150700890118 -0.011777026620570513 0.013734763093484998 -0.0096189168156228192 -0.0021698139184116011 -0.0024756068655902592 0.024304680381160973 0.03796378426590688 -0.012144876379344145 0.0020579505863485793
leaf_weight=357.85047617554665 825.46217705309391 162.55993865430355 469.70587265491486 76.562472432851791 304.57831910252571 234.5625761449337 5703.1475235074759 27.188890978693962 17.755284816026688 832.20674780011177 1773.2754551768303 802.79253725707531 105.32653734087944 381.94682043790817 24.916999816894531 79.871906027197838 18.007121354341507 2711.9679642170668 42.72521536052227 7037.7314002811909 107.55703316628933 428.46995563805103 21.665932536125183 1021.9295707195997 497.64506348967552 86.596456080675125 12.154292240738867 22.702223300933838 183.87518602609634 102.70246267318726
leaf_count=2731 5198 985 3312 406 2148 1378 32387 182 103 4448 10867 4964 697 2505 127 567 109 16796 292 46473 753 3103 153 7233 3423 467 85 113 1363 618
internal_value=1.6538e-05 0.00413993 -0.00496758 0.00687658 -0.00958575 0.00596248 0.0063914 -0.00333144 0.000935201 0.0124131 0.000769251 0.00256662 -0.00285737 0.00214824 0.0140584 -0.0136643 0.017798 -0.000537957 -0.00896713 -0.00320398 -0.0102605 -0.0100415 -0.00725407 -0.00911168 -0.00481822 0.00368454 0.00443244 0.0271527 -0.0170203 -0.00359604
internal_weight=24475.4 13395.2 11080.2 7223.26 2895.89 6202.97 5937.71 8184.34 6171.96 1020.28 6113.5 2576.07 7552.19 487.273 857.124 1050.07 58.4646 3537.43 632.142 7064.92 577.263 508.342 1845.82 1043.6 802.223 163.159 54.8795 40.4575 541.726 265.262
internal_count=153986 78966 75020 40816 20721 35368 33765 54299 38150 5448 37825 15831 49857 3202 4575 7764 325 21994 4442 46655 4065 3670 12957 7386 5571 873 377 216 4094 1603
is_linear=0
shrinkage=0.025


Tree=21
num_leaves=31
num_cat=0
split_feature=65 64 65 68 44 68 65 62 48 42 51 45 51 52 26 44 68 43 29 26 15 26 58 9 18 54 51 54 41 15
split_gain=761.752 200.106 102.477 56.9039 48.5986 38.5126 32.7126 29.7327 27.747 27.2099 33.9073 24.1567 23.1544 22.355 22.27 18.8564 21.4302 18.053 17.429 16.7638 15.8348 15.3735 13.5466 11.8316 11.3572 10.6956 9.93797 9.85964 9.70204 3.2619
threshold=0.0081716505262049762 0.21812477224044302 0.73112532616630532 0.084867306606437057 -0.57438047598445452 0.42331950867243512 -0.45338169029709247 0.10636122351303139 -1.7815564614267674 -0.021925718590754841 1.4450000000000001 -0.020049594970563699 1.3500000000000003 0.13500000000000004 0.025437659628093533 0.94262978362285332 0.26791307499158712 0.12358723522798622 -0.045286443035719041 0.013854785755394361 0.51426227819788062 1.0000000180025095e-35 0.29989733059548257 0.37715307589508179 0.074446128064585851 117.03745000000002 2.9550000000000005 114.64095000000002 -0.070380669704117813 0.9337493602520609
decision_type=8 8 8 10 10 8 10 10 8 10 2 8 2 2 2 10 10 10 10 2 10 2 10 10 10 2 2 2 10 10
left_child=1 3 4 12 18 14 20 23 -8 11 -11 -7 25 -9 27 16 -6 -10 29 -17 28 -14 -22 -5 -16 -1 -20 -4 -3 -2
right_child=2 6 5 7 15 9 8 13 17 10 -12 -13 21 -15 24 19 -18 -19 26 -21 22 -23 -24 -25 -26 -27 -28 -29 -30 -31
leaf_value=0.0019082767988288171 -0.0085258329522277018 0.0091539321366414152 0.0014106230683249505 -0.010112517839936589 -0.0006995681095786398 0.039201285448510134 0.028930793087664455 0.0068946979762165798 -0.0016028215213142575 0.0032170364096381107 0.0097331734181108891 0.014324433025959213 0.0047957077125028533 -0.0054812611697963205 0.0044274031876704728 -0.0081551516902694555 0.0051106172748954229 0.0012419356407164296 -0.0035063394659249473 0.0018248773321880196 0.00031456793222509478 -0.01609183159447624 -0.0038440922536009808 0.011859897281616925 0.014308572316445388 -0.010818686000823519 0.015208795957821628 -0.0072254367667537265 -0.0078636906793992135 -0.025008181143245628
leaf_weight=74.868823885917664 15.060565426945685 20.316367149353027 318.98767611384392 1181.1219153702259 442.47329249978065 28.768728479743004 18.528154358267784 93.406781941652298 4670.7185278981924 606.51744049787521 2960.7589200884104 168.6115183532238 21.645346820354462 2337.0241641104221 220.70643490552902 122.56127582490444 3639.8144879490137 1983.4520746618509 474.10250923037529 697.88404899835587 636.71701918542385 725.60231199860573 2068.8662512898445 14.250894591212271 111.26505444943905 87.703013852238655 17.120077952742577 109.88619568943977 606.87717467546463 26.137077644467354
leaf_count=539 94 137 1834 8440 2663 145 98 620 29806 3390 16164 899 149 16228 1241 733 21480 12619 2905 4133 4218 5538 13765 97 622 621 105 636 4132 164
internal_value=-4.21103e-06 -0.00365273 0.00532114 -0.00800832 0.00300407 0.00810077 -0.00167681 -0.00659763 -0.000664932 0.00913845 0.00862884 0.0182031 -0.0136058 -0.00499937 0.00295022 0.00378398 0.004479 -0.000753668 -0.00415601 0.000315161 -0.00369952 -0.01547 -0.00286294 -0.00983267 0.00780134 -0.00494074 -0.00280338 -0.000798659 -0.00728408 -0.0195715
internal_weight=24501.8 14541.1 9960.66 4535.62 5435.15 4525.5 10005.5 3625.8 6672.7 3764.66 3567.28 197.38 909.819 2430.43 760.845 4902.73 4082.29 6654.17 532.42 820.445 3332.78 747.248 2705.58 1195.37 331.971 162.572 491.223 428.874 627.194 41.1976
internal_count=154215 97007 57208 32232 32277 24931 64775 25385 42523 20598 19554 1044 6847 16848 4333 29009 24143 42425 3268 4866 22252 5687 17983 8537 1863 1160 3010 2470 4269 258
is_linear=0
shrinkage=0.025


Tree=22
num_leaves=29
num_cat=0
split_feature=65 65 65 46 46 47 52 49 46 16 75 51 10 40 60 44 17 65 48 44 74 19 16 11 11 46 14 18
split_gain=766.259 182.473 89.9444 66.0227 47.4562 46.1832 44.0031 37.9613 34.0179 32.6179 28.1919 26.9346 25.3102 24.8053 22.0023 21.9944 20.6779 18.8255 18.126 15.6583 19.988 13.6588 10.9366 9.69128 14.6358 9.16693 7.12785 6.54378
threshold=0.026000810480489429 -0.68299016017847514 0.34676514493573546 0.33261952430411762 0.83409535555438541 1.8952025887673616 0.13500000000000004 -0.58409007464533624 1.3339615125134625 2.5508944454536091 0.25575652038111546 1.7850000000000004 0.0089211018648956541 0.0036153816991523684 0.43151405612266552 -0.49817240717888811 -0.027995780968599223 3.8546563772513833 0.49010892514509591 0.63973072578113921 0.021453474323717917 -0.26686442557139234 0.11638747760890443 0.012770907086384994 0.0085609178060786131 0.33261952430411762 0.010914454282825429 -0.0084287403336711347
decision_type=8 10 8 10 10 10 2 10 10 8 10 2 8 10 8 10 10 10 10 10 8 10 10 10 10 10 10 10
left_child=1 3 15 18 12 8 7 -6 10 -8 -3 16 25 -10 -13 23 -5 -14 22 20 -17 -21 -1 24 -2 -4 -7 -25
right_child=2 5 4 11 6 26 9 -9 13 -11 -12 14 17 -15 -16 19 -18 -19 -20 21 -22 -23 -24 27 -26 -27 -28 -29
leaf_value=-0.018734311443319714 -0.011077661516629235 -0.0029718225377788352 0.0027741362029385596 -0.01151538082653635 0.019703524532111199 0.012237947101912011 0.0079120600792904165 -0.0075614019138764456 -0.007718088984417483 0.017821348747622673 0.00033682293318854539 -0.0042766124341745175 0.0034760352971143944 0.0054801469320328224 -0.0095282418646616303 0.026911831470497929 -0.0024499028238432804 0.021067669577730784 0.01193995522327829 0.011579850545416921 0.0034362902025661065 -0.0019357964053070345 -0.012406843982074344 -0.024776941713927157 0.0029014357127456506 -0.0073801927919132267 0.037150527999366204 -0.0066639055180259662
leaf_weight=254.01667299866676 60.71078884601593 7161.5776701420546 75.997140496969223 179.01381385326385 37.144374504685402 15.788144648075102 5307.3036234229803 187.57758854329586 103.22020927071571 217.14906722307205 2070.6840293109417 732.50131583213806 792.85937272012234 591.68258374929428 1625.2889279425144 21.881490096449852 1286.6848184019327 39.044282719492912 15.664894089102743 49.589189901947975 1867.3928136825562 574.00655670464039 634.80537586659193 13.141500845551489 190.09153026342392 191.86951150000095 18.55752357840538 149.63729138672352
leaf_count=1977 382 46520 448 1235 208 86 29565 1089 653 1128 13383 5169 4546 3700 11488 130 8868 211 117 294 11148 3446 4837 81 1176 1129 88 915
internal_value=-3.6038e-05 -0.00364551 0.00538694 -0.00768982 0.00695465 -0.00172454 0.00786524 -0.00294086 -0.00182689 0.00830671 -0.00222897 -0.0062458 0.00218425 0.00349899 -0.00790289 0.00171401 -0.00357075 0.00433983 -0.0137694 0.00259513 0.00372906 -0.000828833 -0.0142464 -0.0036135 -0.000489308 -0.00447188 0.0267094 -0.00834257
internal_weight=24464.9 14689.5 9775.4 4727.98 6848.94 9961.51 5749.17 224.722 9927.16 5524.45 9232.26 3823.49 1099.77 694.903 2357.79 2926.45 1465.7 831.904 904.487 2512.87 1889.27 623.596 888.822 413.581 250.802 267.867 34.3457 162.779
internal_count=154017 98121 55896 33691 38324 64430 31990 1297 64256 30693 59903 26760 6334 4353 16657 17572 10103 4757 6931 15018 11278 3740 6814 2554 1558 1577 174 996
is_linear=0
shrinkage=0.025


Tree=23
num_leaves=31
num_cat=0
split_feature=63 46 46 63 47 60 3 26 77 26 44 47 18 51 54 44 19 38 22 63 22 46 44 61 40 63 66 54 55 75
split_gain=605.793 152.564 77.6503 67.9354 52.3837 51.1305 40.5032 39.1385 38.5634 46.3576 29.0378 28.625 27.0946 26.2706 25.6182 25.1024 22.6587 22.0437 21.5522 19.5518 18.5108 16.1815 24.6646 16.9785 15.874 15.2505 14.8716 15.6996 11.5162 5.89278
threshold=0.11778723756970456 0.75626811329587829 1.4966379843406015 -0.82275615067461383 -0.13888164840086853 0.088633694375570934 0.096585068163130519 0.028552726616915092 -0.14814526766470373 0.02001819331757046 3.6417810046070698 0.58572190618839837 -0.057877695372666786 1.3500000000000003 118.19035000000001 1.9575781638500509 0.028276323445435406 7.1865753950858009 -2.1782191530414949 -0.48483885788121012 -1.5811968899145026 0.096277681705072934 -0.60332305739037273 1.7889566112783 0.018188372896679614 0.56252707768404975 0.50891226677252888 120.75105000000001 0.67500000000000004 -0.65634952875292651
decision_type=8 8 10 10 10 10 10 2 8 2 8 10 10 2 2 10 8 10 10 10 10 10 10 8 10 10 10 2 2 8
left_child=1 3 5 21 13 12 10 17 9 11 18 -3 24 -5 -11 19 -6 -7 -4 -10 -9 22 -1 -23 -2 -14 28 -28 -8 -12
right_child=2 8 6 4 16 7 26 20 15 14 29 -13 25 -15 -16 -17 -18 -19 -20 -21 -22 23 -24 -25 -26 -27 27 -29 -30 -31
leaf_value=0.0030914121591611131 0.0032714902698460684 -0.0030095127888392853 0.018963034187803141 0.0024847884041773022 0.0015244761203595807 0.001827304998184953 0.015880378624501219 -5.5400289470043331e-05 -0.0054577596799718908 0.0045304586940282015 0.0095635846543822411 0.0014114951330044376 0.0069556136896853958 -0.0092834897059874775 -0.0035488243413451166 -0.0099317010469869346 -0.0036967603266674313 -0.0037921418923505396 0.0059710079122400729 -0.0013294896046886946 0.0068466738291310227 -0.0096418068595561478 -0.021203635989820668 0.010624884413979213 0.019036934337421332 0.014645381436203482 0.017452251936652157 -0.0048249670258394602 -0.0025046376869465141 0.027999789228961278
leaf_weight=30.389115780591965 605.90571084618568 2504.6572158783674 83.284366175532341 129.04744060337543 729.91100779175758 2857.12509123981 34.480523809790611 291.71623545885086 987.16794830560684 1647.5005972236395 17.860761225223541 1438.5619175136089 282.8386514633894 1282.6506206542253 286.19065399467945 304.13423021137714 1781.6618077680469 513.09244821965694 1796.0461689978838 2645.1127856820822 1387.0417397916317 1687.9755805581808 155.13115179538727 24.947594091296196 41.928886339068413 402.80161854624748 458.36682388186455 19.634900167584419 50.80333536863327 48.047709733247757
leaf_count=214 3460 16340 458 872 4806 16994 193 1711 6626 10254 93 9069 1681 8952 1837 1998 11987 3065 9850 16911 8005 12140 1213 167 234 2249 2422 104 283 252
internal_value=-6.29921e-05 -0.00302611 0.0051466 -0.00623223 -0.00434803 0.00367869 0.00887487 0.00252543 -0.0011228 0.000158687 0.00715007 -0.0013948 0.00803349 -0.00820121 0.00332937 -0.00303737 -0.00217638 0.000968513 0.00656248 -0.00245495 0.00564366 -0.0101169 -0.0171895 -0.00933503 0.00433672 0.0115018 0.0147901 0.0165117 0.00495897 0.0233758
internal_weight=24526 15635 8890.97 5821.71 3923.27 6382.45 2508.52 5048.98 9813.33 5876.91 1945.24 3943.22 1333.47 1411.7 1933.69 3936.41 2511.57 3370.22 1879.33 3632.28 1678.76 1898.44 185.52 1712.92 647.835 685.64 563.286 478.002 85.2839 65.9085
internal_count=154440 103386 51054 40351 26617 37399 13655 29775 63035 37500 10653 25409 7624 9824 12091 25535 16793 20059 10308 23537 9716 13734 1427 12307 3694 3930 3002 2526 476 345
is_linear=0
shrinkage=0.025


Tree=24
num_leaves=30
num_cat=0
split_feature=65 65 46 62 47 65 46 52 55 7 62 46 48 26 40 43 60 77 49 11 58 7 67 52 27 60 9 53 44
split_gain=681.379 152.585 121.102 50.7828 48.2784 47.493 28.4574 26.2518 25.6839 24.0096 23.5608 23.3437 23.1877 22.2543 21.4587 21.2714 20.7029 19.5506 19.5247 15.9909 15.5075 14.9537 13.5762 12.9716 12.8546 11.096 12.0055 9.59941 9.08576
threshold=-0.21819186992258924 0.34676514493573546 0.48140926061147876 0.10636122351303139 -0.14680021770732965 1.4788916931456588 1.910380801786931 0.13500000000000004 1.0950000000000002 0.10434244433550079 0.34984312366121828 0.80046385229316674 0.29929088244095098 0.011135871330002841 0.017937732423117535 0.30460832196076298 0.35566979623771139 2.3704841252662114 0.12008875438496151 0.0094748292098163194 0.32760466661744075 0.056731718610000488 -0.10502886242166325 0.13500000000000004 -0.0010931606359330618 0.35155366582394859 0.42043145085178552 13.650000000000002 -0.30896540963748831
decision_type=8 8 10 10 10 8 10 2 2 8 10 10 10 2 10 8 10 10 10 8 10 10 8 2 10 8 10 2 10
left_child=2 6 4 25 17 7 13 21 16 14 -9 -10 15 19 -7 -6 -5 23 -15 -2 -8 -3 -11 -1 -14 28 -27 -19 -4
right_child=1 5 3 8 12 9 20 10 11 22 -12 -13 24 18 -16 -17 -18 27 -20 -21 -22 -23 -24 -25 -26 26 -28 -29 -30
leaf_value=0.004796062921960235 -0.0090298050577642206 -0.010507163004239069 0.0012592126237628881 0.0014201978692831851 0 0.0071241851927175406 0.03601253683536855 -0.0027844248186519971 -0.0073456919739930699 0.0045687300878661302 0.0056709813296794689 -0.0026516439768922585 -0.0078149040752154217 0.0023264250924541433 0.021383420918505397 -0.0094992295279463391 -0.002379542504021317 -0.012104996851809803 -0.00091649385756789256 -0.00097193194353816501 0.0060337778288691215 0.0037110020432326997 0.01537070203210948 -0.014553466769051041 0.0065793374946838262 -0.0094570440191222085 0.011976686769289681 0.014088245059974292 -0.0076509805328428748
leaf_weight=20.987203910946846 203.28931555151939 104.37451292574406 132.98585346341133 1219.4499609023333 181.66072462499142 1525.4237171858549 20.607643350958824 214.27918148040771 1054.9411109089851 89.229190111160278 4357.8693851083517 1803.0504655390978 55.050460606813431 4111.1606866270304 68.753447875380516 793.18183485418558 3352.6217142790556 12.446217961609362 1611.8009773641825 635.24637545645237 23.921826854348183 80.38887631893158 492.02723202109337 1050.9560876637697 122.33525974303484 1001.1855981498957 15.320161730051039 22.662847153842449 149.82566021382809
leaf_count=146 1303 623 929 8044 1266 8161 110 1293 7200 484 24613 12043 380 25196 353 5737 22278 91 9963 3948 140 475 2553 7894 854 7087 102 163 1064
internal_value=-4.12998e-05 0.00371231 -0.00466644 -0.00332911 -0.00982577 0.00630304 0.000991814 0.0048982 -0.00252942 0.00936707 0.00527244 -0.00438929 -0.00622132 0.000853492 0.00775948 -0.00773433 -0.00136434 -0.0135597 0.00141179 -0.00294448 0.0206525 -0.00429661 0.0137382 -0.0141627 0.00204769 -0.00788976 -0.0091129 0.00450296 -0.00344713
internal_weight=24527 13538.4 10988.7 8729.38 2259.28 6932.35 6606.03 4756.91 7430.06 2175.43 4572.15 2857.99 1152.23 6561.5 1594.18 974.843 4572.07 1107.05 5722.96 838.536 44.5295 184.763 581.256 1071.94 177.386 1299.32 1016.51 35.1091 282.812
internal_count=154493 79215 75278 58747 16531 38555 40660 27004 49565 11551 25906 19243 8237 40410 8514 7003 30322 8294 35159 5251 250 1098 3037 8040 1234 9182 7189 254 1993
is_linear=0
shrinkage=0.025


Tree=25
num_leaves=31
num_cat=0
split_feature=64 64 64 46 67 42 69 16 9 40 26 64 52 46 52 69 12 15 19 60 12 18 9 17 42 18 19 55 26 20
split_gain=658.121 130.334 121.588 46.0296 43.7679 34.288 43.356 33.0114 29.1128 31.8373 26.333 24.544 24.0585 21.9211 23.9953 23.4863 21.648 21.2468 20.9318 20.6603 20.1198 16.5406 16.285 15.1028 14.818 14.0358 13.6426 13.5529 13.0238 10.2455
threshold=0.56369461215545358 0.82006229090193472 0.15424828825970868 0.29226491699120738 0.059349135997194394 0.002365394409897483 -0.098515025720887509 2.4008649182581672 0.17433514240356221 0.013103853991238265 0.027384835372750941 0.32183830151887449 0.24000000000000002 0.83409535555438541 0.13500000000000004 -2.6252637810336137 0.037879804488164193 0.42299568016177197 0.12375032820254007 0.35566979623771139 0.019566234975874345 0.072438212944696004 -0.3910626287351241 0.068360115399416457 -0.0075570692456804339 0.10332720935998164 0.08325803955504453 0.34500000000000003 0.0059001800155465429 -0.37897906409165122
decision_type=8 10 10 10 8 8 8 10 10 10 2 10 2 10 2 10 10 10 8 8 8 10 10 10 10 10 8 2 2 2
left_child=2 4 3 26 10 12 -7 13 19 -10 20 16 -6 15 -15 -3 17 -4 22 -5 -2 -18 -9 27 -12 -25 28 -13 -1 -20
right_child=1 7 11 8 5 6 -8 18 9 -11 24 23 -14 14 -16 -17 21 -19 29 -21 -22 -23 -24 25 -26 -27 -28 -29 -30 -31
leaf_value=0.0076130561046066584 0.00045461255192041331 0.019253546788855696 -0.0087991039209198204 -0.0042916373271218227 -0.0017889659658312856 0.0023884909494597743 0.017724567990206878 0.024295893627476979 -0.0037421895668607302 0.016196532979603238 -0.0099479557229634474 0.0004557503148033231 0.0040377933240704472 -0.002289255773542883 0.0078668318834537784 0.0015562313859173655 0 -0.0036499588803858406 0.005616173747776552 -0.0099562377492672244 -0.0039742556052793773 0.021717626004841423 0.0036184125648926965 -0.0019579700439415495 0.0054276777777172939 0.010942825065362238 -0.018688766660259606 -0.0025199778944775758 -0.012281761513546803 0.02299959065310778
leaf_weight=20.906238920986652 2028.7025485187769 49.236593052744865 608.24809496104717 581.785834223032 533.8912298232317 225.08745977282524 238.54449938237667 28.987374663352966 468.63418097048998 54.753384798765182 40.299115896224976 1240.5374999046326 2535.35453517735 149.6146320104599 3732.6096432954073 695.0490738004446 66.830565378069878 2923.3493031784892 26.914146482944489 1367.4784293398261 934.39929057657719 31.827041044831276 121.97165007889271 95.935123115777969 644.18973410129547 112.75944292545319 282.69120205193758 4114.6976931095123 283.10269275307655 156.85992626845837
leaf_count=155 12407 271 4356 4168 3189 1345 1383 144 3328 379 246 7972 14946 852 20237 3962 448 19950 140 9904 5810 212 635 616 3877 723 2256 26719 2259 802
internal_value=3.17247e-05 0.00415689 -0.00405519 -0.00837262 0.00200188 0.00398468 0.0103206 0.00727312 -0.00686715 -0.00160976 7.86958e-05 -0.00261685 0.00302149 0.00671825 0.00747291 0.00276613 -0.00421697 -0.00454161 0.0148685 -0.00827308 -0.000940522 0.00724359 0.00779852 -0.0015708 0.00449568 0.00499942 -0.0146777 -0.0018293 -0.0108645 0.0205472
internal_weight=24395.2 12141.7 12253.5 3059.35 7180.47 3532.88 463.632 4961.24 2472.65 523.388 3647.59 9194.18 3069.25 4626.51 3882.22 744.286 3630.26 3531.6 334.733 1949.26 2963.1 98.6576 150.959 5563.93 684.489 208.695 586.7 5355.24 304.009 183.774
internal_count=153691 70246 83445 22449 43203 20863 2728 27043 17779 3707 22340 60996 18135 25322 21089 4233 24966 24306 1721 14072 18217 660 779 36030 4123 1339 4670 34691 2414 942
is_linear=0
shrinkage=0.025


Tree=26
num_leaves=31
num_cat=0
split_feature=64 66 64 65 46 46 16 14 21 9 61 64 61 47 9 60 12 21 55 26 13 49 13 52 7 49 11 61 49 76
split_gain=631.494 133.667 118.086 59.7612 40.7755 36.691 34.829 31.233 28.5394 24.5446 29.5927 23.6803 23.1141 22.6444 24.7894 22.4288 20.6441 19.9439 19.3767 17.9369 23.6018 17.5465 17.4409 16.7362 15.6635 14.4795 13.9144 13.8776 11.2793 11.1493
threshold=0.56369461215545358 0.65877279173889269 0.13431293943505615 1.3890885417684062 0.29226491699120738 0.47254973100620917 0.63515775143923736 0.0082046167352125814 62.670718715458527 0.17433514240356221 -0.27473767536319588 0.74134182908545743 4.0367604350873245 -0.17044005186588879 0.21397064790895939 0.032955750710618993 0.013475378401844176 19.35197793007254 1.1900000000000004 0.021217379362686823 0.014244031256678542 0.99318313651912171 0.0043007154029061521 1.6150000000000004 0.055901853856359048 -0.48231940957753039 0.011682393343216817 -1.1481832426537375 -3.1989901238421576 0.025130917607431389
decision_type=8 10 10 10 10 10 10 8 10 10 8 8 8 10 10 8 8 10 2 2 10 8 10 2 10 10 10 10 10 10
left_child=2 6 4 11 17 13 7 16 12 10 -6 24 -5 14 -4 26 -2 -1 -10 28 -21 -13 -17 -11 -3 -9 -7 -15 -8 -19
right_child=1 3 5 8 9 15 19 25 18 23 -12 21 -14 27 -16 22 -18 29 -20 20 -22 -23 -24 -25 -26 -27 -28 -29 -30 -31
leaf_value=0.0088418630517985361 0.0077171886320885688 0.00179514282687803 -0.012803855170972496 0.0074211204525861793 -0.0039911358532400279 -0.0067550218140237372 -0.015418267811173267 0.0032329776913781385 0.011316057972297325 0.00070287740544886445 -0.010948165586932257 0.006957145717331162 0.022747454444482548 0.0072786335650157066 0.0039431161568419457 -0.004745668497962441 -0.0096872379039870029 0.0070394564536557487 0.021654639423275394 0.0048806367736223006 -0.0065418188545257735 0.0022001394061585311 -0.0016917553617738206 -0.010912904141463326 0.0089021040933843637 -0.0053335617778817275 0.021096831753954035 -0.0049267768611198793 0.00076044267169642771 -0.016424818184227044
leaf_weight=20.178706623613834 45.98245769739151 1719.9436181038618 449.10811273753643 1408.274330586195 599.3009517416358 14.215738609433172 26.019042953848839 415.13721576333046 335.13678567111492 348.15641134977341 1083.676719032228 2699.540594547987 64.040101692080498 62.371184855699539 61.663109876215458 1411.820563107729 422.16846325993538 11.907201409339903 180.37490074336529 1480.8206389844418 120.82972675561905 598.34963709115982 6903.3787646889687 98.143335208296776 218.40371815860271 173.7443116158247 40.219148993492126 654.71390670537949 2301.8487512171268 497.61424747109413
leaf_count=149 293 10347 3237 7425 4323 94 145 2551 1735 2465 7941 15046 328 422 429 9492 2681 94 922 8662 727 3457 45488 710 1305 1054 260 4565 13822 4021
internal_value=1.55122e-05 0.00403952 -0.00399283 0.00621258 -0.00865517 -0.00269943 0.000889149 -0.00313421 0.00990654 -0.00709708 -0.00847986 0.00480687 0.00811083 -0.00673617 -0.0107629 -0.00210545 -0.00794641 -0.0148741 0.0149899 0.00197396 0.00400999 0.00609745 -0.00221178 -0.00185714 0.0026048 0.000687079 0.0136997 -0.00384434 0.000568539 -0.0158465
internal_weight=24467.1 12210.6 12256.5 7224.06 2658.98 9597.49 4986.55 1057.03 1987.83 2129.28 1682.98 5236.24 1472.31 1227.86 510.771 8369.63 468.151 529.7 515.512 3929.52 1601.65 3297.89 8315.2 446.3 1938.35 588.882 54.4349 717.085 2327.87 509.521
internal_count=154190 70500 83690 40565 19703 63987 29935 6579 10410 15439 12264 30155 7753 8653 3666 55334 2974 4264 2657 23356 9389 18503 54980 3175 11652 3605 354 4987 13967 4115
is_linear=0
shrinkage=0.025


Tree=27
num_leaves=28
num_cat=0
split_feature=65 65 66 15 65 11 40 69 49 12 35 55 3 68 40 44 18 49 55 79 26 51 44 38 20 50 50
split_gain=585.034 127.478 109.525 53.9893 43.8535 32.7087 31.0651 26.0586 24.7506 33.1548 23.7098 22.606 21.7291 21.2147 21.2064 20.4728 19.3533 19.7257 33.9603 17.8876 16.978 16.1799 15.4575 14.7374 10.831 9.77756 9.36633
threshold=-0.058178917388959549 -0.68932911921301598 0.64307571216916981 0.35179202433378576 1.2267558597995019 0.01049136773236343 0.013050391651056766 1.77884452689987 0.60571466230164484 0.047002483707524516 0.22372948357651948 0.28000000000000008 0.016860889430493579 0.59918614374539481 0.0034654426093037186 0.70266470920073421 0.19486939126851291 0.34225510228532308 1.1900000000000004 -0.019446628897095374 0.020602488998109431 1.7850000000000004 3.6417810046070698 6.8319581833310457 0.72072515685145067 -0.061528609666795638 -0.94739792688050106
decision_type=8 10 10 10 8 8 10 8 8 10 8 2 10 10 10 10 10 10 2 10 2 2 8 10 2 10 10
left_child=1 3 5 22 6 10 15 20 12 -10 25 -8 -6 21 -9 -4 17 23 -19 -15 -7 -5 24 -3 -1 -2 -12
right_child=2 16 4 13 8 7 11 14 9 -11 26 -13 -14 19 -16 -17 -18 18 -20 -21 -22 -23 -24 -25 -26 -27 -28
leaf_value=-0.013123606293673866 0.0010880876042220354 -0.0010039124990256002 0.006325840688215012 -0.0039492473281662428 0.0075989998646847556 -0.00020763056575715704 -0.0094690541645566142 -0.01472727924821376 -0.00082739546011227042 0.013113429185932052 -0.0068510729641328948 0.001867919730945849 0.013063471268192956 0.0099011209247205842 0.014289919530956461 0.0023019085455646396 0.022559436609933682 -0.0023528853720621652 -0.0099667409401543085 -0.0053132575578557304 0.0033556238992869299 -0.0075278906538281069 0.014902362965615487 -0.0076410206661905386 0.0046991160955615384 -0.0049242290556633147 -0.018768567887476426
leaf_weight=933.95345368236303 424.68322360515594 5919.3542675226927 3136.7385956496 1302.7787913605571 1069.2612103074789 1763.1450913101435 138.82887983322144 16.270689770579338 332.05647791922092 155.15580503642559 117.11113414168358 508.82219825685024 817.21478135883808 96.6616131067276 156.00568076968193 1067.5705527216196 18.921699225902557 1673.4432592764497 469.64292854815722 93.672107383608818 1581.1732403635979 2071.1203296259046 11.624065265059469 216.04746073484421 20.618907876312733 277.81717562675476 67.558645233511925
leaf_count=7270 2588 38777 17943 9183 5653 10603 797 88 1788 799 761 2962 4221 675 845 6181 120 10963 3165 651 9310 15049 82 1407 153 1712 433
internal_value=-6.5245e-05 -0.00374691 0.00399515 -0.00711974 0.00588914 0.000885041 0.0045217 0.00196861 0.00867742 0.0036181 -0.00339848 -0.000563705 0.00997696 -0.00569148 0.0114232 0.0053068 -0.00190367 -0.00196375 -0.00402955 0.00238788 0.00147541 -0.00615017 -0.0123672 -0.0012403 -0.0127254 -0.00128328 -0.0113443
internal_weight=24457.3 12827.8 11629.4 4530.43 7225.65 4403.76 4851.96 3516.59 2373.69 487.212 887.17 647.651 1886.48 3564.23 172.276 4204.31 8297.41 8278.49 2143.09 190.334 3344.32 3373.9 966.196 6135.4 954.572 702.5 184.67
internal_count=154179 87495 66684 33063 40344 26340 27883 20846 12461 2587 5494 3759 9874 25558 933 24124 54432 54312 14128 1326 19913 24232 7505 40184 7423 4300 1194
is_linear=0
shrinkage=0.025


Tree=28
num_leaves=30
num_cat=0
split_feature=65 65 65 15 46 52 72 60 4 62 67 3 55 26 49 47 4 46 42 44 9 48 42 62 10 24 76 47 78
split_gain=581.548 143.152 66.0146 50.0536 44.6637 30.4767 30.6958 28.8407 28.5768 26.2591 23.3165 31.1423 24.5063 23.1617 23.6021 22.6593 20.0316 19.8663 19.6926 19.0843 18.7326 17.0958 16.9206 13.1662 10.492 10.3807 10.1538 10.1103 9.8604
threshold=0.026000810480489429 -0.70887345770030563 1.3890885417684062 0.35179202433378576 1.3339615125134625 0.13500000000000004 0.69085146289890209 0.096537881925778404 0.20543967619351192 0.72610080310163394 -0.016632078643002354 0.035859272162012575 0.89500000000000024 0.010306237005266441 0.71587137521244248 -0.15473468633002183 -0.082738938011919491 2.4576421313538788 -0.021925718590754841 0.75544050000213314 -0.25424008393302394 0.99931401036723688 -0.012803065473125349 0.086044166094110613 0.0030198963015469959 1.9980656426409982 0.98960494467496563 0.57778253803803892 0.64158805031446553
decision_type=8 10 8 10 10 2 10 10 8 10 8 8 2 2 10 10 10 10 10 10 10 10 10 10 10 8 8 10 10
left_child=1 3 7 15 13 6 -5 16 19 -10 25 18 -13 28 -15 24 20 21 -12 -6 -2 -9 -18 -7 -1 27 -17 -4 -3
right_child=2 4 10 5 8 23 -8 17 9 -11 11 12 -14 14 -16 26 22 -19 -20 -21 -22 -23 -24 -25 -26 -27 -28 -29 -30
leaf_value=-0.0026108479503789278 -0.0021868006138178295 -0.0035847522720388082 -0.0048652863563120622 -0.0018632832559806714 0.00445911332231687 -0.0087435978731873181 0.022935699711251908 0.0033878097554083777 0.0065457014552403872 0.034437235398027739 0.016179365104193166 0.0084792214736208876 0.016926680303243184 -0.00089536661823099708 -0.004654306238086223 -0.0087398516427536297 0.02571946016561974 0.026240179967152312 0.0055938188278768005 -0.0075123095206039358 0.0069408908988612397 -2.5234566151787234e-05 0.0089422833584208664 -0.0050893798566749339 -0.017189194043400007 0.018118673625973795 0.014726234545457876 0.0049266172781788431 -0.0082585267536832204
leaf_weight=35.103558234870434 216.03904822468758 967.71617946028709 127.40763381123543 102.63155324757099 526.50341466069221 850.03515466302633 43.239470988512039 5133.2348884344101 55.769246995449066 34.378375336527824 122.24770791828632 427.6788497120142 450.94027093052864 6897.8597550168633 1231.3632063120604 445.42108396440744 39.855616703629494 21.536745429039001 1119.8683142662048 97.309976667165756 393.01219227910042 1111.4261066019535 624.92507725954056 2369.555373236537 423.94586927443743 20.582016199827194 10.54842860996723 133.8805828243494 406.38381238281727
leaf_count=284 1217 6455 715 699 3303 6337 290 29676 348 177 615 2200 2296 44988 8059 3381 219 114 5915 605 2230 6450 3552 16954 3444 115 74 729 2714
internal_value=6.22388e-05 -0.00313094 0.00471892 -0.00696884 -0.00152171 -0.00555157 0.00556386 0.00356627 0.00450063 0.0175771 0.00832954 0.00922773 0.0128405 -0.00197546 -0.00146627 -0.0121593 0.00699868 0.00286611 0.00665628 0.00256883 0.00369295 0.00277927 0.0100039 -0.00605939 -0.0161004 0.00153474 -0.00814335 0.000122967 -0.00497845
internal_weight=24440.4 14497.8 9942.64 4280.48 10217.3 3365.46 145.871 7540.03 713.961 90.1476 2402.61 2120.74 878.619 9503.32 8129.22 915.019 1273.83 6266.2 1242.12 623.813 609.051 6244.66 664.781 3219.59 459.049 281.87 455.97 261.288 1374.1
internal_count=154155 98112 56043 31463 66649 24280 989 43458 4433 525 12585 11026 4496 62216 53047 7183 7218 36240 6530 3908 3447 36126 3771 23291 3728 1559 3455 1444 9169
is_linear=0
shrinkage=0.025


Tree=29
num_leaves=28
num_cat=0
split_feature=65 65 65 15 49 68 11 70 11 16 49 59 37 47 55 30 55 66 52 40 62 49 69 48 65 21 79
split_gain=523.834 134.326 61.5875 51.1241 33.5529 27.9004 26.1899 25.1577 24.9109 30.3311 28.9398 24.2776 23.0955 19.938 19.2683 19.058 23.1276 20.0649 17.637 17.5011 16.7702 15.4169 13.6273 12.68 12.3099 9.68769 3.36473
threshold=0.0081716505262049762 -0.69548700596485036 1.3890885417684062 0.42299568016177197 -3.1989901238421576 0.97486908239256875 0.010809246973170032 0.86708213610830687 0.0094748292098163194 0.045296600186699225 0.28847580821894081 -1.1768220906660869 2.5600172378498978 -0.15473468633002183 0.57500000000000029 0.046900185934447565 0.89500000000000024 0.61562661763918392 0.13500000000000004 0.017937732423117535 0.78121804703476494 -0.17264308364354089 -1.6010672805311126 -1.7815564614267674 3.0437006580835582 46.047837627268443 0.25314469675462714
decision_type=8 10 8 10 8 10 10 10 8 10 10 10 10 10 2 10 2 8 2 10 10 10 10 10 8 10 10
left_child=1 3 5 13 -3 6 25 20 9 -6 -10 14 -8 21 -5 19 24 -18 -13 23 -7 -1 -15 -4 -17 -2 -9
right_child=2 4 15 11 8 7 12 26 10 -11 -12 18 -14 22 -16 16 17 -19 -20 -21 -22 -23 -24 -25 -26 -27 -28
leaf_value=-0.0063817565009790349 0.0029978429345397313 0.033588284352636021 -0.00267791788056448 0.034674321619867832 -0.014598344044145296 0.032241744345639131 0.003686257027908528 0.0011638337414872615 -4.1870569680805991e-05 -0.0031799429994179584 -0.00346073367520486 0.0033182113160973776 -0.0053973000338647034 -0.015793471495668839 0.0022424050052105909 0.0044115465195975869 0.0022973011654045397 0.013858037998017051 -0.0058667906743023659 0.024600223050014126 0.012104060842059818 -0.016858977051686725 -0.006159109596166972 0.0054693140549640284 0.012052857015827548 -0.0033084967874799985 -0.014800188846692985
leaf_weight=115.13575134426355 211.46038620173931 15.762597575783728 142.2851863950491 13.904920779168604 157.75185066461563 37.566956922411919 6657.7064390182495 14.963029131293299 5779.0821725204587 1794.5820156410336 2114.4148424118757 134.69518765807152 177.9840479195118 115.46847649663687 50.609813347458839 579.97637391090393 110.58340959250927 708.32812032103539 3057.4169773310423 25.814285025000572 93.205759808421135 442.05147201567888 479.89752093702555 688.44040238857269 173.19087578356266 528.59670688211918 14.91428506374359
leaf_count=924 1272 69 746 99 1078 204 38208 80 37336 12025 13875 907 1031 908 358 3030 601 3617 22097 128 500 3612 3599 3670 880 3205 80
internal_value=-5.86088e-05 -0.00314807 0.00427783 -0.00677534 -0.0015249 0.00318503 0.0029638 0.0134719 -0.00158596 -0.00411481 -0.000959011 -0.0051663 0.00344774 -0.0113052 0.00985215 0.00775261 0.00939297 0.0123117 -0.00547577 0.00472425 0.0181864 -0.0147258 -0.00806823 0.00406301 0.00619499 -0.0014945 -0.0068276
internal_weight=24435.8 14270.8 10165 4409.18 9861.59 7736.4 7575.75 160.65 9845.83 1952.33 7893.5 3256.63 6835.69 1152.55 64.5147 2428.62 1572.08 818.912 3192.11 856.54 130.773 557.187 595.366 830.726 753.167 740.057 29.8773
internal_count=154139 96887 57252 32504 64383 44580 43716 864 64314 13103 51211 23461 39239 9043 457 12672 8128 4218 23004 4544 704 4536 4507 4416 3910 4477 160
is_linear=0
shrinkage=0.025


Tree=30
num_leaves=28
num_cat=0
split_feature=65 65 46 65 51 48 9 49 62 13 62 48 60 48 18 60 9 73 31 8 8 20 47 51 60 79 50
split_gain=486.756 152.801 53.9317 45.0113 33.9928 32.8852 29.729 27.9325 27.4542 26.8416 23.9449 25.3671 23.525 19.6586 19.5585 18.1784 18.167 24.3949 23.0731 20.3045 16.7538 14.7314 13.5454 12.8731 11.6333 10.8736 10.1795
threshold=0.2465521180753929 -0.57278102742544201 0.29226491699120738 1.7621210817302921 1.7850000000000004 0.49010892514509591 -0.22074147548304754 -3.1989901238421576 0.094105894533288853 0.0035721554278225292 0.51609449471575608 -1.5890170975447051 0.86708213610830687 0.49010892514509591 -0.031021199226753723 0.89772703015399336 -0.4624499902296329 -1.8395225310527104 -0.28321158375688088 -0.23336220962815138 0.028345997635813695 -0.51703513192555695 -0.4776254561397586 0.68500000000000016 0.35155366582394859 0.079552442645885277 0.36196265548110645
decision_type=8 10 10 8 2 8 8 8 10 8 10 10 10 10 10 10 10 10 10 10 10 2 10 2 8 10 10
left_child=1 2 13 4 5 14 -7 -3 24 22 25 -12 -11 21 -2 -10 17 19 26 -5 -19 -1 -9 -20 -4 -6 -18
right_child=3 7 8 16 10 6 -8 9 15 12 11 -13 -14 -15 -16 -17 18 20 23 -21 -22 -23 -24 -25 -26 -27 -28
leaf_value=0.0057290400343531092 -0.00079283036557547398 0.029412346773382333 -0.0035192432138910902 0.014084946314448388 0.0026783060321739515 0.0064761643418166275 -0.0028987364370073663 -0.018077241974577715 -0.0041349539908387472 -0.00083448773352583672 -3.0231556729432102e-05 0.0069264662409292497 0.0031649730788955704 0.014499761253536587 0.0072772864107797644 0.003045835152154305 0.0020118285989947473 0.0039044546517759716 0.02412842556970329 0.038567327324616381 0.024715060189247878 -0.012799830139782163 -0.0045742664947473676 0.0082464320636188842 -0.009329837896031163 -0.005590527895108284 -0.01315848424841267
leaf_weight=26.551895648241043 253.45116068422794 18.020238667726517 287.10194762051105 51.054101571440697 324.97817710042 264.44796018302441 1030.5827761590481 49.881636768579483 3722.3580100461841 8863.8851747512817 363.91647908091545 3097.6665396541357 1023.8530085980892 16.423862844705582 702.6914446502924 232.14064487069845 100.8433338701725 112.17784838378429 32.44705767929554 40.076374977827072 30.334522262215614 783.60824210941792 603.78314806520939 1256.2075519263744 948.4435079023242 141.68947467207909 36.506701186299324
leaf_count=206 1424 82 2113 258 1922 1481 5860 331 26213 56290 1967 17168 6464 125 3963 1615 524 578 167 193 149 6401 3955 6491 7063 845 192
internal_value=-7.43344e-05 -0.00250211 -0.00568171 0.00505793 0.00407248 0.0016172 -0.000974353 -0.000689258 -0.00473261 -0.000744769 0.0054767 0.00619319 -0.00041926 -0.0116164 0.00513194 -0.00371073 0.00871698 0.0152122 0.00763563 0.0252941 0.00855567 -0.0121758 -0.00564738 0.00867422 -0.00799043 0.000143796 -0.00204525
internal_weight=24415.1 16576.1 6016.63 7839.07 6179.42 2251.17 1295.03 10559.4 5190.04 10541.4 3928.25 3461.58 9887.74 826.584 956.143 3954.5 1659.65 233.643 1426 91.1305 142.512 810.16 653.665 1288.65 1235.55 466.668 137.35
internal_count=154040 110858 43736 43182 34630 12728 7341 67122 37004 67040 21902 19135 62754 6732 5387 27828 8552 1178 7374 451 727 6607 4286 6658 9176 2767 716
is_linear=0
shrinkage=0.025


Tree=31
num_leaves=31
num_cat=0
split_feature=65 64 64 15 13 49 16 27 64 9 62 68 14 68 47 49 14 59 52 52 43 52 13 61 14 47 63 9 68 43
split_gain=474.72 134.559 89.0796 50.2278 29.3475 34.0886 28.304 28.1448 26.5565 26.1662 29.3432 22.8068 33.3304 22.2673 21.0345 20.7821 19.0357 17.1611 16.5634 21.9557 17.227 16.1133 15.4647 15.3445 15.1556 14.0244 13.9394 12.1189 11.8061 10.8685
threshold=-0.23908794314485368 0.82390620727372177 0.1740466308490142 0.37654686635588813 0.0064957251016097084 0.67526194632207526 1.6908024802685011 0.058954431447894882 0.74528293594110551 0.20654543798355332 0.43322727111803444 0.24021053952996246 0.0084609031010391359 0.12845035500957966 -0.14680021770732965 0.60571466230164484 0.011944593461886808 -1.7056704561362086 0.13500000000000004 0.19500000000000003 0.21024297062540673 0.18500000000000003 0.0045719017754043134 0.39418130429693948 0.013867438837305733 0.27790513017243823 -0.94188994525468639 -0.15763272526029501 0.56731736172729974 0.45169090227045217
decision_type=8 10 10 10 10 10 10 8 8 10 10 10 8 10 10 10 10 10 2 2 8 2 10 10 10 10 10 8 10 8
left_child=2 4 3 14 11 8 15 -7 -6 28 -11 12 -2 16 -1 26 25 27 20 -20 -8 -17 -19 -18 -13 -4 -3 -15 -5 -16
right_child=1 6 13 9 5 7 18 -9 -10 10 -12 24 -14 17 29 21 23 22 19 -21 -22 -23 -24 -25 -26 -27 -28 -29 -30 -31
leaf_value=-0.016563126192064521 -0.010109507224602327 -0.017545389781789201 -0.0090661632259477886 -0.0072021186277546881 0.0016574595187303165 -0.0022364754509140174 -0.013583778692143582 0.03065269024952787 0.0055083713209801719 -0.0013724572562928254 0.02853748385553519 0.0010749848385106953 0.00021430216160961738 0.034065837969744953 0.0010383659920604111 -0.0052495770448569515 -0.0050329797196904114 -0.0044804262031359378 0.016695908313072536 0.0082193610015517168 0.011078503873712883 0.0033643219111252169 -0.001460444205585827 0.02014040231010825 -0.0065624681292097437 0.00039577960691143459 0.0060207195457764161 0 0.0010247228351622343 -0.010289062473677795
leaf_weight=441.0919084623456 370.11937513947487 14.494873180985449 618.35782937705517 2065.9877616241574 3433.9091090559959 1173.7205786854029 39.629228845238686 15.268398344516752 1666.9818038344383 362.44738717377186 20.519201636314392 1767.1800135821104 409.63689038157463 12.734444364905356 61.389100439846516 186.90758107602596 30.000046297907829 1355.9928721860051 226.9376570135355 1316.069391399622 29.880856901407242 483.92182815074921 4920.6520671024919 27.917262196540833 177.49667505919933 114.37524971365929 2670.6890408545732 12.853534400463106 113.12761773169041 329.24498215317726
leaf_count=3703 2403 88 4463 15283 20834 7143 216 90 9506 2587 142 10910 2531 83 459 1060 204 9207 1158 6790 160 2677 32807 186 1066 791 14417 85 809 2567
internal_value=-0.000102796 0.00291234 -0.00412374 -0.00745535 0.0010903 0.0020294 0.00621547 -0.00177735 0.00291842 -0.0057125 0.000294718 -0.00107499 -0.0046844 -0.00252758 -0.0127991 0.00489943 -0.00648401 -0.0020289 0.00894413 0.00948291 -0.00286785 0.000948055 -0.0021148 0.00713673 0.000370419 -0.00758076 0.00588293 0.0179138 -0.00677126 -0.00849206
internal_weight=24469.5 13982.8 10486.7 3393.81 9014.31 6289.88 4968.53 1188.99 5100.89 2562.08 382.967 2724.43 779.756 7092.88 831.726 3356.01 790.65 6302.23 1612.52 1543.01 69.5101 670.829 6276.64 57.9173 1944.68 732.733 2685.18 25.588 2179.12 390.634
internal_count=154425 81049 73376 25550 54483 37573 26566 7233 30340 18821 2729 16910 4934 47826 6729 18242 5644 42182 8324 7948 376 3737 42014 390 11976 5254 14505 168 16092 3026
is_linear=0
shrinkage=0.025


Tree=32
num_leaves=29
num_cat=0
split_feature=65 64 46 65 63 64 49 46 51 60 48 17 4 47 55 47 47 51 72 48 38 51 32 58 23 77 23 65
split_gain=476.378 98.1312 76.9436 40.1887 28.4419 23.7685 24.6869 22.8918 21.7566 24.3372 21.2179 20.1079 18.9448 16.02 15.342 18.8274 16.2447 13.759 17.1523 13.3532 12.2616 10.8865 10.8307 15.1247 10.1067 10.4394 8.82831 4.31727
threshold=-0.21819186992258924 0.74528293594110551 0.31961458647185775 -0.59213514504148201 -0.42322300166429622 0.96719734942567903 -0.23714362499156966 1.910380801786931 1.905 0.43151405612266552 0.41229692812829749 -0.027995780968599223 -0.23336220962815138 2.2307544620814661 0.16500000000000006 -0.16227267156979783 -0.21287685589232144 1.425 0.99371727059814219 0.99931401036723688 -0.2715908360626868 2.9550000000000005 0.18189468933524469 0.34352710858396934 0.17427921233912103 -0.34819937358094194 1.3479836017116578 -0.70887345770030563
decision_type=8 10 10 10 10 10 10 10 2 8 10 10 10 10 2 10 10 2 10 10 10 2 8 8 10 10 8 10
left_child=2 7 10 8 21 6 -6 13 11 -10 17 -4 -7 19 15 -5 -16 20 -19 -2 -1 26 23 -9 25 -12 -3 -26
right_child=1 4 3 14 5 12 -8 22 9 -11 24 -13 -14 -15 16 -17 -18 18 -20 -21 -22 -23 -24 -25 27 -27 -28 -29
leaf_value=0.011609104042844928 0.0011903111462760894 -0.0049605811069459308 -0.0095472207592413334 0.017339290160376133 0.0062063524263780362 0.0010876820893656689 0.0027875426068846398 0.025946324165436546 -0.002725292491931805 -0.0078172975373811335 0.009353149427836176 -0.0019059250072101315 0.010672806636366218 0.023843048709029931 -0.0048623803787662782 0.00097607132038220418 -0.0010746702434169407 -0.011855901516197882 0.019011210476004608 -0.0024141122705338002 -0.007111745994710171 0.017373779952739365 0.03360549061196514 -0.0063157484157210638 0.0038485424128120588 -0.015780472662823581 0.0072428693988027711 0.0270983579430451
leaf_weight=28.549590840935707 5848.7144414484501 256.77866590023041 243.31541370600462 53.478385880589485 3628.3311158567667 154.96514643728733 2095.4245506227016 15.559835329651831 868.74303971230984 1851.7223595529795 19.227293707430363 1859.3932866379619 830.19713029265404 17.727172821760178 885.54059566557407 230.92382244765759 3557.8932188004255 1013.5338752046227 10.16306499391794 719.34338083863258 80.271955654025078 15.703978478908537 16.616414681077003 18.441115066409111 10.176545470952989 19.460863247513771 41.736321866512299 11.914017885923384
leaf_count=217 35900 1534 1718 352 19665 792 11699 87 6281 13507 141 13135 4191 89 5875 1509 23417 8087 78 4397 606 94 85 105 81 142 247 82
internal_value=7.66523e-05 0.00317467 -0.00386116 -0.00311139 0.00523448 0.00557908 0.00495691 0.000993139 -0.00471746 -0.00619591 -0.00984676 -0.00279865 0.00917584 0.000861552 -0.00147057 0.00413916 -0.00183233 -0.0106209 -0.0115202 0.000794039 -0.00205907 -0.00209263 0.0175527 0.00861647 0.00438332 -0.0031959 -0.00320719 0.0174599
internal_weight=24403.8 13659.5 10744.3 9551.01 7023.14 6708.92 5723.76 6636.4 4823.17 2720.47 1193.3 2102.71 985.162 6585.78 4727.84 284.402 4443.43 1132.52 1023.7 6568.06 108.822 314.219 50.6174 34.001 60.7787 38.6882 298.515 22.0906
internal_count=154113 78885 75228 65794 38222 36347 31364 40663 34641 19788 9434 14853 4983 40386 31153 1861 29292 8988 8165 40297 823 1875 277 192 446 283 1781 163
is_linear=0
shrinkage=0.025


Tree=33
num_leaves=30
num_cat=0
split_feature=64 64 46 62 16 55 60 39 61 26 54 40 54 51 9 33 78 54 12 64 23 55 78 9 55 60 21 13 76
split_gain=461.742 114.817 93.8645 38.65 34.2471 27.7893 27.3044 26.8104 26.2112 24.16 24.5912 23.3379 21.3496 21.268 39.8767 22.4693 18.127 17.1163 16.0383 13.7012 12.6088 12.6051 12.3719 10.8204 14.7755 12.4576 10.8095 11.005 8.42576
threshold=0.49258471247806168 0.74134182908545743 0.29226491699120738 0.10636122351303139 1.6908024802685011 1.0950000000000002 0.080881963450163338 0.015317282313024318 -1.5925282448527731 0.020842610551748315 94.683850000000021 0.010798581598579863 116.08025000000002 1.8250000000000004 -0.2679573375709432 -0.015680845203649704 0.87910817134629238 114.42270000000001 0.018913931450889786 0.15424828825970868 -0.77240695495396638 0.16000000000000006 0.15417112776588154 0.20654543798355332 1.3050000000000004 0.33130697216063076 33.587797758394224 0.0043007154029061521 0.02098638197417332
decision_type=8 10 10 10 10 2 10 10 10 2 2 10 2 2 10 10 10 2 10 10 8 2 10 10 2 8 10 8 10
left_child=2 8 19 23 6 16 7 -3 18 17 -11 -7 -8 14 -6 -15 -5 -10 20 26 -2 -21 -23 25 -25 -4 27 -1 -28
right_child=1 4 3 5 13 11 12 -9 9 10 -12 -13 -14 15 -16 -17 -18 -19 -20 21 -22 22 -24 24 -26 -27 28 -29 -30
leaf_value=0.014189097834554196 0.026283475320637753 0.0041527940489869365 -0.003214023737238943 -0.0015958609806848555 0.016844218749615093 -0.0033457721197534349 0.0042482820484854716 0.012001005850484057 -0.0015942048009968445 0.01079914484211647 0.0017565390788695846 -0.010037504425844994 -0.00041763705726993494 0.0052872473424492453 0.002609505622773099 0.013078758001340196 0.0038200155489520327 0.0020863908912842825 -0.0082333957865822986 0.014522991952534248 0.0090426698190758902 0.0012908269591231773 -0.010190573964017666 -0.00443553766484689 0.012014926348536193 -0.0088146584241999369 0.0065192650416099202 -0.0096068646355141687 -0.01543543040227573
leaf_weight=14.889391325414179 33.813596472144127 587.32805924117565 337.54562778770924 4491.8101886883378 149.88712383806705 2483.569280102849 3348.5938404947519 515.5234062820673 2969.4691110700369 203.23455129563808 2417.8208976238966 376.19306139647961 746.41323156654835 347.15344911813736 676.54973331093788 731.99175401031971 420.74852372705936 1073.2070168852806 25.082924082875252 14.016902633011339 133.69181658327579 67.043846122920513 401.26204869896173 195.59930197149515 39.971026264131069 1012.0647059306502 10.076879389584063 47.249815694987774 474.98746854066849
leaf_count=117 194 3173 2471 30442 755 17166 18530 2787 18479 1206 14717 2597 4192 1791 3588 3780 2839 6643 149 101 763 495 2999 1403 290 7577 83 396 4073
internal_value=0.000199923 0.00316989 -0.00379078 -0.00300052 0.00539731 -0.00227277 0.00434143 0.00783726 0.000860554 0.00059567 0.00246518 -0.00423251 0.0033961 0.00826896 0.00522093 0.0105879 -0.00112966 -0.000614935 0.00992662 -0.0109544 0.0127297 -0.0078119 -0.0085318 -0.00655963 -0.00156584 -0.00742356 -0.0136875 -0.00362582 -0.014949
internal_weight=24346.8 13959.8 10387 9357.5 7103.44 7772.32 5197.86 1102.85 6856.32 6663.73 2621.06 2859.76 4095.01 1905.58 826.437 1079.15 4912.56 4042.68 192.588 1029.53 167.505 482.323 468.306 1585.18 235.57 1349.61 547.204 62.1392 485.064
internal_count=153796 80747 73049 64785 38596 53044 28682 5960 42151 41045 15923 19763 22722 9914 4343 5571 33281 25122 1106 8264 957 3595 3494 11741 1693 10048 4669 513 4156
is_linear=0
shrinkage=0.025


Tree=34
num_leaves=31
num_cat=0
split_feature=65 64 14 64 16 62 55 51 73 53 55 49 60 57 12 8 68 69 47 12 49 31 60 26 39 61 26 59 54 7
split_gain=440.488 101.642 82.1502 55.5978 46.1897 27.791 24.2757 23.7943 29.4223 23.733 22.0684 52.2767 27.4154 20.8133 20.4459 19.6119 18.9618 18.9068 21.7911 18.2724 17.9273 14.9287 20.7348 13.5575 15.3729 12.6093 11.0844 10.6237 5.82868 4.33137
threshold=-0.02484333567702451 0.21812477224044302 0.0073434088862415819 0.87066310274021108 0.14625172798249672 0.15828059071729961 1.5550000000000004 1.7850000000000004 0.99539614091246875 13.980000000000002 1.1650000000000003 0.26759038574634142 0.21595781771420552 0.35401256263469755 0.0089116062440489727 -0.14553378613872561 0.97116371812820856 3.285980170149482 0.82208680821743574 0.010282866878238397 0.60571466230164484 -0.069993885355459903 0.12447695082024618 0.025437659628093533 0.043745766624033962 0.886706363520117 1.0000000180025095e-35 2.1017612516333788 116.39900000000002 -0.021988807240866211
decision_type=8 10 10 8 10 8 2 2 10 2 2 10 10 10 10 10 10 8 8 10 8 8 10 2 10 8 2 8 2 10
left_child=1 4 5 6 26 21 16 9 -9 -6 12 15 14 -8 -3 -12 -4 20 -19 -14 -5 22 -2 27 -25 -13 -1 -7 -28 -23
right_child=2 10 3 17 7 23 13 8 -10 -11 11 25 19 -15 -16 -17 -18 18 -20 -21 -22 29 -24 24 -26 -27 28 -29 -30 -31
leaf_value=0.0019173823817219431 -0.017673562690230734 0.029736600011144965 0.0023880622927845798 0.0077677246024665291 0.0055432755831211792 -0.00013406939714437826 0.013855860483564519 -0.0059900228025911327 -0.01404753834018597 -0.0042048739484579368 0.013987902237798156 -0.01100374953549728 -0.0058583812543710123 0.0029053473922902176 0.0027628575781297082 -0.0019685103345866328 0.015442296063783263 0.03051016231009171 0.0096437812116745916 -0.00084619555005824927 0.0035161822536377398 -0.0010095382769293214 0.018186564017845009 0.0032280898057012531 0.024448349200272789 0.0028498027984833669 -0.018863049824976434 -0.012744987475082773 -0.0042597208710502543 -0.013291994098914576
leaf_weight=18.433936059474945 14.84615385532379 16.793784476816654 4576.0665996074677 2686.8204647004604 175.36965923756361 1837.8171276003122 232.88320074975491 2178.6194297149777 327.70845080167055 1318.2855813056231 47.836951076984406 541.52967102080584 508.7034218236804 207.49619407951832 919.26978377997875 2406.6053054332733 69.699981227517128 43.81412610411644 115.44904518127441 4268.8172105029225 819.16891551017761 21.988575652241707 25.645940557122231 475.7910368591547 21.340961828827858 43.039040938019753 227.49686035513878 41.563499376177788 20.805098220705986 156.71635061502457
leaf_count=132 92 118 26461 14018 1295 10934 1295 16306 2603 9625 308 3707 3489 1177 6005 15952 373 219 569 27925 4486 142 159 2726 122 289 2001 236 179 1010
internal_value=6.13701e-05 -0.00307623 0.00366196 0.00482035 -0.00624005 -0.000241059 0.00312499 -0.00556198 -0.00705277 -0.0030518 -0.00153244 -0.00325384 -0.000615032 0.00873514 0.00329224 -0.00164778 0.00258946 0.00716911 0.0156162 -0.00138279 0.00677804 -0.00873555 0.00472854 0.000543288 0.00421077 -0.00996723 -0.0163099 -0.000424909 -0.0176959 -0.0118392
internal_weight=24366.4 13019.3 11347.1 8751.4 4266.72 2595.71 5086.15 3999.98 2506.33 1493.66 8752.6 3039.01 5713.58 440.379 936.064 2454.44 4645.77 3665.25 159.263 4777.52 3505.99 219.197 40.4921 2376.51 497.132 584.569 266.736 1879.38 248.302 178.705
internal_count=153953 89934 64019 48598 32141 15421 29306 29829 18909 10920 57793 20256 37537 2472 6123 16260 26834 19292 788 31414 18504 1403 251 14018 2848 3996 2312 11170 2180 1152
is_linear=0
shrinkage=0.025


Tree=35
num_leaves=27
num_cat=0
split_feature=65 65 65 46 46 16 52 51 47 55 12 54 73 48 34 3 49 61 79 21 12 49 4 76 15 30
split_gain=416.972 86.2139 74.9647 36.1268 34.2071 29.2812 26.1331 24.1007 23.987 44.745 24.6245 20.9148 20.4988 20.1493 19.8398 19.113 18.1727 17.861 16.5175 14.9245 13.0928 12.038 10.653 9.46214 7.02769 6.98976
threshold=-0.23196881137283223 0.29417005809270536 -0.72953336835506122 0.29226491699120738 0.77018357923216529 2.5508944454536091 0.13500000000000004 1.7850000000000004 0.013944655690336183 0.03000000000000003 0.013795846292069433 117.7634 2.5727900002885167 -1.9217143866488644 -0.014739018090494159 -0.077406692598545754 -3.0083809283544585 1.2303989880386521 -0.55472550989638514 54.001610129808704 0.04482431517779429 0.58917758081781413 -0.10366340086406449 0.02098638197417332 0.26808212335965947 0.097461464046087368
decision_type=8 8 10 10 10 8 2 2 10 2 10 2 10 8 10 10 10 8 10 10 10 10 8 10 10 10
left_child=2 12 3 19 20 6 -6 14 9 -4 -11 -9 13 -2 -5 25 -7 -17 -15 22 21 -3 -1 -21 -22 -10
right_child=1 4 8 7 5 16 -8 11 15 10 -12 -13 -14 18 -16 17 -18 -19 -20 23 24 -23 -24 -25 -26 -27
leaf_value=0.016295976471480143 0.024402230616667162 0.0013077784613344063 0.037651554608998716 -0.0069456185845183319 -0.0032839798007181426 0.0039325643567925993 0.0052165715815505539 -0.0077388761246676473 -0.0095851963184460515 -0.0066381026607987247 -0.0013629463539036005 0.0061155823933745183 -0.021029877767083326 0.0033114906281865816 -0.00044211066385797744 -0.0010995383955435605 0.018394822605396252 0.0063042145569722876 2.2523474183263826e-05 0.0055811989894870486 0.0040278536576386411 -0.0051379525263182228 -0.0086385640643137137 -0.016255941654523483 0.026388315415554614 0.0085338476488116995
leaf_weight=9.8592399060726148 21.18788668513298 729.28147028386593 14.595096111297606 461.47854166477919 232.95653133094311 83.653176173567772 6038.2795825004578 1905.9524839445949 198.43153928220272 1392.2750468105078 925.02588636428118 69.167123973369598 25.986155241727829 1170.9684200584888 808.19879999756813 3816.0171413347125 166.42623443901539 213.72345059365034 5161.184233918786 11.7913361787796 20.524375796318054 239.3986843675375 277.80769180506468 341.96256533265114 16.351931497454643 12.91257059574127
leaf_count=82 109 4091 97 3332 1331 406 32586 14337 1311 9673 6187 512 156 7225 5825 25581 818 1415 31782 96 104 1381 2373 2977 85 85
internal_value=-7.23713e-05 0.00276352 -0.00384348 -0.0065966 0.00457565 0.00523741 0.00489904 -0.00551689 -0.00221367 -0.00425088 -0.00453738 -0.00724649 0.000623772 0.000717473 -0.00281611 -0.00109088 0.0136288 -0.000703249 0.00063243 -0.0120264 0.000275431 -0.000281866 -0.00769387 -0.0154905 0.0146592 -0.00840095
internal_weight=24365.4 13906.2 10459.2 3886.22 7526.87 6521.32 6271.24 3244.8 6572.98 2331.9 2317.3 1975.12 6379.33 6353.34 1269.68 4241.08 250.079 4029.74 6332.15 641.421 1005.56 968.68 287.667 353.754 36.8763 211.344
internal_count=153957 80074 73883 29534 40802 35141 33917 24006 44349 15957 15860 14849 39272 39116 9157 28392 1224 26996 39007 5528 5661 5472 2455 3073 189 1396
is_linear=0
shrinkage=0.025


Tree=36
num_leaves=31
num_cat=0
split_feature=64 64 67 15 3 51 63 26 44 52 15 46 13 9 51 47 28 54 61 40 49 50 49 43 76 51 16 40 40 24
split_gain=392.934 90.5407 70.4046 40.8 34.5948 59.1177 33.196 27.3616 26.5744 23.2387 26.7913 22.9143 23.6757 22.674 21.0843 21.0203 20.6118 20.349 16.5074 15.9639 15.9167 15.2054 12.0969 12.0805 11.5654 10.923 12.5538 10.6627 7.58959 6.13385
threshold=0.5873833975181858 0.1740466308490142 0.025057204753786311 0.37654686635588813 0.096585068163130519 1.7850000000000004 1.0889967596136798 0.023250848505618583 -0.34449117017105979 1.3250000000000004 2.0081464451097717 1.3339615125134625 0.004491960780066139 0.20654543798355332 2.3450000000000002 -0.15473468633002183 0.38202004789091393 116.08025000000002 -0.28332396295466639 0.013103853991238265 0.19535571210164412 -2.200690082510647 -3.0083809283544585 0.073379130740909779 0.30793423778054757 0.90000000000000013 1.3531424951895297 0.0052032216286583832 0.0033439287259829985 -1.0457276069247172
decision_type=10 8 10 10 10 2 8 2 10 2 10 10 8 10 2 10 10 2 8 10 10 8 10 8 10 2 10 10 10 10
left_child=1 3 7 15 5 8 11 25 -4 10 -6 12 -3 18 -13 28 20 -7 -5 -15 -9 -8 -18 -17 -11 29 -27 -23 -1 -2
right_child=2 6 4 13 9 17 21 16 -10 24 -12 14 -14 19 -16 23 22 -19 -20 -21 -22 27 -24 -25 -26 26 -28 -29 -30 -31
leaf_value=-0.0035422350223194236 0.0011475502662778748 -0.0047743799975991054 -0.0058167748115760575 -0.0027403302655710881 0.0080269192043810056 0.0066843987640519912 0.030134927340148283 0.002569209619292568 0.0021239653018441762 0.011378124762318503 0.018327659744403271 -0.00093522793039189315 -0.0014913578402833989 -0.0010184629796331408 0.0091585444233175228 0.0052681128198999111 -0.014029589357146481 0.00078515330598024561 -0.0073966588288226004 0.014957840094743755 -0.0081781722636813711 -0.0098967501562708029 0.0067018747222966045 -0.0086224026933222828 4.374485296228625e-07 -0.0016565117842286493 0.0021880601537560811 0.010534880469471042 -0.016275760258295972 -0.013035653868521957
leaf_weight=34.197369247674942 24.910817340016365 1676.0080170407891 303.1778349429369 731.34744392335415 435.76605287194252 3688.6446080505848 20.707425504922867 279.40550063550472 1942.9636881500483 76.985620319843292 253.90345987677574 308.67477364838123 7668.9441563412547 331.65362979471684 219.758176907897 42.483727596700191 16.688601553440094 409.24664500355721 1405.7903221100569 43.032204575836658 122.88136675953865 18.076041117310524 768.05373179912567 353.45519495010376 199.99513620138168 1629.4281942248344 784.98116999864578 88.071177363395691 378.33250370621681 66.894017532467842
leaf_count=304 151 11534 1671 5438 2320 20204 94 1597 10821 389 1294 1947 50948 2400 1373 321 89 2259 10664 298 727 100 4417 2832 1046 9779 4539 488 3303 403
internal_value=6.8449e-05 -0.00281908 0.00356449 -0.00639614 0.00498581 0.00431079 -0.00163005 0.000748291 0.00104628 0.00939725 0.0118553 -0.00179453 -0.0020815 -0.00481465 0.00325952 -0.011286 0.00387396 0.00609749 -0.00580916 0.000838337 -0.000709625 0.0110099 0.0062307 -0.00710167 0.00322522 -0.000730286 -0.00040298 0.00691393 -0.0152517 -0.00914132
internal_weight=24324.5 13320.5 11003.9 3320.29 7310.68 6344.03 10000.2 3693.24 2246.14 966.65 689.67 9873.39 9344.95 2511.82 528.433 808.469 1187.03 4097.89 2137.14 374.686 402.287 126.855 784.742 395.939 276.981 2506.21 2414.41 106.147 412.53 91.8048
internal_count=153750 92044 61706 25560 40004 34955 66484 21702 12492 5049 3614 65802 62482 18800 3320 6760 6830 22463 16102 2698 2324 682 4506 3153 1435 14872 14318 588 3607 554
is_linear=0
shrinkage=0.025


Tree=37
num_leaves=28
num_cat=0
split_feature=65 65 15 26 54 58 11 58 4 9 52 11 48 79 48 40 25 69 26 44 40 12 51 19 48 37 48
split_gain=327.728 114.194 52.5931 34.2865 30.5791 23.5732 22.379 32.6288 22.2649 40.3222 32.9742 21.8529 20.2928 18.5864 17.9849 30.2942 16.6523 17.2369 16.1279 16.0721 13.3722 12.8209 12.4676 11.8278 11.2975 10.9176 5.3379
threshold=-0.45338169029709247 0.29417005809270536 0.50488255393982073 0.027600850202660118 116.12250000000002 0.10062247362235742 0.0095794458365689832 0.088727133081971818 -0.11272413521498496 -0.32459048273431573 0.18500000000000003 0.01049136773236343 -0.59192827384989133 -0.42546206269811931 0.59222521729760114 0.0050436044019060355 1.0000000180025095e-35 -1.5004005482523086 0.015221001400726042 1.495005012849915 0.0037916494529791596 0.013156505295062104 1.5250000000000001 0.20850599948390228 0.41229692812829749 -0.3965689810335043 -0.32722543896403139
decision_type=8 8 10 2 2 10 8 10 8 8 2 8 10 10 10 10 8 10 2 8 10 10 2 10 8 10 10
left_child=2 6 16 4 11 20 7 26 10 -10 -5 -3 -9 21 18 -16 -1 23 -8 -15 -4 -7 -19 -18 -6 -22 -2
right_child=1 3 5 8 24 13 14 12 9 -11 -12 -13 -14 19 15 -17 17 22 -20 -21 25 -23 -24 -25 -26 -27 -28
leaf_value=0.01586117418080845 -0.0089759930385178589 -0.0026521470454867854 0.027906739276454037 -0.010741139997812614 0.00098290426189332576 -0.0022441405641167168 -0.00069714054430631645 -0.0079037177035414883 0.023347301377918468 0.0066382279524974169 0.0043919139180771984 0.004055568851378537 0.00030068287327605133 -0.00365961778767512 0.0040414518743222714 -0.0035586037810209029 -0.012860602904768169 -0.0018443420605136118 0.001971014861792878 -0.0088427069413849601 -0.0045454999936717731 0.0046658025007065016 -0.0079166144528606975 0.0048608808024055913 -0.0058889368160959694 0.0085236126017382303 -0.018363713887273033
leaf_weight=16.784744761884212 93.482790067791939 330.37151798605919 14.317408882081507 100.77711562812328 282.56891405582428 484.70794492959976 2137.6493951231241 241.63539585471153 93.528408408164978 2240.9797836840153 754.83331562578678 3477.9208184927702 833.6721964776516 4216.1217903792858 427.55992044508457 1383.8101371377707 515.83269792795181 266.31801590323448 4169.9195184111595 412.78602203726768 63.446661151945591 255.06768515706062 1108.4525029808283 23.439229980111122 311.95319798588753 101.87572766840458 75.933471217751503
leaf_count=118 629 1948 99 555 1562 3452 13549 1579 465 11889 3980 18846 5456 30064 2640 8625 4397 1946 25921 2930 438 1758 8506 177 1737 707 509
internal_value=-0.000119312 0.0018032 -0.00447859 0.00408125 0.00264707 -0.00323839 -4.35382e-05 -0.003164 0.00605654 0.00732251 0.00258818 0.00347105 -0.00154274 -0.00353765 0.000434336 -0.00175904 -0.00803426 -0.00825753 0.00106562 -0.00412562 0.005628 0.000131919 -0.00674839 -0.0120674 -0.00261485 0.00346636 -0.0133272
internal_weight=24435.7 16956.6 7479.15 7592.93 4402.81 5548.32 9363.66 1244.72 3190.12 2334.51 855.61 3808.29 1075.31 5368.68 8118.94 1811.37 1930.83 1914.04 6307.57 4628.91 179.64 739.776 1374.77 539.272 594.522 165.322 169.416
internal_count=154482 99890 54592 40982 24093 39448 58908 8173 16889 12354 4535 20794 7035 38204 50735 11265 15144 15026 39470 32994 1244 5210 10452 4574 3299 1145 1138
is_linear=0
shrinkage=0.025


Tree=38
num_leaves=29
num_cat=0
split_feature=64 65 46 64 69 9 26 54 49 55 48 61 54 54 30 11 61 25 49 9 61 8 54 26 42 42 26 73
split_gain=378.56 111.093 41.2967 40.5965 30.4457 26.6076 25.783 23.9297 23.2268 22.4088 22.2896 34.0906 29.2686 20.6249 19.2316 18.5187 18.3897 18.2296 17.9963 17.2442 16.4253 16.0369 17.1004 15.4908 15.4539 12.9772 12.5619 9.92814
threshold=0.67894769528321575 -0.59213514504148201 0.40249867002007228 0.96719734942567903 -0.55877613944072058 inf 0.02001819331757046 114.10190000000001 0.52836607096876209 1.4950000000000003 0.89992478245102825 -1.312003084166893 114.10190000000001 94.683850000000021 0.13662198335021206 0.010384267965414978 -0.34469031774294207 1.0000000180025095e-35 0.27801293519840781 0.21924716372361255 0.75644238436003886 -0.21987144031764408 118.87420000000002 0.0087741937726960543 0.010529554123296656 -0.0073641257586687303 0.022947171667404904 0.015345154810147815
decision_type=10 8 10 10 10 8 2 2 10 2 10 10 2 2 10 8 10 8 10 10 8 10 2 2 10 10 2 10
left_child=1 2 17 4 9 21 7 18 15 26 11 -6 -12 -11 16 -8 -4 -1 -3 -19 -10 27 -23 -9 -16 -7 -2 -5
right_child=3 6 14 5 10 25 8 23 20 13 12 -13 -14 -15 24 -17 -18 19 -20 -21 -22 22 -24 -25 -26 -27 -28 -29
leaf_value=0.016157457386955367 -0.0053337228765772708 -0.0020514815823764374 -0.0015937724593120166 0.003526190842015998 0.010367215877867987 0.036802164159320798 -0.0040479950418573661 -0.0065940513957592362 -0.004011744632289066 -0.0055009174856061153 -0.0020960495108881014 0.0041175525855725644 0.0045988239548521211 0.014558778807688404 0.010715510798685938 0.0026304513531177813 -0.0053205218329545776 -0.010710930732064104 -0.0062616949519951753 -0.0008763094604162813 0.0060796718183642748 0.0086338092177313825 0.030177512089026016 0.0011975809270889481 -0.0097490846181068919 0.011657837913668517 0.001232567122710699 -0.012518972243368204
leaf_weight=16.077772527933121 435.49714404344559 3505.7159164175391 1131.2298935800791 139.48695701360703 620.50553824007511 29.481232821941376 286.85597939789295 173.62774601578712 766.70559863746166 45.843827351927757 754.70882807672024 4628.3023870140314 883.78010454773903 98.175688326358795 92.216815263032913 2561.2843394726515 3161.5851041823626 1058.0124352946877 777.86630465090275 126.65887534618378 114.42798227071762 759.00078457593918 23.105654016137123 1799.6269529983401 29.227686449885368 26.745172366499901 309.02568925917149 27.824471458792686
leaf_count=111 2550 22685 8146 706 3323 139 1873 1149 4930 259 4163 25495 4893 554 643 16007 23091 8914 5163 1013 727 3788 106 11623 210 126 1743 144
internal_value=-3.4633e-05 -0.00237197 -0.0051852 0.00411676 0.00350283 0.00884651 -0.000788957 -0.00176994 0.000854926 -0.00084445 0.00406482 0.00486001 0.00151123 0.0081291 -0.00406201 0.00195376 -0.00434093 -0.00929992 -0.00281931 -0.00966774 -0.00268624 0.00782349 0.0093251 0.000504602 0.00568201 0.0254659 -0.00260063 0.000743169
internal_weight=24382.6 15601.1 5615.01 8781.48 7775.84 1005.64 9986.11 6256.84 3729.27 888.542 6887.3 5248.81 1638.49 144.02 4414.26 2848.14 4292.81 1200.75 4283.58 1184.67 881.134 949.418 782.106 1973.25 121.445 56.2264 744.523 167.311
internal_count=154274 106285 42128 47989 42980 5009 64157 40620 23537 5106 37874 28818 9056 813 32090 17880 31237 10038 27848 9927 5657 4744 3894 12772 853 265 4293 850
is_linear=0
shrinkage=0.025


Tree=39
num_leaves=30
num_cat=0
split_feature=65 65 46 65 51 46 60 3 48 46 51 11 4 72 39 65 33 11 78 47 12 60 46 42 21 78 68 57 58
split_gain=315.67 74.424 71.6668 33.4073 26.8542 25.6768 26.408 36.3706 24.0571 23.4281 22.5722 19.4094 28.8257 18.6746 18.5193 18.4833 18.4205 16.2101 22.9137 15.827 36.1023 21.0633 15.6391 15.6074 14.4982 14.368 12.4589 11.1999 9.79953
threshold=-0.16803296276801202 0.34676514493573546 0.29226491699120738 -0.72953336835506122 1.7850000000000004 0.68770772713180206 0.15231194475352799 0.039193241090395355 0.49010892514509591 1.8090463578512599 1.425 0.0095280823394904464 -0.10091986378226873 0.87066310274021108 0.015670882025268121 -1.2150800542242535 0.029775098391621738 0.013570540502676068 0.16632651786197736 -0.21287685589232144 0.015032885805002479 0.91710114242865348 0.64939231204954395 0.0004026498636771665 27.257028680260245 0.59388200695125226 0.0085745007398149112 -0.073700908518055649 0.34755447501170111
decision_type=8 8 10 10 2 10 10 10 10 10 2 8 10 10 10 10 8 10 10 10 10 10 8 10 10 10 8 10 10
left_child=2 9 8 4 15 16 7 -7 17 11 -8 12 -2 -6 28 -4 26 24 -19 20 -5 -21 -18 -13 -1 -16 -3 -10 -11
right_child=1 5 3 19 13 6 10 -9 27 14 -12 23 -14 -15 25 -17 22 18 -20 21 -22 -23 -24 -25 -26 -27 -28 -29 -30
leaf_value=0.00039917833868563063 -0.01459138370641478 0.0092916126575038806 -0.010410843175651665 -0.0067584304847503138 -0.0054645923526190814 0.0052108131517637213 -5.8169442379220927e-05 0.012850859681866457 -0.0024778146252521275 0.012603438726060727 0.0046231592656351276 -0.00020500327588940555 -0.00093461981331893317 -0.013093191552868906 0.031737781053760197 -0.00061579154181613447 0.0032790595123132595 0.021357645276624593 -0.0065717716793710981 -0.0012132736640949808 0.0017183743666896836 0.0056527086348546517 0.021923610296648355 0.002576231007729348 -0.011961871503973176 0.0022959883522974812 -0.003248483446329083 0.026449452983750933 -0.01290088041509937
leaf_weight=62.482870630919933 124.62040303647518 53.144550964236259 134.01996448636055 909.12745000422001 1715.044891782105 1457.607136413455 777.91774798929691 535.57518258690834 15.802164077758791 17.164046853780746 3644.722844094038 3300.8278555721045 422.86391958594322 229.08155477046967 34.776221632957458 1122.9817366451025 141.87327136099339 21.718236997723579 90.656854517757893 5297.1795766204596 476.88194693624973 293.31040016561747 34.536013156175613 2034.9817308783531 836.01927850395441 15.627224206924437 535.92842788994312 15.223865784704683 18.089029058814049
leaf_count=494 851 290 1028 6248 13020 7660 4314 2755 115 89 19445 19928 2686 1825 191 8131 782 158 675 35438 3155 1927 183 12420 7043 90 3028 110 105
internal_value=2.11458e-05 0.0026495 -0.00305879 -0.00241783 -0.00453302 0.0043641 0.00488037 0.00727398 -0.00930272 0.00058492 0.00379825 0.00039324 -0.00408201 -0.00637487 0.0134768 -0.00167502 2.63524e-05 -0.00997549 -0.000939314 -0.0014456 -0.00383746 -0.000850566 0.00709483 0.000854645 -0.0110945 0.0230206 -0.00208785 0.0119399 -0.000271454
internal_weight=24369.8 13150.3 11219.5 10177.6 3201.13 7181.31 6415.82 1993.18 1041.9 5968.95 4422.64 5883.29 547.484 1944.13 85.6565 1257 765.482 1010.88 112.375 6976.5 1386.01 5590.49 176.409 5335.81 898.502 50.4034 589.073 31.026 35.2531
internal_count=154184 74817 79367 70772 24004 38457 34174 10415 8595 36360 23759 35885 3537 14845 475 9159 4283 8370 833 46768 9403 37365 965 32348 7537 281 3318 225 194
is_linear=0
shrinkage=0.025


Tree=40
num_leaves=31
num_cat=0
split_feature=64 64 15 62 64 64 1 48 57 9 61 49 69 9 4 24 61 61 61 49 59 9 39 74 53 49 40 10 25 50
split_gain=310.902 104.471 46.9282 33.0624 26.0442 24.9641 24.2019 23.6978 19.6213 18.6085 16.111 15.2816 14.7065 21.1049 14.9486 14.1187 13.804 13.6935 13.6509 26.4699 12.8155 11.6864 11.1747 10.6049 13.52 12.5311 9.84757 9.96536 8.31521 7.46838
threshold=0.66251293995859217 0.1740466308490142 0.49568728845347493 0.49677413387228814 0.35774960323185695 0.97860960120060769 0.17877213928798888 0.7945903659336534 2.413525381405552 0.98299996180921445 1.0948781967305072 -3.1989901238421576 -1.2923363116210651 0.22193333069206714 0.043298611112438719 -0.15196582105336734 -1.0000000180025095e-35 2.2046455762204746 -0.10755985071018008 -0.18226706517009525 -1.1768220906660869 0.19450301327438349 0.0064453929227689119 0.32309265376750046 12.090000000000002 -0.56347849621413848 0.0052032216286583832 0.009037575414316535 1.0707586483169844 -0.46660755499358397
decision_type=10 8 10 10 8 10 10 10 8 8 10 8 10 8 10 10 10 10 10 10 10 10 10 10 2 10 10 10 8 10
left_child=1 2 18 23 12 6 7 -5 11 17 20 -6 13 -3 -14 -12 -8 -7 19 -1 -4 -20 -11 24 29 -26 27 -25 -10 -2
right_child=3 4 10 5 8 9 16 -9 28 22 15 -13 14 -15 -16 -17 -18 -19 21 -21 -22 -23 -24 26 25 -27 -28 -29 -30 -31
leaf_value=0.005029469732956056 0.00089101738070034508 -0.010428045856482129 0.010155528218134076 0.0044028564377940052 0.022827785849045379 0.0086845600470996792 0.029569095563059394 0.0011910138364245012 0.025278107543393498 0.032281989822449356 0.013922911599251084 -0.0004431947185675703 -0.00064667542248780688 0.0063956825197996588 -0.0038788069613047062 -0.0035709040417117362 0.0060762017200707355 -0.0019770490519126281 -0.014853918940561213 -0.010016346634711607 -0.0047977070888393855 -0.0067701222146584377 0.012760962219779251 -0.0022705272327753672 0.0090939374896096825 0 -0.0056942977890154824 0.014164896305086206 0.005947957750671657 -0.011684031648733715
leaf_weight=89.307305909693241 53.846590518951416 287.42140655964613 35.061538696289062 5642.7372995316982 16.465931802988052 489.25977796316147 34.086601987481117 1936.4842305332422 23.017792895436287 28.377114728093147 55.860610671341419 7861.957335203886 1767.2956385910511 54.155453369021416 1824.1148994937539 56.486395575106144 31.175081998109818 87.181453227996826 464.95940555632114 372.9242852628231 2036.8602565303445 156.32584816217422 62.790004387497902 68.262825921177864 165.56503726541996 216.09524023532867 338.97762003540993 33.022523835301399 38.427921861410141 61.093956664204597
leaf_count=727 319 2229 256 30719 70 2425 180 10616 133 136 408 50268 12233 406 12702 415 166 428 3992 3122 15364 1276 299 411 972 1298 2004 194 209 369
internal_value=1.14898e-05 -0.00219424 -0.00615228 0.00362293 -0.00110372 0.00412483 0.00371711 0.00358354 -0.000278458 0.0087672 -0.00403291 -0.000390137 -0.00276726 -0.00772579 -0.00229114 0.00511645 0.0187719 0.00705835 -0.0104086 -0.00708768 -0.00453532 -0.0128489 0.0192588 -0.000821707 0.00167078 0.00394534 -0.00364704 0.00311792 0.0136543 -0.00578004
internal_weight=24389.6 15140.6 3267.79 9248.96 11872.9 8312.09 7644.48 7579.22 7939.87 667.608 2184.27 7878.42 3932.99 341.577 3591.41 112.347 65.2617 576.441 1083.52 462.232 2071.92 621.285 91.1671 936.864 496.601 381.66 440.263 101.285 61.4457 114.941
internal_count=154346 103810 25560 50536 78250 44969 41681 41335 50680 3288 16443 50338 27570 2635 24935 823 346 2853 9117 3849 15620 5268 435 5567 2958 2270 2609 605 342 688
is_linear=0
shrinkage=0.025


Tree=41
num_leaves=31
num_cat=0
split_feature=65 64 46 65 48 52 35 61 44 46 9 8 54 54 62 8 16 19 19 53 48 14 78 49 46 56 2 23 1 33
split_gain=318.156 79.8218 56.6308 30.7313 25.93 23.799 32.7482 22.8081 22.9967 20.8969 20.2731 40.037 36.1226 28.3751 19.3058 16.7695 16.6156 16.7506 16.0473 15.8353 15.7571 15.7333 24.3056 15.3038 14.9962 14.1686 12.1512 11.7406 10.949 8.50273
threshold=-0.23196881137283223 0.82006229090193472 0.29226491699120738 -0.72953336835506122 0.40253707198355387 0.13500000000000004 0.11337290706754512 -1.5925282448527731 -0.51592118751771465 1.8090463578512599 -0.011106710474114488 -0.075990626145200399 119.08110000000001 116.09420000000001 0.81643519151379296 0.23244214205788219 1.7302658448726136 0.22598151166235528 -0.17577832403003832 13.980000000000002 -0.77624399905713226 0.0079694056256676919 0.17060102142788067 0.96239375412211692 0.096277681705072934 0.060860746097539477 0.11029412434708942 -0.64066083435588494 -0.0036178139480320666 0.022161864426531012
decision_type=8 10 10 10 10 2 10 10 10 10 10 10 2 2 10 10 10 10 10 2 10 10 10 10 10 10 10 8 10 8
left_child=2 7 4 5 21 6 -4 18 14 -10 11 13 -13 -3 -9 20 23 -18 27 -7 -5 24 -23 -12 -1 -20 -17 -2 -6 -30
right_child=1 10 3 15 28 19 -8 8 9 -11 16 12 -14 -15 -16 26 17 -19 25 -21 -22 22 -24 -25 -26 -27 -28 -29 29 -31
leaf_value=-0.015054429722107181 0.013976583215487341 0.0058052439302641113 0.00098973340222761343 -0.0056855907985999621 0.023492611863645246 -0.0027600661121592097 0.039616493052515578 -0.0025644270268638993 0.0012176870728878627 0.0099802348997086038 0.0031331541805921185 0.0089417474814692081 0.027103051421431906 -0.0029616796225584302 0.0066148943995902321 -0.0096354584873324829 0.0039141841147464764 0.011194819469650428 -0.0010921695606533677 -0.0065314915270284664 -0.0010212293044813943 0.017760414919178888 -0.00816262988660095 -0.0031760450222956199 -0.0081754585178478566 0.019520351300871982 0.013812318121442256 -0.00095960896235087144 -0.0078496213052394789 0.017676206404728455
leaf_weight=352.63964723795652 43.013689011335373 900.29764041304588 137.43940172344446 493.90810589492321 17.151548206806183 1097.67352630198 14.108341336250303 1617.4354486763477 6598.0676813423634 173.73107594251633 1718.0405301600695 995.61114317178726 73.269303217530251 308.01666314899921 155.57686114311218 222.30580523610115 599.81457301974297 299.01976490020752 25.802333950996399 1954.3480199351907 5429.777428381145 29.913719616830349 81.185312643647194 277.18716207146645 484.45867122709751 92.17293094098568 13.435725376009939 124.99418587982655 25.942113876342773 10.455701179802416
leaf_count=3059 236 4660 963 3344 129 8363 92 10146 39434 963 9146 5154 360 1624 878 1483 3057 1487 147 14762 36723 229 628 1538 4096 534 87 689 199 80
internal_value=2.8826e-06 0.00246089 -0.00331689 -0.00271055 -0.0089667 -0.00469751 0.00491777 0.00101511 0.000781111 0.00144533 0.00492755 0.00669625 0.0102227 0.00356351 -0.00175081 -0.00167518 0.00353107 0.0063563 0.00794803 -0.00517916 -0.00141248 -0.00992706 -0.00100079 0.00225151 -0.0110997 0.0149837 -0.00820425 0.00289206 0.00774619 0
internal_weight=24366.8 14002.1 10364.7 9363 1001.75 3203.57 151.548 8830.79 8544.81 6771.8 5171.26 2277.19 1068.88 1208.31 1773.01 6159.43 2894.06 898.834 285.983 3052.02 5923.69 948.197 111.099 1995.23 837.098 117.975 235.742 168.008 53.5494 36.3978
internal_count=154290 80053 74237 65817 8420 24180 1055 53027 51421 40397 27026 11798 5514 6284 11024 41637 15228 4544 1606 23125 40067 8012 857 10684 7155 681 1570 925 408 279
is_linear=0
shrinkage=0.025


Tree=42
num_leaves=31
num_cat=0
split_feature=65 65 46 66 47 64 49 46 41 48 62 76 61 60 4 27 49 49 47 35 60 19 46 61 35 63 55 52 52 62
split_gain=301.607 97.5129 56.9817 34.3376 30.0145 25.7451 25.5068 25.3563 25.005 20.4031 20.2739 19.8805 18.6153 19.729 18.4739 26.5763 17.3543 21.9108 15.4619 14.7497 14.0555 18.4004 13.8704 12.1139 11.8291 11.4513 11.1527 10.7889 9.50945 6.68966
threshold=-0.45338169029709247 0.34676514493573546 0.48140926061147876 0.63927468081034544 -0.1307401733995254 0.96719734942567903 0.58917758081781413 1.7781179657387074 -0.01515543743199693 0.22814010980460123 0.10636122351303139 0.97471019320453045 1.0948781967305072 0.049060133164152954 0.031430438566957049 -0.00087044881936439611 -3.1989901238421576 -1.1019015354738386 1.0000000180025095e-35 0.068006295992422708 0.36747675891726 0.045860672154404154 0.96846104729109228 1.5357108329310456 -0.1939152026286802 0.5147347333169654 0.52500000000000024 2.0150000000000001 0.13500000000000004 0.35788397373802611
decision_type=8 8 10 8 10 8 10 10 8 10 10 10 8 8 10 10 8 8 10 10 8 10 10 8 8 10 2 2 2 10
left_child=2 7 4 16 11 6 -5 12 -9 23 20 28 13 -2 15 -12 25 -18 -16 -14 22 -22 -4 -6 -7 -3 -10 -11 -1 -13
right_child=1 3 10 5 9 24 -8 8 26 27 14 29 19 -15 18 -17 17 -19 -20 -21 21 -23 -24 -25 -26 -27 -28 -29 -30 -31
leaf_value=0.0050884640271463217 0.0066439454974705665 -0.023506355456617181 -0.0027031204329711457 0.0052885606979722454 -0.007090654255541941 0.0037018853923938334 0.00055841575274514653 -0.014664804803294221 0.033368020483413967 0.00092292996270123325 -0.0038672795341303298 0.024260748661722467 0.0095478717453906289 -0.00037636522833453794 -0.0066443795375312493 0.0020948786370622603 0.0058014662886145167 -0.00021348151411343443 -0.002289487834502139 0.0018099842713428143 -0.013266479485123286 -0.0050917410109929647 0.016779436099557465 0.014623142464632555 0.010302213870498974 0.0017601834301055074 0.012141009132019161 0.022335838129783441 -0.012278964650503627 -6.4652328098888055e-05
leaf_weight=18.936907857656479 256.47614954411983 27.863998785614967 243.62991313636303 3495.381177842617 683.09602479636669 225.79326990246773 899.80399863421917 17.100692242383957 20.554712682962418 155.39019158482552 777.81150002777576 10.097496226429941 205.20161119103432 8551.4875842779875 717.29865957796574 1165.717008896172 537.72259818017483 1263.9717547744513 1794.1458376199007 624.11583164334297 244.52655889838934 603.99527718871832 23.949599489569664 15.139946363866327 760.29914683103561 17.142586290836334 72.917939946055412 15.178124189376829 857.24130850285292 17.234805576503277
leaf_count=141 1564 154 1826 18404 5428 1123 4924 99 117 1170 5473 85 1269 53783 5127 8191 2945 7143 12596 3870 1896 4585 171 111 3708 88 404 114 7341 135
internal_value=0.000105548 0.00193697 -0.00412678 0.00413719 -0.00803249 0.00514688 0.0043223 0.000304436 0.0121442 -0.00469 -0.00288145 -0.0112278 0.000166319 -0.000170215 -0.0021229 -0.000288269 0.00118948 0.00158021 -0.00353886 0.00374466 -0.00589701 -0.00747177 -0.000864309 -0.00658483 0.00880482 -0.0139245 0.0172518 0.00301476 -0.0118886 0.00930152
internal_weight=24319.2 16975.8 7343.39 7227.98 1772.31 5381.28 4395.19 9747.85 110.573 868.804 5571.07 903.511 9637.28 8807.96 4454.97 1943.53 1846.7 1801.69 2511.44 829.317 1116.1 848.522 267.58 698.236 986.092 45.0066 93.4727 170.568 876.178 27.3323
internal_count=153985 99595 54390 38489 14525 28159 23328 61106 620 6823 39865 7702 60486 55347 31387 13664 10330 10088 17723 5139 8478 6481 1997 5539 4831 242 521 1284 7482 220
is_linear=0
shrinkage=0.025


Tree=43
num_leaves=31
num_cat=0
split_feature=62 12 15 49 26 68 61 9 16 52 49 52 17 67 40 48 48 16 52 12 40 48 15 48 37 38 15 75 59 53
split_gain=262.534 75.1709 42.8091 38.3221 34.2714 30.9728 24.5116 30.0958 24.3395 29.0839 22.1339 35.2907 22.3577 21.531 21.1704 20.8508 20.8369 19.0971 18.1861 17.5856 22.4814 17.3036 17.1392 14.7509 14.0961 12.8914 17.2174 12.1603 11.9582 10.2125
threshold=0.64278380756820197 0.012082144719129667 0.63026597435382958 -0.78665705344849624 0.058999800020226666 0.94050188118250755 -0.19145656822272908 0.24340391658286678 1.4939197852650496 0.89500000000000013 0.045599066621295543 0.13500000000000004 0.084170074412381904 -0.27990949818559824 0.0082894699117945052 -0.82200949013870228 1.7316308484854244 1.1678508251271766 0.77500000000000013 0.014301352796985424 0.0118705075089792 -0.52431084194793198 2.4591801711154369 -1.1190249811749109 -0.16279303495163214 1.4529851719381781 2.165196915640522 -0.72418843917255249 -0.22032142306418026 13.515000000000002
decision_type=8 10 10 8 2 8 8 10 10 2 10 2 10 8 8 10 10 10 2 10 10 10 10 10 10 10 10 8 8 2
left_child=1 2 6 5 13 19 21 -8 10 23 11 -3 -12 22 -15 -11 28 29 -18 24 -21 -1 -5 -10 -2 26 -6 -19 -7 -4
right_child=3 8 17 4 25 16 7 -9 9 15 12 -13 -14 14 -16 -17 18 27 -20 20 -22 -23 -24 -25 -26 -27 -28 -29 -30 -31
leaf_value=-0.013081795027080274 -0.0062772117212357044 0.012527768842870046 -0.0019579436703437035 -0.0041269880882151564 0.0093103740734442452 0.0065527797812648531 -0.010739085654907365 0.00064664830012590372 0.017631788550393268 -0.0037443572659813414 -0.0029990706845467109 -0.00023527471644368102 0.0081770488627790558 0.0031847945585015691 -0.00022347229877189872 0.013187801638539704 -0.0096401730490017733 0.014838284596796142 0.0089145520719926662 0.0053847162308141476 -0.00041540874852164243 -0.0022583851813196003 0.016594252097441583 -0.002343033023448154 0.0031369286475961978 0.0024227695355383532 0.026700086725431085 0.0001960627935035864 0.012142336772504592 -0.0048068677679241004
leaf_weight=105.84054397791624 185.50559003651142 138.54366737604141 1442.9645438119769 561.88156328350306 182.65926764905453 441.5673690289259 1124.2386912107468 165.00978443771601 23.724462851881981 54.933998435735703 2997.7268840372562 4344.085219681263 114.74236099421978 2927.6975042745471 1857.2583356499672 234.81028173863888 69.055865153670311 36.266992002725601 60.953442722558975 2328.1701785176992 505.83989226818085 703.7945608496666 24.813616573810577 310.05028913915157 210.52148389071226 111.92295840382576 44.929150655865669 683.0805651396513 559.85384301841259 1766.2593861147761
leaf_count=823 1136 915 10395 3384 991 2208 9021 1247 132 310 20014 27987 750 16737 10722 1368 342 242 305 12536 2810 5514 140 1832 1284 603 218 4582 2821 12643
internal_value=5.58592e-05 -0.00212793 -0.00424839 0.0031451 0.00179488 0.00491046 -0.0071324 -0.00927678 -0.0005715 0.00416982 -0.000962322 0.000160765 -0.00258166 0.00130526 0.0018606 0.00994957 0.00847421 -0.00270396 -0.000881863 0.00365712 0.00434707 -0.0036998 -0.00320577 -0.000842771 -0.00125957 0.00948757 0.0128982 0.000968164 0.00969595 -0.00352945
internal_weight=24318.7 14246.1 6027.46 10072.6 5711.16 4361.47 2098.88 1289.25 8218.62 623.519 7595.1 4482.63 3112.47 5371.65 4784.96 289.744 1131.43 3928.57 130.009 3230.04 2834.01 809.635 586.695 333.775 396.027 339.511 227.588 719.348 1001.42 3209.22
internal_count=154012 97775 44467 56237 32795 23442 16605 10268 53308 3642 49666 28902 20764 30983 27459 1678 5676 27862 647 17766 15346 6337 3524 1964 2420 1812 1209 4824 5029 23038
is_linear=0
shrinkage=0.025


Tree=44
num_leaves=31
num_cat=0
split_feature=64 67 64 64 26 13 73 61 55 49 4 70 19 49 16 48 76 26 61 16 61 47 59 14 61 79 55 16 19 48
split_gain=282.425 58.5245 53.2246 38.6812 26.0334 25.437 24.68 22.1441 20.8999 26.4812 21.3721 20.4833 31.9856 18.6652 19.0981 17.8183 23.6052 23.3274 17.097 16.8353 19.9324 16.0093 13.9487 15.3067 13.1746 12.1391 11.9745 11.9742 8.58637 6.67859
threshold=0.49677413387228814 0.0080911413061441288 0.13431293943505615 0.83962289029535875 0.011053853493448991 0.014575759294426897 0.03977872938579325 1.0051337598454804 0.99500000000000022 0.28847580821894081 0.11610414778272783 0.55944710226939687 0.030651749643198171 -3.1989901238421576 2.2928969562241432 0.70133237841490581 0.34755447501170111 0.061972820754680927 -1.5925282448527731 0.11638747760890443 -0.65430643607924244 -0.84318199262815419 0.85407915868482787 0.0061871605605966279 -0.35279269908477268 0.011853671190774807 0.015000000000000015 1.0187077979529446 0.17062564518958526 0.70133237841490581
decision_type=8 8 10 8 2 10 10 10 2 10 10 10 10 8 10 8 10 2 10 10 8 10 10 8 10 10 2 10 10 10
left_child=2 4 6 5 22 18 7 28 11 21 -11 24 -13 29 -15 16 -5 -17 -3 20 -8 -10 23 -2 -4 -7 -21 -24 -1 -6
right_child=1 3 8 15 13 25 19 -9 9 10 -12 12 -14 14 -16 17 -18 -19 -20 26 -22 -23 27 -25 -26 -27 -28 -29 -30 -31
leaf_value=-0.0019770608373405624 -0.010999986336207704 0.011560411624689751 -0.00017737614965816737 0.010150310578655841 -0.0047472278632507674 -0.0040535649983989832 0.011013727045007556 0.029760028866294447 -0.013778543588161597 -0.01001889427837329 0.0017952792701817434 0.0072485933801091952 -0.00071872208714504431 0.00097611821485965209 0.020870084908447252 0.0017784961251182251 0.0049960240836171219 0.011235175974913992 0.0026859195626158881 0.01735017209649534 -0.019456040187205415 -0.0021810425523407849 -0.0048655429135490971 -0.0026465945884396572 -0.0039144039909102465 0.0011402386664839158 -0.0072805991700567443 0.00878282938347167 -0.017076682085765335 -0.025064182145285448
leaf_weight=552.25020994246006 222.98910965025425 141.09744481742382 955.3190066665411 799.13096712529659 21.959947064518929 523.12115204334259 13.93430459499359 12.265251070261 75.709029443562031 566.88564351201057 113.44483893364668 396.17110271751881 1511.9674745351076 4640.0573806017637 29.203182995319366 1221.1138043254614 1874.307307317853 187.76945124566555 3291.7086377739906 11.148967139422892 123.46256083995104 2633.9514250829816 73.05922295153141 364.18231849372387 1557.9246471896768 602.53821690380573 1707.0828152596951 85.57757131755352 23.611784152686596 20.885392338037491
leaf_count=4256 1447 786 6535 4084 115 3047 126 90 528 4130 816 2716 10416 27900 147 6406 9559 939 19154 89 1185 18298 453 2252 10760 3502 13737 510 173 116
internal_value=-2.43577e-06 0.00229327 -0.00315919 0.00357333 0.000265003 0.001987 -0.00638007 -0.00189569 -0.00214977 -0.00362715 -0.00803819 -0.00101465 0.000935054 0.000953457 0.00110748 0.00534176 0.00654338 0.00305265 0.00305678 -0.00779518 -0.0162432 -0.0025138 -0.00406924 -0.00584766 -0.00249765 -0.00126854 -0.00710442 0.00246089 -0.0026434 -0.0152343
internal_weight=24353.8 14098.7 10255.1 8640.79 5457.91 4558.47 2443.76 588.127 7811.37 3389.99 680.33 4421.38 1908.14 4712.11 4669.26 4082.32 2673.44 1408.88 3432.81 1855.63 137.397 2709.66 745.808 587.171 2513.24 1125.66 1718.23 158.637 575.862 42.8453
internal_count=154272 80417 73855 47477 32940 26489 19656 4519 54199 23772 4946 30427 13132 28278 28047 20988 13643 7345 19940 15137 1311 18826 4662 3699 17295 6549 13826 963 4429 231
is_linear=0
shrinkage=0.025


Tree=45
num_leaves=31
num_cat=0
split_feature=65 46 65 47 65 62 55 47 47 16 54 14 19 20 4 12 48 58 16 54 63 18 14 41 51 18 54 69 60 55
split_gain=243.565 60.9321 59.789 40.5526 29.4062 28.2009 27.0724 32.6465 22.7984 21.3328 20.6884 18.8744 22.8358 19.9915 19.3007 18.6649 14.4395 14.2997 14.1967 13.7915 16.7235 12.4608 12.2132 14.4914 11.684 11.4246 22.9606 10.9698 10.5388 10.0798
threshold=-0.23908794314485368 0.45345804912948046 0.29417005809270536 -0.15473468633002183 2.4500003263250902 0.12217640088887766 0.16000000000000006 0.15779184100651875 -0.194770928138989 0.80681641837514628 116.05920000000002 0.0064447086942319466 0.22210906197025729 0.18181283284685876 -0.12719102670089796 0.015508496065654716 0.34881140589828363 0.032955750710618993 0.11638747760890443 116.12250000000002 -0.22403161469441388 -0.042043839437619017 0.010083083566289138 -0.0037094925270343411 2.5250000000000004 0.072438212944696004 121.55260000000001 -2.2554538608813881 0.36747675891726 2.1050000000000004
decision_type=8 10 8 10 8 10 2 8 10 10 2 8 10 2 10 10 10 8 10 2 10 10 8 10 2 10 2 10 8 2
left_child=1 3 11 19 9 25 7 -7 -8 21 -11 12 14 15 -2 -13 18 -15 -5 27 -21 -4 23 -6 -18 28 -27 -1 -3 -24
right_child=2 5 4 16 22 6 8 -9 -10 10 -12 13 -14 17 -16 -17 24 -19 -20 20 -22 -23 29 -25 -26 26 -28 -29 -30 -31
leaf_value=0.0052000697320081996 -0.0086747874439339848 -0.0020624203193017709 -0.0059368713405436738 -0.012149839148005361 0.0071779415231464638 0.015148608500614445 -0.0045268487378162898 -0.0019069762678873569 -0.00088410376858741215 0.0043698898640446319 0.0006262151041334117 0.0039736065436929294 0.014885287874826495 0.020208464878441461 -0.0012295116546442797 0.0003399194300284118 0.0018593490328550008 -0.0016584026902243616 -0.0031612760399571597 -0.0065648615849538631 0.021181976284498277 0.0010907556480479143 0.0085039028237238242 -0.0096559532116319811 0.026958400504059718 -0.0016767219252756642 0.031777712903356785 -0.012792646123271037 -0.0071510444581928765 0.024589377957615149
leaf_weight=20.609632879495621 263.97078125178814 349.88048497587442 202.45908896625042 130.37530396878719 83.949479699134827 133.83151318132877 1353.8172167018056 144.06913240998983 5221.9388464465737 4731.0892826020718 1152.5843514949083 1771.5454008132219 47.183886140584946 17.706808567047119 1238.4836687594652 1771.5787469446659 102.4135607779026 1387.8205711692572 707.8896970897913 124.59528952091932 13.956283830106257 694.62512896955013 757.14134208858013 49.859839618206024 12.051040217280386 129.55212761461735 12.993326075375078 717.70291002094746 990.98086886107922 24.9225814640522
leaf_count=169 1723 2598 1122 1086 435 917 9502 965 35931 25135 6266 10827 297 107 7753 10738 744 8482 5537 1077 99 3918 3683 257 89 949 93 6147 7581 114
internal_value=5.47269e-05 -0.0028985 0.00217048 -0.00703024 0.00366127 -0.00199 -0.00131159 0.0063096 -0.0016359 0.00309048 0.00363807 0.000403265 -0.00200169 0.00115818 -0.00254846 0.00215959 -0.00344141 -0.00136059 -0.00458357 -0.010911 -0.00355838 -0.000492742 0.00786945 0.000819696 0.00481894 -0.00511577 0.00156037 -0.0122726 -0.00583185 0.00906297
internal_weight=24361.6 10166.7 14194.9 1829.59 7696.63 8337.06 6853.66 277.901 6575.76 6780.76 5883.67 6498.29 1549.64 4948.65 1502.45 3543.12 952.73 1405.53 838.265 876.864 138.552 897.084 915.873 133.809 114.465 1483.41 142.545 738.313 1340.86 782.064
internal_count=154341 73484 80857 14948 40930 58536 47315 1882 45433 36441 31401 39927 9773 30154 9476 21565 7456 8589 6623 7492 1176 5040 4489 692 833 11221 1042 6316 10179 3797
is_linear=0
shrinkage=0.025


Tree=46
num_leaves=26
num_cat=0
split_feature=65 65 68 46 19 63 46 41 61 59 55 50 31 50 49 50 46 49 55 50 47 37 39 25 45
split_gain=235.526 81.9563 53.3437 25.7859 25.755 31.0524 23.7068 26.0163 21.9674 21.0754 18.8153 18.7681 18.7084 18.1318 20.119 17.7146 16.6216 14.8646 14.7676 22.8193 15.449 13.6363 12.7175 12.3794 10.2992
threshold=-0.45338169029709247 0.30738986621172953 0.14436256873561995 1.910380801786931 0.17251711179270782 -0.22403161469441388 0.83409535555438541 -0.09501233209652786 inf -1.5896633824126984 0.52500000000000024 -2.5519990029485311 -0.025866420326336122 1.6887091593520105 -3.1989901238421576 -0.78707908380277358 0.56819803235088429 0.44907818178939124 0.16000000000000006 -0.58165692608664377 -0.034707148653654603 1.9218314684847027 0.021056220429579223 1.0021225577364381 -0.036989911699808871
decision_type=8 8 10 10 10 10 10 10 8 10 2 8 10 10 8 10 10 10 2 10 10 10 10 10 10
left_child=2 3 4 13 12 16 11 10 -9 -4 -8 22 17 14 -2 -14 -6 -1 19 -11 -20 -13 -3 -5 -15
right_child=1 6 9 23 5 -7 7 8 -10 18 -12 21 15 24 -16 -17 -18 -19 20 -21 -22 -23 -24 -25 -26
leaf_value=-0.0036489648181808262 0.028608471235104099 0.026797241947943092 0.023214712191103853 0.027978872729734202 -0.0054300978742464687 0.032120788266672896 -0.0057236916424176828 0.0043516437815600958 0.021163825495108039 0.011649249376079286 0.0070442516673667709 0.00057099977525103772 0.003839262572590279 0.004509642934751641 7.6949193395842917e-05 -0.012247420334536206 0.019246198890916513 -0.010881498798525168 -0.0049535981100263422 -0.0047680669446984692 -0.0020297377110564717 -0.0083969730762948943 -0.00037966204616035002 0.00038465251209813758 -0.0072127957014920851
leaf_weight=580.33789086341858 14.27561943233013 26.153961539268494 18.442961797118187 29.158593222498894 122.18097147345543 17.67277817428112 271.23000210523605 5952.9353688657284 48.103705942630768 109.18801087141037 96.591063603758812 1051.5611783117056 44.143882401287556 53.240642622113228 9016.8810211867094 737.6049742475152 18.542254842817783 259.68517473340034 1660.8277426809072 99.891614213585854 3586.7166475057602 116.5583567917347 16.802845507860184 16.162639826536179 317.93704548478127
leaf_count=4704 64 137 126 154 966 123 1462 31298 231 762 509 5844 357 329 56792 6402 129 2163 12163 707 25657 649 89 86 1981
internal_value=-5.67844e-05 0.00155006 -0.00382862 -2.76401e-06 -0.00758911 0.00198126 0.00348619 0.00409585 0.00449186 -0.00260316 -0.00233846 0.00027303 -0.00852923 -9.54104e-05 0.000126674 -0.011325 -0.00199056 -0.00590608 -0.00269688 0.00378746 -0.00295748 -0.000325136 0.0162755 0.0185631 -0.00550211
internal_weight=24282.8 17027.6 7255.23 9447.66 1780.17 158.396 7579.94 6368.86 6001.04 5475.07 367.821 1211.08 1621.77 9402.33 9031.16 781.749 140.723 840.023 5456.62 209.08 5247.54 1168.12 42.9568 45.3212 371.178
internal_count=153884 99625 54259 59406 14844 1218 40219 33500 31529 39415 1971 6719 13626 59166 56856 6759 1095 6867 39289 1469 37820 6493 226 240 2310
is_linear=0
shrinkage=0.025


Tree=47
num_leaves=28
num_cat=0
split_feature=64 65 15 63 26 49 47 52 49 16 41 51 13 59 47 24 60 38 48 52 53 52 10 45 35 51 56
split_gain=228.174 81.7396 31.2381 29.3557 27.7518 26.2694 25.3977 23.7236 36.7291 23.2592 32.5361 19.257 18.9609 18.1849 17.7961 18.8018 17.3487 17.1748 16.9826 16.5662 16.2554 15.9474 15.0521 10.9031 10.5663 7.69154 7.37384
threshold=0.71017450458444265 -0.57278102742544201 0.37654686635588813 -0.38608974703822446 0.0201302491501902 0.52836607096876209 -0.13888164840086853 0.13500000000000004 -0.5946833820466223 1.6908024802685011 -0.026710989526336878 0.64500000000000013 0.005767214898669268 -1.1768220906660869 0.65776368339649116 -0.046745886287860146 0.22808923107118326 3.7414086424352488 0.77768869850631606 0.13500000000000004 12.425000000000002 0.13500000000000004 0.016818085913178168 -0.090587863234337151 -0.13179262880401313 2.9550000000000005 0.080881963450163338
decision_type=10 8 10 10 2 10 10 2 10 10 10 2 8 10 10 8 8 10 10 2 2 2 10 10 10 2 10
left_child=1 2 6 23 14 12 21 8 22 17 -11 -10 -6 20 15 -3 -7 -9 -16 -15 -4 -1 -5 -2 -8 26 -25
right_child=3 4 13 7 5 16 24 9 11 10 -12 -13 -14 19 18 -17 -18 -19 -20 -21 -22 -23 -24 25 -26 -27 -28
leaf_value=0.016848641279676415 -0.018330071130435926 -0.00098744269146117808 0.028784054579791316 0.035823128566139166 -0.0023174875954958397 0.003983910237408083 -0.018170115796324143 0.0039368367156432122 0.0034084937110540458 0.013788557587858977 0.0049995230087204242 -0.012097980230931518 0.0032217174816832439 0.0036995784777611469 0.0022022995213242763 -0.0043020923590323624 -0.0042036529217926114 0.00036728532857244238 -0.003079865527483505 -0.0037318941794670202 0.0024325743208727726 -0.012385324378535637 0.0061173546631932522 0.013641521681529748 -0.0033454488063031649 0.011715941694065653 -0.0033459646718354916
leaf_weight=10.712274260818957 25.426995977759361 2897.2889637127519 17.12751243263483 15.193273797631262 451.2955899387598 205.87888050079346 31.004909232258797 4428.0237747430801 70.2085070759058 316.73978352546692 1595.7650541812181 164.09699347615242 2592.5626158863306 194.1350669413805 1321.8192641586065 1702.7990905418992 728.74089190363884 1046.4942015856504 532.06474362313747 4277.2495422884822 78.136799156665802 528.2195313796401 34.771530002355576 15.352643907070158 550.66163813322783 23.510006234049797 379.18931025266647
leaf_count=83 147 18945 123 82 2898 1303 239 23834 395 1564 8053 934 16029 1340 8406 11089 4669 5630 3327 32052 561 4823 183 90 4467 138 2255
internal_value=3.5044e-05 -0.00168576 -0.00409668 0.00345403 -0.000370414 0.00127065 -0.00784028 0.00381602 -0.00324572 0.00408927 0.00646677 -0.007426 0.0023974 -0.00317459 -0.00138324 -0.00221685 -0.00238928 0.00325609 0.000681263 -0.00340666 0.00754717 -0.0117542 0.0159252 -0.00278412 -0.00418431 -0.00177093 -0.00262663
internal_weight=24234.5 16119.7 5687.25 8114.77 10432.5 3978.48 1120.6 7671.29 284.27 7387.02 1912.5 234.306 3043.86 4566.65 6453.97 4600.09 934.62 5474.52 1853.88 4471.38 95.2643 538.932 49.9648 443.479 581.667 418.052 394.542
internal_count=153659 110354 43688 43305 66666 24899 9612 40675 1594 39081 9617 1329 18927 34076 41767 30034 5972 29464 11733 33392 684 4906 265 2630 4706 2483 2345
is_linear=0
shrinkage=0.025


Tree=48
num_leaves=28
num_cat=0
split_feature=65 46 46 26 47 69 31 51 40 4 79 3 67 51 77 47 58 21 12 51 12 29 79 79 73 38 25
split_gain=219.526 52.6723 52.4514 32.052 30.9558 24.1763 23.086 20.1536 19.7572 19.6677 30.1934 21.6552 19.5622 19.206 18.4256 15.9707 15.7904 15.5332 15.1291 14.7163 14.5522 14.1126 10.9845 12.5665 10.8301 9.6136 4.92024
threshold=-0.23908794314485368 0.49006696531659039 1.5767782054869135 0.027384835372750941 -0.13888164840086853 0.62546946732775954 -0.15096094605037066 3.1800000000000002 0.0034654426093037186 0.036770126861549131 -0.91401308677869431 0.21774320857326293 0.059349135997194394 2.1750000000000003 2.3704841252662114 -0.84318199262815419 0.20811765725928819 40.107612923089306 0.013743552798636838 1.8750000000000002 0.019566234975874345 -0.15125453633850086 0.23296630426056497 0.74476473355724637 0.57048056913523537 0.38131551369643041 0.90059853640927023
decision_type=8 10 10 2 10 10 10 2 10 10 10 10 8 2 10 10 10 10 10 2 8 10 10 10 10 10 10
left_child=1 4 3 12 14 26 21 8 -7 10 17 13 20 -11 18 -12 -8 -3 -1 -14 -2 -5 25 -24 -16 -6 -4
right_child=2 9 5 6 22 7 16 -9 -10 11 15 -13 19 -15 24 -17 -18 -19 -20 -21 -22 -23 23 -25 -26 -27 -28
leaf_value=-0.011593434143611669 4.1747172238296878e-06 -0.0093853550693778556 0.035105783717962386 0.0034283025815596124 0.00072672193114332233 -0.0019907601120188398 0.0092235117103746673 -0.022554878634367281 0.0055043119207957777 -0.0018698991086652042 -0.0084789932737594879 0.02802858237367474 -0.00085612904464443286 -0.0052367515432686267 -0.0017315560395476941 -0.00097452354351401562 0.0035491950855196896 0.011285363604152165 -0.0015003005972356262 0.0025046594889289926 -0.0030935669679349664 -0.0020725447768344756 -0.011945496541746467 -0.001825885539600282 0.027535892624669985 -0.0049025589589844886 0.013958608668044209
leaf_weight=849.24096369743347 2863.7606488764286 24.795680858194828 17.017346665263176 492.59089685976505 384.26229670643806 240.30888985097408 365.88817474246025 15.676614806056021 2351.2232348620892 2311.7017905339599 186.34220013022423 12.489322416484354 1181.7287054955959 1971.6784515455365 21.94211457669735 3365.4022349119186 1964.315781801939 173.41622837632895 106.57412524521351 2594.667120590806 1411.9108818173409 709.78144060075283 179.06832402944565 137.77051237225533 10.686353757977484 368.87379020452499 18.011751368641853
leaf_count=7444 17564 173 80 2729 3024 1267 2043 80 12062 16143 1321 83 6810 14087 173 23568 10997 1218 811 14631 8544 3950 1405 1058 85 2856 85
internal_value=-0.000263416 -0.00308125 0.00173743 0.00101141 -0.00665066 0.00491585 0.00299642 0.00462812 0.00480581 -0.00216627 -0.00084024 -0.00332149 0.000139314 -0.00342247 -0.00984344 -0.00137309 0.00444768 0.00862099 -0.0104792 0.00145106 -0.00101759 0.000175996 -0.00368644 -0.00759228 0.00826906 -0.00202388 0.0252616
internal_weight=24331.1 10104.2 14226.9 11584.6 2058.42 2642.24 3532.58 2607.21 2591.53 8045.83 3749.96 4295.87 8052.07 4283.38 988.444 3551.74 2330.2 198.212 955.815 3776.4 4275.67 1202.37 1069.97 316.839 32.6285 753.136 35.0291
internal_count=154291 73449 80842 67268 16856 13574 19719 13409 13329 56593 26280 30313 47549 30230 8513 24889 13040 1391 8255 21441 26108 6679 8343 2463 258 5880 165
is_linear=0
shrinkage=0.025


Tree=49
num_leaves=31
num_cat=0
split_feature=62 62 77 26 12 4 60 54 52 46 9 46 72 69 60 52 54 58 18 39 72 27 54 77 72 45 68 0 46 79
split_gain=198.605 73.9585 41.1993 36.547 28.3915 24.7015 47.8133 53.2896 29.7126 22.0144 21.1125 19.703 19.4491 19.1425 17.6321 17.1026 17.0368 18.5133 16.9903 16.9245 16.7402 16.5945 14.9859 14.4856 13.2791 12.41 9.74376 9.72221 9.71407 9.67785
threshold=0.64278380756820197 0.10636122351303139 -0.16183095214769122 0.025245122456306956 0.0119287154449017 -0.062087194160452823 0.22808923107118326 119.08110000000001 0.17500000000000002 0.79184009904185548 -0.16307485569364491 0.18932543070667293 0.86673713883016223 -2.0826278530100666 0.032955750710618993 0.14500000000000005 116.08025000000002 0.080881963450163338 0.10567682416779102 0.021937294240191311 0.02098638197417332 0.0024095850329768965 117.23465000000002 -0.74754096519991131 0.46006361507886095 0.0038318030222813547 0.15628345824411136 -0.0068109905314586152 1.0523087663855879 0.11436804406696001
decision_type=8 10 8 2 10 8 10 2 2 8 8 8 10 8 10 2 2 8 10 10 10 10 2 10 10 10 8 10 8 8
left_child=1 12 4 9 22 8 7 -7 10 13 -5 24 27 -2 -6 21 17 -11 -13 -18 -10 -14 -3 -17 -4 -8 -15 28 -1 -29
right_child=3 2 11 5 14 6 25 -9 20 16 -12 18 15 26 -16 23 19 -19 -20 -21 -22 -23 -24 -25 -26 -27 -28 29 -30 -31
leaf_value=-0.0020217459081823541 0.011314787556149388 -0.0028816179200584699 0.0014945125547983036 -0.017704170944789762 0.0080515781593804812 0.0083761832119705528 0.0053366233498855506 0.028890485424306025 0.0095440272889329436 0.0072702020491279724 0.00017171223707068958 -0.0028019065139067434 -0.0076304077385590252 -0.0062044949831998215 0.00070148245079926718 -0.0076628317417202375 -0.0060995143596890497 0.0019468533902608149 0.0078238315436973613 0.0022611005718099924 0.0016726437344789834 0.030191910924003543 0.0098538358546446294 -0.016943061135279363 -0.012630158118331531 0.001510523138469231 -0.0010073234543497313 -0.0046705576460708692 0.015906891767751594 -0.0096937063432343748
leaf_weight=227.39300375431776 61.669154047966003 1952.3467212319374 50.892752230167389 77.961560502648354 212.42256562411785 790.71843586117029 1127.3790040463209 87.575487077236176 198.16618438065052 462.26559337973595 84.561137422919273 4882.9538526386023 16.697896458208564 355.18486730009317 4676.4250265806913 225.3738727197051 302.76393848657608 3549.0838042497635 94.413268364965916 298.76591974496841 1139.7542179524899 10.899187579751013 58.110070914030075 209.98448942601681 201.4071454629302 1014.0720263570547 627.41234695911407 954.48422688245773 19.361202836036682 328.18562563508749
leaf_count=1770 354 14137 425 439 1274 4172 6101 438 984 2461 465 33538 130 2172 29750 1835 1710 20057 617 1701 6108 80 433 1817 1763 5483 3790 7375 132 2621
internal_value=-8.81701e-05 -0.00200717 -0.00127279 0.00257369 -3.06831e-06 0.00425009 0.00555353 0.0104668 0.00161949 0.00123226 -0.00842439 -0.00294607 -0.00647063 -0.00204029 0.00102428 -0.0109728 0.00197506 0.00256417 -0.00259701 -0.00193831 0.00285162 0.00768235 -0.00250413 -0.0121904 -0.00975782 0.00353016 -0.00289887 -0.0050954 -0.000514579 -0.00596949
internal_weight=24298.7 14121.4 12129 10177.3 6899.3 4520.19 3019.74 878.294 1500.44 5657.15 162.523 5229.67 1992.38 1044.27 4888.85 462.955 4612.88 4011.35 4977.37 601.53 1337.92 27.5971 2010.46 435.358 252.3 2141.45 982.597 1529.42 246.754 1282.67
internal_count=154132 97697 81937 56435 45594 24190 16194 4610 7996 32245 904 36343 15760 6316 31024 3862 25929 22518 34155 3411 7092 210 14570 3652 2188 11584 5962 11898 1902 9996
is_linear=0
shrinkage=0.025


Tree=50
num_leaves=28
num_cat=0
split_feature=65 64 46 25 46 66 41 10 47 62 13 53 61 49 46 24 47 12 61 75 78 46 20 9 62 24 41
split_gain=198.073 65.0292 47.8835 25.8168 23.2814 21.6335 26.1291 32.2278 19.4781 18.8779 18.5776 17.7572 17.3564 17.2228 25.8213 16.5198 16.3651 19.2375 17.921 13.3305 13.22 13.1782 10.7557 10.1987 9.92133 9.55825 7.66701
threshold=-0.45338169029709247 0.74134182908545743 0.29226491699120738 1.0000000180025095e-35 1.7781179657387074 0.63927468081034544 -0.09501233209652786 0.082206012900423966 2.754360733125806 0.10636122351303139 0.0035721554278225292 14.685000000000002 -1.792133019482939 -3.1989901238421576 2.1257763569623491 -0.74024351341087546 -0.21287685589232144 0.014579480199282114 1.2303989880386521 0.10157049492135102 0.62867653549423597 1.1052420988571545 -0.22840343432403823 0.44883151252855108 0.8281247965415317 2.3351649618226591 -1.0000000180025095e-35
decision_type=8 10 10 10 10 10 10 10 10 10 8 2 8 10 10 10 10 10 8 8 10 10 2 10 10 10 10
left_child=2 4 3 -1 10 13 7 -7 -8 21 15 20 -12 24 -15 -2 17 -11 -18 25 -6 23 -21 -4 -3 -5 -23
right_child=1 5 9 19 11 6 8 -9 -10 16 12 -13 -14 14 -16 -17 18 -19 -20 22 -22 26 -24 -25 -26 -27 -28
leaf_value=0.017814516394415236 -0.011534793321489113 -0.022830159868484117 -0.0059430951378192359 -0.003977018570978672 0.02200910202177879 -0.0060909265878191076 0.0041294844876513456 0.015842053158467474 0.011996125165388675 -0.0065359770382903658 0.012846266118500231 -0.0087417461759949841 0.00013205321300522837 0.00082729473449858187 0.021160745745293835 -0.0016689759246040605 -0.0016582661950585145 0.0015666171516823934 0.0065167328294424747 -0.0023099560567413527 0.00078029304636089054 0.017121028290157877 -0.012235068486817456 0.017518752537411163 0.001108804011741397 0.021055736283156563 -0.0061641323510089364
leaf_weight=20.352091960608959 152.84201207756996 28.471140012145042 1346.1674004122615 95.510303266346455 65.444621592760086 279.6105584949255 4940.0919910371304 47.914643734693527 205.26156082749367 841.63540687412024 66.42754003405571 21.118800193071365 9077.1113062053919 1793.2622670829296 38.754424676299095 349.93107828497887 3766.93466553092 231.68011580407619 173.91365188360214 79.510580606758595 26.444834962487221 24.305875934660435 620.49511480331421 10.394136928021906 15.953572928905485 9.3370990976691228 12.166038028895853
leaf_count=150 1022 158 10675 822 356 1484 25565 247 971 6320 393 115 56844 9994 193 2305 26942 1627 1205 699 149 174 5748 73 81 80 88
internal_value=-2.53331e-05 0.00144063 -0.00349386 -0.00916225 0.000102245 0.00321658 0.00401107 -0.00281335 0.00444749 -0.00276106 -2.98305e-05 0.0113236 0.000226915 0.00089428 0.00127509 -0.00470337 -0.00204249 -0.00478022 -0.00129372 -0.00987922 0.0160691 -0.00533815 -0.0111243 -0.00574248 -0.0142659 -0.00146399 0.00920571
internal_weight=24341 17108.6 7232.4 825.205 9759.32 7349.32 5472.88 327.525 5145.35 6407.2 9646.31 113.008 9143.54 1876.44 1832.02 502.773 5014.16 1073.32 3940.85 804.853 91.8895 1393.03 700.006 1356.56 44.4247 104.847 36.4719
internal_count=154480 99877 54603 7499 61184 38693 28267 1731 26536 47104 60564 620 57237 10426 10187 3327 36094 7947 28147 7349 505 11010 6447 10748 239 902 262
is_linear=0
shrinkage=0.025


Tree=51
num_leaves=28
num_cat=0
split_feature=65 64 65 33 73 30 13 31 45 64 51 55 25 17 51 30 24 54 69 47 4 64 54 47 43 47 61
split_gain=186.521 47.6566 36.3074 22.2798 22.2747 21.1255 20.9568 20.8989 20.3975 17.3903 16.9348 16.4758 16.2984 16.2475 16.1068 15.807 14.137 12.5816 11.6255 17.1415 12.7824 11.2919 14.6627 10.2693 10.0916 8.53397 7.14425
threshold=-0.23908794314485368 0.1740466308490142 1.4788916931456588 0.081329962905082001 1.0319309304964852 0.11388204158317007 0.0036229703176011859 -0.054503526460494049 -0.0084371830102618096 0.92099640125955917 2.2050000000000005 0.015000000000000015 0.62313281592051117 0.020577005054117418 1.7150000000000001 0.13662198335021206 -1.271707346590125 111.64125000000001 -1.0435698029194465 -0.020905736269268647 0.038900215458895555 0.98255177859596055 116.30645000000001 0.46159990358088254 1.7176775258817776 -0.12353459044951225 0.31813757728054531
decision_type=8 10 8 10 10 10 8 8 8 8 2 2 10 10 2 10 8 2 10 10 10 10 2 10 8 10 10
left_child=1 4 6 18 11 21 7 23 12 -7 -10 -1 -8 -9 17 -13 -11 -6 19 -3 -20 22 -4 -2 -23 -16 -5
right_child=2 3 5 26 14 9 8 13 10 16 -12 15 -14 -15 25 -17 -18 -19 20 -21 -22 24 -24 -25 -26 -27 -28
leaf_value=0.026032340313192362 0.0012028915208692316 -0.0073406441019209234 0.0029559296149167676 0.0019062619791013957 0.018576963804498827 0.029726467518458484 -0.00081655326721275521 -0.013725210451685064 -0.00023122630148295184 -0.011280075008780184 0.0020320265138516038 -0.0045018294374466914 0.0040205901304227422 -0.0024755488148696979 -0.016933898765878759 0.013145110016529219 0.0078334425123736742 -0.005861240004417379 0.00010544672811303275 0 -0.0021949420486441938 0.0091920114336479491 -0.0049427961066199682 0.027091500055570424 -0.00240436327730679 -0.0082696367368831746 0.026602792528514854
leaf_weight=10.002644486725329 22.067246943712234 473.78322535008192 985.15416985750198 11.985877446830271 12.967817842960356 21.32708266377449 515.3383105546236 114.61751216650009 4134.0619487017393 23.589192181825638 4119.0278953611851 2620.3706937357783 2707.7285604774952 271.11184269189835 182.67966175824404 30.773667372763157 817.47665524482727 172.32248658686876 2902.3193480297923 339.12985039502382 3131.5309157595038 259.86214880645275 170.88081407546997 16.819301187992096 55.467355459928513 130.02159933745861 21.991433247923851
leaf_count=72 139 3675 4969 80 107 105 2970 745 23979 114 23925 20980 15597 1691 1745 224 3942 1444 19799 2476 21564 1263 860 104 280 1113 146
internal_value=7.49154e-05 -0.00253397 0.0019156 -0.00136496 -0.00507628 0.00476735 0.00135531 -0.00408647 0.00155771 0.00787765 0.000897561 -0.00415984 0.00324483 -0.00586991 -0.0099367 -0.00428831 0.00727316 -0.00400215 -0.00146768 -0.00427537 -0.0010874 0.00293432 0.00177797 0.0130632 0.0071271 -0.0134006 0.0184662
internal_weight=24274.4 10039.9 14234.5 6880.74 3159.14 2333.76 11900.8 424.616 11476.2 862.393 8253.09 2661.15 3223.07 385.729 497.992 2651.14 841.066 185.29 6846.76 812.913 6033.85 1471.36 1156.03 38.8865 315.33 312.701 33.9773
internal_count=154108 73425 80683 47740 25685 11533 69150 2679 66471 4161 47904 21276 18567 2436 4409 21204 4056 1551 47514 6151 41363 7372 5829 243 1543 2858 226
is_linear=0
shrinkage=0.025


Tree=52
num_leaves=27
num_cat=0
split_feature=65 65 16 31 54 29 48 26 51 16 61 53 11 3 50 49 26 74 54 49 19 10 44 51 61 21
split_gain=170.824 43.7856 35.6973 19.4686 27.2271 24.1475 19.2941 34.6641 34.638 25.4845 27.6233 19.1071 17.341 15.0625 15.0577 14.688 13.8275 15.5184 13.4649 13.448 12.9631 11.48 10.7118 9.46144 7.12763 6.41811
threshold=-0.35628012608404958 0.29417005809270536 0.14625172798249672 -0.014872306826113122 120.75105000000001 -0.0050463469350986992 0.89992478245102825 0.058999800020226666 1.7850000000000004 0.79264001174423449 -0.16679482250116209 13.945000000000002 0.01389369113712112 0.039875877782068699 -2.5519990029485311 -3.1989901238421576 0.0099550572882106548 0.96278492700098106 114.27630000000001 -0.82287606878851793 -0.086066575903358963 0.01170295204683912 -0.61109467501772274 2.0850000000000004 -0.583182207577289 68.142793727751652
decision_type=8 8 10 10 2 10 8 2 2 8 10 2 10 10 10 8 2 10 2 8 8 10 10 2 8 10
left_child=2 15 12 5 18 11 9 8 -8 14 -11 -4 22 -7 -3 -2 19 -18 -5 -17 -9 -14 23 -1 -24 -6
right_child=1 6 3 4 25 13 7 20 -10 10 -12 -13 21 -15 -16 16 17 -19 -20 -21 -22 -23 24 -25 -26 -27
leaf_value=-0.013394766954758866 0.021234554138691838 0.013795619032004634 0.00014232002542776664 -0.0033643021052353382 0.033660068364594543 -0.00026123865401037511 -0.003609434825224361 0.012989857198200573 0.0038216039416665189 0.0061502761633991966 0.0024066788341666856 -0.0033416428563894148 0.026025748691466566 0.0085531140401018078 -0.0012831085927316849 -0.0085915118913836627 0.00017575932191745693 0.0079649615417910213 -0.007029131342149806 -0.0010271640833661546 0.00020866865572926599 -0.006347489758999846 -0.0052031063601053178 0.014383357755213705 -0.015751377380855591 0.0074901568834337233
leaf_weight=12.546740882098677 19.268281474709511 42.34041191637516 1389.6597625613213 1957.1274015530944 11.732726603746416 281.06487394869328 1024.5208306163549 172.53255200386047 632.87783500552177 2275.5036779344082 2711.1995466947556 3333.7944301143289 11.413947463035585 209.62153047323227 824.03474898636341 210.60090282559395 7135.1152142137289 162.4165196120739 935.25232237577438 490.0053730905056 71.149943277239799 13.590214177966116 52.64734823256731 15.956138543784617 238.71374204009771 14.065848805010317
leaf_count=104 86 219 10206 14717 81 2079 5512 866 3288 11844 14166 24255 88 1504 4594 1342 44330 999 7020 3175 362 108 478 126 2301 97
internal_value=-0.000158251 0.00137976 -0.00302036 -0.00268404 -0.00432068 -0.00176584 0.00271906 0.000525832 -0.000766658 0.00342989 0.00411751 -0.00231528 -0.0108927 0.00350069 -0.000519493 8.329e-05 2.82192e-05 0.000351427 -0.00455434 -0.00332248 0.00930797 0.00865919 -0.0124711 0.001856 -0.0139002 0.0206366
internal_weight=24248.8 15771.6 8477.19 8132.32 2918.18 5214.14 7754.16 1901.08 1657.4 5853.08 4986.7 4723.45 344.868 490.686 866.375 8017.41 7998.14 7297.53 2892.38 700.606 243.682 25.0042 319.864 28.5029 291.361 25.7986
internal_count=153947 90783 63164 59959 21915 38044 40851 10028 8800 30823 26010 34461 3205 3583 4813 49932 49846 45329 21737 4517 1228 196 3009 230 2779 178
is_linear=0
shrinkage=0.025


Tree=53
num_leaves=30
num_cat=0
split_feature=65 65 15 47 26 47 52 26 48 41 10 59 26 48 47 33 53 74 19 52 54 78 10 43 62 69 76 78 76
split_gain=175.57 57.3146 41.6773 25.7837 23.1225 22.6641 22.4846 21.9494 21.681 20.8135 23.8835 20.0961 18.8976 18.7942 21.0059 18.7767 22.6931 17.0776 16.1715 14.7796 14.5913 13.6867 13.1643 12.9148 11.5477 11.9202 10.8193 9.57756 8.6534
threshold=-0.45338169029709247 0.29417005809270536 0.35179202433378576 -0.15473468633002183 0.011907684274506161 0.60929819016371412 0.13500000000000004 0.013706701452974165 -0.43614778531955134 -0.09501233209652786 0.082206012900423966 -1.1556721758517698 0.028552726616915092 0.54340879256858721 1.2942654095439114 0.025831528330282686 22.250000000000004 0.87253824606765795 0.30294305246340841 0.13500000000000004 96.513600000000011 0.17060102142788067 0.0035468335316035373 0.36818235916294356 0.67492267975359777 -1.6010672805311126 0.44324312951759354 0.09722190512285446 0.97851769809405154
decision_type=8 8 10 10 2 10 2 2 10 10 8 10 2 10 10 10 2 8 8 2 2 10 8 10 10 10 8 10 10
left_child=2 4 3 19 18 6 8 20 -4 10 -9 -8 -11 14 -6 16 -7 -15 21 -1 26 -2 -22 -17 25 -5 -3 -20 -21
right_child=1 7 5 24 13 15 11 9 -10 12 -12 -13 -14 17 -16 23 -18 -19 27 28 22 -23 -24 -25 -26 -27 -28 -29 -30
leaf_value=0.015651903664385455 0.0040978466397366842 0.016453655766360188 0.036156703163688256 -0.011608715659924617 0.0011324930355824563 0.0023113587427768555 0.0060518892215351561 -0.0043270128540302292 0.002908033242972217 0.0026898302054485729 0.013209280102037922 -0.0035774635198712931 0.0054335770775303409 -0.0030249190584983694 0.0097670656781045154 0.018106440584554542 -0.0092363535727236577 0.0023768660611275493 -0.0016337157739364388 -0.012657525505385753 -0.014568040091425968 -0.0024109751873584969 -0.00095042066795938615 -0.0027080310969994485 0.019421002042040215 -0.0029401144874053042 -0.000610305430015052 -0.010328867087575046 0.008904338571795279
leaf_weight=10.980231165885924 243.44384655356407 49.67473965883255 11.982789747416971 122.83964620530605 5621.7724562585354 575.08463962376118 137.74005369096994 356.48142984509468 195.18712826818228 3757.183178588748 54.854826241731644 4838.3473407849669 2721.5969576239586 1304.1844501048326 180.92019680142403 64.460017055273056 129.20469643175602 505.67605184018612 125.60431243479252 513.73086015880108 46.142186403274536 1141.9181620627642 748.91542047262192 24.794913768768311 11.465640522539614 525.61739964783192 41.069315955042839 226.46420209109783 10.691341593861578
leaf_count=83 1572 268 81 1081 35288 4056 982 1915 1353 19951 283 36253 13911 8121 1037 448 900 3156 810 4780 264 7380 4106 171 81 4160 216 1491 90
internal_value=6.01145e-05 0.00143565 -0.00322309 -0.0074855 0.000115831 -0.00236805 -0.00297084 0.00302141 0.00506429 0.00349776 -0.00193861 -0.00330802 0.00384437 0.000710602 0.00140496 0.00155838 0.000170147 -0.00151094 -0.00248454 -0.0115658 -0.000675117 -0.00125924 -0.00177092 0.0122821 -0.0041488 -0.00461219 0.00874204 -0.00726409 -0.0121844
internal_weight=24298 17125.9 7172.13 1195.33 9349.98 5976.8 5183.26 7775.92 207.17 6890.12 411.336 4976.09 6478.78 7612.55 5802.69 793.544 704.289 1809.86 1737.43 535.402 885.802 1385.36 795.058 89.2549 659.923 648.457 90.7441 352.069 524.422
internal_count=154288 99769 54519 10275 58855 44244 38669 40914 1434 36060 2198 37235 33862 47602 36325 5575 4956 11277 11253 4953 4854 8952 4370 619 5322 5241 484 2301 4870
is_linear=0
shrinkage=0.025


Tree=54
num_leaves=31
num_cat=0
split_feature=65 66 46 3 52 64 9 55 40 60 28 46 75 52 16 49 77 46 58 49 69 65 64 4 20 19 14 60 10 76
split_gain=159.766 57.1334 46.2102 28.1869 30.365 24.0615 24.4346 21.5622 19.975 19.5901 19.0827 18.6666 16.0494 22.8967 15.7383 15.5222 14.9022 17.2229 23.2942 16.9224 18.1355 15.981 14.7441 14.8885 13.6319 12.4583 11.0304 10.3925 10.3485 8.8014
threshold=-0.16803296276801202 0.65877279173889269 0.2459396976785532 0.036556765360589501 0.15500000000000003 0.13826340701254541 0.17226043580245712 0.16000000000000006 0.013103853991238265 0.35566979623771139 0.94681330276072562 1.0036324169009516 0.25575652038111546 2.3350000000000004 0.3567767690073857 1.0940063791392778 -0.34819937358094194 1.2795127601830509 0.97080288796103009 -3.0083809283544585 1.77884452689987 -0.058178917388959549 0.24636168345889689 0.11181390199349452 -0.63851487345381674 0.27848736440366745 0.0084609031010391359 0.8281247965415317 0.002675269883153726 0.13674341531484394
decision_type=8 10 10 10 2 10 10 2 10 8 8 8 10 2 10 10 10 8 8 8 10 10 10 10 2 8 10 10 10 8
left_child=2 16 22 4 10 6 9 -6 -8 -4 -3 15 14 -14 -7 -5 19 18 -18 27 -21 -19 24 29 -1 -13 -25 -2 -26 -24
right_child=1 3 5 11 7 12 8 -9 -10 -11 -12 25 13 -15 -16 -17 17 21 -20 20 -22 -23 23 26 28 -27 -28 -29 -30 -31
leaf_value=0.016272403463187944 -0.017686923240124375 -0.0066551975192283416 -0.0014242061892451566 0.0030651273282927727 -0.004003794418689699 0.0079961667414340434 -0.00094699428582310113 0.0031562044873963292 0.015133676083431686 -0.0074088731310931206 0.014261748087443186 0.0054272832815715523 -0.00017220448615754783 0.0080022943617925647 -0.0018978877219407175 -0.0098452404254840333 -0.0020422915613868553 0.012632227691396186 -0.011168306503122052 0.00081103667604651782 0.010421021934384779 1.0898402819027271e-06 0.0051944031360636545 0.00094113334287851511 0.001367122409544585 0.010087872228525006 0.026125606456139868 0.0054656034546349992 -0.011989971612931079 -0.0083274660215785327
leaf_weight=10.473408095538614 46.522781074047089 316.13691933453083 496.94298945367336 385.92214328050613 275.5334949940443 100.72767366468906 393.69468602538109 5006.3227465599775 53.733899779617786 1123.4359023571014 28.499684825539589 1218.3851759433746 1588.4620793387294 246.04195802658796 6101.1000135391951 67.176900446414948 1040.7413006126881 67.151571691036224 210.0509238243103 3297.5604259222746 126.50078678131104 758.64971032738686 34.64353521168232 36.346245847642422 37.861042179167271 521.25497002899647 14.790527082979677 15.010809808969496 482.26249828189611 176.58137989044189
leaf_count=91 252 1771 3925 2082 1521 759 3080 27154 394 9211 157 6323 10881 1668 42172 374 6274 417 1340 19418 646 4597 261 273 345 2610 102 80 4725 1324
internal_value=4.23579e-05 0.00187269 -0.00220453 0.00325031 0.00231017 -0.00174695 -0.00415265 0.00278045 0.00100281 -0.00558051 -0.0048603 0.00565667 -0.00112649 0.00092458 -0.00173447 0.00111357 -6.2872e-05 -0.00174007 -0.00359009 0.000934446 0.00117179 0.00105412 -0.00801418 -0.00310623 -0.0104144 0.00683405 0.00880066 -0.0119229 -0.0110024 -0.00605759
internal_weight=24278.5 13381.4 10897.1 7819.23 5626.49 10104.1 2067.81 5281.86 447.429 1620.38 344.637 2192.74 8036.33 1834.5 6201.83 453.099 5562.19 2076.59 1250.79 3485.59 3424.06 825.801 792.959 262.362 530.597 1739.64 51.1368 61.5336 520.124 211.225
internal_count=154227 75016 79211 41992 30603 72090 16610 28675 3474 13136 1928 11389 55480 12549 42931 2456 33024 12628 7614 20396 20064 5014 7121 1960 5161 8933 375 332 5070 1585
is_linear=0
shrinkage=0.025


Tree=55
num_leaves=31
num_cat=0
split_feature=65 69 67 44 4 53 60 63 68 62 26 15 47 54 48 25 17 4 55 50 48 11 44 11 32 27 10 58 28 37
split_gain=163.899 41.154 34.7572 28.2233 29.264 35.4819 27.4458 25.0853 20.1852 20.0869 19.2426 17.3889 17.3076 17.1841 16.348 15.7159 15.5697 18.1441 14.6691 14.3782 13.4319 13.0835 12.6094 10.4252 10.4145 9.98905 12.8252 8.19186 7.00301 4.03127
threshold=-0.23908794314485368 -1.1128415914777741 0.025057204753786311 0.87292073649054747 -0.078221115801650851 19.975000000000005 0.26381673410781886 1.7213047724359538 0.30394233294159689 0.037934710193204539 0.026561619178984166 1.6427553611269132 0.27143401633156072 117.36180000000002 2.4446695580536395 1.0000000180025095e-35 0.084170074412381904 0.22262562614015771 1.6950000000000001 -0.78707908380277358 0.37535492942123055 0.011079977916266096 0.75544050000213314 0.010332200576981488 0.52507319523721208 -0.0056996670417879553 0.0062720985613581486 0.12845035500957966 0.86290901979066714 -0.19866201517464002
decision_type=8 10 8 10 8 2 10 10 10 10 2 10 10 2 10 8 10 10 2 10 10 8 8 10 10 10 10 10 10 10
left_child=1 12 8 4 5 -4 -6 20 21 25 14 -9 15 -12 -10 -1 17 -11 23 -17 -5 22 -2 -14 -23 26 -3 -27 -18 -20
right_child=2 9 3 7 6 -7 -8 11 10 16 13 -13 18 -15 -16 19 28 -19 29 -21 -22 24 -24 -25 -26 27 -28 -29 -30 -31
leaf_value=0.015427292562543556 -0.0025540899649634779 -0.011593683530072398 0.003084668587092589 0.00032928676859139651 0.0069740351188207596 -0.0048750992526777302 0.0031129539645365274 -6.4538036987923193e-05 0.00032698591101713083 -0.001298725075418738 0.005793700680564228 0.009351972020277927 0.010558388398536721 -0.0030829425004499493 -0.025889949024980981 0.00099850225317160051 0.0035072697101242029 -0.00770468100825229 -0.0031872233275752498 -0.0079734322742432053 -0.004615038372925955 -0.00030642458603042809 -0.011183086682804492 -0.0016134819319735415 -0.020459488794275303 0.0099976485203261082 0.020957218201426965 -0.0095040039076835711 0.018242287675141768 -0.025009762570668139
leaf_weight=18.107128970324993 286.82228577136993 12.34463042765856 1144.6333222091198 920.22254572808743 1798.643388107419 502.45427033305168 3236.4918133020401 224.41421063244343 3250.2092999815941 7576.7358696460724 783.26176859438419 264.72370344400406 73.217328801751137 162.98568390309811 13.729374140501021 120.00037018954754 60.397719614207745 286.27835678309202 9.9678483456373232 1327.5831947699189 544.15393376350403 940.73965199291706 170.43927070498466 104.83953022956848 15.130120590329168 12.743038512766359 15.711570642888544 317.06433612108231 31.062201336026192 14.24466512352228
leaf_count=130 1829 96 6053 5238 9633 2756 17540 1157 19397 53772 4448 1305 580 988 79 947 403 1973 80 11640 3117 5756 1177 756 86 97 123 2531 206 114
internal_value=5.99529e-05 -0.00239677 0.00178006 0.00277605 0.00354872 0.000650161 0.00449503 0.000128629 0.000248924 -0.00167588 0.0011179 0.00502684 -0.00598104 0.00425487 0.000204936 -0.00692696 -0.00141339 -0.00153405 0.000836845 -0.0072243 -0.00150515 -0.00233349 -0.00580767 0.00338695 -0.000658509 -0.00746525 0.0064905 -0.00869433 0.00876405 -0.0168957
internal_weight=24239.4 9980.3 14259.1 8635.74 6682.22 1647.09 5035.14 1953.51 5623.32 8312.34 4210.19 489.138 1667.96 946.247 3263.94 1465.69 7954.47 7863.01 202.269 1447.58 1464.38 1413.13 457.262 178.057 955.87 357.864 28.0562 329.807 91.4599 24.2125
internal_count=154007 73448 80559 46799 35982 8809 27173 10817 33760 59201 24912 2462 14247 5436 19476 12717 56354 55745 1530 12587 8355 8848 3006 1336 5842 2847 219 2628 609 194
is_linear=0
shrinkage=0.025


Tree=56
num_leaves=31
num_cat=0
split_feature=65 46 26 44 66 48 4 19 52 14 49 48 62 55 61 55 49 62 61 52 14 9 49 20 44 9 53 65 61 48
split_gain=167.78 46.4164 33.8961 25.4049 25.2473 24.5832 23.6752 45.2139 31.3209 26.2476 23.9425 21.5718 21.4992 22.9194 24.1844 21.2638 20.5546 20.54 18.1015 17.7995 22.6 13.6707 11.8408 11.678 11.6654 15.025 10.7856 9.7591 9.60592 8.03723
threshold=-0.23908794314485368 0.2459396976785532 0.025245122456306956 0.87292073649054747 0.67492267975359777 0.36665256966015197 -0.067814082252462479 -0.095500927076311901 0.17500000000000002 0.024439929156719387 1.3409296673439646 0.88046128872993357 0.10636122351303139 0.16000000000000006 -1.312003084166893 0.49500000000000016 0.51354597717799821 0.3935630745328213 0.21875867570400503 0.13500000000000004 0.0050691520643319351 -0.12335599819203312 -2.6181530130522943 -0.045332376379575538 0.70266470920073421 0.17433514240356221 12.735000000000001 -0.87212425158489182 -0.48664389619146847 0.50109098167051747
decision_type=8 10 2 8 10 10 8 8 2 10 10 10 10 2 10 2 10 8 10 2 8 8 10 2 8 8 2 10 10 10
left_child=1 5 3 4 22 24 8 9 21 -8 -9 17 19 18 -15 -10 -6 -5 -14 20 -3 -4 -2 -7 28 -26 -13 -21 -1 -25
right_child=2 12 6 11 16 23 7 10 15 -11 -12 26 13 14 -16 -17 -18 -19 -20 27 -22 -23 -24 29 25 -27 -28 -29 -30 -31
leaf_value=-0.005996564390352243 -0.0081332175659256239 -0.013568235636996058 -0.015561380199502409 -0.008353252463557146 0.0041551909588131404 0.023667837476415272 0.0096943133512687359 0.0042836742392153215 -0.0013740028014188584 0.027751257676289855 -0.0022923772608610909 0.0011582794840486108 -0.00056703231114407847 0.0085237139423632747 -0.0019197376816775412 0.0045320381618599035 -0.0013189412848503719 5.3681900055676789e-05 0.011326357442383327 -0.0071125740026124103 0.016246789121876427 -0.0017859315733847498 0.00039448466518727279 -0.010944667912061952 -0.007159692434468643 0.01344379681173038 -0.014725920683713959 -0.0029425451742480973 -0.013202416760544892 0.013770598634007598
leaf_weight=171.54534342139959 103.1961170732975 21.497810021042824 92.74798309803009 208.39282800257206 2461.5567823052406 18.127408355474472 277.80440963804722 3053.3854761719704 658.25446960330009 62.021489590406418 387.92251268029213 33.515654385089874 164.95386902242899 139.8796129822731 7242.309763930738 897.03354670107365 516.11306844651699 1348.955515474081 151.82363729178905 816.3816437125206 51.209403909742832 89.769178107380867 3980.6019496321678 19.079171597957615 99.82438488304615 27.002592727541924 113.34032306075096 633.344442024827 410.30655062198639 12.577981308102606
leaf_count=1536 571 160 532 1419 13344 144 1454 16503 3610 288 2161 187 1126 954 51286 4746 2912 7891 1054 6876 367 497 23876 166 894 227 653 4781 3884 92
internal_value=2.14122e-05 -0.00246523 0.00175928 0.00079165 0.00145343 -0.00840858 0.00329428 0.00440457 0.000872804 0.0130979 0.00353967 -0.00194517 -0.00197454 -0.00143589 -0.00171948 0.00202844 0.0032037 -0.00107203 0.00513082 -0.00469028 0.00725254 -0.00888281 0.000174831 0.00834018 -0.00960785 -0.00262955 -0.0110701 -0.00529992 -0.0111075 -0.000752279
internal_weight=24264.5 9979.86 14284.6 8765.67 7061.47 758.463 5518.94 3781.13 1737.81 339.826 3441.31 1704.2 9221.4 7698.97 7382.19 1555.29 2977.67 1557.35 316.778 1522.43 72.7072 182.517 4083.8 49.7846 708.679 126.827 146.856 1449.73 581.852 31.6572
internal_count=154191 73547 80644 50853 40703 6943 29791 20406 9385 1742 18664 10150 66604 54420 52240 8356 16256 9310 2180 12184 527 1029 24447 402 6541 1121 840 11657 5420 258
is_linear=0
shrinkage=0.025


Tree=57
num_leaves=31
num_cat=0
split_feature=65 62 55 69 52 48 74 54 47 52 26 47 16 55 17 16 16 12 62 52 65 77 8 19 61 23 76 27 62 3
split_gain=157.45 46.7162 27.0261 26.2107 22.5806 42.6751 22.3314 21.706 21.4767 63.802 20.9856 22.6122 18.08 17.8425 18.881 17.5184 17.4941 15.652 14.3731 13.3141 12.9432 11.9461 11.1242 14.2587 10.9923 10.3777 9.71742 8.1599 7.4908 6.02172
threshold=0.035114942903349537 0.10636122351303139 1.1900000000000004 -0.55877613944072058 0.78500000000000014 -0.096563624324836103 0.75051335568064437 116.08025000000002 -0.14680021770732965 0.12500000000000003 0.027384835372750941 0.58572190618839837 0.84709149400139416 1.2350000000000005 -0.016182078795047513 1.8813310903921243 0.11638747760890443 0.015324295652932489 0.77344493352896715 0.34500000000000003 -0.87212425158489182 -1.0505857410437189 -0.10975187018219189 -0.13145812446620361 -1.5403353063338272 3.2080492065062693 0.81050509337860788 -0.020806344342443255 0.97116371812820856 0.016263841148229211
decision_type=8 8 2 8 2 8 10 2 8 2 2 10 8 2 8 10 10 8 10 2 10 10 10 8 10 10 10 10 10 8
left_child=1 16 3 22 5 -5 8 -6 9 -3 11 17 24 27 -15 -10 21 -4 -14 -13 26 29 28 -24 -8 -22 -18 -12 -2 -1
right_child=2 6 10 4 7 -7 12 -9 15 -11 13 19 18 14 -16 -17 20 -19 -20 -21 25 -23 23 -25 -26 -27 -28 -29 -30 -31
leaf_value=0.016149708004480665 -0.011882593812035443 0.030593330182037588 0.0062285538727261686 0.0072434789004086316 0.0039737290009111571 -0.0015870894428596507 0.023722946039809664 -0.00091017800758086279 -0.0010849376724549498 -0.0041486133174943656 0.0023563390219880167 0.011898516616119759 0.0026535986864795864 0.0017414096417675655 0.0088607950912125179 0.018199810733252587 -0.0074314544993665911 -0.00097154852774975647 0.015167046695089979 0.0041986678513996102 -0.0028221074102242056 -0.016846909416824082 0.015615619117923397 -0.0023462644563547012 -0.0024829707080122367 0.014023222634321804 0.001612238682867387 0.020549698861755103 0.0034753465229015548 -0.0094739697576259364
leaf_weight=10.325109742581843 116.34948146343231 32.255640044808388 233.22043310105801 415.5916013866663 3212.4080630540848 1905.905427634716 8.9375979453325254 687.69188071787357 7891.9489179849625 2449.9751710370183 20.564497828483582 170.30107592046261 1029.995302900672 396.75378721952438 575.24314972758293 28.313022568821907 886.74125933647156 963.14912337064743 60.006576508283615 836.79584500193596 737.71390993893147 121.73535190522671 27.693420499563217 596.1369317471981 589.89898107200861 22.281087554991245 79.155316971242428 80.911235198378563 22.463954642415047 9.98017565906048
leaf_count=79 662 212 1331 2217 17145 10460 58 3750 53620 17937 109 914 6813 2024 2927 167 7604 5267 347 4427 5543 1125 152 3426 4202 168 686 414 117 89
internal_value=-5.77323e-05 -0.00178615 0.0022928 0.00141192 0.00194893 -9.71802e-08 -0.00121661 0.00311063 -0.00164984 -0.00367957 0.00416674 0.00276222 0.00144672 0.00703646 0.00596821 -0.00101231 -0.00546565 0.000430612 0.00336528 0.00552077 -0.00475809 -0.0138988 -0.00295528 -0.00150844 -0.00203269 -0.00229706 -0.00668149 0.0170064 -0.00933519 0.00338087
internal_weight=24220.4 13959.3 10261.2 6984.24 6221.6 2321.5 12091.3 3900.1 10402.5 2482.23 3276.94 2203.47 1688.84 1073.47 971.997 7920.26 1867.93 1196.37 1090 1007.1 1725.89 142.041 762.644 623.83 598.837 759.995 965.897 101.476 138.813 20.3053
internal_count=153992 98650 55342 37929 33572 12677 83356 20895 71936 18149 17413 11939 11420 5474 4951 53787 15294 6598 7160 5341 14001 1293 4357 3578 4260 5711 8290 523 779 168
is_linear=0
shrinkage=0.025


Tree=58
num_leaves=29
num_cat=0
split_feature=64 46 64 13 39 47 76 20 20 44 22 38 10 49 1 26 50 12 46 53 15 47 16 58 49 43 72 63
split_gain=141.404 41.8221 40.4058 23.215 21.8191 20.1561 19.4141 18.1152 17.5861 16.745 19.7923 17.638 16.0079 15.4162 15.0049 14.7949 14.4843 14.2932 14.2694 15.2921 14.2418 12.6978 12.6912 12.4072 12.2687 10.5008 10.4213 7.04904
threshold=0.49258471247806168 0.29226491699120738 0.82006229090193472 0.0043007154029061521 -0.036119878947647226 -0.24082659429845085 0.52636927685066326 0.49595691294199246 -1.2026366344702126 -0.58168385514865362 1.6341214906124457 6.5155024949741733 0.0022149771871105665 -1.8546043588522096 0.080511217629884682 0.042789183961146095 -2.6230563538523382 0.01508774567624154 0.7608236761159658 10.890000000000002 1.4633728165527442 1.9605068815395044 0.3567767690073857 0.26791307499158712 -1.2059288182274763 0.224855033029837 0.18849807643450808 -1.0723126339372941
decision_type=8 10 10 10 10 10 10 2 2 8 10 10 10 10 10 2 8 10 10 2 10 10 10 10 10 8 10 10
left_child=1 8 9 5 6 17 -5 18 -1 10 25 16 27 -12 -6 -13 -11 -3 21 -20 26 -4 -14 -7 -22 -2 -9 -10
right_child=2 3 7 4 14 23 -8 20 12 11 13 15 22 -15 -16 -17 -18 -19 19 -21 24 -23 -24 -25 -26 -27 -28 -29
leaf_value=0.022456519756953654 -0.013291316352222998 -0.011952674692218937 -0.0017486457006624764 -0.0011556627742501759 -0.00079065385023250093 0.0034952577934266402 -0.0091194254328076929 -0.01062760487976154 -0.0026601360421509503 0.0062479131096618281 -0.019015283863992781 -0.0049954968501539033 -0.0076550553764684337 0.0056031689424436469 0.0097496177822725162 0.012935316656530525 0.00089893440117937119 0.013708212614666596 0.0086144619366590406 0.0027923781646647227 0.01537184209718964 0.016911402933867014 -0.019804195680859567 -0.0038680053702877791 0.0062172197653781024 -0.0040091378350780209 0.0045373183890175623 0.019266555932973495
leaf_weight=10.887671113014219 94.113602817058563 252.74627874791622 550.37226822972298 389.60627427697182 6127.1474211215973 155.26328063011169 380.17798071354628 30.322435393929482 16.497006073594093 329.80500002205372 16.11714294552803 443.82307596504688 809.98623038828373 183.88557784259319 84.307131111621857 29.405610218644142 7514.3142099678516 13.091022953391073 305.78877638280392 3749.6213712245226 167.63453507423401 22.532351568341255 58.017075449228287 1578.8869779184461 215.17869539558887 417.3161785453558 264.20062182843685 17.448690600693226
leaf_count=86 586 2037 3016 2828 43503 1140 2740 154 142 1834 97 2624 7481 1136 564 165 44787 91 1527 18965 808 111 501 11903 1091 2610 1370 150
internal_value=-4.1465e-05 -0.00234046 0.00154491 -0.00182057 -0.0011384 -0.00419593 -0.00510657 0.0032764 -0.00743816 0.000526288 -0.00314953 0.000842013 -0.00783669 0.00348045 -0.00064453 -0.0038356 0.00112571 -0.010605 0.00271359 0.00323565 0.0070995 -0.000967867 -0.00850195 -0.00320247 0.0102811 -0.00575899 0.00291387 0.00867018
internal_weight=24228.5 9894.06 14334.4 8981.23 6981.24 1999.99 769.784 5305.65 912.837 9028.78 711.433 8317.35 901.949 200.003 6211.45 473.229 7844.12 265.837 4628.31 4055.41 677.336 572.905 868.003 1734.15 382.813 511.43 294.523 33.9457
internal_count=154047 73166 80881 64806 49635 15171 5568 27042 8360 53839 4429 49410 8274 1233 44067 2789 46621 2128 23619 20492 3423 3127 7982 13043 1899 3196 1524 292
is_linear=0
shrinkage=0.025


Tree=59
num_leaves=31
num_cat=0
split_feature=64 64 61 16 68 68 8 51 48 60 54 19 41 64 48 20 48 51 52 42 43 27 54 40 34 50 43 75 40 76
split_gain=153.759 47.1893 25.3911 24.4639 22.3323 22.0546 21.5225 20.7372 19.2066 17.7633 39.2485 17.513 28.7584 16.8892 19.2529 21.0361 16.9471 16.6177 15.7467 17.1742 15.6473 15.1608 14.7761 14.6702 14.4734 11.8849 10.4492 10.0913 10.0099 8.63716
threshold=0.66251293995859217 0.13431293943505615 1.0948781967305072 0.14625172798249672 0.96730021251854537 0.9137754018268075 0.08576355797701031 2.0450000000000004 -1.9217143866488644 0.4275243256613091 110.42500000000001 0.12375032820254007 -0.029572594946668026 0.96719734942567903 -1.7815564614267674 -0.070790446551796435 0.89992478245102825 1.9850000000000001 0.13500000000000004 0.0017816578035005667 0.052428233796619338 -0.0090482419833617603 108.57690000000001 0.0086230742941047385 -0.062048633327679396 -1.2899361213346336 -2.722979184504732 1.6809425004940619 0.0041625877039039505 0.9163222611220222
decision_type=10 8 8 10 10 10 8 2 8 10 2 8 10 10 10 2 10 2 2 10 8 10 2 10 10 10 10 8 10 10
left_child=1 3 5 20 13 8 25 11 -3 26 -11 12 -6 14 15 -2 -16 -8 24 -20 -1 29 -7 -13 -5 -4 -9 -23 -22 -15
right_child=4 2 6 18 7 22 17 9 -10 10 -12 23 -14 21 16 -17 -18 -19 19 -21 28 27 -24 -25 -26 -27 -28 -29 -30 -31
leaf_value=0.009612866612474914 -0.014204619930309727 0.025025544140643036 0.018963259007141353 -0.016225878002710675 0.0097112541033869265 -0.0064604401118784852 0.0049372198233642974 0.0018633532015428875 -0.0014195166084110067 -0.0055715902795002966 0.01258154617316091 0.013398075618064765 -0.0069438124839549982 0.018008393753910976 0.0026420234915773039 0.00028440237202251019 -0.00021188979484482092 -0.0024433412034000892 -0.0019268285709645762 -0.006549985339534767 -0.0050235910691730709 0.0062090257072906913 0.015207795307979458 -0.00087430258314274598 0.0095706196324854918 0.0059083053078695207 0.016273720505325492 -0.0018450418930892763 -0.020646622242940834 -0.0010364985305765834
leaf_weight=14.372678726911543 94.19701075553894 15.964562639594076 63.804723165929317 14.847281560301779 93.795549347996712 24.59289126098156 352.96758742630482 38.571397751569748 11310.581495679915 124.99448758363724 179.48725526034832 118.89841061830521 201.87139266729355 85.49964314699173 5890.3230928480625 179.35301373898983 1662.4871555119753 410.65842369943857 880.63885084539652 1189.3669688403606 36.597285866737366 404.08664284646511 80.539711698889732 70.25748835504055 84.808686755597591 146.66770033538342 215.93996255099773 125.59166230261326 107.26987504214048 16.928871065378189
leaf_count=127 484 71 407 110 447 151 2267 183 76629 604 863 573 985 414 32095 919 9106 2668 7080 10212 394 1963 475 345 617 992 1028 624 1158 82
internal_value=4.35063e-05 -0.00155528 -0.000941415 -0.0048213 0.00252317 -0.0012721 0.00292848 0.00597556 -0.00137893 0.00925664 0.00511225 0.00216358 -0.0016171 0.00209545 0.00177601 -0.00471785 0.00201291 0.000960732 -0.00411914 -0.00458904 -0.0142983 0.00602793 0.0100529 0.00808544 0.00550563 0.00998642 0.0141381 0.00428535 -0.0167985 0.0148128
internal_weight=24236 14733.7 12405.8 2327.9 9502.28 11431.7 974.098 1043.82 11326.5 558.993 304.482 484.823 295.667 8458.47 7826.36 273.55 7552.81 763.626 2169.66 2070.01 158.24 632.107 105.133 189.156 99.656 210.472 254.511 529.678 143.867 102.429
internal_count=154073 103358 83660 19698 50715 77326 6334 5028 76700 2678 1467 2350 1432 45687 42604 1403 41201 4935 18019 17292 1679 3083 626 918 727 1399 1211 2587 1552 496
is_linear=0
shrinkage=0.025


Tree=60
num_leaves=31
num_cat=0
split_feature=64 64 16 16 13 19 4 26 28 45 47 59 4 51 40 20 50 47 23 60 29 40 28 51 72 60 15 19 50 40
split_gain=127.473 45.7346 33.3175 28.4027 24.0228 19.4476 19.5627 19.2921 18.9809 19.3174 17.3206 16.6266 15.5923 29.6987 18.0713 15.0628 14.0698 12.1045 14.9454 13.5318 11.482 10.7552 10.4501 9.78651 9.20069 10.349 7.8165 7.06272 6.61093 3.28255
threshold=0.66251293995859217 0.21812477224044302 0.11638747760890443 2.4008649182581672 0.0060871112320751986 0.15895367964789989 0.038900215458895555 0.0088887106573248675 0.46429887449849055 -0.0078005964803993357 1.8952025887673616 -1.5896633824126984 -0.044544263624050222 2.1650000000000005 0.0034654426093037186 0.23355452930398565 -3.1263674559683428 0.31085540154159308 0.47985107060555959 0.93659018491376889 -0.064504199109607849 0.014227904924871991 0.38202004789091393 2.3150000000000004 0.045027076366764097 0.1760937927262784 1.6070126732392602 0.075700167328601978 -0.8655092130293095 0.0032935054274532568
decision_type=10 8 10 10 10 10 10 2 10 10 10 10 10 2 10 2 10 8 8 10 10 10 10 2 10 10 10 8 10 10
left_child=1 2 22 4 17 6 -4 24 16 -10 11 -9 13 28 23 -16 -6 18 -2 -19 -15 -7 27 -14 -3 -26 -12 -1 -5 -24
right_child=3 7 5 12 8 21 -8 10 9 -11 26 -13 14 20 15 -17 -18 19 -20 -21 -22 -23 29 -25 25 -27 -28 -29 -30 -31
leaf_value=0.00038420766304683973 -0.0071101768802062917 0.012270425140162383 -0.0021433721068101538 -0.0031836388834096518 -0.0039436297053224286 0.00027116875961831765 -0.0060335888990607333 0.0067565296830645692 0.0059709178705957822 0.0023538150317521773 0.0037319352384757548 -0.00065138277704353243 -0.016127713190909734 0.0024067457371577134 0.011035647135465641 0.026477337533978851 0.0015348923393255906 0.0018856545385984988 0.0027148563213211969 -0.0074404179618463547 0.023862046088286178 0.015143753571267011 -0.0060843805950519412 0.0088731676059258073 -0.010658320321285658 -0.0034309020444127682 0.024084795494636872 -0.014722217978652162 -0.023643611151297109 -0.020299172041439759
leaf_weight=41.293379187583923 351.17925590276718 18.5361158400774 1660.5672455281019 18.597535088658333 320.11644202470779 459.40022955089808 1591.3825982511044 191.75312259793282 1364.1535135507584 2895.4738368988037 25.00516115128994 9800.2507757171988 18.72807402908802 39.087593853473663 173.08088706433773 53.28495292365551 3260.869501978159 694.55221505463123 131.35475155711174 111.70803420245647 26.132349997758865 31.444760270416737 14.419794142246245 17.780866578221321 157.69470798224211 602.95598916709423 24.065868213772774 33.620011009275913 23.745934844017029 102.72647698968649
leaf_count=403 2040 119 13332 88 1597 3551 13056 1129 7190 15383 131 64697 94 183 810 244 17383 3952 752 620 121 227 155 83 1085 4177 116 354 114 1111
internal_value=-0.000114412 -0.0015689 -0.00387697 0.00214381 0.00186671 -0.00335043 -0.00405093 -0.000728521 0.00238694 0.00351531 -0.000433366 -0.000507675 0.00892474 0.000816705 0.0121952 0.0148239 0.0010419 -0.00129167 -0.00442002 0.000575094 0.0113922 0.0012738 -0.0140146 -0.00385781 -0.00451594 -0.00495353 0.0141994 -0.00642202 -0.0151651 -0.0186923
internal_weight=24255 14755.1 3934.85 9499.85 9129.41 3742.79 3251.95 10820.3 7840.61 4259.63 10041.1 9992 370.438 107.563 262.875 226.366 3580.99 1288.79 482.534 806.26 65.2199 490.845 192.06 36.5089 779.187 760.651 49.071 74.9134 42.3435 117.146
internal_count=154297 103643 32189 50654 48917 30166 26388 71454 41553 22573 66073 65826 1737 506 1231 1054 18980 7364 2792 4572 304 3778 2023 177 5381 5262 247 757 202 1266
is_linear=0
shrinkage=0.025


Tree=61
num_leaves=31
num_cat=0
split_feature=65 46 26 4 61 48 53 77 55 46 84 55 48 9 31 50 40 44 63 62 77 53 48 26 26 0 20 60 35 61
split_gain=114.238 38.7191 30.9275 32.9701 26.8074 21.7586 21.5667 21.983 21.0599 27.9828 26.3114 20.5979 19.2563 19.7163 23.6688 19.1816 18.5736 18.559 21.209 17.6732 20.8258 16.351 15.3962 14.1246 10.8147 10.3639 10.0037 9.82581 9.50117 9.30113
threshold=-0.21819186992258924 0.29226491699120738 0.027384835372750941 -0.060314860024324561 -0.61302650139370518 0.35811562138953229 18.380000000000006 -0.73257087505500229 1.0950000000000002 0.79601474321499566 1.0000000180025095e-35 0.1900000000000002 0.67079893807869684 -0.12335599819203312 -0.016612784700237467 1.6308350924693393 0.0118705075089792 0.83180182173721551 0.27500794384568961 0.098206392155812158 0.72178480772307918 12.575000000000001 0.40253707198355387 0.02134570813792503 0.006842165806460381 0.0010835688563098913 -0.47849653060602654 0.48770471151423539 0.021322446951260846 0.041010095250595603
decision_type=8 10 2 8 10 8 2 10 2 10 2 2 8 8 10 10 10 10 10 10 10 2 10 2 2 10 2 10 10 8
left_child=1 22 12 6 11 -6 16 -8 19 10 -10 -5 13 14 -2 -15 -4 18 -14 29 -21 -19 24 -11 -1 27 -26 -24 -27 -3
right_child=2 8 3 4 5 -7 7 -9 9 23 -12 -13 17 15 -16 -17 -18 21 -20 20 -22 -23 25 -25 26 28 -28 -29 -30 -31
leaf_value=0.0018287750829222252 0.0040838731690625383 -0.0011881142888617087 0.0051216501968088871 -0.0015092689245058577 0.0051392568203789922 0.00018249852426381597 0.0064267645072267274 -0.00368149299779961 -0.0037152068798325952 -0.0021301480267697484 -0.011152639045796071 0.010410276669480906 -0.0026208569645930092 0.00095448186533404137 0.026231336044618719 -0.0093738295914438646 -0.011805003963010813 0.0040305837513699904 0.0022998145705912789 0.00061053696622147984 -0.0038020025916738185 -0.011552785227656417 0.0029579291942946982 0.0033211285343752645 0.0037479102617180276 0.0086941435882567329 -0.009235271744555967 0.033996653393316978 -0.019345414935835376 -0.0065554484998422858
leaf_weight=65.569468587636948 736.27455307543278 382.07932390272617 556.88147567212582 104.14339976012707 1445.0818054378033 901.99341729283333 158.0361712872982 852.77977319061756 1210.1603513211012 1539.4400363564491 396.61058063805103 632.7593162804842 1349.5506500601768 5995.9917595610023 30.477290377020836 113.22659224271774 42.3253383487463 53.14228367805481 918.31762339174747 4119.3314872831106 796.65052297711372 181.88508722186089 15.644642613828184 366.07224625349045 37.527811005711555 14.494557678699495 760.28927412629128 10.650360986590384 13.153745904564856 437.63764128088951
leaf_count=585 4046 3032 2851 540 7665 4959 859 4687 9202 10982 3092 3250 8226 34540 168 648 226 296 4964 28824 5610 1045 117 2523 311 111 7165 86 111 3534
internal_value=-7.58172e-05 -0.00209539 0.00138251 0.00303923 0.00455269 0.00323861 0.000134329 -0.00208796 -0.00160787 -0.00313268 -0.00556266 0.00871586 0.000552264 0.00123623 0.00501358 0.000760029 0.00389233 -0.00132344 -0.000624884 -0.000672375 -0.000103757 -0.00799489 -0.00699361 -0.00107753 -0.00780755 0.00578437 -0.00861047 0.0167375 -0.00463557 -0.0040682
internal_weight=24238.2 10165.3 14072.9 4694 3083.98 2347.08 1610.02 1010.82 9247.98 3512.28 1606.77 736.903 9378.87 6875.97 766.752 6109.22 599.207 2502.9 2267.87 5735.7 4915.98 235.027 917.33 1905.51 863.387 53.9433 797.817 26.295 27.6483 819.717
internal_count=154255 75285 78970 25037 16414 12624 8623 5546 66799 25799 12294 3790 53933 39402 4214 35188 3077 14531 13190 41000 34434 1341 8486 13505 8061 425 7476 203 222 6566
is_linear=0
shrinkage=0.025


Tree=62
num_leaves=31
num_cat=0
split_feature=64 64 15 61 16 47 61 49 16 12 51 49 13 17 13 76 78 59 11 58 63 40 50 40 36 49 37 43 40 39
split_gain=105.276 45.2291 27.9024 23.7837 21.1889 19.1601 17.9246 17.341 23.2618 16.6403 16.4447 17.2288 16.1415 15.4734 15.394 15.4516 15.3429 22.2859 14.5384 14.0093 13.8973 16.6018 13.6301 12.3543 12.0057 10.3666 19.3803 9.81413 8.96308 5.41
threshold=0.32183830151887449 0.74528293594110551 0.42299568016177197 1.1721328441080303 2.5508944454536091 -0.0067900816564157975 -1.5925282448527731 0.60571466230164484 1.6568979562673891 0.018913931450889786 1.3250000000000004 -0.18226706517009525 0.0060871112320751986 -0.00071300605800578276 0.0035721554278225292 0.72041913539609403 0.48839533320572803 -1.1768220906660869 0.029341743579525927 0.94397445986550299 1.3732422894004113 0.0036153816991523684 0.47275575166357725 0.0062283462858557194 0.0024804426569361442 -0.72860240338215265 -0.30973449790451701 1.0028357215697603 0.013103853991238265 0.0091400810683671691
decision_type=8 10 10 8 10 10 10 10 10 10 2 10 10 10 8 10 10 10 10 10 10 10 10 10 10 10 10 8 10 10
left_child=2 6 5 16 7 10 9 12 -9 22 13 -12 -3 -1 24 -16 17 -4 -18 28 21 -6 -2 -22 -8 26 -7 -27 -5 -21
right_child=1 4 3 19 20 25 14 8 -10 -11 11 -13 -14 -15 15 -17 18 -19 -20 29 23 -23 -24 -25 -26 27 -28 -29 -30 -31
leaf_value=-0.011076991786642025 0.0055869858881175084 -0.00060500639772276461 0.018604698051897534 0.0059630400148948997 -0.0041345841107920684 0.036282995428723361 -0.012800958373903853 -0.0021766769798629653 0.0050769307645439554 -0.010320081771833941 -0.0020991230994171395 -0.011824805107346801 0.0033803317028001803 0.01156464037581168 0.00065495850807105937 -0.0015573381468859473 -0.0037944837678083702 -0.00097689759096906167 0.0097572333733778119 0.00023616818806290935 -0.00014749977758245553 0.023158387125380757 0.020755881134259756 0.013329016630869007 -0.002610995427617994 0.0020645046405265858 -0.0014532514243464946 -0.0057246596774907128 0.01976216771299108 -0.017042334496593047
leaf_weight=30.316407643258572 174.18464108556509 724.15670351684093 35.827515661716461 152.05926272273064 16.439220294356346 10.957780115306376 84.036757074296474 1027.6731136888266 376.46418033540249 30.646065682172775 146.95716458559036 546.20280826836824 4975.5770282149315 45.442311428487301 7232.0613582879305 2711.8629019036889 2621.823000870645 1855.8567869961262 49.013361513614655 27.161343514919281 102.24271579086781 68.549904569983482 47.341215550899506 70.256484135985374 509.49991662055254 144.0692031159997 26.886170268058777 324.87461912631989 37.024447470903397 17.225238777697086
leaf_count=256 981 4003 256 1112 81 82 584 5673 1905 178 1349 5293 25434 376 45674 17092 19991 14031 348 202 471 323 274 316 3430 1142 204 2709 271 121
internal_value=5.312e-05 0.00100667 -0.00279586 -0.00191859 0.00251736 -0.00608313 -2.34907e-05 0.00225961 -0.000223896 0.00654663 -0.00857158 -0.00978085 0.00287265 0.00237523 -0.00018216 5.07615e-05 -0.00231847 -0.000590511 -0.00353871 0.00583575 0.0095561 0.0178081 0.00895669 0.00535228 -0.00408928 -0.00228146 0.0100606 -0.00331655 0.00881205 -0.00657674
internal_weight=24222.7 18151 6071.7 4795.99 7361.36 1275.71 10789.6 7103.87 1404.14 252.172 768.919 693.16 5699.73 75.7587 10537.5 9943.92 4562.52 1891.68 2670.84 233.47 257.488 84.9891 221.526 172.499 593.537 506.788 37.844 468.944 189.084 44.3866
internal_count=154162 106419 47743 36332 38206 11411 68213 37015 7578 1433 7274 6642 29437 632 66780 62766 34626 14287 20339 1706 1191 404 1255 787 4014 4137 286 3851 1383 323
is_linear=0
shrinkage=0.025


Tree=63
num_leaves=29
num_cat=0
split_feature=64 62 46 13 33 46 75 39 20 61 50 51 1 25 55 64 34 39 43 39 43 61 19 49 49 10 2 72
split_gain=113.651 38.8905 23.3675 20.9376 21.0817 19.9901 18.8413 18.4768 16.7333 15.8527 15.8718 15.3513 14.663 19.1657 15.0556 14.6573 19.4038 13.2056 17.4079 11.0576 10.9032 10.6895 11.7753 9.7664 12.2181 9.34486 9.3025 7.78315
threshold=0.65051568314726216 0.090054152733528195 0.2771059912890082 0.0060871112320751986 0.0050745840877395318 1.3339615125134625 0.22196779578024253 0.010815702670425755 -0.47849653060602654 inf -3.4337754311574407 2.3350000000000004 0.04883391764206791 1.3710427432366574 0.16500000000000006 0.086279044634172714 0.011827620127192852 0.013165374487288274 0.86222394077929698 0.071046771437739201 -0.75555446564314932 1.4897532789203687 0.21504962875620784 -3.1989901238421576 -0.99408995439172199 0.013239162527413381 0.056059031674842837 0.63538281766464011
decision_type=10 8 8 10 10 10 10 10 2 8 10 2 10 10 2 10 10 10 10 10 8 10 8 10 10 10 10 10
left_child=1 15 7 21 9 6 -4 8 -3 10 -5 -7 14 -14 -6 16 20 18 -17 -9 -1 23 -23 -2 -25 -19 -18 -24
right_child=3 2 5 4 12 11 -8 19 -10 -11 -12 -13 13 -15 -16 17 26 25 -20 -21 -22 22 27 24 -26 -27 -28 -29
leaf_value=0.020904249536028763 -0.014550044313167733 0.022130596309277602 -0.0015035867866917019 -0.0038906486743112418 -0.0021598917190061122 0.00022320363783119872 0.00090781181321963195 -0.0088303965211007501 -0.0017370299616642324 0.019443150644033774 0.0017839669787676163 0.0070279722953302138 0.00014048475798977237 0.0070105441691782622 0.0058292873087203443 -0.00084243832525046245 -0.013498083352741648 -0.0063198865085083867 0.018509441963857561 0.016450124475239115 -0.0047288363481739915 0.012001824747424455 -0.00046819771813740187 0.0040626377156157056 -0.0013310495201122627 0.01325319745792972 0.0010906499885831604 -0.012317553108301751
leaf_weight=9.3543061390519124 26.481362000107765 18.653191030025482 8569.7747192010283 328.87159948050976 156.52529135346413 508.79179891943932 2646.6338113322854 456.24701691418886 242.47222964465618 29.487050697207451 4491.4957098811865 351.24324807524681 975.14896550774574 343.03827387094498 2099.402458935976 331.81580436974764 296.77609335631132 419.85006102919579 30.591663405299187 9.8062165379524213 440.71552893519402 18.143881410360336 52.484678417444229 393.29311582446098 781.15995627641678 14.487646885216234 28.847686275839806 109.68939799070358
leaf_count=79 145 146 58976 1625 850 3152 17874 3964 2135 140 23910 2123 5052 1742 11098 2620 2724 3266 240 84 3866 105 290 2211 4546 106 251 613
internal_value=4.37587e-05 -0.00137134 -0.000914692 0.0021192 0.00258714 -0.000651632 -0.000933886 -0.00526483 3.27722e-05 0.00151045 0.00139439 0.00301694 0.00404504 0.00193875 0.00527079 -0.0050813 -0.00753121 -0.00267898 0.000826167 -0.00824154 -0.00412528 -0.000728995 -0.00638427 0.000119419 0.000471077 -0.00561508 -0.0121834 -0.00856024
internal_weight=24181.3 14376.1 12803.6 9805.22 8423.97 12076.4 11216.4 727.179 261.125 4849.85 4820.37 860.035 3574.11 1318.19 2255.93 1572.44 775.694 796.745 362.407 466.053 450.07 1381.25 180.318 1200.93 1174.45 434.338 325.624 162.174
internal_count=153933 101606 88454 52327 44417 82125 76850 6329 2281 25675 25535 5275 18742 6794 11948 13152 6920 6232 2860 4048 3945 7910 1008 6902 6757 3372 2975 903
is_linear=0
shrinkage=0.025


Tree=64
num_leaves=30
num_cat=0
split_feature=64 64 46 52 35 73 11 55 46 51 43 48 44 46 68 44 68 49 20 57 64 48 63 34 34 58 31 64 11
split_gain=110.064 40.2229 30.8167 25.35 22.3385 19.891 19.6585 19.3464 23.7324 33.2767 23.6173 18.4554 17.9432 15.9768 17.9711 21.3098 16.458 15.7031 15.4972 14.1086 13.9886 12.9129 11.3587 10.7394 12.5951 7.71019 7.57806 5.66829 4.33179
threshold=0.65051568314726216 0.23036890645586303 0.2459396976785532 0.13500000000000004 0.059407515394366291 0.99539614091246875 0.0081852818789430876 1.5450000000000004 1.5491035519263827 1.8250000000000004 0.13826054197444196 0.63061390306763709 1.7937423958299132 1.3339615125134625 0.90185970260127835 0.85267132231942011 0.77344493352896715 -1.8153140188166679 0.65754539778153598 2.6610984761961878 0.97080288796103009 0.29929088244095098 -0.65202038917680161 -0.015304090522914813 -0.031124906439103813 0.84722095339021763 -0.053263094357891887 0.78035926167132075 0.010223290940559016
decision_type=10 8 10 2 10 10 10 2 10 2 8 10 8 10 8 10 10 10 2 8 10 10 10 10 10 10 10 10 10
left_child=1 2 12 4 -4 -5 23 8 11 -10 20 -8 21 16 17 -16 19 -15 -12 -3 -9 -1 -18 24 -2 26 -25 -27 -14
right_child=6 13 3 5 -6 -7 7 10 9 -11 18 -13 28 14 15 -17 22 -19 -20 -21 -22 -23 -24 25 -26 27 -28 -29 -30
leaf_value=-0.01186823791527903 -0.0087052449747014732 -0.00074549194975140516 0.0019618526143880335 -0.0025179319549680644 0.024436749615447662 -0.0082708347680349095 0.0017415663126738948 0.0081015150921364618 0.0007352228458922034 0.0066904763106891618 0.0017403836597760644 -0.0012825865000244156 0.0010063533208263323 -0.010019431153299256 0.012443737055680771 -0.014690007389018983 0.0073671926185605854 0.002055391140227885 0.018763540306157792 0.012993537286163832 0.022209942212988058 0.0035385267933917847 -0.0061760131885059029 -0.0027454731146684969 0.016961492097675366 0.0071336978766617437 -0.020841876713079438 -0.010397342146890233 0.022974988436426733
leaf_weight=418.56409826129675 23.6755191385746 8805.8944242224097 137.89709035307169 3037.6472024023533 33.754360124468803 429.81754440069199 4323.2854480594397 366.46978433430195 1138.1379282325506 1216.2083689272404 754.85173800587654 1776.710684210062 13.149517416954042 74.283043652772903 164.90606106817722 19.042573496699333 40.418618351221085 614.76865780353546 33.939855068922043 45.712570503354073 50.404458090662956 35.67786768078804 505.0690792798996 22.024767056107521 21.582809746265411 20.387875229120255 50.649783983826637 23.144055604934692 9.8775807470083219
leaf_count=4384 144 58830 991 23977 224 3672 23506 1895 5783 6026 3955 9786 120 456 934 114 272 3832 171 241 235 352 3233 134 132 127 315 139 86
internal_value=-7.66666e-05 -0.00146974 -0.00355775 -0.00276952 0.00656378 -0.00323582 0.00196307 0.00210856 0.00168425 0.00381661 0.00507304 0.00085943 -0.00953023 -0.000631789 0.0025988 0.00951731 -0.000933006 0.000727647 0.00250973 -0.00067194 0.00988416 -0.0106355 -0.00514482 -0.00664642 0.00349524 -0.0106555 -0.0155928 -0.00204802 0.0114107
internal_weight=24208 14386.5 4116.39 3639.12 171.651 3467.46 9821.47 9660.01 8454.34 2354.35 1205.67 6100 477.269 10270.1 873 183.949 9397.09 689.052 788.792 8851.61 416.874 454.242 545.488 161.465 45.2583 116.206 72.6746 43.5319 23.0271
internal_count=154066 101718 33806 28864 1215 27649 52348 51357 45101 11809 6256 33292 4942 67912 5336 1048 62576 4288 4126 59071 2130 4736 3505 991 276 715 449 266 206
is_linear=0
shrinkage=0.025


Tree=65
num_leaves=31
num_cat=0
split_feature=65 65 69 9 40 78 40 31 47 46 65 48 20 46 54 52 10 40 61 50 40 41 3 73 30 40 37 49 53 66
split_gain=99.4765 43.3992 20.7769 22.0724 26.7568 17.661 20.7427 27.9089 19.5399 17.7449 16.3444 18.0216 25.0459 22.2636 21.8857 20.4429 16.0755 15.4199 13.9523 13.1143 12.6861 9.18747 13.4431 12.9885 11.6789 8.99899 7.69036 7.33096 18.2264 6.122
threshold=0.34676514493573546 -0.88977802864282485 -1.5319243949015666 0.18065313375247274 0.013103853991238265 0.17060102142788067 0.013277514541601062 -0.040499913365265809 1.8952025887673616 1.910380801786931 3.0437006580835582 -1.7815564614267674 -0.070790446551796435 0.68770772713180206 116.02645000000001 0.13500000000000004 0.0028561410208401417 0.0036153816991523684 -0.28332396295466639 -0.76119353001793166 0.0042318588088183272 -0.0035396756608616071 0.091541330083007036 -2.4096106664773562 0.15805009584306476 0.00650469559953493 -0.29474680779684342 2.8395518992090483 28.540000000000003 0.0086486587566501193
decision_type=8 10 10 10 10 8 10 10 10 10 8 10 2 10 2 2 10 10 8 10 10 10 10 8 10 10 10 10 2 10
left_child=1 2 16 18 -5 6 20 -8 9 -7 11 12 25 17 -14 -15 29 -13 -4 -18 -3 27 23 -23 -24 -2 -10 28 -12 -1
right_child=10 5 3 4 -6 8 7 -9 26 -11 21 13 14 15 -16 -17 19 -19 -20 -21 -22 22 24 -25 -26 -27 -28 -29 -30 -31
leaf_value=-0.0056122638247038392 -0.017892625633605812 -0.0037965328918987324 -0.0016717413312737741 -0.00024437680237933477 0.022721134416372881 -0.0011230123877968721 0.003168685708062681 0.022603604794906012 0.00029200781382124422 0.015837536943339611 0.0093286584918845089 0.0090842333552634356 0.0030847601535757396 -0.0043640818728141462 -0.02436206574693258 0.0031489917919180497 0.0060046930263242936 -0.0034396161513884863 -0.0069519356495407166 -0.014326472199606394 0.0015520681163440531 0.011386867892570466 0.027052584733418806 -0.0074244940889285809 0.0045714943570471589 -0.0052578143844081229 0.019581697385882404 0.021099533531174049 -0.013171544479645636 0.019568811342845424
leaf_weight=9.183777794241907 67.821259006857872 336.84429962933064 503.79895357042551 316.71179788559675 33.960446186363697 12535.045351959765 173.90921527892351 62.553401678800583 20.34319806098938 37.42201741039753 310.6376685500145 67.489646419882774 282.06153379380703 234.11670596897602 18.174392476677895 5563.4950707256794 20.432104244828224 566.78147523105145 846.88134024292231 237.5012240037322 1528.6422554552555 28.675030723214149 18.211850985884666 95.865257441997528 64.115084797143936 79.554571032524109 38.679126843810081 27.980770766735077 22.949627056717873 12.867419339716433
leaf_count=81 336 2261 4163 2557 250 83745 1114 416 111 199 1476 374 1378 1307 91 28783 189 3161 7260 2482 10124 133 85 465 292 398 196 129 109 127
internal_value=-4.53369e-05 -0.0011164 -0.00458967 -0.00353959 0.00202828 -0.000648475 0.00147134 0.00842969 -0.00100192 -0.00107043 0.00235715 0.00201816 -0.00281916 0.00235643 0.00130805 0.00284347 -0.0109015 -0.00208058 -0.00499122 -0.0126667 0.000580453 0.00643375 0.00216637 -0.00296625 0.00995162 -0.0112203 0.013196 0.00883937 0.00771666 0.00901055
internal_weight=24162.7 16714.8 1981.34 1701.35 350.672 14733.4 2101.95 236.463 12631.5 12572.5 7447.93 6879.49 447.612 6431.88 300.236 5797.61 279.985 634.271 1350.68 257.933 1865.49 568.435 206.867 124.54 82.3269 147.376 59.0223 361.568 333.587 22.0512
internal_count=153792 115275 17109 14230 2807 98166 13915 1530 84251 83944 38517 35828 2203 33625 1469 30090 2879 3535 11423 2671 12385 2689 975 598 377 734 307 1714 1585 208
is_linear=0
shrinkage=0.025


Tree=66
num_leaves=31
num_cat=0
split_feature=64 68 66 61 3 52 55 61 40 54 48 62 68 0 52 46 39 54 78 49 54 58 43 51 51 21 42 73 4 46
split_gain=96.0293 35.48 29.5396 27.3951 25.0293 26.5848 21.1116 20.3889 28.1831 26.7248 64.7924 21.5256 19.9949 19.5874 18.1025 17.1924 22.8156 17.8214 17.6655 17.3331 16.7939 15.6135 14.646 14.0319 18.0578 15.6993 12.306 12.7632 10.5748 9.32236
threshold=0.49258471247806168 0.12845035500957966 0.66700268817204311 1.5860117299816832 0.045323993848765294 0.15500000000000003 0.16000000000000006 -0.34469031774294207 0.0031193066843522238 117.26100000000001 -0.1479290192609852 0.3340587672517501 0.70233077002500466 -0.016762168834328069 0.74500000000000011 0.66621522989736481 -0.0045981832183018536 116.01815000000001 0.045216579338667427 -3.4457330855532926 120.75105000000001 0.99787007213174261 -0.34004612053776256 1.3500000000000003 1.2350000000000001 43.427119640774613 0.0082679718204118641 0.77225046787628482 -0.092511941642349257 0.43460688920389934
decision_type=8 10 10 8 10 2 2 8 10 2 10 10 8 10 2 8 8 2 8 8 2 10 10 2 2 10 10 10 10 8
left_child=1 3 15 23 5 13 -7 8 11 14 -11 -3 21 -4 -9 17 18 -2 -17 -18 -14 -6 -10 24 -1 -25 27 -5 -19 -28
right_child=2 7 4 26 12 6 -8 9 22 10 -12 -13 20 -15 -16 16 19 28 -20 -21 -22 -23 -24 25 -26 -27 29 -29 -30 -31
leaf_value=-0.0033542274204808697 -0.0049924750377898265 0.0028821444757885315 -0.015953259839341424 0.005055775494648136 0.00025799515314952237 -0.004635389282974833 0.0023579972955666841 -0.00088922719494306302 -0.0011834353758183873 0.022520096441093793 -0.00041495398186714707 0.037717751627648871 0.0071716418365887595 -0.0018842573854548209 -0.003872210952833586 0.0138998297286397 -0.019637128521362911 -0.011501484918823232 0.0026679880210689743 -0.00015789172270997884 -0.0058601650807903445 0.020844458953954145 0.0028926862952264238 -0.0021585102416560443 0.014127318617869311 -0.0084145792762153945 -0.010453079741701659 0.039681310402888838 0.0083688785885658555 0.017596961136503202
leaf_weight=242.10990466177464 663.5510531142354 23.29875586181879 77.319695234298706 13.865736775100233 589.56047450006008 282.19869017601013 5401.2898876070976 2308.2996665909886 1402.6578767895699 89.321890369057655 510.68232947587967 21.281168684363365 1278.3571130335331 301.61560209095478 2853.4377080649137 93.901923552155495 27.554658800363541 18.486511528491974 1186.7401165366173 4262.6003971323371 63.437500566244125 22.804257452487946 904.64548766613007 340.97880467772484 42.294461980462074 995.74012503772974 18.193331316113472 13.570239670574663 105.64449083805084 10.772856771945955
leaf_count=1902 4150 172 426 102 3166 1557 29164 16732 10064 627 3591 149 6354 1693 20734 529 149 113 7016 25343 338 109 6327 2961 363 9137 150 102 652 72
internal_value=6.52728e-05 -0.0018438 0.00136615 -0.00515352 0.00237537 0.00157986 0.00200853 -0.00115791 0.000801077 -0.00195886 0.00302502 0.0202283 0.00483697 -0.00481599 -0.00254021 9.2367e-05 0.000582544 -0.00336046 0.00350965 -0.000290206 0.00654525 0.00107612 0.000412151 -0.00575507 -0.00067981 -0.00682771 0.0117658 0.0233892 0.00526801 1.5443e-05
internal_weight=24166.2 9791.15 14375.1 1677.53 8016.58 6062.42 5683.49 8113.62 2351.88 5761.74 600.004 44.5799 1954.16 378.935 5161.74 6358.48 5570.8 787.682 1280.64 4290.16 1341.79 612.365 2307.3 1621.12 284.404 1336.72 56.4022 27.436 124.131 28.9662
internal_count=153944 73185 80759 14789 42807 32840 30721 58396 16712 41684 4218 321 9967 2119 37466 37952 33037 4915 7545 25492 6692 3275 16391 14363 2265 12098 426 204 765 222
is_linear=0
shrinkage=0.025


Tree=67
num_leaves=31
num_cat=0
split_feature=65 45 47 12 34 16 24 57 66 51 31 12 80 29 47 16 16 63 26 21 46 74 49 63 52 58 55 47 72 44
split_gain=87.1724 32.4636 30.6575 37.4179 25.8288 21.1036 20.7077 18.8342 18.6418 19.3077 17.4732 21.459 16.7955 17.8195 17.763 16.5427 16.343 14.895 14.0941 13.5151 13.1826 12.8698 12.6701 12.5079 11.8705 11.4444 11.3863 8.54383 7.2334 7.19045
threshold=-0.45338169029709247 -0.011009605323369047 -0.14680021770732965 0.013683845457992344 0.13078811037840368 2.5508944454536091 -0.61998220760692158 0.51283006527000852 0.66258915656641237 1.8750000000000002 -0.014872306826113122 0.037879804488164193 1.0000000180025095e-35 -0.0012968661850429328 0.91744588248210956 0.51261427094882128 0.39667155191745179 -0.76053203968480709 0.025620472277060834 79.027108826923651 0.48140926061147876 0.84492824747850814 0.69493046250616819 1.4757073906005198 0.13500000000000004 0.30394233294159689 0.03000000000000003 -0.041787264232719758 0.029197112038970078 -0.49260369525253311
decision_type=8 8 10 10 10 10 10 10 8 2 10 10 2 10 10 10 10 10 2 10 10 8 10 10 2 10 2 10 10 10
left_child=2 5 3 7 8 18 24 20 15 -10 12 25 13 -4 -14 -3 27 -8 22 -20 -1 -18 -2 29 -5 -12 -9 -6 -25 -7
right_child=1 4 10 6 16 23 17 26 9 -11 11 -13 14 -15 -16 -17 21 -19 19 -21 -22 -23 -24 28 -26 -27 -28 -29 -30 -31
leaf_value=-0.0083119302064794259 0.0020338467333571929 -0.0048962313217425189 -0.0028805000012375789 0.029024447014759338 0.0076106218506424711 0.0086423771933031926 0.0055803103662786912 0.012099688951572244 -0.0010383327885821626 0.0017553109717773846 0.0056029441586728642 0.022615415470433914 0.0010475164242921596 0.0070695763476064976 0.013615904641214966 -0.00068669265244306597 0.0069597680704579952 -0.0054056814647050252 0.0049639321675536306 -0.0042120386192199197 -0.0030341372519195483 -0.00091708136722217512 -0.0023775219979203701 0.017482251447673052 0.0064298219350704859 -0.0039334912371293516 -0.01245167050776586 0.028456232989927773 0 0.030274431060674407
leaf_weight=525.85026998817921 2665.0578797087073 672.31572668254375 1378.641869969666 16.068068474531174 26.934141620993614 17.333658963441849 109.18177924305201 10.969667159020899 2398.3873625248671 4335.7020854651928 80.525109216570854 18.578348770737648 1414.1701136603951 120.96750341355801 72.952782653272152 4428.4230398982763 331.07796290516853 252.52646254748106 1398.8459565937519 106.28149889409542 694.45591409504414 209.64628620445728 477.71082620322704 20.782969266176224 114.14649413526058 1829.5126798078418 373.99357204139233 25.964272260665894 43.896167263388634 30.047943353652954
leaf_count=5124 15732 4423 10195 109 146 82 852 94 13389 23952 623 124 10621 883 509 27481 1709 1832 7510 571 5387 1112 2882 92 858 14164 3289 133 198 140
internal_value=-0.000133672 0.000824378 -0.00248275 -0.00501398 0.000151283 0.0025798 0.00100331 -0.00686198 -0.000103577 0.000759216 -0.00140029 -0.00325466 -0.00019953 -0.00206786 0.0016796 -0.00124403 0.00523488 -0.0020614 0.00231737 0.00430817 -0.0053205 0.0038967 0.00136027 0.0132588 0.00951457 -0.00352426 -0.0116972 0.0183852 0.00577585 0.0229241
internal_weight=24200.9 17188.4 7012.54 2097.19 12428.5 4759.96 491.923 1605.27 11834.8 6734.09 4915.35 1928.62 2986.73 1499.61 1487.12 5100.74 593.623 361.708 4647.9 1505.13 1220.31 540.724 3142.77 112.061 130.215 1910.04 384.963 52.8984 64.6791 47.3816
internal_count=154216 99552 54664 17545 72345 27207 3651 13894 69245 37341 37119 14911 22208 11078 11130 31904 3100 2684 26695 8081 10511 2821 18614 512 967 14787 3383 279 290 222
is_linear=0
shrinkage=0.025


Tree=68
num_leaves=31
num_cat=0
split_feature=62 62 64 16 79 40 31 61 69 31 38 44 44 40 18 60 55 21 48 19 18 31 63 14 64 12 35 9 63 27
split_gain=90.7931 45.3857 24.7819 22.2171 19.9818 23.3959 46.3416 21.7457 20.289 18.1551 16.5691 16.0859 18.169 15.2263 17.2749 17.1202 14.589 14.2875 12.9262 11.8184 13.331 11.1485 9.85392 13.4405 9.7937 15.9264 11.3951 8.96412 8.63651 8.18305
threshold=0.68685814301680692 0.10636122351303139 0.8747323144084781 0.11638747760890443 -0.45332973856121078 0.013568967255500662 -0.04000007776121222 -1.312003084166893 1.9863068763722427 -0.093036353704943384 4.3860740741046262 -0.58168385514865362 0.85267132231942011 0.0054897545019691211 -0.022539808814680259 0.032955750710618993 1.5450000000000004 40.81224875909809 1.0447940979798804 0.10614831507677215 0.089015704332833137 -0.014872306826113122 -0.79860709500033622 0.0036336912344195021 0.98960494467496563 0.030498647723762741 -0.15392397281956513 -0.009234888741587231 0.48383966853430166 0.00011657816025070716
decision_type=8 10 8 10 8 8 10 8 10 10 10 10 10 10 8 10 2 10 10 8 10 8 10 10 10 10 10 8 10 10
left_child=1 3 10 17 5 18 -7 9 -9 -6 11 29 -13 24 16 -16 -15 21 -3 20 -12 -1 -5 -24 25 -4 -26 -19 -21 -2
right_child=2 4 13 22 7 6 -8 8 -10 -11 19 12 -14 14 15 -17 -18 27 -20 28 -22 -23 23 -25 26 -27 -28 -29 -30 -31
leaf_value=-0.010573192929619366 -0.015183446623646965 0.00087640669849294332 0.0016182524572612286 -0.0044371126303912019 0.00096947655987375536 0.0020754074789475249 0.023748171939349152 -0.0014489716000013692 0.022779966406738572 0.012792110566348845 -0.00062842074736027835 0.0027321290893433294 -0.0011496354909297521 0.00071613181484163509 0.011620146591296369 0.0049980822799407295 0.0097371027326344506 0.0053062086558848601 -0.0055866712019331868 -0.011147987645961581 0.01479622100116381 0.020324253168832962 0.020068041055637663 -0.0014491306058208794 -0.0034695425130750698 -0.0088782340585540336 0.013454277697086221 -0.020201078385608789 -0.0029844293733095615 -0.0015272052662136455
leaf_weight=17.304861962795258 49.512080028653145 2474.8936837613583 1216.3267169594765 1664.1206547766924 260.68010532110929 255.64389594644308 80.588207274675369 9686.9899103194475 20.41734504699707 117.9068795517087 559.73095747828484 3221.9416389912367 979.76221457123756 793.2533196657896 309.22106501460075 1214.5747031122446 129.82343973219395 8.3962398543953878 208.44132427871227 109.4652998521924 36.128752440214157 10.796783462166788 22.611337170004845 73.550541944801807 34.08693590760231 96.263739883899689 81.364675551652908 104.87248004227877 324.49234591424465 63.390803560614586
leaf_count=153 286 16356 6328 13745 1577 1627 526 66534 104 751 3274 17956 5664 3932 1586 5986 630 78 1248 683 210 80 181 591 162 468 371 1030 1849 353
internal_value=4.47204e-05 -0.00115449 0.0019975 -0.00476305 -0.00062992 0.0011526 0.00735815 -0.00116439 -0.00139443 0.00470004 0.000891624 0.00157263 0.00182512 0.00352009 0.00471837 0.00635489 0.00200397 -0.014282 0.000369289 -0.00195281 0.000322118 0.00138798 -0.0039851 0.00371833 0.00145943 0.000835338 0.00840896 -0.018209 -0.00508598 -0.0076784
internal_weight=24226.6 15007.2 9219.34 1901.65 13105.6 3019.57 336.232 10086 9707.41 378.587 5344.42 4314.61 4201.7 3874.91 2446.87 1523.8 923.077 141.37 2683.34 1029.82 595.86 28.1016 1760.28 96.1619 1428.04 1312.59 115.452 113.269 433.958 112.903
internal_count=154319 104581 49738 15858 88723 19757 2153 68966 66638 2328 30275 24259 23620 19463 12134 7572 4562 1341 17604 6016 3484 233 14517 772 7329 6796 533 1108 2532 639
is_linear=0
shrinkage=0.025


Tree=69
num_leaves=29
num_cat=0
split_feature=65 62 72 68 52 47 47 13 76 55 53 35 50 60 19 8 52 12 24 52 35 21 34 39 18 40 22 2
split_gain=85.7407 35.7935 29.608 20.7185 19.6569 19.057 15.6509 15.3176 15.3421 15.1565 22.5332 23.6616 22.8587 17.5383 16.9303 30.7556 37.5698 35.6679 15.9059 14.5032 14.523 13.2522 12.8027 11.4129 10.5825 9.53254 8.33773 6.48379
threshold=0.29417005809270536 0.14636660799597689 0.86673713883016223 0.56330495826654148 0.14500000000000005 2.1263153269582404 0.4831736363114833 0.0034179702439072561 0.55021377281613726 1.0950000000000002 19.355000000000004 -0.077381442623547222 0.073106014952590712 0.1760937927262784 -0.0057218113225487857 -0.031038433419797559 0.18500000000000003 0.04482431517779429 -0.80747501589359372 2.8200000000000007 -0.011764282585943029 25.091080540759084 -0.18413606568529536 0.071046771437739201 0.039606826973046079 0.013277514541601062 1.5649139084104664 0.042986502635640307
decision_type=8 8 10 10 2 10 10 8 10 2 2 8 10 10 10 8 2 10 10 2 10 10 8 10 10 10 10 10
left_child=1 2 3 25 24 7 -5 26 -9 14 12 21 13 -11 15 16 -2 -17 -13 23 -21 -12 -14 -16 -4 -1 -3 -6
right_child=9 5 4 6 27 -7 -8 8 -10 10 11 18 22 -15 19 17 -18 -19 -20 20 -22 -23 -24 -25 -26 -27 -28 -29
leaf_value=-0.0038183724365672953 -0.011557055214211282 -0.0068821806807612563 -0.0077277476805020055 0 -0.011711228124223993 0.019790113607528401 0.013516297293125607 0.00049064957161193792 -0.0012199749820062866 0.0041014413481733382 0.014180024271653777 0.026269819499467252 0.027977166804187326 -0.001098653213143507 9.8166060515086874e-05 0.0048379418673313284 0.0021629169639347046 0.020427811950430221 0.0098590733069923112 -0.0075766531181872786 0.01897491035868254 -0.0034947920370575238 0.0058713683271051703 -0.0084377424862154392 0.018473512449736881 0.0019818621094580759 -0.00081386705815321295 -0.0047695063649071667
leaf_weight=1651.8512090444565 136.51037466526031 354.79951403290033 14.567920826375483 153.92665158212185 391.90898239612579 27.68777060508728 80.406189069151878 6646.3522802442312 6454.4115042388439 679.90561527013779 32.412823468446732 42.230025663971901 15.903233200311661 996.95764164626598 2656.0584542751312 638.26660615205765 1316.2239606827497 106.81901663541794 316.10500682890415 16.471942886710167 46.043883547186852 124.08475267887115 663.10290436446667 100.39686876535416 23.16506003588438 195.80900652706623 240.50390139967203 115.21457948535681
leaf_count=13508 758 2567 116 1108 3584 129 559 43775 43854 3385 164 215 77 5131 13974 3297 6827 489 1620 84 238 625 3434 530 176 1548 1728 980
internal_value=3.25143e-05 -0.000999893 -0.00367322 -0.00230782 -0.00886039 -0.000487371 0.00466551 -0.000530641 -0.000351594 0.00217345 0.00362348 0.00836288 0.00258085 0.00100675 0.00134155 0.00298576 0.000860047 0.00711228 0.0118952 5.62585e-05 0.0118503 0.000198396 0.00644858 -0.000213549 0.00823871 -0.00319874 -0.00444971 -0.0101639
internal_weight=24238.1 16350.6 2626.85 2081.99 544.857 13723.8 234.333 13696.1 13100.8 7887.49 2870.7 514.833 2355.87 1676.86 5016.79 2197.82 1452.73 745.086 358.335 2818.97 62.5158 156.498 679.006 2756.46 37.733 1847.66 595.303 507.124
internal_count=154480 113632 21579 16723 4856 92053 1667 91924 87629 40848 14651 2624 12027 8516 26197 11371 7585 3786 1835 14826 322 789 3511 14504 292 15056 4295 4564
is_linear=0
shrinkage=0.025


Tree=70
num_leaves=27
num_cat=0
split_feature=65 47 12 55 65 60 52 54 55 44 72 16 17 2 11 1 38 54 39 40 10 52 33 71 0 24
split_gain=77.1491 26.0097 41.2705 34.1736 24.1587 23.3507 34.4067 23.1268 21.9946 20.8327 20.2691 19.5262 18.4342 18.3848 18.3049 15.509 15.1346 15.8775 13.564 13.0172 12.3834 11.215 10.8928 10.6431 9.04893 8.36471
threshold=-0.23908794314485368 -0.17854812201170706 0.013683845457992344 0.16000000000000006 1.1503165253759784 0.34755447501170111 0.65500000000000014 113.21645000000002 0.015000000000000015 0.51351888459518047 0.87066310274021108 2.5508944454536091 -0.019236495385731463 -0.21332969217734823 0.014922219378086288 0.047741028622388278 9.702859581533307 117.27835000000002 0.045926452869683672 0.0060785978607547538 0.013321671713240241 1.6150000000000004 0.089268861314718631 -1.8286748430543553 -0.010277712212303778 0.69071803081924765
decision_type=8 10 10 2 8 8 2 2 2 10 10 10 10 10 10 10 10 2 10 10 10 2 10 8 10 10
left_child=1 2 8 21 11 6 12 -8 -1 -5 -10 16 -3 23 19 18 17 -2 -7 -15 -16 -4 -17 24 -6 -18
right_child=4 5 3 9 13 15 7 -9 10 -11 -12 -13 -14 14 20 22 25 -19 -20 -21 -22 -23 -24 -25 -26 -27
leaf_value=0.024556614490981843 0.00093497160089003179 -0.008587417337862089 0.041658032553602037 0.0025887179788712227 -0.0025983739158227902 -0.0017340008804639974 0.008585639140356989 0.0011659349534325091 -0.005041802455503056 -0.005997621216754837 -0.011832091720277027 0.022160201718723807 -0.00021652763189582833 0.00053822910513979464 0.0064972235183192954 0.0022801625283750101 -0.0074030403129352537 -0.0024230226936444782 -0.0056641183722173048 -0.0096387392390129001 0.0024896777309133308 0.0084770839085238619 0.023416006892889526 0.027302931241382902 0.020074748047058881 0.0021344993764856822
leaf_weight=13.155906423926352 9864.7547278478742 223.59584445506334 14.702814698219301 516.31082427501678 24.517311111092567 4338.2736572995782 451.91946864873171 631.99061954021454 1331.9996520578861 266.74697068333626 349.94408785551786 24.842926248908043 619.79685501009226 255.42189472913742 619.02896720170975 315.48478710651398 227.6201583147049 964.06241936981678 630.47912891209126 111.39334528148174 2242.0520652532578 13.010691292583941 14.966285683214663 27.971315994858742 17.753921821713448 74.667946591973305
leaf_count=105 57212 1598 95 3683 118 32185 3227 4504 10972 1905 3336 118 4529 1333 3058 2197 1321 5701 4608 601 10857 89 97 135 85 424
internal_value=-7.00036e-05 -0.00179087 -0.00398608 0.000644223 0.00108824 -0.00102809 0.00132548 0.00427245 -0.00620407 -0.000331339 -0.00646647 0.000531554 -0.0024537 0.00296809 0.00268654 -0.00188559 0.000480225 0.00063509 -0.00223545 -0.00255325 0.00336174 0.0273383 0.00334129 0.0155388 0.00704309 -0.00502334
internal_weight=24186.5 9732.38 2505.87 810.771 14454.1 7226.51 1927.3 1083.91 1695.1 783.058 1681.94 11155.9 843.393 3298.14 3227.9 5299.2 11131.1 10828.8 4968.75 366.815 2861.08 27.7135 330.451 70.2425 42.2712 302.288
internal_count=154093 73130 20185 5772 80963 52945 13858 7731 14413 5588 14308 64776 6127 16187 15849 39087 64658 62913 36793 1934 13915 184 2294 338 203 1745
is_linear=0
shrinkage=0.025


Tree=71
num_leaves=31
num_cat=0
split_feature=65 65 72 52 63 54 60 49 61 40 51 2 48 27 48 40 49 55 53 11 44 26 54 79 80 51 56 25 31 3
split_gain=76.5292 26.8858 24.9548 23.2483 17.054 16.6679 27.9464 18.9642 15.302 23.074 14.6991 13.7914 13.195 26.9172 18.145 13.1861 12.6751 36.8693 32.3135 14.3034 19.1019 14.4653 14.2465 12.5696 14.485 11.6852 8.3302 8.32537 12.8959 8.48457
threshold=-0.59213514504148201 0.35988072137767763 0.86673713883016223 0.18500000000000003 -0.44165359050733605 112.23140000000001 0.52426171136085464 0.32022290362737854 1.0948781967305072 0.013103853991238265 1.5250000000000001 0.1292165698665986 0.7945903659336534 0.0035721060662779265 -1.5182787202554897 0.003420358906767959 0.75718941870812118 0.51500000000000012 13.225000000000003 0.009361332167521946 1.0220243498342745 0.0093115650968489099 109.36660000000002 0.23296630426056497 1.0000000180025095e-35 2.2450000000000006 0.87869224606071406 1.2052786821238282 -0.065715540504377043 0.048970028874203771
decision_type=8 8 10 2 8 2 8 8 10 10 2 10 8 8 10 10 10 2 2 8 8 2 2 10 2 2 10 8 8 10
left_child=2 16 5 23 27 6 7 -1 11 -10 -8 -7 14 -14 -6 25 19 18 -18 20 -2 -21 -19 24 -4 -5 -17 29 -29 -3
right_child=1 4 3 15 12 8 10 -9 9 -11 -12 -13 13 -15 -16 26 17 22 -20 21 -22 -23 -24 -25 -26 -27 -28 28 -30 -31
leaf_value=0.0046312298266148735 -0.0012154260279575342 -0.0093632688317123042 0.0027150923137018207 0.025322471546711068 -0.00066706128360762972 -0.0040494645584586786 0.0092389291157604549 -0.0034284763001790003 -0.00082328946626438002 0.023601304426416378 -0.0040565943647503386 0.018968561470249255 -0.0018946918415250445 0.0040820030669518502 0.0034206966347307306 -0.011176872376876118 0.010366525008564753 -0.015323550909312143 -0.0011949061462493496 -0.0034222562052258348 -0.012061963942021189 0.00090158982810279213 -0.004888735244321844 -0.014080229961031386 0.029770527611238835 -0.0042525419685228048 -0.0046991509861043198 0.017591729503624136 -0.0044715540246345626 0.0015927678996375733
leaf_weight=747.98444806784391 1319.0956752225757 162.64896295964718 95.002340011298656 11.699277088046072 802.57627528905869 2258.5131757929921 53.661674007773399 239.16263152658939 104.15233667194843 30.048004902899265 915.74205289781094 15.109746031463144 1239.0119564831257 757.71324723958969 4280.8945483863354 470.82789834588766 191.42172965407372 94.167429149150848 696.7792847007513 512.65068235248327 109.08559928834438 8068.1592914387584 642.68288239091635 21.320621870458126 13.249389842152594 22.047378562390804 178.15593741089106 24.480937272310257 44.805574640631676 58.557260528206825
leaf_count=5882 9006 965 756 99 3914 17925 389 2006 794 219 7346 105 6421 3882 21978 4418 1220 631 4468 3368 799 50554 4187 177 111 208 1584 141 262 346
internal_value=-6.21181e-05 0.000671612 -0.00275679 -0.00678125 0.00185288 -0.00200437 -0.000285905 0.00266917 -0.00339681 0.00475079 -0.00330238 -0.00388327 0.00209735 0.000370668 0.00277384 -0.00862417 -7.62426e-05 -0.00212381 0.00129896 0.000255664 -0.00205857 0.00064195 -0.00625518 0.00286199 0.00638514 0.00630335 -0.00942213 -0.00406396 0.00338442 -0.00643634
internal_weight=24181.4 19004.7 5176.68 812.303 7370.69 4364.37 1956.55 987.147 2407.82 134.2 969.404 2273.62 7080.2 1996.73 5083.47 682.73 11634 1625.05 888.201 10009 1428.18 8580.81 736.85 129.572 108.252 33.7467 648.984 290.493 69.2865 221.206
internal_count=154161 112142 42019 7353 37909 34666 15623 7888 19043 1013 7735 18030 36195 10303 25892 6309 74233 10506 5688 63727 9805 53922 4818 1044 867 307 6002 1714 403 1311
is_linear=0
shrinkage=0.025


Tree=72
num_leaves=30
num_cat=0
split_feature=46 26 47 51 16 60 39 42 47 51 55 52 53 26 24 51 15 12 51 55 24 28 23 24 23 74 23 40 62
split_gain=88.9385 38.2394 31.4251 37.966 25.9325 25.0492 27.3788 25.6902 23.9283 24.6103 21.5972 20.6593 22.7526 20.0439 19.8664 19.4664 19.0624 18.5703 18.2293 17.9818 17.3552 16.8112 15.8903 15.692 13.9523 10.5906 12.523 9.91002 8.72208
threshold=0.77018357923216529 0.017238652583848862 -0.13888164840086853 1.3500000000000003 2.5508944454536091 0.096537881925778404 0.051227593454310501 0.00095522335115980636 -1.1487171697259837 2.7450000000000006 0.03000000000000003 2.7200000000000002 16.625000000000004 0.023735868338453651 -0.21340787541271952 2.1050000000000004 0.78768947077523854 0.04482431517779429 1.8250000000000004 0.12500000000000003 -0.21340787541271952 0.56589367350610409 -0.13999020377034319 1.1831608890489205 0.022641875034884597 0.43784547259123535 -1.2593967088452611 0.0042033387028573236 0.80490309009866301
decision_type=8 2 10 2 10 10 10 10 10 2 2 2 2 2 8 2 10 10 2 2 8 10 10 10 10 10 10 10 10
left_child=2 4 3 25 20 6 15 16 9 -5 -10 12 18 14 -13 -3 -7 -14 -4 -9 24 -22 -8 -15 -2 26 -1 -6 -27
right_child=1 5 11 8 27 7 22 19 10 -11 -12 13 17 23 -16 -17 -18 -19 -20 -21 21 -23 -24 -25 -26 28 -28 -29 -30
leaf_value=0.030733245070166029 9.2007396182120261e-05 0.00013363285192224806 0.0041898575368542502 -0.0020027130356857908 0.0044912728543375999 0.0066464581075877582 0.0053508234491828075 0.015514225174964244 0.017805684665840815 0.03521830736626503 -0.0067057172793603724 0.014050681758286401 -0.004150183361193863 0.026813335544867679 -0.0072519111196781075 0.0053747211761859355 5.0179799079575744e-05 0.019855410244950022 -0.0010897765923611447 0.0030029434503661555 -0.00036409239389996847 -0.0043714439940229638 0.019411826335027887 -0.0041211343633706359 0.0066369487957586267 -0.0045952829300072223 0.0057578547551303859 0.030864357294014617 0.017243268073309795
leaf_weight=12.865732178092001 4087.9390501752496 709.17854377627373 502.318484403193 29.352149218320847 16.856752440333366 287.24827878922224 96.373378425836563 73.075686976313591 21.45260513573885 16.217355325818062 1921.6321670264006 44.356645852327347 1603.5240485593677 42.170673877000809 67.072406940162182 1192.1287759169936 5450.3409667015076 19.125586837530136 2168.7239864692092 2589.0537512302399 1476.5911039188504 1180.49107837677 111.18408459424973 12.516241461038588 213.2031564861536 96.824989274144173 148.88370133191347 21.096524864435196 11.670192062854765
leaf_count=97 25952 3655 3604 184 80 1703 487 437 170 108 15617 314 11271 268 492 6435 31339 98 15441 15339 9620 7746 562 83 1387 722 1114 97 62
internal_value=4.74967e-05 0.000986297 -0.00239706 -0.00479978 -0.000444848 0.00193975 0.0043766 0.00132651 -0.00599587 0.011647 -0.00642042 -0.00117743 -0.00151433 0.00743433 0.00122079 0.00342508 0.000383045 -0.00384816 -9.26419e-05 0.00335603 -0.000559965 -0.00214847 0.0129872 0.0196627 0.000419937 0.00396183 0.00800215 0.0198391 -0.00201493
internal_weight=24223.5 17504.8 6718.71 2258.9 6996.18 10508.6 2108.86 8399.72 1988.65 45.5695 1943.08 4459.81 4293.69 166.116 111.429 1901.31 5737.59 1622.65 2671.04 2662.13 6958.22 2657.08 207.557 54.6869 4301.14 270.245 161.749 37.9533 108.495
internal_count=154484 104839 49645 18074 44882 59957 11139 48818 16079 292 15787 31571 30414 1157 806 10090 33042 11369 19045 15776 44705 17366 1049 351 27339 1995 1211 177 784
is_linear=0
shrinkage=0.025


Tree=73
num_leaves=31
num_cat=0
split_feature=64 62 49 52 47 2 39 39 41 60 22 26 7 69 54 19 16 67 4 7 44 73 52 35 68 78 65 10 19 19
split_gain=77.5706 29.2448 19.9358 21.7478 22.5378 28.7532 21.0988 25.2316 24.1653 23.6094 21.8944 19.3942 18.4378 18.1166 17.9864 17.8029 16.9047 15.7514 15.6705 15.0606 14.8499 12.7881 12.0315 16.736 12.7358 11.6427 16.9146 9.2868 8.39113 7.83995
threshold=0.71399385637609669 0.10636122351303139 -0.65947286089381774 0.13500000000000004 2.5176927481231526 -0.031845923153496984 0.036768860145041 -0.036119878947647226 -0.09501233209652786 0.15231194475352799 -0.88714073909555002 0.0094098113343857679 0.041854319231551258 -1.1320746372862354 111.50785 0.17906708881564962 0.17317571116680322 -0.9641612507752485 0.27168638439641274 -1.0000000180025095e-35 -0.41085766490968711 0.99539614091246875 0.15500000000000003 0.11337290706754512 0.65057696542611765 0.66526756221096683 -1.1223561604307568 0.0057422897797382464 0.11981014638976785 0.12928355347804801
decision_type=10 8 10 2 10 10 10 10 10 10 8 2 10 8 2 10 10 10 10 10 10 10 2 10 10 10 8 10 10 10
left_child=1 16 6 12 17 -6 7 8 -2 21 -9 25 29 15 -11 -13 19 -5 -15 27 -14 -8 23 -18 -24 26 -3 -1 -27 -4
right_child=2 11 3 4 5 -7 9 10 -10 14 -12 13 20 18 -16 -17 22 -19 -20 -21 -22 -23 24 -25 -26 28 -28 -29 -30 -31
leaf_value=0.014995006904096071 -0.001723537253070509 0.018570001191003653 -0.0075820988686722962 -0.0129104656956973 0.024850020060639882 0.0024543795267519737 0.014965261858597515 -0.0018099394360151528 0.012426734690729961 -0.0019766123394073915 0.0029362071954891428 -0.004335570951044098 0.01148025914348874 0.00025271151152362004 0.0073351211087292287 0.0059338407708942748 0.00085955930763530501 0.0010765365300034421 -0.0054426759879265298 -0.015911339860364665 -0.0064959694472848288 -0.0040743726458512654 -0.0042600010339293821 0.029090652526835049 0.0063604719284725596 -0.0092535249242204718 -0.0023186242208099255 -0.0080399231188814559 -0.0016652711888288409 -0.02082425999006814
leaf_weight=17.040446668863297 102.5027319341898 23.613222450017929 72.708241775631905 49.793481186032295 55.271683067083359 101.25246529281139 232.23441858589649 821.06909519433975 272.7641314715147 200.18995025753975 2310.1663362681866 991.24927390366793 46.33960834145546 11304.78760252893 359.05539204180241 116.42936065047979 127.95320857316256 3486.6911193579435 308.97390781342983 122.39644084125757 71.188628852367401 23.183844059705734 1445.657627388835 13.52407720685005 72.603062659502029 281.8395477309823 939.96094331890345 25.94341766089201 139.07276473194361 49.969989567995071
leaf_count=156 531 210 415 296 254 482 1140 4162 1380 1029 11708 8188 261 74788 1824 842 998 18610 1971 1246 392 112 12261 92 509 2085 6789 238 1001 285
internal_value=0.000135296 -0.0008835 0.00210233 0.000811645 0.00128817 0.0105392 0.00327486 0.00242798 0.00854855 0.0069019 0.00168907 -0.000497443 -0.00645353 -0.000190869 0.00399137 -0.00324412 -0.00386085 0.000873168 9.99984e-05 -0.0114737 0.000573012 0.0131969 -0.00309003 0.00383276 -0.00374257 -0.00330639 -0.0017765 0.0010815 -0.00677594 -0.013186
internal_weight=24185.4 15931 8254.38 3933.22 3693.01 156.524 4321.17 3506.5 375.267 814.664 3131.24 14105.9 240.206 12721.4 559.245 1107.68 1825.12 3536.48 11613.8 165.38 117.528 255.418 1659.74 141.477 1518.26 1384.49 963.574 42.9839 420.912 122.678
internal_count=154255 111374 42881 20995 19642 736 21886 17781 1911 4105 15870 95874 1353 85789 2853 9030 15500 18906 76759 1640 653 1252 13860 1090 12770 10085 6999 394 3086 700
is_linear=0
shrinkage=0.025


Tree=74
num_leaves=31
num_cat=0
split_feature=65 65 45 51 72 49 15 43 12 22 59 34 40 4 79 20 27 9 12 47 29 59 12 15 47 69 12 33 67 11
split_gain=69.9106 27.2463 23.4243 22.9133 27.106 24.7554 17.3175 17.6983 17.1985 24.7477 20.9381 16.785 16.7006 16.0947 15.5475 14.5081 18.6958 21.6976 14.2216 12.7159 12.5211 12.4661 15.3576 12.3591 12.2652 14.2515 11.5015 11.2504 10.0328 7.82195
threshold=-0.57278102742544201 0.75401310054421022 -0.0084371830102618096 1.425 0.87066310274021108 0.28847580821894081 1.8091263743291517 -0.62080452352735993 0.021321769165451573 2.0666093175395828 -1.9653723161123213 -0.094382802600406365 0.0042318588088183272 0.043298611112438719 0.10414056031348194 0.4197389518144547 -0.0093343665379889054 -0.020452167084477942 0.060421667068357159 -0.194770928138989 -0.019327353849520886 -0.70225160040407675 0.011624531178325665 1.6555602825110225 -0.12353459044951225 -1.8998800890745688 0.010831100124508228 0.032388914672082721 -0.58870855346615036 0.028290422535382522
decision_type=8 8 8 2 10 10 10 10 10 10 10 10 10 10 10 2 10 10 10 10 8 10 10 8 10 10 10 10 10 10
left_child=3 2 6 5 14 11 12 -8 10 -10 -4 -1 -2 -13 19 16 18 -18 -3 -5 29 22 -7 -22 25 -6 -26 -23 -16 -17
right_child=1 15 8 4 24 21 7 -9 9 -11 -12 13 -14 -15 28 20 17 -19 -20 -21 23 27 -24 -25 26 -27 -28 -29 -30 -31
leaf_value=-0.01526913586643803 -0.0021944640984463749 0.0067103843682005705 0.012000032667351179 -0.0043499129252636513 0.00074429744805735814 0.013869275964213607 0.026083208877199417 0.0026619400422924332 -0.0044153184772155081 0.011521819682046004 -0.00034891116164163094 0.01419102206391443 0.0022073117090920559 0.0030993919683400505 -0.0069900093226223778 0.0066861412995803705 0.003181828248670793 -0.00075594876068924965 -0.0095572354541701432 -0.00022049725324212977 0.0041011508940569548 -0.0022117064535135339 -0.013689376738023435 0.012256000739936018 -0.0076150908780927814 -0.013874449184759769 0.0028856514988296359 0.0082005307782210563 -0.0027171581437557516 -0.0020091804856054067
leaf_weight=20.992532715201378 649.01916764676571 556.84735471010208 85.430069096386433 640.56337457150221 47.949798732995987 13.34538648277521 35.21753902733326 47.698304161429405 1064.7762171179056 63.218780294060707 8865.678070127964 127.63404542952776 3106.7597807645798 232.99148489534855 640.24801214784384 99.918256372213364 1530.3285335302353 2033.0327409356833 34.339609906077385 1718.8403568044305 260.63768565654755 435.35365031659603 92.956367716193199 217.02332167327404 227.11000956594944 270.61619143188 89.271643072366714 74.854897864162922 762.96141335368156 176.56033696234226
leaf_count=163 4092 2761 478 5513 554 109 193 259 6298 363 55367 976 19150 1755 5315 501 7565 10281 171 13456 1312 3296 693 1041 2028 2680 704 551 5995 867
internal_value=-0.000117222 0.000601506 3.60882e-05 -0.00262595 -0.00340225 0.00078676 0.0016982 0.0129292 -0.000596321 -0.00350418 -0.000228621 0.00578676 0.00144421 0.00707976 -0.00259138 0.00220273 0.00162013 0.000933575 0.00573536 -0.00134643 0.00539469 -0.00230132 -0.0100436 0.00784336 -0.00818167 -0.0116561 -0.00462883 -0.000653759 -0.0046764 0.00112158
internal_weight=24222.2 18826.5 13917.8 5395.69 4397.56 998.128 3838.69 82.9158 10079.1 1127.99 8951.11 381.618 3755.78 360.626 3762.61 4908.69 4154.55 3563.36 591.187 2359.4 754.14 616.51 106.302 477.661 634.948 318.566 316.382 510.209 1403.21 276.479
internal_count=154487 110699 86200 43788 36245 7543 23694 452 62506 6661 55845 2894 23242 2731 30279 24499 20778 17846 2932 18969 3721 4649 802 2353 5966 3234 2732 3847 11310 1368
is_linear=0
shrinkage=0.025


Tree=75
num_leaves=30
num_cat=0
split_feature=46 61 55 48 26 41 46 40 41 75 55 78 54 69 46 54 18 44 55 48 49 46 55 75 0 65 44 30 12
split_gain=62.7846 28.2832 31.8411 26.5329 44.5276 27.379 22.9095 21.0525 20.011 21.7629 26.4678 33.7722 19.5402 18.826 20.5724 18.5403 18.0113 17.4768 17.3908 62.2579 15.996 11.6939 9.86212 7.85238 9.23475 5.59767 4.53372 2.3343 0.401977
threshold=0.77018357923216529 -0.32661063055591116 0.03000000000000003 0.91915924140028971 0.042789183961146095 -0.10882297289682062 1.5491035519263827 0.0036153816991523684 -0.09501233209652786 2.7681782990433081 0.3650000000000001 0.15417112776588154 118.81405000000001 -2.6252637810336137 0.096277681705072934 95.064000000000007 0.043131505417939205 0.037157338127955804 0.03000000000000003 -0.032286229199013132 0.75718941870812118 0.6073468171740587 1.1350000000000002 0.46713149318504082 0.012659298026402534 0.64763619336835376 -0.23399994499575036 0.051241533564080351 0.019566234975874345
decision_type=8 10 2 8 2 10 10 10 8 8 2 10 2 10 10 2 8 10 2 10 10 10 2 10 10 8 10 10 8
left_child=8 2 25 5 -5 -4 18 15 9 10 11 -1 13 22 -15 -8 -12 -9 19 -3 -20 26 -10 24 -14 27 -11 -2 -25
right_child=1 6 3 4 -6 -7 7 17 12 21 16 -13 23 14 -16 -17 -18 -19 20 -21 -22 -23 -24 28 -26 -27 -28 -29 -30
leaf_value=0.052759547333574387 -0.027347987898416356 0.045739705160429849 -0.0099186776217561889 -0.00328984327572974 0.006517960362598052 0.0034244262905052435 0.020709530745388165 0.0062357188468449331 -0.00064319523764102876 0 -0.0068861405195106279 0.011283864632066437 -0.013955629743276316 -0.0074119377069445701 -0.0019623019521590418 -0.0064633951452431728 0.015096647074475882 0.0007438427352956927 -0.00018191703648541481 -0.0058752252316068036 -0.0032875310075202065 0.010699744081333727 0.014947730695107018 -0.014259562513535023 0.0070341217576551903 -0.0055961417373856168 -0.020225604188720152 -0.011171242774609961 -0.027203021748934988
leaf_weight=13.612546280026434 22.600401863455772 21.50411993265152 96.699103228747845 1083.9624161273241 393.09888366609812 4730.998256534338 15.69352851808071 805.13946062326431 42.20392756909132 8.5780230462551099 75.508513644337654 84.841113418340683 45.107613362371922 468.5226186811924 5769.9104250147939 208.77102193236351 32.242891728878021 664.29776857793331 8177.5395580306649 39.751961544156075 1187.0365529209375 12.369534373283384 58.815794840455055 10.139790758490564 16.880285613238811 23.291389599442482 31.533991105854511 13.209909752011297 20.916490688920021
leaf_count=84 141 132 556 6006 2034 27682 76 4062 257 79 577 616 342 4144 42199 1108 230 3353 51527 249 7506 90 343 87 122 120 284 80 152
internal_value=-3.43723e-05 0.000753491 0.00208248 0.00225605 -0.00067139 0.00315321 -6.562e-06 0.00266849 -0.00209389 0.00469942 0.00837265 0.01766 -0.00236908 -0.00219923 -0.00237413 -0.00443033 -0.000145478 0.0037607 -0.000488366 0.0126549 -0.000576751 -0.00945789 0.00842971 -0.0136869 -0.00809606 -0.0159851 -0.0159858 -0.022139 -0.0238972
internal_weight=24174.8 17483.6 6363.86 6304.76 1477.06 4827.7 11119.7 1693.9 6691.18 258.687 206.205 98.4537 6432.5 6339.45 6238.43 224.465 107.751 1469.44 9425.83 61.2561 9364.58 52.4815 101.02 93.0442 61.9879 59.1017 40.112 35.8103 31.0563
internal_count=154238 104632 36619 36278 8040 28238 68013 8599 49606 1960 1507 700 47646 46943 46343 1184 807 7415 59414 381 59033 453 600 703 464 341 363 221 239
is_linear=0
shrinkage=0.025


Tree=76
num_leaves=30
num_cat=0
split_feature=65 47 55 60 51 54 49 13 68 3 49 9 4 76 51 47 48 17 4 48 51 45 49 39 65 59 42 18 74
split_gain=69.1692 26.4103 36.2382 60.146 33.6402 31.8626 25.3384 22.5855 26.6789 21.4473 20.5611 27.2419 58.9963 18.7594 17.1572 27.5083 19.7653 16.4513 18.5136 16.2236 26.7046 20.8527 11.7664 10.8107 10.7305 9.58238 9.07405 8.2628 5.05937
threshold=-0.21819186992258924 -0.0067900816564157975 0.03000000000000003 0.75767106336809464 1.3500000000000003 112.16755000000002 0.2989148584791903 0.0063812521437416813 0.16020828394053549 -0.077406692598545754 0.67526194632207526 -0.2679573375709432 -0.069686082245532729 0.41523581429624173 2.3350000000000004 1.4682220428978161 1.4767022694995842 0.084170074412381904 0.23244214205788219 0.7945903659336534 1.425 -0.014186537949311786 -1.4773086618366496 0.070007120904098788 -0.099008650801284862 -1.5015622443817433 0.0042281257394469847 0.040766195111501931 0.53705784436121529
decision_type=8 10 2 10 2 2 8 8 10 10 10 10 10 10 2 10 10 10 10 8 2 10 8 10 10 10 10 8 10
left_child=1 2 3 26 6 -6 -4 8 22 25 19 12 -12 -13 16 -16 -10 18 -11 21 -21 -9 27 -19 -24 -3 -1 -2 -27
right_child=7 9 4 -5 5 -7 -8 10 14 17 11 13 -14 -15 15 -17 -18 23 -20 20 -22 -23 24 -25 -26 28 -28 -29 -30
leaf_value=0.010559658740532177 -0.0066321705241467995 0.011170249300145216 0.0076738714336314689 0.059059910378970903 -0.0022166965911527389 -0.0072110290883782768 -0.0031729423526780129 0.0050204684763472023 -0.001144065380084423 -0.00026368853842582529 -0.0027758910102418737 0.0013006970887068621 0.018349027493944261 -0.0040560347576236782 0.0014576451283255987 0.021259967888083962 -0.014051407009404097 0.017699297890386306 -0.0074840394659747289 -0.0072012861163863115 0.0011777953111185161 0.0018300212659660673 0.002905647304680941 -0.0002419215522598797 -0.0094600133943348805 -0.0062303794007050233 -0.019619255708971103 0.014943439267926427 -0.014108996520772413
leaf_weight=10.985642813146116 18.04254612326622 14.374693214893339 265.20005375146866 14.203657910227774 1709.3607845827937 1509.1543474048376 269.93085972219706 1668.3619551956654 1180.9114941060543 5606.8921403288841 204.3887145370245 656.70803742110729 136.65504983067513 1070.9345092028379 1126.7613810300827 44.526344746351242 78.144646018743515 50.4068803191185 230.07452045381069 274.65203274786472 1718.5007678121328 5576.4580730497837 48.511805638670921 33.957056552171707 351.81719585508108 159.48856043070555 11.333686441183088 24.446917027235031 81.619809217751026
leaf_count=72 117 94 1934 102 13600 12470 2041 8785 7047 40785 1110 3757 665 6136 6649 226 457 331 1614 1500 9494 30298 318 227 2317 1112 100 149 568
internal_value=-0.000112256 -0.00170837 -0.00335142 0.0210088 -0.00359708 -0.00456267 0.00219368 0.00100918 -0.000968207 -0.000698516 0.00151237 -0.00073751 0.00570153 -0.00201602 5.81899e-05 0.00223781 -0.00196374 -0.000390417 -0.000551056 0.00201703 1.57776e-05 0.00256647 -0.00660326 0.0104881 -0.00793866 -0.00777489 -0.00466533 0.00567948 -0.00898506
internal_weight=24146.8 9966.98 3790.17 36.523 3753.65 3218.52 535.131 14179.8 2873.16 6176.81 11306.7 2068.69 341.044 1727.64 2430.34 1171.29 1259.06 5921.33 5836.97 9237.97 1993.15 7244.82 442.818 84.3639 400.329 255.483 22.3193 42.4895 241.108
internal_count=154075 75050 30319 274 30045 26070 3975 79025 17280 44731 61745 11668 1775 9893 14379 6875 7504 42957 42399 50077 10994 39083 2901 558 2635 1774 172 266 1680
is_linear=0
shrinkage=0.025


Tree=77
num_leaves=27
num_cat=0
split_feature=65 26 47 52 45 55 31 33 55 13 31 5 63 55 52 18 47 66 78 10 54 53 3 5 38 58
split_gain=73.849 31.3895 23.4511 48.87 22.3349 21.752 22.4723 19.5572 16.9776 17.2339 21.2585 16.2531 25.9514 15.6308 15.4982 30.0392 19.4029 14.0481 13.3504 12.9468 12.5701 11.3499 11.151 9.5556 9.23121 8.92999
threshold=-0.35628012608404958 0.020367576096691792 -0.14680021770732965 0.13500000000000004 -0.011009605323369047 0.015000000000000015 -0.024642173255617513 0.012316321356135031 2.0450000000000004 0.0081413668390816884 -0.015897012452867506 0.04883391764206791 0.93506187658878681 0.015000000000000015 0.16500000000000004 -0.030106642083175646 3.1029527699930894 0.60371526919832663 0.36684426867338632 0.018357966526136877 93.341900000000024 20.660000000000004 -0.073375322009944385 0.022001372091277175 0.047146582363216234 0.6195985596158976
decision_type=8 2 10 2 10 2 10 8 2 10 10 10 8 2 2 8 10 10 10 10 2 2 10 10 10 10
left_child=2 13 3 4 -1 -5 -7 14 9 10 -4 21 -13 -2 15 -3 -16 18 -15 -19 24 -9 -11 -6 -10 -22
right_child=1 7 8 5 23 6 -8 11 20 22 -12 12 -14 17 16 -17 -18 19 -20 -21 25 -23 -24 -25 -26 -27
leaf_value=0.039907360093820773 -0.019873148331917771 -0.010051081980582199 0.0017077595040138737 0.022709408119406707 0.00056417898873332745 -0.0027664996389537995 -0.0078341752386887082 0.0038408266817403823 0.018503777142148643 -0.0085044411937734762 -0.0018430563751297728 -0.0017064003319921302 0.0050173585678428235 0.00036018797748858762 0.0015081675870804614 0.0010021955646880463 0.016863988327381223 0.0016703008399302827 -0.0025954544694168488 -0.0022970428844759951 -0.012911951654592189 0.0082137125238787127 -0.0022110179996063764 0.025512444689553927 -0.0061991189796640062 -0.0034090772683806874
leaf_weight=17.993902452290058 23.831022724509239 215.22128291428089 2250.4149520397186 16.801882952451706 36.154306314885616 1351.8482470065355 927.80875037610531 1148.1970296502113 18.599522717297077 208.97062350809574 1979.5007502734661 713.74207974970341 717.03257098793983 1864.1250269338489 4419.2922455370426 526.12603884935379 50.958370730280876 3096.9497691318393 1948.7756116315722 613.8970934599638 145.45402476936579 559.48958683013916 1139.8898568823934 12.223755083978174 16.618411801755428 113.26503033936024
leaf_count=121 145 1206 16779 124 254 10942 8181 6238 143 1493 15270 4060 3495 11532 24200 2975 228 17603 12274 3369 1101 3166 8059 82 127 922
internal_value=2.28763e-05 0.00101854 -0.00189808 -0.0040018 0.0169379 -0.00461879 -0.00483534 0.00207463 -0.00104974 -0.000738924 4.42374e-05 0.00363451 0.00165935 -0.000148993 0.0011332 -0.00220765 0.00168937 -8.23617e-05 -0.00114882 0.00101142 -0.00689647 0.00528267 -0.00319827 0.0074841 0.00682102 -0.00881547
internal_weight=24133.2 15897.6 8235.54 2362.83 66.372 2296.46 2279.66 8350.06 5872.71 5578.78 4229.92 3138.46 1430.77 7547.58 5211.6 741.347 4470.25 7523.75 3812.9 3710.85 293.937 1707.69 1348.86 48.3781 35.2179 258.719
internal_count=154089 90491 63598 19704 457 19247 19123 45568 43894 41601 32049 16959 7555 44923 28609 4181 24428 44778 23806 20972 2293 9404 9552 336 270 2023
is_linear=0
shrinkage=0.025


Tree=78
num_leaves=30
num_cat=0
split_feature=46 52 65 63 52 48 53 0 65 54 52 59 48 15 54 48 52 4 38 59 73 49 33 12 50 54 63 12 20
split_gain=74.8589 26.2092 27.7521 25.1245 22.5516 30.1796 26.3357 22.2472 22.2048 20.9692 19.6503 19.0345 18.9799 17.6204 16.6618 16.3429 17.6853 15.8321 14.0455 13.9886 13.435 13.0849 12.8504 19.4431 13.3135 12.1192 9.99706 14.5732 11.4369
threshold=0.83409535555438541 0.13500000000000004 -0.4728717511488883 0.035262657312998789 0.13500000000000004 -0.16745628584611322 23.280000000000005 0.016438479899784312 -0.008451183301510649 115.41190000000002 2.8200000000000007 -1.1556721758517698 -1.5890170975447051 0.35179202433378576 111.81830000000001 -0.2898728595515066 0.115 -0.035323792582459317 1.0988639452553823 -0.46460960934152151 0.71227220167370164 0.37659803203096093 0.030424886315369663 0.019677118371704081 1.4258354316958939 117.66250000000001 -0.22403161469441388 0.014528011208482849 0.10199121566473426
decision_type=8 2 8 8 2 8 2 10 8 2 2 10 8 10 2 10 2 10 10 8 10 10 8 8 10 2 10 8 2
left_child=1 7 11 22 5 6 -5 15 20 -7 19 13 -10 -3 -13 16 -1 -12 -17 -4 -6 -9 23 25 -25 -2 27 -24 -28
right_child=3 2 10 4 8 9 -8 21 12 -11 17 14 -14 -15 -16 18 -18 -19 -20 -21 -22 -23 26 24 -26 -27 28 -29 -30
leaf_value=0.038800623229753126 2.8676371618057806e-05 -0.007841853834669078 -0.0031008084911992931 0.023635319467634253 -0.00038469197074736947 -0.01649473411476049 -0.0062678725798198196 0.03931388030268055 -0.0011624136497456427 -0.0014505580829508016 -0.00054055248315046736 -0.0019903654115180336 0.0030843691365801322 0.010989791220866494 -0.0053292899977594628 0.0040237325259681201 0.0046101815701273868 0.019883639099838795 -0.0087405893075694196 0.00019041415043451058 -0.010778573113896869 0.0079113424843879378 -0.00059027626506353735 -0.0022469555106263681 -0.010419574797904452 0.0067340123321226412 0.0055138692502566186 0.0097176467070867745 -0.0036033298509456054
leaf_weight=13.811506457626818 5395.2468360364437 43.413534440100193 1258.1611845493317 37.042991489171982 982.14522735774517 117.79434363543987 34.14080673456192 16.120185688138008 729.90922467410564 115.60687406361103 42.47610542178154 1543.3672461286187 6384.6057345271111 99.597404167056084 2408.5205932185054 175.77243798971176 28.263537846505642 50.434914022684097 76.239624127745628 2236.6244267523289 83.413839489221573 18.807578399777412 132.60589199513197 1217.8136063441634 138.63736337423325 172.78170462697744 143.40657369047403 233.96439140290022 210.86909212172031
leaf_count=87 36028 383 7689 201 6246 670 189 100 3531 661 255 12938 33208 730 20157 1218 181 313 520 13970 531 122 912 7571 876 1170 885 1484 1292
internal_value=-2.37429e-05 -0.00199918 -0.00229598 0.000957051 0.00189358 -0.0047659 0.00932355 0.00489142 0.00214313 -0.00912065 -0.000687772 -0.00370254 0.0026475 0.00520342 -0.00402821 0.00257719 0.0167715 0.0105788 0.000109481 -0.000992974 -0.00121658 0.0234366 -8.14515e-05 -0.000413284 -0.00309624 0.000239503 0.00309115 0.00597863 7.22605e-05
internal_weight=24141.6 8011.61 7682.6 16130 8484.66 304.585 71.1838 329.015 8180.07 233.401 3587.7 4094.9 7114.51 143.011 3951.89 294.087 42.075 92.911 252.012 3494.79 1065.56 34.9278 7645.33 6924.48 1356.45 5568.03 720.846 366.57 354.276
internal_count=154118 58663 56435 95455 45237 1721 390 2228 43516 1331 22227 34208 36739 1113 33095 2006 268 568 1738 21659 6777 222 50218 45645 8447 37198 4573 2396 2177
is_linear=0
shrinkage=0.025


Tree=79
num_leaves=30
num_cat=0
split_feature=65 47 16 51 72 8 62 48 55 32 55 78 14 24 8 46 47 43 33 50 52 79 20 46 41 48 20 76 65
split_gain=60.2292 22.28 22.1544 21.7685 24.4851 20.9923 20.1288 19.7469 27.4036 21.0783 19.2999 17.1335 17.0321 16.0482 14.884 14.2992 13.8954 12.9157 16.9407 11.2752 11.2234 10.9155 10.4494 10.1385 9.80124 12.6809 9.54386 8.14196 8.10534
threshold=-0.4728717511488883 0.62519999176996355 2.5508944454536091 1.425 0.87066310274021108 -0.18690598913568232 0.078043909581611365 0.61736792233033055 0.015000000000000015 0.009570435855489336 0.55500000000000005 0.87187478297103971 0.011227611117009715 -1.3259324238419594 -0.044544263624050222 0.66621522989736481 -0.1307401733995254 0.40000215010401946 0.02534540315121914 -1.7777085659123648 0.48500000000000004 -0.10693046639154423 0.53437353588919134 0.8046619423890331 -0.02754401283897356 -0.096563624324836103 -0.12016528690439361 0.069110080949621608 -0.63797425685583564
decision_type=8 10 10 2 10 8 8 8 2 8 2 10 10 10 10 10 10 10 10 10 2 10 2 10 8 10 2 8 10
left_child=1 3 6 11 5 -5 24 9 -9 -8 15 13 21 -1 19 28 -6 18 -12 -14 -16 -4 -13 -19 25 -2 -17 -26 -3
right_child=2 10 12 4 16 -7 7 8 -10 -11 17 22 14 -15 20 26 -18 23 -20 -21 -22 -23 -24 -25 27 -27 -28 -29 -30
leaf_value=0.013568746372727827 0.018871927204322944 -0.00042315977021066347 0.028586627993455807 0.031178196298149798 -0.01123428292733252 -0.0026501901512644152 -0.0023620062624976558 -0.025332810955016195 -0.00051255815982055423 0.0015288941641825307 0.0050615294436548485 0.0077365491334953837 0.0029716798237133506 -0.0009803600440855141 0.017255709546815479 -0.013838905292648985 -0.0041679293400234884 -0.017756376027947544 0.023609136088210768 -0.019334838055038883 0.0024286444960981597 0.0075374251765582025 0.033525925477004608 0.0011831412180765522 -0.0026179019824162839 -0.0098511681118685929 -0.002191203086840632 -0.013924888060589856 0.028089041431680575
leaf_weight=48.841873779892921 18.020634815096855 11.395418636500837 34.101182028651237 10.269903428852556 340.71907801926136 4165.3229156732559 940.34548150748014 26.780770912766457 4802.7574073448777 11293.042234905064 380.16611761599779 65.406384564936161 31.324466526508331 886.10407511889935 54.284875318408012 67.849393703043461 368.26683674752712 22.876529917120934 32.800447680056095 23.593336567282677 79.549739450216293 31.501213014125824 11.042976550757883 63.573680125176907 67.76967890560627 17.79611012339592 128.09042858332396 104.71895968914032 11.249466896057127
leaf_count=360 119 87 158 73 3451 33205 5449 156 27585 65681 2744 488 140 6675 238 488 3133 167 232 110 359 147 80 452 466 120 905 749 77
internal_value=-5.86712e-05 -0.00209149 0.000708156 -0.0025984 -0.00328977 -0.00255626 0.000599525 0.000694447 -0.000658003 0.001229 0.00205803 0.000733154 0.00801763 -0.00019588 0.00409745 -0.00410404 -0.00758763 0.00477339 0.00661694 -0.00668634 0.00859812 0.0189084 0.0120189 -0.00391757 -0.00709943 0.00454109 -0.00632226 -0.00957441 0.0141273
internal_weight=24139.6 6613.98 17525.6 5895.97 4884.58 4175.59 17271.2 17062.9 4829.54 12233.4 718.001 1011.4 254.355 934.946 188.752 218.585 708.986 499.417 412.967 54.9178 133.835 65.6024 76.4494 86.4502 208.305 35.8167 195.94 172.489 22.6449
internal_count=154094 52617 101477 47465 39862 33278 100325 98871 27741 71130 5152 7603 1152 7035 847 1557 6584 3595 2976 250 597 305 568 619 1454 239 1393 1215 164
is_linear=0
shrinkage=0.025


Tree=80
num_leaves=29
num_cat=0
split_feature=65 46 47 9 61 55 58 50 13 79 31 41 33 66 3 49 14 10 49 61 52 68 78 52 54 1 79 49
split_gain=55.6672 31.4269 37.0327 22.1179 21.6123 33.4478 18.2614 17.8977 20.5771 16.6135 15.5171 17.8235 14.5356 19.5471 14.877 18.1917 16.8408 16.5006 13.75 13.5693 15.1084 13.3306 11.5885 11.1927 10.0779 9.37036 8.97393 7.66229
threshold=0.29417005809270536 0.49006696531659039 -0.13888164840086853 0.24009768613379814 1.0948781967305072 0.03000000000000003 0.35974956912310024 1.6887091593520105 0.0043007154029061521 -1.4379423501457362 -0.035050370272650004 -1.0000000180025095e-35 -0.0049496167643299218 0.64307571216916981 -0.19589685508905755 -0.31118403652564391 0.0066355851667742917 0.035576194653995828 1.0575312169589175 inf 0.13500000000000004 0.97116371812820856 0.99787007213174261 1.4850000000000001 116.12250000000002 -0.0045343393150460423 0.06461644688896559 -0.63626262017083379
decision_type=8 8 10 10 10 2 10 10 8 10 8 10 8 10 10 8 10 8 10 8 2 10 10 2 2 10 8 10
left_child=1 2 3 9 7 -6 -7 8 -3 -1 11 -4 13 21 17 16 -16 -14 -12 20 -15 25 -17 -9 -5 -2 -21 -19
right_child=12 4 10 24 5 6 -8 23 -10 -11 18 -13 14 19 15 22 -18 27 -20 26 -22 -23 -24 -25 -26 -27 -28 -29
leaf_value=0.0080231593639203454 -0.0022188657066683432 -0.002794856075719868 6.9323374256281931e-05 -0.00043507008631517248 0.037459306017806809 0.023420209848268033 0.0019754209428000111 -0.0073642130163398215 -1.6857913480953848e-05 -0.0089310232001615711 -0.0020625595896292858 0.011114485013948818 0.00028371097606182756 -0.008156803730643895 -0.0028637129310682512 0.00018264599512109837 0.0043404109029520485 0.011650531063541501 -0.017021772784121224 0.027632573752918912 0.0015993850490989424 0.01256403440979606 0.017903014922311607 0.0074442202394093757 0.017972372528956872 -0.0091283788772757342 0.0041065484209163988 0.035233437886719336
leaf_weight=36.306716620922089 443.83640515804291 1979.0135079175234 370.89644293487072 64.71177139878273 16.249273709952831 24.341025047004223 1017.4233815521002 341.24579041451216 10554.024830311537 880.80337622016668 718.69985737651587 120.54944276809692 32.107039853930473 101.63204523921013 218.27151687443256 1621.1270670443773 2543.4148597121239 19.517632633447647 39.631265245378017 18.988543629646301 2677.6556197851896 29.913319110870361 22.220347225666046 33.717995680868626 24.440120078623295 171.48984517157078 23.132754653692245 20.118856251239777
leaf_count=311 2459 14716 2747 529 99 150 6637 2196 70194 8288 5954 897 157 560 1203 8639 12724 93 313 87 13505 147 113 211 190 962 109 103
internal_value=6.01683e-05 -0.000779144 -0.00351647 -0.00708377 -0.000336161 0.00309572 0.00251004 -0.0006183 -0.000456338 -0.00824206 -0.000634208 0.00281435 0.00177501 0.000556708 0.00271635 0.00252807 0.00376732 0.0139417 -0.00287988 0.00145646 0.00123656 -0.00336141 0.000439699 -0.00599315 0.00469982 -0.00417071 0.015357 0.0244881
internal_weight=24165.5 16222.1 2256.04 1006.26 13966 1058.01 1041.76 12908 12533 917.11 1249.78 491.446 7943.43 3466.65 4476.78 4405.03 2761.69 71.7435 758.331 2821.41 2779.29 645.24 1643.35 374.964 89.1519 615.326 42.1213 39.6365
internal_count=154293 113432 19229 9318 94203 6886 6787 87317 84910 8599 9911 3644 40861 17829 23032 22679 13927 353 6267 14261 14065 3568 8752 2407 719 3421 196 196
is_linear=0
shrinkage=0.025


Tree=81
num_leaves=29
num_cat=0
split_feature=65 26 46 72 9 4 33 48 17 4 9 40 48 40 40 35 62 24 17 9 54 54 4 15 51 24 51 42
split_gain=56.5001 25.6734 19.0075 17.9032 21.1752 25.9228 16.7704 16.1959 22.0964 14.9449 20.2939 34.219 19.212 16.192 33.9893 20.4992 13.758 13.1777 12.457 13.6669 11.2322 23.0584 19.7401 10.5478 10.0603 7.60236 6.86421 5.1285
threshold=-0.45338169029709247 0.017238652583848862 2.3090244480678956 0.87066310274021108 0.35929426817380478 0.19146688136096715 0.014390251961444724 1.3069919919219104 0.023472272667144693 -0.23336220962815138 -0.32459048273431573 0.015028688949343528 0.3931876796092203 0.018619044111080962 0.012071402322821322 -0.12903967349252296 0.13007263334893479 -0.07434213790815182 0.084170074412381904 0.1507384718549192 116.08025000000002 114.20255000000002 0.21825595402256129 1.1188310320240151 2.2550000000000003 -0.82542621701776775 2.3150000000000004 0.010529554123296656
decision_type=8 2 10 10 10 10 10 10 10 8 8 10 10 10 10 10 10 8 10 10 2 2 10 10 2 10 2 10
left_child=3 2 7 18 16 -6 26 17 -9 13 11 -11 -12 14 -3 -15 25 -2 20 23 21 -1 -22 -20 -18 -5 -4 -7
right_child=1 9 6 4 5 27 -8 8 -10 10 12 -13 -14 15 -16 -17 24 -19 19 -21 22 -23 -24 -25 -26 -27 -28 -29
leaf_value=-0.0012207115715562526 0.00029700162335377823 0.0021931794040483815 0.011133932821856221 -0.0019353271475961787 0.031604418018148693 0.0034289593486161369 -0.004700425440426502 -0.011883447416824856 0.0024252406437145829 0.0032032634983423279 0.0022166287733326696 0.027548733086823651 -8.4415194699638692e-05 0.0070039292316187267 -0.012780195019100575 -0.010138410148310302 -0.00044016319750534967 -0.0022618965725566113 -0.012331099873006915 0.030580347362167415 0.0016307676145763011 -0.0054302974459228444 -0.012991041173914409 0.017404172470351566 -0.0074664349539977515 -0.011455179681572366 0.034474627799742287 -0.016678074401744812
leaf_weight=3787.8551023751497 4134.9035648405552 179.82862217724323 18.490134879946709 66.187075927853584 19.968025110661983 19.891611598432068 19.094820410013199 179.68224464356899 105.78564611077309 135.71793577075005 6785.0918693318963 48.609616532921791 3396.5873031169176 174.73634792864323 196.69710931181908 56.569041237235069 298.65494433790445 1804.0855695828795 15.195828631520273 14.374679893255232 962.68065029382706 1037.7374616637826 60.125655949115753 12.418849140405653 224.30158025771379 307.46568106859922 17.84950016438961 11.246429063379763
leaf_count=29550 25174 882 87 644 149 147 89 1049 604 654 37917 226 19104 943 1078 345 2430 11308 107 96 7339 8237 437 83 1994 3025 82 81
internal_value=-0.000116727 0.000645128 -0.000628779 -0.00203989 -0.00523036 0.0102042 0.0137824 -0.00076096 -0.00656697 0.00137481 0.00159871 0.00980057 0.00144835 -0.00242693 -0.00562481 0.00274858 -0.00613094 -0.000479352 -0.00152434 0.0118345 -0.00162394 -0.00212866 0.000749684 0.000949037 -0.00347831 -0.00980048 0.0235339 -0.00395077
internal_weight=24091.8 17253.7 6279.89 6838.1 947.715 51.1061 55.4345 6224.46 285.468 10973.8 10366 184.328 10181.7 607.831 376.526 231.305 896.609 5938.99 5890.39 41.9894 5848.4 4825.59 1022.81 27.6147 522.957 373.653 36.3396 31.138
internal_count=153861 99542 38393 54319 8470 377 258 38135 1653 61149 57901 880 57021 3248 1960 1288 8093 36482 45849 286 45563 37787 7776 190 4424 3669 169 228
is_linear=0
shrinkage=0.025


Tree=82
num_leaves=28
num_cat=0
split_feature=64 26 61 31 24 23 48 21 49 38 72 55 61 27 52 55 49 61 52 72 46 77 37 23 77 69 74
split_gain=49.0704 38.3851 24.111 19.7497 18.176 17.6934 17.0435 16.698 23.6774 16.8706 16.3444 15.5676 14.7294 14.487 14.3005 12.8604 12.7428 15.0807 16.5793 16.3486 12.2548 9.5923 12.6674 9.86631 7.57919 7.6438 5.48141
threshold=0.1025372814075743 0.025245122456306956 -1.3428496349320878 -0.26959219551997288 -0.17592044865820652 -0.36360101010075302 -0.18706063680392079 50.000017389090651 3.6517743303150989 1.1433462645534982 0.85896086369770586 0.015000000000000015 -0.5928671953277227 0.013979878585717023 0.13500000000000004 0.4549999999999999 0.32022290362737854 1.0948781967305072 0.60500000000000009 0.60371526919832663 1.2606580662628797 -0.31694270360066251 -0.33256598647380908 -0.85417906897346529 2.3704841252662114 -1.5004005482523086 0.73067291178766602
decision_type=8 2 10 10 8 8 10 8 10 10 10 2 10 8 2 2 10 10 2 10 8 10 10 10 8 10 8
left_child=10 2 3 26 5 -4 -5 8 11 13 16 -3 -11 -9 -12 -10 17 18 -1 -19 -6 23 -23 -18 25 -16 -2
right_child=1 7 4 6 20 -7 -8 9 15 12 14 -13 -14 -15 24 -17 21 19 -20 -21 -22 22 -24 -25 -26 -27 -28
leaf_value=0.0027367015945711937 -0.014672734139989284 -0.017145982968706338 -0.00040649722435913887 0.0094233871782360076 -0.0023024406953585466 0.0023645573262953451 0.0018482404153451052 0.0035082741966027294 0.0050133682320618825 0.0059001285223680101 0.014784167523244818 0.00058906108582654389 -0.00096634372529459753 0.0089821862572542696 -0.015214083892157303 0.028691053550723069 0.0002768890169511827 0.038187363302749799 -0.0043382006005186153 0.0031360475207506348 0.00022437757514830035 -0.010278653543956543 0.0019659992902232716 -0.016826967821285108 0.011465320920436348 -0.0072293504298793143 -0.00010484238213355913
leaf_weight=305.11676301062107 40.569373220205307 29.99519556760788 6863.561517894268 313.51840986311436 4383.9128775447607 1820.7136345654726 462.19787839800119 1966.326937302947 32.521028876304626 251.7865194901824 13.968509815633295 3431.8252437785268 850.88960964232683 359.92582731693983 135.22991468012333 26.845351189374924 26.361371755599976 10.657891370356081 632.5729920193553 30.604589745402336 1643.9103438109159 98.430131629109383 109.9587451890111 88.753096267580986 8.7430888190865499 189.5173861682415 28.049039199948311
leaf_count=2550 208 177 44003 1736 30038 11855 2585 11110 168 1300 105 19568 4741 1965 1557 122 237 83 5596 256 9601 890 978 818 77 1834 145
internal_value=6.30985e-05 0.000368566 -0.000321133 0.00378311 -0.000557477 0.000173855 0.00492934 0.00191319 0.00070083 0.00315529 -0.00409649 0.000427341 0.000599471 0.00436263 -0.00891606 0.0162005 -0.00279798 -0.00136313 -0.00202754 0.0131896 -0.00161217 -0.00709581 -0.00380758 -0.0128832 -0.00998062 -0.0106211 -0.00892941
internal_weight=24156.5 22506.5 15556.4 844.335 14712.1 8684.28 775.716 6950.12 3521.19 3428.93 1649.91 3461.82 1102.68 2326.25 347.459 59.3664 1302.46 978.952 937.69 41.2625 6027.82 323.503 208.389 115.114 333.49 324.747 68.6184
internal_count=154303 139322 100171 4674 95497 55858 4321 39151 20035 19116 14981 19745 6041 13075 3573 290 11408 8485 8146 339 39639 2923 1868 1055 3468 3391 353
is_linear=0
shrinkage=0.025


Tree=83
num_leaves=31
num_cat=0
split_feature=62 68 9 37 31 40 24 37 78 40 48 48 4 54 15 4 52 63 44 24 19 78 19 79 48 18 23 54 60 28
split_gain=49.4716 23.6739 19.5957 20.276 20.538 17.0001 21.308 15.6075 15.1103 15.488 25.8914 19.1945 14.8705 29.16 15.3849 14.2033 23.0949 20.1278 28.8397 12.2214 16.1345 12.814 11.3184 10.4978 10.409 10.3732 8.68303 8.48878 7.23204 6.96466
threshold=0.68685814301680692 0.080881963450163338 0.20889892649820244 1.7182892189443926 -0.025050501970985458 0.0060342609507048279 -0.68601994359677188 2.5600172378498978 0.45842001236933277 0.0054444812608994688 -0.59192827384989133 0.46057230762718065 0.050694421637981331 121.55260000000001 1.085951718590892 -0.23336220962815138 0.19500000000000003 1.7213047724359538 0.70266470920073421 0.27826935915359186 0.13773701354938098 0.66526756221096683 0.15364734719710851 3.7540724562267811 1.7316308484854244 0.036746144264058318 0.12227149273854919 117.12330000000001 0.1323369911956106 0.42105146920834408
decision_type=8 10 10 10 10 10 10 10 10 10 10 10 10 2 10 8 2 10 10 8 8 10 10 10 10 8 10 2 10 8
left_child=1 2 3 4 -1 22 -7 15 12 10 -10 -11 14 -14 -3 16 28 18 -17 27 21 -21 -4 -19 -18 -5 -22 29 -2 -9
right_child=7 8 5 25 -6 6 -8 19 9 11 -12 -13 13 -15 -16 17 24 23 -20 20 26 -23 -24 -25 -26 -27 -28 -29 -30 -31
leaf_value=-0.0033724598340998621 -0.022915698870686535 0.0030627148822544052 -0.0021633414622774594 0 -0.010344440524135511 0.0175037892731555 -0.0069499216836800271 -0.014013873565246873 -0.0061983815531475531 -0.0013597308922215336 0.0012545790957643596 -0.0051232092135115289 -0.00092084866933674265 0.030775474382735458 -0.0013755187005024116 0.0021609089673940993 -0.0033530710737217566 0.004180490249740711 -0.0016499000777884982 0.032935684006708314 0.010510412831437881 0.0025660544670409631 0.023609686329149619 0.015337314603070985 0.0047220201974103124 0.029843376152066926 -0.0073018121741332377 0.010615684699639465 -0.0044234652631201755 -0.0047951492950442359
leaf_weight=844.14006312936544 39.891826599836349 1747.6669612675905 14.121573716402052 14.29192755371332 388.13249013572931 27.955215379595757 92.653335772454739 77.941425554454327 335.28843326121569 4080.0986137613654 2165.6404294446111 1071.8352418318391 3328.5053684413433 17.029261276125908 673.68240334093571 5455.7846087664366 276.75516664981842 1263.7384992539883 1603.3944401219487 15.598678424954413 21.414295747876167 19.657353386282921 34.852996826171875 54.641673862934113 154.18872584402561 13.896413847804071 67.28341343998909 15.258492305874823 22.141128808259964 163.58275659382343
leaf_count=6694 220 12068 122 114 3896 223 748 434 2245 28441 15314 7108 22780 109 4213 29421 1388 6058 9182 87 115 106 275 254 792 104 360 82 132 900
internal_value=-6.56656e-05 -0.000959943 -0.00401739 -0.00509326 -0.00558245 0.00391495 -0.00110375 0.00136892 -0.000633244 -0.00136157 0.000249903 -0.00214517 0.000332056 -0.000746292 0.00182472 0.00158238 -0.00253078 0.00182565 0.00129414 -0.00357412 0.00281198 0.0168504 0.0161547 0.00466211 -0.000441415 0.0153915 -0.00283508 -0.00668463 -0.0166432 -0.00785557
internal_weight=24101.1 14849.8 1430.04 1260.46 1232.27 169.583 120.609 9251.27 13419.7 7652.86 2500.93 5151.93 5766.88 3345.53 2421.35 8870.54 492.977 8377.56 7059.18 380.736 123.954 35.256 48.9746 1318.38 430.944 28.1883 88.6977 256.783 62.033 241.524
internal_count=153985 104454 12176 10808 10590 1368 971 49531 92278 53108 17559 35549 39170 22889 16281 47447 2532 44915 38603 2084 668 193 397 6312 2180 218 475 1416 352 1334
is_linear=0
shrinkage=0.025


Tree=84
num_leaves=31
num_cat=0
split_feature=65 66 55 49 80 60 72 56 56 62 58 18 50 49 76 52 54 51 49 26 12 48 54 62 51 51 78 73 30 25
split_gain=46.4541 23.0385 21.1449 36.3659 23.8995 23.2329 19.6425 19.8529 18.5597 22.2008 17.0193 16.7402 16.7292 16.6344 17.5392 15.0703 23.8357 18.5943 15.0247 14.3209 13.5924 12.3628 13.4415 10.7134 10.3781 10.3196 14.1642 9.97103 5.88321 4.03733
threshold=-0.049965041919287988 0.64307571216916981 1.0950000000000002 0.28847580821894081 1.0000000180025095e-35 0.053069890376532786 0.54421215091293729 0.049060133164152954 0.54744427028909792 0.086044166094110613 0.18796074826410583 0.040766195111501931 -0.4780936864676521 -3.0083809283544585 0.31969845845808736 2.7200000000000002 116.08025000000002 1.8250000000000004 -0.19137943835686436 0.010130039313129625 0.012033397951718828 -0.45332784933112152 117.26100000000001 0.84378169371196765 2.3150000000000004 2.8150000000000004 0.74220320300849385 -0.10505242719846451 0.024277991297510963 1.0394799294422252
decision_type=10 10 2 8 2 8 10 10 8 8 8 8 10 8 8 2 2 2 10 2 8 8 2 10 2 2 10 8 10 10
left_child=2 13 5 4 10 25 15 28 11 -10 -4 -7 -9 23 18 17 -17 -3 -15 -6 -16 24 -23 29 -5 26 -1 -27 -8 -2
right_child=1 6 3 21 19 8 7 12 9 -11 -12 -13 -14 14 20 16 -18 -19 -20 -21 -22 22 -24 -25 -26 27 -28 -29 -30 -31
leaf_value=0.0019911841753792797 -0.026051280401330059 -0.00035624901624872881 0.0030528470266050307 -0.0050743149917409107 -0.003198439282451298 -0.0010884507685768943 -0.014418932039338847 0.0074504196869203485 -0.004638767747313562 0.0015619838725734617 -0.00458612502169169 -0.0059269911834292886 0.0023077332030773576 0.0028799859922249236 0.018445622296576793 0.0014521834129288258 -0.014721651845934084 0.0025556354633506639 -0.0012234559862325271 0.0017300033830219123 -0.002142847830830128 -0.0062587685720139011 0.011829242293250731 0.003266335062225339 -0.017395986929414974 0.034223062891227396 0.028610646090692932 0.004294638093087149 0 -0.0097253677009780243
leaf_weight=88.012085095047951 25.09322127699852 2232.868814483285 206.23374882340431 71.840991944074631 495.06350161880255 3590.2777309939265 41.48676472902298 780.01450631022453 409.23408258706331 2967.5918395742774 1458.4267950057983 510.82277558743954 814.90584807097912 1399.1167956292629 18.98430709540844 140.45411743223667 93.554207235574722 3530.0897782146931 922.8267904818058 1425.9661897346377 2007.2326824069023 641.01119822263718 25.393009901046753 17.337500855326653 117.88932242244482 17.640252411365509 13.573695942759512 12.642922706902029 31.70039339363575 21.298077449202538
leaf_count=603 143 11822 1422 535 3801 26307 220 3960 3712 21052 10735 3748 4257 7877 118 723 495 18201 5399 10184 12010 5059 198 86 900 114 89 92 164 119
internal_value=-8.1873e-05 0.00101354 -0.0011802 -0.0025509 -0.00144179 -0.000378868 0.00184203 0.00424243 -0.000563984 0.00080692 -0.00363372 -0.00169451 0.00483123 -0.000424259 -0.000234877 0.00117237 -0.00502419 0.00142628 0.00124611 0.000454802 -0.00193544 -0.00717886 -0.00553828 -0.0129869 -0.0128309 0.00997261 0.00591349 0.0226064 -0.00835913 -0.0191479
internal_weight=24128.6 12077 12051.6 4441.82 3585.69 7609.8 7665.07 1668.11 7477.93 3376.83 1664.66 4101.1 1594.92 4411.89 4348.16 5996.97 234.008 5762.96 2321.94 1921.03 2026.22 856.135 666.404 63.7288 189.73 131.869 101.586 30.2832 73.1872 46.3913
internal_count=154145 65594 88551 32834 26142 55717 39842 8601 54819 24764 12157 30055 8217 25752 25404 31241 1218 30023 13276 13985 12128 6692 5257 348 1435 898 692 206 384 262
is_linear=0
shrinkage=0.025


Tree=85
num_leaves=31
num_cat=0
split_feature=66 68 3 21 14 11 44 55 54 9 4 31 11 78 27 22 44 26 39 31 50 48 43 24 62 54 9 21 76 50
split_gain=46.7177 22.5197 22.3695 19.4816 21.8259 18.4636 18.7074 17.6227 41.6396 17.1434 20.1532 15.3968 14.9767 14.8889 14.5742 14.2449 14.2162 15.7348 18.8297 15.1293 14.7175 12.7901 12.6337 12.224 11.8373 11.082 10.468 9.39567 4.80988 1.96087
threshold=0.6272232073881594 0.080881963450163338 0.054325741117943978 44.444419878947137 0.0078928261627842847 0.079528071166834649 2.0564415377782344 0.34500000000000003 116.12250000000002 -0.098702178433272433 -0.10366340086406449 -0.28321158375688088 0.015363440157369287 0.045216579338667427 0.0049190652845467527 1.8928531717401926 1.2047188556071953 0.025992016259673748 0.047820640939425181 -0.014872306826113122 -2.1093860850702391 -2.8735711205790895 1.4772666932781517 -0.69379887470105905 0.53981312729419628 116.38495000000002 0.20889892649820244 29.964428790217578 0.68891208536302495 -2.8941272060036041
decision_type=10 10 10 10 8 10 10 2 2 10 8 8 10 10 10 10 8 2 10 10 10 10 10 10 10 2 10 10 8 8
left_child=1 3 5 7 26 6 11 8 -1 10 15 -2 -9 -12 28 -4 17 19 -19 -3 24 -11 -22 -6 -18 -23 -5 -8 -7 -16
right_child=2 16 9 4 23 14 27 12 -10 21 13 -13 -14 -15 29 -17 20 18 -20 -21 22 25 -24 -25 -26 -27 -28 -29 -30 -31
leaf_value=-0.0024930453628816849 -0.0048138366183147936 9.6488695040192651e-05 -0.0033714546510808458 -0.0095168807109970253 0.0039324275953551788 0.010508745225227231 -0.0071040202429500697 0 0.046422798458270714 0.018052741602447291 -4.9172773746788425e-05 0.0012374130142833934 -0.017498062681600764 0.013306037070869704 0.016003849412266406 0.01907547513292128 -0.002686368984334359 0.0028260909420281025 -0.0039704571099608565 -0.0019144797319870736 -0.0052947125031345766 0.0028332486120252638 0.012317211253510886 -0.0051524294252703216 0.028685289407863163 -0.0035873174878591377 8.7761322495722837e-05 -0.0011418018118195957 -0.0057173051297957113 0.032146660785439957
leaf_weight=29.809238038957119 271.31315188109875 5681.0293749347329 123.66361060738564 591.88956024497747 176.39422814548016 23.220972895622253 247.59967660158873 438.76622357964516 15.592823170125483 30.791923210024834 62.227052792906761 7080.4382973238826 31.605147071182728 289.17304917424917 16.697119385004044 19.375335276126862 13.645379573106768 1611.5863035917282 300.67364767938852 3964.6472223699093 677.29018025845289 1361.4685791358352 25.096471607685089 191.55985641479492 14.086808308959005 189.63663435727358 78.775850504636765 505.21104989945889 19.794127151370049 16.467023491859436
leaf_count=276 1385 38926 634 5567 1142 123 1430 3185 134 138 304 40349 234 1419 79 94 89 10015 1910 28054 4877 7045 172 1407 82 1016 717 2956 103 81
internal_value=5.48545e-05 -0.000892297 0.00133377 -0.00372707 -0.00569777 0.00074418 0.00062707 0.000230857 0.0149084 0.00365136 0.00771652 0.00101233 -0.0012043 0.0109277 0.0129035 -0.000145507 -0.00053277 -0.000318143 0.0017517 -0.000729434 -0.003914 0.00237113 -0.00463484 -0.00077828 0.0135187 0.00204128 -0.00837942 -0.00312091 0.00291991 0.0250802
internal_weight=24099.5 13842.4 10257.1 1554.39 1038.62 8180.74 8104.56 515.773 45.4021 2076.34 494.439 7351.75 470.371 351.4 76.1792 143.039 12288.1 11557.9 1912.26 9645.68 730.119 1581.9 702.387 367.954 27.7322 1551.11 670.665 752.811 43.0151 33.1641
internal_count=153943 96787 57156 12662 8833 46506 46120 3829 410 10650 2451 41734 3419 1723 386 728 84125 78905 11925 66980 5220 8199 5049 2549 171 8061 6284 4386 226 160
is_linear=0
shrinkage=0.025


Tree=86
num_leaves=31
num_cat=0
split_feature=69 13 77 47 12 53 51 62 68 51 55 74 22 63 51 50 51 24 3 51 47 72 31 20 50 60 15 65 69 30
split_gain=42.7346 26.5548 22.3976 20.5534 40.9176 21.1165 22.2794 18.8673 19.4475 18.5711 18.4539 18.2946 20.2065 16.7215 16.1447 15.4638 14.7921 14.199 13.562 12.7969 12.4385 12.3643 12.1524 13.7299 12.2142 12.0732 9.41412 9.37933 13.3612 8.94301
threshold=-0.44375376915113135 0.0038078607101044229 0.032948052023250025 -0.13888164840086853 0.013260458986726962 16.555000000000003 1.675 0.83188714049088996 0.97486908239256875 1.7300000000000002 0.41999999999999998 0.6201819907560252 -1.9866598661104546 -0.93078454416218981 1.8250000000000004 0.062404865828480031 2.0150000000000001 1.0000000180025095e-35 -0.1019501580807967 1.5050000000000001 0.10056201496965241 0.42767945319403305 -0.017688097326752136 -0.019578548820155733 -0.2183431839340797 0.077081220419202179 1.0803717173349143 0.088462562982757217 0.22526269363363682 0.1276193973023744
decision_type=8 8 10 10 10 2 2 10 10 2 2 10 8 10 2 10 2 10 10 2 10 10 8 2 10 8 10 8 10 10
left_child=3 22 11 4 15 6 13 8 -4 10 -6 12 -3 -5 -9 19 -11 20 -8 -1 -7 -13 23 -2 -25 -17 -19 28 -24 -29
right_child=1 2 7 5 9 17 18 14 -10 16 -12 21 -14 -15 -16 25 -18 26 -20 -21 -22 -23 27 24 -26 -27 -28 29 -30 -31
leaf_value=0.0066136800153759698 -0.0054083879982966205 0.0067813507625287669 -0.0014636440257966867 -0.0045681447078984722 0.015944582732711442 0.003228499841435493 -0.012014868821031024 -0.0011971571242942818 0.026130198658992861 -0.010633765381963763 0.0018053625604289394 0.0013779546485365062 0.00067520251617828064 0.010602173073546854 0.0031906613955025027 0.009393167955997643 -0.00043363555056012693 -0.0066460358346254788 0.0002183826293458288 -0.0053867268735270221 -0.0027784932228085632 0.0046792373788443796 -0.0054666063730234591 0.011813730569916766 -0.0030546402428949879 -0.011052554098979692 0.0028673808820737549 -0.01413890502737291 0.001677970584852124 -0.00053434746953124929
leaf_weight=58.678070336580276 95.691966734826565 354.87957128882408 3827.0710905566812 55.869917429983616 73.841499917209148 304.01484501361847 56.88179599493742 835.64237724244595 14.806094959378241 108.9952765032649 258.4564475491643 1229.776786595583 7125.9330385774374 216.47255136817694 1393.6553120613098 17.528474316000938 468.82339546829462 615.28967777639627 2266.0323729515076 711.90786671638489 726.88247972726822 1703.4403972327709 514.75631725043058 97.493367440998554 51.418896108865738 451.57191406935453 70.834101974964142 102.94874675571918 236.85264427959919 44.312827005982399
leaf_count=480 694 2104 24571 490 509 2305 318 4303 72 705 1764 6907 42406 1483 7022 144 3177 4411 16331 6525 4942 10105 3904 656 357 4365 463 616 1643 247
internal_value=2.73391e-05 0.000665151 0.000921111 -0.00171126 -0.00370827 -0.0007132 0.000707455 -0.0002847 -0.00134722 0.000309629 0.00501586 0.00162475 0.000966913 0.00745624 0.00154279 -0.0066615 -0.00238871 -0.00286386 -8.3998e-05 -0.00445435 -0.000998051 0.00329883 -0.00301551 0.00189653 0.00664639 -0.0102506 -0.00564969 -0.00436127 -0.00320611 -0.0101331
internal_weight=24090.8 17628.7 16485.2 6462.08 2149.8 4312.28 2595.26 6071.17 3841.88 910.117 332.298 10414 7480.81 272.342 2229.3 1239.69 577.819 1717.02 2322.91 770.586 1030.9 2933.22 1143.47 244.604 148.912 469.1 686.124 898.871 751.609 147.262
internal_count=154019 105607 97490 48412 17669 30743 18622 35968 24643 6155 2273 61522 44510 1973 11325 11514 3882 12121 16649 7005 7247 17012 8117 1707 1013 4509 4874 6410 5547 863
is_linear=0
shrinkage=0.025


Tree=87
num_leaves=31
num_cat=0
split_feature=46 47 51 65 68 54 50 39 55 63 68 10 38 19 41 40 21 41 55 19 43 54 62 57 54 24 24 13 79 3
split_gain=45.5812 25.9312 24.315 23.6561 18.6075 19.9007 18.2726 21.1941 18.6803 18.0621 15.6115 15.7787 14.5363 14.4911 16.038 23.4689 15.6065 13.9193 22.2639 14.2446 13.3091 12.7476 12.0299 10.9049 10.8154 10.6302 10.5286 10.1516 8.47871 4.64974
threshold=0.76555518431119107 -0.1307401733995254 1.3500000000000003 1.1503165253759784 0.97486908239256875 114.19180000000001 -1.6871244817054347 0.024929666236007678 0.015000000000000015 -0.80661106750722988 0.35974956912310024 0.011776646825526378 9.702859581533307 -0.0071877261098122749 -0.076871203833476329 0.017937732423117535 38.392840991281588 -0.028549359549449257 0.68500000000000016 0.0492903780922982 1.612714101807289 107.17525000000002 0.80084301602529939 -1.140125737025635 108.17335000000001 0.78329911696901411 0.47785358918734239 0.019605092258105247 0.056667163054343057 -0.066516964342158855
decision_type=8 10 2 10 10 2 10 10 2 10 8 10 10 10 10 10 10 10 2 8 10 2 10 10 2 10 8 10 10 10
left_child=1 2 23 4 12 22 7 -4 -8 10 11 -3 20 14 25 -16 24 18 -11 -19 -2 -18 -6 29 -15 -5 -14 -25 -7 -1
right_child=3 9 6 13 5 28 8 -9 -10 17 -12 -13 26 16 15 -17 21 19 -20 -21 -22 -23 -24 27 -26 -27 -28 -29 -30 -31
leaf_value=-0.022281496812768149 0.000108398330112283 -0.0016247608268942341 0.023341308693267244 -0.0062087459111566682 0.014153782834964296 0.033168323057811429 0.021411666965005596 -0.010555168826254992 -0.0056138738822060479 0.00098225186114296614 -0.015845710938430853 -0.01169207405847914 -0.0098765641456504405 0.009487451125739713 0.0048710755951979568 0.02436441436259228 -0.0052341467385217926 0.0033603721568427457 -0.0086539239873126787 -0.00040102585551588828 0.0045816357391068587 0.0028723775499101454 -0.0067795585928040417 0.0064919187968601648 -0.0077098170287941935 0.0066106900860620349 0.0012615534131445851 -0.0088593769592662519 0.010084181589265932 0
leaf_weight=12.773651741445066 13984.597754716873 829.84638117998838 28.514037005603313 131.22038331627846 27.493391677737236 23.663706049323082 14.858105883002279 17.573871470987797 1879.0268633291125 340.28648606687784 60.533875852823257 109.66152732074261 152.44090892374516 24.827143922448158 1205.2484711557627 39.011287719011307 134.57579877972603 984.13383231312037 264.61501114815474 1732.9234345629811 427.43484516441822 1098.8081324696541 41.179403364658356 216.03146336227655 176.37251202762127 56.640739068388939 78.934373259544373 29.291012868285179 21.029155254364014 10.890299268066881
leaf_count=88 87146 7038 170 653 136 114 112 110 15807 2209 476 878 902 122 5744 174 649 6467 1753 12028 2558 5285 202 1596 865 271 447 214 102 80
internal_value=-3.599e-05 -0.00182008 -0.00402351 0.000624815 0.00022047 0.0102575 -0.00500142 0.0103177 -0.00538447 -0.000691369 -0.00363516 -0.00282123 0.00014142 0.00270266 0.00448199 0.00551116 0.000918904 0.000193564 -0.00322952 0.000959497 0.000241957 0.00197756 0.00159299 0.00299245 -0.00550703 -0.00228655 -0.00605761 0.00459438 0.0230177 -0.0127333
internal_weight=24154.4 6530.96 2208.96 17623.5 14756.8 113.366 1939.97 46.0879 1893.88 4322 1000.04 939.508 14643.4 2866.7 1432.12 1244.26 1434.58 3321.96 604.901 2717.06 14412 1233.38 68.6728 268.986 201.2 187.861 231.375 245.322 44.6929 23.664
internal_count=154396 49026 18177 105370 91607 554 16199 280 15919 30849 8392 7916 91053 13763 6842 5918 6921 22457 3962 18495 89704 5934 338 1978 987 924 1349 1810 216 168
is_linear=0
shrinkage=0.025


Tree=88
num_leaves=28
num_cat=0
split_feature=66 46 44 72 9 39 15 39 50 49 69 14 69 32 51 20 50 26 44 13 47 15 4 54 62 19 20
split_gain=46.7071 21.3723 19.4872 18.7968 20.7024 27.4029 26.7687 21.5966 18.679 17.8703 28.2084 17.5835 17.943 17.4668 17.2264 16.3283 14.8458 14.7811 14.1912 13.8164 13.2593 12.6906 12.2316 11.1736 10.9065 7.89408 7.65173
threshold=0.6272232073881594 0.096277681705072934 1.0220243498342745 0.71044447296372359 -0.095870449902268493 0.051227593454310501 2.3972174810779969 0.044001459696372154 -0.44443447328515923 -3.0083809283544585 1.77884452689987 0.019973636516802572 -0.11612645256373086 0.26407605781009252 1.405 -0.56034438811407827 -2.1536661133203832 0.024229086996874653 -0.84130244314065628 0.010353216682090677 0.18953264449136778 0.33877090585442332 -0.25000552441017354 115.45390000000002 0.14226372773152743 0.16865410219467206 -0.28399033952567759
decision_type=8 8 8 10 10 10 8 10 8 10 10 10 8 10 2 2 8 2 10 10 10 10 10 2 10 8 2
left_child=1 15 9 4 5 7 -7 -2 11 25 -11 12 -5 19 20 -1 22 -16 -17 -10 -6 -18 -4 -13 -20 -3 -15
right_child=3 2 16 8 14 6 -8 -9 13 10 -12 23 -14 26 17 18 21 -19 24 -21 -22 -23 -24 -25 -26 -27 -28
leaf_value=0.023213297709999241 0.0022470009966522098 -0.019634470949449281 0.027588582968810216 0.0039090230725251415 0.0016290212380021239 0.0060988784588945112 0.025289088658975951 -0.0074793338611692491 -0.0039678414204862488 -0.00053117346137491193 0.010845930462917108 -0.004902168889494179 0.013369175989380592 -0.0068990081541432692 -0.00047948716011637389 0.011813560878677501 0.0069610841369004616 0.002269744153910068 -0.015249022633098505 0.0032396045063966348 -0.0052286347907331242 -0.0047898724436283985 0 0.0094665734084761841 -0.0056542022965018314 0.00061891863868602842 0.0099026055106971565
leaf_weight=9.6492737978696805 2436.4747457653284 42.428144067525864 15.366720251739023 230.06141664087772 244.04283581674099 289.33622509986162 53.563276544213295 150.09181385487318 346.34201997518539 11784.134143516421 136.55243247747421 107.07782627642155 285.30890969932079 17.490676149725914 3272.4063256308436 20.2527169957757 58.85358852148056 1946.6850488334894 117.48894218727946 316.90935420244932 615.26642792671919 1175.0630143433809 25.267420701682568 47.933110162615776 214.81096297502518 15.531795367598532 164.01193922758102
leaf_count=74 13125 241 97 1365 1455 1565 241 826 2114 81911 679 497 1451 88 19258 146 470 10340 1386 1794 3530 8395 155 236 1950 80 811
internal_value=2.02682e-05 -0.00094617 -0.00078145 0.00127139 0.000836716 0.00256264 0.00919606 0.0016765 0.003848 -0.000467849 -0.00039914 0.006963 0.00917957 0.00136076 3.33517e-06 -0.00693029 -0.00371968 0.000544806 -0.00785246 -0.00051312 -0.0032728 -0.0042171 0.0108938 -0.000372407 -0.00911173 -0.0141778 0.00820777
internal_weight=24138.4 13615.4 13253.2 10523 9007.87 2929.47 342.9 2586.57 1515.14 11978.6 11920.7 670.381 515.37 844.754 6078.4 362.202 1274.55 5219.09 352.553 663.251 859.309 1233.92 40.6341 155.011 332.3 57.9599 181.503
internal_count=154280 95584 92028 58696 50340 15757 1806 13951 8356 82911 82590 3549 2816 4807 34583 3556 9117 29598 3482 3908 4985 8865 252 733 3336 321 899
is_linear=0
shrinkage=0.025


Tree=89
num_leaves=30
num_cat=0
split_feature=12 49 52 78 42 40 48 42 76 51 60 16 49 59 78 44 51 41 14 72 55 76 60 65 64 51 52 16 29
split_gain=46.3618 23.9711 25.965 25.6176 21.7142 18.9411 20.8247 20.141 19.8075 18.6427 17.0897 16.9283 16.2696 14.6833 17.8446 17.7445 13.2186 12.6232 15.3899 14.3082 12.3771 11.9437 12.4456 10.9947 10.8594 26.2857 10.2698 10.0896 6.19085
threshold=0.0119287154449017 -0.24572499396058928 0.13500000000000004 0.101279463116543 0.0039425349451251398 0.0047601088862550345 -0.26881063218411411 -0.021925718590754841 0.48668027193744939 2.2050000000000005 0.37553195342351647 2.0347838804291949 0.32022290362737854 -1.5896633824126984 0.52881540101689362 2.0564415377782344 0.64500000000000013 -0.020832156687538291 0.010482595624707132 0.89016505466778817 0.52500000000000024 0.13674341531484394 0.89772703015399336 -1.1411255685783905 0.24636168345889689 1.675 1.6250000000000002 0.11638747760890443 -0.0024931907692439799
decision_type=8 8 2 10 10 8 10 8 10 2 8 10 10 10 10 10 2 10 10 10 2 8 10 10 10 2 2 10 10
left_child=4 2 3 -2 9 6 26 11 -9 21 23 -7 -12 14 -4 -15 -5 18 19 -6 -8 28 -23 -11 27 -26 -3 -19 -1
right_child=1 5 13 16 17 7 20 8 -10 10 12 -13 -14 15 -16 -17 -18 24 -20 -21 -22 22 -24 -25 25 -27 -28 -29 -30
leaf_value=-0.010510465611053375 0.038838894113581379 -0.0049741743029521092 0.0017234230920515825 -0.0078789536518374201 -0.0054748766363074018 0.0030987034622001982 0.0080509230688365924 0.0001414143821934847 -0.0024884569080775472 0.01434056156223042 -0.0030623515036950801 0.022971558804389537 -0.010434408545221936 0.001172580667506522 0.0099089988544502437 -0.0040384465676728499 0.011158054361184276 -0.014373861919317882 0.020732606619607932 -0.015990452045528198 0.0017171821925767387 0.00086074706961556747 0.011221293156258782 -0.00021386452263446413 0.021552217802145689 -0.002142372051144305 0.0033584777454013048 -0.0041587307183713392 0.0014981434368579645
leaf_weight=83.33118187636137 17.627750054001808 265.51370609551668 479.24240818619728 26.797402434051037 195.7586419954896 101.24264679849148 387.80000951141119 3806.3140509054065 3369.0708174481988 32.568058125674725 1562.9823673814535 36.072480827569962 213.18008678779006 8819.4130245819688 256.79714013636112 426.51439455896616 118.01541090011597 69.984971649944782 9.2709821015596372 143.13946241512895 391.28827852755785 1518.5815628096461 75.125686585903168 807.37478171288967 31.46245613694191 279.08337607979774 139.40182097256184 455.3898950740695 37.419291347265244
leaf_count=643 99 1563 2422 165 1735 517 2256 24071 21327 299 11837 154 1781 50667 1274 2462 687 856 72 1451 2250 11831 542 5963 235 2060 787 4219 289
internal_value=-5.02729e-05 0.000545135 0.00136571 0.0112495 -0.00206396 -0.00043374 0.00249646 -0.000909527 -0.00109256 -0.00124064 -0.00256874 0.0085272 -0.00395783 0.00120278 0.00460095 0.000930892 0.00754812 -0.00506446 -0.00907146 -0.00997911 0.00488702 0.000781925 0.00136191 0.000361208 -0.00337593 0.00030787 -0.00208555 -0.00556338 -0.0067495
internal_weight=24155.8 18641.1 10144.4 162.441 5514.65 8496.7 1184 7312.7 7175.38 4330.56 2616.11 137.315 1776.16 9981.97 736.04 9245.93 144.813 1184.09 348.169 338.898 779.088 1714.46 1593.71 839.943 835.921 310.546 404.916 525.375 120.75
internal_count=154514 110701 57776 951 43813 52925 6856 46069 45398 33185 19880 671 13618 56825 3696 53129 852 10628 3258 3186 4506 13305 12373 6262 7370 2295 2350 5075 932
is_linear=0
shrinkage=0.025


Tree=90
num_leaves=31
num_cat=0
split_feature=64 49 52 52 50 73 32 44 60 43 18 52 49 69 3 53 67 50 60 15 52 52 26 40 13 53 76 34 19 19
split_gain=43.3634 21.004 31.8131 28.8311 27.3881 26.1679 25.0159 24.8696 18.6727 18.3561 17.9244 16.9892 26.8014 24.0122 23.2082 19.6781 16.646 16.6946 15.8103 20.7239 16.9177 14.0879 12.8355 21.3209 12.4461 12.0071 11.0617 11.03 10.3861 6.33241
threshold=0.65051568314726216 0.28847580821894081 0.13500000000000004 1.2550000000000001 0.91288752697620734 -0.073022643512743915 0.094549242383032653 1.136996386318136 0.32760466661744075 -0.29369503552678444 0.17790967622089007 0.13500000000000004 0.045599066621295543 0.81533841018807685 0.031948615015763078 22.745000000000001 -0.56397356643622043 1.3814866475404026 0.37152008731021269 0.56749933914484174 0.14500000000000005 1.4650000000000001 0.045547517894218049 0.013050391651056766 0.025026871997952806 22.535000000000004 0.045216579338667427 -0.082494802249553842 0.21504962875620784 0.14387716647623386
decision_type=10 10 2 2 10 10 8 10 10 10 10 2 10 10 10 2 10 10 8 8 2 2 2 10 10 2 10 8 10 10
left_child=1 2 5 6 21 27 9 -6 -7 -3 -8 12 13 15 29 -2 17 28 20 -20 -4 -5 23 -18 -24 -16 -19 -1 -13 -14
right_child=11 3 18 4 7 8 10 -9 -10 -11 -12 16 14 -15 25 -17 22 26 19 -21 -22 -23 24 -25 -26 -27 -28 -29 -30 -31
leaf_value=-0.018571723531515798 0.026124465897166577 -0.0093322968968041972 -0.0092717023210385427 0.004760403269201241 0.013982036038456614 0.029687458560146509 -0.002202155473818699 -0.012843191617273814 0.0093422850949501143 -0.0025642585758058009 0.016946897563069718 -0.0017113990775447553 -0.011867435688741478 -0.0092384575023504185 -0.012686262872956974 -0.00061620245404359975 0.0018501435036296324 0.025545858909478678 -0.0039241307465504617 -0.0004672525421888783 0.0014206889437078148 -0.002257067620704704 0.0026323806572824105 -0.0026707367686721307 0.0084841839673179733 0.0039707584500110835 0.0024165160226170494 0.002955780290136714 -0.0094751207511534832 -0.024732906848919177
leaf_weight=16.895279414951801 40.111022472381592 691.10598641633987 94.250645779073238 222.43697341904044 142.72541912645102 42.165085434913635 1306.378612332046 24.156594626605511 91.153129637241364 399.83057156950235 30.017552256584167 469.00992904603481 79.46313650906086 38.389194816350937 37.507157012820244 28.456174835562706 7090.9461820572615 18.731299728155136 1326.1472262218595 5952.987355902791 2847.758191216737 884.67722318693995 819.27530470490456 715.66272662580013 317.76176325976849 88.020344734191895 40.033212542533875 81.573389083147049 140.38134200870991 40.127142935991287
leaf_count=113 211 5403 681 1765 993 283 9475 174 608 2971 189 2755 465 202 213 153 37050 108 10789 41298 19799 6718 4072 3844 1563 497 232 533 808 239
internal_value=5.08803e-05 -0.000838177 -0.000264203 -0.0024565 0.000583697 0.00886869 -0.00405475 0.00999043 0.0160401 -0.00686421 -0.00175161 0.00131454 -0.00406475 0.00628914 -0.00862171 0.0150996 0.00151284 -0.00228565 -0.000473062 -0.00109862 0.00107196 -0.000836751 0.00179772 0.00143439 0.00428156 -0.00102012 0.0102778 -0.000841795 -0.00352726 -0.0164492
internal_weight=24118.1 14154.3 10452.9 3701.33 1274 231.787 2427.33 166.882 133.318 1090.94 1336.4 9963.88 352.074 106.956 245.118 68.5672 9611.8 668.156 10221.1 7279.13 2942.01 1107.11 8943.65 7806.61 1137.04 125.528 58.7645 98.4687 609.391 119.59
internal_count=154204 101792 74104 27688 9650 1537 18038 1167 891 8374 9664 52412 1980 566 1414 364 50432 3903 72567 52087 20480 8483 46529 40894 5635 710 340 646 3563 704
is_linear=0
shrinkage=0.025


Tree=91
num_leaves=31
num_cat=0
split_feature=62 64 64 44 13 43 60 20 34 38 60 3 11 40 73 72 25 51 31 51 14 33 11 51 78 55 38 26 45 72
split_gain=38.6747 26.2135 24.4102 16.204 16.6892 15.1336 14.9904 14.9282 14.8649 13.9215 18.6428 14.2269 18.2101 15.2701 13.4584 13.401 19.9205 13.476 13.1597 12.1955 12.1363 11.7891 10.5651 10.0407 10.0284 9.23703 10.651 10.0013 8.95695 2.23226
threshold=0.72610080310163394 0.98255177859596055 0.14226372773152743 1.495005012849915 0.0036692850271432867 0.82353012674512993 0.029258130170071891 -0.43130066891579194 -0.052052411434714833 4.24102671056378 0.50430109516057431 0.045323993848765294 0.079528071166834649 0.0058209042163207452 0.99539614091246875 0.96730021251854537 0.72680857402163712 1.7150000000000001 -0.0479377251825494 2.1650000000000005 0.0058124432299848242 0.055164374981293014 0.0098464313093620855 2.5150000000000001 0.95742522981312861 1.0950000000000002 0.69246797072358091 0.05225950833526434 -0.028899782171251803 0.67492267975359777
decision_type=10 8 10 8 10 10 8 2 10 10 10 10 10 10 10 10 8 2 10 2 10 10 10 2 10 2 10 2 10 10
left_child=2 9 14 4 18 7 -6 8 -3 11 20 12 -2 -13 21 17 -17 -16 -4 -9 -11 24 29 -12 -1 27 -27 -7 -24 -5
right_child=1 5 3 22 6 25 -8 19 -10 10 23 13 -14 -15 15 16 -18 -19 -20 -21 -22 -23 28 -25 -26 26 -28 -29 -30 -31
leaf_value=-0.0023065373465440023 0.00044364009830216548 0.0053317666899306577 0.0062652858670517401 -0.023055632993026265 0.0076650490059229984 -3.1014936204770146e-05 0.00018963006572902651 -0.0021395606746661545 0.026405098847869291 -0.0055858910919659574 -0.0025205164189946688 0.00043275906556512474 0.0148152832605567 0.0050098998606262612 -0.0019416601214065723 0.025654406452289953 -0.0043008945772656376 -0.012161814666720269 -0.0036662771337917393 0.0055470561675218565 0.0028260914083473197 0.016538268777889217 0.0085070988000152722 -0.0097966920566801702 0.017816775335742014 0.029793855411878945 0.0099259162057510168 0.019016715914359807 -0.0037458108455506972 -0.0065275545693550376
leaf_weight=2439.4765225872397 3758.5738915428519 57.626507163047791 88.999551929533482 19.56825772672892 169.12060559540987 48.75475986301899 11069.825125165284 212.24757762253284 33.55179925262928 126.23049511760473 547.20304381102324 735.87813868373632 54.774799913167953 1212.0351727306843 124.35438611358404 17.044305250048637 56.090605575591326 241.56675139442086 1046.3250451683998 321.68285591900349 663.0665749758482 19.943321906030178 37.90187644213438 152.55462984740734 14.309277996420859 33.093411937355995 39.963768169283867 24.799131020903587 706.43185495585203 10.372920870780943
leaf_count=20048 19871 269 612 144 990 224 72710 976 155 742 3030 3788 280 6282 1164 155 547 2490 7635 1591 3560 137 244 856 122 158 196 111 4820 80
internal_value=4.02412e-05 0.00145798 -0.000667453 -0.000208016 1.10722e-05 0.00583674 0.000303592 0.00410842 0.0134098 0.000989979 -0.00116126 0.00154742 0.000656636 0.00328594 -0.00273788 -0.00677361 0.00288083 -0.00872673 -0.00287534 0.00247952 0.00146486 -0.00201562 -0.0037137 -0.00413156 -0.00217748 0.0130619 0.0193627 0.00649289 -0.00309914 -0.0180426
internal_weight=24083.4 8022.04 16061.3 13148.5 12374.3 771.72 11238.9 625.109 91.1783 7250.32 1489.05 5761.26 3813.35 1947.91 2912.79 439.056 73.1349 365.921 1135.32 533.93 789.297 2473.73 774.275 699.758 2453.79 146.611 73.0572 73.5539 744.334 29.9412
internal_count=153987 42089 111898 87235 81947 3680 73700 2991 424 38409 8188 30221 20151 10070 24663 4356 702 3654 8247 2567 4302 20307 5288 3886 20170 689 354 335 5064 224
is_linear=0
shrinkage=0.025


Tree=92
num_leaves=31
num_cat=0
split_feature=64 69 9 55 49 38 48 47 55 51 78 22 31 51 48 9 69 49 51 55 51 10 11 15 53 57 19 55 49 27
split_gain=37.5382 21.7093 27.8763 19.2173 31.5517 20.3356 17.8377 17.0551 16.8556 30.1573 23.3765 19.8521 16.8518 16.5856 29.8248 31.3247 26.6771 21.8599 16.0562 15.8669 15.8663 15.6433 14.0638 14.6516 13.867 13.3209 12.9222 12.6296 12.3848 11.7355
threshold=0.66251293995859217 -1.2923363116210651 0.20889892649820244 1.1650000000000003 0.26759038574634142 6.8319581833310457 -0.63530861012896778 -0.8801547609795487 1.1650000000000003 1.5500000000000003 0.45391993140568959 0.91522297694254029 -0.026307890074980519 1.7650000000000003 -0.02588582228378259 -0.22074147548304754 -0.54784468780820605 1.5065303286269758 2.5350000000000006 1.5300000000000002 0.72500000000000009 0.0046213855220516653 0.034799660155240691 2.0657742780898629 19.270000000000003 0.047940397027211652 0.0085184362388283103 1.3050000000000004 0.96239375412211692 -0.023508473099441627
decision_type=10 8 10 2 10 10 10 8 2 2 10 10 10 2 10 10 10 10 2 2 2 10 10 10 2 8 8 2 10 10
left_child=1 2 12 5 7 25 -4 -5 13 10 11 -10 21 14 20 -16 18 -18 -15 -6 -2 -1 24 -24 -11 -3 -14 -12 -8 -7
right_child=8 3 6 4 19 29 28 -9 9 22 27 -13 26 16 15 -17 17 -19 -20 -21 -22 -23 23 -25 -26 -27 -28 -29 -30 -31
leaf_value=0.0088424361561997532 -0.0082429891459465787 -0.00040779967945425694 0.029705483303445825 -0.01058677384868267 -0.0043878862874418886 0.016774108445888388 0.005108441419965388 -0.00058670908014121553 0.030781793202407693 0.00088075653998543409 0.011580302036721606 0.0073187890017615042 0.0049771385037727144 -0.0081316120333160598 0.003443732902355297 -0.0040405768727906285 0.0019610451281336832 0.012011622759163175 0.001679374922066653 -0.013138221746667456 0.0052159700375522368 -0.0042159542321665812 0.0024720105963292743 0.016181891287455161 0.0056095951647218978 0.0016410483156606348 -0.010604516498469961 -0.003897596430455964 -0.016434838577381417 -0.0078176121116787893
leaf_weight=63.193624302744865 59.318816646933556 4346.4614039435983 15.681240081787108 108.32595750689507 550.35852363705635 11.472313985228537 139.64506854861975 4176.3646188899875 53.933573693037033 2458.3525147587061 70.450471341609955 41.421347334980965 34.924154214560986 258.71637725830078 444.29735481739044 1609.8159953206778 3056.14052054286 140.78024220466614 171.6718352586031 171.37090928852558 549.00726099312305 506.66681113094091 114.49410320818424 86.372039452195168 460.61263574659824 3639.7407117486 396.8428643271327 59.186722278594971 17.633822984993458 244.65179102122784
leaf_count=582 313 30215 127 762 4138 75 1162 28986 279 12759 371 213 319 1464 2264 8805 15776 735 965 1309 2879 4497 539 388 2401 25375 4144 303 151 1648
internal_value=7.73047e-05 -0.000729451 -0.0039859 -0.000439844 -0.00166157 0.000301458 0.00523331 -0.000844175 0.00128577 0.0027199 0.0115429 0.020885 -0.0055897 0.000521546 -0.000974888 -0.00241703 0.00162195 0.00241032 -0.00420707 -0.00649434 0.00387762 -0.0027392 0.00207701 0.00846544 0.00163153 0.000525138 -0.00931655 0.00448551 0.00253957 -0.00661387
internal_weight=24057.9 14423.3 1174.59 13248.7 5006.42 8242.33 172.96 4284.69 9634.57 3344.82 224.992 95.3549 1001.63 6289.75 2662.44 2054.11 3627.31 3196.92 430.388 721.729 608.326 569.86 3119.83 200.866 2918.97 7986.2 431.767 129.637 157.279 256.124
internal_count=153944 103490 10982 92508 35195 57313 1440 29748 50454 17253 1166 492 9542 33201 14261 11069 18940 16511 2429 5447 3192 5079 16087 927 15160 55590 4463 674 1313 1723
is_linear=0
shrinkage=0.025


Tree=93
num_leaves=31
num_cat=0
split_feature=26 47 12 52 3 61 26 65 52 61 44 48 46 51 77 16 40 39 16 73 25 52 72 31 26 55 8 55 53 13
split_gain=36.2598 29.0664 32.2224 22.0537 19.839 19.6211 18.6727 20.0977 17.662 20.1424 17.5051 20.5954 17.1226 22.5658 18.4872 24.732 16.7843 15.6805 15.4228 14.9685 14.8974 13.5016 13.1945 15.3135 12.7899 12.4246 12.3805 10.1497 9.97588 7.71935
threshold=0.021217379362686823 -0.16227267156979783 0.013317093185791698 0.13500000000000004 0.16260113682277813 -1.312003084166893 0.0089985233479792041 -0.64417413726160533 0.16500000000000004 -0.57346435762027903 0.89474080845758863 0.7945903659336534 0.77018357923216529 2.8650000000000007 0.23363636890137671 0.85135561022584405 0.012833877126917833 -0.094165030053838181 2.5508944454536091 -0.49380873489463911 1.4137643185766866 2.5350000000000006 0.28832500494755597 -0.1309882119408636 0.036485700451724494 0.26999999999999996 0.048543507272528326 0.03000000000000003 13.515000000000002 0.0061236507682135557
decision_type=2 8 10 2 10 10 2 8 2 8 8 10 10 2 10 10 10 8 10 8 10 2 10 8 2 2 8 2 2 10
left_child=1 2 22 19 12 6 28 -8 26 20 18 -12 13 17 15 -14 -16 -2 -7 -4 -10 -5 23 -1 -15 -11 -6 -24 -3 -28
right_child=4 5 3 21 8 10 7 -9 9 25 11 -13 14 24 16 -17 -18 -19 -20 -21 -22 -23 27 -25 -26 -27 29 -29 -30 -31
leaf_value=0.025643751283433387 0.01027489140221604 -0.022726986926780969 -0.0080520262834429483 -0.0021843830308359846 -0.0079373572506225287 -0.00019083202112810062 0.029695251108912937 0.004435358567311018 0.0063254902925898859 0.01041763900962046 -0.0020504988336363674 -0.012187372371829132 0.0090944480544656262 0.010204082381648704 0.00073718641506280967 0.0017522526082762351 -0.0041908975658055776 -0.0026213177960183161 0.012620046276894474 0.021166931150510836 0.025106642278093873 0.0044069810967658374 0.014108243134423255 -0.0015780023218235123 -0.0050628508706987985 -0.0014623915251523092 -0.00043190955725272569 -0.0069342190296561405 0.0028960727148101555 0.017458342241268961
leaf_weight=12.734832748770712 59.648729711771011 22.384206123650074 13.231463879346846 1256.6429366916418 14.979907311499117 9011.239886559546 19.473472900688648 509.69747184962034 109.64167164266109 63.530767470598221 1563.5550481975079 135.5786876231432 305.78670016676188 150.7794521227479 1703.4195732325315 4519.7593589648604 576.80128706991673 1714.9076164327562 57.908869743347168 44.952751860022545 34.982604220509529 227.98754469305277 13.186166889965532 173.93869269639254 42.758181899785995 364.1446316614747 16.292111411690712 1238.9218882583082 14.698738299310206 116.36361765861511
leaf_count=92 454 136 80 7964 80 60331 149 2779 533 313 10375 836 1797 1042 9322 25235 3441 11503 264 280 164 1419 111 1325 274 1933 100 11182 90 597
internal_value=-8.09807e-05 -0.000883137 -0.00307923 -0.000563062 0.00109077 -0.000304519 0.00422495 0.00544415 0.00508379 0.00306385 -0.000543843 -0.00287179 0.000772504 -0.00128853 0.00134453 0.00222121 -0.000507676 -0.00217696 -0.000106546 0.0143676 0.011089 -0.00116439 -0.00576941 0.000391072 0.00678224 0.000309099 0.0127757 -0.00669334 -0.0126023 0.0152209
internal_weight=24109.9 14316.1 2981.6 1542.81 9793.8 11334.5 566.254 529.171 719.935 572.3 10768.3 1699.13 9073.86 1968.09 7105.77 4825.55 2280.22 1774.56 9069.15 58.1842 144.624 1484.63 1438.78 186.674 193.538 427.675 147.636 1252.11 37.0829 132.656
internal_count=154201 97413 22453 9743 56788 74960 3154 2928 3720 2943 71806 11211 53068 13273 39795 27032 12763 11957 60595 360 697 9383 12710 1417 1316 2246 777 11293 226 697
is_linear=0
shrinkage=0.025


Tree=94
num_leaves=30
num_cat=0
split_feature=66 69 21 3 38 51 40 9 48 48 64 51 49 16 3 49 41 9 9 35 50 8 28 45 19 9 9 59 48
split_gain=40.1539 19.8052 19.0604 19.057 21.671 19.1949 30.3386 31.131 23.3546 20.4421 19.0655 17.6612 17.3025 20.2967 16.4312 15.5018 12.7171 20.8924 12.9306 11.5169 11.3841 14.6445 11.3791 11.5824 9.99556 9.11717 8.00772 6.95346 4.95182
threshold=0.6272232073881594 -1.565562445942416 44.444419878947137 0.054325741117943978 5.7057733634234706 1.8750000000000002 0.016248102843130916 -0.22074147548304754 1.3069919919219104 -0.74654512487344504 0.75706745589152269 2.8650000000000007 -3.0083809283544585 2.4008649182581672 0.16260113682277813 0.073176416106903258 -0.045326604153096743 -0.089799349003497161 0.14177265637237749 -0.019679375683028241 -0.68688815302132433 0.075441863540086876 0.81481280891312602 0.1031384486176237 -0.10553264644247183 -0.095870449902268493 0.40815396694143175 -0.12677691056065896 1.5315137690516034
decision_type=10 8 10 10 10 2 10 8 8 10 8 2 8 10 10 10 8 10 10 10 10 10 8 10 8 10 8 10 10
left_child=1 2 15 5 16 6 8 -8 -2 11 -11 -7 27 14 -14 19 18 -18 -5 -1 21 -4 23 -6 -22 -17 -24 -3 -29
right_child=3 12 20 4 22 9 7 -9 -10 10 -12 -13 13 -15 -16 25 17 -19 -20 -21 24 -23 26 -25 -26 -27 -28 28 -30
leaf_value=0.0014859506013600323 -0.00076401950026622808 -0.024136713918955083 -0.01035301886196132 -0.0042409644532024875 -0.0096607986478121459 0.00037804674276296766 0.013852329436902365 -0.0049465580420820837 -0.0075336973251243769 0.0010581860582742034 0.0047828260646474736 -0.0068481592104972693 -0.00081605025061423143 0.023583425007561075 0.0038177070068368952 0.013076226700254337 0.010396651167927255 0.0035121594565342105 0.010732368332708637 0.024810937718290765 0.014107747236387934 0.014221017929491618 0.010356663129782069 0.0084810971426909475 -0.01033437027239476 -0.0086444563469549717 -0.0090935951672805517 0.0012567288532040948 -0.016900883733880673
leaf_weight=27.92760543525219 2424.428620763123 24.135967567563057 28.365533873438835 182.65971106290817 150.23307210952044 1381.952536508441 161.73645928502083 81.664847426116467 366.26273627579212 2005.6215278655291 1511.1529091894627 248.04882016777992 12682.919823285192 20.438028275966644 495.36303535103798 13.685078531503676 352.98522956669331 1285.1637081727386 43.516217440366745 25.571622624993324 9.5108560994267446 29.71280325204134 47.681140445172787 24.340324133634567 359.04683470726013 60.375033713877201 16.713686212897301 21.031630128622055 14.625909969210623
leaf_count=233 14130 136 237 958 758 7351 854 490 1925 12781 7575 1304 88459 94 2863 125 1704 6635 222 218 66 225 245 113 3586 584 78 110 85
internal_value=2.2992e-05 -0.00085724 -0.00548426 0.00120593 0.00332855 0.000658878 -0.000916527 0.00752103 -0.00165804 0.00158905 0.00266188 -0.000721247 -0.00066279 -0.00060075 -0.00064097 0.00293081 0.00423898 0.00500672 -0.00128568 0.0130717 -0.00801896 0.00212589 -0.00372867 -0.00704802 -0.00963961 -0.00438668 0.00512 -0.0139533 -0.00629539
internal_weight=24096.9 13812.7 554.195 10284.2 2103.29 8180.87 3034.09 243.401 2790.69 5146.78 3516.77 1630 13258.5 13198.7 13178.3 127.559 1864.32 1638.15 226.176 53.4992 426.636 58.0783 238.968 174.573 368.558 74.0601 64.3948 59.7935 35.6575
internal_count=154144 97021 5274 57123 10713 46410 17399 1344 16055 29011 20356 8655 91747 91416 91322 1160 9519 8339 1180 451 4114 462 1194 871 3652 709 323 331 195
is_linear=0
shrinkage=0.025


Tree=95
num_leaves=28
num_cat=0
split_feature=62 26 11 4 52 61 53 64 72 48 29 65 52 69 57 77 35 77 36 23 9 40 27 48 28 60 70
split_gain=29.5268 16.8354 15.2656 13.078 25.596 16.2897 32.5942 17.5523 12.2051 16.343 14.9645 15.4983 14.481 11.212 14.4084 10.9128 10.6495 10.5976 10.3352 10.2402 9.52429 7.25189 6.15841 5.80884 4.72075 4.55091 4.01079
threshold=0.086044166094110613 0.0099550572882106548 0.0057260125655817203 -0.23336220962815138 0.19500000000000003 -1.0392990459256797 30.085000000000004 0.97860960120060769 0.86673713883016223 0.81110490825840709 -0.018297279384731576 -0.57278102742544201 0.14500000000000005 -2.0826278530100666 -0.10669779412137916 -0.74754096519991131 -0.15392397281956513 -1.132320924818573 -0.10661809355163208 -0.97524116795853011 -0.032529831585188455 0.0039147861200079506 0.0014608004320494871 0.13702532147387944 0.55769019154293165 0.26785611752286814 0.30010141987829619
decision_type=8 2 8 8 2 10 2 10 10 8 10 8 2 10 10 10 10 10 8 10 8 10 10 8 10 10 10
left_child=8 2 21 4 25 6 -5 -7 9 16 11 -11 22 14 -4 20 26 -18 -15 -6 -14 -2 -10 -17 -12 -3 -1
right_child=1 3 13 5 19 7 -8 -9 12 10 24 -13 15 18 -16 23 17 -19 -20 -21 -22 -23 -24 -25 -26 -27 -28
leaf_value=-0.00521515957058649 0.028729578335811769 -0.019398128105396751 -0.0058615469596008394 0.001992205724897477 0.0063999201476651864 0.0001602854970943725 0.020966168029387583 0.0053340818894451417 -0.0010109142231705596 0.0024724625910003441 -0.012415850163414729 0.045394961706653615 0.010551459475944266 -0.019139799606241632 0.024449006050558268 -0.010186992260983452 0.0070238583022566364 -0.0030131254197207401 -0.002230917679306413 -0.0026477783214766053 -0.0069235296269074074 0.0011736889128428913 0.024460620989155982 -0.021452858952328544 0.0087321466407359449 -0.004168810712588635 -0.022900845022845857
leaf_weight=16.012582592666149 13.465900599956514 61.995099484920502 16.358034230768681 2481.1919658109546 92.089200712740421 17002.500951394439 56.831913031637669 418.91420260071754 10.917597547173502 9.937719061970709 11.339498028159143 11.406878501176836 20.986444845795631 21.809978291392326 20.885085850954056 93.153778776526451 69.040650330483913 961.78943257778883 1972.7233714275062 474.37681256234646 150.10175586864352 11.243680037558077 10.345344200730322 47.579588308930397 12.555596120655535 17.838985063135624 20.910936035215855
leaf_count=129 108 364 115 13654 515 107308 296 1933 91 82 85 80 189 134 143 1001 535 8317 14209 2507 1434 95 79 473 96 113 171
internal_value=7.94182e-06 0.000229335 -0.00192623 0.000444928 -0.00305006 0.00055865 0.00242974 0.000285484 -0.00345376 -0.0021833 0.0123117 0.0269389 -0.00765345 -0.00217146 0.0111734 -0.00903639 -0.00281759 -0.00232624 -0.00243097 -0.00115328 -0.00467788 0.0171153 0.0116929 -0.0141978 -0.00111865 -0.0161998 -0.0158334
internal_weight=24108.3 22662.2 2056.49 20605.7 646.3 19959.4 2538.02 17421.4 1446.08 1112.99 45.2397 21.3446 333.085 2031.78 37.2431 311.822 1067.75 1030.83 1994.53 566.466 171.088 24.7096 21.2629 140.733 23.8951 79.8341 36.9235
internal_count=154256 141494 14804 126690 3499 123191 13950 109241 12762 9495 343 162 3267 14601 258 3097 9152 8852 14343 3022 1623 203 170 1474 181 477 300
is_linear=0
shrinkage=0.025


Tree=96
num_leaves=31
num_cat=0
split_feature=65 49 9 8 44 48 54 69 17 52 51 48 21 54 54 8 9 8 31 61 3 23 41 31 49 51 8 15 76 79
split_gain=35.8497 18.6318 23.7337 33.4061 28.0263 22.0951 29.1373 32.6925 19.7276 19.0947 17.6979 28.6185 25.4926 16.5235 29.0569 24.3479 36.8653 23.1136 15.06 20.5631 13.8092 13.7328 13.6325 15.3272 15.2361 31.0846 15.3896 12.3837 10.032 6.62341
threshold=-0.45338169029709247 0.67526194632207526 -0.2309426261610176 -0.015984721296010525 -0.17870751397899895 0.99931401036723688 114.20255000000002 0.8592673105051909 0.023846338583957464 0.16500000000000004 1.6850000000000003 0.34881140589828363 65.507597466709868 113.80300000000001 116.08025000000002 0.21395292835577887 0.20654543798355332 0.038900215458895555 -0.23811207633492079 -1.312003084166893 0.11325864101769124 -0.90268690779587757 -0.072467890134212995 -0.15848181172572087 0.32022290362737854 1.5150000000000003 0.072118676859983313 0.42299568016177197 0.35937547481886345 -0.79137500077214817
decision_type=8 8 8 10 10 10 2 8 10 2 2 10 8 2 2 10 10 10 8 10 10 10 10 8 10 2 10 10 8 10
left_child=13 5 3 4 -3 18 8 -8 -7 -5 12 -12 -4 22 17 16 -16 27 21 -20 -19 -2 23 -1 25 -24 -26 -15 -25 -17
right_child=1 2 10 9 -6 6 7 -9 -10 -11 11 -13 -14 14 15 29 -18 20 19 -21 -22 -23 24 28 26 -27 -28 -29 -30 -31
leaf_value=0.021080958988225748 0.0070359989049890125 -0.011314367052981278 -0.0057818643457887633 0.0040942448102120809 0.0051032463219119117 -0.0070240946425101551 -0.0031285982958711095 0.0099444182250994773 0.00031041578419716567 0.021599878322550635 -0.0021013920688103794 0.0052701340012820145 0.0018831875877491407 -0.0084913808061614655 -0.0011170668692781517 0.0040012646035632888 0.011345553782471388 -0.008893110558328329 0.0051026403667336941 0.0012235234137968549 0.0068167599680289655 -0.0051363458149012225 0.0082349015642415365 0.00024879438008250626 -0.0058176191362081242 -0.00022955311977022733 0.0010157294438190713 -8.8783391469649577e-05 -0.013724581396485861 -0.015072651380050912
leaf_weight=9.6160683333873731 67.263015225529671 100.41040799021721 1067.2587566301227 75.094510957598686 178.77872318029404 625.45776242762804 245.98895631730556 229.57249256968498 358.20683710277081 84.243231996893883 1167.4003266319633 457.02423406392336 361.00588290393353 138.62914952263236 985.99233294650912 12.016822583973406 173.2870529666543 788.49027831107378 926.67526777088642 11014.966236658394 35.203439943492413 365.28460749983788 300.05621675401926 44.040665492415428 525.93801925331354 2700.8966502361 334.87282436713576 516.28742960840464 107.46120186895132 80.510068327188492
leaf_count=69 336 579 6484 377 970 3469 1421 1172 1917 401 7144 2644 2131 1331 7828 85 1302 6649 4850 64001 275 1829 2213 381 4598 21370 2805 3952 875 592
internal_value=9.40967e-07 0.000603536 -0.00102712 0.00439875 -0.000797755 0.00101567 -0.00189061 0.00317568 -0.00434845 0.0134886 -0.00181043 -2.04748e-05 -0.00383926 -0.00154365 -0.00304481 -0.000234884 0.000749167 -0.00541653 0.00135915 0.00152565 -0.00820366 -0.00321197 -0.000522318 -0.00762122 -0.000221925 0.000617237 -0.00315289 -0.00189111 -0.00964346 -0.0124959
internal_weight=24077.9 17324.6 3491.22 438.527 279.189 13833.4 1459.23 475.561 983.665 159.338 3052.69 1624.42 1428.26 6753.3 2730.42 1251.81 1159.28 1478.61 12374.2 11941.6 823.694 432.548 4022.88 161.118 3861.76 3000.95 860.811 654.917 151.502 92.5269
internal_count=154050 99725 20730 2327 1549 78995 7979 2593 5386 778 18403 9788 8615 54325 22014 9807 9130 12207 71016 68851 6924 2165 32311 1325 30986 23583 7403 5283 1256 677
is_linear=0
shrinkage=0.025


Tree=97
num_leaves=29
num_cat=0
split_feature=64 16 55 40 19 49 44 41 48 48 52 44 55 54 55 26 19 55 29 18 76 40 13 28 76 16 40 67
split_gain=29.0563 17.9821 17.0809 30.1803 39.1518 22.1678 21.3855 21.3029 15.9731 14.4105 26.5369 23.1037 21.4868 23.441 20.771 15.8838 30.2163 19.7883 15.2859 13.5157 13.871 12.9341 19.0154 13.4575 11.9109 10.9737 10.9681 6.84304
threshold=0.5675936580999873 0.14625172798249672 1.1650000000000003 0.010798581598579863 -0.098841454763692424 0.28847580821894081 1.6627477917555347 -0.09501233209652786 0.34881140589828363 0.68580543902382141 0.13500000000000004 -0.51592118751771465 0.51500000000000012 117.38430000000001 0.015000000000000015 0.027384835372750941 -0.1677934336773623 1.2950000000000002 -0.035387286606395722 0.083410775947993301 0.96308356125624839 0.0037306608297802565 0.0065341090941409066 0.075191021419639084 0.88911919101664194 0.25940096714389516 0.007994999599381122 -0.50234732554260997
decision_type=10 8 2 10 10 10 10 10 10 10 2 10 2 2 2 2 8 2 10 10 8 10 10 10 10 10 10 10
left_child=1 8 6 5 -5 -4 7 -3 19 15 12 18 13 -11 -13 21 17 -17 -12 20 -1 23 -23 -2 -18 -8 -10 -14
right_child=9 2 3 4 -6 -7 25 -9 26 10 11 14 27 -15 -16 16 24 -19 -20 -21 -22 22 -24 -25 -26 -27 -28 -29
leaf_value=-0.010820909462511472 0.016562109096493607 0.0062835337428523361 -0.00038375830014274133 0.0088150776560885161 -0.010489881413150923 -0.0056441966290801272 0.018805061576747845 0.00011227407836748681 -0.0035532255820506023 0.01620629185480453 -0.013816923934310466 -0.023363180111994935 0.00088991054659582648 -0.0099925037999013637 0.0011562367655400024 -0.0078134190764267992 0.0045246310911358388 0.008234031391809029 -0.0025998383701164619 0.015780648276088317 0.0081540408218794182 -0.002319352792734865 0.0011276557864136358 0.0028732775395601856 -0.00017265696908884756 -0.0051926187123992338 0.025383671535428972 -0.016270270117073497
leaf_weight=279.78341043740511 47.396035596728325 369.10153709352016 3407.0307825505733 75.877862393856049 436.59367388486862 586.63839717209339 10.897883594036101 6312.4238314703107 15.778355561196806 36.381113201379776 101.38182863593102 20.552142053842545 15.254060938954352 48.068805769085884 2593.1900520920753 238.16502889990807 2184.1210871189833 58.615604713559151 305.29413025081158 12.87268256396055 25.014356218278408 1351.605888530612 3832.4785111993551 663.34651535749435 395.27574767172337 539.90242020785809 14.494833201169966 131.25445728003979
leaf_count=3024 265 2626 24390 514 3374 4719 98 46118 124 202 580 119 95 284 13859 1208 11189 281 1712 124 220 7964 20715 3636 2027 3886 146 767
internal_value=1.0078e-05 -0.000855169 -0.000688082 -0.00189608 -0.00760302 -0.00115982 6.37202e-05 0.000455377 -0.00644893 0.000880556 -0.000539224 8.43354e-05 -0.00868457 0.00127533 0.000949937 0.00140772 0.00293117 -0.00459841 -0.005447 -0.00812138 -0.00921328 0.000662686 0.000227169 0.00382303 0.00380215 -0.00466438 0.0105031 -0.0144401
internal_weight=24108.8 12086.4 11738.5 4506.14 512.472 3993.67 7232.33 6681.53 347.944 12022.4 3251.38 3020.42 230.958 84.4499 2613.74 8771 2876.18 296.781 406.676 317.67 304.798 5894.83 5184.08 710.743 2579.4 550.8 30.2732 146.509
internal_count=154266 89363 85725 32997 3888 29109 52728 48744 3638 64903 17618 16270 1348 486 13978 47285 14705 1489 2292 3368 3244 32580 28679 3901 13216 3984 270 862
is_linear=0
shrinkage=0.025


Tree=98
num_leaves=28
num_cat=0
split_feature=66 76 50 29 68 51 50 55 53 49 54 26 54 9 61 22 44 44 61 26 41 46 50 62 81 19 69
split_gain=28.3757 20 18.3738 17.4287 16.5344 17.8067 27.3053 27.2727 30.2494 16.358 16.2457 15.8836 18.6492 15.1325 13.9252 13.4499 18.2624 15.1094 13.3163 12.8133 12.1355 11.6291 11.3826 9.1074 5.44556 3.555 1.79581
threshold=0.65877279173889269 0.35155366582394859 -1.0850407215496094 -0.19262529582208185 0.080881963450163338 1.3500000000000003 -2.065624280974816 0.38500000000000006 31.830000000000002 -3.0083809283544585 116.12250000000002 0.026180708388852888 117.51245000000002 -0.30180265298752351 -0.040751123186453291 1.7711940353168474 -0.58168385514865362 -0.35407906520357213 inf 0.013193898994797679 -0.016284542591205205 1.5089080856428916 -3.1263674559683428 0.79292384590729148 1.0000000180025095e-35 -0.22942323645092214 1.2477313094842046
decision_type=8 10 8 8 10 2 8 2 2 10 2 2 2 8 10 10 10 10 8 2 8 10 10 10 2 10 10
left_child=4 2 13 -4 5 7 -7 -1 -9 23 -8 14 -13 24 -11 16 25 21 -18 -15 -5 -17 -19 26 -2 -3 -6
right_child=1 15 3 20 9 6 10 8 -10 11 -12 12 -14 19 -16 17 18 22 -20 -21 -22 -23 -24 -25 -26 -27 -28
leaf_value=0.040846440359817125 -0.014125699988611566 -0.026312620090333319 0.020483730890620156 -0.0029451340799151716 -0.010828878308796563 0.025910267590237315 -0.0059576733971510474 0.0073919219249815845 -0.015682462370137693 0.00025642564892338157 0.0044533398627392981 0.0026250873015426189 -0.0029583981415890123 -0.0049394796557255035 -0.0015658869530047054 0.025077697276368799 0.00024614122353195609 0.01678283617559909 0.015488799272265317 0.008412336922969393 0.0025456029441399955 0.0011985529940205185 0.0016853516801009138 -0.0012426067733200957 0.00092745352930672504 -0.0096921531843909853 -0.024680835498395282
leaf_weight=10.4239185154438 25.294950038194656 14.013980999588965 28.269860967993736 346.93026335537434 14.693066760897635 16.897048957645893 1020.0082243420184 133.0446995049715 47.019234098494053 4747.6702783107758 101.43463180959225 1891.4896410629153 463.71571524441242 46.84383887052536 5831.5018027797341 35.383376590907574 7199.6413880586624 32.869999960064888 34.821928277611732 634.73075652122498 899.92011939734221 20.800357908010483 406.57672130316496 27.859161883592606 32.40467931330204 27.729968205094337 24.667867258191109
leaf_count=77 119 81 144 1788 83 100 8937 1055 387 32871 984 11763 3077 247 40744 190 40478 152 162 3090 4933 98 2183 140 161 158 145
internal_value=3.73234e-05 0.00107526 0.00329507 0.00146692 -0.000670987 -0.00332672 -0.00451328 0.00370877 0.00126131 -0.000398699 -0.00500556 -0.00033358 0.00152163 0.00643069 -0.000747433 0.000498516 0.00022565 0.00447906 0.000323102 0.00747663 0.00101046 0.0165778 0.00287427 -0.0125936 -0.00569771 -0.0160259 -0.0201683
internal_weight=24116.7 9786.23 2014.39 1275.12 14330.4 1328.83 1138.34 190.488 180.064 13001.6 1121.44 12934.4 2355.21 739.274 10579.2 7771.84 7276.21 495.63 7234.46 681.575 1246.85 56.1837 439.447 67.2201 57.6996 41.7439 39.3609
internal_count=154347 53984 10482 6865 100363 11540 10021 1519 1442 88823 9921 88455 14840 3617 73615 43502 40879 2623 40640 3337 6721 288 2335 368 280 239 228
is_linear=0
shrinkage=0.025


Tree=99
num_leaves=31
num_cat=0
split_feature=63 16 37 62 55 47 46 70 12 55 69 27 24 4 78 51 61 61 20 54 4 39 54 21 16 65 78 19 50 6
split_gain=25.9525 20.9238 16.2154 15.5823 16.9665 17.9602 19.711 17.3814 19.0934 18.7011 15.4485 17.825 13.9021 12.4238 17.6504 17.4804 12.2507 12.133 11.1755 9.59952 21.1983 14.1022 9.2655 8.89081 14.2238 8.81244 8.19102 7.94134 7.65681 7.61413
threshold=0.035262657312998789 2.4008649182581672 2.5600172378498978 0.086044166094110613 1.1750000000000005 -1.1487171697259837 0.79601474321499566 0.54354644043308586 0.021007743477873236 0.14000000000000004 -1.9768096491752614 -0.00043324113515999383 0.49596703035874296 -0.044544263624050222 0.56722598189178342 2.2150000000000003 -0.93098139066224439 -0.049170379946936231 0.46281380066388539 111.81830000000001 0.0093724780204236264 -0.011486510157736328 110.42500000000001 26.767972523419704 0.082344755967374172 -0.11499025269917935 0.48424362793776904 0.1334474207141664 -0.77436083861988814 0.16518077845222215
decision_type=8 8 10 8 2 8 8 10 10 2 10 10 10 8 8 2 10 10 2 2 8 10 2 10 10 10 10 8 10 8
left_child=3 2 10 17 7 25 -7 8 -5 -9 11 -2 22 15 18 28 -12 19 -15 20 -1 -21 -4 -19 -25 -6 -17 -14 -3 -16
right_child=1 13 12 4 5 6 -8 9 -10 -11 16 -13 27 14 29 26 -18 23 -20 21 -22 -23 -24 24 -26 -27 -28 -29 -30 -31
leaf_value=-0.0043198896713459766 0.021884366459873381 -0.0024275226484714654 -0.014155110082572945 -0.00019364666817615667 -0.023104778601023741 -0.0039110657920526639 -0.00033555952501997295 0.0093859103802376824 -0.0051962188210724859 0.0011016779788372692 0.0022961197007177049 0.0024302932030919617 0.013876249575394909 0.0096996261032008969 0.00058580799495643932 -0.0047805724240351727 0.00017624309549234881 0.0083999512612870069 0.028553660637241976 0.0084030839710823729 0.009997353222138218 -0.0051772756772673848 -0.0041510869720019572 -0.017270984997694062 -0.0047004625537316871 -0.0022483709758298488 0.013751778926527678 -0.0014254101010756344 -0.02233208763047979 0.013234499720497915
leaf_weight=122.40655441954732 44.892266944050789 24.125808551907539 85.566932871937752 3644.716212593019 35.091989748179913 1436.0305028408766 2941.5548756718636 178.47145485877991 548.11456891894341 3410.6631778851151 2255.4897975698113 85.350832164287567 31.086228400468826 248.36410839855671 235.14540705084801 22.806609302759171 6994.0363495200872 27.546493127942085 21.20080141723156 54.752453818917274 133.51974795013666 317.63367021083832 189.15375873446465 60.643998492509127 733.69654939696193 21.181038692593575 37.187353551387787 59.089745119214058 25.825238436460495 33.146445780992508
leaf_count=1046 239 111 473 25829 263 11134 19494 1223 3495 23607 11624 464 169 1195 1196 102 38534 238 98 466 1169 2753 1069 634 6544 123 167 320 122 153
internal_value=-3.66835e-05 0.00090451 0.00061408 -0.000752989 -0.000461253 -0.00169556 -0.00151094 0.000241197 -0.000850704 0.0015187 0.000816124 0.00933137 -0.00454469 0.00525258 0.00681897 -0.00233371 0.000694215 -0.00320286 0.0113301 -0.000572097 0.00313221 -0.00313988 -0.00734222 -0.00520114 -0.00569419 -0.0155958 0.00662858 0.00388039 -0.0131475 0.00222831
internal_weight=24058.5 10392.5 9744.67 13666 12215.8 4433.86 4377.59 7781.97 4192.83 3589.13 9379.77 130.243 364.897 647.802 537.857 109.945 9249.53 1450.2 269.565 628.312 255.926 372.386 274.721 821.887 794.341 56.273 59.994 90.176 49.951 268.292
internal_count=154054 56036 52892 98018 85168 31014 30628 54154 29324 24830 50861 703 2031 3144 2642 502 50158 12850 1293 5434 2215 3219 1542 7416 7178 386 269 489 233 1349
is_linear=0
shrinkage=0.025


Tree=100
num_leaves=28
num_cat=0
split_feature=64 52 45 60 8 16 44 38 35 16 3 25 54 53 65 19 49 54 58 22 60 58 3 38 16 61 61
split_gain=24.6105 23.9805 22.3443 20.8569 21.2096 18.0701 17.8016 17.4009 15.2303 15.0274 14.7655 14.7434 14.1369 13.7996 17.4576 14.1137 13.7765 19.8501 19.1375 13.385 14.9209 14.2287 13.0372 10.3446 10.989 9.78682 6.30279
threshold=0.21812477224044302 0.13500000000000004 -0.012761555326497543 0.42336519461421812 0.026127692359433134 1.7504316592954472 -0.69413195161276042 1.3675345791883016 0.14019634688815677 0.11638747760890443 0.1699680942580343 1.0000000180025095e-35 115.61315 13.945000000000002 -1.2835091919272099 0.27143604106555635 0.28847580821894081 107.65070000000001 0.029258130170071891 2.0666093175395828 0.1760937927262784 0.8551968087450964 -0.025177003433504427 1.0546823854128011 0.93298768302572832 -0.6332506994186945 -0.51520851136883394
decision_type=8 2 8 10 10 10 10 10 8 10 10 10 2 2 10 10 10 2 8 10 10 8 10 10 10 8 10
left_child=1 8 3 4 12 7 -6 -5 23 11 16 -3 -2 14 -11 -15 18 -18 -4 20 -12 -21 -7 24 -1 -13 -25
right_child=2 9 10 5 6 22 -8 -9 -10 13 19 25 -14 15 -16 -17 17 -19 -20 21 -22 -23 -24 26 -26 -27 -28
leaf_value=0.012006898740021848 0.0029149593296924881 0.014517164137612807 0.0049423179530915344 0.0011905573240100515 -0.0060248653316652715 -0.0041898875643320314 0.0071240272177707266 -0.0030286335040469966 0.034472583488600619 0.015440533834335314 0.010167135297078224 0.0033747364798177078 -0.0037536900016292524 -0.0034090118342044577 -0.00039744762593865528 0.01231591496962977 -0.0083303882388054955 -0.0010777361635625768 -3.3862798216669698e-05 0.023088468203283131 -0.00016810685336946489 0.0033338056274561513 0.007678214633940951 0.0066934517206355352 -0.0097947330523931817 -0.014777624394886097 -0.012786934081969462
leaf_weight=101.32942392677069 783.1395845785737 12.99590392410755 504.77759442478418 1892.0280594080687 67.358140222728252 68.781586930155754 980.00986765325069 900.49653525650501 10.959227308630942 43.878869377076626 110.85406666994095 20.582255411893129 264.21466193348169 2061.8717491477728 1231.2775113359094 34.953386649489403 254.23978041857481 3166.6905026733875 10592.831828288734 41.791302651166916 389.01413545012474 51.746549010276794 321.84605430066586 15.33296339958906 15.511921331286429 123.62231335416436 25.836595095694065
leaf_count=745 4372 100 2563 11661 402 333 5692 5424 67 424 535 244 1504 17704 10563 257 1695 19920 63801 213 2098 258 1600 116 107 1632 185
internal_value=7.19219e-05 -0.00180372 0.000412565 0.00181281 0.00374997 0.000534737 0.00626532 -0.000168024 0.00735428 -0.00224666 -7.60805e-05 -0.00978522 0.00122314 -0.00188963 0.000155675 -0.00313641 -0.000234688 -0.00162167 0.000192314 0.0037845 0.0021278 0.0124197 0.00556291 0.00518067 0.00897882 -0.0121287 -0.00537066
internal_weight=24088 3698.15 20389.8 5277.87 2094.72 3183.15 1047.37 2792.52 168.97 3529.18 15111.9 157.2 1047.35 3371.98 1275.16 2096.83 14518.5 3420.93 11097.6 593.406 499.868 93.5379 390.628 158.011 116.841 144.205 41.1696
internal_count=154215 32144 122071 30988 11970 19018 6094 17085 1220 30924 91083 1976 5876 28948 10987 17961 87979 21615 66364 3104 2633 471 1933 1153 852 1876 301
is_linear=0
shrinkage=0.025


Tree=101
num_leaves=27
num_cat=0
split_feature=65 52 35 26 38 15 59 4 52 61 55 38 84 24 60 9 40 59 34 53 75 49 44 15 4 20
split_gain=31.5367 16.6894 19.5958 16.632 17.885 16.3861 18.288 16.0351 25.4536 21.3028 24.8547 19.5911 16.5919 15.6233 15.1182 14.497 14.3979 12.4952 11.9599 11.581 11.3342 10.7636 9.93878 9.156 8.75218 4.88944
threshold=-0.46622796727255211 0.13500000000000004 0.16056707411069224 0.027384835372750941 6.8319581833310457 0.35179202433378576 -1.1768220906660869 -0.060314860024324561 0.18500000000000003 -0.32661063055591116 0.1900000000000002 1.3675345791883016 1.0000000180025095e-35 1.5163353599681044 0.94031386278484141 -0.4624499902296329 0.0022779462677291616 -1.5015622443817433 -0.062048633327679396 12.645000000000001 1.5220395086118166 0.18561339046161673 1.6040573026817453 1.5958757133780754 0.2632566969884142 -0.29199387855712633
decision_type=8 2 8 2 10 10 10 8 2 10 2 8 2 10 10 8 10 8 8 2 10 10 8 10 8 2
left_child=1 2 18 4 13 16 19 8 12 10 -9 -11 -5 17 -8 -10 -3 -2 25 -7 23 -20 -18 -6 -15 -1
right_child=3 5 -4 7 20 6 14 9 15 11 -12 -13 -14 24 -16 -17 22 -19 21 -21 -22 -23 -24 -25 -26 -27
leaf_value=0 0.0040668055253404974 0.01944686861403282 0.030790597121231025 -0.015381195619951091 -0.0057964280014677471 0.020225612314469257 -0.0016457443396757348 -0.0041925248531449648 0.011413676733004299 0.0029792246140452183 0.007053500155987099 -0.0017991643395569312 -0.00056782790862982581 -0.003067358817733195 0.0067650859298935655 0.00029805945311013301 -0.0055859769942492917 0.00031500369478213184 0.011950559198005101 0.0033312028048334409 0.014341536267323447 0.00086021201143501663 0.007052978918802512 0 -0.017970825096051659 -0.015958591095977592
leaf_weight=20.562460966408253 586.1462756767869 13.93298603594303 15.352408111095427 105.27254545688629 549.68593196570873 34.549603708088398 5034.8230030909181 139.28413379192352 75.977712333202362 1618.8666781038046 953.23702628165483 798.57745132595301 87.095092684030533 524.14339227229357 135.7248767465353 1515.4289455488324 939.51724391058087 10205.045812726021 86.606141440570354 94.767004013061523 20.288601413369179 149.94661962985992 39.054705820977688 244.6393067240715 25.005863070487976 25.043992400169373
leaf_count=148 3130 137 97 599 3237 244 39644 728 361 8765 4939 4311 515 3212 1002 8135 9273 61075 592 688 109 1077 346 1315 149 182
internal_value=5.29632e-06 -0.00146769 0.00429991 0.000562093 5.20393e-05 -0.00174235 -0.00118777 0.00173153 -0.000194616 0.00271228 0.00560987 0.00139752 -0.00875824 0.000309814 -0.00142199 0.000841656 -0.00469115 0.000519915 0.00270778 0.00804682 -0.00352246 0.00499195 -0.00506588 -0.00400912 -0.00379733 -0.00880381
internal_weight=24038.6 6589.88 297.512 17448.7 12155 6292.37 5299.86 5293.74 1783.77 3509.97 1092.52 2417.44 192.368 11340.3 5170.55 1591.41 992.505 10791.2 282.159 129.317 814.614 236.553 978.572 794.325 549.149 45.6065
internal_count=154010 53430 2096 100580 72227 51334 41578 28353 9610 18743 5667 13076 1114 67566 40646 8496 9756 64205 1999 932 4661 1669 9619 4552 3361 330
is_linear=0
shrinkage=0.025


Tree=102
num_leaves=30
num_cat=0
split_feature=62 65 75 78 41 14 41 32 27 27 24 30 47 52 13 39 72 12 41 48 31 24 77 77 62 48 2 19 5
split_gain=30.1205 19.3733 16.8475 16.0288 15.2567 14.1 13.9426 14.2925 13.8722 15.4658 12.3552 12.1566 12.0757 42.6514 15.5444 11.6427 11.3479 15.788 11.875 17.6234 13.4806 13.313 11.5292 9.69103 10.0356 9.10741 8.99096 2.6291 1.36896
threshold=0.086044166094110613 0.29417005809270536 0.26394491121562341 0.56396631150038434 -0.006555383666511482 0.0090031612061497145 -0.09501233209652786 0.13527022667937708 -0.012725875344337645 0.010659779378608689 0.5883113157020351 0.23611721295594837 -0.1075696755745852 0.12500000000000003 0.0093024080770010703 -0.0013371485254227709 0.86673713883016223 0.0092689800795972988 -0.014875438624464386 0.77768869850631606 -0.086334632908147677 -1.1167266387588677 -1.132320924818573 -0.72511995591435519 0.017806205099309764 0.14412705021568356 0.052299832853619284 0.1553652140032277 0.0039395820579082317
decision_type=8 8 10 10 10 10 10 10 8 10 10 8 8 2 10 10 10 10 8 10 8 10 10 8 10 10 10 10 10
left_child=16 2 12 5 -5 -4 7 10 11 -10 -3 -8 13 -2 -14 -9 18 26 19 21 28 -1 -22 24 -19 -25 27 -18 -20
right_child=1 6 3 4 -6 -7 8 15 9 -11 -12 -13 14 -15 -16 -17 17 23 20 -21 22 -23 -24 25 -26 -27 -28 -29 -30
leaf_value=0.018066692036616989 0.022958256266827445 -0.012925186202893048 0.0009744609692235415 -0.0034774993362631408 0.0024728093877857829 0.0051980882208549802 0.0063490308086311883 0.0077512416605890885 0.00071908118160216028 0.0042597486551038798 -0.00066108182265157533 -0.0088742959696566405 0.00034909037080283476 -0.0025501042623999048 -0.0020430173014590837 -0.0041732038027972726 -0.019310152626319778 -0.011204757323333717 -0.023517334575535738 0.024437991279655388 0.0084752607187360465 -0.0012290128922912763 -0.00428177598247038 -0.0038125211795589121 0.0041809101906791265 -0.020896907083750544 0.0087901354186827579 -0.0055894472145054386 -0.0092779092102468
leaf_weight=22.675626590847969 40.331819072365761 121.67622393369675 1331.7150837816298 683.03708550333977 441.73483201861382 790.23911816626787 497.79628823697567 96.369566380977631 6177.3503485396504 881.77892629802227 90.722668558359146 33.663562789559364 6269.2862755730748 2808.4474589377642 2325.5937928855419 105.80777545273304 84.108272936195135 34.112338304519653 22.138063482940197 18.218802466988564 46.087056048214436 348.00577331706882 642.02052377536893 54.452781368046999 104.63343977183104 31.140729960054159 7.6461053714156142 12.8704910390079 10.555460266768931
leaf_count=193 253 636 9140 4593 2970 5016 2484 484 31600 4340 472 158 43103 21100 14780 581 933 325 173 139 358 2998 5593 556 916 323 82 138 79
internal_value=1.23556e-06 0.000223986 -0.0003148 0.00127349 -0.00113381 0.00255297 0.00121355 -0.00323911 0.00145821 0.00116307 -0.00775503 0.00535286 -0.000766161 -0.00217682 -0.000297486 0.00148601 -0.00350479 -0.00758528 -0.00228152 0.00122208 -0.00418112 0 -0.00340321 -0.00376291 0.000280923 -0.0103176 -0.0155748 -0.0176562 -0.0196325
internal_weight=24134.2 22695.6 14690.4 3246.73 1124.77 2121.95 8005.17 414.576 7590.59 7059.13 212.399 531.46 11443.7 2848.78 8594.88 202.177 1438.67 328.964 1109.7 388.9 720.801 370.681 688.108 224.339 138.746 85.5935 104.625 96.9788 32.6935
internal_count=154516 141710 100955 21719 7563 14156 40755 2173 38582 35940 1108 2642 79236 21353 57883 1065 12806 3273 9533 3330 6203 3191 5951 2120 1241 879 1153 1071 252
is_linear=0
shrinkage=0.025


Tree=103
num_leaves=30
num_cat=0
split_feature=65 9 8 55 5 54 60 54 9 55 53 46 49 55 53 54 48 12 52 49 14 47 48 20 60 38 44 28 54
split_gain=31.4279 18.2208 22.0184 19.3992 16.0414 16.0049 24.0928 16.684 15.4126 13.8546 13.807 13.0935 21.7348 28.5811 26.5853 20.1442 33.5028 33.8099 28.5224 26.6164 25.6696 17.9625 27.1323 17.7179 12.7134 12.0749 9.96569 9.84211 8.85872
threshold=-0.59213514504148201 0.24009768613379814 0.036770126861549131 0.15499999999999994 0.04569974099077468 112.23140000000001 0.71044447296372359 121.55260000000001 0.060111165972153276 0.55500000000000005 10.170000000000002 1.5767782054869135 0.67526194632207526 0.55500000000000005 13.225000000000003 113.99000000000001 1.0691110021353787 0.027391146292134152 2.6650000000000005 1.8660965598030483 0.012933751396674046 0.95114683559666979 0.91915924140028971 0.46281380066388539 0.084867306606437057 6.8319581833310457 0.8118207543276732 0.46016465222031028 115.06735000000002
decision_type=8 10 10 2 10 2 8 2 10 2 2 10 10 2 2 2 10 8 2 10 10 10 10 2 8 10 10 10 2
left_child=1 2 8 27 9 6 -4 -7 24 -5 -10 12 21 14 -14 16 17 -13 20 -18 -17 25 -23 -15 -1 -2 -20 -3 -6
right_child=11 3 5 4 28 7 -8 -9 10 -11 -12 15 13 23 -16 18 19 -19 26 -21 -22 22 -24 -25 -26 -27 -28 -29 -30
leaf_value=0.006089421825274108 0.00036667829555498229 0.040822831913805424 0.0010261143688152995 -0.0061487888683224969 0.022933635592987726 -0.0063143027473591719 -0.0068342169834283151 0.018475558809890373 -0.014312724439030727 0.0028199037014233885 0.0033479649750822616 -0.00035443033077713955 0.0070631726468817352 -0.0061551342992648356 -0.0012611056270814783 0.0094768632516545066 -0.0078314964322515317 0.008893314428077519 -0.018442748552779109 0.017386803734320663 0.001795193502981191 0.0038646119179727048 -0.0025178337043790643 0.0032995366025899996 -0.0026255513843853216 -0.0030346411282326921 0.0010991372683923349 0.0056446780784183614 0.0012319197872577813
leaf_weight=111.82457702606916 10425.295765951276 10.817725464701654 683.32416166365147 153.32140496373177 30.567155972123146 1214.1447298377752 376.37846733257174 15.930011786520479 27.57853252440691 353.51240134984255 654.15543871000409 857.80289179086685 292.90990422666073 968.62971333414316 1295.3755513727665 528.66194014251232 370.68603462725878 345.01302301883698 41.861779987812042 26.851493060588837 565.8217848688364 1954.1983899325132 526.48857329785824 140.16094322502613 1348.8521486371756 694.44532919675112 24.928044572472572 10.197361171245573 20.096349909901619
leaf_count=891 63874 80 5819 1210 226 10672 3300 123 253 2737 5461 4283 1791 6100 7977 2725 1919 1564 205 131 2671 10795 2954 834 11186 4076 120 80 139
internal_value=-1.63748e-05 -0.00177826 -0.0023238 0.00238453 0.00145411 -0.00402803 -0.00176317 -0.00596948 -0.000497604 8.39222e-05 0.00259865 0.000446519 0.000176215 -0.00187278 0.000273504 0.00203821 0.000213746 0.00229816 0.00454323 -0.00606213 0.00551879 0.000583229 0.00250645 -0.00495095 -0.00194878 0.000153282 -0.0111481 0.0253176 0.0146977
internal_weight=24069.8 5010.7 4432.19 578.512 557.497 2289.78 1059.7 1230.07 2142.41 506.834 681.734 19059.1 16297.5 2697.08 1588.29 2761.63 1600.35 1202.82 1161.27 397.538 1094.48 13600.4 2480.69 1108.79 1460.68 11119.7 66.7898 21.0151 50.6635
internal_count=154196 42177 37705 4472 4312 19914 9119 10795 17791 3947 5714 112019 98401 16702 9768 13618 7897 5847 5721 2050 5396 81699 13749 6934 12077 67950 325 160 365
is_linear=0
shrinkage=0.025


Tree=104
num_leaves=26
num_cat=0
split_feature=62 26 44 16 51 48 76 1 53 59 9 54 20 48 42 43 16 55 54 53 40 21 31 64 3
split_gain=31.2295 17.2582 19.0874 15.6482 36.5817 20.5497 15.4233 17.6717 19.8978 14.3617 13.7707 16.9492 13.1546 11.9256 11.6329 10.4747 11.3129 8.67907 15.1268 16.8968 8.92555 8.52613 7.802 12.0295 6.89574
threshold=0.086044166094110613 0.025069680153509719 0.44429395948933326 1.3531424951895297 1.7750000000000001 -0.77624399905713226 0.43126982029598315 0.17877213928798888 21.185000000000006 -1.0739227545880767 -0.15763272526029501 116.56150000000001 1.1130158911005827 0.3931876796092203 -0.015535841901779581 -0.75555446564314932 0.5857637372382537 1.5450000000000004 109.07075000000002 13.440000000000001 0.0048231500351902587 66.135574728836957 -0.0018453223705804376 0.042443543717429075 -0.0012774183513898361
decision_type=8 2 8 10 2 10 10 10 2 8 8 2 2 10 8 8 10 2 2 2 10 10 10 10 10
left_child=15 2 3 5 -5 -2 9 8 -8 21 11 -4 -9 -12 -11 16 -1 18 19 -17 -20 -3 24 -24 -19
right_child=1 6 10 4 -6 -7 7 12 -10 14 13 -13 -14 -15 -16 17 -18 22 20 -21 -22 -23 23 -25 -26
leaf_value=0.031721502462001006 -0.0035730505908502228 -0.0026784331305018307 0.0073741438010453955 -0.0026748056462314925 0.0038212664354204031 0.00011082141546713699 0.0013339172202341439 0.0034340395397891091 -0.0021755200200302481 0.014416554006407907 -0.001420765332280963 -0.015743891181253352 0.026472426348944485 -0.0047725725445175761 0.0030258015455267968 0.020299500080826868 -0.0039269049985511369 -0.0034946003257806516 -0.00016277116263578779 -0.00026569671392172778 -0.005469415922810565 0.008589202798837901 0.020878454378358474 -0.0081132769414354062 -0.01466811532599868
leaf_weight=9.5851409956812876 1079.949548818171 410.55850344151258 170.85017587244511 771.95885370671749 1803.1323105767369 7568.2646530121565 2567.9930247366428 39.55205725133419 1662.1956010498106 56.719934985041618 3255.4944879896939 21.096697404980659 25.743966966867447 837.1644964069128 2334.6077226772904 31.739036425948143 10.346318222582338 53.97164798527956 266.80235196650028 100.24698085337877 803.4106757119298 45.340369880199432 12.053462937474249 26.122377194464207 111.35529707372189
leaf_count=89 6723 2145 946 4352 9818 52186 14076 196 9933 278 21873 123 131 5280 13162 272 85 449 2368 879 7258 226 120 233 994
internal_value=-0.000139086 8.65627e-05 -0.00038141 0.000159931 0.00187063 -0.000348769 0.00110355 0.000155715 -4.35223e-05 0.00253019 -0.00180082 0.0047124 0.0129439 -0.00210942 0.00330621 -0.00372653 0.0136895 -0.00399027 -0.00316618 0.0047617 -0.00415514 -0.00152182 -0.00877486 0.00120728 -0.011117
internal_weight=24076.3 22650.6 15507.9 11223.3 2575.09 8648.21 7142.71 4295.48 4230.19 2847.23 4284.61 191.947 65.296 4092.66 2391.33 1425.63 19.9315 1405.7 1202.2 131.986 1070.21 455.899 203.503 38.1758 165.327
internal_count=154195 141448 101301 73079 14170 58909 40147 24336 24009 15811 28222 1069 327 27153 13440 12747 174 12573 10777 1151 9626 2371 1796 353 1443
is_linear=0
shrinkage=0.025


Tree=105
num_leaves=31
num_cat=0
split_feature=46 34 19 52 4 53 48 54 54 47 12 35 52 41 54 25 12 51 63 60 40 40 51 48 41 51 53 77 48 25
split_gain=33.3678 20.7912 21.0279 26.5815 25.4266 22.2701 20.7851 34.2818 39.0834 19.2316 36.2032 30.8151 21.6372 25.2984 19.0699 18.0592 17.936 16.7234 16.3115 15.9818 18.3919 17.1866 14.4289 14.3586 14.2975 14.2491 11.8555 11.0646 11.1875 10.2289
threshold=0.83409535555438541 0.063994780779697683 -0.010221751281458523 0.16500000000000004 -0.092511941642349257 10.080000000000002 0.77768869850631606 114.10190000000001 116.12250000000002 -0.17044005186588879 0.013260458986726962 -0.080364447864354913 2.7200000000000002 -0.028549359549449257 116.12250000000002 1.3423871219280965 0.010617324587927118 0.90000000000000013 -0.79860709500033622 0.35155366582394859 0.013103853991238265 0.017937732423117535 1.4450000000000001 1.4305021150298691 -0.039193317670568877 0.70500000000000007 29.835000000000004 -1.0336972671125391 -0.68127073869510613 0.7008162520101876
decision_type=10 10 10 2 10 2 10 2 2 8 8 8 2 8 2 10 10 2 8 10 10 10 2 10 10 2 2 8 10 8
left_child=9 6 4 17 25 -5 19 22 -9 10 27 26 13 24 -13 16 -14 -4 -15 20 -2 -21 -8 -6 -11 -3 -12 29 -29 -1
right_child=1 2 3 5 23 -7 7 8 -10 12 11 14 15 18 -16 -17 -18 -19 -20 21 -22 -23 -24 -25 -26 -27 -28 28 -30 -31
leaf_value=0.027268309693193361 0.0024620768616627599 -0.011459474080970606 7.3379915719544398e-05 0.01298439088286168 0.0082721839879439929 -0.00044066660733427341 -0.0099149030166424887 0.0068583316321203045 -0.001843584076151995 -0.0023613161972637141 -0.0081696326981471022 0.00065715248885441912 -0.0052313695953595555 -0.0029763846082357702 0.010165891816069896 -0.0063181313910420644 0.015210220654741775 0.01180572266051956 0.00057153242064549915 0.00015600612144110187 -0.0032608987891772044 -0.0083546003894451239 -0.0033273192121687362 0.020800017589072423 -0.0089088315248471734 0.0039273545862766532 0.014657952511814717 -0.013947970940094654 -0.0057967545817789188 -0.0001910096687518201
leaf_weight=9.0845929160714132 3854.7253783792257 52.46295191347599 116.01017895340919 79.985294386744499 290.70952850580215 1575.4563706219196 266.06907272338867 466.4187753200531 1037.2271829098463 607.94898048043251 261.2582194134593 587.8532926440239 32.30098794400692 1014.8404622189701 169.56936424970627 46.184100970625877 132.3698143362999 226.02048881351948 3986.2313049510121 5988.3004769533873 383.99822461605072 150.85601328313351 980.35283821076155 72.923385828733444 320.83541880920529 124.14284361898899 13.734510168433188 118.20422190055251 1079.0967227071524 45.242544494569302
leaf_count=83 22239 299 663 437 1491 8716 1531 2582 6120 4201 1643 4003 290 8657 1177 338 861 1224 26719 37177 2199 958 5661 336 2313 630 96 1050 10239 446
internal_value=-3.2842e-05 0.000649146 0.00272037 0.00153 0.00709464 0.000212395 0.000247982 -0.00168313 0.000854012 -0.00130179 -0.00326037 0.000198665 -0.000571572 -0.000853142 0.00280854 0.00727166 0.0111464 0.00786236 -0.000147469 0.000760571 0.00194107 -5.34934e-05 -0.00474774 0.0108652 -0.0046397 -0.000647805 -0.00694362 -0.00611703 -0.00662091 0.00475574
internal_weight=24090.4 15665.7 2537.71 1997.47 540.239 1655.44 13127.9 2750.07 1503.65 8424.75 2284.04 1032.42 6140.71 5929.86 757.423 210.855 164.671 342.031 5001.07 10377.9 4238.72 6139.16 1246.42 363.633 928.784 176.606 274.993 1251.63 1197.3 54.3271
internal_count=154379 92263 13796 11040 2756 9153 78467 15894 8702 62116 18737 6919 43379 41890 5180 1489 1151 1887 35376 62573 24438 38135 7192 1827 6514 929 1739 11818 11289 529
is_linear=0
shrinkage=0.025


Tree=106
num_leaves=28
num_cat=0
split_feature=46 69 33 48 49 40 31 41 55 43 80 31 55 50 52 40 46 39 41 76 46 69 53 65 36 37 79
split_gain=20.5698 19.1187 16.2941 22.7402 18.5664 20.2104 17.2329 14.5704 18.6148 18.8101 18.0185 16.9374 16.4309 14.5243 22.1733 14.3844 13.7288 13.0094 18.7549 12.9333 11.9054 11.6104 14.1026 10.6219 8.73857 8.17187 5.96548
threshold=0.78795056955144582 -2.6252637810336137 0.031053335673315256 0.89992478245102825 0.77902569834063151 0.0048573026601447722 -0.014537181781605566 -0.09501233209652786 0.3650000000000001 1.9294379571442557 1.0000000180025095e-35 -0.065715540504377043 1.1150000000000004 1.12632190219765 1.4450000000000001 0.0076739402773441994 -0.17801914876299196 0.043269890828466225 -0.12747583129116555 0.77555466631096892 1.4738147912890855 -0.66133332965822844 24.420000000000005 0.51879031766470096 0.11072042654237214 0.082560629386632223 0.088895585629084076
decision_type=10 8 10 10 10 10 10 8 2 8 2 10 2 10 2 10 10 10 8 10 10 10 2 10 10 8 10
left_child=1 16 3 4 6 -6 -2 8 9 -3 12 -10 -9 20 -15 -12 23 18 24 -20 -5 -19 -23 -1 -4 -25 -18
right_child=2 7 17 13 5 -7 -8 10 11 -11 15 -13 -14 14 -16 -17 26 21 19 -21 -22 22 -24 25 -26 -27 -28
leaf_value=-0.013101966081093739 0.0013865722744314298 0.01581455745555526 0.017778031588960061 -0.0054338596168199199 0.0047748663565694467 -0.0043238463719038828 -0.0010432417258675155 -0.0015514587103275103 -0.0092641063906320747 -0.0044321114628184206 -0.0011058868187834004 0.0090618904799948212 -0.0052759353808215694 -0.0011413641366895698 0.01068655431615028 0.0027608285622867474 0.028655287358165978 0.027309165955687071 0.0018265055981990929 -0.003557623284406937 -0.00059500725265881395 0.0079800930689991594 -0.0004384626364250943 0.020838311451509252 -0.003114890299020583 -0.0025181723962049828 0.0085662455962463649
leaf_weight=19.141668133437634 8482.9884106293321 106.87243385240436 59.421002693474293 912.28477594256401 184.89384426176548 834.4200347661972 2319.4716057628393 2086.9606082029641 83.30112063139677 37.723319999873638 3046.244930408895 48.851144500076771 1154.9416786469519 825.71321444958448 111.30408585071564 747.38051525503397 23.372880231589079 14.104226909577845 1496.2707208767533 340.8437342196703 493.47649723291397 353.73323456943035 188.7440590262413 17.728707537055016 14.625475920736788 17.076757222414017 19.22489819675684
leaf_count=149 50352 749 348 5630 1101 5272 15162 15679 633 346 22651 385 8756 4548 612 5476 149 88 8144 1848 2623 1895 1080 88 94 86 113
internal_value=-4.78095e-05 -0.00114365 0.000439929 0.000112686 0.000559157 -0.0026624 0.000864098 -0.00129118 0.00431676 0.010488 -0.00151354 -0.00241293 -0.00288209 -0.00213616 0.000267499 -0.000341498 0.00983182 0.00231426 0.00132778 0.000821827 -0.00374252 0.00567796 0.00504273 0.00121316 0.0135678 0.00946851 0.0202432
internal_weight=24041.1 7408.82 16632.3 14164.6 11821.8 1019.31 10802.5 7312.28 276.748 144.596 7035.53 132.152 3241.9 2342.78 937.017 3793.63 96.5449 2467.74 1911.16 1837.11 1405.76 556.582 542.477 53.9471 74.0465 34.8055 42.5978
internal_count=154057 55260 98797 85300 71887 6373 65514 54675 2113 1095 52562 1018 24435 13413 5160 28127 585 13497 10434 9992 8253 3063 2975 323 442 174 262
is_linear=0
shrinkage=0.025


Tree=107
num_leaves=31
num_cat=0
split_feature=26 24 76 53 69 61 49 65 51 61 41 49 32 38 26 51 28 58 38 43 49 32 62 56 61 25 19 61 48 48
split_gain=28.7526 21.6147 16.756 21.1107 17.4062 16.7283 16.5341 15.8909 24.805 26.6453 20.2636 15.1226 19.1672 14.5182 13.8445 12.3917 12.0638 12.9431 13.315 10.7943 10.2806 10.2595 12.8079 15.1897 11.2106 9.89203 9.2835 7.80204 7.64419 5.55527
threshold=0.025620472277060834 1.6216986062803633 0.4273594242015295 20.660000000000004 0.37252804675420542 -2.6569093474222401 3.6517743303150989 -0.69548700596485036 1.8250000000000004 -0.18350539156424397 -0.0030793315067065836 0.87731092063283256 0.34250824491819148 2.3179827153274211 0.0089985233479792041 1.2950000000000002 0.25000061173135985 0.092707174638487225 -0.31277957111597238 1.612714101807289 -2.4309133104755625 0.12493230540684398 0.1821990034038671 0.51150632651006867 -0.78667009092234597 1.1743726326056745 -0.17577832403003832 -1.12888340122748 0.21325110344704637 1.208878026670132
decision_type=2 10 10 2 10 10 10 8 2 10 10 10 8 10 2 2 10 8 8 10 8 10 10 10 8 10 10 8 10 10
left_child=1 7 16 4 15 -6 13 8 10 -10 -1 14 -13 -5 -9 -4 19 26 -19 20 -2 27 23 -23 -24 -8 -18 28 -3 -29
right_child=2 21 3 6 5 -7 25 11 9 -11 -12 12 -14 -15 -16 -17 17 18 -20 -21 -22 22 24 -25 -26 -27 -28 29 -30 -31
leaf_value=0.0038355510237047135 0.01002040429275821 -0.0041901389896844407 0.02652309063922131 -0.0012013499124752924 0.014616580106306135 -0.00049247648072297992 0.0021005819993636723 -0.0025110787679797075 0.00053153635175910664 -0.0057831250380951478 -0.0028749180320437298 -0.0034352990936673323 0.0058365098245067634 -0.0077735797171778892 0.00066198997814935392 0.0039479298826709157 -0.0059804533463276221 0.0080450381162528502 0.0032819078918438654 -0.013740894903659651 -7.4926693519938913e-05 -0.011070062253611394 0.018069055614129637 0.017049967462441508 -0.00430060821198515 0.021717651637769342 0.003349427901405628 -0.0063192914988926922 0.01446286322370454 -0.02142476542786936
leaf_weight=664.03167391195893 68.36003240942955 34.201404243707657 14.389282852411268 1396.1897669658065 46.254806458950043 1309.7221113964915 40.278631404042244 931.21133345365524 625.33966863155365 1242.65375347808 485.13147346302867 1209.1590932756662 155.85482637584209 247.28247076645494 10879.211043931544 1069.9467776566744 129.13978505879641 527.86902733892202 1241.5968908928335 31.775296449661255 658.53583237528801 14.918568722903727 13.644432514905928 45.250964526087046 226.21112663298845 26.996256425976753 134.43593855202198 573.87703446298838 20.973663538694382 15.152027450501917
leaf_count=5525 322 222 82 8442 209 6631 188 6342 5477 11442 4111 7654 925 1468 66787 6422 648 3026 7002 173 3780 126 79 384 1482 132 718 4299 127 92
internal_value=8.25838e-05 -0.000466955 0.00143993 0.000430356 0.00192414 2.98625e-05 -0.00169594 -0.000251911 -0.00188827 -0.0036662 0.000996091 0.000122381 -0.00236697 -0.00219974 0.00041094 0.0042834 0.00293758 0.00394124 0.00471158 0.000236195 0.000879126 -0.00414181 -0.000294555 0.00987548 -0.00291336 0.0103247 -0.00119984 -0.00591809 0.0029243 -0.00676334
internal_weight=24079.6 17136.8 6942.77 4151.06 2440.31 1355.98 1710.75 16192.6 3017.16 1867.99 1149.16 13175.4 1365.01 1643.47 11810.4 1084.34 2791.71 2033.04 1769.47 758.671 726.896 944.229 300.025 60.1695 239.856 67.2749 263.576 644.204 55.1751 589.029
internal_count=154317 115074 39243 23574 13344 6840 10230 108263 26555 16919 9636 81708 8579 9910 73129 6504 15669 11394 10028 4275 4102 6811 2071 510 1561 320 1366 4740 349 4391
is_linear=0
shrinkage=0.025


Tree=108
num_leaves=31
num_cat=0
split_feature=63 72 79 15 54 52 79 38 52 54 9 75 65 68 14 34 63 48 48 53 50 58 48 16 39 53 43 63 77 73
split_gain=23.7569 16.8177 15.906 17.968 16.3209 14.9848 16.0231 14.4297 16.9873 13.4453 17.9895 25.9191 18.0695 16.0149 24.2825 15.5552 12.6948 15.0692 15.7684 12.2539 10.4833 9.72843 9.11194 14.5271 9.67275 8.94852 7.82481 7.40592 10.4274 7.91809
threshold=-0.81453398036928237 0.86673713883016223 -0.12881346836911131 2.0657742780898629 114.51160000000002 0.18500000000000003 -1.0303078164820023 7.1865753950858009 2.3950000000000005 110.20230000000001 0.18508649034151262 0.37478169188957117 -1.2835091919272099 0.59541176265908136 0.0075941854487612025 0.088451373379139456 1.7213047724359538 -0.77624399905713226 0.77768869850631606 22.250000000000004 -0.040991026321714412 0.92099640125955917 -2.390843453471414 2.2928969562241432 -0.0067839119799723005 18.660000000000004 0.6903389986632249 -0.87428225671206927 -0.71755022324558049 1.2494793852976078
decision_type=8 10 8 10 2 2 10 10 2 2 10 10 10 8 10 10 10 8 10 2 10 8 8 8 10 2 10 10 10 10
left_child=1 9 3 7 25 6 -3 20 -9 10 12 -12 -1 15 -15 -11 17 19 -19 -4 -2 -6 23 -18 -24 -5 -8 28 -7 -29
right_child=2 5 16 4 21 27 26 8 -10 13 11 -13 -14 14 -16 -17 22 18 -20 -21 -22 -23 24 -25 -26 -27 -28 29 -30 -31
leaf_value=0.021802043463836317 0.0019377198132797552 0.025136423560063393 -0.0033028915223829117 -0.0010566875565839087 0.017706050047540708 -0.0057153548580673383 0.0026471307195693422 -0.0015741386759635873 -0.016488398630218126 -0.003607879783024682 0.0065265782765767224 0.047334116478899999 -0.00079443143875165259 0.0016868096516892484 0.034469927037970534 0.02369846083286363 -0.013304318119649687 0.00027723001253970295 -0.0021734682986685439 0.0036702576887988284 -7.6122944900344831e-05 0 0.0072524330701972438 0.0068123820975564374 0.0015679760698051434 0.013920513805591842 -0.016814283025700295 -0.0081696189718754985 -0.014288357805759131 0.0086011040693399557
leaf_weight=22.146244771778584 4204.6799639463425 15.647512041032313 1626.0523452311754 122.98721019923687 97.300836443901062 205.35654708370566 51.400536898523569 302.46875232458115 55.927249081432819 1322.1431357301772 52.192710891366005 11.113519899547098 415.16037649661303 117.52901789546013 14.97586667537689 11.918064169585703 55.134440079331398 9143.5191981084645 1997.9689431786537 172.39971147477627 2611.7033529542387 23.751458182930946 241.86674551665783 35.773649901151657 842.67954395711422 29.825859725475311 15.793419070541857 37.806662384420633 165.06930233538151 30.758690558373928
leaf_count=207 25449 118 9316 582 461 1946 441 1764 329 11164 410 82 3445 823 100 89 255 60100 11757 973 16243 106 1165 155 4042 143 126 336 1768 284
internal_value=-5.27102e-05 -0.00236495 0.000213948 0.00114873 0.00742332 -0.00635344 0.00329593 0.000906979 -0.0039696 -0.00129989 0.00222602 0.014554 0.000389335 -0.00250941 0.00572421 -0.00333724 -0.000278858 -0.000505359 -0.00016176 -0.00262828 0.00116514 0.0142429 0.00220617 -0.00532106 0.0028492 0.00190353 -0.00203222 -0.00819541 -0.00958964 -0.000520166
internal_weight=24053.1 2489.01 21564 7448.64 273.865 521.833 82.8415 7174.78 358.396 1967.18 500.613 63.3062 437.307 1466.57 132.505 1334.06 14115.4 12939.9 11141.5 1798.45 6816.38 121.052 1175.45 90.9081 1084.55 152.813 67.194 438.991 370.426 68.5654
internal_count=154179 21339 132840 45077 1292 5019 685 43785 2093 16320 4144 492 3652 12176 923 11253 87763 82146 71857 10289 41692 567 5617 410 5207 725 567 4334 3714 620
is_linear=0
shrinkage=0.025


Tree=109
num_leaves=28
num_cat=0
split_feature=62 64 53 61 19 9 52 39 43 38 69 69 13 21 38 76 55 69 2 27 75 76 50 50 7 15 34
split_gain=25.8767 17.4067 19.1602 23.8823 24.0593 15.8758 15.0068 17.872 14.3311 13.4471 12.0328 14.1045 11.6837 14.1189 16.2755 13.8806 11.7922 11.0045 10.517 10.4366 10.123 9.61065 10.7643 9.21877 18.0379 10.9553 8.62693
threshold=0.71835397914624377 0.13431293943505615 13.980000000000002 -0.34469031774294207 0.14228868550924059 -0.4624499902296329 0.13500000000000004 -0.00048133501582653388 0.23232044612168115 -0.81809772510323742 -2.0826278530100666 -1.0261763204838019 0.013145437016544829 11.926149315404965 7.1865753950858009 0.2879556211199214 0.015000000000000015 -0.72384626330863899 -0.21332969217734823 -0.001576889506320623 -0.5375902547327196 0.22433881631994843 -1.3916460694235513 1.7475810053418843 0.093182106419416946 1.2494908265972275 0.039398079215351774
decision_type=10 10 2 8 10 10 2 10 8 10 10 10 10 10 10 8 2 10 10 10 8 8 10 10 10 10 10
left_child=1 2 3 8 -5 18 20 -8 -1 23 19 -12 13 15 -15 -3 -14 -18 -2 -11 -4 26 -23 25 -25 -7 -20
right_child=5 12 6 4 -6 9 7 -9 -10 10 11 -13 16 14 -16 -17 17 -19 21 -21 -22 22 -24 24 -26 -27 -28
leaf_value=0.024341441281202095 0.020401331188184553 0.031290135632966828 0.025914855593334479 -0.0034374410545109182 0.0094158572585697348 0.012393039561201637 -0.001559380776656282 -0.0068234454747527172 0.005145242068110881 0.021719004227301046 -0.0044346619906093943 0.00068091382450694102 -0.024942807642996421 4.524934922977488e-05 -0.0084711248486529136 0.0036318599917191229 0.0047579807962709235 -0.0034691391772222364 -0.01830369915337153 0.0037999134996899854 0.0021377712206709222 0.0030546487606384876 0.011041531909748128 -0.01101050123658852 0.016981250552872612 0.0035206995022728366 0.0023324159952777409
leaf_weight=27.403367817401886 25.646281778812408 16.134232170879841 11.748879447579382 660.78434848412871 104.15274680405855 126.35283002257347 716.34694052860141 936.29583112895489 186.20310464128852 28.182867862284184 353.09225840121508 6748.86544662714 13.745028570294378 11883.276300169528 140.71405464410782 36.129389889538288 113.64070529490709 848.86528602987528 20.004333898425102 72.843111917376518 92.773678809404373 392.95634491741657 146.07528983056545 51.977480486035347 18.435624197125435 290.68418711423874 29.557476848363876
leaf_count=235 118 108 83 5725 936 654 6173 8117 1705 144 2049 35348 87 79604 1003 248 785 5445 96 386 681 1951 741 272 91 1481 141
internal_value=2.72254e-06 -0.000591173 -0.00240417 0.000392384 -0.00166556 0.00113262 -0.003965 -0.00454903 0.00776504 0.000822114 0.00054858 0.000424818 -0.000210423 1.74364e-06 -5.46276e-05 0.0128212 -0.00283938 -0.00248529 0.00499882 0.00906838 0.00514519 0.00427484 0.00525266 0.00483747 -0.0034152 0.0062546 -0.00608486
internal_weight=24092.9 15788.2 2735.71 978.544 764.937 8304.67 1757.17 1652.64 213.606 7690.43 7202.98 7101.96 13052.5 12076.3 12024 52.2636 976.251 962.506 614.24 101.026 104.523 588.593 539.032 487.45 70.4131 417.037 49.5618
internal_count=154407 110935 23655 8601 6661 43472 15054 14290 1940 40425 37927 37397 87280 80963 80607 356 6317 6230 3047 530 764 2929 2692 2498 363 2135 237
is_linear=0
shrinkage=0.025


Tree=110
num_leaves=29
num_cat=0
split_feature=62 3 60 52 69 25 61 4 78 72 51 68 38 52 47 52 77 20 26 67 76 24 69 68 69 40 43 18
split_gain=23.1897 16.4415 17.7604 17.7143 14.4283 13.831 13.454 36.51 16.4371 12.7109 12.123 11.4853 11.097 10.5085 9.299 11.6894 11.6579 9.0936 9.09549 8.54041 11.4351 10.0932 7.43636 8.17167 7.11373 6.52922 10.7661 6.25557
threshold=0.10636122351303139 0.16260113682277813 0.55220635950681396 0.16500000000000004 3.285980170149482 1.2828230288438813 1.0253245264600972 0.08576355797701031 0.14198156912828991 0.99787007213174261 0.90000000000000013 0.56330495826654148 2.2696191840081736 1.4850000000000001 0.44755638054050573 0.17500000000000002 -0.95101190432763938 0.89169239299661418 0.023567987590836285 -0.61311034891696037 0.15277904660978242 -0.73226196222572426 0.31187768878350297 0.76550929407497204 0.89106675916286715 0.011071390549612202 0.15151538504202022 0.048637104485736556
decision_type=8 10 10 2 10 10 8 8 10 10 2 10 10 2 10 2 10 2 2 10 8 8 10 10 8 10 8 10
left_child=11 4 5 12 6 10 8 -8 -2 -5 -3 17 -4 14 15 -13 -16 19 27 21 -21 -1 -15 -24 -7 26 -6 -19
right_child=1 2 3 9 25 24 7 -9 -10 -11 -12 13 -14 22 16 -17 -18 18 -20 20 -22 -23 23 -25 -26 -27 -28 -29
leaf_value=-0.00054566609732253012 0.0015643390429280542 -0.0017209735774693141 0.01225234390163555 -0.00040316082426634562 -0.0037315222707293874 0.022198653419308278 0.0070053886411146548 3.3109737122739675e-05 -0.00049065324461998049 -0.015025604378492506 0.0086549751308662281 0.022501255962599418 -0.0033935270614174002 0.0079153866761696012 0.037338297925025868 -0.0039598637780199879 0.0082697904406534312 0.003778982148253176 -0.0072857595248031655 0.024354618175628215 -7.7226487216659265e-05 -0.0054147763690869568 -0.018996859837054542 0.0030829329884439378 0.0084265860050036848 0.020596789552950006 0.01379676252480839 0.03313809593408041
leaf_weight=357.96070503070951 2875.2990807704628 112.36228010803461 108.63599105924368 421.01345054060221 39.474828079342842 49.887578323483467 625.22087453305721 1881.4173045158386 15740.270219199359 39.703398838639259 181.08031033724546 12.097718849778174 36.669974058866501 18.807133920490742 11.747897334396837 46.5633499994874 32.023741126060486 9.5106375440955215 10.898859135806559 11.77877329289913 146.91346241161227 1080.5225067846477 25.449660383164883 15.917426042258738 52.273233905434608 23.617699787020683 45.545313477516174 9.6425997465848905
leaf_count=3238 17164 616 578 2248 176 265 3653 10870 100612 200 899 84 199 144 80 341 227 80 89 89 1317 9885 186 106 237 104 200 80
internal_value=3.31614e-05 0.000253916 0.00338222 0.000675069 0.000105792 0.00749582 5.84362e-05 0.00177769 -0.000172763 -0.00171528 0.00466563 -0.00270309 0.00825724 0.00359057 0.00845085 0.00171362 0.0170264 -0.00333879 0.00997146 -0.00360123 0.00185847 -0.00420979 -0.00456419 -0.0104773 0.015404 0.00914366 0.00563273 0.0200105
internal_weight=24022.3 22232.5 1001.63 606.023 21230.8 395.603 21122.2 2506.64 18615.6 460.717 293.443 1789.83 145.306 162.607 102.433 58.6611 43.7716 1627.23 30.0521 1597.18 158.692 1438.48 60.1742 41.3671 102.161 108.638 85.0201 19.1532
internal_count=153967 138021 5242 3225 132779 2017 132299 14523 117776 2448 1515 15946 777 1168 732 425 307 14778 249 14529 1406 13123 436 292 502 480 376 160
is_linear=0
shrinkage=0.025


Tree=111
num_leaves=31
num_cat=0
split_feature=46 40 9 51 48 52 51 9 52 8 47 46 9 61 52 39 84 47 48 51 34 72 72 34 72 67 21 40 46 78
split_gain=25.8275 20.1528 20.5429 20.8831 18.5247 23.1613 28.9071 16.8967 16.6619 16.6196 16.594 26.3101 23.5571 17.077 16.0895 24.9727 19.0764 15.9913 15.7472 22.1072 18.1867 15.0421 15.0103 22.3591 14.8213 14.7522 13.9098 13.345 11.2638 10.7669
threshold=0.76555518431119107 0.0036153816991523684 0.070920226208913931 2.1950000000000007 0.3931876796092203 0.13500000000000004 0.64500000000000013 0.1681870988136073 0.13500000000000004 -0.044544263624050222 0.82208680821743574 2.0042001991573608 -0.2309426261610176 -0.34469031774294207 0.53500000000000014 -0.094165030053838181 1.0000000180025095e-35 -0.65610179930829837 -0.18706063680392079 1.1350000000000002 -0.036000469663906125 0.44375639059304711 0.18849807643450808 0.029752387310868714 0.32412317950200581 -0.46631120332364046 65.507597466709868 0.012833877126917833 0.57538147699596753 0.049197917238602472
decision_type=8 10 8 2 10 2 2 10 2 10 10 10 8 8 2 10 2 10 10 2 10 10 10 10 10 10 10 10 10 10
left_child=1 2 17 7 10 6 9 -4 18 -6 11 13 27 -2 16 -16 -10 -1 19 -3 -20 -14 26 -24 -19 -8 -7 -12 -5 -13
right_child=4 8 3 28 5 22 25 -9 14 -11 12 29 21 -15 15 -17 -18 24 20 -21 -22 -23 23 -25 -26 -27 -28 -29 -30 -31
leaf_value=-0.013783967886841365 0.0020818055141876299 0.0067562670832813053 -0.00071480659195844506 -0.010510518716241018 -0.01020038769705647 0.00096859094373082674 0.00030108962230521847 0.02016873775142039 -0.0024515263409800297 0.0078255529267848272 -0.0017080124976580069 -0.0037691312185469113 0.0019683802810527696 -0.00029038126255368028 0.020125001315959481 -0.0012879565868492173 -0.0082945166740567462 0.00024937372936160773 -0.010494465032074162 0.042218449879920281 0.0054762950978395619 0.0059896727951820571 -0.0026875670537169979 0.0012326011149354063 0.014275254705886304 -0.01636719753943405 0.0084793854441612276 -0.01760086013515667 0.0013471802771305901 0.013844484537173832
leaf_weight=17.341160319745541 2713.526627138257 49.848599098622799 54.247283160686493 120.96984783560038 46.852786958217621 1517.1917820647359 40.608104653656483 41.489262193441391 1382.3055136874318 93.680224925279617 115.32301710546017 24.830067440867424 1619.2834888026118 6281.0073629394174 33.121567472815514 3716.2344734743237 470.02448514476418 67.164291232824326 60.893974088132381 13.435865670442579 156.01199243217707 915.32708662748337 2239.1515150517225 1526.6196941584349 165.81959889084101 160.32282964885235 170.9693078994751 45.991601198911667 82.69198701530695 126.49867735803127
leaf_count=149 16276 312 462 1014 307 8197 265 311 10478 551 545 113 8524 39769 225 28717 3544 448 441 84 1058 5025 14084 8865 1204 964 895 234 609 585
internal_value=4.76322e-05 -0.00130803 0.00326003 -0.00113838 0.000542472 -0.000614769 -0.00692006 0.00839574 -0.00173682 0.00172743 0.00110947 0.00060015 0.00283349 0.000424623 -0.00203555 -0.00109042 -0.00394263 0.00853086 0.00419203 0.0150471 0.000925221 0.0034257 -0.000217192 -0.00109648 0.0102859 -0.0129796 0.00173917 -0.0063818 -0.00567969 0.0108983
internal_weight=24068.8 6431.6 549.723 299.398 17637.2 5795.4 341.464 95.7365 5881.88 140.533 11841.8 9145.86 2695.93 8994.53 5601.69 3749.36 1852.33 250.325 280.19 63.2845 216.906 2534.61 5453.93 3765.77 232.984 200.931 1688.16 161.315 203.662 151.329
internal_count=154255 49056 4197 2396 105199 34128 2087 773 44859 858 71071 56743 14328 56045 42964 28942 14022 1801 1895 396 1499 13549 32041 22949 1652 1229 9092 779 1623 698
is_linear=0
shrinkage=0.025


Tree=112
num_leaves=27
num_cat=0
split_feature=26 64 16 9 49 55 54 27 55 9 61 21 24 33 3 24 78 4 54 77 40 4 13 64 73 17
split_gain=24.1946 18.6333 18.4922 15.7491 14.1442 24.9058 29.9613 21.911 14.5952 69.2331 13.7506 11.4067 12.2614 13.7808 11.0145 10.8488 8.55627 8.38559 8.29898 7.87692 10.6234 7.20245 9.36785 6.25232 3.62537 2.75757
threshold=0.0094098113343857679 0.1025372814075743 0.082344755967374172 0.23673708805001517 0.85028109747171154 0.55500000000000005 116.12250000000002 0.058954431447894882 0.015000000000000015 0.14887508188843671 -0.24936112690690584 11.926149315404965 -0.20599116054580033 0.0043782364988158582 0.16260113682277813 -0.80747501589359372 0.40942334184456913 0.23764363095987209 112.23140000000001 0.62182237815043251 0.0054897545019691211 0.074365323762094052 0.0047537965056073878 0.42507627463857883 0.25776314657737542 0.029456891714765846
decision_type=2 8 10 10 10 2 2 10 2 8 10 10 8 8 10 10 8 10 2 8 10 10 8 10 10 10
left_child=3 2 24 11 8 6 -6 -7 9 -3 -10 12 -1 -14 15 -4 21 18 -13 20 -18 -5 -23 -21 -2 -26
right_child=1 4 14 16 5 7 -8 -9 10 -11 -12 17 13 -15 -16 -17 19 -19 -20 23 -22 22 -24 -25 25 -27
leaf_value=0.022740989541654554 0.00013357472162406358 -0.0075370112220382694 0.0030081466812181506 0.026356839637187997 0.0062910263742440402 -0.0049141593656941117 -0.0012261104070430281 0.021865790290781745 0.0014970597809146446 0.043279600354753645 8.0382280441942662e-05 -0.0024037899759312541 -0.016048998787869643 0.011604935992472603 0.023393087952080352 -0.0034962752206058388 0.0029482762668360881 0.012583168632058503 -0.0059838163807841372 0.024513117173086324 -0.01374714381891172 0.013126104554069895 -0.0028614094765566562 -0.00023302801633320988 -0.023689041117396774 -0.0043357146738616219
leaf_weight=19.46537820994854 5.1567663401365271 42.326704293489456 190.95840376988053 12.059492282569407 428.72130633145571 978.80579963326454 1442.2845204733312 18.212571784853935 7101.9598957076669 26.038628160953522 10813.026346962899 905.43996059149504 19.008524671196938 24.187303781509399 9.2106209024786931 940.08739589899778 53.827456347644329 17.852381177246571 750.40241162478924 10.851719290018083 40.336911655962467 50.889641299843788 39.105739064514637 12.268452748656271 33.315572775900364 7.1641605570912352
leaf_count=137 64 265 1758 84 2579 6229 8703 85 42217 155 67387 6973 131 160 73 8774 371 120 5883 83 288 373 256 77 493 106
internal_value=1.64354e-05 0.000253298 -0.00279252 -0.00264728 0.000427035 -0.00120212 0.000495285 -0.00439176 0.000687337 0.0121226 0.000642471 -0.00344699 0.00689374 -0.00050024 -0.00215026 -0.00238946 0.00363377 -0.00384328 -0.00403389 -0.000919876 -0.00420784 0.00888947 0.00615056 0.0117099 -0.0182135 -0.0206672
internal_weight=23993 22037.3 1185.89 1955.7 20851.4 2868.02 1871.01 997.018 17983.4 68.3653 17915 1736.36 62.6612 43.1958 1140.26 1131.05 219.339 1673.69 1655.84 117.285 94.1644 102.055 89.9954 23.1202 45.6365 40.4797
internal_count=153824 138888 11268 14936 127620 17596 11282 6314 110024 420 109604 13404 428 291 10605 10532 1532 12976 12856 819 659 713 629 160 663 599
is_linear=0
shrinkage=0.025


Tree=113
num_leaves=27
num_cat=0
split_feature=46 52 50 44 39 39 39 40 13 65 65 24 2 56 78 58 38 31 19 35 38 61 60 19 42 28
split_gain=19.9687 18.743 28.6026 17.0111 15.7746 35.9266 20.9982 15.0823 13.0989 16.3659 12.8128 12.1834 11.7812 11.4465 11.1146 26.0969 12.8113 10.6551 10.1423 10.1108 10.0456 9.00351 7.61469 10.9479 8.76209 6.08112
threshold=0.79184009904185548 2.7200000000000002 -0.10270933623837249 -0.21400324239384336 0.071046771437739201 0.074852054989486452 0.067346497821808363 0.0036153816991523684 0.0028531738675309569 -1.1223561604307568 -0.61851356516089295 -0.6640977943299321 0.016300824630799852 0.37163538000540147 0.60694917332377607 0.036999011331660205 9.097325826637622 -0.032313122021989819 0.078927159472579236 -0.11020883049163353 -0.39629248177249193 -0.42343466023477905 0.36747675891726 0.073555757359488286 0.00081480014221415079 0.20000143140883278
decision_type=8 2 10 10 10 8 10 10 8 8 10 8 10 10 8 8 10 8 10 10 10 10 10 10 10 8
left_child=1 4 3 -3 6 19 7 -1 17 13 25 -7 -12 -10 16 -16 -11 21 -8 -6 -5 -2 24 -24 -19 -4
right_child=8 2 10 20 5 11 18 -9 9 14 12 -13 -14 -15 15 -17 -18 22 -20 -21 -22 -23 23 -25 -26 -27
leaf_value=0.0025206456642980876 -0.0045806729298199476 0.034705468091342166 0.0093741925870158734 0.024689563491536233 0.0066095107833617113 0.0098836696291780494 -0.0020808418342358379 -0.001875409339212893 -0.00087460722368264761 0.0010725862268120888 0.010227859460765841 -0.0050257575185922816 -0.0086211972585462093 0.030378152755428246 0.0090430580933902639 -0.00067105531004600942 -0.0045936043648963703 -0.01338216612378814 -0.017861524992322294 0.037104421951677354 0.0055045686337501492 0.023758737126108667 -0.017781061416104218 -0.0049258821781213756 0.0070212847831558553 -0.012982186395214089
leaf_weight=530.01387462764978 12.006764456629755 19.702083803713322 7.421386305242776 21.062772534787655 11.079767823219298 51.827291809022427 41.14577692002058 5813.807399135083 10.936398819088938 10175.873347558081 61.522190354764462 95.441701725125313 29.495953693985939 18.182880453765392 176.60250423848629 6123.1326014697552 254.03858166188002 16.503719761967659 72.603681318461895 23.676821708679199 86.086735554039478 13.581838957965372 53.373507998883724 191.99798511713743 49.211187325417995 59.468355868011713
leaf_count=4032 82 131 73 151 81 406 314 44014 91 60507 395 743 190 152 862 36081 1370 122 564 173 588 93 395 1404 355 653
internal_value=-9.09329e-05 -0.00122368 0.00503791 0.0138269 -0.00149421 0.00573124 -0.00170007 -0.00150654 0.000367489 0.000466119 -0.00202637 0.000208168 0.00400548 0.0188231 0.000432371 -0.000395876 0.000933345 -0.00450405 -0.0122999 0.0281368 0.00957673 0.0105717 -0.00580399 -0.0078255 0.00163696 -0.0102701
internal_weight=24019.8 6924.36 284.759 126.852 6639.6 182.026 6457.57 6343.82 17095.4 16758.8 157.908 147.269 91.0181 29.1193 16729.6 6299.74 10429.9 336.675 113.749 34.7566 107.15 25.5886 311.086 245.371 65.7149 66.8897
internal_count=154022 52508 2181 870 50327 1403 48924 48046 101514 99063 1311 1149 585 243 98820 36943 61877 2451 878 254 739 175 2276 1799 477 726
is_linear=0
shrinkage=0.025


Tree=114
num_leaves=30
num_cat=0
split_feature=46 47 51 55 54 52 76 24 41 52 15 62 52 47 44 46 41 63 19 33 16 53 44 31 33 76 50 60 54
split_gain=22.003 18.3418 33.8263 25.0157 24.6232 15.6558 20.6314 17.6465 17.1268 17.4358 15.188 20.2528 17.5547 24.2363 18.2972 17.5155 24.3926 14.5034 13.8053 16.843 13.5756 13.4309 12.6685 11.6747 13.0667 10.7976 6.958 4.19991 3.7743
threshold=0.83409535555438541 -0.13888164840086853 1.3500000000000003 0.015000000000000015 112.16755000000002 2.7200000000000002 0.12882765826345544 -0.17592044865820652 -0.028549359549449257 0.15500000000000003 0.76967762084276881 0.037934710193204539 0.13500000000000004 0.49022426700243599 -0.52803967262616791 1.5919911133288565 -0.026710989526336878 -0.61944252964875923 0.13202139788497783 0.0084695256603188902 0.97226988857727348 14.445000000000002 -0.29892460312740776 -0.087285690935575241 0.016916416211440025 0.96709172622915329 -0.22944780877640344 0.35974956912310024 111.54190000000001
decision_type=10 8 2 2 2 2 10 10 8 2 10 10 2 10 10 10 10 8 10 10 8 2 10 10 10 10 8 8 2
left_child=1 2 23 -4 -5 8 26 -8 9 -3 11 27 13 14 -12 20 -17 -10 19 -13 -14 -20 -15 24 -1 -25 -7 -2 -29
right_child=10 5 3 4 -6 6 7 -9 17 -11 12 18 15 22 -16 16 -18 -19 21 -21 -22 -23 -24 25 -26 -27 -28 28 -30
leaf_value=-0.007403384125461202 0.00047558563005492907 0.0036752855669913739 0.027504191281630227 -0.0014577334795086068 -0.0068744376756563327 0.036131334651724516 0.013626350135058977 -0.0026448006022282422 -0.0018992189993758881 -0.0054034434985198365 0.028670229812629067 0.0023491785518793239 0.0021915565625487726 -0.0032091494113552672 -3.3274681055790729e-05 0.0078226873537628645 0.0012028480696735433 0.001017028128194031 -0.0046904182451208863 0.0082183018867383745 -0.00035477542698144927 0.003345589843602103 -0.014347762825424052 0.0066024946264959103 0.012140397119675355 0.031207358241141861 0.010187910942421548 -0.0054226541772383714 -0.020459872946391539
leaf_weight=77.026936993002892 13.729269027709959 160.11844473332167 14.399951033294199 1031.7666999325156 1076.3861865065992 16.132371082901955 62.975217245519161 116.46680274605751 1585.2872510291636 717.15504916757345 13.790684819221495 860.93620722740889 1520.2034404203296 117.49448759108782 180.44204613566399 419.24782648682594 2046.9850989356637 3245.8478398993611 238.70392151176929 478.54740679264069 9354.4697466567159 282.1559501439333 146.53029480576515 202.66410358250141 28.095258004963398 10.958034396171568 13.96528333425522 20.425300620496273 28.282667964696884
leaf_count=550 102 1088 108 8559 9220 100 434 828 13048 5078 86 5166 10001 722 1097 1963 10078 21107 1427 2798 56077 1634 889 1499 203 75 94 165 223
internal_value=6.34789e-06 -0.00102961 -0.00285265 -0.00399506 -0.0042293 -0.000275873 0.00641319 0.00307663 -0.00052402 -0.00373512 0.000557674 0.002639 0.000266913 -0.00453636 0.00212985 0.00043286 0.00233449 5.83056e-05 0.00311476 0.00445707 6.96952e-07 -0.000325168 -0.00945616 0.00471783 -0.00203145 0.00806682 0.0251854 -0.0112101 -0.0145864
internal_weight=24081.2 8359.25 2441.3 2122.55 2108.15 5917.95 209.54 179.442 5708.41 877.273 15721.9 1922.78 13799.2 458.258 194.233 13340.9 2466.23 4831.14 1860.34 1339.48 10874.7 520.86 264.025 318.744 105.122 213.622 30.0977 62.4372 48.708
internal_count=154419 61991 20214 17887 17779 41777 1456 1262 40321 6166 92428 11515 80913 2794 1183 78119 12041 34155 11025 7964 66078 3061 1611 2327 753 1574 194 490 388
is_linear=0
shrinkage=0.025


Tree=115
num_leaves=31
num_cat=0
split_feature=33 12 61 52 48 44 52 67 19 8 31 60 48 40 2 38 40 76 58 40 48 46 54 49 42 36 36 41 33 49
split_gain=18.2751 23.2441 22.3645 20.3923 24.318 19.5375 18.1045 25.4241 20.1305 16.7377 20.478 20.1115 16.561 17.8648 15.9155 14.4842 14.1336 13.2634 15.7748 11.4007 21.8082 21.7728 16.8074 16.7821 26.9966 15.9049 10.1463 11.3758 9.66441 5.1554
threshold=0.0050745840877395318 0.026635212491886426 -0.30062698761359508 0.115 -0.10310715659679504 -0.59607807472457852 0.16500000000000004 -0.80171840955850848 0.17906708881564962 0.23764363095987209 -0.031876624930129431 0.29184111412805475 0.97862680805689728 0.0036153816991523684 -0.015686806254449289 0.20019321312489427 0.0054245099860612102 0.029197112038970078 0.22419017763845353 0.0058729543418817283 -0.41976461535194393 0.64404827166855949 114.89100000000001 0.25705506814343332 -0.016949745167592522 -0.081499832355857602 0.032600781452970191 -0.001594836672013433 0.0020506806955615802 -0.54289641036713399
decision_type=8 10 10 2 10 8 2 8 10 10 10 10 10 10 8 10 10 10 10 10 8 10 2 8 10 10 10 10 10 10
left_child=5 2 12 4 -4 16 7 -3 -9 10 -8 -11 13 -2 -5 -14 17 28 -19 20 21 -7 -22 25 -25 -21 29 -28 -1 -18
right_child=1 6 3 14 -6 19 9 8 -10 11 -12 -13 15 -15 -16 -17 26 18 -20 23 22 -23 -24 24 -26 -27 27 -29 -30 -31
leaf_value=0.0037749500038971578 0.010412936936120228 0.037945503765419678 0.014934142434148824 0.0035854740236735023 -0.02027182837064238 -0.0086558670805126307 0.0018888189963177757 0.0010442549015608979 0.013402457023386299 0.0120792612441458 0.011463166257210692 -0.0071437816227201099 -0.0096473632994993237 0.0024196355991820996 -0.00061638382056586555 0.0015903545987858579 -0.0049640672678286611 0.0061440322138351187 -0.0065915111866344054 -0.0032311714930456821 0.00066008513909765042 -0.00043876379464495401 0.0043839294668887438 0.0080784209569982595 -0.0032091594649683907 0.0005369723115055215 0.0039214328529603385 -0.010004041209747939 0.02538366744447625 -0.011982879100157433
leaf_weight=79.853430055081844 189.21858752891421 16.858886428177357 14.167612642049788 627.40461244061589 59.716773472726345 246.72865264490247 650.16120409965515 165.83940079808235 165.7795280367136 40.166288554668427 177.89896672964096 186.94101526588202 124.83090212196112 2262.2046062834561 5416.3016446344554 163.49745174497366 106.42450691759586 81.63891489803791 224.09429589658976 819.65000738203526 2571.3613388054073 1090.45143699646 1076.8588711842895 139.37654482573271 2215.2426662966609 4756.9470467977226 89.928772132843733 59.836361527442932 14.732306726276873 203.77963042259216
leaf_count=509 1196 107 81 4088 378 1913 3439 904 822 183 905 951 693 14395 36171 901 651 505 1524 4519 17234 6312 6928 694 15080 30631 564 389 99 1454
internal_value=0.000175193 0.000974089 0.0004992 -0.000340477 -0.0132903 -0.00041931 0.00396243 0.0089014 0.00727082 0.00231594 0.00396841 -0.00366552 0.00237618 0.00304447 -0.000178318 -0.0032689 -0.00406498 -0.00060563 -0.00315562 -0.000175561 0.000760384 -0.00196694 0.0017624 -0.000764848 -0.00253406 -1.6102e-05 -0.00705003 -0.00162789 0.00749478 -0.00962737
internal_weight=24037.9 10261 8857.34 6117.59 73.8844 13776.9 1403.65 348.478 331.619 1055.17 828.06 227.107 2739.75 2451.42 6043.71 288.328 860.288 400.319 305.733 12916.6 4985.4 1337.18 3648.22 7931.22 2354.62 5576.6 459.969 149.765 94.5857 310.204
internal_count=154220 65214 57903 40718 459 89006 7311 1833 1726 5478 4344 1134 17185 15591 40259 1594 5695 2637 2029 83311 32387 8225 24162 50924 15774 35150 3058 953 608 2105
is_linear=0
shrinkage=0.025


Tree=116
num_leaves=25
num_cat=0
split_feature=65 55 15 49 55 44 4 9 26 32 13 19 60 13 47 53 79 42 50 0 60 47 45 34
split_gain=23.8396 21.422 14.4242 13.8375 16.5776 27.631 26.1119 17.1402 14.8667 14.783 13.8543 13.5999 12.9687 12.5686 12.5621 15.2143 11.5552 11.2456 10.7378 9.07469 8.78633 16.2503 6.76007 3.75133
threshold=-0.61222902001642843 1.0000000180025095e-35 0.16425935019687027 0.67526194632207526 0.55500000000000005 0.89474080845758863 -0.13142584974405988 -0.12335599819203312 0.0099550572882106548 0.21536734974494545 0.0019146039743341383 -0.10926868144893785 0.084867306606437057 0.0090333268476798182 -0.041787264232719758 10.610000000000001 -0.13439967486472063 0.0062443797873808745 -0.082344505610094001 0.017481198006910174 0.77344493352896715 0.88402529032475152 0.0062232999938702334 0.06158137432261946
decision_type=8 2 10 8 2 8 10 10 2 10 10 8 8 10 10 2 10 10 10 10 10 10 10 10
left_child=1 -1 14 8 5 6 -5 9 20 -6 23 -7 18 -14 19 -16 -12 -9 -4 -3 22 -22 -2 -10
right_child=3 2 12 4 7 11 -8 17 10 -11 16 -13 13 -15 15 -17 -18 -19 -20 -21 21 -23 -24 -25
leaf_value=0.026826375887654852 -0.0015763716946959471 -0.0098823511983824643 0.016376492496258273 -0.0056499658612191427 -0.00029937516130379427 0.00044722418900876662 0.0035295377676796409 -0.0035015873549851767 -0.0048887500993191457 0.017662329578598489 0.0020776345213992724 -0.0086703490087682786 -0.0007191639380064017 -0.0045556042588986633 0.01939471366515122 -0.0031871707777363523 0.00059662725406982786 -0.010849189221886156 0 0.013347011729169975 -0.00061243878671670467 0.016207763965592589 -0.0063217474271527576 -0.022068656067274078
leaf_weight=15.466313175857065 678.5899041518569 272.90551327914 46.506286628544331 223.82992761582136 668.0873541906476 169.9972181469202 1372.2639050334692 918.45473850518465 17.394767329096794 28.69585844874382 5151.6807773262262 249.3753574937582 3511.1817931719124 630.18794690072536 20.035128206014633 151.03254698216915 9184.2728526070714 152.81013291329145 51.788105472922325 9.6542745009064657 194.17814537882805 42.622551321983337 262.53008563071489 17.97993791103363
leaf_count=112 4533 3208 357 1339 4116 978 8092 5788 125 138 29496 1537 29531 4973 173 1397 53370 961 412 102 1289 260 1745 119
internal_value=0.000149253 -0.00144524 -0.00154684 0.000538068 -0.000816628 0.000730299 0.00223427 -0.00258357 0.000868219 0.000458697 0.00108989 -0.00496588 -0.00109043 -0.00130591 -0.00578192 -0.000382207 0.00112949 -0.00456764 0.00781928 -0.00900915 -0.00182825 0.00245003 -0.00291444 -0.0142634
internal_weight=24041.5 4708.76 4693.29 19332.8 3783.51 2015.47 1596.09 1768.05 15549.2 696.783 14371.3 419.373 4239.66 4141.37 453.627 171.068 14336 1071.26 98.2944 282.56 1177.92 236.801 941.12 35.3747
internal_count=154151 40265 40153 113886 22949 11946 9431 11003 90937 4254 83110 2515 35273 34504 4880 1570 82866 6749 769 3310 7827 1549 6278 244
is_linear=0
shrinkage=0.025


Tree=117
num_leaves=30
num_cat=0
split_feature=62 68 14 53 3 51 26 39 26 4 60 54 47 39 4 76 2 48 54 32 27 79 35 48 52 37 43 52 25
split_gain=18.2491 18.658 19.652 19.1679 15.8877 15.4299 14.3408 13.7441 12.731 14.4873 30.5875 19.7397 11.1471 17.7937 17.5837 20.4429 12.536 11.2422 18.7073 16.9687 16.6821 11.1071 13.1381 10.5417 19.5465 12.7512 9.27338 4.17877 4.15852
threshold=0.64278380756820197 0.080881963450163338 0.0084609031010391359 40.45000000000001 0.0066852139262060248 1.3500000000000003 0.012749160140851019 -0.05608314278748882 0.0091002691849220458 0.08576355797701031 0.90572098097046594 119.08110000000001 2.754360733125806 -0.0028566082464828719 -0.14553378613872561 0.77555466631096892 -0.038621503481541412 -1.5890170975447051 116.08025000000002 0.19062952712036088 0.0058308934953432484 0.15976833380130231 -0.11243430282874466 0.89992478245102825 0.13500000000000004 0.81228353037048573 0.5072350963170823 0.26500000000000007 0.9462001072906645
decision_type=8 10 10 2 10 2 2 10 2 10 10 2 10 10 8 10 10 8 2 8 10 10 10 10 2 8 10 2 10
left_child=1 2 4 7 6 -6 -1 -4 21 10 -10 -11 17 16 27 -16 -14 18 20 -20 -2 22 -3 25 -25 -19 -23 -15 -5
right_child=12 8 3 28 5 -7 -8 -9 9 11 -12 -13 13 14 15 -17 -18 23 19 -21 -22 26 -24 24 -26 -27 -28 -29 -30
leaf_value=0.0039892228735647732 0.0013818841268833499 -0.014376060087158119 0.031115979404863214 -0.026128832265319358 0.006873582282229969 -0.0088447463251700754 -0.004740321127955918 0.0040241027502151581 0.00033669239710319379 -0.00093508216476805798 0.011114966021260379 -0.0097973644056187342 0.027054293743571978 -0.019734181425632682 0.01048060073739814 -0.011360230383328687 0.0031099053272278521 0.0018335697035646603 -0.025098679349953815 0.0040034723820968673 -0.0071592196199857282 -0.0077862864926180764 -0.00049680499769796276 -0.010917846210022071 -0.00017047580852307305 -0.00059382405432723321 0.004493950517529658 -0.0033404138116775515 -0.0030889422088127682
leaf_weight=180.83801717683673 471.12581633031368 43.764946192502975 11.471254684031008 13.622808046638967 40.685675263404846 535.51679368689656 328.9354698471725 187.91272159665823 7083.7219960093498 3571.5333976596594 167.35674170404673 163.41383618861437 35.197383761405945 20.645396947860718 129.15477216243744 32.355977550148964 23.661327913403511 5800.0752580165863 38.718556791543961 17.215357109904289 203.2784528285265 326.73885483294725 857.76190134137869 111.23448053002357 1813.907082721591 1757.6257144808769 41.936842679977417 20.907439202070236 9.0494213253259641
leaf_count=1672 2260 310 85 121 361 5299 2782 1394 49342 24555 1109 1126 157 105 580 145 106 31509 197 79 970 2550 6682 656 9617 9872 320 93 78
internal_value=-3.54901e-05 -0.000641078 -0.00347849 0.00326452 -0.00486626 -0.00770991 -0.00162681 0.00579701 -0.000337335 -6.25398e-05 0.00058829 -0.00132786 0.000747956 0.00583214 0.00223997 0.00600755 0.0178079 0.000616166 -0.00236746 -0.0161144 -0.00118961 -0.00270585 -0.0011971 0.000847016 -0.000801766 0.00126806 -0.00635909 -0.0119863 -0.0178644
internal_weight=24039.4 13564.3 1308.03 222.056 1085.98 576.202 509.773 199.384 12256.2 10986 7251.08 3734.95 10475.1 261.922 203.064 161.511 58.8587 10213.2 730.338 55.9339 674.404 1270.2 901.527 9482.84 1925.14 7557.7 368.676 41.5528 22.6722
internal_count=154132 97786 11792 1678 10114 5660 4454 1479 85994 76132 50451 25681 56346 1186 923 725 263 55160 3506 276 3230 9862 6992 51654 10273 41381 2870 198 199
is_linear=0
shrinkage=0.025


Tree=118
num_leaves=28
num_cat=0
split_feature=63 48 16 53 61 59 61 49 9 48 44 16 29 47 74 12 51 79 47 77 61 75 66 43 13 3 38
split_gain=17.9927 16.3857 17.7652 17.0301 14.8672 22.0156 21.1783 14.4936 12.9231 22.3356 17.0961 15.1589 13.4355 12.9131 12.5825 12.2192 11.8823 11.211 11.1681 10.6064 12.9318 10.1639 8.89352 7.01285 9.82647 5.46272 4.05088
threshold=0.93506187658878681 -0.77624399905713226 2.7905909980870498 26.575000000000006 0.98372143861325234 1.4376553431387582 -0.040751123186453291 -0.39586216789628526 0.60315287854408983 -1.7815564614267674 -0.22442443926199504 0.718141668589375 -0.077445919566012031 0.88402529032475152 0.82909510812513132 0.013418929566538914 1.7750000000000001 -1.483054639422664 1.9605068815395044 1.0013634534837643 2.2046455762204746 -0.58334097249728833 0.97116371812820856 1.1393180245680401 0.018673247397691047 -0.092173587446783542 0.74254220539207083
decision_type=10 8 10 2 8 10 10 10 8 10 10 10 8 10 10 10 2 10 10 8 10 8 10 10 10 10 10
left_child=1 3 4 13 6 -6 -3 25 9 10 12 18 -2 17 19 -15 -13 -1 -11 20 -10 -12 -21 26 -25 -5 -16
right_child=8 2 -4 7 5 -7 -8 -9 14 11 21 16 -14 15 23 -17 -18 -19 -20 22 -22 -23 -24 24 -26 -27 -28
leaf_value=0.0031705876229744449 -0.014656941273568667 0.00047182490397874502 0.026468442522864295 -0.0072460550847113919 0.0036315266282751779 -0.0024271018882382235 -0.0013686346972656199 0.025812867914503997 0.0093760064945563985 -0.0046345125384984259 -0.00084742385613410093 0.00014304803859429671 0.0095073133369814513 0.0089119383694697702 0.030489429459501491 -0.00095705600812955006 0.003535268304015864 -0.0041094161378796958 0.016255291371995811 -0.010655833532429299 -0.00054332433429998546 -0.01265915457946612 0.0035700051292418449 0.0022339533781177419 0.023220811713996006 0.0076760687326027331 0.011307939050919584
leaf_weight=140.723120264709 17.145984455943108 8545.528218396008 14.521498188376425 22.231722831726074 1372.9910574033856 512.97467038780451 7192.7119164764881 21.513529524207115 199.30359223484993 306.98997707664967 66.612729430198669 1084.9609639048576 63.837355107069016 95.24473549425602 17.611356392502785 414.51249074935913 1609.4119912981987 1786.799976054579 15.57366208732128 54.396540567278862 136.62078782916069 154.36482957005501 52.339140221476555 54.232263132929802 18.20692603290081 42.086154974997044 17.055127993226051
leaf_count=784 80 57053 66 126 8964 3152 50879 122 955 1662 315 5419 290 578 81 2124 7862 10951 73 264 641 732 242 255 80 236 80
internal_value=-6.30377e-05 -0.000363012 -9.29538e-05 -0.00224704 -0.000117065 0.00197914 -0.000368868 0.00860358 0.00149799 0.000906244 -0.00555761 0.00155764 0.00416063 -0.00263628 0.00504696 0.000888821 0.00217275 -0.00357239 -0.00354626 0.0031457 0.00533198 -0.00915612 -0.0036484 0.0127136 0.0079031 0.00236546 0.0219557
internal_weight=24030.5 20161.8 17638.7 2523.11 17624.2 1885.97 15738.2 85.8314 3868.66 3318.9 301.961 3016.94 80.9833 2437.28 549.766 509.757 2694.37 1927.52 322.564 442.66 335.924 220.978 106.736 107.106 72.4392 64.3179 34.6665
internal_count=154066 135035 120114 14921 120048 12116 107932 484 19031 16433 1417 15016 370 14437 2598 2702 13281 11735 1735 2102 1596 1047 506 496 335 362 161
is_linear=0
shrinkage=0.025


Tree=119
num_leaves=30
num_cat=0
split_feature=16 52 52 40 39 52 14 60 24 52 23 40 49 58 12 1 79 23 69 32 42 16 19 60 39 52 39 17 23
split_gain=19.4231 37.9713 36.9633 18.505 17.9761 16.6516 16.602 16.1792 16.3294 24.5065 16.6819 15.8391 15.3491 17.7798 14.8864 14.7886 13.9514 13.6648 13.6693 13.5913 13.2159 12.817 12.6089 12.4096 10.8397 14.6999 12.215 9.01906 6.59126
threshold=1.3267345261573475 2.7200000000000002 1.6150000000000004 0.0036638457699820492 0.049309829597586126 0.13500000000000004 0.013180508612283351 0.053069890376532786 -0.19855476410377917 2.7200000000000002 -0.30523625484841804 0.0050319541795981757 0.14725896535972752 0.16419481539670075 0.021007743477873236 0.034404036222899677 -0.73510828168916797 -0.4672152558603499 -2.2554538608813881 0.26840949501613792 0.0050221070169884589 0.929117534358881 -0.095500927076311901 0.0043243293783250597 0.023922112248668363 2.8350000000000004 -0.054272879783843035 0.00098513036720715452 -0.68091794665963568
decision_type=10 2 2 10 10 2 10 8 10 2 10 10 10 10 10 10 10 10 8 10 8 10 8 10 10 2 10 10 10
left_child=7 2 3 16 6 -5 -4 12 9 10 -9 -6 14 21 15 -1 -2 19 -19 -10 -11 -14 -15 -16 25 28 -27 -26 -3
right_child=1 24 4 5 11 -7 -8 8 17 20 -12 -13 13 22 23 -17 -18 18 -20 -21 -22 -23 -24 -25 27 26 -28 -29 -30
leaf_value=0.0067989822726862758 0.0039082731069420831 -0.0074473350973504994 0.0085606367494634912 -0.005301212745831705 -0.016201168556929432 0.0015769461776341442 0.0013536995463137812 -0.00052908266295167723 -0.0080817346801781414 0.0044663394746148775 0.0021885859175853647 0.0020969426608681086 -0.010690244775381597 0.019516174961779653 -0.018047901110921492 0.024721222939372886 -0.0058842410135370414 0.010236527171508338 -0.0012268155119063043 0.0075903341836496586 0.018422722303936701 0.0021739452984233915 -0.00063126212960867725 0.0020873497801351679 0.016854687399156472 0.0087992249346093114 -0.010732071160411348 -0.0078489165421896361 -0.025452084196499997
leaf_weight=329.03864289820194 114.47613327205181 20.354664579033852 784.44759368896484 231.12471188604832 37.461362212896347 4021.5206452682614 272.07493698596954 7127.0907132551074 297.95607617497444 144.83455093950033 1759.0384553447366 123.01126369833946 122.98863836377859 33.733457788825035 20.068816840648651 31.113734319806099 415.03050555288792 64.265924271196127 7457.7280198559165 37.662317559123039 60.830390132963657 77.374275103211403 41.987312037497759 188.91832992434502 15.498756945133207 26.037009924650192 72.565844811499119 19.178071320056915 50.154785126447678
leaf_count=1879 607 106 4259 1328 207 21165 1303 48794 2057 942 12030 618 760 197 98 169 2308 434 51464 216 456 417 278 932 80 132 381 107 268
internal_value=7.48574e-05 0.00127963 0.00164192 0.000649629 0.00553046 0.00119998 0.00671544 -0.000344744 -0.00051354 0.000207136 8.26773e-06 -0.0022168 0.00302723 -0.0017844 0.0053733 0.008445 -0.00374898 -0.00134827 -0.00112626 -0.00628001 0.00871346 -0.0057019 0.00841132 2.61003e-05 -0.0092961 -0.0119023 -0.00545571 0.00317772 -0.0205707
internal_weight=23997.6 6202.94 5999.15 4782.15 1217 4252.65 1056.52 17794.6 16949.4 9091.79 8886.13 160.473 845.223 276.084 569.14 360.152 529.507 7857.61 7521.99 335.618 205.665 200.363 75.7208 208.987 203.789 169.112 98.6029 34.6768 70.5094
internal_count=153992 32869 31795 25408 6387 22493 5562 121123 116393 62222 60824 825 4730 1652 3078 2048 2915 54171 51898 2273 1398 1177 475 1030 1074 887 513 187 374
is_linear=0
shrinkage=0.025


Tree=120
num_leaves=29
num_cat=0
split_feature=62 79 45 40 31 4 49 56 62 68 52 11 74 65 72 65 48 49 73 17 31 63 50 18 39 49 76 11
split_gain=17.4728 13.3785 13.1207 22.6802 21.9078 21.9139 14.7156 14.0632 13.5379 16.6456 16.2706 23.7232 13.3062 13.0006 12.2214 13.5474 12.0041 11.388 11.284 10.9535 10.0816 9.91085 7.21427 8.87526 7.67668 5.67256 6.3647 5.12169
threshold=0.10636122351303139 0.091864661245509502 -0.0084371830102618096 0.013589480861442687 -0.034582981096693548 0.15664068333968131 2.619349366380884 0.39542131205765924 0.83188714049088996 0.02098638197417332 1.3100000000000003 0.018372795750528807 0.65575556269866786 -0.57920603267372284 0.86292912896318308 0.2703236394464929 -1.4544196005209884 0.10094117875968701 1.0495844515993931 0.072699164963098709 -0.053882654765829867 -1.4511220132957103 0.030469939091533425 0.05266633646331887 0.023106074472515229 -0.65947286089381774 0.069110080949621608 0.0086809625840203412
decision_type=8 10 8 10 10 10 10 10 10 10 2 10 10 8 10 10 10 10 10 10 8 10 10 10 10 10 10 10
left_child=1 14 3 7 6 -6 -5 13 10 12 17 -12 -10 -2 15 21 -11 -4 -9 20 -16 -1 23 24 -3 -24 -27 -25
right_child=2 22 8 4 5 -7 -8 18 9 16 11 -13 -14 -15 19 -17 -18 -19 -20 -21 -22 -23 25 27 -26 26 -28 -29
leaf_value=0.017210517945225816 -0.0076489712427640633 -0.0039882355797159676 -0.00060494374723293008 0.0018380461653012986 0.026141052736705007 0.0012069602280746507 0.013804303420803014 0.0022693421954562412 0.0036849927115173466 -0.0029679680646549525 0.0013853542246059958 -0.004151105642673499 0.017976487812109716 -0.00050869379892921863 0.0044928469754412026 -0.017723324089575512 0.0013125948030431507 -0.0026303448194361541 -0.00064631225237503842 0.019461883687317771 -0.0080856491816744275 0.00034216990615930831 0.0063927688033182262 -0.016717980556089657 0.006650731961107422 0 -0.012793219661764868 -0.00012142908586663714
leaf_weight=21.125417120754719 179.55884412303567 134.96037606149912 5518.056769233197 424.2862074971199 58.275846980512142 36.215353831648827 75.141585752367973 2938.3069027066231 129.93110917508602 470.13559268414974 3714.0223145186901 554.51457335054874 60.003518506884575 1377.5956124812365 45.248588968068361 24.28129643201828 3084.7555762305856 2539.967242538929 1150.2256120741367 9.4713482409715635 264.10737416520715 944.31734896451235 11.506519585847853 39.367039550095797 60.175170090049505 29.418744523078203 155.66549942269921 17.599261738359928
leaf_count=192 1535 1258 35662 2481 361 214 378 17814 665 2229 25113 3300 292 7748 417 153 15699 17930 7110 72 2667 8087 98 363 546 264 1527 155
internal_value=5.02637e-06 -0.00239395 0.000194428 0.00116746 0.00581115 0.016798 0.00368219 0.00067649 -0.000182937 0.00113257 -0.00058327 0.000663406 0.00832367 -0.00134212 -0.00110721 0.000258492 0.000743569 -0.0012446 0.0014473 -0.0053552 -0.00621143 0.000739942 -0.00611694 -0.00324842 -0.000648634 -0.00971549 -0.0107919 -0.0118278
internal_weight=24068.2 1757.24 22311 6239.61 593.919 94.4912 499.428 5645.69 16071.4 3744.83 12326.6 4268.54 189.935 1557.15 1308.55 989.724 3554.89 8058.02 4088.53 318.827 309.356 965.443 448.693 252.102 195.136 196.591 185.084 56.9663
internal_count=154330 15799 138531 37641 3434 575 2859 34207 100890 18885 82005 28413 957 9283 11588 8432 17928 53592 24924 3156 3084 8279 4211 2322 1804 1889 1791 518
is_linear=0
shrinkage=0.025


Tree=121
num_leaves=22
num_cat=0
split_feature=64 36 72 9 45 26 17 36 38 65 36 1 59 35 24 33 52 38 12 73 6
split_gain=22.3426 15.1429 13.5907 13.7844 13.3215 13.3516 12.4387 13.8453 16.3155 11.9998 11.9132 11.8611 13.8775 11.3697 11.3019 10.6552 10.5401 10.2091 9.75181 5.72039 1.96132
threshold=0.13431293943505615 -0.090770784172597305 0.88648625903518707 0.20413363291573841 -0.012761555326497543 0.0089985233479792041 -0.13725831676756892 0.00098227824775765104 4.3860740741046262 -0.73633357564417035 0.092456714956961297 0.17877213928798888 -0.44622937894109577 -0.11020883049163353 -0.17592044865820652 -0.036550719043246964 1.635 -0.6616588900747763 0.03347549212562196 -0.17150902114352085 -0.0116900152698563
decision_type=8 10 10 10 10 2 8 10 10 10 10 10 8 10 10 10 2 10 10 10 8
left_child=1 20 10 18 6 13 -2 9 -9 -8 15 14 -13 19 -7 -3 -15 -5 -4 -6 -1
right_child=4 2 3 17 5 11 7 8 -10 -11 -12 12 -14 16 -16 -17 -18 -19 -20 -21 -22
leaf_value=-0.023699846226490476 0.01927730987753222 0.0089465222821991115 -0.010696081785694849 0.026571267655347414 -0.0051766093129015957 0.00068826080239999963 -0.0079265299030945591 0.0027621001681592304 -0.0023254054154546499 0.00012482401291464751 0.021910433255928008 0.021679262380731413 0.0012971092343407465 -0.0036500098042454767 -0.00069108642906729996 -0.0018476127959524376 0.0037091654988428307 -0.00083171328587851572 0.01389549172035396 -0.018737101945315939 -0.0069107013634614623
leaf_weight=21.834245882928371 22.725271120667458 57.779822006821632 236.26235586032271 8.7210252769291383 43.432062588632107 7556.066269248724 120.55173444002867 3272.0979419462383 445.35180521011353 2299.4183024764061 12.483919583261011 32.955205678939819 56.362314015626907 609.65208973363042 7296.3104535527527 1686.4447163827717 149.90186681598425 55.767969716340303 9.2658724114298803 39.576402567327023 8.6972549334168452
leaf_count=198 112 520 2763 80 279 46303 880 19732 2596 13617 101 160 286 4405 44866 15287 1069 541 77 290 78
internal_value=4.17774e-05 -0.00242235 -0.00215379 -0.00697505 0.000277738 -0.000106645 0.0012637 0.00119202 0.00215004 -0.000276889 -0.00129451 6.56355e-05 0.00908801 -0.00316645 1.0143e-05 -0.00147984 -0.00218422 0.0031776 -0.00967457 -0.0119059 -0.0195958
internal_weight=24041.7 2097.26 2066.73 310.017 21944.4 15784.3 6160.15 6137.42 3717.45 2419.97 1756.71 14941.7 89.3175 842.562 14852.4 1744.22 759.554 64.489 245.528 83.0085 30.5315
internal_count=154240 19645 19369 3461 134595 97658 36937 36825 22328 14497 15908 91615 446 6043 91169 15807 5474 621 2840 569 276
is_linear=0
shrinkage=0.025


Tree=122
num_leaves=29
num_cat=0
split_feature=16 52 52 61 55 12 47 4 52 54 49 51 51 7 52 53 52 43 51 52 47 72 50 27 16 55 28 24
split_gain=16.7063 34.1876 30.5213 19.3019 29.4113 26.9761 24.3466 22.6651 22.5287 27.1031 24.3735 20.6433 22.4074 20.075 18.6362 18.8837 18.4963 16.1013 15.1086 14.5672 24.5925 16.7892 12.5207 11.6698 10.8625 9.46025 8.50063 6.36334
threshold=1.3072579176701662 2.7200000000000002 1.6700000000000002 -0.33557890163101367 0.16000000000000006 0.010282866878238397 0.034407693557700375 0.0011813898209219744 0.77500000000000013 116.12250000000002 0.93216309826369248 2.0650000000000004 2.3550000000000004 0.027646246083733454 0.13500000000000004 18.970000000000002 1.7550000000000001 1.04081028455369 0.62500000000000011 0.45500000000000007 -0.54155749295125732 0.81643519151379296 -0.38905895091989612 0.0056303886958896602 1.3460957628481445 0.24500000000000013 0.39514892203457558 -0.98333504799957783
decision_type=10 2 2 8 2 8 8 10 2 2 10 2 2 10 2 2 2 10 2 2 10 10 10 10 10 2 10 8
left_child=3 2 14 7 5 27 -7 11 10 -10 -6 13 -13 -1 18 -16 22 -18 -2 20 -9 -21 -4 24 -3 -26 -25 -5
right_child=1 23 16 4 8 6 -8 19 9 -11 -12 12 -14 -15 15 -17 17 -19 -20 21 -22 -23 -24 26 25 -27 -28 -29
leaf_value=-0.0039023670134193896 0.0053017201567311621 0.0071632517022297316 0.018242718658125188 0.0083559084059614454 0.00026023883911884086 0.014295898225929466 0.002076155400419995 0.030066552264210868 -0.003287878567972725 0.0024679450683490083 -0.0047022509668598455 0.0041291401630349075 -0.00097314326511663155 0.0032286593914836142 8.6270846780187079e-05 0.0037527144502781324 0.0048255355249297643 -0.0067727830107452286 -0.009455936288363994 0.0054301694625326557 -0.0011021177464252466 -0.00071569267495272726 0.0023514998526320851 0.016240673171378155 -0.020525160062910785 -0.0079170449596597421 -0.0066559149881055589 -0.014614130050570488
leaf_weight=1323.8510813340545 54.531738296151161 16.607342801988125 101.53164909034967 7.6724226139485836 5569.3242089860141 176.05987028777599 244.93011335283518 15.004680566489695 4141.4202358163893 580.89911171793938 694.43600100651383 914.88464949652553 1298.5738900527358 301.08160819113255 3819.5326895415783 1140.5830353051424 903.52194327861071 79.998015403747559 189.79594005644321 1220.8189689107239 658.48805089667439 356.5283229611814 46.583832375705242 17.143328577280045 67.662924781441689 93.040647931396961 21.079385414719582 47.404586669057608
leaf_count=8725 304 96 530 77 38019 1235 1573 91 29574 4119 4733 5641 8259 1884 20391 5952 4734 402 1105 8114 4672 2493 259 87 366 487 108 495
internal_value=-2.68504e-06 0.00107416 0.00140891 -0.000405126 -0.00100964 0.00506303 0.00723038 0.000731527 -0.00127399 -0.00257781 -0.000289529 -0.000434837 0.00113348 -0.00257505 0.000597684 0.000931588 0.00512855 0.00386743 -0.0061218 0.00272305 -0.000344357 0.00403678 0.0133541 -0.0086851 -0.0113829 -0.0133847 0.00360499 -0.0111711
internal_weight=24103 6551.61 6336.08 17551.4 11462.1 476.067 420.99 6089.23 10986.1 4722.32 6263.76 3838.39 2213.46 1624.93 5204.44 4960.12 1131.64 983.52 244.328 2250.84 673.493 1577.35 148.115 215.534 177.311 160.704 38.2227 55.077
internal_count=154525 34821 33677 119704 79825 3380 2808 39879 76445 33693 42752 24509 13900 10609 27752 26343 5925 5136 1409 15370 4763 10607 789 1144 949 853 195 572
is_linear=0
shrinkage=0.025


Tree=123
num_leaves=29
num_cat=0
split_feature=26 46 59 53 47 65 38 60 49 47 59 61 60 26 57 75 62 55 48 61 1 59 78 25 16 54 78 63
split_gain=18.3449 20.4486 22.6514 18.0243 16.3666 15.8695 17.0051 14.4308 19.8972 15.1944 12.8131 21.1056 11.8975 11.7499 19.5023 11.6049 11.263 10.9722 8.69494 9.04479 11.3269 10.8179 8.51352 7.45398 6.5233 6.20616 5.3976 3.91916
threshold=0.0099550572882106548 0.14621547275956934 0.23713055817780621 12.595000000000001 -0.24082659429845085 -0.89892259962003096 3.0899215500801187 0.1484626119839734 1.8660965598030483 -0.54155749295125732 1.4814812745115666 1.0948781967305072 0.30793423778054757 1.0000000180025095e-35 -0.28527734776860014 -0.42830971651319427 0.76550929407497204 1.1350000000000002 -0.80635695495598736 0.86876447022679304 -0.021645210587219296 1.2027121206204707 0.101279463116543 0.77186111667528079 1.2717658141241512 114.20255000000002 0.49576715310811909 0.23086392771738493
decision_type=2 8 8 2 10 8 10 8 10 10 10 8 8 2 8 8 10 2 8 10 10 10 10 10 10 2 10 8
left_child=13 2 4 7 15 25 -7 9 -9 -3 11 -5 -6 14 27 -2 -12 26 22 20 -20 -21 23 -15 -24 -4 -16 -1
right_child=1 3 5 10 12 6 -8 8 -10 -11 16 -13 -14 18 17 -17 -18 -19 19 21 -22 -23 24 -25 -26 -27 -28 -29
leaf_value=-0.016126134541063909 0.003985324461524861 -0.0096140415700683816 0.0018243436322942161 -0.00019814120770878004 0.0024612020198144444 0.00986756704665449 -0.011167667721191175 0.00087322064501596866 0.020083550508566247 0.0059913267213748695 -0.005370228694862306 0.0030766553738615122 -0.010205592235621723 -0.0071297713854230659 -0.0040855393593698403 -0.017429821271502954 -0.00035847702467152898 0.030882971388377423 0.0045098079700027667 0.0067703429884423162 -0.0030288857130783575 -0.0060996555085872694 -0.012928067355312307 0.018068956311892478 -0.0019302790034981983 -0.01946864679492202 0.016739721764278927 0.001201552209856152
leaf_weight=16.164962910115719 16.899501904845238 40.08204410970211 11.713440503925083 14552.28713876754 94.611512266099453 121.54267911985517 28.500974968075752 3301.6430113241076 32.89339941740036 646.93236979842186 520.9352520853281 1342.2366701550782 87.666528947651386 13.608518972992899 14.264930821955206 130.15725740045309 612.85233271867037 19.803147576749325 131.73584789037704 140.87336440756917 1851.1384558305144 55.66170210391283 115.69548415392637 13.062122225761412 50.441233649849892 24.112258430570364 14.01899830251932 13.691307634115221
leaf_count=119 125 228 161 92331 698 910 188 20423 171 3573 3251 7906 798 83 96 1280 3005 132 960 1042 14521 375 830 85 298 368 93 77
internal_value=-0.000103025 0.000129594 -0.00478459 0.000250493 -0.00871625 0.00215291 0.00576541 0.00175567 0.00107213 0.0050548 -0.00010464 7.81434e-05 -0.00361691 -0.00215255 0.00730424 -0.0149059 -0.00267105 0.0170474 -0.00246996 -0.00201249 -0.00252183 0.00307254 -0.00755793 0.00518898 -0.00967161 -0.0124707 0.00624337 -0.00819922
internal_weight=24015.2 21565.1 515.204 21049.9 329.335 185.869 150.044 4021.55 3334.54 687.014 17028.3 15894.5 182.278 2450.16 77.9433 147.057 1133.79 48.0871 2372.22 2179.41 1982.87 196.535 192.807 26.6706 166.137 35.8257 28.2839 29.8563
internal_count=154127 135416 4528 130888 2901 1627 1098 24395 20594 3801 106493 100237 1496 18711 517 1405 6256 321 18194 16898 15481 1417 1296 168 1128 529 189 196
is_linear=0
shrinkage=0.025


Tree=124
num_leaves=28
num_cat=0
split_feature=46 40 39 60 72 41 53 61 75 62 61 16 74 23 65 72 12 62 69 75 60 11 4 61 16 48 64
split_gain=15.1849 19.3083 18.2691 25.7173 24.6263 15.3158 13.9568 13.8216 12.4655 11.785 14.9016 11.6654 15.0186 18.4483 13.5746 12.7206 12.5477 10.9544 10.6758 10.7592 10.654 10.1532 9.96971 8.15757 6.58412 6.48918 4.7129
threshold=0.76555518431119107 0.0036153816991523684 0.011955540535556365 0.62344387623327668 0.84365224134436623 -0.089117536269723005 31.830000000000002 1.0051337598454804 -0.98870681763018742 0.037934710193204539 -0.38737551345565041 0.93298768302572832 0.39438411640325416 1.9830855754292804 1.4788916931456588 0.45604983272154775 0.039295345200480135 0.36598525935196774 -0.35647348892259051 2.7681782990433081 0.97080288796103009 0.0087417793471315508 0.08576355797701031 -0.56381511196742273 0.8427498175828424 0.14412705021568356 0.082193302932522652
decision_type=8 10 10 10 10 8 2 10 8 8 8 8 10 10 8 10 10 10 8 8 10 10 8 8 8 8 10
left_child=1 2 4 8 21 18 7 -7 -4 10 25 12 13 -11 15 -13 -14 -5 19 -3 -16 -1 -6 -8 -12 -2 -26
right_child=9 5 3 17 22 6 23 -9 -10 11 24 14 16 -15 20 -17 -18 -19 -20 -21 -22 -23 -24 -25 26 -27 -28
leaf_value=0.01519494693006513 0.02113795101794785 0.0052707421877933062 -0.015820864173835717 0.00024476976401190353 0.015743394139428268 -0.0020737641632291742 -0.00067709026470333096 0.0019218841940013042 0.006143491203398437 -0.00056556928515874658 0.0027764367754893999 -0.00075879753683989791 0.0036952464635107659 0.0092446849682198337 0.0027676895163764609 0.00085254078765744593 0.018608364269827895 -0.014811764760870426 0.023292508290690517 -0.0064157825788609436 -0.0025326687032520504 -0.0018362069127378219 0.050952637271244085 -0.017549361497533968 -0.022115719403024717 -0.0034441873255001768 -0.0092907678388435052
leaf_weight=38.828603576868773 13.624411031603811 229.58073243498802 15.780002646148203 50.169392801821232 12.400478105992077 4831.8410523720086 28.06867478787899 606.41218961775303 293.95154293626547 1320.0334581807256 17.676580749452114 8005.6795793250203 1049.2379319891334 130.49293474107981 1760.2831186503172 4954.9043008089066 35.692922301590443 71.04661863297224 15.76647251844406 61.006642315536737 271.44611057639122 46.268010713160038 11.331264920532705 53.968238510191441 27.731506995856762 10.9082657545805 67.787546262145042
leaf_count=332 105 1718 101 442 93 37581 205 4184 2270 8811 149 47296 6836 879 8179 30671 217 485 100 567 1246 336 80 409 247 83 537
internal_value=-1.37737e-05 -0.00106077 0.00345355 0.0011098 0.012553 -0.00148088 -0.001784 -0.00162651 0.0049436 0.000363171 -0.00688646 0.000421032 0.00198917 0.000318731 0.000155194 -0.000142173 0.00421279 -0.00857752 0.00394231 0.00277524 0.00205478 0.00595123 0.0344989 -0.0119597 -0.010738 0.0102653 -0.0133199
internal_weight=24031.9 6366.42 539.776 430.948 108.828 5826.64 5520.29 5438.25 309.732 17665.5 137.728 17527.8 2535.46 1450.53 14992.3 12960.6 1084.93 121.216 306.354 290.587 2031.73 85.0966 23.7317 82.0369 113.196 24.5327 95.5191
internal_count=154159 48903 4139 3298 841 44764 42379 41765 2371 105256 1121 104135 16743 9690 87392 77967 7053 927 2385 2285 9425 668 173 614 933 188 784
is_linear=0
shrinkage=0.025


Tree=125
num_leaves=28
num_cat=0
split_feature=62 26 68 74 65 1 74 9 48 68 41 55 48 20 16 38 42 26 72 41 56 16 62 68 30 20 72
split_gain=16.8953 17.5907 14.4404 14.9372 15.9075 12.7974 12.7494 14.0393 13.2476 15.0643 15.0524 12.2513 21.0697 19.3177 18.4613 16.64 14.7367 11.2231 10.6279 11.7539 9.38026 8.78333 8.74567 7.83521 7.70879 6.71102 5.74296
threshold=0.77344493352896715 0.014003235537249968 0.97486908239256875 0.41418337374910347 1.1503165253759784 0.0056006532950811936 0.025470334984666197 0.03339346410432565 1.1217218813975249 0.14841379599363005 -0.0082484530853665899 1.5450000000000004 -1.3990567642891414 0.68654326494050877 1.0310991417336408 0.9488139972304902 -0.0060172137699345827 0.066024517648199402 0.053069890376532786 -0.0034683084745912303 0.26023314463079561 1.6263464685018609 0.84761932495273606 0.69085146289890209 0.00063551545254347818 -0.47849653060602654 0.38389316155042841
decision_type=8 2 10 10 10 8 8 8 10 10 8 2 10 2 8 8 8 2 8 10 10 8 8 10 8 2 10
left_child=2 5 6 4 -4 22 7 23 9 -8 -10 12 16 14 -13 -15 -3 -14 21 -20 -9 -7 25 -1 -24 -2 -5
right_child=1 11 3 26 -6 18 8 20 10 -11 -12 13 17 15 -16 -17 -18 -19 19 -21 -22 -23 24 -25 -26 -27 -28
leaf_value=-0.0049467830980817664 -0.015715037316543043 -0.0080992847253616388 0.034397529298018502 0.0068920301593259452 0.0050610223154267013 0.020849367260875513 -0.002166911581026526 0.02507797404518778 -0.00073205328345955041 -6.3561685548914644e-05 -0.0068992941990560419 0.011184738345418875 0.0012023762061334803 0.034616525172681177 0.0016836437413813049 0.0029502655396870989 0 0.0060748972178686148 0.0036331958973839745 -0.0047255800586286957 0.0069300023413255991 -0.0016394789097090628 0.0066391281157052581 0.014208332922738249 -0.0093276251496557522 0.0010322802943333333 -0.012268378386431798
leaf_weight=63.409301914274693 15.455795690417288 248.74471339583397 21.277613878250122 19.315297394990921 26.24304310977459 26.558722376823425 2540.0740989632905 28.67855565994978 588.56604474037886 13144.406981490552 429.79453103989363 152.69556990265846 4323.6720061078668 22.382052391767502 777.54663483798504 19.947608217597008 321.75299614667892 317.17267419397831 203.47161880880594 214.45493548363447 51.725917190313339 16.59625943005085 19.041419580578804 15.563402131199835 249.9433983117342 141.93969066441059 17.219187095761299
leaf_count=429 93 1182 101 91 124 144 21811 190 3728 88006 2615 793 22227 105 3965 101 1540 1520 1186 1180 349 82 104 90 1394 821 85
internal_value=-3.62216e-05 0.000989801 -0.000464845 0.00979393 0.0188742 -0.00229624 -0.000517121 0.00648998 -0.000584893 -0.000404813 -0.00334732 0.00146295 0.000979827 0.00403958 0.00326366 0.020359 -0.00354525 0.00153848 0.000576689 -0.000639383 0.0137685 0.0122213 -0.00541342 -0.000922112 -0.00814511 -0.000671433 -0.00204273
internal_weight=24017.7 7071.38 16946.3 84.0551 47.5207 887.462 16862.2 159.377 16702.8 15684.5 1018.36 6183.91 5211.34 972.572 930.242 42.3297 570.498 4640.84 461.082 417.927 80.4045 43.155 426.38 78.9727 268.985 157.395 36.5345
internal_count=154056 36437 117619 401 225 5004 117218 1058 116160 109817 6343 31433 26469 4964 4758 206 2722 23747 2592 2366 539 226 2412 519 1498 914 176
is_linear=0
shrinkage=0.025


Tree=126
num_leaves=30
num_cat=0
split_feature=13 44 36 31 48 55 67 40 60 60 43 51 40 53 30 69 8 53 19 60 50 20 42 15 48 21 50 48 8
split_gain=14.9394 24.7025 19.7436 18.5665 17.9785 19.92 17.1179 41.2903 17.8902 16.403 14.2382 14.1971 13.5976 14.5295 15.7751 13.2007 13.8171 13.4817 12.9159 13.0998 12.6587 13.6336 12.4458 10.8967 9.90111 9.74249 9.05651 8.53248 8.42323
threshold=0.0056323508880087381 0.89474080845758863 0.019377861155671198 -0.015897012452867506 -0.77624399905713226 0.44499999999999995 -0.47814024672782757 0.013568967255500662 0.15231194475352799 0.25985029369308849 0.8493835999432322 1.5750000000000004 0.0082894699117945052 15.945000000000002 0.10545961878069733 0.23454888023854639 0.075441863540086876 12.830000000000002 0.064927409692138741 0.21595781771420552 -0.67500933882620073 0.89169239299661418 0.0084762572009946125 0.90160598757759425 -0.85481293377331458 38.137681657775133 1.0950621455039791 0.77768869850631606 -0.0035425881104538255
decision_type=8 10 10 8 8 2 10 10 10 8 10 2 10 2 10 10 10 2 8 10 10 2 10 10 10 8 10 10 10
left_child=3 2 4 10 11 -6 7 -4 -8 24 20 -2 18 27 -15 16 -11 -17 19 -3 21 -1 26 -22 -5 -20 -12 -14 -26
right_child=1 12 6 9 5 -7 8 -9 -10 15 22 -13 13 14 -16 17 -18 -19 25 -21 23 -23 -24 -25 28 -27 -28 -29 -30
leaf_value=-0.0032769061728921581 0.0074702301088288518 -0.00045955207546551671 0.0018318372716179705 -0.014123565268115125 0.0030447289642162242 1.4703043258814338e-05 0.0047771158722098687 0.01277660251359383 0.00055634223968009113 -0.0061711248570191744 0.0065187226180864269 -0.0028747588301750674 -0.0054323783266589862 -0.0031918107116607483 0.0023614738179904399 0.0025833487275755788 -0.0022061526756935166 -0.003797683284140708 -0.007270655408775098 0.0063082888203421297 -0.00035048001342546638 0.017816788845146109 0.025728402224231079 0.0038397670161776742 0.025335543731475757 -0.00031855170435918473 -0.011373190074155472 -0.015665134316729917 0.0038967392868181623
leaf_weight=705.38357236236334 86.484000761061907 367.1932015940547 755.19211811944842 16.854117318987846 1741.6270508803427 6133.309301674366 782.0174306333065 301.73296342045069 3191.7311512939632 854.8210187703371 178.42289654165506 1438.8051665052772 211.13021992892027 1387.0365301407874 412.83304770290852 509.90548048913479 1566.9728479757905 346.52814391255379 164.60146554559469 343.35066276788712 997.33048880845308 18.408734045922756 18.658910997211933 630.45061419904232 11.063841469585894 535.87463235855103 18.242600694298744 69.095850691199303 243.80405552685261
leaf_count=4835 463 2097 5158 106 10837 38246 3944 2116 17710 7199 1250 7874 1337 9092 2426 3213 12437 2196 1023 2208 8180 111 133 4350 86 3310 113 409 1797
internal_value=6.03685e-05 0.000424765 0.000881605 -0.00100594 0.000204169 0.00068614 0.00214561 0.0049744 0.00139005 -0.00217732 0.00061139 -0.00227787 -0.00146114 -0.00274608 -0.00191317 -0.00266813 -0.00361113 0 0.000428515 0.0028054 4.33033e-05 -0.00270147 0.00674624 0.00126946 0.0037023 -0.00197252 0.00476226 -0.00803818 0.00497106
internal_weight=24038.9 17922 14430.9 6116.85 9400.23 7874.94 5030.67 1056.93 3973.75 3549.95 2566.9 1525.29 3491.12 2080.1 1799.87 3278.23 2421.79 856.434 1411.02 710.544 2351.57 723.792 215.324 1627.78 271.722 700.476 196.665 280.226 254.868
internal_count=154256 108250 86348 46006 57420 49083 28928 7274 21654 27034 18972 8337 21902 13264 11518 25045 19636 5409 8638 4305 17476 4946 1496 12530 1989 4333 1363 1746 1883
is_linear=0
shrinkage=0.025


Tree=127
num_leaves=27
num_cat=0
split_feature=66 44 43 61 4 55 49 51 39 40 42 44 66 38 51 35 3 24 47 74 76 14 21 23 75 62
split_gain=16.4662 13.9934 21.3369 15.4931 24.5812 22.4987 17.0897 15.3887 14.3123 12.7849 22.5422 21.5986 18.3777 15.9378 13.5803 26.6687 20.0767 14.6007 14.0077 13.0567 11.9546 10.1567 13.9237 9.9785 9.18292 4.3046
threshold=0.65877279173889269 1.1696997401120999 2.4790068763587931 1.0948781967305072 0.08576355797701031 0.03000000000000003 -3.1989901238421576 1.7950000000000002 0.047820640939425181 0.01344207458370216 -0.016949745167592522 -0.26915636413246469 0.68300265413566563 1.5421081659067311 1.9850000000000001 -0.046405080139923387 0.081285851997353734 4.9621389969167353 3.1029527699930894 0.97062143141681057 0.75204931801384145 0.0074494845807880237 58.646963459756442 -0.8732219220536267 -0.82684140421239671 0.79695973667084818
decision_type=8 8 10 10 10 2 10 2 10 10 10 8 10 10 2 8 10 8 10 10 8 10 10 8 10 10
left_child=1 3 21 6 7 -6 25 -5 -8 14 11 -11 23 -13 15 16 -2 -17 19 -16 -14 22 -3 -12 -23 -1
right_child=9 2 -4 4 5 -7 8 -9 -10 10 12 13 20 -15 18 17 -18 -19 -20 -21 -22 24 -24 -25 -26 -27
leaf_value=-0.022706793567955949 -0.0034603459425713648 -0.0035551577681080201 0.02807425780623243 0.020290471918153419 0.031022960352826884 0.00028713669462275402 -0.00019456585519475361 0.0056280909915034857 -0.0029379443665236275 -0.016366006873847719 -0.0090233422054367719 0.012538617648426981 -0.0019680151531117399 -0.0063089924079062429 0.0020217443822832652 0.0014899199690250494 0.0077501130656323809 0.016253319768882349 0.018605553167444954 -0.0068378536399644032 -0.0080619515380688928 0.0037306193001117082 -0.012835473575950019 0.01377807075688873 -0.0030388541368606735 -0.0054998390166006578
leaf_weight=25.123289585113525 1357.9568961188197 382.94713245332241 12.347368538379667 61.711107805371284 13.901006884872912 1100.4195905998349 10254.417813260108 168.91375594586134 1344.5154278092086 22.709113731980324 13.954940803349016 142.83669148385525 521.46227971464396 33.453070715069771 5081.2623392418027 1930.5804345980287 106.2718477845192 41.744804106652737 30.255967676639557 104.62335975468159 332.2226068675518 162.8695582523942 138.8016368187964 54.688539408147335 520.76788017526269 17.437341645359993
leaf_count=150 7738 2979 80 397 82 6947 73008 1154 9482 126 86 703 2816 163 27881 10546 507 209 129 524 1970 1134 1096 334 3580 87
internal_value=2.30942e-05 -0.000520015 -0.00308176 -0.000278961 0.0022592 0.000710245 -0.000573042 0.00966856 -0.000513488 0.000813106 -0.00169462 0.00589963 -0.00334679 0.00890133 0.00113915 -7.89877e-05 -0.00263591 0.00181588 0.00194296 0.00184002 -0.00435631 -0.00343473 -0.00606214 0.00895986 -0.00141143 -0.0161725
internal_weight=23978.2 14204.2 1217.73 12986.4 1344.95 1114.32 11641.5 230.625 11598.9 9774.02 1121.33 198.999 922.328 176.29 8652.7 3436.55 1464.23 1972.33 5216.14 5185.89 853.685 1205.39 521.749 68.6435 683.637 42.5606
internal_count=153908 100176 8869 91307 8580 7029 82727 1551 82490 53732 6198 992 5206 866 47534 19000 8245 10755 28534 28405 4786 8789 4075 420 4714 237
is_linear=0
shrinkage=0.025


Tree=128
num_leaves=28
num_cat=0
split_feature=37 46 70 49 53 65 64 48 48 42 60 19 4 49 73 1 41 50 57 19 53 35 31 38 77 15 75
split_gain=16.1551 14.3583 13.7537 14.1484 24.9152 33.7679 20.3267 13.2754 18.0304 15.8712 12.7068 12.3165 14.1252 14.7527 11.977 13.3391 10.0167 20.4744 13.0083 9.83453 9.33403 16.8214 12.0886 8.18949 7.94386 7.00172 5.85769
threshold=1.0339922016411689 2.3090244480678956 0.90589410546671123 0.28847580821894081 13.225000000000003 -1.2150800542242535 0.1025372814075743 -0.77624399905713226 0.77768869850631606 0.0047667399519543902 0.47165691686578237 -0.022708165145198796 -0.10680212694510409 2.4337180495533048 1.5728404711842343 -0.013702898716957733 -0.016691278188691202 -0.49003468372669878 1.4084671945542959 0.095828334353442637 21.265000000000004 -0.0019179978388167427 -0.069993885355459903 -0.35489845419071114 -0.72511995591435519 1.9819027627927708 0.34807952415462462
decision_type=10 8 10 8 2 8 8 10 10 10 10 10 8 10 10 10 10 10 10 10 2 10 10 10 8 10 8
left_child=2 10 3 7 5 -5 -6 9 -9 -1 14 12 23 -14 24 -16 17 -13 -18 25 22 -22 -12 -4 -2 26 -3
right_child=1 19 11 4 6 -7 -8 8 -10 -11 20 16 13 -15 15 -17 18 -19 -20 -21 21 -23 -24 -25 -26 -27 -28
leaf_value=-0.0017966096290980439 -0.0051750537816114568 0.018107030031466027 -0.015428187869804428 0.040682213504841802 -0.0082184094376533037 0.0014343066055525499 -0.0015778023866289709 0.0011212500652907314 -0.0016406409382290878 0.0059763989750608818 0.0056812442947989312 0.0039944065859631893 0.0067942052401952328 0.026648421273857182 -0.013029791411968403 0.011540552004984765 0.0069115088818102119 -0.0061304575501303213 0.00037922113082110238 0.017955555045187092 -0.015175632315055941 0.0036956971533872807 -0.0055305123591970016 0.0019793872243997531 0.00027642213285249991 -0.0083017880721314406 -0.0015607776934397591
leaf_weight=2406.7344971187413 227.49121887236834 17.732922784984112 23.292178869247437 12.665914081037043 310.75435352325439 1317.1210650913417 3910.2466436475515 10017.206817492843 1729.8172097355127 174.66424057632685 62.077191479504108 221.71511948108673 292.90470391139388 24.847794413566589 15.032881543040274 88.129517711699009 303.71056596189737 281.40135737508535 515.41749765723944 33.970807954668999 33.808729313313961 186.00318579375744 1070.4166784994304 51.955346651375294 611.27158070355654 25.954787015914917 17.303497046232224
leaf_count=13329 1411 99 118 144 3089 9062 25581 67497 9918 1056 326 1269 1594 111 81 503 1857 1876 2799 150 218 1125 6642 261 3642 120 96
internal_value=-8.86009e-05 -0.00203891 0.000126934 -5.80827e-05 -0.00112983 0.00185011 -0.00207066 0.000356644 0.000713781 -0.00126523 -0.00243694 0.00227414 0.00615724 0.00846471 -0.000198582 0.00777963 0.00110979 -0.00165484 0.00281693 0.00740955 -0.00398892 0.000692572 -0.00490397 -0.00346846 -0.00119849 0.00118193 0.00845666
internal_weight=23983.6 2389.19 21594.5 19879.2 5550.79 1329.79 4221 14328.4 11747 2581.4 2294.23 1715.24 393 317.752 941.925 103.162 1322.24 503.116 819.128 94.962 1352.31 219.812 1132.49 75.2475 838.763 60.9912 35.0364
internal_count=153974 14413 139561 129676 37876 9206 28670 91800 77415 14385 13948 9885 2084 1705 5637 584 7801 3145 4656 465 8311 1343 6968 379 5053 315 195
is_linear=0
shrinkage=0.025


Tree=129
num_leaves=19
num_cat=0
split_feature=69 46 48 9 39 53 28 19 11 0 38 48 50 24 24 28 39 19
split_gain=16.0442 16.9531 14.5046 26.3897 23.0103 17.7072 12.777 12.3341 12.2479 10.346 15.7013 12.5731 9.86951 13.4502 11.6832 13.0118 3.90069 2.6657
threshold=-2.6252637810336137 0.56073525643046762 -0.41189310831390852 0.2114757524035468 0.011955540535556365 12.735000000000001 0.029957402349560024 0.076801888034988122 0.0044400786012765156 0.01907953294838927 1.4247062594760018 0.89992478245102825 1.4694844335202586 0.13954413663109122 -0.45086446406701985 0.30076169881522402 0.0034876241680122937 0.092373263290201804
decision_type=8 8 10 10 10 2 8 8 8 8 10 10 10 10 10 10 10 8
left_child=12 2 3 5 -5 -2 16 -8 17 11 -11 -10 13 14 -1 -16 -4 -3
right_child=1 8 6 4 -6 -7 7 -9 9 10 -12 -13 -14 -15 15 -17 -18 -19
leaf_value=0.021631402867704565 -0.012915159175066096 -0.0048976691310999932 -0.004652506569323105 0.019330218303706515 -0.0032635051329643139 -0.0038302071888107166 0.0011272215723297752 -0.0024409620317838421 0.00017666890506033117 0.0028650415248588149 -0.001705571213493648 -0.0017175644291476761 -0.0072087031256477946 0.03214481384128285 0.010174363685586142 -0.01852022714888861 -0.016917459068603237 -0.023303933761067576
leaf_weight=22.215004153549671 214.71783660724759 9.807209447026251 33.936502285301685 45.87696286290884 68.392766006290913 367.327392462641 1208.5601337514818 1207.9899168014526 15751.542282499373 1773.8678827807307 635.6956650391221 2542.01010414958 15.950992584228514 17.924786910414696 25.042387574911118 14.613695017993448 37.084344137459993 15.300973929464819
leaf_count=139 1775 81 297 327 477 3024 9845 10263 98881 10023 3482 14572 84 109 165 85 304 134
internal_value=-0.000124901 -0.000166351 -0.00186457 -0.00505331 0.00584908 -0.0072142 -0.00096697 -0.000653673 9.42292e-05 0.000116245 0.00165585 -8.62328e-05 0.0100236 0.0136166 0.00762038 -0.000449716 -0.0113353 -0.0169509
internal_weight=24007.9 23912.1 3183.89 696.315 114.27 582.045 2487.57 2416.55 20728.2 20703.1 2409.56 18293.6 95.7469 79.7959 61.8711 39.6561 71.0208 25.1082
internal_count=154067 153485 26312 5603 804 4799 20709 20108 127173 126958 13505 113453 582 498 389 250 601 215
is_linear=0
shrinkage=0.025


Tree=130
num_leaves=20
num_cat=0
split_feature=13 26 25 64 42 51 58 54 56 40 60 36 54 11 62 27 51 51 27
split_gain=18.4589 13.5574 13.1314 12.7428 14.5445 15.8141 11.8406 14.2603 11.4382 16.1766 15.9884 9.34557 9.02368 8.68908 14.0996 9.16767 8.56129 7.01076 6.20511
threshold=0.0028531738675309569 0.0099550572882106548 1.0000000180025095e-35 0.1025372814075743 0.0014135478315374782 1.425 0.30801254559474617 118.01775000000002 0.54354644043308586 0.0074529989177442605 0.15231194475352799 -0.11082182428437552 113.62130000000001 0.0059027237060835609 0.070011271002070732 -0.00081234043693253078 1.0150000000000003 2.1750000000000003 0.0032642942163817221
decision_type=8 2 10 8 10 2 8 2 8 10 10 8 2 8 10 10 2 2 10
left_child=2 11 -1 4 16 -6 17 12 9 -5 -10 -2 -8 14 -13 -15 -3 -4 -19
right_child=1 3 6 8 5 -7 7 -9 10 -11 -12 13 -14 15 -16 -17 -18 18 -20
leaf_value=0.015123542409172569 -0.018715787209338929 -0.0086239020798615264 -0.0089274741849316597 0.00069029969328371398 0.0015993460628321984 -0.0071143804442000127 -0.0040071345039618842 0.023021182839478533 0.0032035369583602938 -0.001236236002373256 0.00049438834321187993 -0.0011371955761161402 -0.010407182060112033 -0.0046159944645474023 0.02172087874440648 -0.00093799178807609798 0.0031243580571443793 0.013512684266907589 -0.0046923072634783925
leaf_weight=20.407908849418163 19.333589471876621 43.119746319949627 16.676448032259941 5809.1807351969182 176.63172963634133 476.49755508080125 414.15134833008051 9.3545402362942678 1661.0447562485933 5124.0957321822643 7590.6678995452821 47.63617779314518 212.44850263372064 602.7055495120585 24.355829354375601 1446.7851030565798 298.85308386012912 43.517913464456797 14.434271257370709
leaf_count=151 121 348 137 35508 1523 5017 3446 78 9303 31320 46508 449 1858 4451 203 10812 2628 352 113
internal_value=-0.000116013 6.38075e-06 -0.0040246 0.000198377 -0.00256081 -0.00474777 -0.00460964 -0.00572054 0.000334918 -0.00021196 0.00098195 -0.00188867 -0.00620476 -0.0017213 0.00672285 -0.00202533 0.00159618 0.00469884 0.00884833
internal_weight=24051.9 23320.9 730.991 21180.1 995.102 653.129 710.583 635.954 20185 10933.3 9251.71 2140.82 626.6 2121.48 71.992 2049.49 341.973 74.6286 57.9522
internal_count=154326 148191 6135 132155 9516 6540 5984 5382 122639 66828 55811 16036 5304 15915 652 15263 2976 602 465
is_linear=0
shrinkage=0.025


Tree=131
num_leaves=27
num_cat=0
split_feature=13 76 47 3 52 47 41 46 48 40 31 63 53 65 44 48 73 77 35 53 69 31 32 28 23 56
split_gain=17.9501 13.1195 14.5837 12.9323 19.4457 19.8675 23.2607 17.8036 14.0968 20.6148 24.1236 18.7855 18.3997 14.4509 13.0695 12.3666 12.2729 12.0018 11.1525 10.6795 9.60221 6.40792 6.07207 6.00016 5.96674 7.34668
threshold=0.0035721554278225292 0.0043336995614652891 -0.16227267156979783 0.036556765360589501 0.14500000000000005 -0.37360246083192622 -0.022985510043434128 0.39197532376598471 -0.77624399905713226 0.0062157165862503161 -0.0045169616543193061 3.447116393408626 21.450000000000003 -0.27429050713262337 -0.14892821228783007 1.0964266415383688 1.1754997473307867 -1.0185131290487319 -1.0000000180025095e-35 14.225000000000003 -1.8998800890745688 -0.0012745422754237288 0.29866074077752497 0.69565317546218208 -0.4672152558603499 0.81643519151379296
decision_type=8 8 10 8 2 8 10 8 8 10 8 10 2 8 10 10 10 8 8 2 10 10 8 8 8 10
left_child=1 24 20 8 5 6 -5 17 11 10 -10 12 -2 -11 -7 18 -9 -6 -4 -13 23 -17 -22 -3 -1 -26
right_child=3 2 15 4 7 14 -8 16 9 13 -12 19 -14 -15 -16 21 -18 -19 -20 -21 22 -23 -24 -25 25 -27
leaf_value=-0.0021250890472874107 -0.0035977597949035656 0.024273229927334369 0.0025426407762750361 -0.0013878131772250956 0.0085575000910856486 0.0066243773972285902 0.030805329300977798 0.0012761479828459976 0.0017032321434563989 -0.0021123457014753854 -0.0055791628534544377 0.020023686304932828 0.0028339187890379187 0.00011661533966376317 -0.00052482528723170015 -0.022019123546736408 -0.0017613806777162821 -0.0059139871351113872 -0.0027908251989551582 0.0013483830746788767 -0.0081870870915308255 -0.0025809987022825673 -0.024522834904211116 -0.0044971769245475404 0.0022404760293629421 0.027608151233097952
leaf_weight=14.303680948913096 1817.9176987409592 7.8213760517537567 331.015325833112 21.648711189627647 38.177368856966496 374.24693340808153 36.045529760420322 5748.1285933032632 4588.5881896913052 3181.029754485935 301.50863344967365 34.070447891950607 325.90150160342455 4226.1242255419493 274.79899850487709 27.08273720741272 968.95228931307793 371.10473834350705 923.2570038959384 44.30831216275692 256.22258530184627 19.044699169695377 14.859300769865511 7.7590255178511152 13.640544913709165 16.233118779957294
leaf_count=98 10263 88 2602 115 272 2309 204 34357 29785 24626 2175 156 1783 24011 1669 184 5644 3002 7323 202 2506 129 110 80 103 107
internal_value=-8.25796e-05 -0.0026135 -0.00299414 0.000101916 0.000920791 0.00487386 0.0188159 0.000526948 -0.000339382 -7.55253e-06 0.00125143 -0.0021713 -0.00261549 -0.000839795 0.00359057 -0.00185757 0.000836626 -0.00452476 -0.00137621 0.00974012 -0.00809475 -0.0144211 -0.0092142 0.0102016 0.0106132 0.0168003
internal_weight=23983.8 1631.24 1587.06 22352.6 7833.1 706.74 57.6942 7126.36 14519.4 12297.3 4890.1 2222.2 2143.82 7407.15 649.046 1300.4 6717.08 409.282 1254.27 78.3788 286.662 46.1274 271.082 15.5804 44.1773 29.8737
internal_count=153903 13330 13022 140573 47572 4297 319 43275 93001 80597 31960 12404 12046 48637 3978 10238 40001 3274 9925 358 2784 313 2616 168 308 210
is_linear=0
shrinkage=0.025


Tree=132
num_leaves=31
num_cat=0
split_feature=13 31 33 46 33 28 3 52 53 53 61 73 60 55 44 72 43 12 26 38 72 78 77 46 15 25 12 25 63 47
split_gain=17.6968 20.0071 16.6926 17.5711 15.1727 13.2977 11.8074 11.7795 26.0383 12.6323 11.2894 19.0663 12.3944 11.0516 10.8694 14.6468 17.2382 14.3317 12.4871 13.7878 10.1876 10.1659 9.97557 9.85322 8.89808 8.86119 8.71143 8.32019 6.90464 5.02556
threshold=0.0038078607101044229 -0.019171566484677934 0.026897580186262818 0.5886159717399243 0.010627133649379507 0.9925231571349612 0.051224625886685644 0.16500000000000004 32.415000000000006 16.855000000000004 -0.19989735065790853 0.88302665807634839 0.83987628443480611 1.2650000000000003 0.89474080845758863 0.016895478184851164 -0.78949913567166596 0.0069675574536995407 0.0087741937726960543 9.702859581533307 0.94037737501094487 0.60694917332377607 0.24423575207867038 0.9529993404207916 1.2622361025879878 1.1237470339320257 0.0078940247229982493 1.0753027461129958 -0.79106896898431789 0.060715068442725305
decision_type=8 8 8 8 10 8 10 2 2 2 8 10 10 2 10 10 10 10 2 10 10 10 10 10 10 8 10 8 10 10
left_child=1 4 14 5 22 21 25 8 -5 -9 11 23 27 -14 18 16 -16 -17 26 -20 -13 -4 24 -3 -1 -6 -2 -12 -24 -8
right_child=2 10 3 7 6 -7 29 9 -10 -11 12 20 13 -15 15 17 -18 -19 19 -21 -22 -23 28 -25 -26 -27 -28 -29 -30 -31
leaf_value=0.00061028289936179746 -0.010275752047191068 0.0075512406975907958 -0.00044131722091412287 0.0044723358382260095 -0.0051004263004687305 0.017685063756441105 0.007608016410430388 0.0030585435070167818 0.028915004986666444 -0.00034083954963954276 -0.0078217922801876345 -0.014904235290370396 -0.0025996850243097608 0.0089509828103507324 0.016856514749098803 0.018889896218622235 3.2851835473632654e-05 -0.0020207500941986085 0.0004734277609793762 -0.0060693623326987306 0.0018196145711132355 -0.0079450028895203511 0 -0.0031507003990795014 -0.012649418268751529 0.01682513589964504 -0.0018907034151859762 -0.0029955496287711516 0.029434554147663935 0.02824354289774746
leaf_weight=279.62181980162859 86.416145537048578 171.53367295488715 279.10275106877089 478.07316120713949 29.156523421406746 17.963276885449886 13.246862232685087 1782.1715951114893 27.925203882157803 1101.1697994545102 582.80627675354481 60.985073018819094 249.94315346330404 63.978750862181187 55.894180744886398 19.37951073795557 116.92845382541418 2825.3320443630219 14072.65010490641 202.89042546600103 34.368774205446243 191.05815931409597 8.6914305835962313 76.100428014993668 34.358023419976234 17.177241798490286 723.88421989604831 375.22621705755591 10.727128408849238 25.988535724580288
leaf_count=2226 728 1447 2122 2716 239 112 94 9763 167 6372 4921 536 1890 473 277 183 579 18347 88575 1123 283 1372 82 522 232 138 5311 3156 87 162
internal_value=4.5621e-05 -0.00218432 0.000252409 0.00174084 0.00266806 -0.00268184 0.0119821 0.00238072 0.00590129 0.00175809 -0.00344886 0.000555521 -0.00453406 -0.000196683 -6.607e-05 -0.00143576 0.00559576 -0.00186776 0.000207497 0.000379411 -0.00885101 -0.00351895 0.000220716 0.00423295 -0.000859533 0.00308977 -0.00280806 -0.00594546 0.0170845 0.0218945
internal_weight=24014.7 2033.91 21980.8 3877.46 418.968 488.124 85.5692 3389.34 505.998 2883.34 1614.94 342.988 1271.95 313.922 18103.4 3017.53 172.823 2844.71 15085.8 14275.5 95.3538 470.161 333.398 247.634 313.98 46.3338 810.3 958.032 19.4186 39.2354
internal_count=154235 16488 137747 22624 3260 3606 633 19018 2883 16135 13228 2788 10440 2363 115123 19386 856 18530 95737 89698 819 3494 2627 1969 2458 377 6039 8077 169 256
is_linear=0
shrinkage=0.025


Tree=133
num_leaves=30
num_cat=0
split_feature=26 33 40 42 4 48 21 19 36 44 57 36 23 48 64 35 44 27 43 56 59 46 14 49 45 61 42 11 14
split_gain=18.4476 14.9719 16.5962 17.4632 20.3031 14.5693 14.0939 16.5744 19.6615 14.9247 22.0128 18.7763 13.9958 13.3659 14.6959 13.1421 13.1116 10.7168 21.6002 13.9614 10.8392 10.2041 10.3023 8.51063 7.21413 9.61378 7.74878 6.92009 7.69656
threshold=0.02001819331757046 0.006263654056511748 0.010517183445472056 -0.015535841901779581 -0.042991767922845585 -1.7815564614267674 73.586343206167257 -0.027527571227361155 0.090053527123081692 0.15336846465989593 0.056078182187664409 -0.020700502668360096 2.789294910856206 -0.70657007025587981 0.95937565144882231 -0.01079467121258859 -0.16400381242410153 -0.00075461560884927702 -0.13613365688047036 0.81643519151379296 -1.5015622443817433 2.4576421313538788 0.017426728229031515 -2.2810907158257518 -0.017237329453929726 -1.2320496414526096 -0.0050049462666940997 0.010113113651817846 0.0048290285158924867
decision_type=2 8 10 10 8 8 10 8 10 10 8 10 10 10 8 8 8 10 10 10 8 10 10 10 10 10 10 10 10
left_child=12 2 13 4 -4 -5 9 8 -8 10 -3 -11 17 14 -2 -9 -15 18 19 -1 -20 22 -19 -23 27 -26 -27 28 -14
right_child=1 6 3 5 -6 -7 7 15 -10 11 -12 -13 24 16 -16 -17 -18 21 20 -21 -22 23 -24 -25 25 26 -28 -29 -30
leaf_value=-0.0035616837308124812 -0.0037147490407450304 0.00049633979937584595 -0.0010223915515699207 -0.015139116230256669 0.014682471342834947 -0.0022670745867386199 -0.0017041721093579408 -0.010167961818390941 0.020842938999594718 0.0044115663871228143 0.0057185792462837578 -0.0013084110861508805 -0.0036893271313177302 -0.00056718553038746713 0.0027362443485441125 -0.00084720781145071694 0.0028686080582379266 0.00013313991946626466 0.011278676189794536 0.0012144420611000422 0.00041822325165895665 0.00055555522502359091 -0.0048590490588514825 0.024125756301060411 0.014199904686952312 0.0091572637678119292 -0.010265881028856134 -0.0082207261010551324 0.018987167340474471
leaf_weight=2379.1115942113101 677.37444739788771 790.45926933735609 137.00649382919073 55.83524489402771 80.302808120846748 1764.92896739766 50.299245268106461 108.66403178870678 44.084015175700188 545.720663651824 1410.6906518451869 1038.4601468630135 15.828017167747019 1045.8625006228685 324.78905271738768 699.5163036622107 2042.3189781717956 8167.2815349474549 58.55803395062685 452.53896414116025 1554.373196657747 19.683151215314865 265.58775456994772 18.893988698720932 10.340113643556831 12.353734560310839 210.72379711642861 24.257718227803707 19.18283100053668
leaf_count=16858 3661 4586 721 279 368 11107 271 629 210 3024 7980 6307 127 6077 1626 4016 12049 56970 319 3041 10274 89 1460 83 67 76 1633 154 140
internal_value=1.71578e-05 0.000782956 -2.93851e-05 -0.00187299 0.0047955 -0.00267563 0.00184625 -0.000953963 0.008878 0.002516 0.00384791 0.000659131 -0.000609383 0.000887667 -0.00161581 -0.00212291 0.00170283 -0.000485956 -0.00148001 -0.00279555 0.000825254 3.48298e-05 -2.38656e-05 0.0126677 -0.00600638 -0.0079815 -0.00911357 0.00165225 0.00874573
internal_weight=24025 10816.3 6128.42 2038.07 217.309 1820.76 4687.89 902.564 94.3833 3785.33 2201.15 1584.18 13208.7 4090.34 1002.16 808.18 3088.18 12916 4444.58 2831.65 1612.93 8471.45 8432.87 38.5771 292.686 233.418 223.078 59.2686 35.0108
internal_count=154202 62911 35888 12475 1089 11386 27023 5126 481 21897 12566 9331 91291 23413 5287 4645 18126 89094 30492 19899 10593 58602 58430 172 2197 1776 1709 421 267
is_linear=0
shrinkage=0.025


Tree=134
num_leaves=30
num_cat=0
split_feature=15 39 4 40 51 48 25 39 60 50 23 28 29 44 21 18 47 4 51 75 70 18 44 25 19 51 39 67 14
split_gain=18.0162 24.9069 19.2992 23.0779 15.9883 21.3988 14.6274 13.992 26.873 18.9558 19.4009 16.4968 13.7579 13.6729 15.8116 16.2154 14.4537 13.0424 11.3136 10.9409 10.8769 9.89888 9.83283 8.91593 8.27398 12.3995 11.3658 4.99637 3.35436
threshold=1.9819027627927708 0.051227593454310501 0.10762337647494026 0.0083401591822322169 1.675 0.99931401036723688 0.66650953419388859 0.051227593454310501 0.36747675891726 0.91288752697620734 -1.1118037736987347 0.095952622869994494 -0.027307658744377013 1.1696997401120999 79.500894824312141 0.099137935697545268 1.5985890596540504 -0.42098620249127217 2.5050000000000003 -1.7443809531555912 0.049060133164152954 -0.046726230640573012 -0.29439276683954102 0.76230338069300163 -0.075422817971384046 1.7850000000000004 0.06372067026789198 1.1627556743124741 0.016246760485905048
decision_type=8 10 10 10 2 10 10 10 8 8 8 10 10 10 10 10 10 10 2 10 10 8 10 10 10 2 10 8 10
left_child=7 2 4 12 5 -2 -5 13 11 10 -10 28 -4 14 15 -1 -16 23 24 -13 -19 -6 -11 -15 25 -3 -26 -20 -9
right_child=1 18 3 6 21 -7 -8 8 9 22 -12 19 -14 17 16 -17 -18 20 27 -21 -22 -23 -24 -25 26 -27 -28 -29 -30
leaf_value=0.00010698257579249375 0.0013346277681794097 0.010537538596903442 -0.0021070109694572431 0.031467186525647908 0.0045519786463926095 -0.010461510766396285 0.0096351648996553171 -0.017855547373483764 0.0057288008156089667 -0.018211888718314709 -0.0043264280052879665 0.006993957269067411 0.0054317738405395503 -0.0014959325620458339 -0.0035676442847091617 0.0034366086306291035 0.010894436213297788 -0.006721925040032853 0.0051232450173278833 0.00032973321382543611 -0.0015653478786442868 -0.00038834547136641054 -0.0064268801041044259 0.018760155390919724 0.015195698502430766 0.031466246820494238 0.0010144293249269563 -0.012312638566941952 -0.0020654263812059188
leaf_weight=14977.67285021767 178.92577196657658 62.397706627845764 248.73948067426682 24.301638007164001 337.07091987133026 203.40253990888596 94.760831907391548 29.840486705303192 133.82092555984855 82.484317488968372 1044.159459926188 221.33281765878201 378.84794880449772 22.503079816699028 962.60249330848455 972.85404318571091 43.841892212629318 298.23385648429394 19.381370559334755 508.6520684286952 1821.885745331645 1002.4148312211037 104.43099726736546 30.216439962387085 61.994605123996735 26.021549597382545 83.31774865090847 18.822112292051315 13.569043055176733
leaf_count=99489 932 281 1235 111 1623 1098 443 196 908 544 7111 1503 1955 114 6641 5428 221 1675 95 2999 12234 5426 704 153 325 119 418 87 73
internal_value=-8.90846e-05 0.0018179 0.0010213 0.00437557 -0.00043093 -0.00493458 0.0144231 -0.000335241 -0.0022528 -0.0043625 -0.00317311 0.00146173 0.00243359 -0.00012038 0.000118505 0.000310776 -0.00291799 -0.00198714 0.00898517 0.00236876 -0.00229764 0.000852215 -0.0117504 0.010134 0.0110468 0.0171193 0.00719068 -0.0033901 -0.0132763
internal_weight=24008.5 2740.4 2468.46 746.65 1721.81 382.328 119.062 21268.1 2138.29 1364.9 1177.98 773.394 627.587 19129.8 16957 15950.5 1006.44 2172.84 271.935 729.985 2120.12 1339.49 186.915 52.7195 233.732 88.4193 145.312 38.2035 43.4095
internal_count=154141 14148 12823 3744 9079 2030 554 139993 14038 9267 8019 4771 3190 125955 111779 104917 6862 14176 1325 4502 13909 7049 1248 267 1143 400 743 182 269
is_linear=0
shrinkage=0.025


Tree=135
num_leaves=29
num_cat=0
split_feature=33 19 12 27 46 14 47 52 12 53 52 18 72 68 53 60 48 52 51 14 48 35 33 61 52 1 20 49
split_gain=13.9481 18.1708 16.5011 26.7683 21.8716 20.728 14.4083 32.973 23.0466 13.7622 13.4838 26.3434 13.3934 15.5974 13.8898 12.9082 11.9799 17.272 16.0344 11.9177 11.8132 21.4256 14.7445 11.6229 10.1397 9.52935 8.31814 7.37955
threshold=0.0050745840877395318 -0.0057218113225487857 0.036646452020917542 0.0086313942757325814 0.99980590511154555 0.019454329216345618 -0.3292038911238801 0.115 0.014528011208482849 13.555000000000001 0.16500000000000004 -0.024105378851303146 0.95953137050310766 0.1206720259502151 10.4 0.02098638197417332 0.1304916785744086 0.115 1.425 0.03489894189774817 -1.5182787202554897 0.25722651429653715 -0.020455978094311208 3.2376139196343092 0.45500000000000007 0.010663231573769473 0.49595691294199246 -1.3606136459994402
decision_type=8 10 10 10 10 10 8 2 8 2 2 8 10 8 2 10 10 2 2 10 8 8 10 8 2 10 2 8
left_child=6 12 16 5 -5 -4 7 -1 9 -9 11 25 13 26 -15 27 18 -18 -3 -10 21 -12 -22 -13 -17 -8 -2 -14
right_child=1 2 3 4 -6 -7 10 8 19 -11 20 23 15 14 -16 24 17 -19 -20 -21 22 -23 -24 -25 -26 -27 -28 -29
leaf_value=0.034882130331737329 -0.0061641997160619801 0.0051356695025245903 0.023846055272883235 0.01743545851529171 -0.010281315500217689 0.0050378431296501294 -0.0096413943980354026 -0.010295797846035057 -0.00010968685681655173 -0.0033823504036791692 -0.0056231085194955203 -0.00087184500590989161 -0.014188504322488081 0.014930747668127759 0.0021162782424594246 -0.0010196602831346686 -0.013603049815767397 -0.0011873569163867292 7.0061410439248986e-05 -0.016004038498625028 0.0016220755972751095 0.013442796588779985 -0.00038787326412962177 0.018720307604483628 0.018726668328603209 0.0054242940635946483 0.011779627186217395 0.0051917211610496717
leaf_weight=13.406568154692648 193.22306251898408 438.72845403105021 61.6113670617342 21.827593572437763 76.089313507080078 93.091512754559517 319.58880418539047 303.51480805128813 1110.4152476713061 455.97178184613585 398.62457139790058 1082.2523886859417 15.087886974215506 52.919077172875404 2880.6221052035689 19.30750597268343 70.908947102725506 2643.4077714346349 3509.0886659547687 29.122252434492111 3531.740396399051 39.243038907647133 6426.9409912638366 18.040739491581917 79.61200213059783 27.162437200546265 16.246662326157093 48.477381154894829
leaf_count=79 1532 2875 338 128 395 466 2013 2625 6574 3987 1992 7160 68 290 16957 109 440 16897 23554 162 21124 178 42891 88 472 172 109 286
internal_value=2.6071e-05 0.000725878 -1.95808e-06 0.00625322 -0.00389075 0.0127023 -0.000493334 -0.00250639 -0.00279615 -0.00616693 -0.000167425 -0.00242771 0.00225015 0.00188325 0.00235601 0.00923567 -0.000241355 -0.00152033 0.000636301 -0.000538869 0.000146695 -0.00386521 0.00032429 -0.000523753 0.0148316 -0.00842505 -0.00467769 0.000298159
internal_weight=23976.3 10220.2 6914.75 252.62 97.9169 154.703 13756 1912.43 1899.02 759.487 11843.6 1447.04 3305.5 3143.01 2933.54 162.485 6662.13 2714.32 3947.82 1139.54 10396.5 437.868 9958.68 1100.29 98.9195 346.751 209.47 63.5653
internal_count=153961 64916 45093 1327 523 804 89045 13427 13348 6612 75618 9433 19823 18888 17247 935 43766 17337 26429 6736 66185 2170 64015 7248 581 2185 1641 354
is_linear=0
shrinkage=0.025


Tree=136
num_leaves=27
num_cat=0
split_feature=46 13 54 9 47 54 41 54 54 41 57 53 19 42 58 47 58 54 39 48 16 54 48 47 51 79
split_gain=15.2785 16.3969 14.6437 28.2204 22.2964 23.1332 19.9345 32.6027 19.8472 19.3569 17.853 16.913 20.1205 19.3215 13.5215 13.2428 12.6618 13.7586 10.2164 9.73591 17.4079 13.5229 13.053 17.5434 13.3775 6.23651
threshold=0.76555518431119107 0.0033070904365550395 116.08025000000002 0.20889892649820244 -0.0067900816564157975 113.80300000000001 -0.025688037789057813 116.82505000000002 116.80740000000002 -0.0097053306731160176 0.55605965267623769 18.915000000000003 0.043567282150364435 0.0072177009923801586 0.45178275417822711 -1.1487171697259837 0.16020828394053549 117.69545000000001 -0.05608314278748882 -1.5890170975447051 0.75901552187804733 116.08025000000002 0.37535492942123055 0.83199595232251433 1.7850000000000004 -1.9675594575294693
decision_type=8 8 2 10 10 2 10 2 2 10 10 2 8 10 10 10 8 2 10 8 10 2 8 10 2 10
left_child=2 16 4 8 5 15 18 -8 10 -7 -4 12 -6 -13 -10 -1 -2 25 -5 20 -3 -22 23 -21 -24 -18
right_child=1 19 3 6 11 9 7 -9 14 -11 -12 13 -14 -15 -16 -17 17 -19 -20 22 21 -23 24 -25 -26 -27
leaf_value=0.014984977897950766 0.015415291536994245 0.018459808654350297 0.0070530266372600958 0.020699189273969368 0.0042063360664956438 -0.0031102267355509285 0.032528768594138086 0.0060813087104237586 -0.0078629315441933832 -0.011575983820338689 -0.0061751016918907484 -0.0063538630370951676 -0.00078637235794063245 0.0035241445840901 0.00046412330447170288 -0.002153254879290942 0.0095858931180518095 0.018819434368557195 -0.0019848540234656299 0.00062164107594453238 -0.0019660961076829412 -0.015196326619173452 -0.0013671902991875325 0.0031695718212098817 0.00093333618708051405 -0.0054171415978401102
leaf_weight=27.402862846851349 19.682270415127277 23.429310366511345 269.78950099274516 13.125016551464794 733.94725642353296 343.19222622364759 45.767769388854504 81.068396717309952 250.7688694447279 339.38647890090942 81.793794814497232 476.42853370308876 1602.1599271595478 165.10378012806177 232.70558536797762 1592.7867162525654 16.450440235435963 14.333647213876246 90.010666575282812 7729.9998507425189 729.37643980234861 50.847054943442345 3321.3232424929738 2164.7428921535611 3007.922812923789 565.39536763727665
leaf_count=181 124 102 2056 87 4856 3008 317 556 1890 2946 671 3371 11929 1109 1900 13404 101 111 617 47911 3539 258 19623 11598 17594 4172
internal_value=-4.40327e-05 0.000334015 -0.00109624 0.00157305 -0.00163628 -0.00348308 0.00930511 0.0158987 -0.000557665 -0.0073434 0.00394378 -0.0002047 0.000780359 -0.00379817 -0.00384826 -0.00184789 -0.00366801 -0.00434029 0.00103489 0.000479451 -0.00220246 -0.00285992 0.000612914 0.00118014 -0.000272729 -0.00496124
internal_weight=23988.9 17643.5 6345.44 1065.03 5280.41 2302.77 229.972 126.836 835.058 682.579 351.583 2977.64 2336.11 641.532 483.474 1620.19 615.862 596.179 103.136 17027.6 803.653 780.223 16224 9894.74 6329.25 581.846
internal_count=154031 105133 48898 8094 40804 19539 1577 873 6517 5954 2727 21265 16785 4480 3790 13585 4508 4384 704 100625 3899 3797 96726 59509 37217 4273
is_linear=0
shrinkage=0.025


end of trees

feature_importances:
cs_z_vol_60d=173
beta_60d_ff_rmw=145
beta_60d_ff_hml=138
dgs2_pit=138
beta_60d_ff_mktrf=135
dgs10_pit=135
beta_60d_ff_smb=124
cs_rank_vol_60d=122
yield_10y_2y_spread_pit=116
usd_index_pit=106
cs_z_momentum_120d=100
spy_vol_20d=91
cs_rank_vol_20d=91
intraday_range=89
beta_60d_spy=87
cs_rank_momentum_120d=80
momentum_120d=78
downside_vol_decay_60d=77
price_to_sma_200d=72
vol_60d=65
cs_z_beta_60d_spy=65
vixcls_pit=62
beta_60d_ff_cma=58
return_60d=56
cs_rank_beta_60d_spy=54
beta_20d_spy=48
downside_vol_20d=47
spy_return_20d=47
cs_rank_relative_strength_down_days_20d=47
kurtosis_20d=46
cs_z_vol_20d=46
distance_to_60d_high=42
cs_rank_downside_vol_decay_60d=42
return_20d=41
spy_drawdown_60d=41
volume_zscore_60d=40
vol_20d=39
upside_vol_20d=38
gap_down_absorption_20d=36
macd_hist=35
cs_rank_beta_stability_price_floor=35
relative_strength_down_days_20d=33
cs_rank_momentum_60d=33
dollar_volume_ratio_20d=32
cs_z_beta_stability_price_floor=32
cs_z_downside_vol_decay_60d=31
close_open_gap=29
excess_return_5d_vs_spy=29
cs_rank_downside_vol_20d=29
rsi_14=28
cs_z_momentum_60d=28
momentum_60d=27
excess_return_60d_vs_spy=27
price_to_sma_50d=26
cs_z_relative_strength_down_days_20d=26
cs_z_gap_down_absorption_20d=24
volume_zscore_20d=23
close_location_in_range=23
vol_5d=21
cs_z_downside_vol_20d=21
excess_return_20d_vs_spy=18
beta_stability_price_floor=18
price_to_sma_20d=17
cs_rank_gap_down_absorption_20d=17
distance_to_20d_low=15
distance_to_20d_high=14
skew_20d=14
cs_z_momentum_20d=14
return_5d=13
cs_rank_momentum_20d=13
bollinger_z_20d=12
distance_to_60d_low=12
relative_momentum_20d_vs_spy=12
return_10d=11
momentum_20d=9
return_1d=8
momentum_5d=6
cs_rank_excess_return_20d_vs_spy=6
regime_calm=4
stress_flag=3
momentum_10d=2
cs_z_excess_return_20d_vs_spy=1
regime_drawdown=1

parameters:
[boosting: gbdt]
[objective: binary]
[metric: binary_logloss]
[tree_learner: serial]
[device_type: cpu]
[data_sample_strategy: bagging]
[data: ]
[valid: ]
[num_iterations: 137]
[learning_rate: 0.025]
[num_leaves: 31]
[num_threads: 0]
[seed: 42]
[deterministic: 0]
[force_col_wise: 0]
[force_row_wise: 0]
[histogram_pool_size: -1]
[max_depth: 5]
[min_data_in_leaf: 80]
[min_sum_hessian_in_leaf: 0.001]
[bagging_fraction: 0.78]
[pos_bagging_fraction: 1]
[neg_bagging_fraction: 1]
[bagging_freq: 1]
[bagging_seed: 42]
[bagging_by_query: 0]
[feature_fraction: 0.72]
[feature_fraction_bynode: 1]
[feature_fraction_seed: 42]
[extra_trees: 0]
[extra_seed: 12879]
[early_stopping_round: 0]
[early_stopping_min_delta: 0]
[first_metric_only: 0]
[max_delta_step: 0]
[lambda_l1: 0.3]
[lambda_l2: 1.2]
[linear_lambda: 0]
[min_gain_to_split: 0]
[drop_rate: 0.1]
[max_drop: 50]
[skip_drop: 0.5]
[xgboost_dart_mode: 0]
[uniform_drop: 0]
[drop_seed: 17869]
[top_rate: 0.2]
[other_rate: 0.1]
[min_data_per_group: 100]
[max_cat_threshold: 32]
[cat_l2: 10]
[cat_smooth: 10]
[max_cat_to_onehot: 4]
[top_k: 20]
[monotone_constraints: ]
[monotone_constraints_method: basic]
[monotone_penalty: 0]
[feature_contri: ]
[forcedsplits_filename: ]
[refit_decay_rate: 0.9]
[cegb_tradeoff: 1]
[cegb_penalty_split: 0]
[cegb_penalty_feature_lazy: ]
[cegb_penalty_feature_coupled: ]
[path_smooth: 0]
[interaction_constraints: ]
[verbosity: -1]
[saved_feature_importance_type: 0]
[use_quantized_grad: 0]
[num_grad_quant_bins: 4]
[quant_train_renew_leaf: 0]
[stochastic_rounding: 1]
[linear_tree: 0]
[max_bin: 255]
[max_bin_by_feature: ]
[min_data_in_bin: 3]
[bin_construct_sample_cnt: 200000]
[data_random_seed: 175]
[is_enable_sparse: 1]
[enable_bundle: 1]
[use_missing: 1]
[zero_as_missing: 0]
[feature_pre_filter: 1]
[pre_partition: 0]
[two_round: 0]
[header: 0]
[label_column: ]
[weight_column: ]
[group_column: ]
[ignore_column: ]
[categorical_feature: ]
[forcedbins_filename: ]
[precise_float_parser: 0]
[parser_config_file: ]
[objective_seed: 16083]
[num_class: 1]
[is_unbalance: 0]
[scale_pos_weight: 1]
[sigmoid: 1]
[boost_from_average: 1]
[reg_sqrt: 0]
[alpha: 0.9]
[fair_c: 1]
[poisson_max_delta_step: 0.7]
[tweedie_variance_power: 1.5]
[lambdarank_truncation_level: 30]
[lambdarank_norm: 1]
[label_gain: 0,1,2,3,4,5,6,7,8,9,10,11,12,13,14,15,16,17,18,19]
[lambdarank_position_bias_regularization: 0]
[eval_at: 5,10,25]
[multi_error_top_k: 1]
[auc_mu_weights: ]
[num_machines: 1]
[local_listen_port: 12400]
[time_out: 120]
[machine_list_filename: ]
[machines: ]
[gpu_platform_id: -1]
[gpu_device_id: -1]
[gpu_use_dp: 0]
[num_gpu: 1]

end of parameters

pandas_categorical:[]
