tree
version=v4
num_class=1
num_tree_per_iteration=1
label_index=0
max_feature_idx=78
objective=regression_l1
feature_names=return_1d return_5d return_10d return_20d return_60d vol_20d vol_60d downside_vol_20d upside_vol_20d beta_20d_spy beta_60d_spy momentum_5d momentum_20d momentum_60d momentum_120d price_to_sma_20d price_to_sma_50d macd_hist rsi_14 bollinger_z_20d excess_return_5d_vs_spy excess_return_20d_vs_spy excess_return_60d_vs_spy relative_momentum_20d_vs_spy volume_zscore_20d volume_zscore_60d dollar_volume_ratio_20d distance_to_20d_high distance_to_60d_high mom_vol_ratio downside_ratio mom_divergence mom_60_20_divergence mom_beta_adjusted trend_strength residual_momentum_20d residual_momentum_60d beta_instability vol_compression short_reversal_5d drawdown_reversal_setup spy_return_5d spy_return_10d spy_return_20d spy_return_60d spy_vol_20d spy_vol_60d spy_drawdown_60d spy_drawdown_120d spy_price_to_sma_20d spy_price_to_sma_50d breadth_above_sma_20d breadth_above_sma_50d return_dispersion_20d avg_corr_to_spy_60d cs_rank_momentum_20d cs_rank_momentum_60d cs_rank_momentum_120d cs_rank_vol_20d cs_rank_vol_60d cs_rank_beta_60d_spy cs_rank_excess_return_20d_vs_spy cs_rank_excess_return_60d_vs_spy cs_rank_distance_to_60d_high cs_rank_volume_zscore_60d cs_rank_residual_momentum_20d cs_rank_vol_compression cs_z_momentum_20d cs_z_momentum_60d cs_z_momentum_120d cs_z_vol_20d cs_z_vol_60d cs_z_beta_60d_spy cs_z_excess_return_20d_vs_spy cs_z_excess_return_60d_vs_spy cs_z_distance_to_60d_high cs_z_volume_zscore_60d cs_z_residual_momentum_20d cs_z_vol_compression
feature_infos=[-0.43452090331350879:0.52290083351866889] [-0.61014499786032883:0.88260863646066867] [-0.76666670795573144:1.0566034133703051] [-0.82992956002177165:1.6011328544898928] [-0.85304846129940903:3.1843478105994496] [0:0.22421856781514868] [0:0.15098312624435092] [0:0.14329584310333965] [0:0.16337929811143656] [-13.695037798663515:20.575205365344527] [-4.0149274431247379:4.8863263853067735] [-0.61014499786032883:0.88260863646066867] [-0.82992956002177165:1.6011328544898928] [-0.85304846129940903:3.1843478105994496] [-0.83371665409748386:3.8670393633078328] [-0.69421673038056464:0.66131114246219425] [-0.79930206832555228:0.90110352904013702] [-132.53715276993563:80.364006761273146] [0:99.861064002984776] [-4.3588989435444114:4.3588989435883247] [-0.61785372931017601:0.89255912114692015] [-0.76226676485515399:1.4709261398977567] [-0.82324954741436951:2.9093527779374631] [-0.77334040331749898:1.3346611088982128] [-3.1806480089076707:4.3588989435433447] [-3.1101259120259019:7.6809377036926092] [0:20] [-0.81943928948557032:0] [-0.85817267691977117:0] [-18.434164617079603:32.856245653518116] [0:1.000000000000042] [-1.3570366224156163:1.3461280008699332] [-2.0207628673232545:2.8009791764398404] [-1453.7642854441774:10803.162489620385] [-0.10473655208396172:1.0402577970351286] [-0.74485170073586715:1.5881473142128861] [-0.82942612636861368:2.9338428769512812] [-14.198964143960437:17.446146326974887] [0:1.7062872448354571] [-0.88260863646066867:0.61014499786032883] [-0.64546675664435349:0.50171155426150693] [-0.14545734432145407:0.10760484981852825] [-0.22629793900100381:0.13822858534601501] [-0.3098674839759894:0.19880920041384464] [-0.28352722298927002:0.27499503266198677] [0.0021730140768461124:0.057214790451066776] [0.0032232185571641754:0.038131002927157237] [-0.31978067271172672:0] [-0.31978067271172672:0] [-0.18100568915232662:0.10411797460671401] [-0.25990196507381258:0.12386824524671169] [0:0.98360655737704916] [0:0.96926229508196726] [0.009867952331218819:0.048661980569911334] [0.24489108561846168:0.82571605166733542] [0.0020161290322580645:1] [0.0020161290322580645:1] [0.0020202020202020202:1] [0.0020161290322580645:1] [0.0020161290322580645:1] [0.0020161290322580645:1] [0.0020161290322580645:1] [0.0020161290322580645:1] [0.0020161290322580645:1] [0.0020161290322580645:1] [0.0020161290322580645:1] [0.0020161290322580645:1] [-10.036419127683077:15.738424952473304] [-8.1746382519581609:16.457532645463687] [-5.9157233637200122:14.200215155348952] [-2.7783658620320599:17.573692755422847] [-2.9782850486284764:14.693670814366223] [-6.3974491418552946:8.9620500168724586] [-10.036419127683077:15.738424952473304] [-8.1746382519581609:16.457532645463687] [-11.877286787638962:2.8116905715835778] [-3.6952301696231564:12.409992861481406] [-10.270548291498804:16.015521325695076] [-7.1400433713186926:5.6178315661714455]
tree_sizes=2687 2328 2895 3096 2713 2445 2631 2625 2991 2440 2793 2534 2827 3081 2809 2730 2529 2316 2713 3026 2819 2802 2605 3003 2736 3120 2803 2819 2445 2985 2807 2955 2793 3018 2903 2641 2242 2059 3080 2915 2345 2702 3014 2600 2329 2343 3122 2215 2319 2937 2179 2423 2894 2047 2609 2249 2355 1960 2032 2229 2235 2293 2221 1762 2815 2720 2751 1957 2509 2811 2735 2876 2028 2116 1765 2593 2428 2336 2211 2734 2585 3105 2121 2816 1927 2406 2893 2726 2135 2036 2712 2716 2429 2159 2829 2050 2620 1953 2319 2114 2054 2408 2913 2228 1857 2396 2120 2427 2440 2917 2794 2550 2297 2497 2219 2437 2035 2029 1840 2220 2697 1762 2545 1975 1775 2798 2156 1679 3022 2035 1672 2538 2439 2124 2056 2892 2243 2056 2636 3013 2157 2167 2821 2740 1375 2403 3023 1842 2316 2699 2025 1936 1771 1751 2312 2242 1937 1772 2301 1566 2134 1560 2358 1744 2830 1864 2692 2804 2316 2843 1964 2302 2152 2894 2433 2533 1861 2502 2837 2800 1879 2050 2066 2232 2879 1852 2181 1591 1843 2580 2312 2931 2799 1684 2316 2353 2661 2642 2454 2747

Tree=0
num_leaves=27
num_cat=0
split_feature=21 46 70 44 50 6 46 9 5 41 53 50 59 45 14 29 50 46 70 44 42 3 60 43 45 43
split_gain=119.485 58.6636 82.5039 72.2465 58.0692 45.3259 76.0367 155.338 86.995 60.667 60.5656 71.9234 56.079 43.8295 43.267 40.8628 37.685 34.1243 35.7167 28.3349 26.0649 25.6552 18.8287 16.7831 12.5373 10.3652
threshold=0.034365520119617472 0.0071743218066912407 -0.23043536807427414 -0.084893261369471937 -0.040003270572231235 0.019798182724293744 0.034133762393146715 1.7740834498376821 0.022872146599098187 0.047384893400697077 0.024132713091028688 0.050985020605297311 0.15822142912162687 0.018619044111080962 -0.009234888741587231 2.3559044447987394 0.050985020605297311 0.0057736637568546563 -0.83123420517384594 0.074697369416932738 0.03108295675117401 0.024602264689383983 0.42331950867243512 0.016991671799924449 0.0037089474633269473 -0.0033064686172787901
decision_type=8 8 8 8 8 8 10 10 10 10 10 10 8 10 10 8 8 10 10 10 10 10 10 10 10 10
left_child=5 14 3 13 -5 9 12 8 -8 10 11 -1 -7 -3 23 21 -14 20 -19 -17 -16 -4 -11 25 -25 -2
right_child=1 2 15 4 -6 6 7 -9 -10 22 -12 -13 16 -15 17 19 -18 18 -20 -21 -22 -23 -24 24 -26 -27
leaf_value=-0.019213037751615047 -0.021505326181650162 -0.02968772381544113 -0.019708875268697738 -0.016514001041650773 -0.021321820467710494 -0.0093775042891502385 -0.028023034036159515 -0.0075422534346580496 -0.021552554219961165 -0.025520928800106049 -0.027006069123744966 -0.016752754971385002 -0.017097980678081513 -0.021891216039657595 -0.019372011534869671 -0.019723507650196551 -0.019751996845006944 -0.015116204768419267 -0.018182413503527641 -0.022523933947086336 -0.023896049559116363 -0.016040261387825012 -0.020896354466676714 -0.025840307772159576 -0.022124967277050017 -0.017923745587468148
leaf_weight=83897 450 605 1223 859 9907 218 373 377 1856 295 381 3498 18873 642 6846 10184 4265 682 5253 3387 385 1434 204 255 1203 701
leaf_count=83897 450 605 1223 859 9907 218 373 377 1856 295 381 3498 18873 642 6846 10184 4265 682 5253 3387 385 1434 204 255 1203 701
internal_value=-0.0192912 -0.0201765 -0.0207222 -0.0219786 -0.02145 -0.0189501 -0.0182155 -0.0214549 -0.0234643 -0.0191661 -0.0191265 -0.0190918 -0.0178539 -0.0265349 -0.0191997 -0.0197919 -0.0179494 -0.0187333 -0.0176094 -0.0202361 -0.0196555 -0.0175245 -0.0261129 -0.021552 -0.0229767 -0.0197439
internal_weight=158253 44016 28241 12013 10766 114237 25962 2606 2229 88275 87776 87395 23356 1247 15775 16228 23138 13166 5935 13571 7231 2657 499 2609 1458 1151
internal_count=158253 44016 28241 12013 10766 114237 25962 2606 2229 88275 87776 87395 23356 1247 15775 16228 23138 13166 5935 13571 7231 2657 499 2609 1458 1151
is_linear=0
shrinkage=1


Tree=1
num_leaves=23
num_cat=0
split_feature=23 70 46 6 6 53 5 43 54 53 32 59 14 47 52 53 43 43 6 60 32 45
split_gain=119.359 59.5788 45.1328 161.765 70.1945 75.9312 58.4783 50.2841 44.046 40.9315 58.4081 38.9555 36.5475 35.8704 28.1807 76.0988 45.9709 27.8379 22.487 16.4327 12.3615 10.085
threshold=0.037515529057833182 -1.2417227077992512 0.034948848981301156 0.054967886072152423 0.021166156251801117 0.024132713091028688 0.024884550224403373 0.052023794148548304 0.57574027341050227 0.020109398955297661 -0.24621384492139956 0.15822142912162687 -0.24221040318064538 -0.15327845528716069 0.60896649527140501 0.018200776437574215 -0.0065996135389039248 0.045926452869683672 0.017390494490453597 0.83583701363592422 -0.079332083534783202 0.022730855217487033
decision_type=8 8 10 8 10 10 10 10 8 10 10 10 10 10 2 10 10 10 10 10 10 10
left_child=2 8 4 6 5 7 20 -1 -2 14 19 -6 -12 -5 15 -3 -16 -13 -7 -11 -4 -8
right_child=1 9 3 13 11 18 21 -9 -10 10 12 17 -14 -15 16 -17 -18 -19 -20 -21 -22 -23
leaf_value=7.6620931923389459e-05 -0.000622559804469347 -0.00039259596168994901 -0.0058813118994235991 0.00087967365756630889 0.0077703376591205598 -0.0099682907402515418 -0.00036657439768314362 0.0016786976147443056 -0.0091543478086590774 0.00021922107934951778 -0.016074700538814067 0.002485009151697159 -0.0030487656019628053 0.0110694670855999 -0.0057869614101946354 0.004873051092028618 -0.0009351082440465689 -0.00030410649180412293 -0.0030315629780292507 0.010389743504673244 -0.010786801366508008 -0.0042666129976511001
leaf_weight=89741 279 14140 203 280 208 254 323 7096 388 415 204 14220 3427 393 601 1333 19892 3052 202 275 278 907
leaf_count=89741 279 14140 203 280 208 254 323 7096 388 415 204 14220 3427 393 601 1333 19892 3052 202 275 278 907
internal_value=6.19814e-07 -0.000928775 0.000325526 -0.00239748 0.000382125 0.000172446 -0.00566472 0.000210847 -0.00685329 -0.000830471 -0.0026696 0.001549 -0.00368337 0.00590208 -0.000609392 3.4768e-05 -0.00109583 0.00144491 -0.00796061 0.00265991 -0.0115726 -0.00334525
internal_weight=158111 40954 117157 2384 114773 97293 1711 96837 667 40287 4321 17480 3631 673 35966 15473 20493 17272 456 690 481 1230
internal_count=158111 40954 117157 2384 114773 97293 1711 96837 667 40287 4321 17480 3631 673 35966 15473 20493 17272 456 690 481 1230
is_linear=0
shrinkage=0.02


Tree=2
num_leaves=29
num_cat=0
split_feature=23 4 54 7 69 54 53 70 54 54 50 42 47 44 32 16 53 48 44 70 54 44 54 17 55 16 10 28
split_gain=130.591 51.5799 113.787 77.5626 51.0752 75.9299 57.7819 51.0468 99.2316 53.769 42.1756 41.9448 59.1095 27.2685 45.6934 30.1977 26.7688 25.74 25.4049 27.7329 24.5756 43.3155 20.225 18.8334 18.5884 16.928 15.21 8.19246
threshold=0.037515529057833182 -0.25000552441017354 0.77040259723844406 0.012798435258363265 -0.24936112690690584 0.64237733968667665 0.02211854124599473 -0.86573739752490819 0.57574027341050227 0.58470889931856196 0.056053115292138085 -0.018144296797852785 -0.030759803070109001 0.083204900209581836 0.23307934719532422 0.15650386056202106 0.026707023441458044 -1.0000000180025095e-35 0.044735724164343578 -0.16772741531070989 0.66360899971487497 -0.046916223582224796 0.66004857915868043 -0.13823112113462113 0.82419748330765297 -0.2839318843878687 0.52975769704891829 -0.065715540504377043
decision_type=8 8 10 10 10 10 10 8 8 10 10 10 10 10 10 10 10 10 10 8 10 10 10 2 10 10 8 10
left_child=1 10 4 27 6 -6 -3 8 11 26 20 24 -13 18 15 -15 -5 -16 19 -9 21 -1 -11 -20 -2 -22 -10 -4
right_child=7 2 3 16 5 -7 -8 13 9 22 -12 12 -14 14 17 -17 -18 -19 23 -21 25 -23 -24 -25 -26 -27 -28 -29
leaf_value=0.010111755108475685 -0.00046961360789835456 -4.4300684690475465e-05 -0.0052757427153289314 0.0013817028180062769 0.00048163909094035628 0.0026968913677930836 -0.0050873801724910742 -0.0016257060113549233 -0.018926229169338941 -0.0054147852789610627 0.01267982503736019 0.0079734861311316491 -0.00032631366194039584 -0.0020948628494143486 0.0038428193932697175 -0.0076161812704354523 -0.0035174331362843514 -0.0052266207885295155 -0.0020575619562007486 -0.00037951726868748671 0.0030132792068943383 0.0018234051522016525 -0.0006954021631032229 0.00059683227597922086 -0.005286816252321005 -0.0025888403847515585 -0.0078656999735571449 -0.011357591162353754
leaf_weight=488 238 54271 200 462 53241 4591 740 7873 202 903 300 289 1431 4253 883 695 966 257 970 13439 474 726 520 8457 323 714 202 210
leaf_count=488 238 54271 200 462 53241 4591 740 7873 202 903 300 289 1431 4253 883 695 966 257 970 13439 474 726 520 8457 323 714 202 210
internal_value=-3.71276e-05 0.000302068 0.000237683 -0.00469712 0.000318121 0.000733111 -0.00011812 -0.00100982 -0.00312436 -0.00659628 0.00303293 -0.000340929 0.00120744 -0.000773813 -0.00199672 -0.00282845 -0.00248985 0.00161087 -0.00053149 -0.000913902 0.00214648 0.0041465 -0.00475983 0.000332838 -0.00508541 9.92431e-05 -0.0130321 -0.0123552
internal_weight=158318 117383 114681 1838 112843 57832 55011 40935 4108 1827 2702 2281 1720 36827 6088 4948 1428 1140 30739 21312 2402 1214 1423 9427 561 1188 404 410
internal_count=158318 117383 114681 1838 112843 57832 55011 40935 4108 1827 2702 2281 1720 36827 6088 4948 1428 1140 30739 21312 2402 1214 1423 9427 561 1188 404 410
is_linear=0
shrinkage=0.02


Tree=3
num_leaves=31
num_cat=0
split_feature=23 57 44 54 52 54 58 44 54 54 44 57 44 43 4 43 33 41 54 54 48 7 40 7 67 11 69 52 27 71
split_gain=108.425 43.4958 62.3475 110.386 85.2288 41.9305 40.5066 88.2513 43.739 71.939 41.7012 50.3303 50.3443 38.5279 57.7937 50.7624 40.2232 36.1121 34.0038 33.0866 37.8487 31.9515 27.3382 24.0057 20.4193 20.2208 18.7937 21.8056 15.375 15.1632
threshold=0.030680104389961941 0.71835397914624377 0.00083595413199644153 0.64440326544690774 0.61652236652236658 0.63590281505082846 0.51214594807238412 -0.084893261369471937 0.57253979244754216 0.58346599610030381 0.074697369416932738 0.19210327191838897 0.16428337884866476 0.082894945459941152 -0.18690598913568232 0.057674958098814406 -0.10861648003483913 0.015003910868281458 0.52376253655580474 0.79092688549659373 -0.10431888538859695 0.015295290684130056 0.00071493545847109614 0.0074424206336926755 -0.08168983744366734 0.10685635926607863 -0.1407948088248698 0.85552616108171675 -0.042050810909560303 0.44245618446544793
decision_type=8 10 10 10 2 10 8 8 8 10 10 8 10 10 8 10 10 10 10 10 10 10 10 10 10 10 8 2 10 10
left_child=1 13 4 17 23 -6 7 19 18 -10 21 12 -12 14 16 -16 -1 -4 -9 20 -2 25 -13 -3 -5 -8 29 -28 -21 -15
right_child=6 2 3 24 5 -7 10 8 9 -11 11 22 -14 26 15 -17 -18 -19 -20 28 -22 -23 -24 -25 -26 -27 27 -29 -30 -31
leaf_value=0.00030864137623228135 -0.01168740609138459 -0.002184800523057878 0.0017942717497196794 0.0097807397484521563 -0.00014382703109115359 -0.0074730807949788874 8.6369997993111799e-06 -0.00079401784771382822 -0.0054668402952834597 -0.0010621118588462473 -0.0040780514112010594 -0.0015529111017479004 -0.020633507925646381 -0.005725545925284326 -2.1806939844340073e-05 0.0021474654928374292 0.0051472714207839963 -0.00038181790049776436 0.0015867132500171661 -0.0040839973680512611 -0.0037138673045046628 0.0031004775217905638 0.0037879939490661025 0.00088522164271742122 0.0043546937552246456 -0.0032372020794391634 -0.0032417201938150821 0.0029381665558147431 0.0011500095548270643 -0.00045603616593077779
leaf_weight=2082 473 684 13725 400 257 526 18155 10101 1458 4907 603 4255 200 710 78248 4035 2627 3986 2626 390 278 2051 547 2686 240 756 346 284 244 204
leaf_count=2082 473 684 13725 400 257 526 18155 10101 1458 4907 603 4255 200 710 78248 4035 2627 3986 2626 390 278 2051 547 2686 240 756 346 284 244 204
internal_value=1.31448e-05 0.000354085 0.00113921 0.00164004 -0.00107318 -0.00701276 -0.00079154 -0.00146001 -0.00110606 -0.00245963 -0.000276197 -0.00180842 -0.0064403 0.000154489 0.000210109 8.67483e-05 0.00236476 0.00134474 -0.000428818 -0.00633333 -0.00917287 0.000133473 -0.00103227 0.00030792 0.00979407 -0.000123625 -0.00297605 -0.000313788 -0.00295748 -0.00480656
internal_weight=158084 111040 22504 18351 4153 783 47044 20477 19092 6365 26567 5605 803 88536 86992 82283 4709 17711 12727 1385 751 20962 4802 3370 640 18911 1544 630 634 914
internal_count=158084 111040 22504 18351 4153 783 47044 20477 19092 6365 26567 5605 803 88536 86992 82283 4709 17711 12727 1385 751 20962 4802 3370 640 18911 1544 630 634 914
is_linear=0
shrinkage=0.02


Tree=4
num_leaves=27
num_cat=0
split_feature=23 46 58 44 47 6 46 6 41 7 53 71 47 44 4 46 44 7 6 3 44 42 42 51 18 0
split_gain=97.3609 50.9004 65.999 55.1348 89.9858 46.5024 75.5871 133.516 67.7307 64.058 57.8426 48.712 47.6051 35.506 31.9073 28.8402 46.7656 71.1663 25.4591 24.9481 23.8239 20.7038 25.4058 16.1714 12.5129 9.43436
threshold=0.037515529057833182 0.0071743218066912407 0.37368411721163614 -0.084893261369471937 -0.09501233209652786 0.019798182724293744 0.034133762393146715 0.054967886072152423 0.047384893400697077 0.012798435258363265 0.024132713091028688 -0.8158354079276523 -0.15327845528716069 0.12426041513643817 -0.30076636353637742 0.0060454731887708375 0.061421842166587422 0.0067663149034446896 0.023573700352622729 0.070851382197344895 0.082341383070723154 0.03108295675117401 0.011818693273117466 0.83369723435225629 55.952463850388106 -1.0000000180025095e-35
decision_type=8 8 8 10 10 8 10 8 10 10 10 8 10 10 8 10 10 8 8 10 10 10 10 2 10 10
left_child=5 15 3 18 -5 8 11 9 10 -8 13 -7 -9 -1 -4 21 23 -18 -3 -13 -16 22 -2 -17 -12 -10
right_child=1 2 14 4 -6 6 7 12 25 -11 24 19 -14 -15 20 16 17 -19 -20 -21 -22 -23 -24 -25 -26 -27
leaf_value=0.00016572750401028097 -0.0010779614273158311 -0.0095209806797274792 0.014871096015349061 0.007861018753918439 -0.0020716678733492646 0.0084922043784598153 -0.0078265950175186259 -0.00061022430452826397 -0.0043081476111868711 -0.0025079780606518253 -0.011540131857790868 0.0017537756578651876 0.010795868598543264 -0.0016662404297264604 -0.0004205566880903096 0.00057070808225128061 0.0065419741522420348 -0.00074263534520066098 -0.0029074213179087903 -0.0014205313417946428 -0.0024269066402105121 -0.0048123660782303512 0.0008503999869128436 -0.005126390807181567 -0.0040655422216133294 -0.0047838169368762838
leaf_weight=86903 5617 511 210 328 6758 268 403 366 216 1490 201 22411 393 2441 14134 3640 687 477 729 1230 3820 371 3323 273 207 290
leaf_count=86903 5617 511 210 328 6758 268 403 366 216 1490 201 22411 393 2441 14134 3640 687 477 729 1230 3820 371 3323 273 207 290
internal_value=-4.24736e-05 -0.000882556 -0.00140267 -0.00287715 -0.00219529 0.000251481 0.000987049 -0.0022156 3.49882e-05 -0.00505702 7.61869e-05 0.00134245 0.00486579 0.00011056 -0.000726562 7.49183e-05 0.00128751 0.00480515 -0.00676712 0.001246 -0.000817488 -0.000586125 -0.000393468 0.000239653 -0.00742787 -0.00725444
internal_weight=157697 40878 26490 8326 7086 116819 26561 2652 90258 1893 89752 23909 759 89344 18164 14388 5077 1164 1240 23641 17954 9311 8940 3913 408 506
internal_count=157697 40878 26490 8326 7086 116819 26561 2652 90258 1893 89752 23909 759 89344 18164 14388 5077 1164 1240 23641 17954 9311 8940 3913 408 506
is_linear=0
shrinkage=0.02


Tree=5
num_leaves=24
num_cat=0
split_feature=23 46 5 36 6 53 50 46 58 44 46 52 54 59 43 42 42 50 53 6 6 46 44
split_gain=83.5879 59.877 126.799 86.2472 73.8847 52.2505 61.7566 41.6289 76.1184 51.1649 70.5789 35.4566 35.3025 33.963 32.3086 31.8425 25.4677 22.9765 22.1521 20.8578 19.5673 18.7204 12.002
threshold=0.037515529057833182 0.034948848981301156 0.024075679924352684 -0.19641039704367688 0.021166156251801117 0.024132713091028688 0.050985020605297311 0.0071743218066912407 0.3975025338496323 -0.084893261369471937 0.0090042252663953045 0.58039968417326915 0.70213636342043506 0.15822142912162687 -0.0065996135389039248 0.044644858356760693 0.034429965100681977 0.051343734652707369 0.013821985815533759 0.060421667068357159 0.017390494490453597 0.00603620810576295 -0.021721362596239687
decision_type=8 10 10 10 8 10 10 8 8 8 10 2 10 8 10 10 10 8 10 10 10 10 10
left_child=1 4 22 -4 5 6 -1 15 9 12 -11 18 -9 -6 -13 16 21 -15 -10 -5 -7 -2 -3
right_child=7 2 3 19 13 20 -8 8 11 10 -12 14 -14 17 -16 -17 -18 -19 -20 -21 -22 -23 -24
leaf_value=6.6920533684182096e-05 -0.00043826091627686796 -0.0064677296785364989 0.01269976776824415 -0.0027006189778693251 0.0071794218630551396 -0.0095304834335867093 0.0021815020561452461 -0.0099017923669645312 -0.00070202430364178336 -0.0032891511005971237 -0.00071077905833983907 -0.0075671078786102106 -0.0029093841489251349 0.0021406094254748033 -0.0010208611050962976 0.0060328711710420117 -0.0060721050650355823 2.6327794116987742e-06 0.0014647249509052763 0.004749969252805116 -0.0016288342156845226 0.0010024181711124772 -0.0094124550307333708
leaf_weight=90360 9037 213 327 1390 210 261 4041 457 2699 3009 4789 357 589 15911 10191 313 315 3788 4374 201 208 4745 224
leaf_count=90360 9037 213 327 1390 210 261 4041 457 2699 3009 4789 357 589 15911 10191 313 315 3788 4374 201 208 4745 224
internal_value=4.13771e-05 0.000313126 -0.00284295 -0.000624283 0.000377923 0.00014544 0.000178577 -0.000737303 -0.00120827 -0.00272222 -0.00216412 -0.00044819 -0.00687488 0.00148559 -0.00118286 0.000127541 -1.26259e-05 0.0013999 0.000647159 -0.00254899 -0.00650638 0.00011594 -0.0125525
internal_weight=158009 117134 2355 1918 114779 94870 94401 40875 26465 8844 7798 17621 1046 19909 10548 14410 14097 19699 7073 1591 469 13782 437
internal_count=158009 117134 2355 1918 114779 94870 94401 40875 26465 8844 7798 17621 1046 19909 10548 14410 14097 19699 7073 1591 469 13782 437
is_linear=0
shrinkage=0.02


Tree=6
num_leaves=26
num_cat=0
split_feature=21 46 70 53 53 57 46 44 36 13 46 50 5 53 41 32 51 10 29 44 54 49 46 1 49
split_gain=93.4812 59.1669 88.3624 53.8807 59.62 52.5425 58.7003 40.2015 39.1924 36.8105 53.5476 51.2397 40.1559 33.5067 34.2664 30.3297 30.2803 30.2773 30.2279 37.6645 29.4323 25.4489 23.0773 22.5962 15.3345
threshold=0.025427861892701745 0.0071743218066912407 -1.0266011396114938 0.016926752438845592 0.020054294547259193 0.76550929407497204 0.03709626144380785 0.16428337884866476 -0.022317058783658524 -0.27280421421896972 0.034133762393146715 0.049603169445707647 0.023820186078215639 0.015402406967444573 0.023987605839293161 -0.023330759043076573 0.72080650082043596 0.52142046645975115 2.5060404828833969 -0.12918327945539967 0.49481782294616333 0.030236358028237879 0.034133762393146715 0.057105325530984026 0.016022964212992766
decision_type=8 8 8 10 10 10 10 10 10 8 10 10 10 10 10 10 2 10 10 8 10 10 10 10 10
left_child=5 13 3 17 -5 9 7 8 -7 11 16 22 -12 14 21 24 -11 -3 19 -4 -20 -2 -1 -17 -15
right_child=1 2 18 4 -6 6 -8 -9 -10 10 12 -13 -14 15 -16 23 -18 -19 20 -21 -22 -23 -24 -25 -26
leaf_value=0.0036373662481447053 -0.00017626387872300087 -0.0085108447429868457 -0.0037750622974393054 0.003574825891738308 -0.0059568401976948099 -0.0010767048128853694 -0.0074355173008171958 0.0098190863260856492 0.0016494569650878058 -8.476062244764999e-05 -0.0068400704665394635 0.014044674987508774 -0.0016910137839449791 -0.002522599151199074 0.0049614634248142404 0.0040021946989250131 0.00070053714688502714 -0.0024035059051871507 -0.0026206212841550498 0.00047948087803281373 -0.00084110125641517644 -0.0043197970140032771 -0.0017381373677336882 -0.0013053449629993326 0.0038701870625311788
leaf_weight=1246 16131 763 689 397 365 2303 247 321 13709 62473 266 266 976 557 324 1495 23123 610 5919 7969 16311 388 606 235 322
leaf_count=1246 16131 763 689 397 365 2303 247 321 13709 62473 266 266 976 557 324 1495 23123 610 5919 7969 16311 388 606 235 322
internal_value=-1.85935e-05 -0.000708476 -0.0012239 -0.00515824 -0.000888598 0.000324417 0.00135806 0.00150471 0.00136377 0.000131727 6.81491e-05 0.0027362 -0.0040531 0.000166452 -0.000160176 0.0022751 0.000128019 -0.00752402 -0.00095173 5.05832e-05 -0.00134218 -0.000286804 0.00155316 0.00381167 -0.000747727
internal_weight=158011 52475 33023 2135 762 105536 16580 16333 16012 88956 86838 2118 1242 19452 16843 2609 85596 1373 30888 8658 22230 16519 1852 1730 879
internal_count=158011 52475 33023 2135 762 105536 16580 16333 16012 88956 86838 2118 1242 19452 16843 2609 85596 1373 30888 8658 22230 16519 1852 1730 879
is_linear=0
shrinkage=0.02


Tree=7
num_leaves=26
num_cat=0
split_feature=23 46 6 6 7 50 46 53 70 44 59 53 52 46 54 70 54 69 37 50 53 10 37 4 1
split_gain=89.9107 48.3669 136.232 80.8057 53.9814 50.9863 59.7954 59.1809 42.9035 57.9098 39.084 38.2247 36.2417 48.6037 43.4952 43.2224 41.7639 36.8075 34.6735 29.0817 27.7894 27.7696 12.5009 11.8145 8.99163
threshold=0.037515529057833182 0.034948848981301156 0.054967886072152423 0.020723423792448833 0.012798435258363265 0.050985020605297311 0.0097516897359892756 0.024132713091028688 -1.1512975625949617 0.057527759699992249 0.15822142912162687 0.016996572066686661 0.60896649527140501 0.0078665738142540773 0.57574027341050227 -0.21706629662203134 0.45985602927661379 0.024973621253454783 0.40642710588123793 0.050985020605297311 0.015925606094250349 0.52142046645975115 0.2086602208275217 -0.033920508303753365 -0.016111777278393521
decision_type=8 10 8 10 10 10 10 10 8 10 10 10 2 8 8 8 10 10 8 10 10 8 10 10 10
left_child=1 3 4 5 23 6 -1 -7 9 11 -5 21 14 20 17 -16 -15 -10 24 -12 -14 -2 -6 -3 -4
right_child=8 2 18 10 22 7 -8 -9 12 -11 19 -13 13 16 15 -17 -18 -19 -20 -21 -22 -23 -24 -25 -26
leaf_value=0.00021123709315138615 -0.0108270701942649 -0.0044892653483176413 0.0039309292451388837 0.0067852354822166448 -0.0039021603638997632 0.0023853666059487338 -0.00093152065404087379 -0.0056542336765446231 -0.00082738098743556632 0.0019055575716897372 0.0022847413451972122 -0.00069695254112487205 -0.00066857638337750492 -0.003961282669914799 -0.0028374265940545157 8.2362497774877979e-05 -0.0014842567229194092 0.0018451597791283533 0.013838872621285483 -0.00067295739070586031 0.0019464465294962052 -0.0022623670757879735 -0.00065794466559247159 -0.011151595963895089 -0.0014945826060281319
leaf_weight=74459 378 202 207 219 881 3945 17482 297 3222 232 15856 296 9477 2096 2979 4568 9772 6148 241 2620 1382 250 455 210 228
leaf_count=74459 378 202 207 219 881 3945 17482 297 3222 232 15856 296 9477 2096 2979 4568 9772 6148 241 2620 1382 250 455 210 228
internal_value=-2.55403e-05 0.000255731 -0.00253938 0.000314749 -0.00548771 8.08658e-05 -1.80331e-05 0.00222437 -0.000834244 -0.00463094 0.00151786 -0.00687351 -0.00072337 -0.00124507 -2.23431e-05 -0.00115236 -0.00212975 0.000887632 0.00507829 0.00141787 -0.000277901 -0.00966296 -0.0035288 -0.0118111 0.00169266
internal_weight=158102 117302 2424 114878 1748 96183 91941 4242 40800 1156 18695 924 39644 22727 16917 7547 11868 9370 676 18476 10859 628 1336 412 435
internal_count=158102 117302 2424 114878 1748 96183 91941 4242 40800 1156 18695 924 39644 22727 16917 7547 11868 9370 676 18476 10859 628 1336 412 435
is_linear=0
shrinkage=0.02


Tree=8
num_leaves=30
num_cat=0
split_feature=23 46 57 6 47 5 41 46 59 44 43 53 53 53 45 71 44 46 46 44 49 59 49 49 59 9 22 28 38
split_gain=89.1593 47.5495 118.018 80.9512 63.8721 57.6205 48.963 45.5269 56.043 45.5721 71.8283 45.2163 42.8493 35.4068 42.2284 32.4444 30.4073 28.903 40.4744 29.7941 23.7073 23.1652 23.135 33.984 20.9897 16.1219 10.9167 9.51423 9.19824
threshold=0.037515529057833182 0.034133762393146715 0.24408591209919484 0.021007743477873236 -0.15327845528716069 0.023820186078215639 0.047384893400697077 0.0071743218066912407 0.42507627463857883 -0.084893261369471937 -0.027805872081546553 0.027883404369793714 0.024132713091028688 0.01502146470158441 0.0065557242615534401 -0.8158354079276523 -0.097151723298657608 0.0099375979449127742 0.0090863908733531899 0.16428337884866476 0.015048344705518081 0.66700268817204311 0.0289687095031721 0.021388144160030879 0.301906993656822 1.428015777639333 0.077332747203198118 -0.076092651091714023 1.5277937895728757
decision_type=8 10 10 10 10 10 10 8 8 10 10 10 10 10 10 10 10 10 10 10 10 8 10 10 8 10 8 10 8
left_child=1 3 4 6 28 27 12 13 9 11 -11 -9 -1 22 20 -5 -17 18 -10 -19 -15 -16 23 -2 -8 -7 -24 -4 -3
right_child=7 2 5 15 -6 25 24 8 17 10 -12 -13 -14 14 21 16 -18 19 -20 -21 -22 -23 26 -25 -26 -27 -28 -29 -30
leaf_value=0.00019087942053946528 -0.00045729101610147033 -0.0046092416333211247 -0.005471467792591697 0.0086245305367321588 0.011204631053117203 -0.0032030227945045822 -0.0055609509733806481 -0.0087903393417835662 -0.00059445179326631935 0.0010684348048284828 -0.0023616055747254518 -0.00061718875683814073 -0.0056638951002928309 -0.00083231905497009085 0.0072477334478848413 0.0053954957295069472 0.0016489531494031195 0.00078124726830541185 -0.0042080121137452195 -0.0042783431844128708 0.0043932299319706831 0.0013233665125101828 -0.001106512442221808 0.0032620861592843921 -0.0015388331583887759 0.00095800509295796202 -0.0081081324006805639 -0.010271890302585277 0.0011956874999131163
leaf_weight=95820 10579 200 205 212 358 1126 262 696 7581 1941 5832 413 458 1272 483 938 16306 7022 2446 645 579 217 235 707 295 364 258 222 201
leaf_count=95820 10579 200 205 212 358 1126 262 696 7581 1941 5832 413 458 1272 483 938 16306 7022 2446 645 579 217 235 707 295 364 258 222 201
internal_value=2.34237e-05 0.000304511 -0.00233022 0.000366237 0.00433947 -0.00497289 0.000140216 -0.000780258 -0.0012702 -0.00256648 -0.00202444 -0.00635856 0.000174472 0.000128253 0.00226411 0.00161987 0.0015238 -0.000619271 -0.00132609 0.000304903 0.000679266 0.00644508 -0.000334295 -0.000148667 -0.00576703 -0.00311066 -0.00457085 -0.0114439 -0.0011393
internal_weight=157873 116967 2676 114291 759 1917 96835 40906 26576 8882 7773 1109 96278 14330 2551 17456 17244 17694 10027 7667 1851 700 11779 11286 557 1490 493 427 401
internal_count=157873 116967 2676 114291 759 1917 96835 40906 26576 8882 7773 1109 96278 14330 2551 17456 17244 17694 10027 7667 1851 700 11779 11286 557 1490 493 427 401
is_linear=0
shrinkage=0.02


Tree=9
num_leaves=24
num_cat=0
split_feature=21 46 9 7 6 50 46 53 46 70 59 4 46 50 36 46 50 52 42 69 46 6 28
split_gain=78.5281 50.158 130.692 77.1417 64.0821 59.1085 63.7112 59.8082 47.8192 57.5081 44.1288 35.4388 35.4167 31.2296 30.144 29.974 28.2224 28.1799 24.9921 19.3386 21.4087 20.393 9.2452
threshold=0.037185255255801471 0.034133762393146715 1.7740834498376821 0.012798435258363265 0.019798182724293744 0.050985020605297311 0.0098035601031225307 0.024132713091028688 0.0071743218066912407 -0.86573739752490819 0.14636660799597689 -0.30076636353637742 0.0081859706254185215 -0.014477170787540959 -0.19641039704367688 0.011835908005302669 0.05038817807435126 0.60896649527140501 0.044644858356760693 -1.283863352098942 0.0057201087159316133 0.020291240345611035 -0.069282364915508807
decision_type=8 10 10 10 8 10 10 10 8 8 8 8 10 10 10 10 8 2 10 10 10 8 10
left_child=1 4 3 22 5 6 -1 -7 18 12 -6 -11 13 -10 -5 -14 -12 -13 19 21 -21 -2 -3
right_child=8 2 -4 14 10 7 -8 -9 9 11 16 17 15 -15 -16 -17 -18 -19 -20 20 -22 -23 -24
leaf_value=0.00020548775543055732 -0.004021121626024424 -0.0049824510439115764 0.010549282942349978 0.0074132957660560739 0.0086794462228866383 0.002444501814943737 -0.0010293761065398646 -0.0056249376028375412 -0.0091629356840311413 0.013985666055025364 0.0019620224585523947 -0.000194474633341813 -0.00069043307618573508 -0.0030497866912940997 -0.0028042524255780356 -0.0050207353619454165 -0.00028137768683908276 -0.0015317837376501082 0.0047986062131997707 -0.00051208078440358759 0.00090947947217066589 0.00036293557788204283 -0.010721049016695062
leaf_weight=70465 618 212 353 228 212 3581 15878 284 286 213 19071 10185 1316 453 1647 975 4553 13438 345 7006 6217 522 213
leaf_count=70465 618 212 353 228 212 3581 15878 284 286 213 19071 10185 1316 453 1647 975 4553 13438 345 7006 6217 522 213
internal_value=3.65194e-06 0.000269568 -0.00244838 -0.00418861 0.000332834 8.91042e-05 -1.92023e-05 0.00250854 -0.000742706 -0.00124458 0.00125511 -0.000914461 -0.00383966 -0.00764595 -0.0024403 -0.0026082 0.00117325 -0.000987894 0.000173907 4.5809e-05 0.000261494 -0.00245223 -0.0118732
internal_weight=158271 116697 2653 2300 114044 90208 86343 3865 41574 26866 23836 23836 3030 739 1875 2291 23624 23623 14708 14363 13223 1140 425
internal_count=158271 116697 2653 2300 114044 90208 86343 3865 41574 26866 23836 23836 3030 739 1875 2291 23624 23623 14708 14363 13223 1140 425
is_linear=0
shrinkage=0.02


Tree=10
num_leaves=28
num_cat=0
split_feature=21 70 46 6 5 6 41 52 46 46 59 43 52 59 46 51 46 22 41 36 60 4 49 56 8 36 16
split_gain=79.4481 60.9471 53.801 123.301 66.0478 64.1058 47.2238 43.3749 42.1354 50.2075 35.5367 47.95 33.1875 30.9793 29.7839 27.8636 26.9237 25.798 24.9241 24.8768 24.2144 23.4818 22.5292 20.5321 12.6131 11.8002 7.76331
threshold=0.059346082682885 -0.42915190061046432 0.034133762393146715 0.054967886072152423 0.021530178930378258 0.021007743477873236 0.047384893400697077 0.87837381916329293 0.0071743218066912407 0.0081859706254185215 0.33367071524966269 0.045926452869683672 0.67781798799304283 0.29793792517006806 0.0057736637568546563 0.6868999219558235 0.011835908005302669 0.030342136422199354 0.048511285866492233 -0.16849136260659145 0.20811765725928819 0.1822377224055525 0.003037062508775779 0.10471182365432881 0.010687405829506787 0.10214469899745644 -0.043157790026749514
decision_type=8 8 10 8 10 10 10 2 8 10 10 10 2 8 10 2 10 10 10 8 8 10 10 10 10 10 10
left_child=2 8 5 4 -4 6 7 -1 14 20 21 -12 19 -8 15 -2 -11 -16 22 -3 -10 -7 -14 -5 -21 -6 -25
right_child=1 12 3 23 25 10 13 -9 9 16 11 -13 18 -15 17 -17 -18 -19 -20 24 -22 -23 -24 26 -26 -27 -28
leaf_value=2.4792679855143582e-07 -0.0046742374867595644 0.014363140668801164 -0.0084922647187018561 0.013580877882607187 -0.0021818679045160832 0.0028348072870322768 -0.0059204387892523606 0.0017529368303638643 -0.007114165541220051 -0.00097460138324766165 0.0020872288612590884 -0.0014106452044456974 -0.0050340547401671069 -0.0011912205987551735 -0.0033983915917815133 0.0023535885143220396 -0.0043584652126558536 0.0039497430913171946 -0.0089108980694709676 -0.00075800576169532787 -0.0034631641904123624 0.0087665815067096819 -0.00096124774750775994 -0.0012103190047323454 0.00076016304507135616 -0.0061292708004846161 0.0040053180662242335
leaf_weight=104985 374 201 344 275 1501 415 291 3895 454 2086 15685 3273 736 326 208 220 1568 668 218 3589 496 220 8617 221 6890 218 283
leaf_count=104985 374 201 344 275 1501 415 291 3895 454 2086 15685 3273 736 326 208 220 1568 668 218 3589 496 220 8617 221 6890 218 283
internal_value=-2.46307e-05 -0.00102781 0.000175528 -0.0025459 -0.00510562 0.000235477 4.69232e-05 7.82322e-05 -0.00278486 -0.00372595 0.00128907 0.00113287 -0.000500593 -0.00546602 0.000161795 -0.00329076 -0.00265882 0.00250627 -0.00135583 0.000265705 -0.00782124 0.00594025 -0.00119927 0.00422821 0.000131489 -0.00349884 0.00181782
internal_weight=158257 26325 131932 2842 2063 129090 109497 108880 6074 4604 19593 18958 20251 617 1470 594 3654 876 9571 10680 950 635 9353 779 10479 1719 504
internal_count=158257 26325 131932 2842 2063 129090 109497 108880 6074 4604 19593 18958 20251 617 1470 594 3654 876 9571 10680 950 635 9353 779 10479 1719 504
is_linear=0
shrinkage=0.02


Tree=11
num_leaves=25
num_cat=0
split_feature=21 46 36 5 6 53 50 70 44 54 54 53 6 59 44 37 6 52 50 28 46 54 70 46
split_gain=90.5342 44.5114 111.338 63.6258 55.8247 48.6296 69.7596 34.9705 80.7473 54.5784 66.6906 32.8104 30.6337 29.8581 41.5148 27.3781 25.1358 24.9198 48.9795 35.9685 33.9584 30.4832 40.9751 21.8413
threshold=0.034365520119617472 0.034133762393146715 -0.19641039704367688 0.021189650097529381 0.021321769165451573 0.024132713091028688 0.050985020605297311 -1.012802794240945 0.077141766390349323 0.57253979244754216 0.66004857915868043 0.017251240471833355 0.060421667068357159 0.35369800045966449 0.15576978428121704 -0.069983242384272545 0.017390494490453597 0.60896649527140501 0.0074238207632112427 -0.0033389899398131302 0.0083314998401078783 0.57574027341050227 -0.23043536807427414 0.0081859706254185215
decision_type=8 10 10 10 10 10 10 8 10 8 10 10 10 10 10 10 8 2 10 8 8 8 8 10
left_child=1 4 -3 -4 5 6 -1 8 9 11 -11 -2 -5 15 -15 -6 -7 21 19 -19 -20 23 -23 -9
right_child=7 2 3 12 13 16 -8 17 -10 10 -12 -13 -14 14 -16 -17 -18 18 20 -21 -22 22 -24 -25
leaf_value=6.9071945912857688e-05 -0.0022200756052178101 0.012362596290975919 -0.0082189015931355205 -0.0025974404631645331 0.0086215559871306545 -0.0085832901721040883 0.0022684927192737707 9.9397180105929001e-05 0.0046005425618030624 -0.008593988339197561 -4.24696824073291e-05 0.0050694456295464416 0.0046427232053781586 0.0020454004320892517 -0.0028159394109558166 0.0019678411718096903 -0.00097504575838134341 -0.0029305457458378469 -0.00015080957644413501 -0.011492232384318407 -0.0016077746114531478 -0.002507666199990656 0.0001291923150782126 0.0020785728694150698
leaf_weight=90595 762 377 304 1713 271 257 4026 6490 343 760 316 247 249 14724 1107 315 205 787 12670 274 10821 2836 4742 3026
leaf_count=90595 762 377 304 1713 271 257 4026 6490 343 760 316 247 249 14724 1107 315 205 787 12670 274 10821 2836 4742 3026
internal_value=-8.7095e-06 0.000288565 -0.0022761 -0.00395148 0.000349396 0.000163413 0.000195071 -0.000778627 -0.00311157 -0.00459156 -0.00772331 -0.00124554 -0.00262761 0.00142636 0.00126187 0.0058569 -0.00630238 -0.000642495 -0.00105071 -0.00525235 -0.000860633 -5.60398e-05 -0.00100251 0.000697489
internal_weight=158217 114143 2643 2266 111500 95083 94621 44074 2428 2085 1076 1009 1962 16417 15831 586 462 41646 24552 1061 23491 17094 7578 9516
internal_count=158217 114143 2643 2266 111500 95083 94621 44074 2428 2085 1076 1009 1962 16417 15831 586 462 41646 24552 1061 23491 17094 7578 9516
is_linear=0
shrinkage=0.02


Tree=12
num_leaves=28
num_cat=0
split_feature=21 46 71 46 46 6 53 50 44 46 69 45 7 52 71 37 69 60 46 7 72 32 44 44 69 6 18
split_gain=74.9542 50.9079 53.3267 52.3979 91.6066 44.1741 56.3013 79.0845 56.7034 54.2686 98.1107 56.8714 51.0617 38.7794 36.9174 34.0907 28.9441 26.0916 25.0723 46.3926 24.8239 24.4732 47.4284 17.8756 14.5159 11.1965 10.3414
threshold=0.033678663020144557 0.0071743218066912407 -0.43440662346424469 0.0090042252663953045 0.011835908005302669 0.019677118371704081 0.024132713091028688 0.050985020605297311 0.12426041513643817 0.034133762393146715 -0.58318220757728889 0.022730855217487033 0.012798435258363265 0.41778655136723325 -0.86416611573753732 0.46024178847488445 -1.2568262256740932 0.87869224606071406 0.0057736637568546563 0.0056323508880087381 -1.4698594176687514 0.18399374321671516 0.13674071183368644 0.098986344759949288 -1.7149528013729427 0.020576492669561474 55.779546878169597
decision_type=8 8 8 10 10 8 10 10 10 10 10 10 10 2 8 10 10 10 10 10 10 10 10 10 10 8 10
left_child=5 16 3 13 -5 6 7 8 -1 14 11 -11 -12 -3 -7 -9 24 -16 20 -20 -18 22 -4 -23 25 -2 -8
right_child=1 2 21 4 -6 9 26 15 -10 10 12 -13 -14 -15 17 -17 18 -19 19 -21 -22 23 -24 -25 -26 -27 -28
leaf_value=5.7832849331076326e-05 -0.0030784335678363866 -0.0063390271170063088 -0.00070092019722906354 0.00081933772778896414 -0.0037939961382711215 0.0078758812861787139 -0.0098625295853730279 0.0031016620418733115 -0.0029327783817970497 0.010468894002117561 -0.0064568055174838877 -0.00034870293590472053 -0.0021877322574498539 -0.0026518184734807826 0.00095009118653871028 -0.0016853025123401678 -0.0049285644980866248 0.0033182886987460137 0.0024657546106163779 -0.00022902123142749892 -2.6709447383065667e-05 -0.00020890744698046616 -0.0064122005263225071 0.0040876035133714395 -0.0081796829519260369 0.0022968099672318887 -0.0039061383704654695
leaf_weight=81560 583 636 17171 3133 2684 218 201 2979 1775 322 394 450 1431 2267 16271 479 357 7220 3321 3297 7708 1305 573 954 290 392 202
leaf_count=81560 583 636 17171 3133 2684 218 201 2979 1775 322 394 450 1431 2267 16271 479 357 7220 3321 3297 7708 1305 573 954 290 392 202
internal_value=2.11033e-05 -0.00067286 -0.00117595 -0.00248114 -0.00138501 0.000294248 7.75027e-05 0.000112197 -1.07757e-05 0.00101258 -0.00173133 0.00424062 -0.00425958 -0.00467562 0.00131329 0.00307546 0.000233118 0.00123693 0.000483383 0.00139568 -0.000265063 -0.000606779 -0.000856467 0.0013531 -0.00266825 -0.00149385 -0.00737129
internal_weight=158173 44671 28723 8720 5817 113502 87196 86793 83335 26306 2597 772 1825 2903 23709 3458 15948 23491 14683 6618 8065 20003 17744 2259 1265 975 403
internal_count=158173 44671 28723 8720 5817 113502 87196 86793 83335 26306 2597 772 1825 2903 23709 3458 15948 23491 14683 6618 8065 20003 17744 2259 1265 975 403
is_linear=0
shrinkage=0.02


Tree=13
num_leaves=31
num_cat=0
split_feature=21 70 54 42 54 49 52 14 46 46 70 6 41 72 48 51 52 50 14 50 70 19 51 42 57 75 72 5 5 66
split_gain=82.7281 35.5948 89.9384 51.6939 51.3882 47.2203 33.5051 46.5577 37.4514 38.2763 33.676 33.0547 44.437 38.3006 31.1118 27.8304 27.3594 66.1092 30.3357 27.8902 27.2384 23.683 22.3058 18.4614 18.2351 17.5541 15.8229 14.713 22.1379 15.6779
threshold=0.033678663020144557 -0.86573739752490819 0.57514222579460672 -0.015890011651909727 0.58470889931856196 -0.006128473535711664 0.88789462569950384 0.052378526226431472 0.011895288936271177 0.0099132902068781673 -1.2417227077992512 0.019798182724293744 0.047384893400697077 0.41462882386653116 -0.080661721708004772 0.3422261331441539 0.60896649527140501 0.0076275591635123216 -0.020452167084477942 -0.011434513726389981 -0.18949031994468327 1.3086217328548353 0.18478222079474693 -0.010824748831383789 0.52426171136085464 0.61335558375946675 -1.2294148049806126 0.016317998113349639 0.028290422535382522 0.28422144573050889
decision_type=8 8 8 10 10 10 2 8 10 10 10 8 10 8 8 2 2 10 10 10 10 8 2 10 8 8 8 10 10 10
left_child=6 2 3 15 26 -5 10 27 9 -9 14 12 -12 -13 -1 -2 19 21 -19 20 -3 -18 -6 -21 -16 -10 -4 29 -29 -8
right_child=1 16 4 5 22 -7 7 8 25 -11 11 13 -14 -15 24 -17 17 18 -20 23 -22 -23 -24 -25 -26 -27 -28 28 -30 -31
leaf_value=-0.0062363120344662119 -0.0053872211318849832 -0.0016382063977657701 -0.017670581461962324 0.010283462127369454 0.00086299415247387907 0.00025309799785896314 0.0033177798298331409 0.0047903600969108244 0.006948182789518656 -0.0016986570940975534 0.00010554939272376691 -4.9040229998414396e-05 -0.0037342154789261075 0.0019219504425452114 -0.0027157543722911986 0.00043266879173380041 -0.0028779797460535732 -0.0023937182628163108 -0.00037322388616657681 0.0022923299999479097 0.00062604791352029318 -0.0087591310561564474 -0.0039901379530792695 0.00024919285129350988 0.00092372940381170302 0.0021875310214251697 -0.006502490944683921 -0.0051368837256414394 0.003560431444770864 -0.00054757009477681914
leaf_weight=271 381 4389 205 256 256 1725 360 599 453 434 83769 9689 454 14835 871 244 625 4394 18457 2870 3185 464 1301 5748 607 200 248 475 202 621
leaf_count=271 381 4389 205 256 256 1725 360 599 453 434 83769 9689 454 14835 871 244 625 4394 18457 2870 3185 464 1301 5748 607 200 248 475 202 621
internal_value=9.96286e-07 -0.000727569 -0.00239073 6.06061e-05 -0.00556837 0.00164379 0.000287401 0.00225949 0.0045987 0.00222244 0.00022768 0.000271987 8.38003e-05 0.000918165 -0.00252457 -0.00494888 -0.000536167 -0.000965624 -0.000735953 9.86846e-05 -0.000786535 -0.00577798 -0.00383697 0.0008769 -0.00137796 0.00834557 -0.0114934 -0.000119349 -0.00238643 0.00144399
internal_weight=158588 44748 4616 2606 2010 1981 113840 3344 1686 1033 110496 108747 84223 24524 1749 625 40132 23940 22851 16192 7574 1089 1557 8618 1478 653 453 1658 677 981
internal_count=158588 44748 4616 2606 2010 1981 113840 3344 1686 1033 110496 108747 84223 24524 1749 625 40132 23940 22851 16192 7574 1089 1557 8618 1478 653 453 1658 677 981
is_linear=0
shrinkage=0.02


Tree=14
num_leaves=28
num_cat=0
split_feature=23 46 36 5 6 50 5 44 46 70 44 47 45 44 43 4 9 68 45 44 71 15 50 46 28 26 45
split_gain=76.9099 44.0666 113.045 67.7853 59.0211 41.3017 42.8152 42.7731 36.5453 63.8986 42.0971 66.4652 46.9366 34.1875 41.5921 32.0492 26.9025 23.8312 22.0448 24.4687 49.7258 22.5809 22.1567 14.4076 12.8722 11.9713 9.10926
threshold=0.037515529057833182 0.034133762393146715 -0.19641039704367688 0.023820186078215639 0.021321769165451573 0.050985020605297311 0.016236838491566982 0.12426041513643817 0.0071743218066912407 -0.33683140606518341 -0.084893261369471937 -0.09501233209652786 0.018619044111080962 -0.097151723298657608 -0.053124800089148654 -0.30076636353637742 1.7740834498376821 1.3975122259204493 0.0053649681271666092 0.061421842166587422 -0.18214347864712438 0.011877710211576688 0.0023124268558438747 0.0069969547242819804 -0.079254363772512978 0.82465771681633371 0.018769124172072955
decision_type=8 10 10 10 8 10 10 10 8 8 8 8 10 8 10 8 10 10 10 10 8 8 10 10 10 10 10
left_child=1 4 -3 24 5 7 -7 -1 18 10 12 -12 -10 26 -15 -11 -5 -17 21 23 -21 25 -23 -20 -4 -2 -6
right_child=8 2 3 16 13 6 -8 -9 9 15 11 -13 -14 14 -16 17 -18 -19 19 20 -22 22 -24 -25 -26 -27 -28
leaf_value=8.7027158896881769e-05 -0.00091687227941915687 0.011232639306202956 -0.0052211040501741494 -0.0024318861780859196 0.0076174163924917857 0.0021911366378765192 -0.0021386401206503368 -0.0023896147590234842 -0.0092383430234569425 0.013512738181978803 0.0064817275166313085 -0.0018751477960972562 -0.0020035159485941581 -0.0038520206374768697 0.0016821863011016358 -0.0009077020384347334 0.0040218959639120042 0.0011633201706490273 0.00071676276036934639 0.0062938960371564578 7.5138198005224343e-05 0.0047328093355430128 -0.0004880806219593942 -0.0023203950471774532 -0.0095795642007853905 -0.0056004752400400813 0.0031272858167842384
leaf_weight=88595 408 388 207 1651 329 3614 835 2061 555 221 335 8240 564 818 17604 13855 205 2937 3958 543 728 432 7408 584 240 391 646
leaf_count=88595 408 388 207 1651 329 3614 835 2061 555 221 335 8240 564 818 17604 13855 205 2937 3958 543 728 432 7408 584 240 391 646
internal_value=2.76597e-06 0.00026399 -0.00226523 -0.00394878 0.000323468 0.000118373 0.00199955 2.60101e-05 -0.000740962 -0.00117935 -0.0024753 -0.00199837 -0.00612321 0.0013289 0.00113543 -0.000440696 -0.00226064 -0.000540582 6.90514e-05 0.00102133 0.00347327 -0.000571528 -0.000244612 0.00033414 -0.010933 -0.0037725 0.00497746
internal_weight=158352 117193 2691 2303 114502 95105 4449 90656 41159 26707 9694 8575 1119 19397 18422 17013 1856 16792 14452 5813 1271 8639 7840 4542 447 799 975
internal_count=158352 117193 2691 2303 114502 95105 4449 90656 41159 26707 9694 8575 1119 19397 18422 17013 1856 16792 14452 5813 1271 8639 7840 4542 447 799 975
is_linear=0
shrinkage=0.02


Tree=15
num_leaves=27
num_cat=0
split_feature=23 46 9 28 6 41 53 58 54 54 41 46 36 49 41 52 50 44 42 45 6 47 42 42 42 8
split_gain=72.4318 46.0693 107.849 60.2125 55.3189 55.5533 53.2301 45.051 58.5637 51.6299 43.1537 31.3023 30.1389 27.718 27.4622 26.6501 47.0123 25.6758 25.6278 43.7395 24.899 23.1579 22.0238 20.6089 19.978 18.9489
threshold=0.05653184541981527 0.034948848981301156 1.8279328019913015 -0.083633029982545057 0.021007743477873236 0.047384893400697077 0.024132713091028688 0.23036890645586303 0.57253979244754216 0.58346599610030381 0.020072361840640988 0.011835908005302669 -0.19641039704367688 -0.029703444396402986 0.0055080925683712598 0.60896649527140501 0.0074238207632112427 0.05724912780186487 0.01972995097343189 0.0075852884336519415 0.017012480977500719 -1.0000000180025095e-35 0.0096495138407765042 -0.014689185781223022 0.011818693273117466 0.014184887569678135
decision_type=8 10 10 10 10 10 10 8 8 8 10 8 10 10 10 2 10 10 10 10 10 10 10 10 10 10
left_child=1 4 3 12 5 6 -1 8 10 -10 13 -11 -3 -2 21 17 -17 -16 22 -20 -7 23 -6 -9 -23 -5
right_child=7 2 -4 25 18 20 -8 14 9 11 -12 -13 -14 -15 15 16 -18 -19 19 -21 -22 24 -24 -25 -26 -27
leaf_value=0.00013343147047182138 -0.0052423992561670355 0.0066782107401200689 0.0097846754027745789 -0.010002354232851595 0.0015307108663534747 -0.005527441840010929 -0.005456248296795369 0.00086839850389026159 -0.014787622767137854 -7.1039785014985479e-05 0.0060544429444395875 -0.0054639079888657077 -0.0025611325763001979 -0.00067813399517304665 -0.00036449592879266832 -0.0082477467774311457 -0.0015198700889824173 0.0049392946206636172 -0.0025862989718333151 0.0019074606422615221 -0.0007351144489586137 -0.0002049672277009009 0.0037262488659297582 -0.00078046649699852171 0.0076632495579408476 -0.0051659372146636538
leaf_weight=107314 235 237 333 254 10475 368 505 4108 290 527 281 942 1520 1638 2579 321 8097 374 2387 3208 239 264 3694 7317 324 282
leaf_count=107314 235 237 333 254 10475 368 505 4108 290 527 281 942 1520 1638 2579 321 8097 374 2387 3208 239 264 3694 7317 324 282
internal_value=5.93243e-06 0.000201488 -0.00242025 -0.003966 0.000255229 7.78219e-05 0.000111835 -0.00093113 -0.00291722 -0.00562386 -0.000704408 -0.00409388 -0.00217179 -0.00180256 -0.000598589 -0.00130302 -0.00187647 0.000331077 0.00122833 8.18442e-05 -0.00595066 6.80872e-05 0.00168088 -0.000131104 0.00393548 -0.00982868
internal_weight=158113 130816 2626 2293 128190 108426 107819 27297 3913 1759 2154 1469 1757 1873 23384 11371 8418 2953 19764 5595 607 12013 14169 11425 588 536
internal_count=158113 130816 2626 2293 128190 108426 107819 27297 3913 1759 2154 1469 1757 1873 23384 11371 8418 2953 19764 5595 607 12013 14169 11425 588 536
is_linear=0
shrinkage=0.02


Tree=16
num_leaves=25
num_cat=0
split_feature=21 46 70 53 10 10 53 59 6 46 5 6 50 44 9 32 70 44 47 49 49 22 49 28
split_gain=82.428 48.9877 66.1381 45.5023 60.232 59.667 29.9376 29.5561 29.4851 54.1 72.3711 42.5459 51.6374 39.9576 37.4172 25.562 25.1903 36.9485 28.6378 24.2238 32.101 17.9184 16.8839 11.9273
threshold=0.034365520119617472 0.0071743218066912407 -0.86573739752490819 0.016996572066686661 0.32833139515503013 0.43161558759342439 0.015402406967444573 0.3655246492847653 0.070717915228013475 0.034133762393146715 0.023820186078215639 0.018812766509491836 0.05154140508411665 -0.097151723298657608 1.7740834498376821 0.0038649182075821136 -0.21034103083525726 -0.075688170239417693 -0.062195599211185608 0.0289687095031721 0.021388144160030879 0.054819319189021561 0.016022964212992766 -0.076092651091714023
decision_type=8 8 8 10 10 10 10 8 10 10 10 8 10 8 10 10 8 8 8 10 10 8 10 10
left_child=8 6 3 4 -3 -5 19 15 9 11 23 12 -1 -13 -12 -8 17 -4 -18 20 -2 -21 -9 -11
right_child=1 2 16 5 -6 -7 7 22 -10 10 14 13 -14 -15 -16 -17 18 -19 -20 21 -22 -23 -24 -25
leaf_value=3.9509277089910394e-05 -0.00023574972601192644 -0.0097120629862716464 -0.0046800193500055043 0.0052084478276869907 -0.0028498773044828563 -0.0029288755019551633 0.00081508900513199754 -0.00044912496515535626 0.014914133356536716 -0.00380206150000323 -0.0017688933178897955 0.0046436495283332319 0.0019841864568447098 0.0010783021474535593 0.0068144158563013596 0.0065410550474187621 0.0016231866635296572 -0.0010453365334395163 -0.00078519582686007133 0.00054845838171811245 0.0033277064499312977 -0.0069547865006220344 0.0034418128035748926 -0.0091704698104927602
leaf_weight=80894 12067 517 868 377 1497 874 273 1037 306 217 1785 1188 3444 25889 209 402 2620 8188 13315 221 802 322 551 215
leaf_count=80894 12067 517 868 377 1497 874 273 1037 306 217 1785 1188 3444 25889 209 402 2620 8188 13315 221 802 322 551 215
internal_value=3.46536e-05 -0.000701493 -0.00119892 -0.00387569 -0.00573598 -0.000876997 0.000195075 0.00232244 0.000317991 0.000301277 -0.00265266 0.000365639 0.000144156 0.0010554 -0.0010416 0.00582544 -0.000848992 -0.00169129 -0.000370105 -0.000163871 1.07226e-05 -0.00429779 0.000829452 -0.0100647
internal_weight=158078 43931 28256 3265 2014 1251 15675 2263 114147 113841 2426 111415 84338 27077 1994 675 24991 9056 15935 13412 12869 543 1588 432
internal_count=158078 43931 28256 3265 2014 1251 15675 2263 114147 113841 2426 111415 84338 27077 1994 675 24991 9056 15935 13412 12869 543 1588 432
is_linear=0
shrinkage=0.02


Tree=17
num_leaves=23
num_cat=0
split_feature=21 70 44 54 54 13 54 28 57 52 28 54 60 50 6 52 44 51 7 54 27 51
split_gain=70.4117 34.583 92.3286 58.5449 60.2557 31.7926 38.9181 34.6703 30.6904 28.3374 26.5341 64.9577 47.8179 46.391 42.1412 32.5055 24.2252 22.2713 13.0054 10.823 11.126 9.07411
threshold=0.025427861892701745 -1.012802794240945 0.077141766390349323 0.57574027341050227 0.66004857915868043 -0.30076636353637742 0.71600631152671512 -0.0030381472907778369 0.96719734942567903 0.60896649527140501 -0.26959219551997288 0.77040259723844406 0.53949969076668258 0.056053115292138085 0.039295345200480135 0.88789462569950384 0.089624477650003045 0.30157101128917668 0.0096606290937709411 0.53768348835886848 -0.08786886319691066 0.61436163498194862
decision_type=8 8 10 8 10 8 10 10 10 2 8 10 8 10 10 2 10 2 10 10 10 2
left_child=8 2 3 17 -5 -3 9 -8 10 -7 13 15 -13 14 -1 -12 -4 -2 21 20 -20 -10
right_child=1 5 16 4 -6 6 7 -9 18 -11 11 12 -14 -15 -16 -17 -18 -19 19 -21 -22 -23
leaf_value=0.0042577078278535629 -0.0063207421806349166 0.012455811432903774 0.0061922164244129323 -0.0076323054738883676 -0.00040353624325918685 0.00024370072661338601 -0.0020703459876742539 -0.0085626281189230755 -0.0013733221254022044 -0.00075402911043244902 0.00018783541747435483 -0.004874299136496789 0.0008961547363619466 0.011090955515477039 -0.0014465206585010776 0.0020196260130679921 0.00094844896321136718 7.3714073994844703e-06 -0.0016702213207251916 0.0085134691362237346 0.0072767635990199564 0.0030817649955704458
leaf_weight=1607 275 254 207 896 379 18917 1453 337 284 28596 96386 972 456 302 1311 2743 257 1105 207 351 399 366
leaf_count=1607 275 254 207 896 379 18917 1453 337 284 28596 96386 972 456 302 1311 2743 257 1105 207 351 399 366
internal_value=5.55482e-06 -0.000591492 -0.00263397 -0.00407304 -0.00716144 -0.000462852 -0.00049931 -0.00339363 0.000304009 -0.000390159 0.000261501 0.00020424 -0.00402939 0.00204843 0.00127372 0.000265288 0.0055871 -0.00121506 0.00304602 0.00452818 0.00289621 0.000857143
internal_weight=158060 52676 3119 2655 1275 49557 49303 1790 105384 47513 103777 100557 1428 3220 2918 99129 464 1380 1607 957 606 650
internal_count=158060 52676 3119 2655 1275 49557 49303 1790 105384 47513 103777 100557 1428 3220 2918 99129 464 1380 1607 957 606 650
is_linear=0
shrinkage=0.02


Tree=18
num_leaves=27
num_cat=0
split_feature=23 46 36 5 6 53 50 59 50 70 42 44 32 6 44 50 50 36 57 53 52 54 45 6 72 16
split_gain=60.48 36.0326 118.494 84.3802 55.0603 55.8203 61.462 35.7597 34.6546 34.5629 42.8952 32.8433 45.7 32.2032 31.4415 31.2139 44.5001 30.7336 28.4156 26.753 25.0387 41.7621 29.1719 20.8074 20.0926 14.9797
threshold=0.05653184541981527 0.034133762393146715 -0.19641039704367688 0.020576038790865395 0.021007743477873236 0.024132713091028688 0.050985020605297311 0.34562772294834182 0.050985020605297311 -0.42915190061046432 -0.018481773686967514 0.081187245259363064 0.14725469424557078 0.04482431517779429 0.10091986081461791 -0.0043933970319610096 -0.053801964445408072 -0.22243012356279873 0.65089304680308724 0.013170367965835298 0.60896649527140501 0.63365652938279349 0.0098047391137094809 0.017309315387522856 0.034138126091180852 -0.14689428315147177
decision_type=8 10 10 10 10 10 10 10 10 8 10 10 8 10 10 10 10 8 10 10 2 8 10 10 10 10
left_child=1 4 25 -4 5 6 -1 18 -9 10 15 17 13 -13 -14 16 -2 -11 -6 -19 21 -12 -22 -7 -5 -3
right_child=9 2 3 24 7 23 -8 8 -10 11 20 12 14 -15 -16 -17 -18 19 -20 -21 22 -23 -24 -25 -26 -27
leaf_value=-1.0265505709857944e-05 -0.0019911844387488263 0.0053438818465846435 -0.0081419668978206985 -0.0029219421891966426 0.0019203776091285248 -0.008171991112865493 0.0018456144643641652 0.0018945754889570705 -0.0012112042879903104 0.014349617758189832 0.0016658564805005144 -0.0032383728711330934 -0.0044782642231266778 -0.014222492653939113 0.0030497641460140129 0.0011553737004896211 -0.0070751268051726865 -0.0013219298371637195 0.0090821891015064882 0.00041123425914114204 -0.00083924427649004066 -0.0033020952328521626 -0.0048763703966193499 -0.0028746194510637503 -0.0002818736125638797 0.014516168848628958
leaf_weight=103335 644 204 285 1185 347 265 4450 16201 2683 219 1615 2161 533 212 914 281 752 5540 288 11194 1870 562 851 232 979 202
leaf_count=103335 644 204 285 1185 347 265 4450 16201 2683 219 1615 2161 533 212 914 281 752 5540 288 11194 1870 562 851 232 979 202
internal_value=5.55679e-06 0.00018459 -0.00203711 -0.00369714 0.000234253 5.79777e-05 8.88613e-05 0.00121199 0.0010547 -0.000849684 -0.00211344 -0.000449504 -0.00212457 -0.00383235 0.000675414 -0.00487366 -0.00609735 -7.18415e-05 0.00587736 -0.000169585 -0.00116718 0.00043067 -0.002446 -0.00662249 -0.0023455 0.00795577
internal_weight=158004 130656 2855 2449 127801 108282 107785 19519 18884 27348 6575 20773 3820 2373 1447 1677 1396 16953 635 16734 4898 2177 2721 497 2164 406
internal_count=158004 130656 2855 2449 127801 108282 107785 19519 18884 27348 6575 20773 3820 2373 1447 1677 1396 16953 635 16734 4898 2177 2721 497 2164 406
is_linear=0
shrinkage=0.02


Tree=19
num_leaves=30
num_cat=0
split_feature=21 45 7 44 44 9 57 44 50 53 44 72 10 44 45 4 50 44 45 45 57 49 43 43 39 53 53 69 45
split_gain=55.5221 38.7224 61.0816 72.4992 53.1484 44.6217 37.2977 58.4475 48.1272 46.4408 47.0703 44.2964 35.6805 55.1248 35.6238 34.14 45.4675 31.6039 30.725 30.1434 29.8506 38.7205 23.651 45.9313 22.4064 20.859 19.5434 18.9922 15.0072
threshold=0.020712925550159026 0.0082894699117945052 0.0050751156048606761 0.077141766390349323 0.087426539331118117 0.54152716558590841 0.70233077002500466 0.00083595413199644153 -0.0043933970319610096 0.013931050615275895 0.16428337884866476 -0.67376896690489685 1.6263464685018609 0.077141766390349323 0.0073820450786798207 -0.30076636353637742 0.05877937452913818 0.089624477650003045 0.011071390549612202 0.0042397239418392203 0.18796074826410583 0.01951266924947315 0.082894945459941152 0.049309829597586126 0.026448273970306194 0.015749394831879721 0.012931748976603461 -0.11580148497498662 0.007994999599381122
decision_type=8 8 8 10 10 10 10 10 10 10 10 10 10 10 10 8 10 10 10 10 10 10 10 10 10 10 10 8 10
left_child=6 17 3 5 -5 -3 12 8 25 19 -11 -10 22 14 -14 -4 -17 20 -15 -9 28 -22 23 -1 26 -8 -19 -24 -2
right_child=1 2 15 4 -6 -7 7 9 11 10 -12 -13 13 18 -16 16 -18 24 -20 -21 21 -23 27 -25 -26 -27 -28 -29 -30
leaf_value=-0.0001513088810724319 -0.0017666404156764493 -0.0060778080796379122 0.011179971496819574 0.0078115497171324247 -0.0022703727941039403 -0.001435203634990657 0.0016306925733365729 0.0021202164296150044 -0.0065001559252923259 0.0022984335343564362 0.0085982690701433412 -0.0010662546181622846 0.0019373258238247096 -0.00049718034677204885 0.0066563094439210206 -0.00066554762790820086 -0.0049651108545707388 0.00056116541045756699 -0.0069322099439566159 -0.00028649111817234912 8.3918714331349042e-05 0.0018920661888887889 -0.00416995947727734 0.0015037240607448635 0.0055182240089463762 -0.0017770534318702015 -0.0022989163766129988 0.00014943115781981077 0.0025722282503592565
leaf_weight=65900 4337 1383 253 202 207 1116 1479 2742 582 7631 367 840 3292 1281 1641 20292 884 1009 343 6067 20252 3562 832 6070 238 944 3349 522 376
leaf_count=65900 4337 1383 253 202 207 1116 1479 2742 582 7631 367 840 3292 1281 1641 20292 884 1009 343 6067 20252 3562 832 6070 238 944 3349 522 376
internal_value=-2.82163e-05 -0.000524147 -0.00112984 -0.00384943 0.00394634 -0.0051272 0.000255217 0.00101283 -0.00121113 0.00152178 0.00262508 -0.00413071 5.93125e-05 0.00147271 0.00252493 -0.000760523 -0.000847995 -7.90363e-05 -0.00172185 0.000519637 0.000168887 0.000456771 -6.70713e-05 -1.77572e-05 -0.00161801 0.000502475 -0.00194494 -0.00268487 -0.00128511
internal_weight=157993 57460 24337 2908 409 2499 100533 20652 3845 16807 7998 1422 79881 6557 4933 21429 21176 33123 1624 8809 28527 23814 73324 71970 4596 2423 4358 1354 4713
internal_count=157993 57460 24337 2908 409 2499 100533 20652 3845 16807 7998 1422 79881 6557 4933 21429 21176 33123 1624 8809 28527 23814 73324 71970 4596 2423 4358 1354 4713
is_linear=0
shrinkage=0.02


Tree=20
num_leaves=28
num_cat=0
split_feature=23 70 45 46 46 46 5 36 6 53 53 22 59 44 57 53 50 40 36 44 44 6 53 5 28 46 38
split_gain=61.1699 42.8164 36.805 47.8046 57.5025 35.1847 101.955 72.3582 53.6873 56.1215 73.3581 47.4453 33.9516 33.2935 52.0975 33.0116 31.7189 31.4165 26.381 23.4454 28.1439 20.2283 17.6692 15.8757 11.7205 10.0938 9.43752
threshold=0.064544487055222213 -0.21706629662203134 0.0087471497494089837 0.0081859706254185215 0.011835908005302669 0.034133762393146715 0.024075679924352684 -0.19641039704367688 0.020576492669561474 0.020765563179641202 0.020281496891793489 -0.021663325961042364 0.15822142912162687 0.074697369416932738 0.19210327191838897 0.018586134342747175 0.05154140508411665 0.00074315657814444911 -0.19008092172435073 0.084656299703340113 0.074067882119761466 0.060421667068357159 0.013206960619416954 0.01118778250285982 -0.075251211900346546 0.010494865684616593 0.79539833371101276
decision_type=8 8 10 8 8 10 10 10 10 10 10 10 10 10 8 10 10 10 8 8 10 10 10 10 10 8 10
left_child=5 2 19 23 -5 8 24 26 9 10 -1 -11 -10 18 15 -15 -14 -16 -3 20 -2 -9 -20 -4 -7 -21 -8
right_child=1 13 3 4 -6 6 7 21 12 11 -12 -13 16 14 17 -17 -18 -19 22 25 -22 -23 -24 -25 -26 -27 -28
leaf_value=-4.5423441142957918e-06 -0.00036035001580602761 0.013439527830699322 -0.0073027669768359268 -3.6033666398299321e-05 -0.0047055618038938764 -0.0041104142662155502 0.012814714012043253 -0.0021549412114004441 0.0075464950451034673 0.00030814716158979709 0.0063069781780980974 -0.0046507331329790035 0.0015800805993499915 -0.0041735101073163009 -0.002021796955534927 -0.018664476803317984 -0.0011331209233765528 0.0059019232762348899 -0.0011905614483277936 -0.0039148411985203673 0.004743819148506587 0.0037839686639504909 0.00054330169739292503 -0.0030616712737270312 -0.009311883988742279 -8.8454111572192082e-05 0.0072019558883949265
leaf_weight=107932 1946 263 357 1730 1713 232 202 1809 236 671 649 1025 18805 269 2670 200 2611 313 4535 421 205 270 8045 242 286 221 204
leaf_count=107932 1946 263 357 1730 1713 232 202 1809 236 671 649 1025 18805 269 2670 200 2611 313 4535 421 205 270 8045 242 286 221 204
internal_value=-5.26246e-05 -0.0010029 -0.00233148 -0.00355132 -0.0026417 0.000110262 -0.00202996 -0.000345133 0.000159009 -1.97501e-05 3.66359e-05 -0.00362876 0.00106951 -0.000445385 -0.00218882 -0.00837872 0.000986039 -0.00121247 2.32015e-05 -0.000564782 0.000435874 -0.00185481 -0.000107941 -0.00876333 -0.0100925 -0.00391602 0.00736609
internal_weight=158062 23130 6835 4042 3443 134932 3003 2485 131929 110277 108581 1696 21652 16295 3452 469 21416 2983 12843 2793 2151 2079 12580 599 518 642 406
internal_count=158062 23130 6835 4042 3443 134932 3003 2485 131929 110277 108581 1696 21652 16295 3452 469 21416 2983 12843 2793 2151 2079 12580 599 518 642 406
is_linear=0
shrinkage=0.02


Tree=21
num_leaves=28
num_cat=0
split_feature=21 70 54 54 42 48 6 46 9 5 41 42 42 59 72 44 54 52 57 44 47 52 42 59 18 5 44
split_gain=67.459 33.9865 72.5799 60.4785 41.0736 40.6674 30.7534 49.9641 101.798 65.1454 47.6611 42.636 50.3893 38.5434 30.5188 30.4178 27.6277 25.6441 32.3718 49.08 28.627 24.0355 20.4538 19.6106 19.3264 14.6596 10.4375
threshold=0.037185255255801471 -0.86573739752490819 0.57574027341050227 0.58470889931856196 -0.018144296797852785 -0.038503040567345818 0.019798182724293744 0.034133762393146715 1.7740834498376821 0.02043207090832275 0.047384893400697077 0.047279301649295953 0.035598282158095247 0.14636660799597689 -1.3390834435099155 -0.097151723298657608 0.66004857915868043 0.60896649527140501 0.15628345824411136 0.12861840383644133 -0.0038235696042235863 0.62285426991309356 -0.027812717491578317 0.63473824312333638 76.968057052646685 0.015827681117052319 0.031906244533933655
decision_type=8 8 8 10 10 8 10 10 10 10 10 10 10 10 8 10 10 2 8 10 10 2 10 10 10 10 8
left_child=6 2 4 26 22 -6 10 13 9 -9 11 12 -1 -8 -13 -15 -5 20 19 -19 23 -20 -2 -3 -22 -12 -4
right_child=1 17 3 16 5 -7 7 8 -10 -11 25 14 -14 15 -16 -17 -18 18 21 -21 24 -23 -24 -25 -26 -27 -28
leaf_value=8.5835932044386339e-05 -0.0005896444378395674 -0.00058810714141439044 -0.013684826478479717 -0.0042597376799135894 0.0070516324047812089 7.0131605268411446e-06 0.0077480666984460992 -0.0075265029000404372 0.010126271612512481 -0.0018296529937162553 -0.0058179158936699713 -0.0066600732312961817 0.0026410794289209653 0.004636452238725712 -0.0014360099901527471 0.0012290398940778256 0.00021137203745233895 -0.0031117624359979293 -0.0036409176373724292 -0.016464599771876715 0.0019211995760686285 -0.00049661728818810899 -0.0059511738290116117 0.0010214893825356386 0.0076411043163680109 -0.00254006804001771 -0.0065675565048761821
leaf_weight=86786 328 9038 201 886 282 1501 208 262 362 2049 208 226 3023 1086 2162 20016 503 1895 935 206 407 19281 220 5495 207 290 200
leaf_count=86786 328 9038 201 886 282 1501 208 262 362 2049 208 226 3023 1086 2162 20016 503 1895 935 206 407 19281 220 5495 207 290 200
internal_value=-5.16858e-06 -0.000696821 -0.00242067 -0.00544835 -9.3482e-05 0.0013778 0.000241329 0.00087967 -0.00169708 -0.00324308 7.61414e-05 0.000109525 0.00017969 0.00120304 -0.00252742 0.00111823 -0.00346619 -0.000507087 -0.000938167 -0.00330067 0.000127938 -0.000692388 -0.00487796 -5.07775e-05 0.00435447 -0.00608818 -0.0122836
internal_weight=158263 41585 4121 1790 2331 1783 116678 23983 2673 2311 92695 92197 89809 21310 2388 21102 1389 37464 22317 2101 15147 20216 548 14533 614 498 401
internal_count=158263 41585 4121 1790 2331 1783 116678 23983 2673 2311 92695 92197 89809 21310 2388 21102 1389 37464 22317 2101 15147 20216 548 14533 614 498 401
is_linear=0
shrinkage=0.02


Tree=22
num_leaves=26
num_cat=0
split_feature=53 22 32 69 59 47 75 50 69 44 70 51 50 57 53 14 23 44 44 50 28 54 14 65 43
split_gain=51.0978 102.567 81.1108 112.109 64.9806 68.5071 59.6984 42.4116 41.7465 39.9259 36.4466 66.6676 35.7411 31.9304 43.0416 40.0347 34.9334 34.4906 52.2407 25.3708 22.9719 22.8986 18.0663 16.7482 12.4622
threshold=0.020765563179641202 -0.021663325961042364 0.15272141582685497 -0.44953205291260218 0.55176058905008396 -0.15327845528716069 -1.2410603681844619 0.05877937452913818 0.11545484287923952 0.16428337884866476 -1.2417227077992512 0.29845360824742273 0.011720836341512776 0.80490309009866301 0.020587867958909118 0.27307412399840786 0.0090995455996218961 -0.097151723298657608 -0.031313881838822215 0.06336386814830243 -0.043592868215155282 0.57853630433848235 0.12628161842553079 0.69085146289890209 0.051227593454310501
decision_type=8 10 10 8 10 10 8 10 10 10 8 2 10 10 10 8 10 10 10 10 10 8 8 10 10
left_child=10 6 4 -4 5 -3 7 12 20 -5 11 -1 -2 14 16 -16 -12 -15 -19 -6 -8 23 -23 -13 -10
right_child=1 2 3 9 19 -7 8 -9 24 -11 13 21 -14 17 15 -17 -18 18 -20 -21 -22 22 -24 -25 -26
leaf_value=-0.0088790647906745301 0.0088319522198817401 -0.0015570913521651831 -0.014019574988385269 -0.0020258831310341107 0.00078527706296172982 -0.0062575794281937184 -0.00064427743622833629 0.013550766123251332 0.0016287640311472007 0.0067265597305114387 0.00022925085434814682 -0.0008337080170558389 -0.0047200762108839103 -0.0056625587175146812 0.0071489187765735821 -0.0014906829917705614 -0.0004527193167680671 0.0037307036088133701 0.00053829893816328381 -0.0069876906093576576 -0.0039657100665088886 -0.0013847949939485521 -0.006451257844259187 0.001659921896018654 0.007960096943577669
leaf_weight=338 457 951 223 297 1029 2030 4249 251 377 652 71556 908 250 235 413 208 45093 1970 24635 307 231 349 227 398 221
leaf_count=338 457 951 223 297 1029 2030 4249 251 377 652 71556 908 250 235 413 208 45093 1970 24635 307 231 349 227 398 221
internal_value=-6.95571e-06 -0.00128909 -0.0032674 0.00139642 -0.00453404 -0.00617639 0.000509856 0.00508655 -0.000354007 0.00439789 9.40197e-05 -0.00244845 0.0025678 0.000133217 -9.19238e-06 0.00523794 -3.71882e-05 0.000755486 0.000823047 -0.000866118 -0.00101718 -0.000976102 -0.00429463 0.000488141 0.00460434
internal_weight=157855 11525 5489 1172 4317 2981 6036 958 5078 949 146330 2220 707 144110 117270 621 116649 26840 26605 1336 4480 1882 576 1306 598
internal_count=157855 11525 5489 1172 4317 2981 6036 958 5078 949 146330 2220 707 144110 117270 621 116649 26840 26605 1336 4480 1882 576 1306 598
is_linear=0
shrinkage=0.02


Tree=23
num_leaves=30
num_cat=0
split_feature=21 58 54 54 57 44 54 44 53 4 53 51 6 54 46 46 44 32 44 6 6 48 10 67 54 51 44 70 33
split_gain=49.2815 41.4119 52.44 47.8309 38.5224 105.568 105.351 45.4226 42.2318 39.8126 39.8048 35.2202 33.7209 32.3157 49.2777 28.5826 28.3544 39.6565 30.6428 28.8003 25.6226 26.3322 24.9069 24.6909 24.5601 36.323 22.708 21.9936 16.0923
threshold=0.06158137432261946 0.30230150705378211 0.57253979244754216 0.58346599610030381 0.70233077002500466 0.00083595413199644153 0.64440326544690774 -0.0021822336224425194 0.015749394831879721 -0.27280421421896972 0.02211854124599473 0.72080650082043596 0.017471491754389151 0.79092688549659373 0.011509024397268062 0.0095798543940596882 0.083204900209581836 0.15570853013066646 0.10091986081461791 0.04482431517779429 0.060421667068357159 -0.0030047128098696359 0.59336534321688739 -0.13845836752610566 0.55070530545770324 0.36577569717104602 -0.075688170239417693 -0.49697525403834081 -0.29581030911140732
decision_type=8 8 8 10 10 10 10 10 10 8 10 2 8 10 10 10 10 8 10 10 10 10 8 10 10 2 10 10 10
left_child=4 2 24 22 9 7 15 8 -6 13 11 -11 -12 14 -1 -7 20 19 -19 -18 21 -3 -4 -8 25 -2 -5 -9 -15
right_child=1 16 3 26 5 6 23 27 -10 10 12 -13 -14 28 -16 -17 17 18 -20 -21 -22 -23 -24 -25 -26 -27 -28 -29 -30
leaf_value=0.00066134098752717728 -0.0046867112086367499 -0.00073546429482090078 -0.019426856722842632 -0.0052606829793920475 0.0003972114941719396 0.0012903844726428265 0.0083407199423254641 -0.0078343107587341542 -0.0025355626095416093 -0.00025282174653817554 -0.0058439430810723059 0.00051478479855691082 -0.001518993216215488 0.0045861580448493212 0.011402727597175866 -0.00037586280309256378 -0.0028402871405945472 -0.0055985446312082666 0.0031601096160392174 -0.012467613823979387 0.0068501658884212672 0.0011175636916246658 -0.0048166558624103094 0.0043812029124364292 0.0052680980368849393 -0.00014649205271691917 -0.0012366438219446247 -0.002763530177630319 -0.0018439036759942745
leaf_weight=558 419 12226 215 478 3175 20780 381 249 2722 69675 337 25661 2694 287 670 4702 2126 458 875 232 343 4294 200 429 307 1725 1011 239 674
leaf_count=558 419 12226 215 478 3175 20780 381 249 2722 69675 337 25661 2694 287 670 4702 2126 458 875 232 343 4294 200 429 307 1725 1011 239 674
internal_value=-2.40162e-05 -0.000840546 -0.00261203 -0.00510131 0.000128631 0.000725197 0.00128544 -0.00158127 -0.00109495 -6.52167e-05 -0.000124614 -5.28441e-05 -0.00238061 0.00260183 0.0047502 0.00105945 -0.000464996 -0.00205255 0.000703148 -0.00361085 -0.000117291 -0.000229889 -0.011101 0.00838224 -0.000676183 -0.00143497 -0.00342148 -0.00743967 -0.000143451
internal_weight=158142 24909 4355 1904 133233 32677 26292 6385 5897 100556 98367 95336 3031 2189 1228 25482 20554 3691 1333 2358 16863 16520 415 810 2451 2144 1489 488 961
internal_count=158142 24909 4355 1904 133233 32677 26292 6385 5897 100556 98367 95336 3031 2189 1228 25482 20554 3691 1333 2358 16863 16520 415 810 2451 2144 1489 488 961
is_linear=0
shrinkage=0.02


Tree=24
num_leaves=27
num_cat=0
split_feature=21 44 5 47 20 0 49 48 63 46 41 69 45 41 46 70 69 52 48 47 46 44 59 44 14 46
split_gain=50.8925 36.0261 65.1396 40.1008 37.4171 32.7301 29.5033 28.9091 47.4124 46.4713 40.951 27.9909 42.9296 42.7013 27.5429 37.4373 28.7564 25.7775 21.63 46.0643 22.2717 22.1054 16.8018 14.5231 13.75 12.4782
threshold=0.034365520119617472 -0.084893261369471937 0.018598486863915981 -0.10882297289682062 0.0084695256603188902 -0.032353043915001982 -0.051527325845772125 -0.016922285815210044 0.29184111412805475 0.03709626144380785 0.017257527265917564 -0.20823059230748422 0.010687146621193739 0.014204865160563964 0.0071743218066912407 -0.86573739752490819 -1.2568262256740932 0.25614754098360665 -0.021151165086339404 -0.06681580268107222 0.0075069440817183402 -0.047785137046568109 0.76488948104141186 0.035014286716079875 0.089725525448184365 0.0071360513986925972
decision_type=8 8 8 10 10 10 8 8 8 10 10 10 10 10 8 8 10 2 10 10 10 8 8 10 10 10
left_child=5 2 3 -2 22 18 24 8 10 -10 -7 12 -9 -13 16 -16 -8 -6 19 21 -21 -1 -4 -20 -3 -25
right_child=1 6 4 -5 17 7 14 11 9 -11 -12 13 -14 -15 15 -17 -18 -19 23 20 -22 -23 -24 25 -26 -27
leaf_value=0.0015056184688977937 -0.012164075370060532 0.0022082751785783747 0.00030393419346598673 -0.0044257510350544128 -0.0050563379140233814 0.00016771092783624043 -0.002883838106272062 -0.0001015779249332609 -0.00052197662340960091 -0.0040755115300617675 0.003088843496291942 0.0011321202574495442 0.0037001686182839871 -0.00032826125629337844 -0.002402614074787993 -0.0006318717030634538 0.00040197707207517241 -0.00060421528934896163 0.0041848428468934775 0.0019227716051949113 0.0081821744669552995 -0.0047627527484910229 0.0090353655408185775 0.00086541597781340243 0.0075027542957925011 -0.0041745136494897462
leaf_weight=1118 234 332 455 312 482 12602 1288 34478 26295 1005 2855 23233 1277 8300 2685 22836 14475 582 290 448 1120 365 201 407 218 358
leaf_count=1118 234 332 455 312 482 12602 1288 34478 26295 1005 2855 23233 1277 8300 2685 22836 14475 582 290 448 1120 365 201 407 218 358
internal_value=-1.88181e-05 -0.00059586 -0.00305161 -0.00906399 -0.00113771 0.000204096 -0.000462723 0.000138651 -0.000267973 -0.000769129 0.000617027 0.000397063 1.39277e-05 0.00083142 -0.000524113 -0.0009301 0.000133088 -0.00345352 0.00195715 0.00281062 0.00519949 0.000281671 0.00261492 -0.00050947 0.0041343 -0.00195561
internal_weight=158251 44100 2266 546 1720 114151 41834 110045 42757 27300 15457 67288 35755 31533 41284 25521 15763 1064 4106 3051 1568 1483 656 1055 550 765
internal_count=158251 44100 2266 546 1720 114151 41834 110045 42757 27300 15457 67288 35755 31533 41284 25521 15763 1064 4106 3051 1568 1483 656 1055 550 765
is_linear=0
shrinkage=0.02


Tree=25
num_leaves=31
num_cat=0
split_feature=23 70 44 47 41 45 45 35 6 46 5 41 50 71 14 46 45 50 46 60 41 53 46 41 13 35 31 24 6 6
split_gain=51.9175 33.4397 50.2086 39.8113 71.6779 32.2011 28.9916 60.8512 41.9307 54.0885 90.4866 46.8213 44.4993 35.4878 30.7013 38.8703 26.9316 23.1866 22.4489 41.4564 22.4073 23.9896 21.7961 20.8846 17.6271 25.5805 15.4949 12.379 9.82264 7.39496
threshold=0.050687200856150978 -0.42915190061046432 -0.084893261369471937 -0.09501233209652786 -0.012817826760980975 0.018619044111080962 0.0044644464611294701 -0.045365265900106845 0.019798182724293744 0.034133762393146715 0.023820186078215639 0.047384893400697077 0.060614384894817637 -0.86416611573753732 0.031848277249168062 0.003497803715419317 0.013589480861442687 0.011720836341512776 0.0036476436852288228 0.56731736172729974 0.012284967358949241 0.01318948571032973 0.0090863908733531899 0.010649409591326655 -0.11610494865651642 0.017533437034650205 -0.024379799545648947 -0.09749115522372491 0.015032885805002479 0.051829731077108039
decision_type=8 8 10 10 10 10 10 10 10 10 10 10 10 10 8 10 10 10 10 10 10 10 10 10 8 8 10 10 8 10
left_child=6 2 5 -4 -5 16 7 18 11 13 -11 12 -8 -10 17 -16 -2 -9 19 -1 21 23 -23 -3 29 -26 -20 -7 -13 -22
right_child=1 20 3 4 -6 27 8 14 9 10 -12 28 -14 -15 15 -17 -18 -19 26 -21 24 22 -24 -25 25 -27 -28 -29 -30 -31
leaf_value=-0.0040918493174705688 -0.0026035458333216544 -0.001091979241441522 0.0077168284452063451 -0.0038962373598826028 -0.00046395658054988921 0.00060330784836204747 -0.00017016024655507639 -0.0034310161867988891 0.0072423892911061619 -0.006287609684873823 -0.00025341779781312928 -0.0059389448766518508 0.0025737613329563404 0.0013721772080069479 -0.0019052395792322034 0.0018861142140352777 -0.0096697144742472468 0.00057231600997090844 -0.0057400064526056376 0.0072374098342382958 0.00071514496859596919 0.0015684720816749431 -0.00039017023811249621 0.0053031762271653514 -0.0073652166748599777 -0.0011376333123169875 -0.0011052786554098838 -0.0044585277311029797 -0.0028189320571183241 0.0089954037910099684
leaf_weight=243 246 5577 214 1276 5479 243 76144 813 237 461 2357 209 1335 20771 1043 13157 314 4503 614 394 213 5618 4901 229 357 5947 4221 201 335 201
leaf_count=243 246 5577 214 1276 5479 243 76144 813 237 461 2357 209 1335 20771 1043 13157 314 4503 614 394 213 5618 4901 229 357 5947 4221 201 335 201
internal_value=2.16529e-05 -0.000711803 -0.00182819 -0.00122496 -0.00149467 -0.00600796 0.000201028 0.000811477 5.12322e-05 0.000785579 -0.00181554 -0.000172998 -0.000131879 0.00113466 0.00133412 0.00181945 -0.0091943 3.7239e-05 -0.00105207 0.00247335 -0.000325378 7.46049e-05 0.000644297 -0.000957121 -0.00129751 -0.00156035 -0.00151737 -0.00197303 -0.00601468 0.00269398
internal_weight=157853 31016 7973 6969 6755 1004 126837 24988 101849 23826 2818 78023 77479 21008 19516 14200 560 5316 5472 637 23043 16325 10519 5806 6718 6304 4835 444 544 414
internal_count=157853 31016 7973 6969 6755 1004 126837 24988 101849 23826 2818 78023 77479 21008 19516 14200 560 5316 5472 637 23043 16325 10519 5806 6718 6304 4835 444 544 414
is_linear=0
shrinkage=0.02


Tree=26
num_leaves=28
num_cat=0
split_feature=23 57 48 28 44 6 48 20 42 28 53 50 6 54 44 41 41 52 43 41 72 6 17 58 54 7 72
split_gain=42.5157 35.1251 36.037 38.2355 31.1699 64.7848 51.2271 44.9024 32.8184 27.4608 46.9639 43.4705 34.6331 27.3334 28.2525 25.8968 52.903 42.2452 24.5602 23.7631 23.4762 21.3874 17.2143 14.5706 11.0119 10.1002 6.81598
threshold=0.038993298789766213 0.76550929407497204 -0.10872575593379601 -0.074479939513800261 -0.084893261369471937 0.021007743477873236 -0.10159605945532339 0.0084695256603188902 -0.061221554084063039 -0.26959219551997288 0.024132713091028688 0.058484836743913589 0.017471491754389151 0.65574680014672626 0.011389885697380754 -0.012519416848444485 -0.016491552137521345 0.60896649527140501 0.04852961532303169 0.0049380461480079694 -0.82930909527410102 0.039295345200480135 -0.065928523973866407 0.80490309009866301 0.59412516474585819 0.017267714787913568 0.34233390546269077
decision_type=8 10 10 10 8 8 10 8 8 8 10 10 8 10 10 8 10 2 10 10 10 10 2 10 10 10 10
left_child=1 9 3 25 5 6 20 26 22 11 18 21 -12 19 -15 16 -10 -17 -11 -4 -2 -1 24 -9 -6 -3 -7
right_child=4 2 13 -5 8 7 -8 23 15 10 12 -13 -14 14 -16 17 -18 -19 -20 -21 -22 -23 -24 -25 -26 -27 -28
leaf_value=0.0033605455128307088 -0.012574123099332106 -0.0033596978276278391 0.0015576478278446326 -0.0086835222260900034 0.0048442704007737192 0.0014738544142809582 -2.9762742950592557e-06 -0.0035021870724729989 -0.0004508429732231141 -6.9030014006959934e-05 -0.0086841167682957781 0.009532350735459048 -0.0018808179547074838 0.0021218384504398942 0.0083390091125541011 0.000717390106787867 -0.0045846869763153959 -0.00082345821452521151 0.00095244093548159413 0.00010768911255943366 -0.0053058318933838057 -0.00091107761308030011 0.0093489767473910381 0.0011004111824333366 -0.0014201953856140762 0.0022503091998240191 0.0071448725410361959
leaf_weight=1581 224 213 9239 208 221 346 227 698 3651 84690 243 285 1882 857 315 10546 1525 20978 8363 8936 251 1274 207 220 229 257 200
leaf_count=1581 224 213 9239 208 221 346 227 698 3651 84690 243 285 1882 857 315 10546 1525 20978 8363 8936 251 1274 207 220 229 257 200
internal_value=-1.54434e-05 0.000174221 0.000937681 -0.00359057 -0.000583392 -0.00291555 -0.00790612 -0.000517406 -0.000448043 1.86943e-05 -4.20051e-05 0.00185864 -0.00298119 0.00109665 0.00405627 -0.000527452 -0.00183852 -0.00031207 2.51252e-05 0.00090548 -0.0116345 0.00111275 0.00397872 -0.00321872 0.0017694 -0.000420382 0.00401828
internal_weight=157866 118343 20025 678 39523 2166 702 1464 37357 98318 95178 3140 2125 19347 1172 36700 5176 31524 93053 18175 475 2855 657 918 450 470 546
internal_count=157866 118343 20025 678 39523 2166 702 1464 37357 98318 95178 3140 2125 19347 1172 36700 5176 31524 93053 18175 475 2855 657 918 450 470 546
is_linear=0
shrinkage=0.02


Tree=27
num_leaves=28
num_cat=0
split_feature=21 46 70 42 54 54 53 4 44 53 5 50 69 53 45 4 54 57 50 50 42 57 21 34 24 78 70
split_gain=71.4629 32.8 55.8768 36.737 32.6523 55.1015 35.695 27.271 31.5871 34.6278 94.3507 42.2384 31.8789 58.8491 36.5533 26.9674 21.466 21.2606 21.6256 17.3874 21.2378 24.4043 24.1323 14.6207 13.1857 10.6642 9.29099
threshold=0.033678663020144557 0.0071743218066912407 -0.86573739752490819 0.044644858356760693 0.57514222579460672 0.58470889931856196 0.017392014665839839 0.20980790202131264 0.12547988852472428 0.024132713091028688 0.022872146599098187 0.049915350585884484 -0.46770068451698316 0.017095734464677947 0.010037095526989189 -0.30076636353637742 0.71600631152671512 0.16419481539670075 0.028008352356799663 0.038928324355761997 0.014501779233529135 0.4916492329149233 -0.014739018090494159 0.00083155098272582261 -0.9982812298019873 -0.067863823027408274 -0.29210553471764394
decision_type=8 8 8 10 8 10 10 10 10 10 10 10 8 10 10 8 10 10 10 10 10 8 8 10 10 10 10
left_child=7 3 4 17 6 -6 -3 8 9 11 -11 -1 13 -10 -14 -4 -17 24 -19 23 21 -21 -22 26 -2 -25 -9
right_child=1 2 15 -5 5 -7 -8 19 12 10 -12 -13 14 -15 -16 16 -18 18 -20 20 22 -23 -24 25 -26 -27 -28
leaf_value=0.00020877323392222771 0.0013152542689495916 -0.0026412814622957049 0.010263672524954611 0.0057498302137769268 -0.0093214703783834653 -0.0024943054848606517 0.004426707819723659 0.0012729445831427338 0.0044240546371280111 -0.0054642104931657103 -8.3838181606235576e-05 0.0018490773909730096 -0.002421720994130076 -0.0053729888299917207 0.0019309981669525154 -0.00064788446448735845 -0.0028021047339558298 -0.0003904963960591552 0.0011418610911685233 -0.00043419872985155929 0.0045809502521515577 0.0068625493713621831 -0.0017536528591568499 0.0044500065161338217 -0.0030926888544871157 -0.00032407621965067744 -0.0015131363639230334
leaf_weight=96101 317 840 232 337 442 1554 514 736 294 727 2993 4775 1136 1105 1092 23548 1481 9324 4266 274 507 858 721 682 1663 341 1306
leaf_count=96101 317 840 232 337 442 1554 514 736 294 727 2993 4775 1136 1105 1092 23548 1481 9324 4266 274 507 858 721 682 1663 341 1306
internal_value=-9.85035e-06 -0.000689099 -0.00109388 3.88484e-05 -0.00352074 -0.00514672 -0.0011203 0.00025621 0.000186816 0.000250466 -0.00164418 0.00032037 -0.00164774 -0.00401286 -0.00016061 -0.000771831 -0.000834918 -0.000102627 0.000179383 0.00163988 0.00293011 0.00490556 0.00110496 0.00064514 -0.00203836 0.0025957 -0.000331865
internal_weight=158166 44518 28611 15907 3350 1996 1354 113648 108223 104596 3720 100876 3627 1399 2228 25261 25029 15570 13590 5425 2360 1132 1228 3065 1980 1023 2042
internal_count=158166 44518 28611 15907 3350 1996 1354 113648 108223 104596 3720 100876 3627 1399 2228 25261 25029 15570 13590 5425 2360 1132 1228 3065 1980 1023 2042
is_linear=0
shrinkage=0.02


Tree=28
num_leaves=24
num_cat=0
split_feature=23 70 54 54 52 50 51 46 9 5 6 53 53 6 59 50 48 28 47 14 9 48 28
split_gain=55.7659 33.3112 50.1352 45.2594 36.8279 43.9901 34.0548 31.9731 90.3523 64.0466 48.3587 64.5188 75.0882 38.0138 32.0323 31.621 26.8333 25.9315 24.7683 24.1673 20.8717 17.8528 15.6097
threshold=0.05653184541981527 -0.88273837771899044 0.57253979244754216 0.66004857915868043 0.60896649527140501 0.0074238207632112427 0.36577569717104602 0.034133762393146715 1.8279328019913015 0.021879524843454675 0.019798182724293744 0.020765563179641202 0.020587867958909118 0.01463832329694323 0.15822142912162687 0.051343734652707369 -0.024865420475417895 -0.015556871952214999 -0.0038235696042235863 -0.034656813406800095 0.42299568016177197 -0.0077685860075999416 -0.09721972326224497
decision_type=10 10 8 10 2 10 2 10 10 8 10 10 10 8 10 10 10 8 10 10 10 10 10
left_child=7 2 6 20 18 17 -2 10 9 -9 11 12 -1 -13 -12 -16 -8 -6 21 -7 -4 -3 -11
right_child=1 4 3 -5 5 19 16 8 -10 22 14 13 -14 -15 15 -17 -18 -19 -20 -21 -22 -23 -24
leaf_value=4.0193300186487578e-05 -0.0040052311807319821 0.00024845064015042821 -0.0098584208235802228 -0.00016714028578754744 -0.0018556467010974232 -0.0031815299806435484 0.0068109502650040479 -0.0065765207849579352 0.00864938645055458 -0.0010064634084005577 0.0069082548686365342 -0.0054127239027163924 0.0071278548086895601 -0.0017509052694305261 0.0015947541994052463 -0.00098935028382442247 -0.00027971412004376185 -0.010004570831884236 0.0055284903253847847 -0.00061236813654916527 -0.0046624238949908659 -0.0043325566413883005 -0.0049858427106324711
leaf_weight=103844 325 8567 341 328 298 2412 264 377 349 1853 250 445 323 1044 20447 3071 433 334 391 11350 401 305 308
leaf_count=103844 325 8567 341 328 298 2412 264 377 349 1853 250 445 323 1044 20447 3071 433 334 391 11350 401 305 308
internal_value=-1.59306e-05 -0.000867495 -0.00328619 -0.00630999 -0.000653394 -0.00128642 -0.000115347 0.000149782 -0.00193144 -0.00324458 0.000196237 1.28529e-05 7.19799e-05 -0.00411946 0.00101132 0.000935329 0.00237536 -0.00644234 0.000330095 -0.00104904 -0.00904172 0.000112476 -0.00191397
internal_weight=158060 25749 2092 1070 23657 14394 1022 132311 2887 2538 129424 105656 104167 1489 23768 23518 697 632 9263 13762 742 8872 2161
internal_count=158060 25749 2092 1070 23657 14394 1022 132311 2887 2538 129424 105656 104167 1489 23768 23518 697 632 9263 13762 742 8872 2161
is_linear=0
shrinkage=0.02


Tree=29
num_leaves=30
num_cat=0
split_feature=23 46 72 5 47 69 46 46 10 41 14 33 70 54 54 52 20 52 53 57 54 56 4 10 63 36 49 51 1
split_gain=52.0584 29.8932 87.6755 45.6867 41.9242 39.1861 66.1161 35.3039 50.1693 34.5579 34.4801 32.1451 28.2953 40.2962 80.2852 36.2933 35.2036 27.7072 25.9334 24.4493 32.5898 23.1195 21.4374 18.6738 15.4914 15.1058 13.6601 13.2706 10.7411
threshold=0.05653184541981527 0.034948848981301156 0.36230146915816869 0.023820186078215639 -0.15327845528716069 -0.19145656822272913 0.017801606881185223 0.016394563203530752 1.6263464685018609 0.014204865160563964 -0.0055007722298147091 -0.2092141706805348 -0.19657143106083122 0.57574027341050227 0.58346599610030381 0.67781798799304283 0.049238330957759265 0.8124345353882988 0.012797159158465335 0.41133294574667695 0.48147854254854805 0.18407474908232155 0.12061291680163246 0.64158941880196296 0.2484008237973786 -0.16849136260659145 0.021111814893903017 0.71737246946451971 0.0028589538090237902
decision_type=10 10 8 10 10 10 10 10 10 10 10 8 10 8 8 2 10 2 10 10 10 10 8 8 10 8 10 2 10
left_child=1 5 3 28 -4 7 9 8 -1 -7 -8 -9 13 17 23 25 -16 18 -2 22 -21 -6 -17 -15 -5 -14 -19 -27 -3
right_child=12 2 4 24 21 6 10 11 -10 -11 -12 -13 15 14 16 19 -18 26 -20 20 -22 -23 -24 -25 -26 27 -28 -29 -30
leaf_value=-0.00025538668086724119 -0.002712088473989308 -0.0039346867962910268 -0.0008195360112569364 0.0034398536086705047 0.012865221746508192 0.00064302026400512278 0.0017651417716331016 0.00095778383071235603 0.0022356820910039766 -0.00031612551866001993 0.0078593797478147646 -0.0044923518558783937 0.011639075402343888 -0.015588533409280472 -0.0010085660799596277 -0.0018844364038496037 -0.005859078159527146 -0.0063408970418366009 0.00035759538470469323 -0.0019409645987181312 0.0011057323106982006 0.0029476477776693901 -0.0051828206078958798 -0.0055213992504713908 -0.0025813229214074586 0.00084339680246041013 -0.00099581465261931431 -0.0018324364605286792 -0.0070440801962116072
leaf_weight=59316 892 202 379 206 209 47699 563 367 5566 15089 499 662 208 270 2650 1597 491 297 4267 3045 2641 202 1107 210 1150 7037 239 914 259
leaf_count=59316 892 202 379 206 209 47699 563 367 5566 15089 499 662 208 270 2650 1597 491 297 4267 3045 2641 202 1107 210 1150 7037 239 914 259
internal_value=-1.04782e-05 0.000149869 -0.00197009 -0.00438834 0.00358786 0.000192491 0.000545614 -0.000149563 -9.12103e-05 0.000461832 0.005492 -0.0038233 -0.00083113 -0.00171278 -0.00336223 -0.000334622 -0.00219542 -0.000663272 -0.000212791 -0.00125825 -0.0005131 0.00800485 -0.00282366 -0.010973 -0.00253353 0.000614951 -0.00498696 0.000475101 -0.00982251
internal_weight=158233 132368 2607 1817 790 129761 63850 65911 64882 62788 1062 1029 25865 9316 3621 16549 3141 5695 5159 8390 5686 411 2704 480 1356 8159 536 7951 461
internal_count=158233 132368 2607 1817 790 129761 63850 65911 64882 62788 1062 1029 25865 9316 3621 16549 3141 5695 5159 8390 5686 411 2704 480 1356 8159 536 7951 461
is_linear=0
shrinkage=0.02


Tree=30
num_leaves=28
num_cat=0
split_feature=23 57 52 14 4 46 37 46 58 48 28 46 14 44 57 46 7 22 54 53 76 7 53 16 65 17 52
split_gain=62.2278 34.1569 29.6346 58.1087 25.2328 51.857 25.2761 24.8818 34.3721 44.979 55.5725 43.1208 28.6114 26.8505 48.5404 26.0082 26.1129 23.7035 18.3871 18.098 17.5968 12.208 9.14423 9.06185 8.60573 8.56177 6.12129
threshold=0.030680104389961941 0.97870072131742514 0.88789462569950384 0.052378526226431472 -0.25000552441017354 0.03709626144380785 0.20006362094461327 0.0071743218066912407 0.51214594807238412 -0.10872575593379601 -0.073699165897988625 0.0090042252663953045 -0.016681356168244784 0.071648716325692488 0.1760937927262784 0.0057201087159316133 0.00405894137412689 -0.21072266585862801 0.40253637636326006 0.015800740452846726 0.30418616377407054 0.0071129735253543146 0.014236748906263913 0.10567682416779102 0.40776721625873968 -0.2412960949640485 0.75344269932713936
decision_type=8 10 2 10 8 10 10 8 8 8 8 10 10 8 8 10 10 8 10 10 10 10 10 10 10 2 2
left_child=1 2 4 21 6 -6 -1 12 9 10 -9 -11 20 17 -15 18 -17 -10 -14 -5 23 -4 25 -2 -24 -3 -22
right_child=7 22 3 19 5 -7 -8 8 13 11 -12 -13 15 14 -16 16 -18 -19 -20 -21 26 -23 24 -25 -26 -27 -28
leaf_value=0.0010134626261368283 -0.000664780411101575 -0.0023844028185801163 0.00097459011147472811 0.0025269151839823218 0.00017212050700859393 -0.0031924397392786509 0.0068540246119773553 -0.0019399889524081436 0.012524857256071038 -0.0020872672317876146 -0.0090162315221098063 -0.00027351785387302375 0.00019286231190399005 -0.0095633897304605031 -0.00097277811215209218 0.0025231981343283891 0.00058977760214142547 0.00013332410515901598 -0.0019021453067437682 0.0054879704710235223 -0.0054818758433127154 -0.0021425534852912696 0.0046876302877656081 -0.0054308927822766138 0.0083489765081254403 0.005006954866487813 -0.0025431166513219063
leaf_weight=1794 1841 204 730 1047 103028 1015 777 801 257 4639 505 7562 5546 508 5353 1540 5175 10418 2019 535 437 903 251 207 236 390 222
leaf_count=1794 1841 204 730 1047 103028 1015 777 801 257 4639 505 7562 5546 508 5353 1540 5175 10418 2019 535 437 903 251 207 236 390 222
internal_value=2.96187e-05 0.000288141 0.000253282 0.0021449 0.000196201 0.000147803 0.00215319 -0.00058 -0.000925909 -0.00167442 -0.00520122 -0.00129634 3.16694e-05 -0.000314325 -0.00140191 0.000389188 0.00129512 0.00028269 -0.00041475 0.00487555 -0.00185303 -0.000500612 0.0038244 -0.000936066 0.00585656 0.0021479 -0.00469394
internal_weight=157940 110910 109829 3215 106614 104043 2571 47030 30043 13507 1306 12201 16987 16536 5861 14280 6715 10675 7565 1582 2707 1633 1081 2048 487 594 659
internal_count=157940 110910 109829 3215 106614 104043 2571 47030 30043 13507 1306 12201 16987 16536 5861 14280 6715 10675 7565 1582 2707 1633 1081 2048 487 594 659
is_linear=0
shrinkage=0.02


Tree=31
num_leaves=29
num_cat=0
split_feature=21 46 70 54 54 14 4 57 44 54 50 36 46 44 42 51 44 48 27 50 4 45 49 45 48 54 44 41
split_gain=44.5139 39.5278 56.0053 45.3747 56.3231 33.9025 30.9561 30.9543 42.1825 68.095 39.0096 32.8844 30.0082 32.5677 29.1591 28.4448 33.9777 41.4754 31.1176 30.9936 40.2469 26.8783 26.7663 21.3772 19.1335 15.3588 23.9018 10.1772
threshold=0.020712925550159026 0.0071743218066912407 -0.93078454416218992 0.57574027341050227 0.66004857915868043 -0.01287217776855659 -0.30076636353637742 0.76550929407497204 0.00083595413199644153 0.64440326544690774 0.037433335788754081 -0.064282253567732164 0.0062218053344738075 0.061421842166587422 -0.016853892639032749 0.72080650082043596 0.0054263925454041137 -0.034075730639950667 -0.061572082496420037 0.029886193737194925 -0.27280421421896972 0.0056005298291365432 0.045740113315172144 0.0073820450786798207 -0.034562335831616324 0.52376253655580474 0.038595386389423288 0.017080045435265204
decision_type=8 8 8 8 10 10 8 10 10 10 10 10 10 10 10 2 8 8 10 10 10 8 10 10 10 10 10 10
left_child=7 5 3 14 -5 25 -4 15 10 11 24 -10 23 -14 -3 16 18 -18 -1 22 -21 -8 -17 -7 -9 26 -2 -11
right_child=1 2 6 4 -6 12 21 8 9 27 -12 -13 13 -15 -16 19 17 -19 -20 20 -22 -23 -24 -25 -26 -27 -28 -29
leaf_value=0.001355262412965273 -0.0043772197405641932 -0.0039564070013731519 0.0098809737040983763 -0.0050562922287664767 0.00016073165024259068 -0.00011116075736653665 0.0010195649807022186 0.00063809725922842661 -0.0032914243415876122 0.0044556893414071696 -0.0057314683145385679 0.001548481360018546 0.00088135121967192892 0.0048676244251101425 0.00092340784007731295 0.0016712688842057226 -0.0017350028488627629 -0.0001885415589154208 -0.00047163310986256246 0.012117213804064161 -0.00010377078917838248 -0.00083542701049480253 -0.001247083968623784 0.0033391188309509524 -0.0027343349534271811 0.0041397282306321424 -0.00075259146258196215 0.009225701612161295
leaf_weight=9025 1225 412 259 1581 575 12962 3638 1943 1002 228 313 11111 3647 1004 1035 8979 6485 41503 5166 202 13245 28164 760 609 594 344 2109 209
leaf_count=9025 1225 412 259 1581 575 12962 3638 1943 1002 228 313 11111 3647 1004 1035 8979 6485 41503 5166 202 13245 28164 760 609 594 344 2109 209
internal_value=-6.07465e-05 -0.000504438 -0.000915127 -0.00327913 -0.00511729 0.000164285 -0.000649304 0.000192704 0.00101799 0.00151685 -0.00117783 0.00123642 0.000517917 0.00190413 -0.000537293 4.37879e-05 -0.000179125 -0.000433391 0.000680524 0.000641653 1.9185e-05 -0.000705531 0.00150082 4.25877e-05 -0.000353822 -0.00158684 -0.0020024 0.00926484
internal_weight=158329 57564 35664 3603 2156 21900 32061 100765 15400 12550 2850 12113 18222 4651 1447 85365 62179 47988 14191 23186 13447 31802 9739 13571 2537 3678 3334 437
internal_count=158329 57564 35664 3603 2156 21900 32061 100765 15400 12550 2850 12113 18222 4651 1447 85365 62179 47988 14191 23186 13447 31802 9739 13571 2537 3678 3334 437
is_linear=0
shrinkage=0.02


Tree=32
num_leaves=28
num_cat=0
split_feature=21 53 0 70 44 53 47 44 69 6 52 36 41 43 32 19 41 38 53 66 52 72 58 58 74 19 21
split_gain=46.9334 35.6793 30.4261 26.3946 58.5768 47.7643 43.0693 27.6388 39.2327 30.2691 24.1835 30.2842 42.3186 26.0632 36.9737 23.6017 20.8938 22.2617 19.8413 19.1516 16.2584 15.9698 15.952 14.7073 13.2763 13.0085 11.8056
threshold=0.020712925550159026 0.01121179493763527 -0.032353043915001982 -0.21706629662203134 -0.084893261369471937 0.027883404369793714 -0.09501233209652786 0.074697369416932738 -0.82247319162371979 0.060421667068357159 0.87837381916329293 0.011817887806818363 0.013802169303758884 0.082894945459941152 -0.16250481347818388 1.9330776415161919 -0.0066131071482418138 1.0656692949368636 0.013407961822751438 0.63769651191353482 0.88167751442957154 -1.3390834435099155 0.820224977043159 0.86320287899235282 -0.35316392237219679 -2.3688195324376173 -0.070281296147802805
decision_type=8 8 10 10 8 10 8 8 8 10 2 8 10 10 8 10 10 8 10 8 2 8 10 10 8 10 10
left_child=2 20 16 4 5 -3 -6 9 -9 -5 13 15 -13 14 -4 -12 18 23 24 -20 21 -2 -23 -18 -1 -19 -15
right_child=1 3 10 7 6 -7 -8 8 -10 -11 11 12 -14 26 -16 -17 17 25 19 -21 -22 22 -24 -25 -26 -27 -28
leaf_value=0.010304546387195737 -0.0036343714198706222 -0.0061408095174369029 0.0043980671985033313 9.3732034816690902e-05 0.0058884728472184782 -0.00045011805628324283 -0.00077078753902507381 -0.0066230508988353943 -0.00070830427556680515 0.006940026115921683 0.00082850910922120441 0.005335819421082205 0.00062349363008576669 -0.006169635155876721 8.525856039916528e-05 -0.0042017673998032854 0.00073018043725397443 -0.0052631826809071197 0.0044595386077777594 -0.00020780278415177941 -0.0029189407472584457 0.0027913910172618962 -0.00022241791525478061 0.0095884988644500367 0.0034345151617546023 -0.00034986152741947027 -0.00095152641954118246
leaf_weight=326 224 954 1783 20029 441 574 25254 841 6079 432 1863 826 1101 458 89622 250 465 216 830 754 213 1847 647 286 308 711 806
leaf_count=326 224 954 1783 20029 441 574 25254 841 6079 432 1863 826 1101 458 89622 250 465 216 830 754 213 1847 647 286 308 711 806
internal_value=-2.30048e-05 -0.000478622 0.000237541 -0.000594048 -0.00103504 -0.00483846 -0.000808608 -0.000155504 -0.00124809 0.000213958 0.000167697 0.00168226 0.00349481 0.000101629 0.000141107 2.74361e-05 0.00197023 0.000284693 0.0032438 0.0020429 0.00167053 0.00208827 0.0025483 0.00284309 0.00623307 -0.00178664 -0.00274941
internal_weight=158140 57535 100605 54604 27223 1528 25695 27381 6920 20461 96709 4040 1927 92669 91405 2113 3896 1678 2218 1584 2931 2718 2494 751 634 927 1264
internal_count=158140 57535 100605 54604 27223 1528 25695 27381 6920 20461 96709 4040 1927 92669 91405 2113 3896 1678 2218 1584 2931 2718 2494 751 634 927 1264
is_linear=0
shrinkage=0.02


Tree=33
num_leaves=30
num_cat=0
split_feature=21 44 6 51 41 52 41 26 20 69 44 50 46 60 44 9 42 53 52 46 50 9 53 75 45 70 59 6 61
split_gain=42.6849 30.6083 50.9374 39.4661 33.8763 54.8517 43.0178 33.21 29.0818 28.8941 74.354 90.173 81.3296 73.9833 51.1914 46.095 43.7742 39.8453 35.0565 27.4976 26.9369 22.2631 21.4409 16.4768 15.3817 14.9649 12.8315 7.06024 6.28547
threshold=0.037185255255801471 -0.084893261369471937 0.021007743477873236 0.1134954697186457 -0.012132508245949634 0.50622879249605579 -0.016491552137521345 0.68356123738806318 -0.0056850024795785927 0.048835227636172616 0.00083595413199644153 -0.0048632672604340668 0.017801606881185223 0.38366063406494683 0.00083595413199644153 1.7740834498376821 0.0072732266117424569 0.013252763646351392 0.88789462569950384 0.034133762393146715 0.05877937452913818 0.71981203826266527 0.024132713091028688 1.0993217777209701 0.018619044111080962 -0.17542644118129277 0.49258471247806168 0.015830344980844843 0.28422144573050889
decision_type=10 10 8 2 10 2 10 10 10 10 10 10 10 10 8 10 8 8 2 10 10 10 10 10 10 10 10 10 10
left_child=9 2 7 21 6 -6 -5 -2 26 14 11 24 18 -13 15 19 17 -16 -12 -1 -17 -3 -18 -9 -11 -10 -4 -23 -14
right_child=1 3 8 4 5 -7 -8 23 25 10 12 13 28 -15 16 20 22 -19 -20 -21 -22 27 -24 -25 -26 -27 -28 -29 -30
leaf_value=0.00095540993501404096 -0.0010004313809449195 0.0077287543609880043 0.00037430000852493926 -0.00050660527522502249 0.0018122892740301509 -0.00055529576461158122 -0.0041194649309944679 -0.0050708873686468158 -0.0029671986910762482 -2.3601979819818065e-05 0.00067318898027544114 -0.0051985286648526755 0.0092889913267627539 -0.0004334435939487315 -2.6089110182911378e-07 0.0049278576473200534 0.0002013330945954979 -0.0015402126309028003 0.0032655212304568116 -0.0016661931040994511 0.010688622862886847 0.0030925897282808291 -0.0035918344229325916 -0.010739973549239975 0.0026500862665885631 -0.00089766886468984957 0.006436002310179401 -0.00097379397166281773 0.0052068842785023307
leaf_weight=11155 250 263 367 3287 4071 27031 1768 210 805 4384 32142 1600 204 1446 11205 1062 34541 15552 1250 1322 244 208 501 232 1021 983 216 238 245
leaf_count=11155 250 263 367 3287 4071 27031 1768 210 805 4384 32142 1600 204 1446 11205 1062 34541 15552 1250 1322 244 208 501 232 1021 983 216 238 245
internal_value=-1.3295e-05 -0.000578462 -0.00249935 -0.000418748 -0.000510482 -0.000263576 -0.00202888 -0.00726984 -0.00110371 0.000178138 0.000596742 -0.00108116 0.00101584 -0.00383262 -5.60708e-05 0.001046 -0.000301909 -0.000911055 0.000901926 0.000671422 0.00461974 0.0042507 0.000163171 -0.0105598 0.000469478 -0.00236892 0.00277055 0.00151678 0.00946222
internal_weight=157803 39929 3063 36866 36157 31102 5055 692 2371 117874 42292 8451 33841 3046 75582 13783 61799 26757 33392 12477 1306 709 35042 442 5405 1788 583 446 449
internal_count=157803 39929 3063 36866 36157 31102 5055 692 2371 117874 42292 8451 33841 3046 75582 13783 61799 26757 33392 12477 1306 709 35042 442 5405 1788 583 446 449
is_linear=0
shrinkage=0.02


Tree=34
num_leaves=29
num_cat=0
split_feature=23 69 46 46 44 48 48 57 47 45 78 50 60 44 5 20 42 47 59 54 63 59 70 49 14 9 63 11
split_gain=41.8389 33.0226 67.2774 68.4321 40.1532 49.8787 40.4668 35.4411 35.255 31.1017 30.7117 28.8156 28.7691 28.7565 59.1464 31.5692 31.1125 30.9872 24.1434 22.8046 51.8662 21.2986 20.1836 19.484 19.1546 17.0014 8.73993 4.6383
threshold=0.038993298789766213 0.073917795364508904 0.034133762393146715 0.016394563203530752 0.00083595413199644153 -0.034075730639950667 -0.020992524107077744 0.28393773035387515 -0.15327845528716069 0.0042638229464741677 1.886259294010366 -0.029380536905729056 0.28786263487756031 -0.084893261369471937 0.018479310966201049 0.010907437773286123 -0.061221554084063039 -0.10359358316155236 0.27812512211324297 0.71648531037339891 0.601634363366221 0.62286309175920518 -1.2871976791609976 -0.030166017704436495 -0.0036499159867390825 0.71981203826266527 0.4745221781464119 -0.022711554733103597
decision_type=8 10 10 10 10 8 10 10 10 10 10 10 10 8 8 10 8 10 8 10 10 10 8 10 10 10 10 10
left_child=1 4 3 9 6 11 7 -1 24 -3 -7 -6 -10 14 17 21 25 -2 -8 22 -21 -16 -18 -17 -4 -15 -5 -27
right_child=13 2 8 26 5 10 18 -9 12 -11 -12 -13 -14 16 15 23 19 -19 -20 20 -22 -23 -24 -25 -26 27 -28 -29
leaf_value=0.0012801938008153158 -0.010742837522652555 0.0016869974360536836 -0.0024903917298386793 0.0088903286847014616 0.0049917533660760547 7.8815448484049858e-06 -0.00040980625171195822 -0.00058286865353567713 -0.0092031692908993851 0.0003590136399755394 -0.0021459283760361285 -0.0020610065768240284 -0.0031675156540997428 0.0071675891335232621 -0.00070771512548606591 -0.0050086706022462214 -0.0040224914068679642 -0.0026750812881917332 0.0049034774659077289 0.003460415922348397 -0.0072254090434103972 0.0069179038870194193 -0.00038235868151072059 -0.0016592563682947016 0.0023926153415269797 0.0034329947602324542 0.004789745367653731 -0.00074408586324334336
leaf_weight=9233 277 7243 291 212 363 51452 354 5565 245 33172 1646 6371 257 245 405 299 354 211 1269 205 394 266 35835 682 231 222 506 200
leaf_count=9233 277 7243 291 212 363 51452 354 5565 245 33172 1646 6371 257 245 405 299 354 211 1269 205 394 266 35835 682 231 222 506 200
internal_value=1.58095e-05 0.000204018 0.000653209 0.000779355 -4.42993e-05 -0.000284759 0.000831689 0.000502602 -0.0044078 0.000670477 -7.90599e-05 -0.00190616 -0.00818688 -0.000546974 -0.00280149 -0.000990926 -0.000418037 -0.00891207 0.00382882 -0.000495746 -0.00436333 0.00234821 -0.000431556 -0.00327699 -0.000760994 0.00385928 0.00689569 0.00141371
internal_weight=158005 118410 42157 41133 76253 59832 16421 14798 1024 40415 53098 6734 502 39595 2140 1652 37455 488 1623 36788 599 671 36189 981 522 667 718 422
internal_count=158005 118410 42157 41133 76253 59832 16421 14798 1024 40415 53098 6734 502 39595 2140 1652 37455 488 1623 36788 599 671 36189 981 522 667 718 422
is_linear=0
shrinkage=0.02


Tree=35
num_leaves=26
num_cat=0
split_feature=23 46 36 5 57 46 36 58 42 43 48 50 42 42 41 6 53 5 41 44 53 28 9 30 76
split_gain=43.0362 27.9361 78.299 49.0143 33.7 42.4487 35.5891 26.8203 35.7741 75.2302 35.251 29.2823 43.2112 22.4481 28.1932 21.4054 48.3737 23.9496 21.2644 21.2198 18.355 18.2257 17.8872 13.9695 9.11858
threshold=0.05653184541981527 0.034133762393146715 -0.19641039704367688 0.023820186078215639 0.80490309009866301 0.017801606881185223 -0.028746822920375392 0.35379839520293926 -0.018481773686967514 -0.053124800089148654 -0.080661721708004772 -0.0043933970319610096 -0.061221554084063039 -0.014689185781223022 -0.011418734340389479 0.019340302507060935 0.024132713091028688 0.0090263736118525468 0.0079665073004867599 0.081187245259363064 0.013407961822751438 -0.070679218146164055 1.7915274827223777 0.56744899925628145 0.17228431565355537
decision_type=8 10 10 10 10 10 10 8 10 10 8 10 10 8 8 8 10 10 10 10 10 10 10 8 10
left_child=1 4 24 21 15 6 -6 8 11 -10 -11 12 -2 18 23 16 -1 -17 20 -16 -9 -4 -5 -15 -3
right_child=7 2 3 22 5 -7 -8 13 9 10 -12 -13 -14 14 19 17 -18 -19 -20 -21 -22 -23 -24 -25 -26
leaf_value=-4.3645380399234654e-05 -0.00044839263692017739 0.011297320506118947 -0.0033988871657975321 -0.0019277003881059661 -0.0020786269641587512 0.0095187558421614103 0.0011289159659601863 -0.0004452266604099089 0.0077174138724538845 -0.0051824785120326627 -0.00073039286068697553 0.0013327287269190955 -0.0057462870503647836 -0.0038841679252690896 -8.6370563619131077e-05 0.0031697366764445695 -0.0054059651106531572 0.00061958354537119942 -0.0033271950692902266 -0.0021845938493719537 0.0022972070081383172 -0.008078057607086726 0.0039098208993460217 0.00095605771197319444 0.0074515044084983049
leaf_weight=84558 457 201 226 1789 1792 254 17018 1064 272 427 3735 268 912 1201 13029 796 369 22873 350 3174 2289 247 216 201 202
leaf_count=84558 457 201 226 1789 1792 254 17018 1064 272 427 3735 268 912 1201 13029 796 369 22873 350 3174 2289 247 216 201 202
internal_value=1.31585e-05 0.000164376 -0.00178279 -0.00311335 0.000208349 0.000983897 0.00087385 -0.000707743 -0.00188043 -0.000946561 -0.00161374 -0.00440659 -0.00558978 -0.000373457 -0.000671248 7.21751e-05 -7.60409e-05 0.000604056 0.00104158 -0.000435571 0.0015319 -0.00889873 -0.00174377 -0.0033913 0.00638119
internal_weight=157920 130541 2881 2478 127660 19064 18810 27379 6071 4434 4162 1637 1369 21308 17605 108596 84927 23669 3703 16203 3353 473 2005 1402 403
internal_count=157920 130541 2881 2478 127660 19064 18810 27379 6071 4434 4162 1637 1369 21308 17605 108596 84927 23669 3703 16203 3353 473 2005 1402 403
is_linear=0
shrinkage=0.02


Tree=36
num_leaves=22
num_cat=0
split_feature=70 51 23 44 32 44 6 44 14 6 69 44 57 70 41 21 46 44 30 21 45
split_gain=41.3529 46.2149 33.2756 28.0242 27.2636 44.6125 36.2676 34.8619 45.1043 32.3978 25.2199 28.9295 47.1681 28.5598 21.8729 21.6178 16.5368 15.7138 13.1787 12.5484 12.3512
threshold=-1.2417227077992512 0.33718699867475771 0.081577488311510252 0.071648716325692488 0.19393925181185448 0.12547988852472428 0.060421667068357159 0.1062109515439026 -0.21142568619244292 0.014415504449530582 1.4897532789203687 0.095049019146041594 0.21189928157913093 -0.5091264761148806 0.025892532785220083 0.0045067414577477658 0.0059352095475048734 0.1062109515439026 0.65856758538596438 0.025427861892701745 0.010461889225668363
decision_type=8 2 10 10 10 10 10 8 8 8 10 10 8 10 10 10 10 10 10 10 10
left_child=1 19 4 14 5 6 -2 18 -9 -7 11 13 -13 -4 16 -5 -3 20 -6 -1 -12
right_child=2 3 10 15 7 9 -8 8 -10 -11 17 12 -14 -15 -16 -17 -18 -19 -20 -21 -22
leaf_value=-0.0050428352721584259 4.2958090754101965e-05 -0.0044354735242531388 -0.0023791944142320036 -0.00062770059626765051 -0.00042106318742296599 -0.0049231919608663747 0.0070355016075572367 -0.0049891099081453959 0.0038670169091291687 -0.001010620109219845 0.0013259341432289382 -0.014008894641544598 -0.0023074676678726783 -0.00054040302235807336 -0.0058702623503213095 0.0046783940975689657 -0.00020911903393886156 0.0059147300402699514 0.0025897697896235744 -0.0079300500769092716 -0.0029524937034750265
leaf_weight=202 128007 243 1755 315 3794 746 645 306 2595 3247 1976 327 1139 8319 299 201 965 228 1347 261 714
leaf_count=202 128007 243 1755 315 3794 746 645 306 2595 3247 1976 327 1139 8319 299 201 965 228 1347 261 714
internal_value=-6.22843e-05 -0.00262083 -2.12574e-05 -0.00131324 7.26288e-05 4.05591e-06 6.86964e-05 0.00120328 0.00295589 -0.00207762 -0.000934919 -0.001355 -0.00397955 -0.000972506 -0.00269098 0.00270406 -0.00148718 0.000725591 0.000213536 -0.00831466 0.000296544
internal_weight=157631 2486 155145 2023 140687 132645 128652 8042 2901 3993 14458 11540 1466 10074 1507 516 1208 2918 5141 463 2690
internal_count=157631 2486 155145 2023 140687 132645 128652 8042 2901 3993 14458 11540 1466 10074 1507 516 1208 2918 5141 463 2690
is_linear=0
shrinkage=0.02


Tree=37
num_leaves=20
num_cat=0
split_feature=70 49 23 53 35 45 6 72 54 4 53 48 48 49 43 59 2 4 54
split_gain=39.0904 46.3206 30.4706 54.5038 29.6295 40.3845 34.7423 33.2176 27.9707 27.6669 30.7218 24.3159 27.4831 24.2571 23.6609 23.0941 22.4484 16.8631 14.2135
threshold=-1.2417227077992512 -0.016455705772573045 0.0090995455996218961 0.01121179493763527 0.006247676567965205 0.0095006922996934019 0.019798182724293744 0.41462882386653116 0.71600631152671512 -0.34331206254764313 0.020109398955297661 -0.080661721708004772 -0.041649383221665996 -0.009530642283459732 0.011955540535556365 0.38946300843386361 0.01716524120882568 0.14460477417977394 0.57667792130208972
decision_type=8 10 8 8 10 10 10 10 10 8 10 8 8 10 10 10 10 10 10
left_child=1 18 4 13 6 16 8 -8 -2 -5 -11 -3 -13 -4 -14 -15 -6 -7 -1
right_child=2 11 3 9 5 17 7 -9 -10 10 -12 12 14 15 -16 -17 -18 -19 -20
leaf_value=-0.010209162445438196 -0.00011815797635050023 -0.0039384343842668972 -0.0029993867324863738 0.012001614090928453 0.0024142149782024926 -0.0016049456969373049 -6.8489829686506497e-05 0.0022922859532141238 0.0049714799926508357 -0.00029494836326987339 -0.0018671871299996967 0.0048015892580713995 -0.0031780820111736432 0.0032173436235012108 0.00040765236119226641 0.0013472228095423066 0.00066438602117935481 0.001901644085322855 -0.0053760614059032872
leaf_weight=209 58912 269 313 205 4217 1979 7799 10003 468 59475 5533 254 676 1238 870 2464 2891 272 206
leaf_count=209 58912 269 313 205 4217 1979 7799 10003 468 59475 5533 254 676 1238 870 2464 2891 272 206
internal_value=-2.15982e-05 -0.00251026 1.80908e-05 -0.000294645 0.000268286 0.00133098 0.000139383 0.00091434 -9.29253e-05 -0.000433925 -0.000457137 -0.00128406 -0.000443087 0.00196663 -0.00144667 0.00241912 0.00207033 -0.00100266 -0.00860096
internal_weight=158253 2484 155769 69228 86541 9359 77182 17802 59380 65213 65008 2069 1800 4015 1546 3702 7108 2251 415
internal_count=158253 2484 155769 69228 86541 9359 77182 17802 59380 65213 65008 2069 1800 4015 1546 3702 7108 2251 415
is_linear=0
shrinkage=0.02


Tree=38
num_leaves=31
num_cat=0
split_feature=21 52 14 43 41 49 22 70 54 54 45 42 49 51 54 14 4 52 50 14 63 58 36 50 71 29 27 38 69 59
split_gain=45.394 26.7956 49.4075 45.7298 31.8343 30.0246 29.3561 25.9274 60.5776 61.2455 44.9376 43.2732 49.7176 27.8148 27.348 25.4782 23.1995 19.9545 57.4496 35.1686 29.4677 23.5311 24.1961 19.7317 17.5428 16.4739 14.9231 13.583 18.5145 10.3057
threshold=0.028436526431846246 0.88789462569950384 0.052378526226431472 0.052023794148548304 0.015812499295069896 0.036404930618464622 -0.042945166536085648 -0.84842699103109409 0.57574027341050227 0.66004857915868043 0.013277514541601062 -0.015890011651909727 -0.0078135462240682112 0.36577569717104602 0.71648531037339891 0.48353801805347291 -0.23336220962815138 0.60896649527140501 0.0074238207632112427 -0.020452167084477942 0.67089951355854771 0.13418552097797384 -0.16411854808749929 0.039439047777695919 -0.28115534386317914 5.3519828712872286 -0.06607721589776315 0.79539833371101276 -1.0392990459256797 0.63862957914171836
decision_type=8 2 10 10 10 10 10 8 8 10 10 10 10 2 10 10 8 2 10 8 8 8 8 10 10 10 10 10 8 10
left_child=1 5 27 4 -4 15 26 8 11 10 -10 13 -13 -2 -11 16 -1 21 20 -20 -19 -9 -23 -17 -5 -8 -7 28 -3 -29
right_child=7 2 3 24 -6 6 25 17 9 14 -12 12 -14 -15 -16 23 -18 18 19 -21 -22 22 -24 -25 -26 -27 -28 29 -30 -31
leaf_value=0.0024131841093834473 -0.0039878325954034108 0.0063346745241257387 0.0037604875143589312 0.005821252857245998 -0.0034510733287492772 -0.0033995304732082057 -0.002088489509885617 0.0054042885767230956 -0.0033888808043714526 0.0044267207688361799 -0.0082702662784270714 0.0089266003753286239 0.00016028457546860914 0.0017136857761453489 -0.00267309128026339 0.0012908363111649892 0.00012074965139510895 -0.0012574163575587746 -0.0021045718856555779 -0.00015160171646925013 -0.0076842355126545405 0.01136481349919677 -3.9077059847780764e-06 0.008218657104289831 0.0038354658282858303 -0.0060525284721339948 0.0024325726225593214 -0.00029020794661868666 -0.00078622952541372029 -0.0091165868974465592
leaf_weight=2739 535 232 388 589 284 341 1512 291 1320 274 403 281 2271 212 379 1281 97864 436 3967 21264 615 279 17079 555 316 227 957 317 823 206
leaf_count=2739 535 232 388 589 284 341 1512 291 1320 274 403 281 2271 212 379 1281 97864 436 3967 21264 615 279 17079 555 316 227 957 317 823 206
internal_value=1.37767e-06 0.0002303 0.00204626 0.0045488 0.000591382 0.000175944 -0.00178341 -0.000499889 -0.00177202 -0.00420614 -0.00618213 -1.75758e-05 0.00122131 -0.00424866 0.00100612 0.000234069 0.000191424 -0.000335473 -0.000684777 -0.000493738 -0.00526426 0.000184589 8.97517e-05 0.00256832 0.00748124 -0.00348161 0.000491147 -0.000454718 0.000850379 -0.00308779
internal_weight=158237 108631 3155 1577 672 105476 3037 49606 5675 2376 1723 3299 2552 747 653 102439 100603 43931 26282 25231 1051 17649 17358 1836 905 1739 1298 1578 1055 523
internal_count=158237 108631 3155 1577 672 105476 3037 49606 5675 2376 1723 3299 2552 747 653 102439 100603 43931 26282 25231 1051 17649 17358 1836 905 1739 1298 1578 1055 523
is_linear=0
shrinkage=0.02


Tree=39
num_leaves=29
num_cat=0
split_feature=21 57 44 54 52 43 28 54 43 32 50 13 6 50 36 70 53 52 52 53 51 22 51 19 13 37 41 14
split_gain=41.8751 26.8137 51.7115 66.2805 52.3558 34.7711 32.4972 29.5039 26.5081 39.2951 26.3233 27.1988 33.9986 26.4734 35.8816 35.6941 39.2754 36.1157 30.9972 24.8846 32.301 23.4564 20.047 18.7791 17.0207 16.972 16.295 15.4811
threshold=0.02600941157268916 0.71835397914624377 0.00083595413199644153 0.64116867211318629 0.61652236652236658 -0.0021242790001379515 -0.19869186530094993 0.63590281505082846 0.052023794148548304 -0.24621384492139956 0.058484836743913589 -0.10975187018219189 0.028790627205666153 0.02923174239088944 -0.10468205980742691 -1.0266011396114938 0.016751997380925188 0.60896649527140501 0.63626692456479705 0.021231719632595906 0.72080650082043596 -0.058319159126176127 0.84620509160123725 1.9539555212719026 0.034665326999210662 -0.076955104662996029 -0.009114559424345468 -0.009234888741587231
decision_type=8 10 10 10 2 10 8 10 10 8 10 10 10 10 8 8 10 2 2 10 2 10 2 10 10 10 10 8
left_child=1 6 4 5 26 -4 8 -6 9 -1 13 -12 23 15 24 16 -2 -17 -16 20 -8 -21 -10 -13 -15 -5 -3 -14
right_child=10 2 3 25 7 -7 19 -9 22 -11 11 12 27 14 18 17 -18 -19 -20 21 -22 -23 -24 -25 -26 -27 -28 -29
leaf_value=0.0097585898569617253 -0.0034357295726068684 0.0014269585909805222 0.002963392590798052 0.0071441608211833228 -0.00019366540361313603 0.0006093167944110344 -0.00025759543274058545 -0.0065379804307689141 -0.005060014531277841 0.0016045309141897418 0.0053098999716661675 0.00020622725737251982 -0.007382429460300142 -0.0029928372493656305 0.0056636087605554612 1.8471686793712987e-06 0.00075178341122204059 -0.0011952930563647885 0.00035308643346847136 0.00047795189496464233 0.00057621582486619156 -0.0028188849258960771 0.0018273630348927411 -0.0063560168567732009 -0.0064555198841878391 0.0028622805114881002 -0.0012169506860465302 -0.005156676248346953
leaf_weight=519 1674 1393 2943 450 248 13367 55411 480 509 5704 226 848 311 757 354 19635 643 13709 12874 814 20582 1320 348 263 279 291 1813 507
leaf_count=519 1674 1393 2943 450 248 13367 55411 480 509 5704 226 848 311 757 354 19635 643 13709 12874 814 20582 1320 348 263 279 291 1813 507
internal_value=-5.15439e-05 0.000176264 0.00081664 0.00129357 -0.00124981 0.0010274 1.85194e-05 -0.00608779 0.00131592 0.00177024 -0.000516081 -0.00267996 -0.00344974 -0.000422585 0.000305503 -0.000713869 -0.00311389 -0.000546949 0.000586439 -9.90426e-05 -3.91873e-05 -0.00222857 -0.00197902 -0.00116727 -0.00327676 0.00714016 -0.000149049 -0.00654212
internal_weight=158272 106192 20985 17051 3934 16310 85207 728 7080 6223 52080 2155 1929 49925 14264 35661 2317 33344 13228 78127 75993 2134 857 1111 1036 741 3206 818
internal_count=158272 106192 20985 17051 3934 16310 85207 728 7080 6223 52080 2155 1929 49925 14264 35661 2317 33344 13228 78127 75993 2134 857 1111 1036 741 3206 818
is_linear=0
shrinkage=0.02


Tree=40
num_leaves=23
num_cat=0
split_feature=70 49 23 57 52 50 44 70 44 43 44 57 36 23 45 43 42 44 43 41 43 9
split_gain=33.5947 51.1603 31.0498 33.4888 30.854 41.8605 27.7481 27.0382 37.4931 33.1194 32.9621 45.9742 34.2775 26.4673 25.274 24.3783 23.5519 35.4596 27.047 20.6459 10.4535 6.19691
threshold=-1.2417227077992512 -0.016455705772573045 0.05653184541981527 0.79695973667084818 0.88789462569950384 0.055917013758482022 0.071648716325692488 -0.21706629662203134 -0.084893261369471937 -0.057004896860813108 0.074697369416932738 0.19210327191838897 -0.19008092172435073 -0.0072174068693175988 0.018619044111080962 0.058559939930864953 0.0066564436752099007 0.057527759699992249 0.01673602967493593 0.025892532785220083 -0.018678049831782725 0.4006351443208625
decision_type=8 10 8 10 2 10 10 8 8 10 8 8 8 10 10 10 10 10 10 10 8 10
left_child=1 21 3 16 5 -5 19 8 14 -10 12 -12 -9 -8 -4 -6 17 -2 -18 20 -3 -1
right_child=2 6 7 4 15 -7 13 10 9 -11 11 -13 -14 -15 -16 -17 18 -19 -20 -21 -22 -23
leaf_value=-0.0083679099579138314 1.1408116096762907e-05 0.0020558276146252089 -0.0070912379011720999 0.00092901493787044345 0.0014700125797869848 -0.0057872573732106912 -0.0011786463244361626 0.013253620732377895 0.0038969792838490758 -0.001188728086905076 -0.0087268045171124253 -0.00083807645409103549 0.00027437891749168769 0.0049599681474860177 -0.0018630804594702355 0.0077283930223978918 0.00095926244657575522 -0.0011274325709197241 4.8242788679690278e-05 -0.0045595951998991914 -0.0014112062843389566 -0.0059587121385887868
leaf_weight=210 39268 218 394 18894 417 533 244 306 472 7201 540 5252 12306 255 439 298 15181 12102 42124 285 1051 200
leaf_count=210 39268 218 394 18894 417 533 244 306 472 7201 540 5252 12306 255 439 298 15181 12102 42124 285 1051 200
internal_value=4.53882e-06 -0.0023125 4.12129e-05 0.000170302 0.000919327 0.00076889 -0.00102142 -0.000576642 -0.00150911 -0.00107089 -0.000145504 -0.00139444 0.000427971 0.003076 -0.00553717 0.00499721 3.14513e-05 -0.000279496 0.000310229 -0.00233955 -0.00124252 -0.00875426
internal_weight=158190 2463 155727 128817 20142 19427 2053 26910 8506 7673 18404 5792 12612 499 833 715 108675 51370 57305 1554 1269 410
internal_count=158190 2463 155727 128817 20142 19427 2053 26910 8506 7673 18404 5792 12612 499 833 715 108675 51370 57305 1554 1269 410
is_linear=0
shrinkage=0.02


Tree=41
num_leaves=27
num_cat=0
split_feature=73 53 18 4 46 43 45 46 60 5 44 49 60 45 46 33 49 4 48 52 4 9 70 24 18 11
split_gain=36.7276 53.9817 29.3644 33.271 47.4118 33.4498 29.1786 51.0073 68.7599 66.7856 27.8504 46.9062 26.2697 25.6454 57.2275 27.2087 25.2899 23.0923 21.5833 21.3799 20.8334 18.9255 17.8407 15.5191 13.8849 8.41101
threshold=0.10472095872879782 0.01121179493763527 68.590519034626013 -0.18690598913568232 0.03709626144380785 0.057674958098814406 0.0082894699117945052 0.0069384746976113134 0.46298253856393395 0.0084990871707273912 0.089624477650003045 0.01951266924947315 0.95197418202040296 0.019248110395275408 0.011895288936271177 -0.23223096784543246 -0.009530642283459732 -0.036826298475850165 -0.045418791522582706 0.88167751442957154 0.1464445816042779 2.2918411108645071 -0.58845536520997299 -1.1729312257521451 83.42153687882994 0.013247268506927258
decision_type=8 8 10 8 10 10 10 8 10 8 10 10 10 10 10 10 10 10 10 2 8 10 10 10 10 10
left_child=2 12 3 13 5 -5 10 8 -8 -9 11 -3 16 14 -1 -15 -2 -6 20 -18 22 -12 -4 25 -25 -20
right_child=1 6 18 4 17 -7 7 9 -10 -11 21 -13 -14 15 -16 -17 19 -19 23 -21 -22 -23 -24 24 -26 -27
leaf_value=0.00086800401315154498 -0.0022009137008152935 -0.00019420982548735676 -0.0041176744059963737 2.9847915491183907e-05 -0.0014552367878478184 0.0017051883043791858 0.0076640728392516986 -0.0047847214017673898 -0.0026954294205285036 -0.00086282321732113502 -0.0010135567977993555 0.0016430040737057906 -0.010643162829962995 0.0026533885566243278 0.0065348135536510742 -0.0029007053836116094 0.0025734721540119254 -0.006996759287921899 0.0011068942206681224 -0.0023991856148013269 0.0040520071571507757 -0.0057745316467362872 -0.00015791834016781446 0.0018498280544673512 0.0041323243663486369 -0.0025015795330208157
leaf_weight=2172 334 29318 296 72838 448 4454 502 882 385 24110 5124 4854 230 513 1404 762 3313 200 232 248 233 546 510 3590 394 260
leaf_count=2172 334 29318 296 72838 448 4454 502 882 385 24110 5124 4854 230 513 1404 762 3313 200 232 248 233 546 510 3590 394 260
internal_value=8.83954e-06 -0.000333844 0.00027991 0.000185743 8.56802e-05 0.000130904 -0.000473175 -0.000996059 0.00371396 -0.00116345 -0.000133474 8.18775e-05 0.00188512 0.00179266 0.00266089 -0.000641066 0.00227361 -0.00529738 0.00169289 0.00276755 -0.000901923 -0.00143149 -0.00242627 0.00229573 0.00270966 -0.00105071
internal_weight=158152 69846 88306 82791 77940 77292 65721 25879 887 24992 39842 34172 4125 4851 3576 1275 3895 648 5515 3561 1039 5670 806 4476 3984 492
internal_count=158152 69846 88306 82791 77940 77292 65721 25879 887 24992 39842 34172 4125 4851 3576 1275 3895 648 5515 3561 1039 5670 806 4476 3984 492
is_linear=0
shrinkage=0.02


Tree=42
num_leaves=30
num_cat=0
split_feature=45 27 63 42 50 45 45 5 46 48 8 43 43 9 14 5 57 32 20 9 42 1 78 43 31 9 32 7 37
split_gain=32.8888 62.6363 49.2353 59.7563 47.7211 58.731 63.0762 56.3116 41.701 41.6928 37.9999 46.1997 36.5625 40.2907 36.9037 35.1184 32.9482 32.4469 26.7431 22.9029 21.0462 27.2624 20.4135 17.4763 27.5102 16.2147 16.1714 16.1448 12.9699
threshold=0.0044644464611294701 -0.026351055986614132 0.28786263487756031 0.066588996289458482 0.058484836743913589 0.014715592134374353 0.0085625666337413569 0.042593097406731416 0.003497803715419317 -0.13097370721215904 0.0077454908492512577 0.021056220429579223 0.056015755873173985 0.54152716558590841 -0.11221417455768788 0.0092514453238137385 0.54006272797373056 0.11689485695041264 -0.045506934988417951 0.61550072330562078 0.012003510432902599 -0.029443562711811529 -0.65853857948046846 0.028125608604427147 0.031678814223225056 0.67338212198358294 0.073746735990921089 0.0061236507682135557 0.39781771859201193
decision_type=8 10 8 10 10 10 10 10 10 10 8 10 10 8 8 10 8 8 10 10 10 10 10 10 10 10 10 8 8
left_child=1 16 4 12 5 6 -2 18 15 -7 11 -10 13 -4 -14 22 20 19 -6 -5 26 -22 -3 28 -25 -17 -1 -12 -18
right_child=2 8 3 17 7 9 -8 -9 10 -11 27 -13 14 -15 -16 25 23 -19 -20 -21 21 -23 -24 24 -26 -27 -28 -29 -30
leaf_value=-0.00014872109312111958 -0.00014279354100221411 -0.0016228367252901406 -0.0011835870684231704 -0.0056514791580075038 0.0073309181462981226 0.00082341954361909607 0.0020884403789985522 0.0159796546418116 0.00025014714476100737 -0.003935077804537777 0.00083700357299863889 0.0024824781534507879 -0.0028376157701482277 -0.00022825550357119306 0.0012181671791225911 0.0038665687934985472 0.00090225251244226232 0.0035918348017661872 0.00088035775265596372 -0.0030006895437135177 -0.0078034237726697601 -0.0023393922184648478 -0.0069558987046150367 -0.001859752500745929 0.0063635020526038553 -0.0012537074736436061 -0.003022914234060251 -0.0012101547777024512 0.003825034208557928
leaf_weight=3380 19588 276 15518 237 308 1111 11329 214 4327 1993 3182 8129 700 67767 7080 264 1500 218 1020 1423 588 1627 325 975 209 592 836 2472 798
leaf_count=3380 19588 276 15518 237 308 1111 11329 214 4327 1993 3182 8129 700 67767 7080 264 1500 218 1020 1423 588 1627 325 975 209 592 836 2472 798
internal_value=-4.75862e-05 0.000554866 -0.000185811 -0.000427978 0.000447025 0.000290929 0.000554305 0.00388723 0.00121106 -0.00233108 0.00147303 0.00209023 -0.000355105 -0.000477607 0.000955918 -0.00204252 -0.000740165 -0.00395849 0.00234612 -0.0049115 -0.00158862 -0.00316697 -0.00574419 0.000826299 -0.00114599 0.00055776 -0.000758359 0.000112821 0.00184341
internal_weight=157986 29480 128506 92943 35563 34021 30917 1542 19567 3104 18110 12456 91065 83285 7780 1457 9913 1878 1328 1660 6431 2215 601 3482 1184 856 4216 5654 2298
internal_count=157986 29480 128506 92943 35563 34021 30917 1542 19567 3104 18110 12456 91065 83285 7780 1457 9913 1878 1328 1660 6431 2215 601 3482 1184 856 4216 5654 2298
is_linear=0
shrinkage=0.02


Tree=43
num_leaves=26
num_cat=0
split_feature=0 48 54 48 32 53 75 44 22 44 9 23 5 44 54 13 42 28 44 72 32 69 31 14 66
split_gain=33.8692 30.9838 34.9724 33.2845 30.0314 35.8399 96.6695 80.2835 35.4202 26.8631 79.2249 24.5512 23.3807 25.1493 21.9243 22.2058 20.548 18.9615 17.5629 12.3164 13.936 12.7023 11.7056 10.5691 9.98924
threshold=-0.029326788012918489 -0.022926854672786264 0.59545590515554714 -0.069558997314310964 0.32248816140126663 0.020765563179641202 0.11566669112113738 0.17681011950591644 -0.29597965989792574 0.12547988852472428 0.83414658773531125 0.037515529057833182 0.042593097406731416 0.10184831294004694 0.40770738334914108 -0.0060338903325964912 -0.034119330691030063 -0.069282364915508807 -0.021721362596239687 0.78565041995016427 -0.12679452580558223 0.59427455668762363 -0.018733000810060792 0.091277222590663412 0.049060133164152954
decision_type=10 8 10 10 10 10 10 10 8 10 8 8 10 10 8 8 10 8 10 10 10 10 10 8 10
left_child=1 3 14 19 5 9 8 -8 -7 11 -11 -2 13 24 22 -16 18 -18 -5 21 -21 -1 -3 -15 -6
right_child=4 2 -4 16 12 6 7 -9 -10 10 -12 -13 -14 23 15 -17 17 -19 -20 20 -22 -23 -24 -25 -26
leaf_value=0.0021267805882933741 0.00016632182651499225 0.006213499629060211 0.0081717480064954461 0.0050246291879713816 -0.0025478716489620058 0.011003484990946477 -0.003434331044634691 0.0029393336405484352 0.00046997949197620043 -0.0039371730335413611 0.00068480896390281821 -0.00042752444624985454 -0.0092539617676092208 0.0026487307773557377 0.00057447299738338543 -0.0046031042337393588 0.0088307581503752411 0.0020423309945202047 -0.0031147719291283373 0.003838408690780237 -0.0033582472753089423 -0.0020956496882148668 -0.00057391250256809618 0.0088104463262737801 0.0023255299817293122
leaf_weight=1218 101796 201 201 202 217 296 4182 554 3441 2070 2292 34910 213 343 565 975 1016 464 239 208 480 239 200 597 807
leaf_count=1218 101796 201 201 202 217 296 4182 554 3441 2070 2292 34910 213 343 565 975 1016 464 239 208 480 239 200 597 807
internal_value=-5.05297e-06 0.00144274 -0.000503033 0.00246816 -6.43163e-05 -9.82868e-05 -0.00136158 -0.00325902 0.0010428 -2.23862e-05 -0.00156727 2.69043e-05 0.00226722 0.00295064 -0.0013275 -0.00241272 0.00437981 0.00550844 0.00058371 0.000753961 -0.00144848 0.00179561 0.00283085 0.00531137 0.000778537
internal_weight=157926 6208 2142 4066 151718 149541 8473 4736 3737 141068 4362 136706 2177 1964 1941 1540 1921 1480 441 2145 688 1457 401 940 1024
internal_count=157926 6208 2142 4066 151718 149541 8473 4736 3737 141068 4362 136706 2177 1964 1941 1540 1921 1480 441 2145 688 1457 401 940 1024
is_linear=0
shrinkage=0.02


Tree=44
num_leaves=23
num_cat=0
split_feature=53 6 56 44 48 46 5 57 22 0 44 44 41 52 71 42 57 54 6 10 5 53
split_gain=26.4342 106.154 51.9237 45.8718 45.955 32.5905 69.2301 66.5005 22.3587 21.2293 38.3124 34.5013 24.6192 20.4841 36.9842 35.3829 24.6491 20.6503 50.0994 19.7903 15.0761 6.59123
threshold=0.020765563179641202 0.014974875662310457 0.16020828394053549 0.16428337884866476 -0.15381370080476323 0.034133762393146715 0.024599482418494127 0.38366063406494683 0.10750110993771224 -0.029326788012918489 0.12547988852472428 0.074182810012022551 -0.012718600068435169 0.88789462569950384 -0.34927662937385268 0.016415795833337524 0.67894769528321575 0.71095087425225301 0.014360722999572981 1.4287262829129446 0.028290422535382522 0.021694370836547013
decision_type=10 8 10 10 10 10 10 8 10 8 10 8 10 2 10 10 8 10 8 10 8 10
left_child=9 8 3 4 -3 7 -7 -4 21 10 11 12 -1 17 15 -15 -16 19 -19 -11 -13 -2
right_child=1 2 5 -5 -6 6 -8 -9 -10 13 -12 20 -14 14 16 -17 -18 18 -20 -21 -22 -23
leaf_value=0.0037388358211679473 -0.0035660642752390914 -0.0010319903604642728 -0.0031343472674819945 -0.002761484501383291 0.0083599683880127042 -0.0054144236792627847 -0.00097273519102647704 0.0016153314974206247 -0.0076487414507041152 -0.00017048107277862056 0.012014715648964147 -0.0043478226686449774 -9.7839329823349685e-05 -0.00059518878461578594 -0.0015453794546863193 0.00382287079285446 0.0028121803301014775 0.0056308757097744098 -5.3795467654889351e-05 0.00051583110234867903 0.00075444986964911945 -0.0040711720123812632
leaf_weight=2138 241 454 1464 310 852 651 2625 2981 208 115643 292 463 1846 489 1667 1227 704 503 1295 21601 282 271
leaf_count=2138 241 454 1464 310 852 651 2625 2981 208 115643 292 463 1846 489 1667 1227 704 503 1295 21601 282 271
internal_value=-4.36008e-05 -0.00103579 -0.000464553 0.00279406 0.00443611 -0.00114711 -0.00266036 -3.10391e-05 -0.00842996 2.3746e-05 0.00130187 0.000866385 0.00160552 -2.10857e-05 0.00137427 0.00360978 -0.000243676 -6.21247e-05 0.0020667 -9.00434e-05 -0.00308043 -0.00615595
internal_weight=158207 10057 9337 1616 1306 7721 3276 4445 720 148150 5021 4729 3984 143129 4087 1716 2371 139042 1798 137244 745 512
internal_count=158207 10057 9337 1616 1306 7721 3276 4445 720 148150 5021 4729 3984 143129 4087 1716 2371 139042 1798 137244 745 512
is_linear=0
shrinkage=0.02


Tree=45
num_leaves=23
num_cat=0
split_feature=53 6 74 9 13 34 41 45 27 71 61 57 46 46 46 45 10 45 35 16 54 42
split_gain=31.9926 111.626 53.2138 32.3093 60.9908 26.9555 26.3841 26.2283 55.2313 28.7903 27.4376 26.4978 26.3193 25.2156 19.3872 13.78 13.3755 11.7004 11.5066 11.429 9.4528 8.87639
threshold=0.020765563179641202 0.014301352796985424 -1.1768220906660869 2.3972174810779969 0.28009885597175227 -0.00020569820466724567 0.022339254620963315 0.0044644464611294701 -0.027936230803756342 -1.2835091919272097 0.40345209611499544 0.54006272797373056 0.0098035601031225307 0.003497803715419317 0.012026607345245589 0.010037095526989189 0.55453110601859179 0.016248102843130916 -0.038684153160078456 0.014234046158985826 0.51985975434911535 -0.021282877856189149
decision_type=10 8 10 10 10 8 10 8 8 8 8 8 10 10 10 10 10 10 10 10 8 10
left_child=5 14 6 4 -4 15 17 8 11 12 -11 -7 -9 -10 -2 19 -17 -3 -18 20 -1 -21
right_child=1 2 3 -5 -6 7 -8 9 13 10 -12 -13 -14 -15 -16 16 18 -19 -20 21 -22 -23
leaf_value=0.00052491712766906148 -0.0041174191183506728 0.0056711543251419848 -0.0011641001519469407 -0.010791650992931105 0.0035082658573339222 -0.0018798127198601186 0.010827184621357171 -0.00055856057799581944 -0.0012126347599901788 0.00025636552124573249 -0.00031325570465575272 0.00079807438942338716 -0.0049871744536961003 0.0011683157775870224 -0.0071203538046323775 -0.0023341088304060409 0.0055187286011175686 -0.0022514733456026302 0.0017416683392676962 -0.0025991742282699755 -0.0017591401383376531 0.002274840534548443
leaf_weight=1882 258 296 7436 329 866 5678 335 771 1466 43355 66625 2876 527 18512 316 226 707 245 1711 210 1291 2177
leaf_count=1882 258 296 7436 329 866 5678 335 771 1466 43355 66625 2876 527 18512 316 226 707 245 1711 210 1291 2177
internal_value=-1.85836e-05 -0.00110871 -0.000590871 -0.00106789 -0.000823558 5.56565e-05 0.00410262 -9.71311e-06 0.000531245 -0.000148438 -0.000113456 -0.000813326 -0.00310855 0.00110706 -0.00966609 0.00116977 0.00235841 0.00136162 0.00279372 0.000603848 -0.000182105 0.00164908
internal_weight=158095 10081 9507 8631 8302 148014 876 139810 28532 111278 109980 8554 1298 19978 574 8204 2644 541 2418 5560 3173 2387
internal_count=158095 10081 9507 8631 8302 148014 876 139810 28532 111278 109980 8554 1298 19978 574 8204 2644 541 2418 5560 3173 2387
is_linear=0
shrinkage=0.02


Tree=46
num_leaves=31
num_cat=0
split_feature=67 46 9 43 44 46 44 75 47 27 41 51 43 41 56 14 35 51 69 4 51 46 21 0 2 48 44 10 44 51
split_gain=34.8323 42.8944 51.5988 52.2262 38.3785 30.647 33.1132 32.3124 31.0406 27.5007 34.0208 23.4248 29.6668 30.0127 46.4453 33.4214 26.8176 27.0023 26.4652 26.342 26.0453 25.1843 31.985 20.8144 20.2298 20.1782 16.8599 54.2229 18.4476 14.0388
threshold=0.072147989880732635 0.0071743218066912407 0.6229110100629055 0.052023794148548304 -0.097151723298657608 0.0064051011047922954 0.061421842166587422 0.90912120261072094 -0.02308265153121913 -0.033519672335660215 -0.012817826760980975 0.72080650082043596 0.0093529945004973154 0.015657958124913666 0.24838706693614407 0.060111165972153276 0.0057016596929638473 0.71353216750706305 -0.41447704823414228 0.030383806601679723 0.84318666408218657 0.0078710823908400233 -0.015813966114825547 -0.032353043915001982 0.061269373033279069 -0.15381370080476323 0.065342905821433109 0.47425759060794376 0.063232366629696127 0.84620509160123725
decision_type=8 10 8 10 10 10 10 10 10 10 10 2 10 10 10 8 10 2 8 10 2 8 10 10 10 10 10 8 10 2
left_child=11 5 3 4 -3 26 8 -8 -7 25 -11 16 18 15 -15 -14 17 23 20 -19 -13 22 -18 -1 -20 -4 28 -28 -2 -5
right_child=1 2 9 29 -6 6 7 -9 -10 10 -12 12 13 14 -16 -17 21 19 24 -21 -22 -23 -24 -25 -26 -27 27 -29 -30 -31
leaf_value=0.0020363135264291773 -0.00034696094651684857 -0.0077061406622502783 -0.0016603745081318719 0.0031430083932290952 -0.0023417889254573237 0.0034453702597721119 0.0020332590377615321 0.0086980640155224342 -2.8424870964364226e-05 -0.0024348244709533444 -0.00044562325777669818 0.0072135693747157181 2.7524923636841407e-05 0.0018039475475169287 -0.001063438969807683 0.0017947244353798875 0.0053407294280454713 -0.0049855329093140459 0.00023348179201011427 0.00046462270436546871 -0.0015745450713055915 3.6095594852393647e-05 0.0016233796477233375 -0.00010740115343946415 0.0065830495702695595 0.00093485022277254226 0.00388859189624308 -3.6917050044498878e-05 -0.0037257774667749234 -0.00090836285615278529
leaf_weight=2906 18150 327 1134 620 7783 894 1072 387 4440 2276 20412 900 5336 3408 6484 6707 460 889 1481 584 227 2918 2286 50937 204 6730 1197 6273 296 309
leaf_count=2906 18150 327 1134 620 7783 894 1072 387 4440 2276 20412 900 5336 3408 6484 6707 460 889 1481 584 227 2918 2286 50937 204 6730 1197 6273 296 309
internal_value=-1.02387e-05 -0.000333578 -0.000776369 -0.00210376 -0.00261842 0.000202323 0.001398 0.00406712 0.000666917 -0.00038353 -0.000736833 0.000262435 0.000781396 0.000533279 -0.000282826 0.00120375 5.17866e-05 -8.23978e-05 0.00271525 -0.00275305 0.00508688 0.0013624 0.0027368 -9.24894e-06 0.00112574 0.000635474 -0.000111047 0.000690403 -0.000435735 0.00238495
internal_weight=158027 72300 39591 9039 8110 32709 6793 1459 5334 30552 22688 85727 24747 21935 9892 12043 60980 55316 2812 1473 1127 5664 2746 53843 1685 7864 25916 7470 18446 929
internal_count=158027 72300 39591 9039 8110 32709 6793 1459 5334 30552 22688 85727 24747 21935 9892 12043 60980 55316 2812 1473 1127 5664 2746 53843 1685 7864 25916 7470 18446 929
is_linear=0
shrinkage=0.02


Tree=47
num_leaves=22
num_cat=0
split_feature=70 43 39 32 14 44 25 4 50 53 55 75 50 41 50 29 78 25 67 64 41
split_gain=31.1699 42.7312 31.4877 28.3623 38.7285 52.1142 24.6432 23.3719 31.4262 26.5088 21.8195 20.0002 32.7131 17.6349 16.7446 15.9102 15.5238 11.6253 8.62226 8.18673 8.10001
threshold=-1.2417227077992512 0.0050476058442934244 -0.060451665910618894 0.23307934719532422 -0.2309426261610176 0.10410270243662935 -0.99570316121757851 -0.30076636353637742 0.049915350585884484 0.020765563179641202 0.65444959525189217 -0.53362846651641049 0.058484836743913589 -0.012718600068435169 0.03647629636147965 3.5294225578982794 -1.0315316478680969 -0.68601994359677188 0.50271194240161354 0.59829963318335422 -0.0219892392660575
decision_type=8 10 8 10 8 10 8 8 10 10 10 10 10 10 10 10 10 8 10 10 10
left_child=1 13 6 7 -5 -6 18 8 -4 -9 17 14 -13 20 -8 16 -15 -3 -2 -19 -1
right_child=2 10 3 4 5 -7 11 9 -10 -11 -12 12 -14 15 -16 -17 -18 19 -20 -21 -22
leaf_value=-0.0058175609516468146 0.0014240010758319571 -0.0033499009260262148 0.0015406395868706197 -0.0085564986566821263 0.00049894321562983848 0.0050250207713017818 -0.00085273051133240535 7.3784431974637901e-05 0.00979121771625527 -0.0011092759527967201 0.0025337621844273603 -0.0012520412928956248 -0.0056964454093952326 0.0026027727927067203 0.0057108141417839741 -0.0049246492238969606 -0.0032622650150339483 0.0017898767699130208 0.0060173514872186827 -0.0015156414828740522 -0.0078394540098355656
leaf_weight=217 282 299 1289 271 3018 1983 1334 133300 205 6056 333 6363 670 233 371 235 223 370 225 328 206
leaf_count=217 282 299 1289 271 3018 1983 1334 133300 205 6056 333 6363 670 233 371 235 223 370 225 328 206
internal_value=1.1406e-07 -0.00224049 3.5387e-05 0.000107019 0.00154713 0.00194682 -0.00109647 5.30916e-05 0.00254047 2.63926e-05 0.000178813 -0.00134546 -0.00181661 -0.00512825 0.000596717 -0.0031474 -0.000958425 -0.0013006 0.00318504 0.000111588 -0.00834434
internal_weight=157811 2444 155367 146122 5272 5001 9245 140850 1494 139356 1330 8738 7033 1114 1705 691 456 997 507 698 423
internal_count=157811 2444 155367 146122 5272 5001 9245 140850 1494 139356 1330 8738 7033 1114 1705 691 456 997 507 698 423
is_linear=0
shrinkage=0.02


Tree=48
num_leaves=23
num_cat=0
split_feature=32 44 14 6 46 7 46 47 5 23 44 48 62 6 15 8 26 10 42 48 52 30
split_gain=25.0128 51.0786 63.8465 28.1217 53.3845 54.9355 36.0589 29.1576 26.3779 25.9376 30.0959 25.6038 21.7494 21.1135 17.7938 15.6537 13.7123 13.3234 10.4708 10.3527 8.13097 7.7595
threshold=0.23307934719532422 0.10410270243662935 -0.22074147548304754 0.060421667068357159 0.034133762393146715 0.012798435258363265 0.034133762393146715 -0.15327845528716069 0.011240431800406821 0.05653184541981527 -0.084893261369471937 -0.13097370721215904 0.15231194475352799 0.021166156251801117 -0.018697792101374785 0.0075567685638992981 0.77499615998395399 0.7782477757491344 0.031861074997023626 -0.0024302623127686047 0.61515640900845103 0.6055264726404378
decision_type=10 10 8 10 10 10 10 10 10 10 8 10 10 10 10 10 10 10 10 8 2 10
left_child=3 15 -3 4 9 11 -5 -8 -4 13 -11 -6 -9 -1 -10 19 21 -7 -18 20 -2 -17
right_child=1 2 8 6 5 17 7 12 14 10 -12 -13 -14 -15 -16 16 18 -19 -20 -21 -22 -23
leaf_value=7.3351389473215977e-07 0.001766021376876783 -0.008277088840009432 -0.00066934125734337897 -0.0062412537228419794 -0.0024006034265958601 0.0024210014975729601 0.0031298060678671452 0.01483742786033595 0.0098990181911416102 -0.0040362220141485824 -0.00044559235122675154 -0.0062096757900175128 0.0043972743325782016 0.00099527033284405476 0.0050317251527683005 -0.00059400555742572341 -0.0018141585616765232 -0.0013824500144517195 -0.0072939625084780567 0.0034954254277319834 -0.0011569502205104755 0.0033128225293704962
leaf_weight=108968 210 286 271 256 267 216 354 214 475 884 22151 426 212 15967 1477 694 1544 2130 217 277 215 369
leaf_count=108968 210 286 271 256 267 216 354 214 475 884 22151 426 212 15967 1477 694 1544 2130 217 277 215 369
internal_value=6.06018e-06 0.00126872 0.0034494 -4.40525e-05 -6.66049e-05 -0.00269013 0.00323819 0.00537516 0.00459442 -1.26917e-05 -0.000629363 -0.00763401 0.00889461 0.000100996 0.00540604 -0.00028296 -0.000947965 -0.00122625 -0.00203065 0.00238691 0.00041784 0.000843985
internal_weight=158080 6035 2509 152045 151009 3039 1036 780 2223 147970 23035 693 426 124935 1952 3526 2824 2346 1761 702 425 1063
internal_count=158080 6035 2509 152045 151009 3039 1036 780 2223 147970 23035 693 426 124935 1952 3526 2824 2346 1761 702 425 1063
is_linear=0
shrinkage=0.02


Tree=49
num_leaves=29
num_cat=0
split_feature=21 71 70 45 46 46 44 14 42 57 44 48 49 69 66 28 44 69 47 14 48 8 42 46 5 55 46 76
split_gain=33.1661 26.4404 25.4887 32.2187 46.7309 29.5755 29.5401 43.9026 30.1316 22.8465 32.1225 52.4013 29.9254 19.7198 19.0565 21.8146 18.9638 28.4984 17.5843 17.1233 16.9196 17.3793 16.7959 15.3948 14.7496 14.5553 11.1399 8.53961
threshold=0.066500649826442118 -1.2835091919272097 -0.19657143106083122 0.0087471497494089837 0.0081859706254185215 0.011835908005302669 0.074697369416932738 -0.17459246597593051 0.010546984463588928 0.81643519151379296 0.00083595413199644153 -0.034810343882954835 -0.024584910611599505 -0.42343466023477899 0.95914193898418276 -0.20954908619827875 0.031611578399712188 0.10740869158622295 -0.049576861693175982 0.0035347782825172484 -1.0000000180025095e-35 0.010914454282825429 -0.017239920349734757 0.0099375979449127742 0.011462313139946348 0.94050188118250755 0.0078710823908400233 -0.33204665647041282
decision_type=8 8 8 10 10 10 10 8 10 10 10 10 10 10 10 8 10 10 10 10 10 8 8 10 10 10 10 10
left_child=1 16 3 13 24 -6 20 -8 -9 14 12 -12 -11 27 15 -3 19 26 -16 -1 22 -22 -4 -21 -5 -15 -18 -2
right_child=2 9 6 4 5 -7 7 8 -10 10 11 -13 -14 25 18 -17 17 -19 -20 23 21 -23 -24 -25 -26 -27 -28 -29
leaf_value=-0.00037646220450889402 -0.0008968829232083134 0.0015381345465447526 0.0014408695652319131 -0.0067866598023269865 -5.6053913894597884e-05 -0.0034888750447654064 -0.012461259598783752 0.00096656661368050819 -0.0032441205998775288 0.0016219532293069395 0.0041476967409204554 0.00073575935253408829 -0.0017361411850460098 0.0012927443197990665 0.0013615764094543118 2.4667199327688994e-05 -4.2591636356039585e-05 0.0042105537064597767 -0.0015461646521161602 -0.0021931542707400368 -0.0026128964389185083 0.0026684996398086496 -0.00053718537732085905 -0.0068105981977204313 -0.0033339105151258238 -0.001597355000750365 -0.0029954010208129529 -0.0035411608972490795
leaf_weight=228 229 6032 1904 384 1602 1581 282 1259 1879 1119 1724 13966 2565 1648 635 104392 319 307 3307 251 245 1601 8673 227 238 670 345 233
leaf_count=228 229 6032 1904 384 1602 1581 282 1259 1879 1119 1724 13966 2565 1648 635 104392 319 307 3307 251 245 1601 8673 227 238 670 345 233
internal_value=6.19591e-06 0.000124193 -0.000706139 -0.0017519 -0.00294745 -0.00196545 -0.00027127 -0.00191698 -0.00123543 0.00015551 0.000790606 0.00118527 -0.000889552 -0.000114347 4.78984e-05 9.66991e-05 -0.00237068 -0.000553498 -0.00131829 -0.0048628 0.000181745 0.00194802 -0.000126489 -0.00701044 -0.00795827 0.000637344 -0.00288421 -0.00388337
internal_weight=157845 135417 22428 6585 3805 3183 15843 3420 3138 133740 19374 15690 3684 2780 114366 110424 1677 971 3942 706 12423 1846 10577 478 622 2318 664 462
internal_count=157845 135417 22428 6585 3805 3183 15843 3420 3138 133740 19374 15690 3684 2780 114366 110424 1677 971 3942 706 12423 1846 10577 478 622 2318 664 462
is_linear=0
shrinkage=0.02


Tree=50
num_leaves=21
num_cat=0
split_feature=70 49 21 53 53 48 51 69 13 53 6 54 32 54 49 31 48 48 54 9
split_gain=36.3341 34.4126 31.3711 34.161 32.274 51.0477 49.1885 29.8981 32.8923 43.0404 25.0135 46.6965 28.0939 23.617 20.6656 18.9301 18.5078 22.9174 16.1769 7.59149
threshold=-1.2417227077992512 -0.016455705772573045 0.012912204028832199 0.011281329824295734 0.013639970853982417 -0.0051003981210281371 0.72080650082043596 0.073917795364508904 0.0011813898209219744 0.020841569645630654 0.010996633373361387 0.57514222579460672 0.05985223194136869 0.57574027341050227 -0.009530642283459732 -0.01670901046948214 -0.080661721708004772 -0.034075730639950667 0.57853630433848235 0.37654686635588813
decision_type=8 10 8 8 8 8 2 10 10 10 10 10 10 10 10 8 10 10 10 10
left_child=1 19 7 14 5 -5 -6 8 13 -10 11 -9 -12 -2 -4 -16 -3 -18 -19 -1
right_child=2 16 3 4 6 -7 -8 10 9 -11 12 -13 -14 -15 15 -17 17 18 -20 -21
leaf_value=-0.0078450431205152708 7.0266493021680577e-05 -0.0035345366006739342 -0.002956626610740518 -0.0017854135082966821 0.00040937298155793982 -5.2092961039384848e-05 -0.00097045213655501178 0.0018638393917590355 -0.00031500923803788161 -0.0043279297776670465 -0.00029682696903785737 -0.0019750929197241253 0.001084616893346406 0.0010941477283927597 0.001142262967513097 0.0034518229653102595 0.0045051169056692184 -0.00023651246394131302 -0.0040371980101437405 -0.004580379310088401
leaf_weight=201 25573 320 280 10324 26920 10905 13078 6101 23494 802 8635 689 13218 12203 2624 1014 285 1156 313 224
leaf_count=201 25573 320 280 10324 26920 10905 13078 6101 23494 802 8635 689 13218 12203 2624 1014 285 1156 313 224
internal_value=1.67845e-05 -0.0023752 5.51645e-05 -0.000279649 -0.000395538 -0.00102581 -6.09515e-05 0.000295626 4.89424e-05 -0.000525085 0.000830121 0.00189044 0.000500503 0.000418191 0.00153049 0.00193405 -0.00130988 -0.000500285 -0.00150884 -0.00755399
internal_weight=158359 2499 155860 65145 61227 21229 39998 90715 62072 24296 28643 6790 21853 37776 3918 3638 2074 1754 1469 425
internal_count=158359 2499 155860 65145 61227 21229 39998 90715 62072 24296 28643 6790 21853 37776 3918 3638 2074 1754 1469 425
is_linear=0
shrinkage=0.02


Tree=51
num_leaves=24
num_cat=0
split_feature=19 52 44 53 52 57 60 44 53 46 65 5 5 53 70 25 67 52 35 44 46 37 25
split_gain=26.838 43.0059 30.837 31.5743 28.4189 27.1192 26.6339 38.0495 56.2851 31.2202 54.306 25.3775 32.0588 24.3557 23.839 19.6441 16.9764 16.4714 16.352 15.249 14.2147 9.70641 4.81823
threshold=1.9330776415161919 0.95673634530628282 0.065342905821433109 0.0124930391412386 0.89779664779664792 0.74949080123618128 0.87869224606071406 0.15576978428121704 0.019858296365560999 0.0045607764343140013 0.14889156519024047 0.016317998113349639 0.033789852543578976 0.010900370658205363 -1.2417227077992512 0.17509464937035796 0.015537012880769864 0.27938314052796748 0.040245195343904548 0.089624477650003045 0.0096871696153036143 -0.14767065168515672 -0.37970620019470352
decision_type=8 2 8 8 2 8 10 10 10 8 10 10 10 10 10 10 10 2 8 8 8 10 10
left_child=4 2 13 19 6 11 9 8 -8 10 -1 15 -13 18 -11 -6 21 -15 -2 -4 -5 -7 -18
right_child=1 -3 3 20 5 16 7 -9 -10 14 -12 12 -14 17 -16 -17 22 -19 -20 -21 -22 -23 -24
leaf_value=-0.0022206530860097023 -0.00012677960536561992 -0.0069781836899847072 0.00075325893725477577 0.00096368673749151312 0.00099146422619402841 0.0068382236767902602 0.00071579737705499281 -0.0086666284703741086 0.0061878047748815668 -0.0018481162275188637 0.0011875063986223706 -0.0029148013613756441 0.0065395910226791407 -0.0064217307081510123 -0.00012250806144953357 0.0041212931681771916 -9.7684871344386816e-05 -0.0012144113722795777 0.005433614628857956 0.0041263882751434652 -0.0013248678144728737 0.0038071281300050622 0.0028097920412634416
leaf_weight=2103 201 314 408 2326 1332 302 15181 312 1285 2014 12150 915 221 248 106043 396 217 7888 203 629 2887 200 231
leaf_count=2103 201 314 408 2326 1332 302 15181 312 1285 2014 12150 915 221 248 106043 396 217 7888 203 629 2887 200 231
internal_value=-5.80987e-06 -0.000807547 -0.000651612 0.000415614 7.89207e-05 0.00178191 3.21952e-05 0.000779427 0.000910791 -7.02962e-05 0.000809457 0.000809075 -0.00151099 -0.00143285 -0.000186363 0.00233545 0.00470873 -0.00167113 0.00335309 0.00360116 -0.000218259 0.0072326 0.00186637
internal_weight=158006 15104 14790 6250 142902 3814 139088 16778 16466 122310 14253 2864 1136 8540 108057 1728 950 8136 404 1037 5213 502 448
internal_count=158006 15104 14790 6250 142902 3814 139088 16778 16466 122310 14253 2864 1136 8540 108057 1728 950 8136 404 1037 5213 502 448
is_linear=0
shrinkage=0.02


Tree=52
num_leaves=29
num_cat=0
split_feature=23 32 44 44 14 58 52 46 14 46 44 57 14 53 38 43 27 45 53 9 53 63 44 67 1 21 60 53
split_gain=30.7907 28.1822 31.9959 28.2293 37.75 26.2654 31.492 29.1369 31.5682 30.9877 28.7671 30.1257 25.8585 52.4861 34.6103 23.4702 23.1786 30.9891 22.8726 22.1986 19.0757 18.9263 16.7672 17.1525 11.4062 10.3822 8.60066 6.41431
threshold=0.064544487055222213 0.26586613746216742 0.11770524752808344 0.1062109515439026 -0.17459246597593051 0.51214594807238412 0.67781798799304283 0.0071743218066912407 0.022141386982926784 0.0081859706254185215 0.074182810012022551 0.18796074826410583 -0.25424008393302394 0.021694370836547013 1.0901522430022579 0.025030782174737202 -0.13754901933271238 0.012773120662465052 0.014833287004906749 0.5759291894832792 0.01289134570937352 0.93683647019046556 0.04384267752158489 1.3702668562670464 0.060683667212806609 -0.0016090907758239956 0.70637424090174339 0.01264870776022289
decision_type=10 10 10 10 8 10 2 8 10 8 8 8 8 10 10 10 8 10 10 10 10 10 10 10 10 10 10 10
left_child=1 2 12 25 -5 7 22 8 -2 19 15 -12 14 -14 -1 -8 -4 -18 -6 -9 -10 -11 24 -24 -7 27 -27 -3
right_child=5 3 16 4 18 6 10 9 20 21 11 -13 13 -15 -16 -17 17 -19 -20 -21 -22 -23 23 -25 -26 26 -28 -29
leaf_value=0.004991271743722909 -0.0038393505892100051 0.0062263887138726418 -0.0071609947191053182 -0.0040561137341319524 0.00062694181147979189 0.00057294241848033546 -0.0024257163794911265 -0.0064447257553171813 -0.00098263540378059353 -0.0019035274204509301 -0.010052761364793047 -0.0021411125031578111 0.00011741691156517277 -0.0018034635417781544 -0.00059886174115093252 0.00092474939867835432 -0.0013569602347203249 0.0026558630526387805 0.0079801292201824876 -0.0018776797920681376 0.0027099387999298943 0.00035000789841933361 -1.6431403466140582e-05 0.0037556393211158673 -0.0016121597648760227 0.00053424645639531579 -0.0046927117543864808 0.001185026553568856
leaf_weight=1911 219 212 274 229 303 4108 1548 443 471 3313 407 2426 118763 3935 1581 3014 5979 837 884 447 922 1095 761 1135 1135 386 388 731
leaf_count=1911 219 212 274 229 303 4108 1548 443 471 3313 407 2426 118763 3935 1581 3014 5979 837 884 447 922 1095 761 1135 1135 386 388 731
internal_value=-3.96432e-05 7.10924e-05 2.69956e-05 0.00194576 0.00403529 -0.000744136 -0.0002613 -0.00175922 0.000593924 -0.00247556 -0.00117604 -0.00275865 0.000100467 5.21439e-05 0.00179731 -0.000192417 -0.00128021 -0.00105002 0.0054697 -0.00587879 0.00170588 -0.0017868 0.000685994 0.00229731 0.000102593 0.000220023 -0.00149419 0.00162924
internal_weight=157857 136413 133280 3133 1416 21444 14534 6910 1612 5298 7395 2833 126190 122698 3492 4562 7090 6816 1187 890 1393 4408 7139 1896 5243 1717 774 943
internal_count=157857 136413 133280 3133 1416 21444 14534 6910 1612 5298 7395 2833 126190 122698 3492 4562 7090 6816 1187 890 1393 4408 7139 1896 5243 1717 774 943
is_linear=0
shrinkage=0.02


Tree=53
num_leaves=20
num_cat=0
split_feature=0 45 65 6 50 19 53 50 10 44 44 44 0 53 69 21 58 38 57
split_gain=30.0348 25.818 52.2635 44.2926 51.254 39.4417 42.633 32.0687 32.3479 24.779 27.8927 36.2335 22.6443 20.2874 19.7546 20.88 12.7653 12.0851 11.1801
threshold=-0.030752029086140494 0.0044644464611294701 0.11298855394277865 0.011157502156012848 0.033397411098852754 1.9330776415161919 0.024633874318752375 0.11198429954846724 1.4287262829129446 0.21061464899071672 0.12547988852472428 0.082514668280038519 0.0062539116474878984 0.012316468269828263 -0.024529965295926538 -0.042976845957349401 0.40168248604562712 0.7073652271714056 0.508385781090679
decision_type=10 10 8 8 10 10 10 10 10 8 10 10 10 10 8 10 10 10 8
left_child=9 2 14 4 -4 7 12 8 -3 10 11 13 -7 -1 16 -16 -2 -5 -8
right_child=1 5 3 17 -6 6 18 -9 -10 -11 -12 -13 -14 -15 15 -17 -18 -19 -20
leaf_value=0.0056777088822739727 -0.0059643564847076313 -0.0001951390002094134 0.00080452254533537777 0.00071857795738628719 0.002834862980871513 -0.0022544649356729123 -0.0082826706692925977 0.0067326981623540673 0.00083108578660457224 -0.004606626695679141 0.011997658373139748 -0.0037576908470413101 -0.00042508558650247328 0.0015470808868324588 0.0020804356452503322 -0.0046532806746706666 -0.0027089101243639338 -0.0003234611369370512 -0.0037861701785161096
leaf_weight=679 246 95383 8525 5854 2933 2650 201 212 15730 313 292 352 7182 3958 702 244 1976 10277 224
leaf_count=679 246 95383 8525 5854 2933 2650 201 212 15730 313 292 352 7182 3958 702 244 1976 10277 224
internal_value=1.17644e-05 -4.10792e-05 0.000476559 0.000755999 0.00170678 -0.000172047 -0.00135874 -6.26808e-05 -7.756e-05 0.00145094 0.00177546 0.00142244 -0.00109 0.00189263 -0.00195582 0.000462513 -0.00298605 8.04612e-05 -0.00755399
internal_weight=157933 152339 30757 27589 11458 121582 10257 111325 111113 5594 5281 4989 9832 4637 3168 946 2222 16131 425
internal_count=157933 152339 30757 27589 11458 121582 10257 111325 111113 5594 5281 4989 9832 4637 3168 946 2222 16131 425
is_linear=0
shrinkage=0.02


Tree=54
num_leaves=26
num_cat=0
split_feature=23 70 46 14 46 53 48 52 50 57 42 75 75 32 14 74 51 43 57 4 2 42 36 51 36
split_gain=26.7133 24.2527 29.9057 31.6104 29.8701 25.7013 23.8087 23.1423 22.5279 26.5193 20.0067 38.5255 22.5635 19.1059 19.9657 27.7387 18.7104 17.7119 17.2297 16.5763 15.5048 15.3804 11.0349 12.0947 10.3783
threshold=0.064544487055222213 -0.18949031994468327 0.0071743218066912407 0.022141386982926784 0.0081859706254185215 0.013034267861342092 -0.10872575593379601 0.67781798799304283 0.02923174239088944 0.44352323593343251 0.065690263097342952 -1.3847271365444154 0.52324632645493196 0.26586613746216742 -0.22074147548304754 1.1496374535984428 0.2378359869885294 0.031057650018826547 0.98274000148953611 0.12847330560250617 0.086095446777293541 0.012698999891165965 -0.15966857752768301 0.71737246946451971 0.054167853136099189
decision_type=10 10 8 10 8 10 8 2 10 8 10 10 10 10 10 10 2 10 10 10 10 8 8 2 10
left_child=10 2 3 -2 16 -5 -6 22 20 -10 13 -12 19 18 -15 -16 -4 -14 21 -13 -9 -1 -3 -24 -20
right_child=1 7 4 5 6 -7 -8 8 9 -11 11 12 17 14 15 -17 -18 -19 24 -21 -22 -23 23 -25 -26
leaf_value=-6.8967508157867963e-05 -0.0037586607974216171 0.0075665499091232347 -0.0078487039286392248 -0.0012537317226510769 -0.0046591045201316381 0.0033095637704763114 -0.00080389124166667619 -0.0014343255339956497 -0.0026253953767015397 0.00090365202797975373 0.0071209842437674579 -0.0015561787659226082 -0.0016140348066575961 -0.0043007484939362539 0.0053780835385394601 0.001156058174804932 -0.002674626935176764 -0.0052189143460902396 -0.00080575457070347937 0.0050072942462739949 -0.0053676955958475011 0.00029048195495603822 0.0008190872853768822 -0.0018008990484992239 0.0042770145830512132
leaf_weight=81160 213 222 202 537 791 909 3718 1455 1603 3380 249 1241 231 259 894 1926 692 383 206 203 869 49289 6072 766 643
leaf_count=81160 213 222 202 537 791 909 3718 1455 1603 3380 249 1241 231 259 894 1926 692 383 206 203 869 49289 6072 766 643
internal_value=2.39068e-06 -0.00065413 -0.00161376 0.000733735 -0.00233494 0.00179544 -0.0016714 -0.00018221 -0.000971264 -0.000212279 0.000105337 -0.0017409 -0.00264109 0.000137061 0.00169416 0.00218291 -0.00567374 -0.00585041 0.000100519 -0.00127197 -0.00259699 8.20084e-05 0.000634188 0.000491007 0.00293882
internal_weight=158113 21429 7062 1659 5403 1446 4509 14367 7307 4983 136684 2307 2058 134377 3079 2820 894 614 131298 1444 2324 130449 7060 6838 849
internal_count=158113 21429 7062 1659 5403 1446 4509 14367 7307 4983 136684 2307 2058 134377 3079 2820 894 614 131298 1444 2324 130449 7060 6838 849
is_linear=0
shrinkage=0.02


Tree=55
num_leaves=22
num_cat=0
split_feature=70 44 12 53 4 14 44 53 10 34 48 45 34 45 14 10 45 53 53 48 63
split_gain=29.1706 45.72 28.2178 24.7832 66.6397 78.5122 99.4015 57.4459 35.9013 24.9237 20.5627 37.108 19.4038 18.8737 46.1061 21.5034 17.7896 17.4665 18.9226 12.7172 12.2805
threshold=-1.2417227077992512 0.071648716325692488 0.019248561791807898 0.020765563179641202 -0.10091986378226873 -0.2679573375709432 0.02357729889209426 0.027883404369793714 1.3740810703331194 -0.00020569820466724567 -0.076871203833476329 0.018438701294419196 0.027000195143582671 0.0044010251167310123 -0.060767435134440544 1.4287262829129446 0.010037095526989189 0.016375383717425977 0.013407961822751438 -0.022692114710380681 0.4110889242127666
decision_type=8 10 10 8 10 8 10 8 8 10 10 10 10 10 8 10 10 10 10 10 8
left_child=1 10 -3 9 7 -6 -7 8 -5 16 11 -1 -9 14 -11 -15 19 18 -12 -2 -18
right_child=3 2 -4 4 5 6 -8 12 -10 13 17 -13 -14 15 -16 -17 20 -19 -20 -21 -22
leaf_value=-0.0072252133619307582 -0.00089899172461434848 -0.0014052571338097957 0.0043374229408867241 0.0014417420775677404 -0.014058759031944935 -0.0035154138567130649 0.00097632226054109364 -0.001492639586072077 0.0077392323016756207 -0.0021000561122500971 -0.00034864017767322465 -1.9480601673766419e-05 0.0027808229934445628 -0.00016239293335217398 0.00074572817017048184 0.00069497463197896482 0.0045550819664669532 0.003482613603890039 -0.0042631352477651421 0.0011339231194174475 0.0011217543737646214
leaf_weight=346 1546 228 303 1317 311 2846 2680 2864 538 2890 574 205 628 94087 23137 15866 1367 212 602 4079 1286
leaf_count=346 1546 228 303 1317 311 2846 2680 2864 538 2890 574 205 628 94087 23137 15866 1367 212 602 4079 1286
internal_value=3.7869e-06 -0.00215217 0.00304135 3.80718e-05 -0.000868842 -0.00234635 -0.00179446 0.000743829 0.00358728 0.000108402 -0.00357629 -0.0068442 -0.000766676 4.35208e-05 0.000527816 -7.11025e-05 0.00117381 -0.00227358 -0.00322685 0.000536438 0.00252374
internal_weight=157912 2470 531 155442 11184 5837 5526 5347 1855 144258 1939 551 3492 135980 26027 109953 8278 1388 1176 5625 2653
internal_count=157912 2470 531 155442 11184 5837 5526 5347 1855 144258 1939 551 3492 135980 26027 109953 8278 1388 1176 5625 2653
is_linear=0
shrinkage=0.02


Tree=56
num_leaves=23
num_cat=0
split_feature=70 49 3 6 53 43 22 72 43 46 54 21 4 44 41 34 46 35 54 64 66 44
split_gain=32.8404 41.2641 31.7933 26.9254 57.0774 45.097 38.7602 32.804 43.8433 22.8935 42.4168 32.429 23.3604 18.915 21.342 18.5834 17.713 14.995 13.4416 13.1666 14.868 12.2798
threshold=-1.2417227077992512 -0.016455705772573045 0.06975741833565198 0.019910709692244181 0.021694370836547013 0.057674958098814406 -0.011764282585943029 0.58906086088275067 -0.053124800089148654 0.0083857372547824268 0.45922669882177053 0.073542874342707412 0.27168638439641274 0.071648716325692488 0.025892532785220083 0.007080204162925507 0.0058836617058301626 0.021480603145775493 0.5772039428110014 0.74039532173837996 0.025130917607431389 0.039408399670769485
decision_type=8 10 8 10 10 10 10 10 10 8 8 8 10 10 10 10 8 10 10 10 8 10
left_child=1 18 3 4 5 -2 -6 15 -9 19 11 -11 -12 14 16 -5 -3 -15 -1 20 -4 -21
right_child=2 13 9 7 6 -7 -8 8 -10 10 12 -13 -14 17 -16 -17 -18 -19 -20 21 -22 -23
leaf_value=-0.0084609762769435586 4.5545367829327481e-05 -0.0044867607486220448 -0.0036886824747877568 -0.00028653230014929429 -0.00030567380859120518 0.0025638189819560302 -0.0066552891981045675 -0.0017198729602792241 0.0028227955530039438 -0.0011101216555611825 -0.00079819204982558482 -0.0050588575889076708 0.0014129170227413657 -0.00087827461159346507 -0.0040940213680762125 0.001996677369399806 7.6304287758851666e-05 0.0032793464833144924 -0.0041172788812522416 -0.0019886739050017531 0.00055473986984658956 -7.8246514860354568e-05
leaf_weight=216 96496 239 224 9886 381 2817 444 1446 10731 978 12912 1092 1931 278 303 1937 1050 214 203 1284 10210 2728
leaf_count=216 96496 239 224 9886 381 2817 444 1446 10731 978 12912 1092 1931 278 303 1937 1050 214 203 1284 10210 2728
internal_value=4.4544e-05 -0.00222764 8.11457e-05 0.000224893 8.06679e-05 0.000124232 -0.00515496 0.000826549 0.0015551 -0.000487819 -0.00098723 -0.00366876 -0.000612908 -0.00107338 -0.00213308 7.59472e-05 -0.0010062 0.00234888 -0.00794762 9.67675e-05 0.000471299 -0.000876651
internal_weight=158000 2503 155497 124138 100138 99313 825 24000 12177 31359 16913 2070 14843 2084 1592 11823 1289 492 419 14446 10434 4012
internal_count=158000 2503 155497 124138 100138 99313 825 24000 12177 31359 16913 2070 14843 2084 1592 11823 1289 492 419 14446 10434 4012
is_linear=0
shrinkage=0.02


Tree=57
num_leaves=19
num_cat=0
split_feature=53 6 22 19 47 32 57 44 53 53 75 57 41 53 72 23 46 24
split_gain=29.9766 102.506 54.4198 32.6118 28.7764 24.6909 20.7312 47.1559 44.9429 38.989 40.6991 33.5929 31.8767 23.1482 66.2187 18.7071 14.422 4.5691
threshold=0.020765563179641202 0.01463832329694323 -0.26904070523110363 -1.8052866492626667 -0.15327845528716069 0.1648791378959599 0.79695973667084818 -0.097151723298657608 0.020587867958909118 0.013786337102622845 1.048425594811859 0.33543640368335864 -0.013300221289973489 0.019811337062126514 0.060240745447015256 0.010148699278110353 0.012026607345245589 1.0021828206175221
decision_type=10 8 10 10 10 10 10 10 10 10 10 8 10 10 8 8 10 10
left_child=6 16 4 17 -3 -5 8 -8 13 12 -11 -10 -9 15 -15 -1 -2 -4
right_child=1 2 3 5 -6 -7 7 9 11 10 -12 -13 -14 14 -16 -17 -18 -19
leaf_value=0.00015073290328406923 -0.0035034302788786147 0.00035795777417123336 0.0061790583848887462 -0.0013790937859405744 0.011675518623823279 0.0015933895600050956 -0.0058542825708587775 -0.0032541976985006153 0.008979197866249608 0.0010725935193526793 0.0040391082674314308 0.0010305569521475706 0.00015658853461852232 -0.004221711374621219 0.0014970682142409573 -0.00031563858496674174 -0.0065578056922707172 0.0019741174264433616
leaf_weight=71626 281 239 203 7193 322 1231 324 1069 264 13589 1372 367 11906 1327 1125 44958 364 201
leaf_count=71626 281 239 203 7193 322 1231 324 1069 264 13589 1372 367 11906 1327 1125 44958 364 201
internal_value=5.68491e-06 -0.00105212 -0.000521619 -0.000905878 0.00551246 -0.00117246 7.74566e-05 0.000564665 -3.75873e-05 0.000652826 0.00134862 0.00528165 -0.000149353 -6.58451e-05 -0.00198859 -2.5372e-05 -0.00875851 0.00463704
internal_weight=157961 10034 9389 8828 561 8424 147927 28260 119667 27936 14961 631 12975 119036 2452 116584 645 404
internal_count=157961 10034 9389 8828 561 8424 147927 28260 119667 27936 14961 631 12975 119036 2452 116584 645 404
is_linear=0
shrinkage=0.02


Tree=58
num_leaves=20
num_cat=0
split_feature=4 50 46 4 41 72 69 46 69 43 41 78 45 46 30 2 34 26 43
split_gain=25.2094 52.5731 36.2467 45.0122 27.0441 25.7214 24.0247 61.064 89.0455 50.7506 54.3094 31.4508 21.9014 29.2963 16.926 15.942 14.4942 13.1925 10.5814
threshold=-0.23336220962815138 0.071921925095346353 0.03709626144380785 -0.036826298475850165 0.030117361374297661 0.36230146915816869 0.073917795364508904 0.016394563203530752 -0.66441883798954871 0.10943972581994267 0.026653010398889235 1.886259294010366 0.019248110395275408 0.011667000111237062 0.67560897626964012 -0.070101050629576653 0.0029681590441225582 1.2247471782852033 0.050755700586607506
decision_type=8 10 10 10 10 8 10 10 8 10 10 10 10 10 10 10 10 10 10
left_child=1 12 6 5 -5 18 7 11 -9 10 -8 -2 13 14 -1 -15 -14 -18 -4
right_child=2 -3 3 4 -6 -7 9 8 -10 -11 -12 -13 16 15 -16 -17 17 -19 -20
leaf_value=0.0040750587043339101 -7.1634219693936449e-05 0.011006246843934975 0.00047182964915814586 -0.00067663954110723013 -0.0081292215724792002 0.0042661285484154252 0.00039383575635304089 -0.013303585952058177 -0.00081108041201988581 0.0071847981812956695 -0.0013703668126477729 -0.0017004174467911582 -0.0053317224939404143 0.01030047280046591 -0.002535930518663989 0.0032543997258401586 0.0010781472706897369 -0.0045504426102862651 -0.0029431226767124407
leaf_weight=478 85176 224 206 217 357 241 58209 494 1042 343 5149 2415 322 395 673 466 918 207 538
leaf_count=478 85176 224 206 217 357 241 58209 494 1042 343 5149 2415 322 395 673 466 918 207 538
internal_value=9.35023e-06 0.00164441 -2.96526e-05 -0.00306282 -0.00750957 -0.000464503 1.29557e-06 -0.000210686 -0.00416265 0.000297918 0.000256286 -0.000141314 0.0010341 0.00238351 0.000293403 0.00517169 -0.00084116 0.00022913 -0.00230604
internal_weight=158070 3683 154387 1559 574 985 152828 89127 1536 63701 63358 87591 3459 2012 1151 861 1447 1125 744
internal_count=158070 3683 154387 1559 574 985 152828 89127 1536 63701 63358 87591 3459 2012 1151 861 1447 1125 744
is_linear=0
shrinkage=0.02


Tree=59
num_leaves=22
num_cat=0
split_feature=4 50 53 7 44 59 27 44 72 69 78 7 44 10 57 24 64 57 68 15 45
split_gain=25.7656 61.7643 41.8354 48.2307 114.952 29.1023 28.8248 73.4799 47.2354 24.0908 22.7662 25.1204 70.2945 31.0195 21.668 19.1433 14.6095 9.23817 9.06429 8.50362 8.35149
threshold=-0.30076636353637742 0.049915350585884484 0.020765563179641202 0.01015782423887668 0.10934263826463465 0.52012292845938768 -0.13353186272746589 0.17681011950591644 0.84458711348614679 0.25423166291573146 2.0431398716923481 0.012061925515265947 -0.12918327945539967 1.4287262829129446 0.71044447296372359 -1.0981737648528462 0.78001970728355896 0.053069890376532786 -0.90805608011596173 -0.10529160396431041 0.0083758222517781988
decision_type=8 10 10 10 10 10 10 10 8 10 10 10 8 10 10 10 10 10 10 10 10
left_child=1 15 10 4 5 -4 7 -5 -8 -6 11 12 -2 -13 17 -1 18 -12 -17 -18 -16
right_child=2 -3 3 6 9 -7 8 -9 -10 -11 14 13 -14 -15 20 16 19 -19 -20 -21 -22
leaf_value=-0.0043914489137362889 -0.0067203167251871513 0.012993204769154122 -0.0055570547988105911 -0.00022342241106584505 -9.175881497994059e-06 -7.3040330574474511e-05 -0.00064307093910579989 -0.010480017873384982 0.0042802070352613054 0.0081022040746957444 -0.0050631019144173521 0.00014154615141543563 -2.8488397255384233e-05 0.002477413376516462 0.0013820059490867263 0.0056598103145580649 0.0028839000377453962 -0.0016129411367937338 -5.1951869346876236e-05 -0.0038694314889537412 -0.0022221297278081551
leaf_weight=215 303 263 1219 868 268 203 4775 352 894 239 450 15010 120946 7706 946 581 259 1784 228 253 239
leaf_count=215 303 263 1219 868 268 203 4775 352 894 239 450 15010 120946 7706 946 581 259 1784 228 253 239
internal_value=-3.58097e-05 0.00234333 -6.32382e-05 -0.00140129 -0.00419585 -0.00711033 -0.000617997 -0.00340541 -1.7284e-05 0.00397244 1.68131e-05 5.5138e-05 -5.92e-05 0.000665493 -0.00159591 0.000805465 0.00170802 -0.00275526 0.00338025 -0.000931774 0.000588533
internal_weight=158001 1799 156202 8818 1929 1422 6889 1220 5669 507 147384 143965 121249 22716 3419 1536 1321 2234 809 512 1185
internal_count=158001 1799 156202 8818 1929 1422 6889 1220 5669 507 147384 143965 121249 22716 3419 1536 1321 2234 809 512 1185
is_linear=0
shrinkage=0.02


Tree=60
num_leaves=22
num_cat=0
split_feature=32 44 14 63 45 7 10 57 42 4 50 6 44 45 34 6 40 0 76 26 72
split_gain=24.6968 38.7259 59.7093 30.5241 24.4277 24.6216 30.5378 23.4746 22.2434 20.6514 42.3326 37.2317 26.2669 19.2837 18.2663 16.1539 15.0609 13.2188 11.9273 12.9584 8.32619
threshold=0.26586613746216742 0.10410270243662935 -0.2679573375709432 0.31969845845808736 0.0035439085689753058 0.0061236507682135557 1.9506129987894349 0.29578900709219863 0.03108295675117401 -0.25000552441017354 0.061574248510383074 0.036646452020917542 0.17681011950591644 0.018619044111080962 -0.00020569820466724567 0.018913931450889786 0.0070435145899633055 -0.0078958530872085802 -0.92147738220051656 0.7781974258221368 1.77884452689987
decision_type=10 8 8 10 8 10 8 8 10 8 10 10 10 10 8 10 8 10 10 8 10
left_child=4 8 -3 17 5 6 7 -1 18 10 13 14 -13 -6 -11 -5 20 -4 -2 -20 -7
right_child=1 2 3 15 9 16 -8 -9 -10 11 -12 12 -14 -15 -16 -17 -18 -19 19 -21 -22
leaf_value=-0.0007336899036838884 -0.0040477048183343032 -0.0095798143065750716 0.020018302024399852 -0.00083398275133627286 0.0034489399577764964 -0.00029037635044375953 0.0086415160495208875 0.0016219292378095579 -0.0067051428907492164 0.00083081470687240428 0.011752219113924007 -0.0014041997037761472 -0.0068201314503958856 -0.00071052612277824347 -0.00010377928475356194 0.0049081122576911298 -0.0039965530117863227 0.0079739930113067962 0.0042284787269048201 -3.4791363410225997e-05 0.0045972795415200416
leaf_weight=1311 284 210 207 229 1438 3436 211 4991 320 7593 204 3977 312 1360 128692 1095 229 202 575 1146 276
leaf_count=1311 284 210 207 229 1438 3436 211 4991 320 7593 204 3977 312 1360 128692 1095 229 202 575 1146 276
internal_value=2.62667e-05 0.00152682 0.00361008 0.0048316 -1.53086e-05 0.00091803 0.00167301 0.00142123 -0.000214101 -8.32863e-05 0.00155778 -0.000118357 -0.00195291 0.000913898 -6.05932e-05 0.00334943 -0.000329274 0.00960488 0.000567298 0.00119512 -2.10073e-05
internal_weight=158298 4268 1943 1733 154030 10454 6513 6302 2325 143576 3002 140574 4289 2798 136285 1324 3941 409 2005 1721 3712
internal_count=158298 4268 1943 1733 154030 10454 6513 6302 2325 143576 3002 140574 4289 2798 136285 1324 3941 409 2005 1721 3712
is_linear=0
shrinkage=0.02


Tree=61
num_leaves=23
num_cat=0
split_feature=0 48 46 54 13 46 60 75 28 50 7 32 28 32 44 9 65 75 66 77 23 52
split_gain=27.3296 27.8539 39.8966 27.9917 24.2243 33.3381 41.2094 27.5559 25.8993 24.6957 23.2908 27.074 16.2082 18.5275 15.252 14.6228 13.82 12.3733 12.1276 14.3609 9.57282 7.17005
threshold=-0.030752029086140494 -0.022926854672786264 0.010695490078669895 0.58788043065563678 -0.30076636353637742 0.03709626144380785 0.67894769528321575 -0.78083903229555418 -0.09721972326224497 0.050054279841937339 0.03477748638306543 0.32248816140126663 -0.052024797615265787 0.15272141582685497 0.074182810012022551 1.5843737836778113 0.74595135064253881 -1.6069955587909235 0.78001970728355896 -0.56763338588358925 -0.065195784209228044 0.53348461517681078
decision_type=10 8 10 10 8 10 8 10 10 10 10 10 8 10 8 10 8 10 10 10 10 2
left_child=1 2 12 14 7 10 8 9 -7 20 11 -6 13 -1 17 -12 -16 -3 21 -20 -2 -4
right_child=4 3 18 -5 5 6 -8 -9 -10 -11 15 -13 -14 -15 16 -17 -18 -19 19 -21 -22 -23
leaf_value=0.0051652931122765002 0.0012700294425199321 0.0051509103000848188 0.00069227712259027196 0.0068062852037246366 -2.9096386360897808e-05 -0.0016001367462269676 0.0027073410980227907 -0.004105567661196143 -0.0062892246171989095 0.01151717473164553 -0.0015988179880900102 0.0029995336361092239 -0.00014078434914969949 0.012001504965550299 -0.0054161799906213446 -0.010881545291626347 0.00088229484596685239 -0.0012665929781868184 0.0033903161099136676 -0.003802169358323601 0.0076604502304645373 0.0043101406590866208
leaf_weight=1227 588 330 1067 211 146577 816 352 211 557 212 553 2122 226 266 417 200 202 777 226 347 258 313
leaf_count=1227 588 330 1067 211 146577 816 352 211 557 212 553 2122 226 266 417 200 202 777 226 347 258 313
internal_value=2.26375e-05 0.00139358 0.0024171 -0.000545924 -2.77998e-05 -5.09201e-05 -0.0028146 0.00272283 -0.00437991 0.00403966 -1.89892e-05 -1.19704e-06 0.00463837 0.00539357 -0.00138854 -0.0035252 -0.0039 1.62455e-05 0.00045957 -0.00198258 0.00250059 0.00147574
internal_weight=158055 5609 3672 1937 152446 151177 1725 1269 1373 1058 149452 148699 1719 1493 1726 753 619 1107 1953 573 846 1380
internal_count=158055 5609 3672 1937 152446 151177 1725 1269 1373 1058 149452 148699 1719 1493 1726 753 619 1107 1953 573 846 1380
is_linear=0
shrinkage=0.02


Tree=62
num_leaves=22
num_cat=0
split_feature=23 57 32 13 44 14 6 46 28 54 52 44 47 18 42 43 17 15 74 27 24
split_gain=26.5185 25.5816 23.0564 21.7823 29.1493 27.9454 23.4703 32.6588 51.2206 25.6048 20.4979 38.9048 24.6884 14.3619 9.6389 14.8935 14.7134 9.53741 8.71185 8.01188 6.90699
threshold=0.10698200977574902 0.92474147021804953 -0.24621384492139956 0.39506112745364347 0.10410270243662935 -0.0018254182258047866 0.070717915228013475 0.034133762393146715 -0.065715540504377043 0.68686325633828671 0.67414139568871045 0.04384267752158489 -0.0011385862954200186 82.155759998448886 -0.0050443421261642243 0.011955540535556365 -0.053983355858469577 0.11282079329142515 1.8151459530875695 -0.00048429540087058237 -0.45916566715310853
decision_type=10 10 8 10 10 10 10 10 10 10 2 8 10 8 10 10 2 10 10 10 10
left_child=3 2 19 6 20 -6 7 9 -9 -1 11 -4 -12 14 16 -16 -3 -15 -7 -2 -5
right_child=1 13 10 4 5 18 -8 8 -10 -11 12 -13 -14 17 15 -17 -18 -19 -20 -21 -22
leaf_value=-1.0887919758330901e-05 0.00512884346119084 -0.0026869259493710164 -0.0020080116190701104 0.0021266152962378325 -0.00080463805820883336 0.010056801131390528 0.010546349839300509 -0.00070817575274492392 -0.0056099659679345196 0.0013364134488488993 -0.0045581578979680707 0.0020541348025752736 -0.0017393624029341771 0.0052019093297891806 -0.004676840300766527 0.00036541569746885455 0.0046154490737070255 0.0014594984168702636 0.0085460169173741107 -0.00070872070042502313 -0.0033392734314691155
leaf_weight=139575 352 203 2066 283 202 304 328 2579 548 5296 1278 865 1370 262 396 818 432 290 211 266 351
leaf_count=139575 352 203 2066 283 202 304 328 2579 548 5296 1278 865 1370 262 396 818 432 290 211 266 351
internal_value=-3.14514e-05 -0.00111152 -0.00179058 3.05857e-05 0.00255769 0.00531755 7.5374e-06 -4.31084e-06 -0.00202621 3.93313e-05 -0.00219677 -0.00104297 -0.00347225 0.0006403 -0.000204324 -0.00124938 0.00178931 0.00346835 0.00778682 0.00187076 -0.00056378
internal_weight=158275 8598 6197 149677 1351 717 148326 147998 3127 144871 5579 2931 2648 2401 1849 1214 635 552 515 618 634
internal_count=158275 8598 6197 149677 1351 717 148326 147998 3127 144871 5579 2931 2648 2401 1849 1214 635 552 515 618 634
is_linear=0
shrinkage=0.02


Tree=63
num_leaves=17
num_cat=0
split_feature=19 46 53 52 32 53 22 44 43 75 14 43 44 36 44 60
split_gain=20.2156 41.4154 21.901 21.5213 19.6175 25.181 52.9597 17.8751 18.6134 18.0636 17.5963 16.8922 13.5111 11.5242 10.1298 7.674
threshold=1.9330776415161919 0.025294338701168564 0.011715771867990327 0.96823770491803296 -0.41652676295783864 0.020765563179641202 -0.021663325961042364 0.048801836542329731 -0.027805872081546553 -0.093160961957728342 -0.0055007722298147091 0.1073391713752936 0.071648716325692488 0.027678454044448287 0.030106085042433398 0.56330495826654148
decision_type=8 10 8 2 8 10 10 8 10 8 10 10 10 8 10 8
left_child=3 2 12 4 11 10 -7 8 -4 -9 -6 -1 14 -3 -2 -14
right_child=1 13 7 -5 5 6 -8 9 -10 -11 -12 -13 15 -15 -16 -17
leaf_value=0.015188397278567222 0.0036402071506036826 -0.0073481131948497412 0.0025126237777451776 0.005090981896230827 -0.00021892426593933813 0.00063097386156345432 -0.0019852344619872221 -0.0034896542334584904 -0.0015841877153426605 3.8300244494453989e-05 0.00021761945754476063 0.0012138623715917329 0.0038533748227165478 -0.003881816254490232 -0.00063044160908612087 0.0015217828550937978
leaf_weight=204 382 200 365 229 44529 3859 4822 463 5207 6897 88889 325 331 229 915 292
leaf_count=204 382 200 365 229 44529 3859 4822 463 5207 6897 88889 325 331 229 915 292
internal_value=-2.17404e-05 -0.000713127 -0.000535784 5.22057e-05 4.23336e-05 2.79944e-05 -0.00101566 -0.000831826 -0.00168634 -0.000184486 9.59234e-05 0.00388302 0.00145653 -0.00683256 0.000291217 0.003875
internal_weight=158138 15281 14852 142857 142628 142099 8681 12932 5572 7360 133418 529 1920 429 1297 623
internal_count=158138 15281 14852 142857 142628 142099 8681 12932 5572 7360 133418 529 1920 429 1297 623
is_linear=0
shrinkage=0.02


Tree=64
num_leaves=28
num_cat=0
split_feature=23 57 44 54 52 54 46 53 52 44 43 42 57 50 20 44 5 42 36 38 54 50 9 55 45 56 0
split_gain=26.436 31.1741 32.507 42.7322 39.0574 30.1795 27.8117 25.6143 25.5054 25.2368 39.108 48.0643 31.0605 36.6773 23.6536 27.1221 47.2049 34.435 21.1559 19.769 18.6575 17.2581 20.9385 13.3545 10.1422 9.37003 4.51869
threshold=0.02338176907281864 0.75767106336809464 0.00083595413199644153 0.6102691167724934 0.61652236652236658 0.59879027390302686 0.012606911152128348 0.011281329824295734 0.75344269932713936 0.0054263925454041137 -0.053124800089148654 -0.0077877219238735021 0.28786263487756031 0.05877937452913818 -0.036550719043246964 -0.084893261369471937 0.018479310966201049 -0.061221554084063039 0.090920246290098941 0.54418008281625252 0.37375427991968052 0.0043988175178439901 0.60776232080584747 0.68685814301680692 0.016248102843130916 0.72585825792636605 0.004315861629861307
decision_type=8 10 10 10 2 10 10 8 2 10 10 10 8 10 10 8 10 8 10 8 10 10 8 8 10 8 10
left_child=1 9 4 5 18 -4 -6 20 -5 12 -11 -12 13 -1 23 16 -16 -17 -3 -14 26 22 -22 -9 -25 -23 -2
right_child=7 2 3 8 6 -7 -8 14 -10 10 11 -13 19 -15 15 17 -18 -19 -20 -21 21 25 -24 24 -26 -27 -28
leaf_value=0.0013806861559136469 0.0017478150381716087 -0.00081484756826415042 0.0011519277275714313 0.00076115860679910842 0.00034311625869182531 -0.0055785278707926912 -0.0051358077800976454 0.0057847767306551789 0.0054542455649818434 0.0095643438677424381 -0.0011940213485145557 2.1448922482838752e-05 -0.0027332910293735224 0.0073099700430659855 -0.0063109134770726206 0.0036793986150583454 -0.00081695836635024279 -0.00049880805726197196 0.0022118057587636199 0.00016712812738659027 -0.0024447186997294777 -0.0022492392317043151 0.0038224446310486525 0.0017449555832889201 -0.002110721807579566 0.00088183065239249583 0.0063235779554360909
leaf_weight=6975 201 1595 12412 339 201 265 389 286 693 211 10996 56123 435 329 633 849 1767 46067 869 11889 209 740 778 1595 272 831 200
leaf_count=6975 201 1595 12412 339 201 265 389 286 693 211 10996 56123 435 329 633 849 1767 46067 869 11889 209 740 778 1595 272 831 200
internal_value=-4.05817e-05 0.000146719 0.000936411 0.00135215 -0.000928969 0.00103313 -0.00554653 -0.000397545 0.00526428 -5.49684e-06 -0.000189482 -0.000216597 0.000625503 0.00165886 -0.000501613 -0.000591236 -0.00266472 -0.000485069 0.000177688 1.28195e-05 0.00141149 0.000780774 0.00285223 0.00154968 0.000930407 -0.000520356 0.00541791
internal_weight=158149 103721 16763 13709 3054 12677 590 54428 1032 86958 67330 67119 19628 7304 51469 49316 2400 46916 2464 12324 2959 2558 987 2153 1867 1571 401
internal_count=158149 103721 16763 13709 3054 12677 590 54428 1032 86958 67330 67119 19628 7304 51469 49316 2400 46916 2464 12324 2959 2558 987 2153 1867 1571 401
is_linear=0
shrinkage=0.02


Tree=65
num_leaves=27
num_cat=0
split_feature=23 50 28 7 57 52 50 44 57 48 57 54 52 30 44 44 8 42 47 41 25 31 31 46 44 68
split_gain=30.9102 20.0357 30.6256 40.0087 19.7571 32.6882 57.507 22.3107 37.0198 32.4118 35.405 31.0392 21.1497 20.073 19.142 17.9817 49.7621 33.2068 25.9662 24.528 17.366 15.0046 14.994 13.5968 13.2719 6.37222
threshold=0.037515529057833182 0.058484836743913589 -0.1101106527251091 0.0044551766425677906 0.76550929407497204 0.88789462569950384 0.055229490138811184 0.0054263925454041137 0.56396631150038434 -0.033242665176100576 0.37956137678952184 0.79092688549659373 0.5179905357444653 0.8035890858151129 0.008778622831303597 -0.084893261369471937 0.013180508612283351 -0.061221554084063039 -0.10882297289682062 -0.012132508245949634 1.0532061379269335 -0.061380464389893412 0.013510583041528525 0.011667000111237062 0.099831668351761951 0.35592576962378869
decision_type=8 10 10 10 10 2 10 10 10 8 10 8 2 8 10 8 10 8 10 8 8 10 10 10 10 10
left_child=4 15 -3 -4 7 6 14 8 11 10 -9 -1 -10 -11 -6 16 18 22 -2 -19 -18 -5 -17 -7 -8 -25
right_child=1 2 3 21 5 23 24 9 12 13 -12 -13 -14 -15 -16 17 20 19 -20 -21 -22 -23 -24 25 -26 -27
leaf_value=0.0013032779531743932 -0.0069338789117267072 0.004554265450286814 0.0027409649858169639 -0.0040482398466850176 -0.00029710850871877357 0.0011557698542815267 -0.0074187985081731857 -0.0024737561267430433 -4.5200197797872002e-05 9.7741417124399892e-05 3.6447876202831114e-05 -0.00087508078768849655 -0.0023223533595392565 -0.0012100702725247718 0.0010677357776785422 0.0059769931670281317 0.0011368376998363325 -0.0014713417359029763 -0.0022863377499537946 -0.00014808674003647868 -0.0036414846970744394 -0.0094807187150701671 -0.00047445856132921399 0.0064117796897645817 -0.0027372821016823368 0.0034623731274213464
leaf_weight=14719 275 221 296 1046 3807 296 303 4697 2900 62880 4232 2620 1503 3645 14449 485 1083 5544 347 30849 291 239 205 227 340 226
leaf_count=14719 275 221 296 1046 3807 296 303 4697 2900 62880 4232 2620 1503 3645 14449 485 1083 5544 347 30849 291 239 205 227 340 226
internal_value=-1.53304e-05 -0.000488675 -0.00255019 -0.00352592 0.000150267 0.000728688 0.000566032 3.33138e-05 0.000597802 -0.000129322 -0.00126069 0.00101373 -0.00103951 2.25175e-05 0.000773292 -0.000393501 -0.00224236 -0.000293873 -0.00693098 -0.000376381 -0.000114909 -0.00505288 0.0040492 0.004824 -0.00530745 0.007
internal_weight=157725 40881 1802 1581 116844 19648 18899 97196 21742 75454 8929 17339 4403 66525 18256 39079 1996 37083 622 36393 1374 1285 690 749 643 453
internal_count=157725 40881 1802 1581 116844 19648 18899 97196 21742 75454 8929 17339 4403 66525 18256 39079 1996 37083 622 36393 1374 1285 690 749 643 453
is_linear=0
shrinkage=0.02


Tree=66
num_leaves=27
num_cat=0
split_feature=23 69 44 54 28 46 41 44 48 48 45 7 10 0 58 54 54 41 43 44 41 32 0 43 71 57
split_gain=32.8285 24.5426 58.201 97.1493 47.1311 54.6568 36.834 29.8873 52.647 37.9456 37.7379 35.1206 31.4742 29.0765 23.6142 35.2778 80.269 35.1463 26.7319 23.8234 18.1082 16.1827 16.6113 18.3147 16.1177 13.9642
threshold=0.05653184541981527 0.073917795364508904 0.00083595413199644153 0.64116867211318629 -0.037950109343953424 0.013764762643201346 0.014204865160563964 0.00083595413199644153 -0.034075730639950667 -0.020992524107077744 0.014553915957230748 0.0062710517606192296 1.6263464685018609 -0.022495824839018515 0.32624859961692754 0.57253979244754216 0.58346599610030381 0.02349606463967047 0.04113479426417644 -0.075688170239417693 0.00057087730142246784 -0.41652676295783864 0.024286107757814705 0.081030230537369921 -0.8158354079276523 0.43151405612266552
decision_type=8 10 10 10 10 10 10 10 8 10 10 10 10 10 8 8 8 10 10 10 10 8 10 10 10 8
left_child=1 7 4 6 20 -6 -4 9 13 12 -10 -11 -1 -9 15 17 -17 18 -2 -18 -3 -16 23 -23 -5 -24
right_child=14 2 3 24 5 -7 -8 8 10 11 -12 -13 -14 -15 21 16 19 -19 -20 -21 -22 22 25 -25 -26 -27
leaf_value=0.00012812156940208676 -0.00037019238178860061 0.00080371442409173891 0.00085215826484297296 0.0066406877343123628 -0.0013452804582725331 -0.0053507251768055153 -0.00040633080068654571 0.0016499675563584513 -0.00013195061555223083 -0.0010231334481330232 0.0094062931376715196 0.0053274713728737426 0.0059457482521737574 -0.0022185952441821487 0.0059997484980320185 -0.01119822271705458 -0.003755278421108954 0.0051865735522202373 -0.0041970682679235002 -0.00030398653229857481 -0.00086699635071003976 -0.00030100303806458522 -0.0041854116123789071 0.0037760243111996596 0.0030457830159242288 -0.0010669322929223043
leaf_weight=15403 2662 4177 28298 480 2279 594 9111 848 56698 380 200 1316 739 6319 366 398 704 304 285 1340 2771 18040 795 436 1031 2086
leaf_count=15403 2662 4177 28298 480 2279 594 9111 848 56698 380 200 1316 739 6319 366 398 704 304 285 1340 2771 18040 795 436 1031 2086
internal_value=-2.58002e-05 0.000106227 0.000461573 0.000808766 -0.00091407 -0.0030682 0.000607805 -0.000105221 -0.00030684 0.000618757 -0.000103306 0.00346376 0.000319519 -0.00192215 -0.000654995 -0.00180155 -0.00361768 -0.000436039 -0.00110516 -0.00201369 -2.27371e-05 -0.000354355 -0.000425976 -0.000205553 0.0057791 -0.00183831
internal_weight=158060 130644 48741 38920 9821 2873 37409 81903 64065 17838 56898 1696 16142 7167 27416 5693 2442 3251 2947 2044 6948 21723 21357 18476 1511 2881
internal_count=158060 130644 48741 38920 9821 2873 37409 81903 64065 17838 56898 1696 16142 7167 27416 5693 2442 3251 2947 2044 6948 21723 21357 18476 1511 2881
is_linear=0
shrinkage=0.02


Tree=67
num_leaves=19
num_cat=0
split_feature=23 8 57 38 4 6 53 7 30 23 57 71 25 20 53 9 37 10
split_gain=20.2446 26.8919 19.313 18.5769 18.3744 18.2889 24.8353 43.1036 19.0425 15.9751 15.5663 12.6688 10.3561 8.80291 17.104 10.9188 9.41972 4.58029
threshold=0.064544487055222213 0.0049682977516608004 0.97870072131742514 1.2272302927598984 -0.25000552441017354 0.070717915228013475 0.024132713091028688 0.012262854315617402 0.8035890858151129 0.097585859776802911 0.18796074826410583 -0.66332792435594323 -0.61293610445604874 0.018650489984542887 0.014559209588940875 1.0375885944456624 0.013932510728518562 1.0640456446327973
decision_type=10 10 10 10 8 10 10 10 10 10 8 10 10 10 10 10 10 10
left_child=2 -2 5 4 -3 6 8 -8 -1 12 -6 -11 -5 14 15 -4 -15 -16
right_child=1 3 13 9 10 -7 7 -9 -10 11 -12 -13 -14 16 17 -17 -18 -19
leaf_value=0.00011862275804734875 -0.0057175196970695686 0.0077857688044693507 -0.0055944263021168259 0.0045739172304059021 -0.0034676639252091768 0.010462955291755931 -0.0033648895035415746 -0.00032594618630640338 -0.00092456318834733208 -0.0024215728907100282 -0.00066231747199038845 0.00014385822936009596 0.0012753556218427172 0.0092156523670273577 0.0032868490257800674 0.0010742685916219688 0.0021995669577793918 0.0081305856051480958
leaf_weight=124053 234 207 229 315 1615 308 1081 3464 6064 259 14820 2593 1489 230 216 457 251 231
leaf_count=124053 234 207 229 315 1615 308 1081 3464 6064 259 14820 2593 1489 230 216 457 251 231
internal_value=-1.13713e-05 -0.00058134 7.84713e-05 -0.000506972 -0.000819444 5.24409e-05 4.12734e-05 -0.00141179 9.20549e-05 0.000609405 -0.000894257 -0.000321767 0.00208199 0.00225263 0.00128571 -0.000695779 0.00451867 0.00432589
internal_weight=158116 21532 136584 21298 16642 134970 134662 4545 130117 4656 16435 2852 1804 1614 1133 686 481 447
internal_count=158116 21532 136584 21298 16642 134970 134662 4545 130117 4656 16435 2852 1804 1614 1133 686 481 447
is_linear=0
shrinkage=0.02


Tree=68
num_leaves=25
num_cat=0
split_feature=67 53 69 44 5 47 50 32 26 58 52 14 43 43 32 6 53 60 7 22 21 60 37 30
split_gain=27.2229 33.9957 28.9119 21.4437 64.7441 40.9522 26.3815 28.9322 20.9014 19.5742 19.5499 58.6836 36.8135 24.4581 41.178 19.2846 18.5396 18.2002 14.8309 13.0944 12.8938 12.8149 12.5703 11.8459
threshold=0.24643181705588901 0.010900370658205363 1.6493751581776175 -0.084893261369471937 0.018048851139743968 -0.10359358316155236 -0.053801964445408072 0.0020011297160238421 0.53391078063992004 0.80490309009866301 0.88789462569950384 0.038245147799984232 0.052023794148548304 0.082894945459941152 -0.22414548643421614 0.019232235890961732 0.012406161365255347 0.15628345824411136 0.0071129735253543146 -0.035238188615745618 -0.011530528902503221 0.10471182365432881 -0.37922424775092817 0.62587578439649161
decision_type=8 8 10 8 8 10 8 10 8 10 2 10 10 10 8 10 10 10 10 8 10 8 10 8
left_child=2 15 10 4 5 -3 7 -5 -8 -6 13 18 -13 14 -1 19 23 -18 -12 -2 -15 -21 -19 -4
right_child=1 3 16 6 9 -7 8 -9 -10 -11 11 12 -14 20 -16 -17 17 22 -20 21 -22 -23 -24 -25
leaf_value=0.0067047498674900939 -0.00098967523323141549 -0.0074124302891093374 -0.0038903037681489033 0.0073977643984554703 -0.0012944099683455561 -0.0011398052412556843 0.0011211591870550371 0.00024871879340412591 -0.000437950481708487 0.0039951626364615076 0.00096046435659589556 0.00049482933169214404 0.0048359242981064919 -0.0030931019831805851 0.00010119162572896302 -0.0054506318761191495 -0.0015944661779464743 0.00044420206270631815 -0.0024752015410030598 -0.0010299433754149825 0.00016405496835178806 0.0032172770611110526 0.0055504293214764314 0.0042469464851439907
leaf_weight=710 224 399 251 377 1637 225 3754 634 50036 409 636 636 927 1163 90887 208 254 270 961 200 614 1512 1253 203
leaf_count=710 224 399 251 377 1637 225 3754 634 50036 409 636 636 927 1163 90887 208 254 270 961 200 614 1512 1253 203
internal_value=9.07937e-06 -0.000328402 0.000212806 -0.000420692 -0.00217072 -0.0078048 -0.000335353 0.00286364 -0.000395568 -0.000448461 0.00016075 0.00170769 0.00446164 0.000108359 0.000153475 0.00214359 0.00246326 0.0033847 -0.000987484 0.00276613 -0.00221485 0.00336135 0.00421129 -0.00113846
internal_weight=158380 59615 98765 57471 2670 624 54801 1011 53790 2046 96534 3160 1563 93374 91597 2144 2231 1777 1597 1936 1777 1712 1523 454
internal_count=158380 59615 98765 57471 2670 624 54801 1011 53790 2046 96534 3160 1563 93374 91597 2144 2231 1777 1597 1936 1777 1712 1523 454
is_linear=0
shrinkage=0.02


Tree=69
num_leaves=28
num_cat=0
split_feature=53 6 68 6 69 41 43 46 69 44 6 53 44 43 32 51 0 48 54 45 27 55 6 63 53 40 32
split_gain=26.9031 72.1618 45.5677 36.0695 27.9072 26.8128 33.0947 26.5106 23.0816 20.6298 44.9368 104.583 78.7983 26.7756 34.7659 27.6037 23.1485 53.2463 33.8128 26.1862 56.7068 24.8213 23.065 22.4745 19.9252 12.4467 9.33268
threshold=0.020765563179641202 0.017390494490453597 -0.96939355773240299 0.037879804488164193 -0.90283376319590725 0.016066272946949293 0.051227593454310501 0.03709626144380785 0.83502160492192867 -0.026640248124310536 0.014245084444605182 0.018355605291815819 -0.089159649383810533 -0.054272879783843035 -0.096272088809777487 0.37118932790584497 -0.029326788012918489 -0.022926854672786264 0.58788043065563678 0.0044644464611294701 -0.028588101767150705 0.44758944921819982 0.012695681512075003 0.31573371989295279 0.024132713091028688 0.035953688237706775 -0.012874830147400039
decision_type=10 8 10 10 8 10 10 10 10 8 8 10 10 10 8 2 8 8 10 8 8 10 10 8 10 8 10
left_child=9 8 5 7 -5 25 -7 -4 24 10 11 12 -1 14 -12 -15 17 23 -19 20 -18 -21 -13 -11 26 -3 -2
right_child=1 2 3 4 -6 6 -8 -9 -10 16 13 22 -14 15 -16 -17 19 18 -20 21 -22 -23 -24 -25 -26 -27 -28
leaf_value=-0.0068703370650419543 -0.0027063589498215498 -0.0026871181174927929 0.00092521784820500275 -0.0092033230789834494 -0.0013419276744794668 0.010828398422300562 0.00058760994183554554 -0.0048422124105649122 -0.0058654856000673744 0.0078928693351931582 0.0027712370547573811 0.011451769882303828 0.0016727782887820343 0.0038895968288839258 -0.0017862643737792956 0.00037010024641496303 -0.0007954411038700865 -0.0016150112115015656 0.0068282234531046714 0.00018847715086584414 0.00093280004766830215 -0.00039068761888034684 0.0042101029616298585 0.0017814510219653686 -0.0070494740456465985 0.0039607420287750446 0.00042016406174871904
leaf_weight=212 486 389 3274 388 3540 366 254 238 271 1060 755 429 2618 1106 3534 3532 8506 1889 247 45922 20433 56916 334 731 288 250 281
leaf_count=212 486 389 3274 388 3540 366 254 238 271 1060 755 429 2618 1106 3534 3532 8506 1889 247 45922 20433 56916 334 731 288 250 281
internal_value=4.33365e-05 -0.000959306 -0.000296322 -0.000892084 -0.0022087 0.00322063 0.00618035 0.000580131 -0.00530369 0.000111169 0.000887948 0.00277629 0.00100247 0.000127464 -0.00101119 0.00118086 3.94827e-05 0.00155244 -0.000579317 -5.60033e-06 0.000525847 -0.000155175 0.00934293 0.00409487 -0.00395644 0.000340625 -0.00226302
internal_weight=158249 10025 8699 7440 3928 1259 620 3512 1326 148224 12520 3593 2830 8927 4289 4638 135704 3927 2136 131777 28939 102838 763 1791 1055 639 767
internal_count=158249 10025 8699 7440 3928 1259 620 3512 1326 148224 12520 3593 2830 8927 4289 4638 135704 3927 2136 131777 28939 102838 763 1791 1055 639 767
is_linear=0
shrinkage=0.02


Tree=70
num_leaves=27
num_cat=0
split_feature=21 18 32 6 46 46 44 14 52 50 50 7 42 43 43 44 7 9 7 45 50 63 14 51 46 43
split_gain=27.799 30.6032 23.2037 24.362 48.7228 35.8026 21.2045 26.5149 19.7427 50.5902 37.3617 53.9671 48.174 41.6718 52.4229 33.0282 26.4683 26.2397 21.7164 36.7278 23.3449 14.8598 14.2863 13.1493 9.82317 5.61569
threshold=0.020712925550159026 82.155759998448886 0.26586613746216742 0.011105049349868208 0.0099375979449127742 0.0071574745760132038 0.095771384149618291 -0.17459246597593051 0.60896649527140501 0.0074238207632112427 -0.0053069202908053162 0.005252846616659341 -0.014223209447514261 -0.019281307973706915 -0.014492460235348335 -0.075688170239417693 0.0066867910488554857 0.89046443510038753 0.0055628897138654135 0.0118705075089792 0.058484836743913589 0.60557357914859222 0.13138652396021736 0.83442187203341567 0.0060308981152566851 0.031293367560276238
decision_type=8 10 10 10 10 10 10 10 2 10 10 8 10 10 10 8 10 10 10 10 10 8 10 2 10 10
left_child=1 2 3 4 -1 -5 24 -8 10 17 11 12 -2 16 -15 -13 -12 22 19 -11 -20 -19 -10 25 -4 -3
right_child=8 23 6 5 -6 -7 7 -9 9 18 13 15 -14 14 -16 -17 -18 21 20 -21 -22 -23 -24 -25 -26 -27
leaf_value=0.00063268452658758745 -0.0046382381104670359 0.0030847400627538758 0.0043165493121173487 -0.00070811774013960615 -0.0036462670394839377 0.00023769155719365558 -0.0026636825199366949 0.0059785071355519075 -0.0037117354260304716 0.00013652317310759981 0.0082885750853642047 -0.0018004624152708404 0.0001149050266720513 -0.0037323553057521009 0.00093841005580383842 0.00049978969190873652 0.0023998063471195631 0.0010264570527246384 -0.00073963966329123893 -0.0056877881083013861 -0.0030409728804576298 -0.0034821364992341235 -0.0079930350348335153 0.00072066268041134072 -0.0013700933494641297 0.0038151701384258429
leaf_weight=25340 1139 245 348 24606 784 46776 201 924 310 14325 209 2109 772 828 9189 8810 663 310 16034 231 1666 433 354 373 755 304
leaf_count=25340 1139 245 348 24606 784 46776 201 924 310 14325 209 2109 772 828 9189 8810 663 310 16034 231 1666 433 354 373 755 304
internal_value=-1.3908e-05 0.000186356 0.000152785 0.000106638 0.000629206 -8.4586e-05 0.00217048 0.00410124 -0.00036523 -0.000676628 7.66442e-05 -0.000654509 -0.00375418 0.000938292 0.000572769 -0.000111538 0.00512944 -0.00438778 -0.000514555 5.75668e-05 -0.000985142 -0.00179839 -0.00727519 0.00381148 0.000197464 0.00577818
internal_weight=158038 100656 99734 97506 26124 71382 2228 1125 57382 33663 23719 12830 1911 10889 10017 10919 872 1407 32256 14556 17700 743 664 922 1103 549
internal_count=158038 100656 99734 97506 26124 71382 2228 1125 57382 33663 23719 12830 1911 10889 10017 10919 872 1407 32256 14556 17700 743 664 922 1103 549
is_linear=0
shrinkage=0.02


Tree=71
num_leaves=29
num_cat=0
split_feature=0 54 48 54 49 49 75 9 49 53 30 23 42 26 48 22 10 43 53 22 66 23 51 18 30 51 52 48
split_gain=27.9483 23.603 30.342 26.4327 25.7345 27.4096 26.6951 21.7639 44.8175 35.2707 20.8234 22.9463 23.4481 19.9545 19.7792 19.0038 18.5739 17.5292 15.602 15.3805 15.3008 18.4115 12.6284 12.0065 18.6329 11.2296 9.5149 6.38923
threshold=-0.030752029086140494 0.5475143567272901 -0.069558997314310964 0.4081202386882879 0.0021142191419711858 0.013412484318238384 0.3306231872667888 -0.26552305515814395 0.0033827858473303167 0.013131585799563675 0.80994940212015898 0.037515529057833182 0.047279301649295953 0.72370367541703928 -0.0073846617464048405 -0.10017835689851633 0.24144025026346475 0.038866935596649672 0.015337658816297986 0.011815436763242928 0.95914193898418276 -0.10302738234950741 0.7851335656213706 28.220716249296114 0.68291222477909275 0.065313084626389364 0.54536046682423323 -0.021767665230918661
decision_type=8 10 8 8 10 10 8 8 10 10 10 8 10 8 8 8 10 10 8 10 8 10 2 8 10 2 2 8
left_child=1 3 23 19 6 -6 -4 8 9 -2 11 12 -9 -13 16 27 -10 -16 -17 -1 21 -12 -22 25 -25 -3 -11 -5
right_child=7 2 4 15 5 -7 -8 10 14 26 20 13 -14 -15 17 18 -18 -19 -20 -21 22 -23 -24 24 -26 -27 -28 -29
leaf_value=0.00070528425904323221 -0.0072642123804991842 0.0013605939928734326 0.0082166538999545024 0.0052311784604012626 -0.0042347586870580016 0.0059690395924585698 -0.00023145883653401592 0.00013433766956427802 0.0080002460067728626 0.0052709417140250608 0.0011841175249200486 0.00036207856086472836 -0.0011475464813155358 -0.00066478875134983167 0.00041498546559660287 -0.0058510684837869533 0.0031917016964700061 0.0034513195220031824 -0.0012142547706448972 0.0072916283897302512 -0.0031977543821793369 -0.0015474348086006759 0.00055410937237303952 0.00025952849805530948 0.0051548218075441197 -0.0058541108687500277 -0.0013766883911731926 -0.00086714712435922677
leaf_weight=368 330 259 1007 201 235 265 200 101159 288 207 1173 8970 4169 29791 1689 405 298 846 653 235 1059 2165 203 1077 268 200 204 200
leaf_count=368 330 259 1007 201 235 265 200 101159 288 207 1173 8970 4169 29791 1689 405 298 846 653 235 1059 2165 203 1077 268 200 204 200
internal_value=-2.76996e-06 0.00138823 0.00238554 -0.000309258 0.00429625 0.00047505 0.00587583 -5.3608e-05 0.00142842 -0.00298922 -9.21246e-05 -4.98161e-05 0.000103276 -0.000465869 0.00247854 -0.00176575 0.00578876 0.00171057 -0.00317092 0.00320861 -0.00141665 -0.000706199 -0.00329216 0.000575069 0.00152897 -0.00221304 0.000917476 0.00193532
internal_weight=158124 5573 3511 2062 1707 500 1207 152551 3862 741 148689 144089 105328 38761 3121 1459 586 2535 1058 603 4600 3338 1262 1804 1345 459 411 401
internal_count=158124 5573 3511 2062 1707 500 1207 152551 3862 741 148689 144089 105328 38761 3121 1459 586 2535 1058 603 4600 3338 1262 1804 1345 459 411 401
is_linear=0
shrinkage=0.02


Tree=72
num_leaves=20
num_cat=0
split_feature=32 44 14 14 32 53 72 44 46 45 1 70 27 7 53 46 46 30 14
split_gain=25.7144 32.0185 49.6409 27.6639 25.282 23.1279 69.6034 58.6907 43.6008 21.2033 19.9676 16.8323 16.7788 15.1039 9.57567 11.4773 18.6793 8.48414 8.05545
threshold=0.32248816140126663 0.10410270243662935 -0.19498572290762314 -0.3910626287351241 -0.14844999914803739 0.019811337062126514 0.87553730661533258 0.16428337884866476 0.0095149286764732444 0.018619044111080962 0.076334920375629181 -1.2417227077992512 -0.055563571757854695 0.015295290684130056 0.01264870776022289 0.0099132902068781673 0.0095149286764732444 0.6947794905713599 0.29101166270754492
decision_type=10 10 8 8 10 10 8 10 10 10 10 8 10 8 10 10 10 10 8
left_child=3 14 -3 4 9 10 8 -8 -7 -1 11 -5 -4 -12 -2 16 -16 -6 -14
right_child=1 2 12 5 17 6 7 -9 -10 -11 13 -13 18 -15 15 -17 -18 -19 -20
leaf_value=0.014079839427684464 0.0028485608187143901 -0.0072668488778177553 0.012549418865205358 -0.0014536842600810667 -0.0038332316775337274 -0.004802597525674795 0.0042649329727874061 -0.0071829716456713304 -0.00097484245202227808 0.0013752051092750604 -0.0020202042338634462 7.5586864318782647e-05 0.0017817201645991684 0.0016510242177467957 -0.00057300906755509225 0.0055046710871723284 -0.010410079894186108 0.004252988121287638 0.0089673206400419855
leaf_weight=389 286 212 364 2107 275 592 1516 219 10278 203 2737 136421 274 686 577 200 211 216 319
leaf_count=389 286 212 364 2107 275 592 1516 219 10278 203 2737 136421 274 686 577 200 211 216 319
internal_value=1.25251e-06 0.00203682 0.00442564 -3.0699e-05 0.00315314 -5.30419e-05 -0.000874028 0.00284447 -0.00146794 0.00593255 1.98518e-05 5.71577e-05 0.00636534 -0.0014889 -0.000155294 -0.00108999 -0.00217744 -0.000199187 0.00427273
internal_weight=158082 2443 1169 155639 1083 154556 12605 1735 10870 592 141951 138528 957 3423 1274 988 788 491 593
internal_count=158082 2443 1169 155639 1083 154556 12605 1735 10870 592 141951 138528 957 3423 1274 988 788 491 593
is_linear=0
shrinkage=0.02


Tree=73
num_leaves=21
num_cat=0
split_feature=70 49 17 21 6 54 41 26 69 59 43 49 18 26 48 2 5 10 6 76
split_gain=22.5716 42.2082 22.3854 20.2192 26.4189 37.6119 20.1112 16.8403 18.168 14.8207 14.3634 27.7987 18.4936 13.1226 12.1597 10.7374 10.2045 9.89008 10.0842 9.41459
threshold=-1.2417227077992512 -0.020362102766146747 -2.0499401959307448 0.1081630057790053 0.060421667068357159 0.77040259723844406 0.019448456182446176 0.54737585190691262 1.4897532789203687 0.94397445986550299 0.0064453929227689119 0.005279187230338823 60.134965568547877 0.92808391720445482 -0.0052316410905567925 0.086095446777293541 0.0059027237060835609 0.88440326441835004 0.015386194146043202 -0.59126360823090851
decision_type=8 10 2 10 10 10 10 10 10 8 10 10 10 10 10 10 10 10 10 10
left_child=1 -1 9 4 5 -4 -6 15 -9 17 11 16 13 -12 -14 -5 -3 18 -2 -19
right_child=2 10 3 7 6 -7 -8 8 -10 -11 12 -13 14 -15 -16 -17 -18 19 -20 -21
leaf_value=-0.0064276107106208081 0.003181840470450907 -0.0026701095506613875 9.2957118883841707e-05 0.00010332365523479492 0.0021088034574977999 -0.0019614883478814688 0.0082014015335072615 -0.0016003635800745887 0.00088636314901369693 -0.0060744452231443029 -0.0033790198589485278 -0.0069888991480452382 0.0036783684903400598 0.00089900491863218889 5.2860577662481216e-05 0.0061547914556490425 0.0012104080984034549 0.00060107628901670074 -0.0013965106840663367 0.0046759050233182468
leaf_weight=378 280 226 141734 653 402 2998 385 5819 1805 219 325 205 367 236 394 258 375 209 304 824
leaf_count=378 280 226 141734 653 402 2998 385 5819 1805 219 325 205 367 236 394 258 375 209 304 824
internal_value=1.66544e-05 -0.00186598 4.69431e-05 2.07588e-05 7.62644e-05 5.63659e-05 0.00372843 -0.000925258 -0.00123252 0.0022417 -0.000769375 -0.00287237 0.000512472 -0.00223843 0.00254331 0.00164254 -0.000694352 0.00290358 0.000817094 0.0040793
internal_weight=158396 2506 155890 154054 145519 144732 787 8535 7624 1836 2128 806 1322 561 761 911 601 1617 584 1033
internal_count=158396 2506 155890 154054 145519 144732 787 8535 7624 1836 2128 806 1322 561 761 911 601 1617 584 1033
is_linear=0
shrinkage=0.02


Tree=74
num_leaves=17
num_cat=0
split_feature=19 50 44 46 46 10 43 43 52 6 50 38 2 9 63 33
split_gain=21.4082 40.4212 33.3526 21.6272 34.6232 23.0616 20.6574 31.8038 22.5998 20.5091 20.0014 19.4888 19.5585 18.1253 29.7505 16.9264
threshold=1.9330776415161919 0.092433492158557021 0.059948603276570929 0.009711183688914788 0.010908310460334756 1.0640456446327973 0.0026594889047025787 0.0034876241680122937 0.31451246134255056 0.070717915228013475 0.055229490138811184 1.6292706313043768 -0.095151971409657851 -0.44381680235841231 0.83894759236933558 0.15267833383724788
decision_type=10 10 8 10 10 8 10 10 2 10 10 10 10 8 8 10
left_child=9 2 6 5 -5 -4 8 -8 -2 11 -11 13 -13 14 -1 -15
right_child=1 -3 3 4 -6 -7 7 -9 -10 10 -12 12 -14 15 -16 -17
leaf_value=0.002333959254444508 -0.0040075314827574286 -0.0070172786502986978 0.0022431490868104649 -0.0067713419688118616 0.001112758711334784 -0.00028388475634814252 -0.0068923631658723032 -0.0013806957996003913 0.0012268970078056233 0.0028407807722227079 0.012118737377365907 0.0011868153037998953 -0.0043966012589457537 7.3407589729668972e-05 -0.0026916426249933129 -0.00068228846172043226
leaf_weight=2070 211 247 2198 510 753 1865 232 5879 1640 334 200 222 333 131404 308 10047
leaf_count=2070 211 247 2198 510 753 1865 232 5879 1640 334 200 222 333 131404 308 10047
internal_value=-2.08136e-05 -0.000781472 -0.000631951 0.000592829 -0.00169146 0.00130364 -0.00145146 -0.00201211 0.000398488 5.02212e-05 0.00395888 3.57239e-05 -0.00370144 5.01842e-05 0.00178142 2.10531e-05
internal_weight=158453 13535 13288 5326 1263 4063 7962 6111 1851 144918 534 144384 555 143829 2378 141451
internal_count=158453 13535 13288 5326 1263 4063 7962 6111 1851 144918 534 144384 555 143829 2378 141451
is_linear=0
shrinkage=0.02


Tree=75
num_leaves=26
num_cat=0
split_feature=32 44 69 53 6 6 53 5 44 5 53 53 5 48 57 46 46 49 57 9 44 35 63 44 46
split_gain=23.3677 37.1081 49.6964 76.492 43.0914 42.2703 38.2169 89.0049 36.3808 35.9832 28.7864 26.0124 24.0424 23.9848 25.1225 19.1708 17.2674 21.3567 15.9759 15.3609 12.0642 11.0657 9.27975 8.4997 4.55819
threshold=0.21128816567500777 0.12547988852472428 -0.62319758415763871 0.020054294547259193 0.01094027435806713 0.060421667068357159 0.020765563179641202 0.021879524843454675 0.1062109515439026 0.042593097406731416 0.017095734464677947 0.020587867958909118 0.010332200576981488 -0.15381370080476323 0.11664866810655149 0.014470213994981699 0.0090394282231521846 -0.0032894117568668109 0.55220635950681396 1.6555602825110225 0.079481888276002569 -0.050912996389621691 0.54188164728632437 0.18808128120253378 0.010530154308459582
decision_type=10 10 8 10 8 10 10 10 10 10 10 10 10 10 8 10 10 10 8 10 10 10 10 10 10
left_child=1 5 3 10 -4 6 11 -8 16 12 -3 -1 -10 -7 -15 -6 19 24 -14 21 -19 -2 -21 -5 -18
right_child=8 2 4 23 15 13 7 -9 9 -11 -12 -13 18 14 -16 -17 17 20 -20 22 -22 -23 -24 -25 -26
leaf_value=2.2305573241173104e-05 0.0049361270057700028 0.0037014875842126061 -0.0053973447490090814 -0.013775106860685291 -0.00081952500457405238 0.0008995269525554528 -0.0036016642142131399 -8.2985809686188237e-06 -0.0017634950897882056 -0.0075641695010115629 -0.0034897665324805237 0.0038570286925866584 0.0015691070079399949 0.017249548127557194 0.0029976767261929854 0.001634219043959176 0.00090259995535933203 -0.0015178158794570428 0.0055816088656512695 0.00059879951030750839 -0.0066418478560768381 0.0011915988374595523 -0.0027056608542544796 -0.008455402385402145 0.0042213935705338245
leaf_weight=136667 303 239 259 235 2033 365 2130 5068 290 215 659 676 891 252 306 1284 249 644 1622 644 521 1901 395 208 216
leaf_count=136667 303 239 259 235 2033 365 2130 5068 290 215 659 676 891 252 306 1284 249 644 1622 644 521 1901 395 208 216
internal_value=-4.28374e-06 -5.99673e-05 -0.00176861 -0.00505067 -0.000536204 -2.18609e-06 -2.94586e-05 -0.00144992 0.00105651 0.00278172 -0.00168854 4.49819e-05 0.0033873 0.0042619 0.00686583 7.77577e-05 -1.18999e-05 -0.00169099 0.00401671 0.000831689 -0.00313722 0.00177687 -0.00117115 -0.0118423 0.00192704
internal_weight=158272 150381 4917 1341 3576 145464 144541 7198 7891 3018 898 137343 2803 923 558 3317 4873 1630 2513 3243 1165 2204 1039 443 465
internal_count=158272 150381 4917 1341 3576 145464 144541 7198 7891 3018 898 137343 2803 923 558 3317 4873 1630 2513 3243 1165 2204 1039 443 465
is_linear=0
shrinkage=0.02


Tree=76
num_leaves=24
num_cat=0
split_feature=57 23 32 46 7 45 6 41 59 45 53 6 28 73 17 42 78 45 54 48 36 68 20
split_gain=19.2439 20.6432 21.6088 21.5891 59.0846 40.5216 22.522 66.3752 25.6653 17.9561 41.3743 19.1033 16.8137 13.9032 12.8999 12.3189 11.1965 10.0514 9.49406 7.62893 8.83918 11.1496 6.36338
threshold=0.97080288796103009 0.081577488311510252 -0.41652676295783864 0.034948848981301156 0.012798435258363265 0.022730855217487033 0.018709703744029294 0.047384893400697077 0.15822142912162687 0.0058209042163207452 0.013206960619416954 0.010507742822452985 -0.060919959423314012 0.31699864177626624 -0.086739032092460408 0.0084056238069047957 0.69037085691490019 0.010189167900724475 0.4390408582723363 -0.034810343882954835 0.19472988765673507 0.58690138337820363 -0.0023098765551499141
decision_type=10 10 8 10 10 10 10 10 10 10 10 8 10 10 2 10 10 10 10 10 10 10 10
left_child=1 3 -3 6 12 -6 7 -1 -8 10 -4 -11 -5 19 18 16 -16 -17 -15 -2 21 -21 -20
right_child=13 2 9 4 5 -7 8 -9 -10 11 -12 -13 -14 14 15 17 -18 -19 22 20 -22 -23 -24
leaf_value=-5.7578482387079178e-05 0.0054812394088281534 0.0054342927829261565 -0.0019105802177757478 -0.0025384900200921458 0.0027696575060821098 -0.0020350811532858664 0.0054809370932757152 -0.0045265688506360173 0.00052339961957469214 -0.0037208114904306844 0.0021259599092107069 -0.001170367985087661 -0.0068564078817279573 -0.0073588010324883157 0.0020640226802124792 0.0012986119328001354 0.0063738334929252195 -0.0037059016985244685 0.0026650479852613805 0.00031663552504468487 -0.00075319093239149403 0.005818055187454341 -0.0018379176665684555
leaf_weight=106898 343 323 1511 271 794 1436 323 545 30184 456 1851 8744 279 202 743 967 377 315 228 264 336 417 282
leaf_count=106898 343 323 1511 271 794 1436 323 545 30184 456 1851 8744 279 202 743 967 377 315 228 264 336 417 282
internal_value=-4.18622e-05 -7.9536e-05 -0.000845724 -9.36539e-06 -0.00175405 -0.0003039 2.57918e-05 -0.000110364 0.000505376 -0.000977314 0.000272971 -0.00143441 -0.00761887 0.00125095 0.000513002 0.00121432 0.00274576 -0.000123149 -0.00184853 0.00293755 0.0020609 0.0033695 -0.000387476
internal_weight=158089 153615 12885 140730 2780 2230 137950 107443 30507 12562 3362 9200 550 4474 3114 2402 1120 1282 712 1360 1017 681 510
internal_count=158089 153615 12885 140730 2780 2230 137950 107443 30507 12562 3362 9200 550 4474 3114 2402 1120 1282 712 1360 1017 681 510
is_linear=0
shrinkage=0.02


Tree=77
num_leaves=23
num_cat=0
split_feature=32 44 14 40 28 53 6 44 63 0 44 33 50 45 46 34 42 53 14 72 41 6
split_gain=19.1323 34.0021 50.6247 25.578 19.2126 44.8586 63.6426 39.9994 39.7255 33.0466 31.3211 30.9371 26.8929 19.5059 38.9432 27.126 16.498 15.478 15.1532 10.1555 11.7833 6.28608
threshold=0.26586613746216742 0.10410270243662935 -0.22074147548304754 0.00086139186639428995 -0.20954908619827875 0.020765563179641202 0.017309315387522856 -0.12918327945539967 0.74631572415688263 -0.0011139599170588708 -0.026640248124310536 -1.0000000180025095e-35 0.071921925095346353 0.017937732423117535 0.011667000111237062 0.021142159949618246 0.03108295675117401 0.014833287004906749 0.078678989061327101 0.14287104566711675 -0.0077898402991778961 0.029867428298330903
decision_type=10 10 8 10 8 10 8 8 10 10 8 8 10 10 10 10 10 10 10 10 10 10
left_child=4 16 -3 17 12 7 11 8 -6 -8 -9 -7 13 14 -1 -15 19 -4 -5 21 -21 -2
right_child=1 2 3 18 5 6 9 10 -10 -11 -12 -13 -14 15 -16 -17 -18 -19 -20 20 -22 -23
leaf_value=0.00018862693480885126 0.0034427367403381893 -0.0070804487945623088 -0.00074558861581911276 0.0044182226538346126 -0.00039167068397375626 -0.00081100810188730068 0.0010023003548067914 0.00094216689087065169 -0.0086837838746103742 -0.00143981942211185 -0.00011736861663801886 -0.0046597493503181212 0.0067894317937865446 -0.0024182301047915998 0.0054207211135545294 0.0012671596934730803 -0.0055735076546577621 0.004703299517429007 0.014179997658748006 -0.0055823262137005671 0.00081785394400358277 -0.0016043193660206861
leaf_weight=3118 520 246 321 227 298 397 1828 10369 201 3446 129149 870 317 1246 1544 1029 317 839 251 361 903 200
leaf_count=3118 520 246 321 227 298 397 1828 10369 201 3446 129149 870 317 1246 1544 1029 317 839 251 361 903 200
internal_value=-5.88488e-05 0.0012752 0.00326684 0.00453813 -9.51675e-05 -0.000144911 -0.00176368 -6.92625e-05 -0.005716 -0.000795829 -4.90112e-05 -0.00578707 0.000909442 0.000648314 0.00138923 -0.000869069 -0.000355343 0.00292679 0.00843006 0.000321411 -0.000757312 0.00221637
internal_weight=157997 4185 1884 1638 153812 146558 6541 140017 499 5274 139518 1267 7254 6937 4662 2275 2301 1160 478 1984 1264 720
internal_count=157997 4185 1884 1638 153812 146558 6541 140017 499 5274 139518 1267 7254 6937 4662 2275 2301 1160 478 1984 1264 720
is_linear=0
shrinkage=0.02


Tree=78
num_leaves=22
num_cat=0
split_feature=32 44 14 6 46 46 7 31 47 56 28 0 41 41 66 66 77 24 51 52 7
split_gain=22.5234 30.5342 47.1218 19.7925 34.5635 22.7019 36.2909 21.5906 20.486 20.0032 17.7413 16.6703 22.2142 16.9224 8.76762 14.2779 8.68917 8.02404 4.75436 4.6667 3.68498
threshold=0.32248816140126663 0.10410270243662935 -0.22074147548304754 0.060421667068357159 0.034133762393146715 0.034948848981301156 0.012798435258363265 -0.066530294600128978 -0.15327845528716069 0.15628345824411136 -0.055726520928420169 -0.034281958134547423 -0.0058159408787190605 0.049669818797121963 0.45141044586878398 0.12512626262626267 -1.0593814175052305 -0.57733076347097578 0.66350283743184602 0.71369044544311866 0.010090275303785649
decision_type=10 10 10 10 10 10 8 10 10 10 10 10 8 10 10 10 8 10 2 2 10
left_child=3 14 -3 5 -5 11 7 -7 -6 -10 -4 12 -1 -13 15 20 -8 -12 -16 -17 -2
right_child=1 2 10 4 8 6 16 -9 9 -11 17 13 -14 -15 18 19 -18 -19 -20 -21 -22
leaf_value=0.0029769126210945226 -0.0034734410078598715 -0.0066299267950746541 0.0097805854445579508 -0.0046806597694267682 0.0024178720877230603 -0.00077126860918867669 0.0016244264408963351 -0.0047397369834430002 0.012312919235179179 0.0030275536179696161 0.0074485704970929179 -2.5592740156980266e-05 -0.00070502115224204396 -0.00217129911470401 -0.00053332264267519195 0.010770134878916759 -0.00094674601923383235 0.0024250076600268494 -0.0090057353487395207 0.0016474135800688709 0.00033044716590247339
leaf_weight=2267 205 204 395 275 344 264 213 394 220 222 201 147019 1514 908 214 200 1848 370 201 205 208
leaf_count=2267 205 204 395 275 344 264 213 394 220 222 201 147019 1514 908 214 200 1848 370 201 205 208
internal_value=-1.14002e-07 0.00192097 0.00423399 -2.98285e-05 0.00269115 -4.85534e-05 -0.00185956 -0.00594537 0.00482592 0.00767043 0.00607859 -1.60702e-05 0.00129508 -4.96052e-05 -0.000273906 0.000925519 -0.000551891 0.00380769 -0.00263942 0.00359113 -0.00168599
internal_weight=157891 2403 1170 155488 1061 154427 2719 658 786 442 966 151708 3781 147927 1233 818 2061 571 415 405 413
internal_count=157891 2403 1170 155488 1061 154427 2719 658 786 442 966 151708 3781 147927 1233 818 2061 571 415 405 413
is_linear=0
shrinkage=0.02


Tree=79
num_leaves=27
num_cat=0
split_feature=21 70 44 50 14 53 42 43 46 45 45 7 10 42 43 14 52 7 53 10 9 47 25 17 52 10
split_gain=17.2506 22.2738 25.5497 29.0208 26.6276 25.7697 19.5737 25.4526 20.0087 17.6699 16.3965 35.4683 22.2213 22.1401 18.4969 51.1813 29.7658 23.3876 77.3203 32.0453 17.0102 16.1683 13.5055 8.75162 11.8997 11.675
threshold=0.080376523679738368 -0.4908599468503882 0.081187245259363064 0.017309401835048813 -0.13953538867222884 0.012947251127851998 -0.019649725780291668 -0.037727028266112954 0.0071743218066912407 0.012884260244514749 0.003420358906767959 0.0068059562730219446 1.9142397747830204 0.0021009068289035153 0.052023794148548304 -0.11221417455768788 0.85743321718931476 0.012061925515265947 0.024132713091028688 1.5849861815858806 1.1766073949134566 -0.00012105339788065493 -0.44330977541306987 -0.049592006318127511 0.69126724763979674 0.90485376835106435
decision_type=10 10 10 10 8 10 10 10 8 10 8 10 8 10 10 8 2 10 10 10 10 8 8 2 2 10
left_child=10 6 5 -4 -5 22 9 -8 -9 -2 11 12 13 -1 17 20 -17 18 -12 -19 -16 -7 -3 25 -25 -13
right_child=1 2 3 4 -6 21 7 8 -10 -11 14 23 -14 -15 15 16 -18 19 -20 -21 -22 -23 -24 24 -26 -27
leaf_value=-0.00057430080352546635 -0.0021768073724989993 0.00060971343832570744 0.0051420786891665819 -0.011210669944210539 -0.0024658319122016254 0.00017621161315639942 0.005376728183426157 0.0011240776761740096 -0.0025306646451824779 -0.0060115839521386969 -0.00018452712460770526 0.00027313514266558825 0.0066311009609707847 0.0016849047075306284 -0.00016681350967610802 0.00045742358110281738 0.0026070156850743586 8.8573344485087381e-05 -0.0050544267746370462 0.0030743845825008508 -0.0040117385169045026 0.0023832529451280914 -0.0024900257529576141 -0.0032137784112396227 0.0013790430197034656 -0.0032072849015335743
leaf_weight=1336 369 631 222 263 2220 6156 205 379 1172 355 95983 468 202 4209 931 7332 3236 19948 635 5107 1085 1855 1570 361 931 905
leaf_count=1336 369 631 222 263 2220 6156 205 379 1172 355 95983 468 202 4209 931 7332 3236 19948 635 5107 1085 1855 1570 361 931 905
internal_value=-4.57907e-05 -0.000681777 -0.000348196 -0.00207613 -0.00269646 0.000109468 -0.00241757 -0.00127376 -0.00215077 -0.00518345 2.28359e-05 0.000879353 0.00176374 0.00152506 -3.08213e-05 0.000699086 0.00125632 -0.000106333 -0.00024755 0.000438139 -0.00222013 0.000636296 -0.00180654 -0.00102701 0.000153132 -0.00213828
internal_weight=158066 15397 12917 2705 2483 10212 2480 1756 1551 724 142669 8412 5747 5545 134257 12584 10568 121673 96618 25055 2016 8011 2201 2665 1292 1373
internal_count=158066 15397 12917 2705 2483 10212 2480 1756 1551 724 142669 8412 5747 5545 134257 12584 10568 121673 96618 25055 2016 8011 2201 2665 1292 1373
is_linear=0
shrinkage=0.02


Tree=80
num_leaves=26
num_cat=0
split_feature=32 44 14 44 69 53 53 10 14 38 72 69 63 50 69 53 25 78 36 42 42 47 49 47 25
split_gain=18.8253 49.2984 55.297 32.1866 44.4596 68.2326 53.6724 56.5824 43.5993 48.1512 40.1829 28.2541 27.9578 27.7675 81.63 25.5214 16.1331 15.2325 14.1096 12.6147 13.81 10.5946 18.7786 12.3857 10.5384
threshold=0.21128816567500777 0.10184831294004694 -0.22074147548304754 0.12547988852472428 -0.23263350906474303 0.020054294547259193 0.020474418579577658 0.66680649921082258 -0.35275334335723491 0.78974514699402976 0.21671925618038043 -0.66441883798954871 0.31969845845808736 0.071921925095346353 -0.27473767536319588 0.014833287004906749 -0.3366201973541641 2.0431398716923481 -0.02975888927431394 0.031861074997023626 0.041176270621940299 -0.011692517980685655 -0.015757327943683449 -0.0082937591925366632 -0.30052149853187277
decision_type=10 10 8 10 8 10 10 8 8 10 10 10 10 10 10 10 10 10 8 10 10 10 10 10 8
left_child=3 19 -3 8 5 10 7 -6 9 -1 -5 -7 16 17 -15 -14 -4 -10 -8 21 -21 22 -2 -23 -11
right_child=1 2 12 4 6 11 18 -9 13 24 -12 -13 15 14 -16 -17 -18 -19 -20 20 -22 23 -24 -25 -26
leaf_value=0.014412587906210837 0.0025111301609998696 -0.006605235023165624 0.0058174951506948305 -0.0033681857745253975 -0.0057054721580558666 -0.011913525545777409 0.0017763417077878941 0.00052078177673081259 3.7159244779084461e-05 -0.003407368063943682 0.0024777449233434191 -0.0026716707831252952 -0.00052983506592840085 0.0028809350452327688 -0.0049415541968664666 0.0040202556971859491 0.013087650867581277 -0.0010391381577452808 0.0048405435013412178 -0.0073937922622903801 -4.6657146668814921e-05 0.0065327727412293028 -0.0022706781700477341 0.00066467546671193081 0.0033711603199217035
leaf_weight=359 557 321 277 961 502 420 438 1268 140056 256 608 404 557 352 682 1593 324 3179 343 249 300 207 1424 1989 795
leaf_count=359 557 321 277 961 502 420 438 1268 140056 256 608 404 557 352 682 1593 324 3179 343 249 300 207 1424 1989 795
internal_value=1.09707e-05 0.000969099 0.0029411 -3.8626e-05 -0.00162548 -0.00358312 0.000210815 -0.00171542 1.52252e-05 0.00351382 -0.00113248 -0.00824 0.00385828 -1.89783e-05 -0.00328309 0.00278847 0.0076711 4.59382e-06 0.00457545 -0.000312672 -0.00316 6.1752e-05 -0.000997982 0.00101866 0.00134791
internal_weight=158421 7798 3072 150623 4944 2393 2551 1770 145679 1410 1569 824 2751 144269 1034 2150 601 143235 781 4726 549 4177 1981 2196 1051
internal_count=158421 7798 3072 150623 4944 2393 2551 1770 145679 1410 1569 824 2751 144269 1034 2150 601 143235 781 4726 549 4177 1981 2196 1051
is_linear=0
shrinkage=0.02


Tree=81
num_leaves=31
num_cat=0
split_feature=21 51 49 2 42 46 67 51 31 54 6 71 60 69 26 45 14 45 44 52 43 54 72 42 4 20 24 29 64 52
split_gain=24.812 26.5175 26.0503 27.1736 31.8598 26.9487 24.5759 24.3048 26.6161 23.2376 34.0401 21.8025 21.0204 20.9837 20.6796 21.2026 20.5566 19.0488 43.4095 32.7192 49.1645 34.6135 24.7086 23.1352 16.521 17.479 12.762 11.0572 12.8791 8.9316
threshold=0.02600941157268916 0.72080650082043596 0.015048344705518081 0.015021972168652644 0.012906257829893632 0.0060454731887708375 -0.71618683826453478 0.73595283317505544 0.041625300187811749 0.50677750181740266 0.0085078298297760757 0.29417005809270536 0.28786263487756031 -1.1481832426537373 0.58029915583213698 0.0054897545019691211 -0.13540213529810349 0.0044010251167310123 0.083204900209581836 0.60896649527140501 -0.0065996135389039248 0.57574027341050227 0.17955399487440488 0.013757874189341381 -0.010965542544022542 0.0043782364988158582 -1.4918647648289431 6.4400187930501227 0.34054061635126043 0.7760089615348208
decision_type=8 2 10 10 10 10 10 2 10 10 8 10 8 8 8 10 10 8 10 2 10 8 8 10 8 10 10 8 10 2
left_child=1 2 3 4 -1 -5 16 8 12 13 -11 -8 -3 -9 15 27 -4 18 23 21 -21 -19 -20 -16 25 -17 -26 29 -29 -2
right_child=14 7 6 5 -6 -7 11 9 -10 10 -12 -13 -14 -15 17 24 -18 19 22 20 -22 -23 -24 -25 26 -27 -28 28 -30 -31
leaf_value=9.9192729870814579e-05 -0.0004091138278891811 0.0055544310916947493 0.00048156826838007297 0.00047927057938054567 0.0017107759929055333 -0.001467060060883939 -0.00078218234452691511 -0.0017082933728949617 0.0086135284533107419 -0.0039999216426689762 7.1350378329249073e-05 0.0026317173204472911 -5.9416007412821281e-05 0.0011242325611294645 0.00020763554458687279 0.002678683605338383 -0.0037979730893148841 0.00075372833720355366 0.00057842151996693601 -0.0055272152663895235 -0.00089203829423365442 -0.00094448256563799528 -0.005598892733607066 0.0023708676454709701 0.0038400062031082745 -0.003552971646863671 0.0013036177825471119 -0.00083227405002476898 -0.0047469516656970922 0.0046112699665004355
leaf_weight=51048 782 372 497 4964 5450 8087 4114 1504 337 309 12564 993 749 13317 4476 261 1671 10008 370 663 20020 8864 533 1632 729 378 2030 495 288 242
leaf_count=51048 782 372 497 4964 5450 8087 4114 1504 337 309 12564 993 749 13317 4476 261 1671 10008 370 663 20020 8864 533 1632 729 378 2030 495 288 242
internal_value=-2.62317e-05 0.00014907 -4.57924e-05 7.32998e-05 0.000263332 -0.000749157 -0.00118444 0.000662642 0.00317889 0.000529987 -9.15023e-05 -0.00042639 0.00169162 0.0010699 -0.000385112 0.000810219 -0.00296819 -0.000518779 0.000441814 -0.000689099 -0.00123854 -8.67907e-05 -0.00364823 0.00104731 0.0017411 -0.00115313 0.00241232 -0.000939159 -0.00272704 0.000427317
internal_weight=157747 105976 76824 69549 56498 13051 7275 29152 1458 27694 12873 5107 1121 14821 51771 5205 2168 46566 7011 39555 20683 18872 903 6108 3398 639 2759 1807 783 1024
internal_count=157747 105976 76824 69549 56498 13051 7275 29152 1458 27694 12873 5107 1121 14821 51771 5205 2168 46566 7011 39555 20683 18872 903 6108 3398 639 2759 1807 783 1024
is_linear=0
shrinkage=0.02


Tree=82
num_leaves=21
num_cat=0
split_feature=19 41 45 9 50 54 53 45 17 46 38 34 28 44 7 8 71 38 65 0
split_gain=21.4787 40.1998 41.5887 41.8814 19.4738 17.3239 16.119 14.5648 14.2333 23.6876 17.1215 20.2783 16.5487 12.5331 12.4014 11.2148 11.0104 10.7662 10.0139 5.87618
threshold=1.9330776415161919 0.029684613245387185 0.011930572666758116 0.92341506031300491 0.11198429954846724 0.30586733763038582 0.010900370658205363 0.0042397239418392203 -2.0499401959307448 0.0067549900937260024 1.6292706313043768 0.019136776657448108 -0.26959219551997288 0.048801836542329731 0.0058387872849672015 0.015483520486635398 -0.0084511833015104999 0.85670054895162595 0.84378169371196765 0.016438479899784312
decision_type=8 10 10 10 10 8 8 10 2 10 10 10 8 8 8 8 8 8 8 10
left_child=4 5 3 14 8 7 18 17 9 -1 12 -12 -10 -8 -3 -4 -11 -2 -7 -5
right_child=1 2 15 19 -6 6 13 -9 10 16 11 -13 -14 -15 -16 -17 -18 -19 -20 -21
leaf_value=-0.0031508480001077354 0.0037257906207264434 8.0538133962592748e-05 -0.0074319827410449704 -0.004442380209231535 0.0053949899459453032 7.5343839951746706e-05 -0.0011918056399851861 0.0046260856871208249 0.0016793898439636788 0.0032479337711376335 -0.0040952717775714371 0.00082494222433125903 7.110119517444308e-06 -0.00010772525329646093 0.0040952430663383976 -0.0051994166636556609 0.0014071028087269519 -0.0017624084971186182 0.0047421194737297667 -0.0030951264954234953
leaf_weight=339 240 282 241 296 218 221 5479 242 3144 780 327 208 137371 6919 209 340 754 296 209 206
leaf_count=339 240 282 241 296 218 221 5479 242 3144 780 327 208 137371 6919 209 340 754 296 209 206
internal_value=-1.70412e-05 -0.000732363 -0.00375746 -0.00126559 5.88087e-05 -0.000382009 -0.000557955 0.00251348 4.96628e-05 0.00178122 2.66428e-05 -0.00354104 4.02659e-05 -0.000690217 0.00288211 -0.00800344 0.00283909 0.000666667 0.00324362 -0.00532406
internal_weight=158321 15180 1574 993 143141 13606 12828 778 142923 1873 141050 535 140515 12398 491 581 1534 536 430 502
internal_count=158321 15180 1574 993 143141 13606 12828 778 142923 1873 141050 535 140515 12398 491 581 1534 536 430 502
is_linear=0
shrinkage=0.02


Tree=83
num_leaves=28
num_cat=0
split_feature=67 71 52 50 41 69 40 43 50 31 6 53 45 41 19 0 41 53 32 50 18 47 14 19 69 53 59
split_gain=20.9274 23.2657 22.3022 37.8177 34.9855 21.8507 20.6428 22.023 32.1045 18.0924 17.894 36.7391 64.8753 39.1157 36.6212 23.7612 28.7428 34.3404 23.5094 23.3455 18.0243 17.8636 16.446 15.6873 13.3691 13.2523 12.927
threshold=0.86980700213986195 -0.70887345770030541 0.59420748486516251 0.0074238207632112427 -0.008034953065074733 -0.87595740040993697 0.0006611505166805305 -0.057004896860813108 -0.029380536905729056 0.012306383457076466 0.010564865839180345 0.016751997380925188 0.0118705075089792 0.0077662708702387348 -2.0748976612939587 -0.026917332432280557 -0.0047271118182508056 0.013407961822751438 0.32248816140126663 0.05154140508411665 79.500894824312141 -0.0064681651703525902 -0.075918350218779559 1.1743936260555092 -0.12412475664078047 0.01318948571032973 0.026289207868155241
decision_type=10 10 2 10 10 10 10 10 8 10 10 10 10 10 8 10 10 10 10 10 10 10 10 10 8 10 10
left_child=10 6 4 23 25 -5 7 -2 -9 -6 11 12 14 26 -1 16 17 -12 20 -18 -17 -14 -20 -4 -15 -3 -13
right_child=1 2 3 5 9 -7 -8 8 -10 -11 15 13 21 24 -16 18 19 -19 22 -21 -22 -23 -24 -25 -26 -27 -28
leaf_value=-0.0024283777826904296 0.0026035447741110614 -0.0028991202927450906 -0.0011603729409353073 -0.0034202191320709154 0.0026693165932568752 -0.00017878086626730335 -0.0059627380689127388 -0.0053932086145303563 -0.00092177191024123443 -0.0020702560424310048 0.005496291284463886 0.0032835471239484222 -0.0030759076725693198 -0.0022296547175444503 0.00049470813837566158 -0.00019599406505995038 -0.00089636558580605263 0.0011337729867642386 -0.003192586374533072 0.0041945527046605207 0.0011331341942740006 -0.0063356040030051143 0.0042251857710648216 -0.0076963264111188654 0.003601485942870142 -8.2673933719533399e-05 0.0069631284153935666
leaf_weight=1120 273 1009 257 1511 3417 10780 205 314 2643 439 1020 208 245 218 28536 92769 2343 2786 235 203 3005 231 1223 371 260 2080 347
leaf_count=1120 273 1009 257 1511 3417 10780 205 314 2643 439 1020 208 245 218 28536 92769 2343 2786 235 203 3005 231 1223 371 260 2080 347
internal_value=-2.75737e-05 -0.00058103 -0.000318047 -0.000809443 0.000595739 -0.000564432 -0.0021007 -0.00170783 -0.00221028 0.00186622 6.81113e-05 0.000488289 0.000361 0.00419536 0.00047874 -5.82903e-05 0.00112671 0.00222695 -0.000135736 -0.000517472 -0.000174137 -0.00695597 0.00238382 -0.005593 0 -0.000989644 0.00780216
internal_weight=158048 23299 19864 12919 6945 12291 3435 3230 2957 3856 134749 31165 30132 1033 29656 103584 6352 3806 97232 2546 95774 476 1458 628 478 3089 555
internal_count=158048 23299 19864 12919 6945 12291 3435 3230 2957 3856 134749 31165 30132 1033 29656 103584 6352 3806 97232 2546 95774 476 1458 628 478 3089 555
is_linear=0
shrinkage=0.02


Tree=84
num_leaves=19
num_cat=0
split_feature=32 14 44 6 46 7 46 17 46 50 45 0 20 6 52 46 37 34
split_gain=23.8556 23.9516 40.4222 18.8946 33.8104 29.072 21.344 18.4748 33.6405 18.2937 18.0478 14.5684 12.2839 10.1305 11.3379 7.02836 6.21 5.82487
threshold=0.32248816140126663 -0.25424008393302394 0.10410270243662935 0.060421667068357159 0.034948848981301156 0.010490873082355426 0.034133762393146715 -2.0499401959307448 0.0067549900937260024 0.071921925095346353 0.0044644464611294701 -0.010043067301396312 -0.031017387834664286 0.03347549212562196 0.72244714349977512 0.00601187479423797 0.095440143376962785 0.00094876779723905862
decision_type=10 10 10 10 10 8 10 2 10 10 8 10 10 10 2 10 10 10
left_child=3 -2 13 4 7 -6 -5 8 -1 16 -9 -7 -4 15 -15 -3 -8 -14
right_child=1 2 12 6 5 11 9 10 -10 -11 -12 -13 17 14 -16 -17 -18 -19
leaf_value=-0.0033614532984009866 -0.0071880221508327635 0.0059575466183469372 0.012348290546740057 -0.0037018413932051603 -0.0048253757298426948 0.00045948770305793849 0.0071504541698304341 0.00037973811213230595 0.0031619425483466186 0.008088901433329904 -0.00012516611383608434 -0.0019506435028787226 0.0020629931480033448 0.0017212887394773895 -0.010854669457379109 0.00078835636724348089 0.00073103554615349786 0.007434200796263132
leaf_weight=311 209 200 202 274 368 660 202 29200 1413 280 120953 1750 341 244 200 553 303 422
leaf_count=311 209 200 202 274 368 660 202 29200 1413 280 120953 1750 341 244 200 553 303 422
internal_value=-9.98191e-06 0.00198061 0.00260656 -4.03172e-05 -5.85687e-05 -0.00224469 0.00262075 -1.85544e-05 0.00203942 0.00429771 -4.221e-05 -0.00144255 0.0056501 0.000148581 -0.0022427 0.00156233 0.00201186 0.00447382
internal_weight=158085 2371 2162 155714 154655 2778 1059 151877 1724 785 150153 2410 965 1197 444 753 505 763
internal_count=158085 2371 2162 155714 154655 2778 1059 151877 1724 785 150153 2410 965 1197 444 753 505 763
is_linear=0
shrinkage=0.02


Tree=85
num_leaves=24
num_cat=0
split_feature=9 63 57 37 4 48 38 14 45 41 54 45 38 9 66 36 54 20 44 42 66 6 24
split_gain=21.5198 25.256 22.7989 22.5625 18.211 53.9295 79.0171 50.4315 38.0339 36.7471 34.9495 33.5252 32.176 43.0919 26.1101 18.8229 20.6362 17.298 11.9056 11.7439 13.0293 10.5919 8.23316
threshold=-0.34212968508068548 0.83894759236933558 0.51237118661361103 -0.52466080237925705 -0.065904585637425281 -0.10872575593379601 1.1892563091102697 -0.32459048273431573 0.020798456146339465 0.049669818797121963 0.64823041171303808 0.0044089297127562063 1.3107627894768403 1.3960840077077514 0.76415252148189905 -0.22243012356279873 0.35812371403689752 -0.0074014282492929065 0.067351241327204617 0.01729465817500642 0.87006202857204618 0.021321769165451573 -0.4672152558603499
decision_type=8 8 10 10 8 8 8 8 10 10 10 10 10 10 10 10 10 10 10 10 10 10 10
left_child=1 3 -3 19 11 6 8 10 -6 -9 -7 15 13 -13 -8 21 -17 -14 -5 20 -1 -2 -21
right_child=4 2 -4 18 5 7 14 9 -10 -11 -12 12 17 -15 -16 16 -18 -19 -20 22 -22 -23 -24
leaf_value=0.0015304911520565953 -0.011672514113176907 -0.0056866738441535827 0.00042578645093293037 0.0027349140367652564 -0.0061372358887768156 -0.0011389119602457788 0.0041442484210330414 -5.0597681554270801e-05 -0.00014564134552734221 -0.00432402586010647 -0.012016958549533508 0.00038021529880070682 0.00029318065607581085 0.0031262406854897428 -0.0019626010446110722 0.003135196288312153 -0.0026876514153270125 -0.002060809192958828 0.0085398249484977921 0.0016431723105406566 -0.0016653266843818699 -0.0032574984402179543 0.0047071274480399395
leaf_weight=1063 253 211 384 215 914 234 515 125827 296 504 246 13458 2215 5673 316 485 1400 1953 212 337 514 273 439
leaf_count=1063 253 211 384 215 914 234 515 125827 296 504 246 13458 2215 5673 316 485 1400 1953 212 337 514 273 439
internal_value=-2.21479e-05 0.00155746 -0.00217785 0.00235814 -5.6663e-05 -0.000153648 -0.00337806 -0.00010171 -0.00663749 -7.70826e-05 -0.00656549 0.00042931 0.000661717 0.00100868 0.00136779 -0.00181509 -0.000879109 -0.000930199 0.00658411 0.00158794 0.000594423 -0.0051575 0.00360103
internal_weight=157937 3375 595 2780 154562 128852 2041 126811 1210 126331 480 25710 23299 19131 831 2411 1885 4168 427 2353 1577 526 776
internal_count=157937 3375 595 2780 154562 128852 2041 126811 1210 126331 480 25710 23299 19131 831 2411 1885 4168 427 2353 1577 526 776
is_linear=0
shrinkage=0.02


Tree=86
num_leaves=29
num_cat=0
split_feature=21 32 44 14 46 6 71 60 46 46 45 7 7 44 7 44 44 57 18 9 44 20 49 57 63 45 54 3
split_gain=21.104 22.2492 27.0705 23.4906 20.2535 37.95 38.1267 42.4253 31.2867 30.6534 35.5265 44.911 33.1665 29.6229 21.5715 48.2931 24.2685 18.6699 17.3117 16.8459 17.2153 16.5574 15.7604 13.2524 12.2242 7.22658 8.08667 5.47254
threshold=0.020712925550159026 0.26586613746216742 0.095771384149618291 -0.15763272526029501 0.0071743218066912407 0.010340280512042962 -0.99858159310651473 0.20041111054775307 0.0099375979449127742 0.0068844288215977661 0.0073345055265048352 0.0067663149034446896 0.005494806383530333 0.053271726519368075 0.015505760078654134 -0.12918327945539967 0.14724960889648589 0.18796074826410583 83.42153687882994 -0.34212968508068548 0.04384267752158489 -0.023063092255286907 0.0289687095031721 0.58395580454403995 0.93534918146987123 0.0050436044019060355 0.45922669882177053 0.042571924128169798
decision_type=8 10 10 8 8 8 10 10 10 10 10 8 8 10 10 8 10 10 10 10 10 10 10 8 10 10 10 10
left_child=1 18 25 -4 9 6 8 -8 -6 10 17 -12 13 -11 15 -7 -16 -2 19 23 -21 -5 27 -1 -14 -3 -27 -20
right_child=4 2 3 21 5 14 7 -9 -10 12 11 -13 24 -15 16 -17 -18 -19 22 20 -22 -23 -24 -25 -26 26 -28 -29
leaf_value=0.00093930624234389592 -0.0019651650371958918 0.0032522773201156484 -0.0015115548683603359 0.013429518162589301 0.00018490917709581057 -0.005483225690579567 -0.0069066517130166585 -0.00057532280798209341 -0.0042820089847381924 0.0015589185068014841 0.0053678766552922716 -0.0010471450229172228 0.0011295729528973447 0.0082642176712773834 0.0021773109572086531 -0.00044484943108852261 -0.0048593554208202503 -9.2590997824688957e-05 0.0024821432343627948 0.0002464883153336264 -0.00027074729431974805 0.0042015925829250811 -0.00015278646317595391 0.0042131403438357366 -0.0031065981649424507 -0.0057443326466129034 0.00065216712577572961 0.004207321774938432
leaf_weight=1517 2528 329 222 256 1084 396 502 421 255 862 802 629 1397 387 2936 29809 460 15005 245 53915 41514 687 256 521 216 283 501 216
leaf_count=1517 2528 329 222 256 1084 396 502 421 255 862 802 629 1397 387 2936 29809 460 15005 245 53915 41514 687 256 521 216 283 501 216
internal_value=-2.33826e-05 0.000151678 0.00210531 0.00423499 -0.000328272 -0.000620622 -0.00312771 -0.00625325 -0.000968657 0.000152014 -0.000139098 0.00288966 0.00208103 0.0045264 -0.000451699 -0.000621665 0.00105917 -0.000386563 0.00010631 8.34941e-05 4.50382e-05 0.00561229 0.00320056 0.0018823 0.000184634 -0.000123878 -0.00116943 0.00540693
internal_weight=158151 100462 2278 1165 57689 35863 2262 923 1339 21826 18964 1431 2862 1249 33601 30205 3396 17533 98184 97467 95429 943 717 2038 1613 1113 784 461
internal_count=158151 100462 2278 1165 57689 35863 2262 923 1339 21826 18964 1431 2862 1249 33601 30205 3396 17533 98184 97467 95429 943 717 2038 1613 1113 784 461
is_linear=0
shrinkage=0.02


Tree=87
num_leaves=27
num_cat=0
split_feature=1 41 28 17 6 53 47 43 72 43 22 41 52 46 48 39 37 25 41 25 9 54 53 48 54 17
split_gain=21.8433 20.7257 25.978 18.0582 16.6282 77.3283 51.1722 37.3171 35.0044 48.9242 32.5251 31.1319 30.5358 25.7091 23.116 20.4668 14.7949 13.7774 13.6801 12.6389 10.0704 9.74883 13.2927 9.23469 8.51876 5.72497
threshold=0.053987609332822879 0.0049380461480079694 -0.0081163757211776804 -0.051786476948928691 0.018709703744029294 0.020968546194878163 -0.14112847084721039 -0.053124800089148654 0.60165721235170377 -0.053124800089148654 -0.0098589781252776936 0.048511285866492233 0.71967429796997362 0.012026607345245589 -0.13097370721215904 0.051623463818959499 0.32527583070659999 0.1052897655393755 0.026747514909983842 1.0532061379269335 1.2622361025879878 0.63754284729570265 0.013073887856886781 -0.025302279095400223 0.534805362772801 0.30359907125995572
decision_type=10 10 10 2 10 10 8 8 10 10 10 10 2 10 10 10 10 10 10 8 10 10 10 8 10 2
left_child=4 19 3 20 5 6 -1 -8 11 14 24 15 -11 -12 -10 -6 23 -5 -18 21 -3 22 -2 -4 -7 -21
right_child=1 2 16 17 8 10 7 -9 9 12 13 -13 -14 -15 -16 -17 18 -19 -20 25 -22 -23 -24 -25 -26 -27
leaf_value=-0.0048338663241698655 -0.0016675615668043679 -0.0011492474203271964 0.00018007100739603478 0.00075341108735332482 -0.00056570798436445077 -0.0020369718532120594 0.0017468889526099987 -6.3402874425311443e-05 0.0010517171896247835 0.0031196247993893634 -0.0018463116883409071 0.0049208278834903096 0.00036708425955957636 -0.0068451851654830961 -0.0052069558613970892 0.0013725553699629931 -0.0027187281709906753 -0.0015830780753814523 -0.0070441122445977153 -0.0037228664276678391 -0.0092792823767372298 -0.0027951185796009958 0.0050125042112379101 -0.0016826205782603223 0.00094832714255830718 0.00048674632669881815
leaf_weight=328 333 204 682 3191 15564 261 4617 104175 543 8975 388 376 6509 520 879 2889 768 1908 393 390 241 252 981 2025 216 393
leaf_count=328 333 204 682 3191 15564 261 4617 104175 543 8975 388 376 6509 520 879 2889 768 1908 393 390 241 252 981 2025 216 393
internal_value=-2.59364e-05 -0.000855127 -0.00127462 -0.000396393 4.0741e-05 -8.05205e-05 -2.08759e-05 2.92298e-06 0.000415771 0.00107636 -0.00477489 -0.00017727 0.00140252 -0.0069945 -0.00247224 -0.000293595 -0.00253244 -5.84314e-05 -0.00442169 0.000824681 -0.00425561 0.00186216 0.00255361 -0.00172009 -0.000539749 -0.00124745
internal_weight=158001 11761 9412 5544 146240 110505 109120 108792 35735 16906 1385 18829 15484 908 1422 18453 3868 5099 1161 2349 445 1566 1314 2707 477 783
internal_count=158001 11761 9412 5544 146240 110505 109120 108792 35735 16906 1385 18829 15484 908 1422 18453 3868 5099 1161 2349 445 1566 1314 2707 477 783
is_linear=0
shrinkage=0.02


Tree=88
num_leaves=21
num_cat=0
split_feature=19 41 45 9 50 6 41 53 53 6 8 19 57 57 45 45 43 30 6 35
split_gain=20.5194 44.4969 40.4963 38.1322 21.0957 21.78 33.0113 19.9981 19.9001 71.6613 17.8951 17.3927 16.4888 12.4949 10.8157 20.334 14.3798 8.06201 8.00324 7.93874
threshold=1.9539555212719026 0.028528501236542162 0.011930572666758116 1.0218802419495658 0.11198429954846724 0.070717915228013475 0.029684613245387185 0.011136522128909738 0.020765563179641202 0.017309315387522856 0.012933751396674046 2.1197672217581607 0.82027195848548928 0.49578945502251542 0.0044644464611294701 0.0051679863561519086 0.036768860145041 0.4522111793689611 0.011726375761860449 0.038749465072765631
decision_type=10 10 10 10 10 10 8 10 10 8 10 10 10 8 10 10 10 10 8 10
left_child=4 7 3 18 5 8 -7 11 12 -10 -4 -2 -1 -12 16 -16 -9 -5 -3 -13
right_child=1 2 10 17 -6 6 -8 14 9 -11 13 19 -14 -15 15 -17 -18 -19 -20 -21
leaf_value=-1.2627578048467549e-06 -0.00071288082644020017 -0.00040286932793812022 -0.0079836803266015877 -0.0057229802807965326 0.0049830099049718241 -0.00037026831762805693 0.013550741592738943 -0.00019597615233781518 -0.0036209927864619754 -0.00012552329895613572 -0.0076668264891066656 0.0014899464546650077 0.00059248353300153894 -0.0012462421802560107 -0.0025759795398907245 -0.00032651367380960903 0.0026011497157062448 -0.0021764090358452532 0.0036739647370459681 0.0061092676914262078
leaf_weight=113936 207 200 216 206 233 308 234 1746 1251 7582 205 233 21961 200 1383 6665 820 234 370 238
leaf_count=113936 207 200 216 206 233 308 234 1746 1251 7582 205 233 21961 200 1383 6665 820 234 370 238
internal_value=-8.31918e-06 -0.000772052 -0.00385907 -0.00138279 5.95027e-05 4.98234e-05 0.00404788 -0.000325688 3.48094e-05 -0.00088499 -0.0078746 0.00300147 9.46151e-05 -0.00536453 -0.000538672 -0.000899242 0.000591352 -0.00580045 0.00202802 0.00512288
internal_weight=158428 12923 1631 1010 145505 145272 542 11292 144730 8833 621 678 135897 405 10614 8048 2566 440 570 471
internal_count=158428 12923 1631 1010 145505 145272 542 11292 144730 8833 621 678 135897 405 10614 8048 2566 440 570 471
is_linear=0
shrinkage=0.02


Tree=89
num_leaves=20
num_cat=0
split_feature=21 6 46 5 6 41 41 71 19 46 46 19 51 37 68 68 25 59 4
split_gain=20.8286 22.3599 22.4448 40.3757 26.0155 52.9572 24.3826 18.713 16.9781 20.7495 29.7219 19.8042 17.4686 14.8009 10.7308 13.1601 10.6548 8.3382 8.17829
threshold=0.1254807214083781 0.070717915228013475 0.034133762393146715 0.022072080779426882 0.021007743477873236 0.047384893400697077 0.047384893400697077 -0.074771368976735142 1.9539555212719026 0.013090617864817838 0.0091848266048384277 1.0481028430872807 0.79570623175274358 0.47049721322882543 1.232467233072408 0.48685519603481547 0.29192736691230631 0.8551968087450964 -0.029676751088060279
decision_type=10 10 10 8 10 10 10 8 10 10 8 10 2 8 10 10 8 8 10
left_child=1 2 4 18 5 -1 -6 14 9 10 -9 -11 17 -5 15 -2 -16 -10 -4
right_child=7 -3 3 13 6 -7 -8 8 12 11 -12 -13 -14 -15 16 -17 -18 -19 -20
leaf_value=-1.2863007075149501e-05 -0.00089593491879660979 0.0094198127934714999 -0.0021211495855958406 -0.0012298279849867824 0.00070171306696891085 -0.0040054629336860881 0.0046804258473943433 0.00088985591538455922 -0.0029292409933608914 -0.00078845061523465294 -0.0044075214951906872 0.0054275765431515454 -0.0075134899593245321 0.0027286817129399711 0.0023508523843370531 -0.0054586971292032993 -0.0031987830768729487 0.00032037611660210241 -0.0061428040818243415
leaf_weight=123942 221 379 203 2319 23245 737 664 2017 281 298 1257 522 261 380 204 396 202 503 242
leaf_count=123942 221 379 203 2319 23245 737 664 2017 281 298 1257 522 261 380 204 396 202 503 242
internal_value=-2.13554e-06 4.40333e-05 3.1885e-05 -0.00164006 6.72863e-05 -4.85884e-05 0.000671602 -0.00114198 -0.000649416 -6.78877e-05 -0.000781069 0.00277467 -0.00292352 -0.000717778 -0.00361133 -0.00527184 -0.00107617 -0.0014242 -0.00721525
internal_weight=158273 152111 151732 3144 148588 124679 23909 6162 5139 4094 3274 820 1045 2699 1023 617 406 784 445
internal_count=158273 152111 151732 3144 148588 124679 23909 6162 5139 4094 3274 820 1045 2699 1023 617 406 784 445
is_linear=0
shrinkage=0.02


Tree=90
num_leaves=27
num_cat=0
split_feature=39 41 4 46 44 33 20 18 46 43 44 47 14 48 17 46 44 48 45 19 45 38 27 28 28 17
split_gain=18.8951 18.7437 22.5315 27.6117 20.7064 17.9705 27.1938 26.242 22.434 30.1467 22.8617 20.6311 17.8778 17.3834 16.4351 23.5803 14.4106 15.597 25.6354 14.1143 13.63 12.5114 18.2842 12.4173 10.004 6.50391
threshold=-0.043603322770451085 0.0084451204967276334 -0.078221115801650851 0.032323685809241144 0.11427815975285528 0.14734579120385247 -0.018516126517602923 83.42153687882994 0.0071743218066912407 0.049940902833924168 0.05207707518073413 -0.020854845191349777 -0.047224786183675586 -0.019394785569120828 -2.0499401959307448 0.0069969547242819804 0.1158639564864047 -0.066023517209084101 0.0094090381837638199 1.0990243051429216 0.014770818854618414 1.3679387417343751 -0.02959443200107886 -0.050260162220800091 -0.022615530754737209 0.89169239299661418
decision_type=8 10 8 10 10 8 10 10 10 10 10 8 8 8 2 10 10 8 8 10 10 10 10 10 10 2
left_child=1 16 21 4 -4 7 19 14 10 -10 -8 -9 -5 -13 15 -2 17 23 -19 24 -16 22 -3 -1 -7 -23
right_child=5 2 3 12 -6 6 8 11 9 -11 -12 13 -14 -15 20 -17 -18 18 -20 -21 -22 25 -24 -25 -26 -27
leaf_value=7.3330456137483678e-05 -0.0019122123288464652 0.004923469472801323 -0.0012088495740427802 -0.0061346391761349615 0.001585303065315875 0.001129151493823807 -0.0011934088543757487 -0.0025882519940623721 -0.0028424570248290417 0.00015730071346068685 0.0015272068964542699 0.0044740374790455707 -0.0019649915865757044 0.0015374303943884954 0.00011425823411924919 0.0029516379655214237 -0.004504825376473536 0.00035764669421945486 0.0049190416606308468 0.0046023409004839885 -0.00057105817377261765 -0.0022046915889648816 0.00010353371386631075 -0.0048384281081488454 -0.0019576108513418493 0.00078680751589296012
leaf_weight=451 351 561 8647 235 1126 1994 2653 233 3314 1509 1670 211 460 2090 116541 1479 258 3117 797 218 8325 396 862 276 309 224
leaf_count=451 351 561 8647 235 1126 1994 2653 233 3314 1509 1670 211 460 2090 116541 1479 258 3117 797 218 8325 396 862 276 309 224
internal_value=1.37706e-06 -0.000620183 -0.00103085 -0.00140586 -0.00113137 7.81984e-05 -0.000673466 0.00014608 -0.0011805 -0.00211816 -0.000133673 0.00216095 -0.00525575 0.00273588 0.000105748 0.00198689 0.000428163 0.000684619 0.00118467 0.00116495 7.81471e-05 0.000889432 0.00192275 -0.00200275 0.000702257 -0.00147826
internal_weight=158307 17410 12511 10468 9773 140897 11667 129230 9146 4823 4323 2534 695 2301 126696 1830 4899 4641 3914 2521 124866 2043 1423 727 2303 620
internal_count=158307 17410 12511 10468 9773 140897 11667 129230 9146 4823 4323 2534 695 2301 126696 1830 4899 4641 3914 2521 124866 2043 1423 727 2303 620
is_linear=0
shrinkage=0.02


Tree=91
num_leaves=27
num_cat=0
split_feature=21 6 47 41 50 6 50 46 6 52 19 50 6 57 4 57 26 54 45 71 40 6 21 45 16 41
split_gain=18.3743 23.9309 45.9743 45.1551 41.4427 24.0826 28.9434 27.7115 26.9359 25.6847 24.3138 23.5154 17.5671 16.2789 18.9162 24.2633 19.4119 16.5716 13.3603 8.88705 8.54435 9.18371 7.0531 6.29343 8.70982 7.22405
threshold=0.1081630057790053 0.019798182724293744 -0.12747583129116555 0.047384893400697077 0.060614384894817637 0.035539652476200896 0.052822410128243076 0.0074695279050469498 0.060421667068357159 0.95673634530628282 2.0186053951079077 0.055229490138811184 0.015032885805002479 0.91354117830911086 0.20980790202131264 0.20811765725928819 0.90774647742235237 0.46905587540081789 0.0062157165862503161 1.8326271425694454 -1.2363587607902743e-05 0.017234943693391715 0.1376068378058963 0.0062567248761571355 0.19486939126851291 -0.012132508245949634
decision_type=8 10 8 10 10 10 10 10 10 2 10 10 8 8 10 10 10 10 10 10 8 10 10 10 10 10
left_child=1 2 -1 4 -4 6 7 -3 10 -8 -7 -10 -5 14 16 -16 19 -17 -18 -2 21 -15 -23 24 -22 -25
right_child=13 5 3 12 -6 8 9 -9 11 -11 -12 -13 -14 20 15 17 18 -19 -20 -21 23 22 -24 25 -26 -27
leaf_value=-0.00432245714831742 2.7923216804316358e-05 -0.0001450910502520794 -9.2881582103145343e-05 -0.0056289846543834425 0.0022499208418804441 -0.00086701230309671332 -0.0015941924702719359 0.0016043394988151283 0.00046190702194594561 0.004839856509421021 -0.0056088620463186816 0.0073341147196470738 -0.0017163464356201395 0.0051092685381913076 -0.013535892465823318 -0.0041244070374589128 0.00037052774161006622 -0.00031379935890241242 -0.0028201269335650868 0.0047940977290796228 -0.00072053233027155464 -0.0029781844046647727 0.0025012284717484024 -0.0008303321608302168 -0.0062602281647934493 0.0024737458647051997
leaf_weight=383 1508 6269 113413 247 1810 5254 2273 16550 481 209 210 299 380 208 202 685 536 807 1566 313 2057 241 620 280 222 961
leaf_count=383 1508 6269 113413 247 1810 5254 2273 16550 481 209 210 299 380 208 202 685 536 807 1566 313 2057 241 620 280 222 961
internal_value=-4.12571e-05 1.54149e-05 -0.00011716 -9.42417e-05 -6.50732e-05 0.000503962 0.000778516 0.00100167 -0.000608167 -0.00127185 -0.00110485 0.00286556 -0.00544268 -0.000861957 -0.00158384 -0.00334985 -0.000820082 -0.0024635 -0.00212934 0.00069045 2.13508e-05 0.00158692 0.000670534 -0.000453848 -0.00107807 0.000690821
internal_weight=157984 147778 116233 115850 115223 31545 25301 22819 6244 2482 5464 780 627 10206 5617 1694 3923 1492 2102 1821 4589 1069 861 3520 2279 1241
internal_count=157984 147778 116233 115850 115223 31545 25301 22819 6244 2482 5464 780 627 10206 5617 1694 3923 1492 2102 1821 4589 1069 861 3520 2279 1241
is_linear=0
shrinkage=0.02


Tree=92
num_leaves=24
num_cat=0
split_feature=69 44 41 44 44 52 5 14 50 53 41 46 41 10 53 46 16 42 52 66 53 33 46
split_gain=18.707 69.9998 68.1157 48.1433 47.5417 76.727 43.1768 38.9687 41.6141 38.4965 37.0393 44.4946 36.0023 29.7591 30.2385 26.1525 24.0818 26.6062 19.6969 18.5979 14.1211 13.1671 9.1816
threshold=0.073917795364508904 0.15576978428121704 0.026653010398889235 0.12547988852472428 0.00083595413199644153 0.57369426640200782 0.045205033365411589 -0.25424008393302394 0.071921925095346353 0.020474418579577658 0.027279720935261768 0.03709626144380785 -0.01902662743689881 0.83409674129353906 0.020054294547259193 0.0099684042768321043 0.1081495850056733 0.0072732266117424569 0.76274002622550352 0.32412317950200581 0.024285944449000278 0.11954621155167551 0.020108717395592213
decision_type=10 10 10 10 10 2 10 8 10 10 10 10 10 8 10 10 10 8 2 10 10 10 10
left_child=3 2 4 7 5 -2 13 8 19 -3 18 -12 -6 15 -15 -5 17 -9 -4 -1 -18 22 -11
right_child=1 9 10 6 12 -7 -8 16 -10 21 11 -13 -14 14 -16 -17 20 -19 -20 -21 -22 -23 -24
leaf_value=0.0044028457624798387 5.7954848288480632e-05 -0.002211177368307234 -0.0089039304817348491 -0.0066053584744375461 0.0026284137603766683 -0.0029710535011034617 -0.016591415056942602 -0.0004795929713787772 0.0086566883006630475 0.0031931143259136254 -0.00049448552662763139 -0.0052109122969585522 0.00047274643063033902 0.00077367383674392057 -0.0022300962018263109 -0.0020911365680538856 -0.002890492312768922 0.00018413167771404382 -0.0016379684880781366 0.0005255272746348289 0.0017847774902423877 0.0076736786914337564 0.0063359803509033296
leaf_weight=1170 9425 345 339 359 2486 2495 218 40041 242 426 4763 536 43230 1744 1192 566 1980 42710 318 2572 274 255 317
leaf_count=1170 9425 345 339 359 2486 2495 218 40041 242 426 4763 536 43230 1744 1192 566 1980 42710 318 2572 274 255 317
internal_value=-2.13919e-06 0.000258377 0.00016288 -0.000183928 0.000373337 -0.000751447 -0.00230833 -8.65041e-05 0.00184642 0.0047753 -0.00187309 -0.0013166 0.000666667 -0.00181719 -0.000830099 -0.00494384 -0.00017714 -0.000121544 -0.00634954 0.00132461 -0.00221641 0.00676476 0.00540054
internal_weight=158003 64935 63592 93068 57636 11920 4079 88989 3984 1343 5956 5299 45716 3861 2936 925 85005 82751 657 3742 2254 998 743
internal_count=158003 64935 63592 93068 57636 11920 4079 88989 3984 1343 5956 5299 45716 3861 2936 925 85005 82751 657 3742 2254 998 743
is_linear=0
shrinkage=0.02


Tree=93
num_leaves=21
num_cat=0
split_feature=70 51 3 78 6 43 7 46 71 46 50 50 46 0 31 46 5 71 42 59
split_gain=27.2459 36.2692 20.388 20.2987 20.4864 36.4273 34.8003 20.2726 34.6897 43.4561 20.3875 28.0877 19.895 11.3277 11.7493 9.9883 9.11926 11.3903 8.63806 7.16654
threshold=-1.2417227077992512 0.29845360824742273 0.061082357694025931 1.886259294010366 0.019910709692244181 0.057674958098814406 0.0051103966399090412 0.0078665738142540773 -0.63163309013211244 0.0081859706254185215 0.055917013758482022 0.040090011546018552 0.0099684042768321043 -0.0018348072810676073 -0.024929055616540182 0.0074337567751160665 0.014289534191701305 -0.42160920442823152 0.0092143244261732055 0.15424828825970868
decision_type=8 2 8 10 8 10 10 8 8 10 10 10 10 10 10 8 10 10 10 8
left_child=1 -1 3 4 5 -2 -6 10 9 -9 11 -4 -10 18 15 -15 -5 -18 -3 -16
right_child=2 13 7 16 6 -7 -8 8 12 -11 -12 -13 -14 14 19 -17 17 -19 -20 -21
leaf_value=-0.0060973046958978042 5.9218036611220425e-06 0.0026303823919912352 -3.8260326486358466e-05 0.00097439445344128751 0.0035686179241927601 0.0022039278051922155 0.00069877573315358103 -0.0053261203246110847 -0.0011096970764462018 -0.0015422137655995486 -0.0044668983210711171 0.0023850943842213903 0.00020818875404223747 0.0016925914104808566 -0.0030593054338757019 -0.001433200544874414 -0.0029126821901276903 -0.00094960462850233313 -0.00040475110846647361 -0.00012164740120935728
leaf_weight=377 88773 289 13540 346 889 2281 23847 292 7909 3267 371 1897 9435 201 719 423 411 2291 280 209
leaf_count=377 88773 289 13540 346 889 2281 23847 292 7909 3267 371 1897 9435 201 719 423 411 2291 280 209
internal_value=7.70652e-06 -0.00206403 4.10029e-05 0.000168278 0.000210707 7.20224e-05 0.000721106 -0.000370941 -0.000779659 -0.00257809 0.000169397 0.000280995 -0.000410378 -0.00104524 -0.00193046 0.0001888 -0.00144244 -0.00183426 0.00136491 -0.0033563
internal_weight=158047 2498 155549 118838 115790 91054 24736 36711 20903 3559 15808 15437 17344 2121 1552 624 3048 2702 569 928
internal_count=158047 2498 155549 118838 115790 91054 24736 36711 20903 3559 15808 15437 17344 2121 1552 624 3048 2702 569 928
is_linear=0
shrinkage=0.02


Tree=94
num_leaves=28
num_cat=0
split_feature=23 53 51 43 9 45 41 35 45 23 78 7 0 69 45 53 49 51 31 75 5 45 46 32 25 0 26
split_gain=19.712 33.2346 23.8809 29.4545 35.0174 25.7487 23.907 23.8543 41.6934 35.8631 26.4152 32.3577 28.4355 23.4108 19.881 33.4606 43.4848 29.9813 24.3629 19.152 19.0931 17.3949 14.0498 13.5955 11.949 11.0863 9.35905
threshold=0.0090995455996218961 0.010900370658205363 0.72080650082043596 0.0064453929227689119 1.1526128036195815 0.013762907302499258 -0.0031813785363858367 0.0051873179893512636 0.0061328673242853453 -0.015636215111699655 2.0431398716923481 0.005494806383530333 -0.032353043915001982 -0.57346435762027892 0.0044010251167310123 0.013639970853982417 0.018546927058117561 0.71770777270438735 -0.079390983274245305 0.65696357722949716 0.014852191885826881 0.0071250012082413666 0.003497803715419317 -0.11505907566457067 -0.092257339942041286 -0.0019530284096946902 0.89411093752757576
decision_type=8 8 2 10 10 10 10 10 10 10 8 10 10 10 8 8 10 2 8 10 10 10 10 8 8 8 10
left_child=2 20 7 4 26 6 -5 10 9 -9 12 -12 -1 -7 18 16 -16 -17 19 -3 21 25 -20 -10 -6 -2 -4
right_child=1 14 3 5 24 13 -8 8 23 -11 11 -13 -14 -15 15 17 -18 -19 22 -21 -22 -23 -24 -25 -26 -27 -28
leaf_value=0.0020677829358273937 3.3266454224774658e-07 -0.0025534381452526817 -0.0009414510377101559 0.0053820607925437478 0.0081151594293130281 0.0011704664145967261 0.00058144308221631845 0.0056236278203849223 0.0037245941252378348 0.0014243704007593156 0.0037079615105118945 -0.002505953688144197 -0.00016859311527909842 -0.0027676348757002733 -0.0012943581030639307 0.00016793113231945752 0.0016948030313089319 -0.00080471274795687966 -0.001709070305192364 0.0007007622514314146 -0.0029480663661083269 0.0052098542002235893 0.00096740705107153685 -0.00085525681852489151 0.0035318714819185561 0.0026164153140771046 0.0027547472908580786
leaf_weight=2860 688 1701 512 434 416 442 20385 501 219 2811 202 2029 51853 1033 16272 26151 1944 13128 714 1055 379 274 7131 2941 386 1167 401
leaf_count=2860 688 1701 512 434 416 442 20385 501 219 2811 202 2029 51853 1033 16272 26151 1944 13128 714 1055 379 274 7131 2941 386 1167 401
internal_value=-3.58033e-05 -0.000284371 0.000164917 0.000702124 0.00322727 0.000507647 0.000688665 -3.8444e-05 0.001112 0.00267975 -0.000169251 -0.00230197 -8.22093e-05 -0.00204472 -0.000367681 -0.000514436 -0.00122292 -0.000185794 0.000428032 -0.00118897 0.00197609 0.00271268 0.000996431 -0.000530845 0.00627397 0.00201401 0.000544858
internal_weight=158029 70604 87425 24009 1715 22294 20819 63416 6472 3312 56944 2231 54713 1475 68096 57495 18216 39279 10601 2756 2508 2129 7845 3160 802 1855 913
internal_count=158029 70604 87425 24009 1715 22294 20819 63416 6472 3312 56944 2231 54713 1475 68096 57495 18216 39279 10601 2756 2508 2129 7845 3160 802 1855 913
is_linear=0
shrinkage=0.02


Tree=95
num_leaves=20
num_cat=0
split_feature=28 44 44 5 69 44 53 46 41 41 59 58 38 48 44 53 59 5 46
split_gain=17.5191 32.1569 25.9329 55.2074 27.1414 45.6315 79.0688 65.8418 43.0294 45.8594 25.3026 19.6769 20.0403 19.1535 18.8804 15.6101 13.6526 12.6482 16.0166
threshold=-0.18927570488030879 0.15576978428121704 -0.12309302849888985 0.017947955895545611 -0.32661063055591116 0.16428337884866476 0.020587867958909118 0.012898997088880251 0.046038674834005373 0.025892532785220083 0.71399385637609669 0.87090053763440867 1.3034684370247966 -0.15381370080476323 0.097286830999414278 0.019447971045763061 0.92474147021804953 0.079528071166834649 0.011466328634233651
decision_type=8 8 8 8 10 10 10 10 10 10 8 10 10 8 10 10 10 10 10
left_child=1 11 3 -2 8 6 -6 -7 9 -4 13 17 15 -5 -10 -13 -14 18 -1
right_child=2 -3 4 10 5 7 -8 -9 14 -11 -12 12 16 -15 -16 -17 -18 -19 -20
leaf_value=-0.0013415787568929589 -0.0061078261554717989 -0.0079510651872278289 -0.00044586711361927124 5.3834919756464356e-05 0.00020626283043870684 -0.0067165689435794351 -0.002388267436834339 0.0038036960874640235 -0.0022924281607711264 0.0020186439357827023 0.0040645458087049183 0.0038803960148307672 0.0028346594558714506 -0.0037877082959841837 -0.0069132771233840562 0.0089002338013343171 -0.0038676448241937679 -0.0042563793218367138 0.0011248953359596396
leaf_weight=1823 287 239 53398 730 84325 238 2981 1497 293 3692 208 2264 494 552 299 537 643 226 3384
leaf_count=1823 287 239 53398 730 84325 238 2981 1497 293 3692 208 2264 494 552 299 537 643 226 3384
internal_value=-7.82994e-06 0.000819686 -6.14003e-05 -0.00246232 -3.22919e-05 0.000186631 0.000122762 0.00339747 -0.000370265 -0.00031455 -0.000910798 0.00100491 0.00208124 -0.00196259 -0.00573019 0.00299001 -0.000156415 0.000224144 0.000425883
internal_weight=158110 9610 148500 1777 146723 89041 87306 1735 57682 57090 1490 9371 3938 1282 592 2801 1137 5433 5207
internal_count=158110 9610 148500 1777 146723 89041 87306 1735 57682 57090 1490 9371 3938 1282 592 2801 1137 5433 5207
is_linear=0
shrinkage=0.02


Tree=96
num_leaves=26
num_cat=0
split_feature=33 44 41 46 40 48 58 48 75 8 30 45 9 19 41 46 45 18 44 44 9 32 8 46 29
split_gain=24.8868 34.5197 37.1682 28.7743 29.2454 23.831 27.9998 35.1651 20.492 16.8137 16.6947 18.7157 19.924 15.8245 42.2443 21.9205 21.7322 20.9521 18.8362 15.7058 15.3653 14.0906 13.7741 29.5233 9.46319
threshold=0.14734579120385247 0.05207707518073413 0.032501961368657802 0.0072976106457494716 0.00086139186639428995 -0.15381370080476323 0.1821990034038671 -0.066023517209084101 0.8625041389212551 0.0056824097647180617 0.8035890858151129 0.0085625666337413569 1.7570160080423631 1.9330776415161919 0.030117361374297661 0.0042285409138495206 0.011930572666758116 83.42153687882994 0.05603509247644068 0.0078164519778939363 0.51426227819788062 -0.03957321002735336 0.0048981653818983674 0.0083314998401078783 -5.8290324335823751
decision_type=10 8 10 10 10 8 10 8 10 10 10 10 10 8 10 8 10 10 8 8 10 10 10 8 10
left_child=10 5 3 8 -5 -2 7 -7 -3 -8 13 22 21 17 15 -15 -16 18 -1 -19 -4 -13 23 -12 -24
right_child=1 2 20 4 -6 6 9 -9 -10 -11 11 12 -14 14 16 -17 -18 19 -20 -21 -22 -23 24 -25 -26
leaf_value=0.00030636118736147259 0.002738299908755043 0.00055978610386204066 0.0095550547042143868 -0.002248059563877961 0.0043453739895603673 -0.00624992760392636 0.0024189033565669531 -0.0020772030542013978 0.0044927838467639378 -0.0012812475392210837 -0.0010699738436111288 -0.0033175837473346619 0.0061345651073944161 0.0023139190989067576 -0.0014861228303335613 -0.00034027604443389898 -0.0056884967698500044 -0.0019200583611725123 -0.00016275556244032876 0.0018770736799296778 0.0019001477575409213 0.00074465780724126789 0.00063462510829175272 0.005037194518126782 -0.0030716803007121013
leaf_weight=77155 329 2265 220 2590 276 478 384 1517 412 4229 1669 326 220 969 772 10704 407 261 46904 2318 224 1304 313 243 1739
leaf_count=77155 329 2265 220 2590 276 478 384 1517 412 4229 1669 326 220 969 772 10704 407 261 46904 2318 224 1304 313 243 1739
internal_value=5.54892e-06 -0.000835435 0.000276887 -0.000169192 -0.00156191 -0.00179562 -0.0020575 -0.00403707 0.00132114 -0.00120026 8.03689e-05 -0.000969561 0.000690438 0.000124151 -0.000544464 -0.000179716 -0.00415085 0.000192026 0.000154909 0.00197597 0.0058382 -7.23483e-05 -0.00174477 -0.000521694 -0.00288261
internal_weight=158228 12924 5987 5543 2866 6937 6608 1995 2677 4613 145304 5814 1850 139490 12852 11673 1179 126638 124059 2579 444 1630 3964 1912 2052
internal_count=158228 12924 5987 5543 2866 6937 6608 1995 2677 4613 145304 5814 1850 139490 12852 11673 1179 126638 124059 2579 444 1630 3964 1912 2052
is_linear=0
shrinkage=0.02


Tree=97
num_leaves=19
num_cat=0
split_feature=70 49 44 36 78 9 42 19 46 36 4 50 54 9 40 44 36 50
split_gain=17.219 34.2474 19.976 19.8863 13.8237 15.3075 29.4673 18.1257 14.2724 32.026 23.1996 13.3618 10.6565 9.47815 8.48847 9.02298 6.86668 5.2824
threshold=-1.2417227077992512 -0.016455705772573045 0.071648716325692488 0.024728117094770793 2.2522849675092065 -0.44381680235841231 -0.0022924988297663425 1.4358155327545454 0.0050211628790154646 -0.2125594068656862 -0.078221115801650851 -0.0105723789636033 0.58211679478569489 0.37654686635588813 -0.0014825631025037055 0.040677473588450981 -0.15569901023104768 0.038805964648480414
decision_type=8 10 10 8 10 8 10 10 8 10 8 8 10 10 10 10 10 10
left_child=1 13 11 -4 5 6 -2 -8 9 -7 -10 -3 -13 -1 15 -6 -16 -18
right_child=4 2 3 -5 14 8 7 -9 10 -11 -12 12 -14 -15 16 -17 17 -19
leaf_value=-0.0072294384557393043 -0.0045905946049688302 0.0022434305175199377 -0.0010647634133334439 0.0035103518940361655 -0.001356948881125572 -0.0047105826508924264 0.0029719082248061595 -0.0012209703119868956 0.00059469950058643241 0.00056327598312687702 -0.00012829705162135225 -0.00087035304471353488 -0.0035460213175829984 -0.0039949751252840761 -0.0057197971691933351 -0.0054786497401110839 -0.00095302971811333625 0.0021382837482287801
leaf_weight=201 353 256 249 262 231 541 1582 442 19766 22985 107430 886 451 214 257 202 1312 369
leaf_count=201 353 256 249 262 231 541 1582 442 19766 22985 107430 886 451 214 257 202 1312 369
internal_value=1.37857e-05 -0.00162619 -0.000588124 0.00284766 4.03805e-05 6.38668e-05 0.00165601 0.00258667 3.87333e-05 0.000491265 -4.49539e-05 -0.0016926 -0.00249477 -0.00687019 -0.0014747 -0.00400461 -0.000906653 -0.000438763
internal_weight=157989 2519 2104 511 155470 153099 2377 2024 150722 23526 127196 1593 1337 415 2371 433 1938 1681
internal_count=157989 2519 2104 511 155470 153099 2377 2024 150722 23526 127196 1593 1337 415 2371 433 1938 1681
is_linear=0
shrinkage=0.02


Tree=98
num_leaves=23
num_cat=0
split_feature=69 21 6 46 4 71 54 51 41 67 48 50 54 54 17 53 25 42 25 29 45 10
split_gain=18.1671 24.1682 19.0346 26.9714 39.2411 18.3381 17.1261 16.3831 14.7665 14.0804 20.4285 15.8043 13.3432 17.3724 12.4691 13.0198 11.7946 11.4055 10.1185 8.19132 8.03501 7.41628
threshold=1.6493751581776175 0.12039136459642276 0.070717915228013475 0.034133762393146715 -0.046205432845914378 -0.12996559633811616 0.71095087425225301 0.30517472218503156 -0.0082575622127922781 0.27140850763825058 -0.024992184450411955 0.055917013758482022 0.66004857915868043 0.62685471620540212 -0.056394736788623216 0.012406161365255347 0.3494330274925298 0.019495819509291804 -0.70138350245556447 7.7970583795515216 0.0095006922996934019 1.0027589587575452
decision_type=10 10 10 10 10 8 10 2 10 10 10 10 10 10 2 10 10 10 10 10 10 10
left_child=1 2 3 6 -5 16 -1 -7 -9 10 20 12 13 -11 15 -12 17 -3 -16 -18 -2 -22
right_child=9 5 -4 4 -6 7 -8 8 -10 11 14 -13 -14 -15 18 -17 19 -19 -20 -21 21 -23
leaf_value=-1.8459895431491047e-05 0.0073283031857237857 -0.003026895481768278 0.0093835587964837177 -0.00062661729298961856 -0.0040406691716879887 0.0048872275020917771 0.0016657921143822169 -0.004513187204085705 -0.00059428952304477081 0.00080305925785857245 -0.0033506332483543648 -0.0071800327343751504 0.0048224924241452869 -0.0045288332859781191 -0.00027374887781304316 0.0015923786349070397 -0.0026204680944486871 0.00077390714099762298 0.0074328905581123551 -0.0058496263698610707 0.00044129253596799706 0.0056098626000205942
leaf_weight=139898 220 366 347 2420 671 297 2700 573 3323 3957 297 220 330 210 203 740 202 210 395 209 209 246
leaf_count=139898 220 366 347 2420 671 297 2700 573 3323 3957 297 220 330 210 203 740 202 210 395 209 209 246
internal_value=-2.38745e-05 -7.00847e-05 -2.24464e-05 -3.36193e-05 -0.00188163 -0.00141247 6.43763e-06 -0.000834049 -0.00117988 0.00097012 0.00224924 0.000342942 0.000599822 0.000292226 0.0010379 -0.000287091 -0.00386437 -0.00200693 0.00333556 -0.00645146 0.00517456 0.00363596
internal_weight=158243 151216 146036 145689 3091 5180 142598 4193 3896 7027 2310 4717 4497 4167 1635 1037 987 576 598 411 675 455
internal_count=158243 151216 146036 145689 3091 5180 142598 4193 3896 7027 2310 4717 4497 4167 1635 1037 987 576 598 411 675 455
is_linear=0
shrinkage=0.02


Tree=99
num_leaves=21
num_cat=0
split_feature=57 54 54 70 49 44 58 54 14 72 23 4 59 52 44 18 54 61 49 75
split_gain=18.1344 16.781 20.3042 16.3248 26.4495 20.1185 19.4367 15.8662 16.6911 15.741 15.6795 15.999 15.069 14.3369 11.0925 14.4684 13.284 11.2561 13.095 5.353
threshold=0.96719734942567903 0.65574680014672626 0.71454065545212064 -1.2871976791609976 -0.016455705772573045 0.07353699575509888 0.037934710193204539 0.57514222579460672 0.13138652396021736 -1.565562445942416 0.10698200977574902 0.39506112745364347 0.6073686171699294 0.46450640862405573 -0.0035055867806862979 82.155759998448886 0.4390408582723363 0.60315442999791513 -0.010867108319930706 0.82432355135128677
decision_type=10 10 10 8 10 10 8 8 10 10 8 10 8 2 10 8 10 10 10 10
left_child=3 14 -3 4 -1 13 7 9 -9 -5 11 -8 -12 -6 17 16 -16 -2 -19 -17
right_child=1 2 -4 6 5 -7 10 8 -10 -11 12 -13 -14 -15 15 19 -18 18 -20 -21
leaf_value=-0.0053218753379173957 0.0017034765960241482 0.0086275920248886761 0.00063753080462668253 0.0041448719464752624 0.0012601447514150443 0.0024901107742447328 -3.1846266891852815e-05 0.00038623801683266071 -0.0044765119399427953 0.00098832906688813829 -0.0018416285278770505 0.0032146265983507226 -0.00037190845300171834 -0.0023257183195570597 -0.00094115241751038217 0.0049860858665284682 0.0023107311503554394 3.0489338512401136e-07 -0.0062430575383443324 0.0026726530178852802
leaf_weight=301 202 214 219 309 287 361 137822 683 264 2544 1860 886 6751 878 1372 207 2173 204 206 205
leaf_count=301 202 214 219 309 287 361 137822 683 264 2544 1860 886 6751 878 1372 207 2173 204 206 205
internal_value=-1.79678e-05 0.0011669 0.00492627 -5.67386e-05 -0.00193545 -0.00086313 -3.39995e-05 0.00137806 -0.000862869 0.00212263 -7.04453e-05 -1.90182e-05 -0.000898514 -0.00214237 0.00080919 0.00119707 0.000783418 -0.00169331 -0.00359611 0.00474092
internal_weight=157948 5002 433 152946 1827 1526 151119 3800 947 2853 147319 138708 8611 1165 4569 3957 3545 612 410 412
internal_count=157948 5002 433 152946 1827 1526 151119 3800 947 2853 147319 138708 8611 1165 4569 3957 3545 612 410 412
is_linear=0
shrinkage=0.02


Tree=100
num_leaves=20
num_cat=0
split_feature=19 45 47 50 16 47 32 50 34 6 32 35 49 31 16 54 50 10 72
split_gain=15.4244 31.8057 43.6725 26.3427 18.858 15.8145 15.3034 32.6857 21.8093 19.9546 20.7113 16.9935 14.4917 14.1636 16.161 13.9841 12.8335 9.25449 5.63133
threshold=1.9330776415161919 0.011908652628936825 -0.013072899891119647 0.11198429954846724 0.13639349935841852 -0.078025985393679761 -0.27617093460708475 0.053295237879255171 0.023688630517492423 0.047002483707524516 0.32248816140126663 -0.044486370890490332 0.023576084036802562 0.023328900212029383 0.097347487541796798 0.50772671277683135 0.032903037304576117 1.4287262829129446 -0.12443592052082404
decision_type=8 10 10 10 10 10 8 10 10 10 10 10 10 10 10 10 10 8 10
left_child=3 13 5 6 -4 -3 7 8 -1 10 -8 -11 -7 14 16 -16 -2 18 -15
right_child=1 2 4 -5 -6 12 9 -9 -10 11 -12 -13 -14 17 15 -17 -18 -19 -20
leaf_value=-0.0013432347147258033 -0.00018452472102977556 -0.0028926669240159574 -0.0064876490047831685 0.0051272375356232972 -0.0053151191988461133 0.0027043160510805075 1.8313261574409711e-06 0.0072978521741215822 0.0053798688129699191 -8.7682299502698607e-05 0.0026201560739682723 -0.0032852428444130229 -0.0038130687619265524 -0.0018769642627741326 -0.0024493515301421652 0.00028361277991025653 0.0010490507769337569 0.00049340765046233988 -0.0037365218760564921
leaf_weight=980 6934 300 269 216 200 365 137119 344 307 1075 1807 1123 339 385 1651 938 3071 237 341
leaf_count=980 6934 300 269 216 200 365 137119 344 307 1075 1807 1123 339 385 1651 938 3071 237 341
internal_value=-3.17591e-05 -0.000641208 -0.00343148 3.23e-05 -0.00846383 -0.00107264 2.17014e-05 0.0019473 0.000479814 -5.52702e-07 2.93535e-05 -0.00189086 0.000564539 -0.00033766 -0.000158634 -0.0015668 0.000205677 -0.00267427 -0.00379367
internal_weight=158001 15030 1473 142971 469 1004 142755 1631 1287 141124 138926 2198 704 13557 12594 2589 10005 963 726
internal_count=158001 15030 1473 142971 469 1004 142755 1631 1287 141124 138926 2198 704 13557 12594 2589 10005 963 726
is_linear=0
shrinkage=0.02


Tree=101
num_leaves=24
num_cat=0
split_feature=19 53 52 71 43 45 69 31 14 53 43 45 66 15 10 17 14 44 35 37 20 70 66
split_gain=18.9884 34.9895 20.2129 26.2762 57.2201 39.9473 22.246 23.49 17.033 15.313 17.535 17.4157 15.0097 16.0032 17.9573 14.242 12.0294 10.6704 10.7231 10.0228 9.07324 7.17812 6.8763
threshold=1.9539555212719026 0.024633874318752375 0.88789462569950384 -0.21132370806334597 0.052023794148548304 0.0056005298291365432 0.18398599884355465 0.0043855857731901491 0.025353518654792743 0.011715771867990327 -0.027805872081546553 0.011930572666758116 0.99369084475895642 0.14176398920074609 1.3008429281053808 -2.5592151552039533 -0.036710370464978319 0.079007279764532048 0.0099347635676120417 -0.17523616921451776 -0.024470234337315485 2.1772294609934075 0.34787137681159425
decision_type=10 10 2 8 10 10 10 8 8 10 10 10 10 10 10 2 8 10 10 10 10 10 10
left_child=2 9 12 4 5 -4 7 -5 -6 17 -11 -12 13 15 -15 -1 -3 18 -2 -8 -14 -22 -19
right_child=1 16 3 6 8 -7 19 -9 -10 10 11 -13 20 14 -16 -17 -18 22 -20 -21 21 -23 -24
leaf_value=0.0027155643041758869 -0.002614802453722961 -0.0079778140122572123 0.0034722061661969458 -0.0028775471999899866 0.0020344166486516027 -0.0022106980407741316 0.0041654471011578105 0.0030464394772606596 0.0054139320058858584 0.0033078027775331636 -0.00055732050019736501 -0.0037212482773067291 0.00039135475734094929 -0.00045212906418446331 0.0077931915299150377 3.8535438410187056e-05 -0.0020356488314486358 0.0042937803475789436 0.00072504840110534832 0.00067850888232932872 -0.0007650556662142481 -0.0047686915262270943 0.0011028190798287919
leaf_weight=1224 212 206 315 1037 344 647 319 339 741 375 9652 684 295 237 300 138132 202 231 982 358 302 423 349
leaf_count=1224 212 206 315 1037 344 647 319 339 741 375 9652 684 295 237 300 138132 202 231 982 358 302 423 349
internal_value=4.22907e-05 -0.000693191 0.0001077 0.00149183 0.00309473 -0.000454829 -0.000106134 -0.00156718 0.00624125 -0.000504405 -0.000789582 -0.000943988 6.74028e-05 8.50501e-05 0.00352788 7.17438e-05 -0.00644988 0.00121577 0.000132218 0.00285841 -0.00234868 -0.00355096 0.0034389
internal_weight=157906 12893 145013 4100 2047 962 2053 1376 1085 12485 10711 10336 140913 139893 537 139356 408 1774 1194 677 1020 725 580
internal_count=157906 12893 145013 4100 2047 962 2053 1376 1085 12485 10711 10336 140913 139893 537 139356 408 1774 1194 677 1020 725 580
is_linear=0
shrinkage=0.02


Tree=102
num_leaves=29
num_cat=0
split_feature=21 70 46 46 54 54 52 50 57 57 52 50 44 54 44 66 44 42 66 42 71 42 42 44 46 44 56 29
split_gain=17.6387 23.1733 32.3574 35.2958 26.6619 25.6505 21.1548 26.7936 24.8286 20.74 25.7614 40.2311 19.6235 18.2978 16.8955 15.9133 15.3235 17.1575 16.0543 14.5139 24.8952 19.6686 13.7814 10.713 10.2329 9.04563 8.95962 7.22313
threshold=0.066500649826442118 -0.41696764209524562 0.0071743218066912407 0.0085880021556120189 0.53096825315061602 0.46133366762732642 0.67781798799304283 0.02923174239088944 0.44352323593343251 0.81643519151379296 0.88789462569950384 0.055917013758482022 0.061421842166587422 0.65574680014672626 0.040405949497475564 0.98565567747109939 0.051015913869813197 -0.024295885623618504 0.50311855703523134 0.047279301649295953 0.87297536435842116 0.031861074997023626 0.021973708461754397 0.022874648794687372 0.0057736637568546563 0.099831668351761951 0.049060133164152954 -2.7045761411626628
decision_type=10 10 8 10 8 10 2 10 10 10 2 10 10 10 10 10 10 10 8 10 8 10 10 10 10 10 10 10
left_child=9 2 12 4 -4 -5 16 14 -9 15 11 13 24 -11 -8 19 17 -3 -18 21 -21 -1 -12 -24 -2 -13 -17 -28
right_child=1 6 3 5 -6 -7 7 8 -10 10 22 25 -14 -15 -16 26 18 -19 -20 20 -22 -23 23 -25 -26 -27 27 -29
leaf_value=-4.510444702912411e-06 -0.0020928698199001307 0.0020725174166541993 -0.0015885355983817635 -0.0034945000018464061 -0.0055157097011576403 -0.00047478211273868534 -0.0051928117503912893 -0.0021840840874192743 0.00076749407195572693 0.00047760147782643914 0.00014835291267048731 -0.006638449484175247 0.0040886384992150871 0.0029677000729636548 -0.0018666776143664494 -0.0051644227159004233 0.0056997490894616235 -0.00033299340254904392 0.00096360112477921465 -0.0013835493637297924 0.0040113685964240486 0.0010216755554843216 0.0027346129643695634 0.0075863306342232395 0.00072924481423838645 -0.0021703718565879719 0.00061963483594748309 -0.0020680107566340695
leaf_weight=104925 267 1094 452 308 559 2349 901 1919 3727 17040 210 276 340 1387 1710 341 645 5006 1089 3913 464 7265 263 223 447 260 363 642
leaf_count=104925 267 1094 452 308 559 2349 901 1919 3727 17040 210 276 340 1387 1710 341 645 5006 1089 3913 464 7265 263 223 447 260 363 642
internal_value=1.32461e-05 -0.000529355 -0.00176117 -0.00264868 -0.00582806 -0.00143642 -0.000167661 -0.000874062 -9.88135e-05 9.5353e-05 0.000696745 0.000557794 0.00132512 0.000715107 -0.002549 -4.90188e-06 0.000576643 0.000104573 0.00223516 2.0057e-05 -0.00110964 6.41584e-05 0.00447346 0.00632033 -0.000556643 -0.00483799 -0.0021663 -0.00121074
internal_weight=158385 20813 4722 3668 1011 2657 16091 8257 5646 137572 19659 18963 1054 18427 2611 117913 7834 6100 1734 116567 4377 112190 696 486 714 536 1346 1005
internal_count=158385 20813 4722 3668 1011 2657 16091 8257 5646 137572 19659 18963 1054 18427 2611 117913 7834 6100 1734 116567 4377 112190 696 486 714 536 1346 1005
is_linear=0
shrinkage=0.02


Tree=103
num_leaves=22
num_cat=0
split_feature=57 33 41 19 46 40 18 54 26 52 42 66 78 17 53 46 17 50 49 50 53
split_gain=18.1585 17.0642 30.1568 24.4588 20.3576 19.6007 19.2814 16.2554 19.5313 15.6082 19.0228 15.2902 15.058 13.7349 13.2628 14.322 11.4462 10.1749 9.20921 12.6109 8.99039
threshold=0.96719734942567903 0.15267833383724788 0.032236937256637239 1.9539555212719026 0.0044955487679037938 0.0022156733941325999 83.42153687882994 0.65574680014672626 0.9462001072906645 0.56155059157242582 0.030415646905858077 0.44758944921819982 2.0431398716923481 -2.0499401959307448 0.017526162584594687 0.0041212788185697779 -0.7869008290871865 0.0052404787379354287 0.023787550519165371 0.0042652925049959664 0.019656344513484667
decision_type=10 10 10 10 10 10 10 10 10 2 10 8 10 2 10 10 2 10 10 10 10
left_child=1 6 4 20 11 -6 12 14 -9 -8 -11 -3 13 -1 15 -2 -14 -17 19 -16 -4
right_child=7 2 3 -5 5 -7 9 8 -10 10 -12 -13 16 -15 18 17 -18 -19 -20 -21 -22
leaf_value=0.0018747881490659749 -0.0034334803038626382 -0.0010148470754255492 0.0064083589485319338 -0.0041011638080868272 -0.0013192743186476689 0.0026620971673061425 -0.0029756257207290506 0.0092793941041607927 0.00055610940212290794 0.0020039669398446017 -0.00070812788087702434 0.0021136389900004611 -0.0049079374539947171 -2.6807840546421158e-05 0.00039316038535777866 -3.4590431940927733e-05 -0.00082488242819531577 0.0024993145409650422 0.0023085304322349258 -0.0094938155971902114 0.0025579828328890571
leaf_weight=1649 204 654 341 228 8523 559 246 225 204 2528 770 886 300 133622 211 1127 2505 2610 200 255 237
leaf_count=1649 204 654 341 228 8523 559 246 225 204 2528 770 886 300 133622 211 1127 2505 2610 200 255 237
internal_value=-2.25069e-05 -6.14052e-05 -0.000804795 0.00292193 -0.00108802 -0.00144864 -1.3981e-06 0.00115902 0.00487907 0.00145501 0.00181813 0.00103699 -3.88044e-05 -8.70838e-06 0.000811198 0.00125266 -0.00148895 0.00153505 -0.0017961 -0.00333619 0.00510881
internal_weight=158084 153048 11428 806 10622 9082 141620 5036 429 3544 3298 1540 138076 135271 4607 3941 2805 3737 666 466 578
internal_count=158084 153048 11428 806 10622 9082 141620 5036 429 3544 3298 1540 138076 135271 4607 3941 2805 3737 666 466 578
is_linear=0
shrinkage=0.02


Tree=104
num_leaves=18
num_cat=0
split_feature=78 55 54 9 45 57 52 54 52 44 13 30 48 70 9 45 57
split_gain=18.0672 20.0729 21.3108 29.5249 25.5744 33.1052 31.0926 21.2461 20.6989 52.0659 27.925 8.24959 7.41825 17.305 6.28862 13.0868 7.8828
threshold=2.2522849675092065 0.45151159250076128 0.24510757149693599 1.0113984535695957 0.0044010251167310123 0.10876430757152673 0.60896649527140501 0.24510757149693599 0.67781798799304283 0.060411507011390649 -0.27280421421896972 0.20112077811873821 -0.00022473610411022357 1.7973925425315109 1.357631965748247 0.0090173238371978447 0.30793423778054757
decision_type=10 8 8 10 8 8 2 8 2 10 10 10 8 10 10 10 8
left_child=1 7 3 -3 5 -4 -6 -1 9 -9 -10 -2 14 -14 15 -13 -16
right_child=11 2 4 -5 6 -7 -8 8 10 -11 -12 12 13 -15 16 -17 -18
leaf_value=0.0056203104942058046 0.00072145626698058996 0.00046741197175162924 -0.0043301017955116473 -0.010261901649124404 0.00010784065240863318 0.00072981378085982542 -0.00056260064128949971 0.00026429709448242019 0.0052556482915666683 -0.0016643722328624673 0.00050930655670806306 -0.0013028852991565708 -0.00011801070645422628 -0.0082704576316043193 -0.0013811506077027441 -0.0054289889554474712 0.0012347672948747079
leaf_weight=342 330 224 823 201 33390 13389 38122 31920 485 5534 31039 607 233 279 347 210 389
leaf_count=342 330 224 823 201 33390 13389 38122 31920 485 5534 31039 607 233 279 347 210 389
internal_value=-3.53467e-06 2.30141e-05 -0.000180824 -0.00464319 -0.000158624 0.000616196 -0.000312642 0.000276366 0.000251642 -6.61594e-05 0.000629278 -0.00172705 -0.00219652 -0.0042846 -0.0015045 -0.00271149 -0.000160109
internal_weight=157864 155469 86149 425 85724 14212 71512 69320 68978 37454 31524 2395 2065 512 1553 817 736
internal_count=157864 155469 86149 425 85724 14212 71512 69320 68978 37454 31524 2395 2065 512 1553 817 736
is_linear=0
shrinkage=0.02


Tree=105
num_leaves=24
num_cat=0
split_feature=32 44 54 33 44 7 48 9 54 6 6 17 53 68 53 9 69 69 58 35 78 54 76
split_gain=16.1221 24.9319 23.1173 18.2707 25.14 21.5673 17.7658 15.4918 15.1432 22.8754 20.3893 12.5146 12.9001 50.3348 26.7746 12.4505 12.913 10.1622 7.77839 7.71025 12.3153 12.1115 3.67334
threshold=0.32248816140126663 0.10184831294004694 0.49570021689197957 0.14734579120385247 0.05207707518073413 0.021267191871035825 -0.066023517209084101 0.92341506031300491 0.43222225140174991 0.010723025472992873 0.010113325930811242 -2.0499401959307448 0.020765563179641202 -1.0739227545880767 0.020587867958909118 0.86293101632469937 -0.8103116461440566 -0.50579319417869428 0.37765976711758215 -0.039522745513532596 -1.1979588198988338 0.44545917047553835 1.0000000180025095e-35
decision_type=10 10 10 8 8 10 8 10 8 8 8 2 10 10 10 10 10 8 10 10 10 10 10
left_child=3 19 -3 11 5 6 -5 -4 9 -6 -10 15 14 -14 -13 18 -17 -9 -1 -2 -21 -22 -7
right_child=1 2 7 4 8 22 -8 17 10 -11 -12 12 13 -15 -16 16 -18 -19 -20 20 21 -23 -24
leaf_value=0.0020981873160662245 0.0039636331935910141 0.01180640635917495 0.0061527354705772112 -0.003387468539369139 0.0028134463911931706 0.0057380204361917953 -0.0010897244651585495 -0.0046087478946541405 -0.0040429084680115544 0.00013720363481877358 -0.00017169895201064682 2.7354344516480576e-05 0.0038035251404274139 -0.0010661357498313758 0.0033033151903913479 -0.0028068860241491833 0.0037186523425249609 0.0016909002680259605 -0.0027387292300304245 -0.0048207592898815814 -0.0037643424146916868 0.003796010456702231 0.0012913756909289551
leaf_weight=230 316 387 207 1347 718 218 5289 200 335 1710 4422 131386 959 6949 587 213 971 401 290 289 287 315 222
leaf_count=230 316 387 207 1347 718 218 5289 200 335 1710 4422 131386 959 6949 587 213 971 401 290 289 287 315 222
internal_value=-1.18674e-05 0.00161382 0.00366054 -3.69465e-05 -0.000719254 -0.00156535 -0.00184993 0.00172806 0.000113832 0.00139893 -0.000541824 3.17687e-05 1.0995e-05 -0.000773549 5.80266e-05 0.0017349 0.00286751 9.63455e-05 -0.000840691 -0.000412252 -0.00136547 0.000262023 0.00271655
internal_weight=158248 2402 1195 155846 14261 7076 6636 808 7185 2428 4757 141585 139881 7908 131973 1704 1184 601 520 1207 891 602 440
internal_count=158248 2402 1195 155846 14261 7076 6636 808 7185 2428 4757 141585 139881 7908 131973 1704 1184 601 520 1207 891 602 440
is_linear=0
shrinkage=0.02


Tree=106
num_leaves=21
num_cat=0
split_feature=0 54 47 12 54 56 44 72 20 38 41 46 4 20 28 44 46 50 4 69
split_gain=14.4975 23.9283 30.9663 37.3879 19.7328 28.0702 18.6152 20.1562 16.6616 15.766 14.7831 14.4527 22.1513 14.4374 13.4549 26.3019 23.944 21.1836 20.273 19.2866
threshold=-0.030752029086140494 0.5475143567272901 -0.062195599211185608 -0.030391944245477528 0.41303872162117189 0.40736749680715206 -0.089159649383810533 1.2477313094842046 0.020961619313966621 1.6292706313043768 -0.0057599059945507838 0.0097516897359892756 0.031430438566957049 -0.039494879314350355 -0.20954908619827875 0.12861840383644133 0.03709626144380785 0.071921925095346353 -0.062087194160452823 -0.24936112690690584
decision_type=10 10 10 10 8 8 8 8 10 10 10 8 8 10 8 8 10 10 10 10
left_child=1 4 6 10 5 -1 8 -8 -3 14 -4 12 -6 -5 15 17 19 -2 -18 -16
right_child=9 2 3 13 11 -7 7 -9 -10 -11 -12 -13 -14 -15 16 -17 18 -19 -20 -21
leaf_value=-0.0017083424136039951 0.0011907447289318436 0.0027625683608251922 0.0092143815142570907 -0.0031982102675849472 -0.00070838978309116854 0.0060711015820024781 -0.00023922029478939816 -0.006383857645739348 -0.0015924338778060662 -0.0033080374736949654 0.0045279693877550743 0.0016774235411071759 -0.0069504923823494645 0.0023854454025257934 -0.0002876483648369077 -0.0049405259010845423 -0.00032629547350012875 0.006179262174594225 -0.0037910134055894567 0.00012304641845373694
leaf_weight=318 5220 728 608 208 620 318 659 216 269 387 372 346 438 464 62285 250 603 268 624 82774
leaf_count=318 5220 728 608 208 620 318 659 216 269 387 372 346 438 464 62285 250 603 268 624 82774
internal_value=-3.91199e-06 0.000998742 0.0019966 0.00399153 -0.000724155 0.00219466 0.000233849 -0.00189269 0.0021022 -4.05349e-05 0.00648114 -0.0020484 -0.00320869 0.00035364 -3.0245e-05 0.000919672 -6.75248e-05 0.00120933 -0.00284853 -4.3968e-05
internal_weight=157975 5564 3524 1652 2040 636 1872 875 997 152411 980 1404 1058 672 152024 5738 146286 5488 1227 145059
internal_count=157975 5564 3524 1652 2040 636 1872 875 997 152411 980 1404 1058 672 152024 5738 146286 5488 1227 145059
is_linear=0
shrinkage=0.02


Tree=107
num_leaves=24
num_cat=0
split_feature=70 43 58 41 19 41 37 32 50 44 44 52 6 44 32 42 14 34 26 76 24 76 47
split_gain=18.2112 46.5134 23.4639 18.4753 17.8252 39.5188 19.4861 18.2799 25.0469 17.097 16.1445 20.4778 15.9828 33.5992 19.2548 15.4862 15.4545 14.2156 11.7317 13.4268 9.41001 11.1055 8.47917
threshold=-1.2417227077992512 0.0050476058442934244 0.021715552202206927 -0.0045725356674610742 1.9330776415161919 0.028528501236542162 0.4413903952285661 -0.22414548643421614 0.054178326588805954 0.055703942813936098 0.059948603276570929 0.685349178277186 0.04482431517779429 0.17681011950591644 0.29953390238644689 0.017838747365710454 -0.32459048273431573 0.027000195143582671 0.85258108050844517 -0.31207879482698936 0.63111018585666911 -0.34520010643041033 -0.0025417031159957189
decision_type=8 10 10 10 10 10 10 8 10 10 8 2 10 10 10 10 8 10 10 10 10 10 10
left_child=1 2 20 -3 7 10 9 8 17 -7 11 -6 14 -14 -9 -12 -10 -2 22 -20 21 -1 -5
right_child=4 3 -4 18 5 6 -8 12 16 -11 15 -13 13 -15 -16 -17 -18 -19 19 -21 -22 -23 -24
leaf_value=-0.0025972207200193049 0.00013766640705496991 0.0047040058998236564 -0.0062010321306722061 -0.0028942476715774963 0.00014730941718735653 -0.0027632021363741166 -0.0067269763085398395 6.9496627360046386e-05 0.009616759700152553 0.00038129836390911667 -0.00034675185312051641 -0.0017659310501505503 -0.00071539876539412938 -0.010011641948058665 0.0023197723479280873 0.0015952375932060899 0.0031775741042809995 0.0051886475295265079 0.0026727613155778911 -0.00026685738526396999 -0.0043301599674007889 0.00076042317519040979 0.00037764444289804219
leaf_weight=311 1846 210 344 270 3435 917 257 135240 218 479 2551 3158 2142 314 2281 2478 338 298 211 421 214 250 251
leaf_count=311 1846 210 344 270 3435 917 257 135240 218 479 2551 3158 2142 314 2281 2478 338 298 211 421 214 250 251
internal_value=2.47294e-05 -0.00167459 -0.00469464 0.000804985 5.17977e-05 -0.000649141 -0.00354172 0.000117033 0.00174676 -0.00260415 -0.000237288 -0.000888383 8.55706e-05 -0.00151323 0.000114149 0.000615905 0.00552603 0.000763636 -0.000188908 0.00163981 -0.00275515 -0.00138434 -0.00240996
internal_weight=158434 2482 1119 1363 155952 13275 1653 142677 2700 1396 11622 6593 139977 2456 137521 5029 556 2144 1153 632 775 561 521
internal_count=158434 2482 1119 1363 155952 13275 1653 142677 2700 1396 11622 6593 139977 2456 137521 5029 556 2144 1153 632 775 561 521
is_linear=0
shrinkage=0.02


Tree=108
num_leaves=24
num_cat=0
split_feature=70 49 42 42 0 42 42 44 42 6 46 69 43 42 46 46 10 36 10 24 0 69 44
split_gain=22.8737 34.9959 16.6361 27.5841 16.2381 20.4185 42.1566 33.4263 29.0988 19.8526 42.971 53.1187 39.3915 19.5537 29.2226 15.9247 49.0871 30.1307 14.3195 10.351 9.7705 8.79174 7.02788
threshold=-1.2417227077992512 -0.016455705772573045 0.0092143244261732055 0.016541133424433977 -0.029326788012918489 -0.01346065179162753 0.0064261104393029686 0.11987758949867323 0.0025661642537345712 0.010723025472992873 0.0078665738142540773 -1.283863352098942 0.029966135125269137 -0.027812717491578317 0.0077017608516100544 0.0071360513986925972 1.4287262829129446 0.053014992598922596 0.47425759060794376 2.0406743734941077 0.0014050225556355713 -0.049170379946936231 0.068760839928402553
decision_type=8 10 10 10 8 8 10 10 8 8 10 10 10 10 10 8 10 8 8 10 10 8 10
left_child=1 18 20 -4 5 13 8 -8 -7 10 11 -6 -12 19 -15 17 -17 -11 -1 -2 21 -3 -5
right_child=4 2 3 22 9 6 7 -9 -10 15 12 -13 -14 14 -16 16 -18 -19 -20 -21 -22 -23 -24
leaf_value=-0.0077138897863596803 -0.00038657054201621016 0.00018742403697974836 -0.005076893447403326 -0.000842312222465747 -0.0015455110635870864 -0.00094570786500644186 0.0010581815887856462 0.011268314368991823 -0.0073022850648082884 -0.00078576239118612198 -0.000376244847172403 0.00085778089287386668 -0.0043448371265357843 -0.00055487860859406509 0.0062442572662693083 -0.00012052209656550135 0.0014925321459500229 0.00039737543114658284 -0.0037131616502264252 0.0026939408863915614 -0.0012248530156382541 0.0031520499959401815 0.0023227566292896335
leaf_weight=201 1187 232 379 635 1665 1150 1397 243 321 28483 3300 23542 726 448 1049 68708 11151 12011 222 469 365 258 233
leaf_count=201 1187 232 379 635 1665 1150 1397 243 321 28483 3300 23542 726 448 1049 68708 11151 12011 222 469 365 258 233
internal_value=1.22367e-05 -0.00187569 -0.000816928 -0.00229006 4.28486e-05 0.00104038 -0.000108612 0.00209506 -0.00256658 1.05624e-06 0.000468564 0.000775071 -0.00144971 0.00217438 0.00383044 -0.000112485 5.13148e-05 -0.00043556 -0.00711792 0.000674713 0.00132944 0.00317312 -0.000319908
internal_weight=158375 2525 2102 1247 155850 6264 3111 1640 1471 149586 29233 25207 4026 3153 1497 120353 79859 40494 423 1656 855 490 868
internal_count=158375 2525 2102 1247 155850 6264 3111 1640 1471 149586 29233 25207 4026 3153 1497 120353 79859 40494 423 1656 855 490 868
is_linear=0
shrinkage=0.02


Tree=109
num_leaves=29
num_cat=0
split_feature=67 53 71 53 45 69 42 44 26 69 44 44 53 50 50 4 15 57 53 36 72 56 2 36 52 72 45 20
split_gain=19.8681 32.5691 23.6547 23.2651 40.7945 47.0759 30.802 43.8712 34.6451 23.1803 51.7766 49.0344 42.8403 41.8121 38.8005 31.2406 24.5646 23.1584 20.9671 18.6658 16.4688 15.8778 14.4127 13.1966 13.0677 11.0878 14.5066 9.88256
threshold=0.10472095872879782 0.010900370658205363 -0.35628012608404941 0.013639970853982417 0.0042638229464741677 0.3463301662484774 -0.0022924988297663425 -0.084893261369471937 0.51139617366334 -0.24936112690690584 0.12547988852472428 0.15576978428121704 0.017511423483394125 0.071921925095346353 0.067212761852046957 0.0011813898209219744 -0.015669791227908066 0.16419481539670075 0.011791383011281712 0.066865620914085142 -0.27165811665682399 0.16836741069011338 0.0037419664211199026 -0.11552935049191186 0.81911876599571154 1.2755436822945372 0.0039897985847384045 0.0079830581308323895
decision_type=8 8 10 10 8 10 10 8 10 10 10 10 10 10 10 10 10 10 10 10 8 10 10 10 2 10 10 10
left_child=9 2 19 4 17 -6 7 -5 -8 10 14 13 16 18 15 -1 -12 -3 -11 27 -14 -16 -15 -13 -25 26 -4 -2
right_child=1 3 25 6 5 -7 8 -9 -10 11 12 23 20 22 21 -17 -18 -19 -20 -21 -22 -23 -24 24 -26 -27 -28 -29
leaf_value=0.000331489386740292 0.0048642946076997593 -0.0022772938781494894 -0.002730497476925903 -0.001690701109238238 -0.00044232106542852227 -0.0020521287218492005 0.0021391481780767933 0.0012875915995984102 -0.00046414484359058025 -0.00058185044895710247 0.0070358769250640808 0.00044567447668696607 -0.0057175631339048769 -0.0067803201234751575 0.0093196374369865099 -0.00074562426600322928 -0.0013535439288050804 0.00093058272748647091 0.00063937583536848063 0.00021267119303431344 -0.0027791780917491649 0.0011264732891691667 -0.0023062055358270702 0.0032816417692926089 0.006888512142111735 -0.0040317312106287117 0.0021307665766933485 0.0026216599420669172
leaf_weight=31000 386 953 292 1943 12810 7607 2086 10315 25833 5665 203 201 486 200 204 13827 281 5826 33759 361 1137 268 269 524 292 225 937 378
leaf_count=31000 386 953 292 1943 12810 7607 2086 10315 25833 5665 203 201 486 200 204 13827 281 5826 33759 361 1137 268 269 524 292 225 937 378
internal_value=7.06392e-06 -0.000244707 0.00196047 -0.000329177 -0.000780895 -0.00122725 -2.33461e-05 0.000812301 -0.00039033 0.000206506 -9.44586e-05 0.000555303 -0.00315844 0.000444628 4.80795e-05 -1.20014e-05 0.00205773 0.000563127 0.000515358 0.00413677 -0.00471552 0.0057463 -0.00548511 0.00488998 0.00601958 0.00027354 0.00102276 0.00590588
internal_weight=158268 69952 2579 67373 27196 20417 40177 12258 27919 88316 47406 40910 2107 39893 45299 44827 484 6779 39424 1125 1623 472 469 1017 816 1454 1229 764
internal_count=158268 69952 2579 67373 27196 20417 40177 12258 27919 88316 47406 40910 2107 39893 45299 44827 484 6779 39424 1125 1623 472 469 1017 816 1454 1229 764
is_linear=0
shrinkage=0.02


Tree=110
num_leaves=28
num_cat=0
split_feature=0 48 48 9 23 10 53 60 44 57 44 57 46 45 44 6 45 43 43 70 45 54 45 24 54 9 8
split_gain=17.5567 20.2874 31.7207 19.8929 18.4761 20.3359 17.6994 51.4702 80.3402 81.7312 54.7592 67.3288 35.2387 32.5106 20.1301 41.0054 75.6812 32.6376 28.3911 46.9385 18.2497 16.0941 15.1736 15.2248 13.0033 10.4036 8.4412
threshold=-0.032353043915001982 -0.024505980813748215 -0.069558997314310964 1.1822956293552656 -0.060051101320112092 0.97599339572810417 0.019811337062126514 0.68300265413566563 0.16428337884866476 0.44766867423298656 0.16428337884866476 0.22389682024659316 0.0095149286764732444 0.0083304609404307017 -0.026640248124310536 0.014693879811465435 0.010654894527551471 -0.054272879783843035 -0.014492460235348335 -0.77492985716538165 0.011644313215002934 0.41119808322121021 0.013277514541601062 0.82442312606890678 0.51042087342324793 1.8688989826441611 0.0093498698941811929
decision_type=10 8 10 10 8 8 10 8 10 8 10 8 10 10 8 8 10 10 8 8 10 8 10 10 10 10 10
left_child=1 2 22 -4 5 -3 14 8 12 -10 13 -12 -8 -9 15 16 -2 -17 19 -16 -20 -6 -1 -24 -5 -23 -7
right_child=6 4 3 24 21 26 7 10 9 -11 11 -13 -14 -15 18 17 -18 -19 20 -21 -22 25 23 -25 -26 -27 -28
leaf_value=-0.0048867514605971368 -0.0026161245247255382 0.0068318309022399448 0.00065974789802427769 0.0023887405103306899 0.0025393106556254423 -0.00330375074067016 -0.0059929017073137424 -0.0051854915201595374 -0.0032334472748657499 0.003931690322077107 -0.011849575177509992 0.0015385595113352811 -0.0017129281280825665 0.0028449231567595156 -0.0026385868855820843 -0.0013230277875474622 0.003502152318787873 0.0011865002579451176 0.00011785259134724023 -0.00031274170849340143 -0.0010565001182790907 -0.0041768083829683842 -0.00035784645007843106 0.0027362248945493068 0.00703543655316339 0.0003294104371498636 0.0030989063983884778
leaf_weight=221 896 237 387 325 203 205 505 259 453 1077 339 343 6857 2982 2481 3604 2821 3909 109761 11858 4914 578 945 636 770 206 260
leaf_count=221 896 237 387 325 203 205 505 259 453 1077 339 343 6857 2982 2481 3604 2821 3909 109761 11858 4914 578 945 636 770 206 260
internal_value=8.34003e-06 0.00117772 0.00209376 0.00426028 -0.000602367 0.00187482 -2.96485e-05 -0.000741105 -0.00158304 0.00258524 0.00116667 -0.0039795 -0.00244982 0.00225108 3.53524e-05 0.000847476 0.00256536 -2.39553e-06 -3.53292e-05 -0.000874338 6.95699e-05 -0.0023664 0.000309484 0.000997472 0.00563686 -0.00366624 -0.000553648
internal_weight=158032 4973 3284 1482 1689 702 153059 12815 8892 1530 3923 682 7362 3241 140244 11230 3717 7513 129014 14339 114675 987 1802 1581 1095 784 465
internal_count=158032 4973 3284 1482 1689 702 153059 12815 8892 1530 3923 682 7362 3241 140244 11230 3717 7513 129014 14339 114675 987 1802 1581 1095 784 465
is_linear=0
shrinkage=0.02


Tree=111
num_leaves=25
num_cat=0
split_feature=69 44 52 48 48 52 42 59 41 53 2 50 41 41 41 44 43 47 44 51 59 77 44 77
split_gain=18.1919 61.65 65.677 56.8388 75.5225 67.5028 57.059 55.1871 52.3397 44.522 41.4227 36.9905 33.6067 32.325 36.4711 32.8969 57.9763 30.238 28.7681 26.8102 21.5095 20.3109 19.5189 18.1952
threshold=0.048835227636172616 0.00083595413199644153 0.61652236652236658 -0.02575869664184632 -0.022692114710380681 0.78622612810545889 0.010309072480018335 0.26212661119825414 0.012088925481213432 0.012554480194296903 -0.035889431194736414 0.11198429954846724 -0.0060701709315129073 0.025892532785220083 0.033146437561890514 0.00083595413199644153 -0.05608314278748882 -0.014512725963472693 0.043656047087019319 0.8243455400107762 0.090241442488945278 -0.31043815091330773 -0.031313881838822215 0.25754249361100129
decision_type=10 10 2 10 10 2 10 10 10 10 10 10 10 8 8 8 8 10 10 2 10 10 10 10
left_child=11 2 9 5 12 6 -3 23 -6 10 -2 13 -5 15 19 17 -17 -1 -16 -15 -7 -9 -11 -4
right_child=1 3 7 4 8 20 -8 21 -10 22 -12 -13 -14 14 18 16 -18 -19 -20 -21 -22 -23 -24 -25
leaf_value=0.00033880466203380007 0.0043866096160398785 0.001997521601703349 -0.0034478588102691754 0.0010220428083345997 0.0007996105809471828 0.006175348105715941 -0.0017838571422996679 0.0019765045308072085 -0.00046948815107312211 0.00053107416922562459 -0.0036888673322135013 -0.0053402897275846122 -0.0051536533684071947 0.0037239257655418134 0.00084496067002959253 0.0095757465538722358 -0.00046197880708375073 0.0046146232489378816 -0.0024993909071197298 0.00039677914308064243 0.0036435068202399067 -0.0022373351778765993 -0.0010181879979153105 -0.0073513048692357974
leaf_weight=13410 219 6440 493 324 27575 268 1914 320 13194 7360 985 223 1085 2601 1995 207 68586 797 1713 1847 1493 1105 3544 458
leaf_count=13410 219 6440 493 324 27575 268 1914 320 13194 7360 985 223 1085 2601 1995 207 68586 797 1713 1847 1493 1105 3544 458
internal_value=6.31019e-06 0.00025724 -0.000897342 0.000577083 0.000254107 0.00192349 0.00117271 -0.0039369 0.000411528 -0.000300438 -0.00394855 -0.000177041 -0.00429645 -0.00015707 0.00104426 -0.000275153 -0.000456115 0.000600929 -0.000420059 0.00226523 0.00548127 -0.0014432 0.000102522 -0.00766597
internal_weight=158156 66777 14484 52293 42178 10115 8354 2376 40769 12108 1204 91379 1409 91156 8156 83000 68793 14207 3708 4448 1761 1425 10904 951
internal_count=158156 66777 14484 52293 42178 10115 8354 2376 40769 12108 1204 91379 1409 91156 8156 83000 68793 14207 3708 4448 1761 1425 10904 951
is_linear=0
shrinkage=0.02


Tree=112
num_leaves=23
num_cat=0
split_feature=0 48 48 9 38 44 52 54 45 75 16 4 48 45 65 29 22 44 30 72 66 58
split_gain=19.0362 24.4457 35.048 24.9449 21.0339 20.312 27.8716 16.7592 21.8182 16.396 15.5486 14.9698 17.9411 14.836 38.6434 20.7707 13.871 13.5955 12.7419 12.4751 12.2877 9.26626
threshold=-0.030752029086140494 -0.022926854672786264 -0.069558997314310964 1.1822956293552656 1.6292706313043768 0.035014286716079875 0.65910889706224696 0.4081202386882879 0.0063824696578018746 -0.39022015540438065 -0.034790426987395699 -0.34331206254764313 -0.15381370080476323 0.0044644464611294701 0.14889156519024047 3.0137249205710828 -0.080364447864354913 0.02357729889209426 0.58688106195735312 0.89106675916286726 0.71700120433560832 0.80490309009866301
decision_type=8 8 10 10 10 8 2 10 10 8 8 8 10 8 8 10 10 10 10 10 10 8
left_child=1 2 19 17 11 6 10 16 -9 -5 -3 12 -2 14 -13 -15 -7 -4 -14 21 -21 -1
right_child=4 5 3 9 -6 7 -8 8 -10 -11 -12 13 18 15 -16 -17 -18 -19 -20 20 -22 -23
leaf_value=0.00051156524880546143 -0.001377848810635958 0.0047334070784017116 -0.0020352621919164492 0.0084836465290518207 -0.0036985164336255818 -0.0020855231983770203 0.010426603345170569 -0.0062913303231698402 -0.00036366626804995193 0.0036750112354212582 -0.0042968516017958275 -0.0015465454957571349 0.0095413672729314 4.4764472573153929e-05 0.00062960329560856915 -0.00040695488917799112 0.0043194535783559343 0.0042902325450068675 0.0024869553829032567 0.00060228747646433529 -0.0058071037075373248 0.0068947406951463666
leaf_weight=1167 282 233 270 670 396 229 215 435 390 571 207 4197 229 81301 25039 40776 201 223 223 364 242 232
leaf_count=1167 282 233 270 670 396 229 215 435 390 571 207 4197 229 81301 25039 40776 201 223 223 364 242 232
internal_value=1.0108e-05 0.00115009 0.00209037 0.00417176 -3.21298e-05 -0.000689691 0.00216159 -0.00217994 -0.00384746 0.00568277 -0.000721088 -2.01121e-05 0.00282721 -3.39559e-05 0.000370695 -0.000130884 0.00101624 0.000360324 0.0052936 0.000288136 -0.00210544 0.00132714
internal_weight=158092 5649 3739 1734 152443 1910 655 1255 825 1241 440 152047 734 151313 29236 122077 430 493 452 2005 606 1399
internal_count=158092 5649 3739 1734 152443 1910 655 1255 825 1241 440 152047 734 151313 29236 122077 430 493 452 2005 606 1399
is_linear=0
shrinkage=0.02


Tree=113
num_leaves=25
num_cat=0
split_feature=28 45 46 51 34 44 6 47 41 7 57 41 44 45 38 60 9 51 29 54 20 63 4 30
split_gain=18.4344 25.0172 55.7185 27.7462 24.8518 22.9444 45.2213 33.6322 24.2683 34.7058 25.6723 50.7596 42.2575 22.0861 22.2527 22.0254 19.388 18.6611 17.9644 17.6884 11.8944 11.2551 10.5998 6.89721
threshold=-0.19869186530094993 0.017937732423117535 0.012026607345245589 0.07738868974934679 0.021142159949618246 -0.12309302849888985 0.018812766509491836 -0.15327845528716069 0.049669818797121963 0.0098991504760838674 0.35974956912310024 0.046038674834005373 0.15576978428121704 0.012387350956558569 0.56852914860537662 0.20041111054775307 0.9592651127494195 0.43219232223253262 2.4552885426141793 0.37548993311754653 0.016570315308490961 0.37526883709743819 -0.15083339333839049 0.58549729893681968
decision_type=8 10 10 2 10 8 8 10 10 10 8 10 10 10 10 8 10 2 8 10 10 10 10 10
left_child=1 2 3 -1 16 6 -2 18 10 -10 11 -7 -12 22 -15 -9 -3 -18 -8 -5 21 -6 -4 -11
right_child=5 4 13 19 20 8 7 15 9 23 12 -13 -14 14 -16 -17 17 -19 -20 -21 -22 -23 -24 -25
leaf_value=-0.0068553075594327351 -0.0054131465171185526 0.0014642960130889175 -0.002397849986340724 -0.005513982800117014 0.00075895211269469854 -0.00032289705476493867 -0.00044538059048259858 -0.0077313798329010476 -0.0062489751045826164 0.0015290818733805387 8.3470241809595824e-05 -0.0061895279074290314 0.00234139727993139 -0.00035311594125346513 0.0065925689839565552 -0.0015672532202894074 -0.0051601797632640509 -0.0012248916967128138 0.0031916874048971851 0.0015643172509687809 -0.0024168316532424158 0.0058537600368623365 0.0049633312137307012 -0.002000246478030248
leaf_weight=236 266 262 283 235 575 46270 574 202 234 226 98217 368 1991 215 1210 515 514 677 358 3554 243 262 285 202
leaf_count=236 266 262 283 235 575 46270 574 202 234 226 98217 368 1991 215 1210 515 514 677 358 3554 243 262 285 202
internal_value=-1.6952e-05 0.000886109 0.00158797 0.000232986 -0.000780584 -6.86503e-05 -0.00224322 -0.00100485 -4.03908e-05 -0.00385822 -2.31397e-05 -0.000410772 0.000157251 0.00432197 0.00565077 -0.00425905 -0.00248831 -0.00357215 0.00149839 0.000648549 0.00151526 0.00264678 0.000980668 -0.000461538
internal_weight=157974 8551 6018 4025 2533 149423 1915 1649 147508 662 146846 46638 100208 1993 1425 717 1453 1191 932 3789 1080 837 568 428
internal_count=157974 8551 6018 4025 2533 149423 1915 1649 147508 662 146846 46638 100208 1993 1425 717 1453 1191 932 3789 1080 837 568 428
is_linear=0
shrinkage=0.02


Tree=114
num_leaves=22
num_cat=0
split_feature=9 53 34 72 36 44 53 48 0 42 37 53 30 56 53 68 6 47 69 75 43
split_gain=15.2365 23.7965 19.3917 15.1541 31.9907 29.214 28.1797 41.1936 14.6143 26.985 25.6401 24.2014 14.7502 20.6538 13.7226 13.3222 13.2535 15.3074 9.01192 11.1859 8.93439
threshold=-0.34212968508068548 0.011382915358150428 0.00012917690964549133 -1.8353486864856075 0.080907876073964533 0.056900079495534446 0.018097690716036615 -0.02925606580016232 -0.042467505520466901 -0.01346065179162753 0.38130491903014857 0.013274044109080776 0.8035890858151129 0.72973101539526042 0.020765563179641202 1.3975122259204493 0.015386194146043202 -0.0011925195451574775 0.016131979414882619 -1.5577649545416248 0.03726377793973757
decision_type=8 10 10 8 10 10 10 8 8 10 10 10 10 10 10 10 8 10 10 8 10
left_child=1 -1 16 4 6 15 7 -2 9 11 -11 -5 14 -14 -10 -6 17 -3 19 -4 -20
right_child=3 2 18 8 5 -7 -8 -9 12 10 -12 -13 13 -15 -16 -17 -18 -19 20 -21 -22
leaf_value=-0.0057281882808173836 -0.0053905493721418951 0.0056286049941067541 0.0029730063258245789 0.0064951679646630626 -0.0066346985448380927 0.00074715512437061396 0.0052020075423839284 0.0013472989732829625 1.0175106932285572e-05 -0.0027861191867251593 0.0040475929552407711 0.0021785819376710512 -0.0011040090637861706 0.0034292055033593406 -0.00068441404120451273 -0.0025801582739925226 0.001375146673082624 0.0018076924883724901 0.00076425665346273807 -0.0012891881478502188 0.0054057767869847215
leaf_weight=233 528 288 301 313 544 326 257 948 135625 749 408 938 5007 222 8902 240 300 223 727 1015 254
leaf_count=233 528 288 301 313 544 326 257 948 135625 749 408 938 5007 222 8902 240 300 223 727 1015 254
internal_value=-5.00035e-05 0.00128606 0.00174912 -7.88217e-05 -0.00152532 -0.00417462 0.000171857 -0.000892349 -5.17727e-05 0.00149357 -0.00070639 0.00352875 -7.66442e-05 -0.00112008 -3.88714e-05 -0.00626497 0.0044064 0.00636328 0.000808529 -0.00027183 0.00225866
internal_weight=158348 3341 3108 155007 2843 1110 1733 1476 152164 2408 1157 1251 149756 5229 144527 784 811 511 2297 1316 981
internal_count=158348 3341 3108 155007 2843 1110 1733 1476 152164 2408 1157 1251 149756 5229 144527 784 811 511 2297 1316 981
is_linear=0
shrinkage=0.02


Tree=115
num_leaves=24
num_cat=0
split_feature=45 70 10 6 44 28 19 43 6 45 54 20 44 72 43 72 72 30 19 54 46 20 39
split_gain=14.1649 35.3262 26.5333 15.8696 32.5989 46.1026 31.0468 30.4895 62.4868 47.6146 27.4723 18.3262 39.0862 17.6424 14.9739 22.9667 15.7136 12.5678 12.2551 11.5529 10.4161 20.6523 16.6921
threshold=0.003420358906767959 0.34524898180155378 1.7095216451796926 0.020860053698785835 -0.12918327945539967 -0.14633351611842868 1.9539555212719026 -0.053124800089148654 0.015324295652932489 0.012310979767650991 0.71600631152671512 -0.036550719043246964 0.17681011950591644 0.40409296997190453 0.019993012138302627 -0.76270928544601901 -0.77557317977738749 0.45619943232910914 -1.6057922874026389 0.48606330894025773 0.0072488840106991062 -0.011373569065206033 0.00299574550240489
decision_type=8 10 8 10 8 10 10 8 8 10 10 10 10 10 10 10 10 10 10 10 10 10 10
left_child=1 2 14 4 5 -2 11 8 -6 -9 19 12 -5 -13 16 -16 -1 -4 -3 -8 21 -20 -22
right_child=3 18 17 6 7 -7 10 9 -10 -11 -12 13 -14 -15 15 -17 -18 -19 20 -21 22 -23 -24
leaf_value=-0.0029413198529541756 0.00062947140806629001 -0.0045915303745101667 0.0074554509798811057 0.0024280101115015393 0.002890671057113956 -0.0064758129122724929 -0.0039845405529057515 -5.1748442801697117e-05 -0.0011803434471446132 -0.0012494783875114498 -0.0052403366219196616 -0.00031825858395114403 -0.0039740315947173026 0.00097767377949923846 0.0031186373239332965 0.00072769828028954714 0.00076824211743975468 0.0035486687020621567 0.0018159364783837742 0.00050528857105918432 0.0039721169940146349 -0.0029923132475638539 -0.0048297239960186792
leaf_weight=651 226 207 220 5801 3038 238 794 103236 2464 8682 398 9740 405 12923 1091 2949 1671 329 447 1172 374 940 214
leaf_count=651 226 207 220 5801 3038 238 794 103236 2464 8682 398 9740 405 12923 1091 2949 1671 329 447 1172 374 940 214
internal_value=2.29946e-05 0.000789312 0.00148987 -2.37262e-05 -0.00012994 -0.00541505 0.000377089 -0.000108992 0.00134436 -0.00018047 -0.00182579 0.000557603 0.00152054 0.00029377 0.00112494 0.00186043 -0.000154111 0.00570545 -0.00142831 -0.000853076 -0.000940283 -0.00188617 0.00128693
internal_weight=158210 9093 6911 149117 117884 464 31233 117420 5502 111918 2364 28869 6206 22663 6362 4040 2322 549 2182 1966 1975 1387 588
internal_count=158210 9093 6911 149117 117884 464 31233 117420 5502 111918 2364 28869 6206 22663 6362 4040 2322 549 2182 1966 1975 1387 588
is_linear=0
shrinkage=0.02


Tree=116
num_leaves=20
num_cat=0
split_feature=32 44 14 75 14 44 50 6 43 46 75 31 7 66 16 77 22 57 6
split_gain=16.4977 27.7116 27.829 15.7019 15.5746 37.2014 32.7157 18.4018 25.7278 34.4936 27.3667 16.2147 20.8341 12.8044 11.7934 9.25235 7.23617 6.69992 8.29731
threshold=0.32248816140126663 0.10410270243662935 -0.19498572290762314 -0.11739328958413787 -0.35275334335723491 0.13351570787985304 0.056259169679818484 0.035539652476200896 0.051227593454310501 0.020108717395592213 1.4434614857236971 0.19755237142020268 0.019101742742254277 0.52279907471579923 0.078628997251808844 -0.37230599258922953 0.29166373476074808 0.93262013729977122 0.034432586446250406
decision_type=10 10 8 10 8 10 10 10 10 10 10 10 10 10 10 10 10 10 10
left_child=4 16 -3 -4 5 6 13 8 10 -10 -6 12 -9 -1 -5 -13 -2 -18 -19
right_child=1 2 3 14 7 -7 -8 11 9 -11 -12 15 -14 -15 -16 -17 17 18 -20
leaf_value=0.0069318205673744695 0.0038273153548790918 -0.0066417569923872526 0.013781299566661437 -0.00021092103566757502 -6.9829679927507077e-05 -0.0063157482541689111 0.01071664479272885 -0.0018067528802671235 0.00056504291646921462 0.0039706912769519797 -0.0039210544819889516 -0.0012143963014874632 0.00070298781919609558 -0.00014720852928886032 0.0060743022287631822 -0.0039305805160399099 -0.0034882573668066543 0.0015717412160318389 -0.0050932846074075123
leaf_weight=551 257 203 263 207 135333 200 214 3001 12347 464 433 247 2314 675 478 250 324 413 253
leaf_count=551 257 203 263 207 135333 200 214 3001 12347 464 433 247 2314 675 478 250 324 413 253
internal_value=-1.27376e-05 0.00163318 0.00386979 0.00530875 -3.80568e-05 0.00190006 0.00302429 -5.86696e-05 -1.54666e-05 0.000841243 -9.63268e-05 -0.00116257 -0.0008386 0.00175876 0.00369971 -0.00461446 -0.00043109 -0.00120888 -5.69715e-05
internal_weight=158427 2398 1151 948 156029 1640 1440 154389 148577 12811 135766 5812 5315 1226 685 497 1247 990 666
internal_count=158427 2398 1151 948 156029 1640 1440 154389 148577 12811 135766 5812 5315 1226 685 497 1247 990 666
is_linear=0
shrinkage=0.02


Tree=117
num_leaves=20
num_cat=0
split_feature=9 42 34 47 56 72 10 53 52 46 43 53 56 49 19 19 53 50 53
split_gain=15.9108 26.3315 16.6256 22.4109 16.9332 13.4732 30.2302 27.702 40.6825 25.5655 23.6102 23.3501 22.6884 21.255 13.0219 12.6311 21.1048 20.7418 8.03582
threshold=-0.44381680235841231 -0.0022924988297663425 0.00011539723122637014 -0.0011925195451574775 0.66305521645224907 -1.8353486864856075 0.045296600186699225 0.017392014665839839 0.50832208726945571 0.0041651713578415277 0.014664766727408131 0.013940934576118294 0.36747675891726 0.010027071995317939 1.4358155327545454 2.1197672217581607 0.01175544651071894 0.11198429954846724 0.014959543248514113
decision_type=8 10 10 10 10 8 8 10 2 10 10 10 10 10 10 10 10 10 10
left_child=1 -1 3 -3 14 7 9 8 11 -7 -9 -2 -10 -11 -4 17 -17 -8 -6
right_child=5 2 4 -5 18 6 15 10 12 13 -12 -13 -14 -15 -16 16 -18 -19 -20
leaf_value=-0.0035356535553695678 -0.0025716985659442805 0.0064535916158081812 0.0009488697217743049 0.0012198056589561052 0.0019500287351249912 -0.0027719126479825193 2.0020317979226739e-06 0.0069828719730971713 0.0028724095928835017 0.0012547642778607405 -0.0020329238966129565 -0.0074693506246805152 -0.0022294684430367666 0.0057141844438591142 -0.0037740516902635629 0.0012003219030111223 -0.00098530701882918771 0.0033810728796115999 0.0079091835429814551
leaf_weight=390 287 306 877 285 380 203 143028 310 564 378 280 295 1221 407 213 1238 7005 234 210
leaf_count=390 287 306 877 285 380 203 143028 310 564 378 280 295 1221 407 213 1238 7005 234 210
internal_value=-8.71534e-06 0.00152442 0.00234947 0.00523311 0.00133135 -3.49821e-05 -9.03642e-06 -0.00137187 -0.00233868 0.00347624 0.00250085 -0.00692624 -0.000838746 0.00511196 -0.000144821 -3.18007e-05 -0.000793062 1.19919e-05 0.00405753
internal_weight=158111 2661 2271 591 1680 155450 152493 2957 2367 988 590 582 1785 785 1090 151505 8243 143262 590
internal_count=158111 2661 2271 591 1680 155450 152493 2957 2367 988 590 582 1785 785 1090 151505 8243 143262 590
is_linear=0
shrinkage=0.02


Tree=118
num_leaves=18
num_cat=0
split_feature=17 46 6 10 44 69 23 26 6 13 54 57 44 60 55 17 54
split_gain=14.8988 25.2276 17.7819 21.2399 16.351 13.8945 20.7419 18.2175 16.9831 17.054 16.2032 15.8054 14.4836 13.8584 11.2104 15.3512 11.1076
threshold=-2.0499401959307448 0.0067549900937260024 0.01508774567624154 0.8800813896722004 0.057719783981174062 1.8728196096185827 0.10698200977574902 0.953589184486896 0.070717915228013475 0.39506112745364347 0.58509562433524798 0.18000124207621915 -0.050410923913992538 0.97486908239256875 0.16474657425533043 -0.16212538989386791 0.65574680014672626
decision_type=2 10 8 10 10 10 10 10 10 10 10 8 10 10 10 2 10
left_child=1 -1 -3 -4 -5 6 8 13 9 -2 14 -9 -12 -8 -7 -16 -14
right_child=5 2 3 4 -6 10 7 11 -10 -11 12 -13 16 -15 15 -17 -18
leaf_value=-0.0033558699516722979 -4.1551704446780716e-05 0.0054523207972527214 -0.0022618036068298803 0.0011645879841463828 0.0056393990671075155 0.0074639133999291818 -0.00024232647023322487 -0.0076445461896246392 0.0077042318784812424 0.0030753659022478923 -0.00081679259514163053 -0.0014336138763598844 0.0034499755638289532 0.0041842939738043414 -0.0022037605510419451 0.001101964064622615 0.0085669379958192241
leaf_weight=330 142759 303 317 597 332 293 3332 432 333 851 295 3118 632 245 828 2894 222
leaf_count=330 142759 303 317 597 332 293 3332 432 333 851 295 3118 632 245 828 2894 222
internal_value=-1.55457e-05 0.00175426 0.00282452 0.00176263 0.00328817 -3.68547e-05 -7.17411e-05 -0.00112486 -1.95771e-05 -3.00673e-05 0.000983156 -0.00213968 0.00307652 -0.000116825 0.000382968 8.5415e-05 0.00439532
internal_weight=158113 1879 1549 1246 929 156234 151070 7127 143943 143610 5164 3550 1149 3577 4015 3722 854
internal_count=158113 1879 1549 1246 929 156234 151070 7127 143943 143610 5164 3550 1149 3577 4015 3722 854
is_linear=0
shrinkage=0.02


Tree=119
num_leaves=22
num_cat=0
split_feature=32 50 57 46 7 36 31 21 55 54 5 7 26 0 9 20 50 53 10 28 58
split_gain=17.0721 26.8403 24.4652 20.4178 29.3485 19.3147 19.1158 16.0706 23.4821 22.8409 41.983 19.4109 16.7183 15.2559 14.5101 14.5037 13.901 11.9811 7.87863 7.71702 5.15745
threshold=-0.27617093460708475 0.049603169445707647 0.40345209611499544 0.034133762393146715 0.012798435258363265 -0.19641039704367688 -0.079390983274245305 0.1254807214083781 0.96730021251854537 0.71095087425225301 0.01784565798888647 0.012160011830045484 1.4605782764640149 0.0062539116474878984 1.7740834498376821 0.020568278454123793 0.0091548033069144292 0.012947251127851998 1.2024812755524328 -0.060919959423314012 0.74974747474747494
decision_type=8 10 8 10 10 10 10 10 10 10 8 10 10 10 10 10 10 10 10 10 10
left_child=1 2 5 7 6 16 -5 9 12 11 -11 -2 -9 -3 15 -6 -1 -10 -4 -8 -7
right_child=3 13 18 4 14 20 19 8 17 10 -12 -13 -14 -15 -16 -17 -18 -19 -20 -21 -22
leaf_value=0.0086284280785571665 -6.0408636042542326e-05 0.0086874684564436228 0.0011773932167395275 -5.7910777431289531e-05 3.3051156111674199e-05 -0.0045201812939600974 -0.0024333845105141616 -0.0020702535972396802 -0.0022565489223206016 0.0046133579918635299 9.1963046224541881e-05 0.00063204176939712063 -0.0051530652049779002 0.0029036836075356852 0.0035211296118434904 -0.0025134186105316698 -0.0037894502425911418 0.00042200207507979198 0.0079102670184351929 -0.0057962273522942391 -0.0022159819673122391
leaf_weight=217 120267 206 201 200 1264 265 219 1420 824 985 1816 25078 307 219 239 595 219 2888 205 246 278
leaf_count=217 120267 206 201 200 1264 265 219 1420 824 985 1816 25078 307 219 239 595 219 2888 205 246 278
internal_value=1.18741e-05 0.00194257 0.000590188 -1.04766e-05 -0.00171418 -0.00112041 -0.00537237 2.01711e-05 -0.00104743 5.9387e-05 0.00184797 2.48923e-05 -0.00297338 0.00633333 -0.000551691 -0.00114946 0.00200915 -0.000150283 0.00471253 -0.00759227 -0.00363603
internal_weight=158158 1810 1385 156348 2763 979 665 153585 5439 148146 2801 145345 1727 425 2098 1859 436 3712 406 465 543
internal_count=158158 1810 1385 156348 2763 979 665 153585 5439 148146 2801 145345 1727 425 2098 1859 436 3712 406 465 543
is_linear=0
shrinkage=0.02


Tree=120
num_leaves=27
num_cat=0
split_feature=0 19 42 42 42 38 45 77 4 20 7 52 28 42 7 42 52 60 8 46 45 10 53 50 30 4
split_gain=16.8949 19.8287 19.6548 29.7037 32.5571 17.6169 16.6422 46.3976 22.0181 20.8805 22.351 17.7476 15.5927 14.5908 18.0366 12.6279 12.4768 11.9408 11.163 8.48131 7.69875 8.30742 10.9952 7.8441 7.59983 3.17511
threshold=-0.030752029086140494 -2.5383447408383297 -0.01346065179162753 0.0064261104393029686 0.0025661642537345712 0.88680285390340441 0.0044089297127562063 -0.9990403765854311 -0.067814082252462479 -0.036550719043246964 0.03477748638306543 0.92841880341880356 -0.18149108993232685 -0.039688325992873301 0.0098359845487809849 -0.0050443421261642243 0.10163054213730315 0.25591441614363886 0.015729535265838285 0.011443761447089813 0.0058209042163207452 0.87602675253295936 0.013821985815533759 0.011720836341512776 0.64742116523172022 -0.014781618638322778
decision_type=8 8 8 8 10 8 8 8 8 10 10 2 10 10 10 10 2 8 10 10 10 8 10 10 8 10
left_child=2 20 13 4 15 -5 7 12 -9 11 -11 -8 -3 16 25 -4 24 -7 -16 -18 23 -22 -23 -2 -1 -15
right_child=1 6 3 5 -6 17 9 8 -10 10 -12 -13 -14 14 18 -17 19 -19 -20 -21 21 22 -24 -25 -26 -27
leaf_value=0.00067093126822061016 -0.0038604025121616453 -0.0073789036718693969 -0.0022697421172552146 0.0060853405392268314 -0.006981674717800531 0.004037871689131012 0.00073974511543914673 -0.0021261495270168402 0.000761787954045452 -0.00014752271678083933 -0.0035488774289783747 0.0073760878271264098 -0.0013205406711241079 0.0016653218657149752 0.0056008319651934136 0.0028620482717441947 0.0002947925169369281 -0.00070642984781710413 0.00027028129572304993 -0.0048359542836142102 0.0013020802708898877 0.00046141283585409809 -0.0045176089701065205 -0.0013086587227541513 0.0038079094435102445 -0.0018546101900364668
leaf_weight=334 311 378 603 348 285 216 10333 1407 23058 112177 815 208 2706 201 1079 396 349 898 221 233 335 243 300 238 277 201
leaf_count=334 311 378 603 348 285 216 10333 1407 23058 112177 815 208 2706 201 1079 396 349 898 221 233 335 243 300 238 277 201
internal_value=-8.08088e-06 -4.78526e-05 0.00106664 -0.000144885 -0.0023642 0.00180314 -2.5668e-05 0.000418802 0.000710292 -0.000124808 -0.000204243 0.000726428 -0.00189238 0.00221616 0.00340458 -0.000658 0.000517588 0.000572197 0.00454881 -0.00157461 -0.00239356 -0.00122639 -0.00275368 -0.00425091 0.00251307 -0.000292804
internal_weight=158150 152509 5641 2746 1284 1462 151082 27549 24465 123533 112992 10541 3084 2895 1702 999 1193 1114 1300 582 1427 878 543 549 611 402
internal_count=158150 152509 5641 2746 1284 1462 151082 27549 24465 123533 112992 10541 3084 2895 1702 999 1193 1114 1300 582 1427 878 543 549 611 402
is_linear=0
shrinkage=0.02


Tree=121
num_leaves=17
num_cat=0
split_feature=4 50 38 69 44 50 50 45 10 45 48 33 14 31 38 0
split_gain=15.0268 27.4588 16.9622 15.8959 57.3247 43.5787 49.3965 42.1626 29.7451 13.7754 28.2776 13.9277 11.6389 9.62578 9.03981 6.05764
threshold=-0.25000552441017354 0.061574248510383074 1.6292706313043768 -0.24936112690690584 0.12547988852472428 0.11198429954846724 0.067212761852046957 0.010037095526989189 1.59806129762523 0.018619044111080962 -0.066023517209084101 -0.23223096784543246 -0.25424008393302394 -0.091122126059145866 0.79263351368166157 -0.012413580649689558
decision_type=8 10 10 10 10 10 10 10 10 10 10 10 10 10 10 10
left_child=1 9 3 4 8 6 -5 -6 -2 10 14 15 -12 -13 -1 -11
right_child=2 -3 -4 5 7 -7 -8 -9 -10 11 12 13 -14 -15 -16 -17
leaf_value=0.0020991081500653232 -0.00024102502295401257 0.0089688047572085271 -0.0027222680852583107 0.0001611464098644258 -0.00040326090236901622 0.0062377413707543836 -0.0031937275632302597 -0.0051194225203253993 0.0015129651476120834 0.0032548543719431466 0.0021282183177420387 0.00094455076073023689 -0.004990792362576899 -0.0039049891966801554 0.0088080885453497501 -0.00074496572513732095
leaf_weight=209 58467 213 336 85749 1477 238 1142 1471 6085 310 441 232 296 579 531 213
leaf_count=209 58467 213 336 85749 1477 238 1142 1471 6085 310 441 232 296 579 531 213
internal_value=4.92436e-06 0.00140099 -2.23146e-05 -1.25331e-05 -0.00024293 0.000165936 0.000142453 -0.00296982 -0.000118321 0.000874111 0.00220433 -0.000597753 -0.000566396 -0.00223892 0.00496356 0.00194275
internal_weight=157989 3024 154965 154629 67500 87129 86891 2948 64552 2811 1477 1334 737 811 740 523
internal_count=157989 3024 154965 154629 67500 87129 86891 2948 64552 2811 1477 1334 737 811 740 523
is_linear=0
shrinkage=0.02


Tree=122
num_leaves=25
num_cat=0
split_feature=33 20 46 46 60 54 42 41 20 32 9 71 42 44 71 9 14 37 45 41 26 46 37 44
split_gain=12.2925 17.6276 19.6708 25.9857 25.5592 18.6007 16.0577 15.8762 24.4972 18.3422 24.9844 15.0527 12.7286 32.065 37.2252 25.9879 22.7414 22.0181 21.9681 9.63482 10.3324 7.79838 7.67341 6.18373
threshold=0.10521303952420365 -0.033979538292410898 0.0045607764343140013 0.0049488410761871398 0.14841379599363005 0.39456122535548993 0.001726241879752566 0.032501961368657802 -0.066042055540041986 -0.1800620052472475 0.85713747644169735 -0.23908794314485357 0.0065143588825852259 0.055033523087073218 -0.65685442905648717 -0.44381680235841231 0.11653644833029687 -0.6349065789339855 0.0068845295677401859 0.032236937256637239 1.0525882805240374 0.013170402795478235 0.17219975357165515 0.079007279764532048
decision_type=8 8 8 8 10 10 10 10 10 8 10 8 10 10 8 10 10 10 10 10 8 10 10 8
left_child=7 19 5 4 -4 11 -5 12 -9 22 -11 -3 13 16 -15 17 -1 -14 -17 20 21 -2 -10 -22
right_child=1 2 3 6 -6 -7 -8 8 9 10 -12 -13 15 14 -16 18 -18 -19 -20 -21 23 -23 -24 -25
leaf_value=-9.2156853287150386e-05 0.00087691524655302282 0.0018489341255628518 -0.0066151750614073168 0.00034595445590914354 -0.0015009025887446725 0.0025415627671604201 -0.00087027584241743225 0.0036109466552328357 3.411792528236923e-05 0.00035040437740342835 -0.0019983221591375654 -0.0014966741583942948 0.0015232914724036715 -0.0019383920553198777 -0.00028989302932896878 -7.8745127609714292e-05 0.00077026628216145005 0.0059004192928331506 0.00060709859314045627 0.0046748953574970303 0.0046056444596205889 -0.003228891765462415 0.0049494151718845678 0.00088879462655274159
leaf_weight=35282 472 1050 200 4912 378 247 13010 335 223 1677 3844 893 1265 3736 11455 36495 14311 290 27169 215 260 201 219 212
leaf_count=35282 472 1050 200 4912 378 247 13010 335 223 1677 3844 893 1265 3736 11455 36495 14311 290 27169 215 260 201 219 212
internal_value=-4.4079e-06 -0.00044252 -0.000587598 -0.000799849 -0.00497064 0.00120402 -0.000664956 6.64554e-05 -0.000914113 -0.00121026 -0.00152445 0.000544239 0.000113981 -8.45566e-05 -0.000888494 0.000311224 0.000161673 0.00286504 0.000248771 0.00176194 0.00102792 -0.000560831 0.00270429 0.00329387
internal_weight=158351 22050 20690 18500 578 2190 17922 136301 6298 5963 5521 1943 130003 64784 15191 65219 49593 1555 63664 1360 1145 673 442 472
internal_count=158351 22050 20690 18500 578 2190 17922 136301 6298 5963 5521 1943 130003 64784 15191 65219 49593 1555 63664 1360 1145 673 442 472
is_linear=0
shrinkage=0.02


Tree=123
num_leaves=19
num_cat=0
split_feature=69 54 26 23 8 52 50 50 18 49 78 6 53 43 14 54 17 50
split_gain=12.7692 19.6019 18.9599 14.0749 22.6775 24.0028 30.3736 18.781 13.9185 37.5918 18.2604 13.5262 42.0919 25.9958 12.248 10.4909 17.8982 11.0766
threshold=1.7141006135769687 0.65574680014672626 0.97932181644920302 0.090053527123081692 0.0066684222902066428 0.60896649527140501 0.0072681463425620105 -0.0053069202908053162 71.876638313062415 -0.010867108319930706 0.77848234374866476 0.021007743477873236 0.024132713091028688 0.038620292262384955 0.26892024607550097 0.4390408582723363 -0.1456412637307602 0.013995894989647041
decision_type=10 10 10 10 10 2 10 10 10 8 10 10 10 10 10 10 2 10
left_child=3 14 -3 8 -5 7 -7 -6 11 -10 -11 12 -1 -13 -2 16 -16 -17
right_child=1 2 -4 4 5 6 -8 -9 9 10 -12 13 -14 -15 15 17 -18 -19
leaf_value=-9.6550289270727626e-05 -0.0049742320845127998 0.0086235367668526155 5.4789858991095634e-05 -0.0043122452223337757 -0.00042278269415997773 -0.0077348566727100153 -0.0011080135784419063 0.0017731827019556807 -0.0054092809560818854 0.00034778195733268147 0.0018270429638742025 0.0011330332469243903 -0.0045620253963159444 -0.0005496388902543214 -0.0037224260816139517 0.00019318250235292062 0.001147012518210952 0.0030368894117025779
leaf_weight=102264 221 293 211 332 2219 259 5584 1730 280 14149 2186 14582 503 7212 567 1640 1519 1922
leaf_count=102264 221 293 211 332 2219 259 5584 1730 280 14149 2186 14582 503 7212 567 1640 1519 1922
internal_value=1.07691e-05 0.000887669 0.00466931 -2.61598e-05 -0.000746469 -0.000571633 -0.00138569 0.000632405 2.54857e-05 0.00056921 0.00069405 -4.70288e-05 -0.000143021 0.000405506 0.00056184 0.00074314 -0.000382367 0.00140275
internal_weight=157673 6373 504 151300 10124 9792 5843 3949 141176 16615 16335 124561 102767 21794 5869 5648 2086 3562
internal_count=157673 6373 504 151300 10124 9792 5843 3949 141176 16615 16335 124561 102767 21794 5869 5648 2086 3562
is_linear=0
shrinkage=0.02


Tree=124
num_leaves=17
num_cat=0
split_feature=66 70 44 42 53 32 45 53 6 40 7 72 32 39 6 48
split_gain=14.4727 15.5279 48.3444 35.2688 35.5124 20.2334 18.8912 19.4706 53.987 15.4206 15.1332 19.5407 18.0609 12.3619 7.11296 7.15724
threshold=0.99369084475895642 0.99427414053742214 0.16428337884866476 -0.015890011651909727 0.024132713091028688 -0.062635029256329008 0.003420358906767959 0.010900370658205363 0.010617324587927118 0.056850880940760795 0.0065714731573592788 1.1011587426258787 0.073746735990921089 0.016815329897566404 0.019122231399257946 -0.0061862140764973308
decision_type=10 10 10 10 10 8 8 8 10 10 10 8 8 10 10 8
left_child=1 6 3 5 -5 -3 10 8 -8 -9 11 -1 -12 14 -2 -16
right_child=13 2 -4 4 -6 -7 7 9 -10 -11 12 -13 -14 -15 15 -17
leaf_value=0.00087553399735649422 -0.00081058125666289731 0.0083960877605784318 -0.0094304523923986732 0.00017481042014725492 0.0058216461121565867 0.0025196713407485884 0.0022100751737729779 -0.0001446611313178636 -0.0013222371192189342 0.0043679667381280214 0.00066746773534825379 0.0057677896000933341 -0.0031402731580840522 0.0003755503418407405 -0.0032916170084012642 -0.0054666312876600273
leaf_weight=5437 282 731 325 13629 601 2005 2938 125946 2373 257 1484 462 610 376 291 204
leaf_count=5437 282 731 325 13629 601 2005 2938 125946 2373 257 1484 462 610 376 291 204
internal_value=-2.39313e-06 1.40179e-05 0.000579343 0.000725998 0.000325908 0.00280526 -5.60398e-05 -0.000113432 0.00107267 -0.00016337 0.000887916 0.00140644 -0.000571838 -0.00223397 -0.00367352 -0.00511694
internal_weight=157951 156798 17291 16966 14230 2736 139507 131514 5311 126203 7993 5899 2094 1153 777 495
internal_count=157951 156798 17291 16966 14230 2736 139507 131514 5311 126203 7993 5899 2094 1153 777 495
is_linear=0
shrinkage=0.02


Tree=125
num_leaves=28
num_cat=0
split_feature=45 5 10 42 10 51 14 47 36 71 9 49 10 48 51 37 43 59 75 46 6 44 51 60 6 30 49
split_gain=14.9883 19.9524 25.2674 27.8525 22.9559 19.3047 15.2578 24.2493 16.5673 14.8096 14.7764 37.1708 19.2685 27.3428 22.4627 15.8994 35.994 28.8826 26.2185 18.8216 58.5536 17.8148 13.9804 14.1801 11.3448 7.97769 5.65802
threshold=0.0035439085689753058 0.011846945041506371 1.6568979562673891 0.0021009068289035153 0.40844371554380438 0.7938106197599869 0.11653644833029687 -0.0021781262172586575 -0.076887438487989526 0.052011545340544883 -0.20373884568048042 0.0032320902334455064 0.17317571116680322 -0.0028242166326248315 0.58312584292976466 -0.0087601343638519218 0.052023794148548304 0.40514484229100806 -0.2200872546163741 0.003497803715419317 0.0085978086723610993 0.11770524752808344 0.55662393162393176 0.92528186428601378 0.010507742822452985 0.46573721894828102 -0.0054343985859339186
decision_type=8 10 8 10 8 2 10 10 8 8 8 10 8 10 2 8 10 10 10 8 10 10 2 10 8 10 10
left_child=1 2 3 4 -1 -5 7 8 -3 -9 11 24 13 -13 -14 16 18 -18 -12 20 -17 -21 -8 -24 -2 -4 -26
right_child=10 6 25 5 -6 -7 22 9 -10 -11 15 12 14 -15 -16 19 17 -19 -20 21 -22 -23 23 -25 26 -27 -28
leaf_value=-0.0060389224411457297 -0.0058308563473731412 0.0049345182463391094 0.005715754812081383 0.0012009283447091011 -2.983223818349666e-05 0.0046656703321674839 -0.002883603677681919 0.00056147227708019877 -0.0013958501374785877 -0.0053785405478252906 0.00012622620048442003 0.006183968797962229 0.0055047042162109736 0.001679442508221433 6.6001107829935404e-05 -0.0082502688299454403 0.0019044892680122139 -7.3346789810447633e-05 -0.00068548146652341446 0.00015212193606411046 0.00019793553050749988 -0.00092611051057371304 0.00036343415329302068 0.0073728578744181915 0.00040346348107797375 0.0033748553296273354 -0.0043873086892044283
leaf_weight=337 231 414 210 4903 976 218 215 303 444 947 16096 496 228 595 1543 278 2681 3508 36480 79022 788 4764 1125 311 382 256 238
leaf_count=337 231 414 210 4903 976 218 215 303 444 947 16096 496 228 595 1543 278 2681 3508 36480 79022 788 4764 1125 311 382 256 238
internal_value=-3.58124e-05 0.000688368 0.00132705 0.00100047 -0.00159665 0.00166693 -0.000483511 -0.00161119 0.000975553 -0.00338769 -8.82231e-05 0.00115724 0.00224869 0.00433883 0.000958239 -0.000120445 -0.000373311 0.00106914 -0.000543165 5.46592e-05 -0.00258482 8.82953e-05 0.000955206 0.00166875 -0.00250939 0.00582013 -0.00109179
internal_weight=157989 10659 6900 6434 1313 5121 3759 2108 858 1250 147330 3713 2862 1091 1771 143617 58765 6189 52576 84852 1066 83786 1651 1436 851 466 620
internal_count=157989 10659 6900 6434 1313 5121 3759 2108 858 1250 147330 3713 2862 1091 1771 143617 58765 6189 52576 84852 1066 83786 1651 1436 851 466 620
is_linear=0
shrinkage=0.02


Tree=126
num_leaves=21
num_cat=0
split_feature=67 70 52 48 50 53 44 9 46 57 7 6 53 50 7 45 6 0 17 29
split_gain=15.4392 19.9034 20.2489 35.4009 34.0465 21.3007 19.1727 18.605 14.4366 42.7374 31.8658 23.7369 46.5215 36.2262 26.1565 26.129 20.1638 19.9448 13.5904 8.91326
threshold=0.90250366355165468 -1.2417227077992512 0.60896649527140501 -0.0038235696042235863 0.0074238207632112427 0.013305200395819812 0.089624477650003045 0.89046443510038753 0.034133762393146715 0.09272795947387133 0.010490873082355426 0.021321769165451573 0.024132713091028688 0.05154140508411665 0.0055978864618046386 0.0082538711232944036 0.017390494490453597 0.010125827579177351 1.4883873245244834 8.2006090110125758
decision_type=10 10 2 10 10 10 8 10 10 8 10 8 10 10 8 10 10 10 2 10
left_child=8 -2 3 5 7 -3 -6 -4 11 -10 -11 12 13 -1 17 -16 -14 -13 -12 -5
right_child=1 2 4 19 6 -7 -8 -9 9 10 18 14 16 -15 15 -17 -18 -19 -20 -21
leaf_value=-5.1078169837429671e-05 -0.0036703799158123575 -0.0010378325466540309 -0.0092436537602879672 0.0021572699870277177 -0.00026316715881520846 0.00059658484992609635 -0.0027112469227819794 -0.0024405439181008205 0.0075736885706507127 -0.0041810672136110743 -0.0014840067651750405 0.0018646104461875223 -0.0074366423679360742 0.0013907444175587263 -0.00021341919837141542 0.0012269683017439149 -0.0018263816822085581 0.0065221422178211334 0.001878653164421604 0.0089101779835910038
leaf_weight=103158 345 2650 202 234 9801 5830 2681 244 291 313 2291 1247 315 4550 10842 12103 289 249 460 214
leaf_count=103158 345 2650 202 234 9801 5830 2681 244 291 313 2291 1247 315 4550 10842 12103 289 249 460 214
internal_value=-5.41975e-06 -0.00049446 -0.000418996 0.000313361 -0.000924898 2.33463e-05 -0.000730433 -0.00634899 7.43375e-05 -0.0012211 -0.00191778 0.0001071 -1.99237e-05 1.11226e-05 0.000670076 0.000502833 -0.00555041 0.0032318 -0.00122747 0.00578619
internal_weight=158309 22201 21856 8928 12928 8480 12482 446 136108 3355 3064 132753 108312 107708 24441 22945 604 1496 2751 448
internal_count=158309 22201 21856 8928 12928 8480 12482 446 136108 3355 3064 132753 108312 107708 24441 22945 604 1496 2751 448
is_linear=0
shrinkage=0.02


Tree=127
num_leaves=16
num_cat=0
split_feature=38 33 6 41 44 28 53 9 42 78 42 44 71 9 9
split_gain=13.2563 19.1414 14.2015 51.6586 50.154 59.4139 34.253 26.6801 25.6992 26.1084 22.5819 21.7676 43.2376 38.5927 8.67652
threshold=1.6292706313043768 -0.17664520872869857 0.020576492669561474 0.047384893400697077 -0.12918327945539967 -0.14633351611842868 0.024132713091028688 0.81110928979652097 0.016993297900159025 -1.5853787156451602 0.014752887441592867 0.064480487896289365 -0.08344057328505998 0.90711103998446085 0.89603391310520164
decision_type=10 10 10 10 8 10 10 8 10 10 10 10 10 10 10
left_child=2 -2 3 4 5 -1 -6 -5 9 14 -11 12 -10 -13 -4
right_child=1 -3 8 7 6 -7 -8 -9 11 10 -12 13 -14 -15 -16
leaf_value=0.00046819143717542533 0.00078799722666285409 -0.0042369973938457617 0.00012197692114089442 -0.005864824698733187 -1.7927040955593202e-05 -0.007466534070964535 -0.003677489284366411 -0.0018219222854934309 -0.0019308643210132744 0.0010754858587110792 0.0040529694477197025 0.0012794576550802217 0.0011511117041822783 -0.0033704657983163536 -0.0023682876040935956
leaf_weight=201 273 331 1029 318 123044 244 562 393 1429 17252 1053 1390 6305 2999 1194
leaf_count=201 273 331 1029 318 123044 244 562 393 1429 17252 1053 1390 6305 2999 1194
internal_value=-1.7074e-05 -0.0029719 -5.7047e-06 -0.000102899 -7.20504e-05 -0.00676682 -4.78775e-05 -0.00547472 0.000365613 0.000796824 0.00104545 -0.000364401 0.00027382 -0.00148929 -0.0012491
internal_weight=158017 604 157413 124762 124051 445 123606 711 32651 20528 18305 12123 7734 4389 2223
internal_count=158017 604 157413 124762 124051 445 123606 711 32651 20528 18305 12123 7734 4389 2223
is_linear=0
shrinkage=0.02


Tree=128
num_leaves=30
num_cat=0
split_feature=30 45 9 53 52 14 46 58 27 75 50 24 50 9 45 46 42 75 78 51 15 46 44 39 45 53 53 53 71
split_gain=13.6425 20.7548 41.6433 51.3924 51.727 29.6301 29.4812 32.3105 27.4175 25.4825 20.1857 18.385 17.7162 16.8573 23.5563 20.7076 13.5356 22.896 18.7461 15.2089 13.2628 30.6676 30.0903 27.9963 25.9015 24.2001 20.5757 12.9427 12.6959
threshold=0.52358639490294479 0.0083304609404307017 0.36485484422514575 0.016687530699354778 0.685349178277186 -0.036710370464978319 0.003497803715419317 0.33821994350976309 -0.0093944884575362635 0.3457694201087102 0.071921925095346353 -1.7302185780730401 0.071921925095346353 1.1241924976303543 0.0056149015962634391 0.0066411903804365199 0.047279301649295953 -1.3847271365444154 -0.058055925948433569 0.79957264957264973 -0.019798511474746146 0.0043493205691553898 0.062234904086478256 -0.0059394413900922807 0.0055506925222627056 0.010989559495124484 0.010989559495124484 0.024876906627767321 -0.87212425158489204
decision_type=10 10 8 10 2 10 10 10 10 10 10 8 10 10 10 8 10 8 10 2 10 10 8 10 10 10 10 10 10
left_child=1 5 3 8 -5 13 7 -7 -3 10 -4 -8 -11 15 -15 -1 20 19 27 -18 22 23 26 -22 -24 -23 -2 -19 -20
right_child=16 2 9 4 -6 6 11 -9 -10 12 -12 -13 -14 14 -16 -17 17 18 28 -21 21 25 24 -25 -26 -27 -28 -29 -30
leaf_value=-0.0016919229242769087 -0.0025134434952423126 -0.002284727757538197 0.00034089109036867875 0.0039107394971692189 -0.0035925426973290576 -0.0050692214630856693 0.002963168271824804 -0.00039755422342196522 -0.00681569985582738 -0.00065465987071577762 0.0041259667091844889 0.00025917023543799259 -0.0035678779452083444 -0.00076232859224012613 -0.0047307817053193011 0.00040088000093369046 -0.0012990747574510234 -0.00064296004436594303 -0.003935892707551545 0.0078909196158788997 0.0003254708917191554 0.001774509883126148 -0.0026965610240134823 0.0028781919218664382 -0.00037192688257758693 0.0001038036340883923 0.00033143572362236628 0.0039169598539811968 -0.0016716125291596883
leaf_weight=2080 1179 422 5219 428 499 354 507 595 672 9301 371 32951 527 2050 1399 3727 201 1070 255 267 2989 2073 2465 3113 4916 53379 23103 258 1609
leaf_count=2080 1179 422 5219 428 499 354 507 595 672 9301 371 32951 527 2050 1399 3727 201 1070 255 267 2989 2073 2465 3113 4916 53379 23103 258 1609
internal_value=-1.40398e-05 -0.000248073 -0.000831307 -0.00353017 -6.25e-05 -1.50696e-05 0.000255115 -0.00321895 -0.00646393 -0.000477203 0.000600608 0.000353806 -0.00109045 -0.00101955 -0.00212696 -0.000361226 0.000133549 -0.00105927 -0.00166552 0.0030661 0.000180416 0.000351523 -0.00015216 0.0016972 -0.00127039 0.000203379 0.000187703 0.000148984 -0.00295871
internal_weight=157979 61102 17439 2021 927 43663 34407 949 1094 15418 5590 33458 9828 9256 3449 5807 96877 3660 3192 468 93217 61554 31663 6102 7381 55452 24282 1328 1864
internal_count=157979 61102 17439 2021 927 43663 34407 949 1094 15418 5590 33458 9828 9256 3449 5807 96877 3660 3192 468 93217 61554 31663 6102 7381 55452 24282 1328 1864
is_linear=0
shrinkage=0.02


Tree=129
num_leaves=20
num_cat=0
split_feature=43 9 14 32 50 9 44 69 33 54 6 9 50 44 65 44 34 72 27
split_gain=17.7039 72.5664 32.8789 31.9457 25.4612 42.4166 24.5044 34.9473 18.472 28.4391 19.2353 17.5098 17.4628 13.323 12.7937 12.4356 11.8629 11.3206 7.78331
threshold=0.052023794148548304 2.6105431217572486 -0.16848179853757458 -0.27617093460708475 0.071921925095346353 1.3007741027532191 0.16428337884866476 -0.12412475664078047 0.15267833383724788 0.57574027341050227 0.019910709692244181 1.1882328786270768 0.05972766798541463 0.16428337884866476 0.3040258754977353 0.090415435247257495 0.0087060913709056699 -0.5924154194408634 -0.033898276715701774
decision_type=10 10 8 8 10 10 10 8 10 10 10 10 10 10 10 10 10 8 10
left_child=3 2 13 12 8 17 11 -8 10 -10 -5 -4 16 14 -2 -3 -1 -6 -7
right_child=1 15 6 4 5 18 7 -9 9 -11 -12 -13 -14 -15 -16 -17 -18 -19 -20
leaf_value=-5.4215590313063115e-05 -0.0038321737699684821 -0.0083059993404481468 0.0012691035324987649 -0.00010316212110430989 -0.0065788489909366981 0.0028716404962592212 -0.0014230943566002953 0.0050721617751011043 -0.00030853413893128429 -0.002629670242258506 0.00057513815598579546 -6.8294449131443767e-05 0.0083212641633798427 -0.0068118395625901933 0.000815066948712472 -0.01323243466012998 0.0082809890461355076 -0.0024342899469278136 -0.0010025254326335624
leaf_weight=358 618 210 8197 106127 254 200 240 616 7313 1898 26010 4129 218 227 620 230 205 303 210
leaf_count=358 618 210 8197 106127 254 200 240 616 7313 1898 26010 4129 218 227 620 230 205 303 210
internal_value=-8.72402e-07 0.000650716 0.000891453 -6.95892e-05 -9.17536e-05 -0.00332438 0.00120746 0.00447841 -6.96008e-05 -0.000935519 -9.21764e-06 0.0009798 0.00396164 -0.00194952 -0.00112833 -0.0073424 0.00208865 -0.00691398 0.00155231
internal_weight=158183 15087 14647 143096 142315 967 13182 856 141348 9211 132137 12326 781 1465 1238 440 563 557 410
internal_count=158183 15087 14647 143096 142315 967 13182 856 141348 9211 132137 12326 781 1465 1238 440 563 557 410
is_linear=0
shrinkage=0.02


Tree=130
num_leaves=16
num_cat=0
split_feature=38 34 70 51 10 58 46 10 44 44 21 39 57 61 53
split_gain=19.4157 20.8728 17.1991 27.1094 18.7647 16.2936 14.659 13.1826 52.3927 12.1265 24.9949 12.0399 10.8685 10.5605 9.80041
threshold=1.6292706313043768 0.021142159949618246 -1.2417227077992512 0.33718699867475771 0.52142046645975115 0.037934710193204539 0.0045607764343140013 1.7302658448726136 0.077141766390349323 0.074067882119761466 0.0040001087834072866 -0.0081871629497409764 0.71835397914624377 0.79695973667084818 0.013354031462510582
decision_type=10 10 8 2 8 8 10 10 10 10 10 10 10 10 10
left_child=2 -2 3 4 -1 6 11 12 -9 14 -11 -4 -7 -8 -5
right_child=1 -3 5 9 -6 7 13 8 -10 10 -12 -13 -14 -15 -16
leaf_value=-0.0056504189390368742 -0.0039572133594699228 0.0005368271772126246 0.00078995131639420153 0.00045999756093933564 -0.0021074309347586472 -0.00016271198241793117 0.00016991943095969755 0.0020908312835004987 -0.001968705618191788 -0.0021372488630605098 0.0039642607599792799 0.0036933599808043056 0.00018260828860197005 0.0020660517788721141 -0.0017619093359318406
leaf_weight=267 370 240 212 491 207 104269 2375 7898 2969 289 204 350 36757 371 1018
leaf_count=267 370 240 212 491 207 104269 2375 7898 2969 289 204 350 36757 371 1018
internal_value=-3.90301e-05 -0.00359738 -2.52286e-05 -0.00167864 -0.00597474 1.14689e-06 0.00138954 -2.90861e-05 0.000642068 -0.000658013 0.00206073 0.00433037 -8.08214e-05 0.000785584 -0.00154834
internal_weight=158287 610 157677 2476 474 155201 3308 151893 10867 2002 493 562 141026 2746 1509
internal_count=158287 610 157677 2476 474 155201 3308 151893 10867 2002 493 562 141026 2746 1509
is_linear=0
shrinkage=0.02


Tree=131
num_leaves=25
num_cat=0
split_feature=3 38 57 48 53 45 63 28 42 44 59 10 54 10 43 27 44 35 18 53 23 0 30 37
split_gain=15.8124 19.9881 18.5882 30.7174 41.5525 44.2533 31.083 27.6607 19.8435 46.4547 33.3368 29.2152 29.8235 28.5822 27.9879 15.6825 21.8108 18.0212 14.7268 12.9768 16.8393 8.04215 6.96433 5.57532
threshold=0.061082357694025931 1.2968780337584414 0.81643519151379296 -0.10872575593379601 0.013786337102622845 0.0042638229464741677 0.93683647019046556 -0.080093261577705563 0.0065143588825852259 0.05603509247644068 0.11862673737478772 -0.055937828098538277 0.40770738334914108 -0.13926877016231315 0.01673602967493593 -0.12366503220726664 0.21061464899071672 -0.091526536338582307 83.42153687882994 0.015273808509490753 0.12964114261972806 0.014072969737090492 0.60835403029071411 0.11157480531718207
decision_type=8 10 10 10 10 10 10 10 10 10 8 8 10 8 10 8 10 8 10 10 10 10 10 10
left_child=2 15 8 7 5 -5 -6 22 9 13 -11 12 -10 -1 -13 -2 17 -17 19 20 -3 -21 -4 -20
right_child=1 18 3 4 6 -7 -8 -9 11 10 -12 14 -14 -15 -16 16 -18 -19 23 21 -22 -23 -24 -25
leaf_value=-0.0075192618121635449 -0.0081803458964134126 0.00071775827884496218 -0.0011832406464461548 0.0026045945958131358 0.0014856653598668502 -0.00091280751311429765 0.0050875308888910214 -0.0053310228029165773 0.004984201022526653 -0.0027034304783047072 -0.0008011910209592256 0.00090037642796864461 -0.002250898334652909 9.4454196725898932e-05 -8.6710594407591183e-05 -0.0078229401598979339 0.0028947389045348906 -0.00042211040492861544 0.0022131947889597646 0.0023100936267453939 -0.0029383560781411412 -0.0001099191532517714 0.002424201947513012 0.0045401782792193913
leaf_weight=276 211 971 269 2000 7441 5713 512 316 502 1650 10382 15793 239 40976 34389 209 373 33135 207 1007 408 493 200 219
leaf_count=276 211 971 269 2000 7441 5713 512 316 502 1650 10382 15793 239 40976 34389 209 373 33135 207 1007 408 493 200 219
internal_value=-5.43409e-06 -0.000365741 0.000105736 0.000730489 0.000924108 -0.000121597 0.0019384 -0.00312723 7.08199e-06 -0.000262701 -0.0013561 0.000289412 0.00422911 5.61899e-05 0.000231114 -0.000510419 -0.000476244 -0.000530154 0.00111857 0.000603472 -0.000795652 0.00189074 -3.82979e-05 0.00458548
internal_weight=157891 37233 120658 16451 15666 7713 7953 785 104207 53284 12032 50923 741 41252 50182 33928 33717 33344 3305 2879 1379 1500 469 426
internal_count=157891 37233 120658 16451 15666 7713 7953 785 104207 53284 12032 50923 741 41252 50182 33928 33717 33344 3305 2879 1379 1500 469 426
is_linear=0
shrinkage=0.02


Tree=132
num_leaves=24
num_cat=0
split_feature=16 32 57 44 46 45 57 26 4 44 26 47 48 30 55 72 17 57 41 53 6 53 0
split_gain=15.2893 18.6163 17.8059 35.3762 32.2291 30.8347 22.3848 14.0651 13.2132 29.3804 21.9899 24.0098 24.5475 19.3484 18.5081 18.4783 13.9346 28.4304 16.2958 12.5888 61.306 23.7333 3.9809
threshold=0.077584176301046318 -0.27617093460708475 0.1760937927262784 0.15576978428121704 0.013897625551540466 0.010106066740271787 0.479709466604261 1.0891773968336358 0.1426372233144422 0.12547988852472428 1.1237470339320257 -0.012679729507916735 -0.00090717036338344703 0.69264809276986217 0.060860746097539477 -0.56976045217311844 1.0000000180025095e-35 0.98274000148953611 -0.029885853464738484 0.016844811668024273 0.012952915273513272 0.014884104280206764 0.011999548608703671
decision_type=8 8 8 10 10 10 8 10 8 10 10 8 10 10 10 10 2 8 10 10 10 10 10
left_child=8 22 4 5 7 -4 -5 -3 9 19 16 13 -13 -12 -11 -16 18 -18 -10 21 -21 -1 -2
right_child=1 2 3 6 -6 -7 -8 -9 10 14 11 12 -14 -15 15 -17 17 -19 -20 20 -22 -23 -24
leaf_value=0.00014000793146580243 0.0059383707931869876 0.00051755792821714299 -0.00013026881655123183 -0.0020243919966746425 -0.012140527553304028 -0.0018212004839380674 0.0043387359176153759 -0.006374753470626251 0.0028738997805454938 0.0018480882548808086 -0.00062740629609074172 0.003519925126197988 3.0875868684528409e-05 0.004492240837877505 -0.0035267988749772571 -0.00098929294051475561 0.00046279596121557849 0.0055989084317436032 -0.00047064326168565744 0.0024062027167875578 5.9894472567015582e-05 -0.00056721016762954096 0.0025835531794704638
leaf_weight=71286 208 672 19076 225 209 4339 647 333 354 299 1669 2062 861 281 989 1579 3151 393 6982 3199 17555 21703 202
leaf_count=71286 208 672 19076 225 209 4339 647 333 354 299 1669 2062 861 281 989 1579 3151 393 6982 3199 17555 21703 202
internal_value=1.28763e-05 -0.000431383 -0.00049949 -0.000381176 -0.00286255 -0.000528613 0.00357159 -0.00136978 9.9861e-05 2.63955e-05 0.000643519 0.00175995 0.00290629 3.99795e-05 -0.0019728 -0.0025216 0.000143185 0.00117292 -0.000354096 7.68216e-05 0.000522187 -2.25616e-05 0.00379075
internal_weight=158274 25911 25501 24287 1214 23415 872 1005 132363 116610 15753 4873 2923 1950 2867 2568 10880 3544 7336 113743 20754 92989 410
internal_count=158274 25911 25501 24287 1214 23415 872 1005 132363 116610 15753 4873 2923 1950 2867 2568 10880 3544 7336 113743 20754 92989 410
is_linear=0
shrinkage=0.02


Tree=133
num_leaves=21
num_cat=0
split_feature=32 46 7 78 43 43 57 33 2 21 6 44 71 57 6 54 30 45 30 57
split_gain=14.2834 18.9284 32.5782 19.0216 15.5022 19.8373 18.9919 19.1008 15.0313 15.0218 26.0576 39.5326 22.3603 20.7378 16.3856 15.7846 12.4273 7.14961 6.2247 6.11938
threshold=-0.27617093460708475 0.034948848981301156 0.012798435258363265 -0.55567751089938666 0.051227593454310501 0.043881322610358826 0.46751885431130719 0.17180595313297969 0.086095446777293541 0.1081630057790053 0.020426402610824932 -0.12918327945539967 -0.96629133669559841 0.78504812049544703 0.049269489246735625 0.45447256676581332 0.4522111793689611 0.011930572666758116 0.48733062578220138 0.69077660299386723
decision_type=8 10 10 10 10 10 8 10 10 10 10 8 10 10 10 10 8 10 10 8
left_child=4 9 16 -4 5 17 7 18 -5 10 11 -2 -12 14 -11 -15 -3 -1 -6 -18
right_child=1 2 3 8 6 -7 -8 -9 -10 13 12 -13 -14 15 -16 -17 19 -19 -20 -21
leaf_value=-0.0014873897759695867 -0.0037324136457315671 -0.0021259717227041048 0.0030561101968449044 5.0721859393590977e-05 -0.0063840601178565826 0.0083185755802086033 0.0029389671900582814 0.005672263445580852 -0.0037968338308529059 -0.0014457623690133992 0.004746589590784802 -1.0428831804397219e-05 0.00078254714991087351 -0.0014888197690316419 -0.010664212384621695 0.0011836969304318229 -0.0024695370287029193 0.0050409362850411593 -0.001877403965000847 -0.0051957729870117696
leaf_weight=248 429 256 337 931 257 260 277 209 443 3650 207 120114 25149 1322 206 2607 205 278 299 207
leaf_count=248 429 256 337 931 257 260 277 209 443 3650 207 120114 25149 1322 206 2607 205 278 299 207
internal_value=3.50746e-05 1.44684e-05 -0.00175546 -0.000290888 0.00179224 0.00391105 0.000189837 -0.00143342 -0.00133673 4.18909e-05 8.75805e-05 -3.49914e-05 0.000670347 -0.000814025 -0.00185585 0.000208142 -0.00549776 0.00166603 -0.00337163 -0.00764649
internal_weight=157891 156063 2379 1711 1828 786 1042 765 1374 153684 145899 120543 25356 7785 3856 3929 668 526 556 412
internal_count=157891 156063 2379 1711 1828 786 1042 765 1374 153684 145899 120543 25356 7785 3856 3929 668 526 556 412
is_linear=0
shrinkage=0.02


Tree=134
num_leaves=20
num_cat=0
split_feature=43 14 9 44 9 14 32 49 43 17 23 50 10 46 46 47 57 71 17
split_gain=13.0089 55.8588 30.8823 29.0478 31.6696 25.591 24.1931 23.9919 21.6366 19.3773 20.7128 17.3933 16.6637 39.5784 18.14 13.746 13.5934 10.1834 8.56506
threshold=0.052023794148548304 -0.11221417455768788 2.3972174810779969 0.16428337884866476 2.7016181494572549 0.046267038760035024 -0.27617093460708475 0.026511309500811934 0.041735551663314337 -0.3915135128543365 0.038993298789766213 0.071921925095346353 1.5722943376953766 0.006377178022477413 0.0045607764343140013 -0.0056817016245383481 0.02098638197417332 0.62790454813189756 0.25948624592832709
decision_type=10 8 10 10 10 8 8 10 10 2 8 10 10 10 8 10 10 10 2
left_child=6 2 16 4 7 -5 11 -3 12 15 -11 18 14 -14 -8 -10 -2 -18 -1
right_child=1 3 -4 5 -6 -7 8 -9 9 10 -12 -13 13 -15 -16 -17 17 -19 -20
leaf_value=0.0068914319776938694 0.0054298316083786196 0.0019639433045962581 -0.013838305134598642 0.00078270162241981861 -0.010580573995222043 0.0070656470139428993 0.00055332076607432653 0.00022000269638235864 -0.0041062073822707599 -0.00010700220688424523 -0.0018370717118438274 0.0075664800824052471 -0.00043338648840400952 0.0023385446995814996 -0.00013928388011137625 -0.0015695998123404181 -0.0026132276144635591 8.1452301763534806e-05 -0.0025825104713344221
leaf_weight=318 218 5136 207 362 249 369 12940 6227 416 8311 2984 216 7231 6644 103160 745 1435 682 241
leaf_count=318 218 5136 207 362 249 369 12940 6227 416 8311 2984 216 7231 6644 103160 745 1435 682 241
internal_value=1.35238e-05 0.000576246 -0.00212269 0.00113237 0.000888487 0.00499727 -4.49559e-05 0.00104347 -6.41569e-05 -0.0008604 -0.000607118 0.0034768 1.21407e-05 0.000667195 -6.61321e-05 -0.00332014 -0.00146318 -0.00195373 0.00160357
internal_weight=158091 14885 2542 12343 11612 731 143206 11363 142431 12456 11295 775 129975 13875 116100 1161 2335 2117 559
internal_count=158091 14885 2542 12343 11612 731 143206 11363 142431 12456 11295 775 129975 13875 116100 1161 2335 2117 559
is_linear=0
shrinkage=0.02


Tree=135
num_leaves=29
num_cat=0
split_feature=6 54 53 48 72 46 72 44 72 48 59 54 60 20 52 44 34 77 43 6 18 53 69 8 4 32 9 8
split_gain=13.2957 94.3702 55.3665 148.327 62.3849 50.378 107.194 50.2479 59.4842 40.7248 39.635 27.6466 27.1689 18.6079 24.217 22.4664 29.2039 22.2487 21.6449 56.4659 26.5936 20.9737 22.3536 20.4761 15.4244 14.6873 14.4347 13.9639
threshold=0.010723025472992873 0.57514222579460672 0.013305200395819812 -0.019988796323829102 -1.414008380866064 0.003925608863807376 -0.77557317977738749 0.074067882119761466 0.15151872206616529 -0.070227093881554278 0.18612062783841929 0.6076066476832781 0.23227040277249486 -0.006638719723858987 0.95673634530628282 -0.12918327945539967 0.0057218574230209649 -0.58970833062749073 -0.053124800089148654 0.014189347193580242 37.057416668527708 0.01121179493763527 0.25423166291573146 0.012466775191114866 -0.065904585637425281 0.056107930652610334 1.0218802419495658 0.0050691520643319351
decision_type=8 10 10 8 10 10 10 10 10 10 10 10 10 10 2 8 10 10 8 10 8 8 8 10 8 10 10 10
left_child=1 5 3 26 25 6 27 9 -9 -7 -8 -6 -5 14 21 16 23 -18 19 -17 -20 22 -2 -15 -23 -4 -3 -1
right_child=13 2 4 12 11 7 10 8 -10 -11 -12 -13 -14 15 -16 18 17 -19 20 -21 -22 24 -24 -25 -26 -27 -28 -29
leaf_value=-0.010707337721382585 -0.0038612500847445019 -0.0040119243603868298 -0.0067617118911776431 0.0070967664012269215 -0.002765812211101496 -0.0018967862185099364 -0.0029669675685928317 0.0028964849367852834 -0.0034195735913371485 0.00061771642664051321 0.0026802005894572033 0.0018157241711136379 0.0016960956087129419 -0.005510590218913489 0.0039154568813952783 0.0041182561869593896 0.0054220567158629416 -0.0011887035821161014 -0.001651244339248794 -0.00051833784449647113 -0.00018980286796042232 0.00090117562662471006 0.0004389436165090836 -0.0023695275695081088 1.2177552420822554e-05 -0.01054261590551208 -0.00038632046038226351 -0.0059363038982148978
leaf_weight=346 1208 665 344 318 1050 1331 385 3893 502 20113 778 292 201 259 356 1216 201 871 5237 2507 65711 12670 784 674 35336 221 220 201
leaf_count=346 1208 665 344 318 1050 1331 385 3893 502 20113 778 292 201 259 356 1216 201 871 5237 2507 65711 12670 784 674 35336 221 220 201
internal_value=-2.63346e-05 0.000346003 -0.0028436 0.000169395 -0.00506184 0.00072951 -0.0025938 0.000949613 0.00289763 0.000550152 0.000840206 -0.00270886 0.00865 -0.000116806 0.000181869 -0.000312975 -0.00240179 -0.000147251 -0.00025683 0.00122932 -0.00033486 0.000144763 -0.00186553 -0.00498715 0.000228258 -0.0106325 -0.00480587 -0.00988686
internal_weight=157890 30860 3311 1404 1907 27549 1710 25839 4395 21444 1163 1342 519 127030 50354 76676 2005 1072 74671 3723 70948 49998 1992 933 48006 565 885 547
internal_count=157890 30860 3311 1404 1907 27549 1710 25839 4395 21444 1163 1342 519 127030 50354 76676 2005 1072 74671 3723 70948 49998 1992 933 48006 565 885 547
is_linear=0
shrinkage=0.02


Tree=136
num_leaves=22
num_cat=0
split_feature=32 44 54 16 32 52 47 50 45 65 51 50 57 10 37 43 0 0 49 33 29
split_gain=15.7666 21.3644 25.6314 15.3555 23.2614 20.9677 41.1012 35.2129 17.0618 41.9335 30.3081 22.7873 19.5283 15.5723 15.2318 15.8408 8.18343 8.1087 5.876 5.85316 4.98855
threshold=0.32248816140126663 0.10410270243662935 0.49570021689197957 0.077584176301046318 -0.24621384492139956 0.60896649527140501 -0.0038235696042235863 0.0064560857532866009 0.0044644464611294701 0.14889156519024047 0.79296593598847387 0.043447316101035589 0.0085745007398149112 2.0876939073984579 0.089329075447457953 0.045505096983081479 -0.019850606446934312 0.013099150264770711 0.00072894381693056076 0.016145997719779915 -4.3929326345503297
decision_type=10 10 10 10 8 2 10 10 10 8 2 10 8 10 10 10 10 10 10 8 10
left_child=3 16 -3 8 17 6 -6 -7 9 11 -11 -1 20 -14 15 -4 -2 -5 -18 -20 -10
right_child=1 2 14 4 5 7 -8 -9 12 10 -12 -13 13 -15 -16 -17 18 -19 19 -21 -22
leaf_value=-0.00071023182427689454 -0.006333387297280964 0.011057695475179046 0.00068576060689261699 0.0063843986608944775 -2.6306320680122581e-05 -0.0078285140387719561 0.0060047476875943057 -0.00073216548491938937 0.0063796314818848144 0.00049606707102558124 0.0026483277894642121 -0.0069219380135703565 -0.0001339089460684384 0.002793543299882525 -0.0023251942433167657 0.007936817075656669 0.0041114281693751366 0.00067754601915440886 0.0029305357784038554 -0.0023640716856815278 0.0028851750833039135
leaf_weight=3801 202 346 279 279 2999 234 409 16170 272 20102 2295 472 106015 1855 329 215 260 232 335 457 604
leaf_count=3801 202 346 279 279 2999 234 409 16170 272 20102 2295 472 106015 1855 329 215 260 232 335 457 604
internal_value=-4.19694e-05 0.00155858 0.00350256 -6.68935e-05 -0.000579512 -0.000688336 0.000738633 -0.000984944 1.00283e-05 0.00046335 0.000809804 -0.0013519 -0.000101134 -0.000125316 0.00157524 0.00379394 -0.000253386 0.00362891 0.000453941 -0.000401009 0.00287115
internal_weight=158162 2423 1169 155739 20323 19812 3408 16404 135416 26670 22397 4273 108746 107870 823 494 1254 511 1052 792 876
internal_count=158162 2423 1169 155739 20323 19812 3408 16404 135416 26670 22397 4273 108746 107870 823 494 1254 511 1052 792 876
is_linear=0
shrinkage=0.02


Tree=137
num_leaves=20
num_cat=0
split_feature=66 6 54 9 54 60 57 14 50 46 46 10 10 16 34 20 14 19 0
split_gain=14.5774 12.5745 86.555 54.4272 42.9963 85.4898 42.5773 38.7238 32.3224 17.7631 25.2173 41.1415 24.7391 17.0887 13.4656 12.0148 7.5672 6.43922 3.52483
threshold=0.99369084475895642 0.011105049349868208 0.57514222579460672 0.42299568016177197 0.27512857992562395 0.23622856629859057 0.053069890376532786 0.00881537321505599 0.032964856113204107 0.003925608863807376 0.0071360513986925972 1.4287262829129446 0.69039854148066226 0.077584176301046318 0.0027920223097050978 -0.011373569065206033 0.11342677357162824 -1.0065486190550577 0.007335529197472491
decision_type=10 8 10 10 10 10 10 10 10 8 8 10 10 8 10 10 10 10 10
left_child=1 2 4 7 5 -1 -6 -4 -5 13 12 -12 -11 14 -3 17 -17 -2 -15
right_child=15 9 3 8 6 -7 -8 -9 -10 10 11 -13 -14 18 -16 16 -18 -19 -20
leaf_value=-0.0083593384056074079 -0.0015197673718867677 0.0024508541940021973 0.0010065849778367044 -0.0014699365583440921 -0.0013842443433258042 0.00064970385355112047 0.00088997367801280731 -0.0061139951590597971 0.0023635465253415383 0.00062486843775794599 -8.5990022155344232e-05 0.0013915133482518994 -0.00079123739267630323 -7.8101053485942309e-05 0.0087490147335756874 -0.0045509635989155707 -0.0011980549897182495 0.003107919455229491 -0.0038011222096512314
leaf_weight=482 202 1215 202 2452 1719 1008 27756 913 552 5734 71025 12506 30649 294 262 360 362 223 203
leaf_count=482 202 1215 202 2452 1719 1008 27756 913 552 5734 71025 12506 30649 294 262 360 362 223 203
internal_value=-1.13838e-07 1.62958e-05 0.00034995 -0.0023733 0.00071233 -0.00260094 0.00087997 -0.00614516 -0.000971048 -7.97283e-05 -0.000110728 8.06637e-05 -0.000550187 0.00180152 0.00288092 -0.00224564 -0.00381466 0.00041784 -0.00140161
internal_weight=158119 156972 35084 4119 30965 1490 29475 1115 3004 121888 119914 83531 36383 1974 1477 1147 722 425 497
internal_count=158119 156972 35084 4119 30965 1490 29475 1115 3004 121888 119914 83531 36383 1974 1477 1147 722 425 497
is_linear=0
shrinkage=0.02


Tree=138
num_leaves=26
num_cat=0
split_feature=33 41 45 58 37 54 47 47 48 59 69 44 45 45 14 24 37 53 44 54 53 36 41 59 66
split_gain=12.8241 33.5188 25.0667 21.1987 22.6013 21.9559 17.2321 12.5982 14.8031 12.5448 11.9392 34.6517 44.3244 89.9499 35.3731 34.2192 32.6093 32.8873 27.6029 72.8998 39.7949 24.464 15.9073 8.97644 8.73344
threshold=0.15267833383724788 0.032236937256637239 0.011930572666758116 0.14636660799597689 -0.23289634256388184 0.57113454450380607 -0.022926854672786264 -0.089117536269723005 -0.011371836699371694 0.31383017261678353 -1.0000000180025095e-35 0.00083595413199644153 0.014770818854618414 0.014227904924871991 -0.2679573375709432 -1.7302185780730401 0.18782298453724658 0.018028783666494241 0.00083595413199644153 0.60896216865746355 0.01289134570937352 -0.26493212656928428 0.012812036590170829 0.48050614683058218 0.64581083513318949
decision_type=10 10 10 10 8 8 10 10 10 8 8 10 10 10 10 8 10 10 8 10 10 10 10 10 10
left_child=10 3 9 4 6 -6 -2 23 -9 -3 11 16 13 -13 -14 22 17 -1 20 -20 -17 -18 24 -5 -12
right_child=1 2 -4 7 5 -7 -8 8 -10 -11 15 12 14 -15 -16 18 21 -19 19 -21 -22 -23 -24 -25 -26
leaf_value=0.00079347943134595617 -0.0042936092218832846 0.0066454474470891457 -0.0014601960633713073 2.0972622268455136e-05 -0.0014158641868715722 -0.0048003969938695303 0.00043889665926297118 -0.0014785520890286076 6.444878727145082e-05 0.0041079285257218249 0.0039957380731872006 -0.00031418661835423581 -0.010371057331133785 0.0094663680844660099 -0.0017976810851146117 -0.0024111040443518862 0.012030700005162575 -0.0015392397331086406 0.00017492024227014076 0.0026248296872302258 -0.00018036306142506204 0.0015135895429947953 -0.00035963303856958675 0.0045980575929413809 0.006173320517694523
leaf_weight=7576 213 203 367 276 947 569 949 3314 4770 297 653 56160 303 377 1504 1728 245 3133 54222 3473 12182 3836 275 262 202
leaf_count=7576 213 203 367 276 947 569 949 3314 4770 297 653 56160 303 377 1504 1728 245 3133 54222 3473 12182 3836 275 262 202
internal_value=-8.84603e-06 -0.000632643 0.00315438 -0.000923635 -0.00247779 -0.0040857 -0.000376612 -0.00044045 -0.000637972 0.00606387 4.31754e-05 -0.000137253 -0.000356466 -0.000257844 -0.00343916 0.000224621 0.000727334 0.000147339 0.00017007 0.000362902 -0.000629574 0.00224841 0.00367639 0.00251948 0.00502103
internal_weight=158036 12167 867 11300 2678 1516 1162 8622 8084 500 145869 73134 58344 56537 1807 72735 14790 10709 71605 57695 13910 4081 1130 538 855
internal_count=158036 12167 867 11300 2678 1516 1162 8622 8084 500 145869 73134 58344 56537 1807 72735 14790 10709 71605 57695 13910 4081 1130 538 855
is_linear=0
shrinkage=0.02


Tree=139
num_leaves=30
num_cat=0
split_feature=45 14 6 54 71 42 4 48 43 8 45 59 27 37 45 54 46 43 44 6 47 50 35 42 5 17 46 24 59
split_gain=17.2994 42.224 30.6962 57.9183 83.1619 63.1506 23.1123 34.5884 49.9469 50.6001 34.9512 69.4195 28.6388 27.418 32.5508 26.6601 22.0941 20.2061 18.8901 17.4559 15.3732 27.3473 15.2176 13.8414 13.694 12.9134 11.6792 12.8521 10.0761
threshold=0.0044354796085307137 -0.063109573155590001 0.012033397951718828 0.27512857992562395 -0.72236227686874133 0.013429562678062947 -0.060314860024324561 -0.10872575593379601 -0.094165030053838181 0.015984995161098338 0.018619044111080962 0.31005263488249063 -0.15691812077891151 0.12816475307292899 0.0082894699117945052 0.45794707453857358 0.0062218053344738075 0.082894945459941152 0.10091986081461791 0.019455300372865299 -0.0024949782193460775 0.011720836341512776 -0.029356292728767174 -0.014417560667211169 0.013136214160972713 -1.0211203663875414 0.0042077536149970948 0.39471267258944387 0.50835076708507676
decision_type=8 8 10 10 8 10 8 8 10 8 10 8 8 10 10 10 10 10 10 10 10 10 10 10 10 2 10 8 10
left_child=1 20 3 4 -3 -5 13 8 25 -10 12 -12 -9 16 15 -15 19 -16 23 -2 21 24 -18 -4 -1 -8 -22 -28 -23
right_child=6 2 18 5 -6 -7 7 10 9 -11 11 -13 -14 14 17 -17 22 -19 -20 -21 26 28 -24 -25 -26 -27 27 -29 -30
leaf_value=-0.0080370722726105931 0.0011242361414425962 -0.0056890900620617914 0.0040359115299483817 0.00077907116025162978 0.0012344725870727985 0.002907717004333607 0.0056852559065024878 -0.0056687521647042754 -0.0051804041207123728 -0.00020581118148869788 0.012290200389766335 -0.0013501090226587281 -0.00014383618949078122 0.0025863877487969757 0.0025694592911507286 -0.001060790173965886 0.00035059553530164864 -0.00089122657962090212 -0.0035121230842753981 0.0093578557629882819 0.00015758720716234055 -0.0013878190932651729 -0.00089677130383391927 1.1294276942130089e-05 -0.0019600023629619935 -5.0625790093005232e-05 -0.0046698901770991057 -0.00109678653847904 0.0042243647021817645
leaf_weight=214 1583 637 304 8227 1000 3803 219 743 799 547 248 313 100755 1151 4685 2548 7501 692 344 409 397 201 6547 11290 222 408 1028 434 715
leaf_count=214 1583 637 304 8227 1000 3803 219 743 799 547 248 313 100755 1151 4685 2548 7501 692 344 409 397 201 6547 11290 222 408 1028 434 715
internal_value=6.57108e-06 0.000449665 0.000720847 0.00136801 -0.00215995 0.00184839 -9.2281e-05 -0.000223756 -0.002846 -0.00501707 -0.000173016 0.00480071 -0.000200573 0.000452204 0.00133062 -0.000112973 -4.47603e-05 0.00232391 -1.99347e-05 0.00192574 -0.00171171 -8.72136e-05 -0.000324436 0.000117119 -0.00420595 0.0018121 -0.0028914 -0.00371702 0.0018735
internal_weight=157964 28816 25605 13667 1637 12030 129148 104032 1973 1346 102059 561 101498 25116 9076 3699 16040 5377 11938 1992 3211 1352 14048 11594 436 627 1859 1462 916
internal_count=157964 28816 25605 13667 1637 12030 129148 104032 1973 1346 102059 561 101498 25116 9076 3699 16040 5377 11938 1992 3211 1352 14048 11594 436 627 1859 1462 916
is_linear=0
shrinkage=0.02


Tree=140
num_leaves=21
num_cat=0
split_feature=18 43 49 1 49 77 59 55 54 54 51 51 51 53 10 53 9 46 49 78
split_gain=12.1316 22.2587 26.669 23.472 23.2011 21.2941 19.9191 18.2352 24.9937 23.1915 23.7983 26.3793 24.4042 21.9911 22.6951 17.9278 14.7722 14.059 12.009 10.7056
threshold=72.158944120338518 -0.0038093006296597283 -0.0078135462240682112 0.051238360983704941 -0.0035697602263301538 0.4254221409387906 0.56369461215545358 0.46333721896913188 0.24510757149693599 0.24510757149693599 0.72080650082043596 0.73595283317505544 0.71429350915084699 0.010989559495124484 1.4747353449193612 0.012703871441594192 1.7570160080423631 0.0088523199585728591 -0.015757327943683449 -0.019397486849713635
decision_type=10 8 10 10 10 8 8 10 8 8 2 2 2 10 10 10 8 8 10 10
left_child=7 4 -3 5 6 -4 18 9 -9 -1 12 -12 -11 14 -10 -15 -5 19 -2 -6
right_child=1 2 3 16 17 -7 -8 8 13 10 11 -13 -14 15 -16 -17 -18 -19 -20 -21
leaf_value=0.0057555574614340391 -0.0020406976415956375 0.0054781541399739576 0.001430591014499445 -9.9244712253730442e-05 -0.0031076370408850513 0.00022878261522830075 9.8834709289327043e-05 -0.0052462460139825508 0.0015737421784616167 -2.8638874924667454e-05 0.0034360196868750232 0.00045170687564366859 -0.0026241928701697327 -0.00082070987141646447 -0.0038590960196386898 -0.00016331554540278313 -0.0027581523468592269 0.003014407843534198 -0.0062779879338117992 0.0016198936106923874
leaf_weight=351 285 351 5587 3211 214 11018 324 311 2490 51621 1062 18050 1047 12617 367 47433 960 312 322 210
leaf_count=351 285 351 5587 3211 214 11018 324 311 2490 51621 1062 18050 1047 12617 367 47433 960 312 322 210
internal_value=1.17488e-05 0.000438605 0.000614256 0.000521634 -0.00178537 0.000858605 -0.00388197 -6.01256e-05 -0.000308104 0.000157184 0.000132041 0.000736567 -8.72999e-05 -0.00028006 0.00143387 -0.000361659 -0.000819271 0.000865672 -0.00601645 -0.00150118
internal_weight=158143 22794 21127 20776 1667 16605 931 135349 63218 72131 71780 19112 52668 62907 2857 60050 4171 736 607 424
internal_count=158143 22794 21127 20776 1667 16605 931 135349 63218 72131 71780 19112 52668 62907 2857 60050 4171 736 607 424
is_linear=0
shrinkage=0.02


Tree=141
num_leaves=21
num_cat=0
split_feature=63 44 45 45 44 53 48 45 72 53 44 72 46 38 48 38 53 45 9 15
split_gain=12.4478 55.6555 38.538 33.5311 50.7159 32.9145 29.877 49.2321 104.392 31.3743 47.9664 28.9846 28.4504 26.6961 24.8917 23.2004 25.3858 18.8439 19.6206 18.7156
threshold=0.23227040277249486 0.21061464899071672 0.0085625666337413569 0.015028688949343528 -0.089159649383810533 0.010900370658205363 -0.010941834258931913 0.0118705075089792 0.12290289005203416 0.012856314490571659 0.051015913869813197 1.2755436822945372 0.003497803715419317 1.2222224073272872 -0.10872575593379601 1.5032996243305472 0.010900370658205363 0.0042397239418392203 0.36485484422514575 -0.015203994536690855
decision_type=8 8 10 10 10 8 10 10 10 8 8 10 10 10 10 8 10 10 10 8
left_child=1 2 15 14 -5 11 9 12 -9 10 -7 17 -8 -11 -4 16 -1 18 -2 -19
right_child=5 -3 3 4 -6 6 7 8 -10 13 -12 -13 -14 -15 -16 -17 -18 19 -20 -21
leaf_value=-0.0033260461956971144 -0.0042324153960776132 -0.007534047987829951 0.0068420580959728874 0.0025005404930295216 -0.0038721130866922562 -0.0014350395764004958 -0.0018627645456764424 -0.0053899466304034808 0.0034927281160766844 -0.00042452320895759705 0.0012557400280513631 -0.0035211813555151086 0.0003003909539225025 0.00064738429387014315 0.0019703781692714784 -0.0044590633060850159 0.00015739378725740396 -0.0011889025009541685 0.00096905168731487989 0.0026693439152872677
leaf_weight=1348 211 357 365 1055 1152 9156 1765 929 536 43722 1860 316 50876 9101 9384 372 21401 425 1137 2479
leaf_count=1348 211 357 365 1055 1152 9156 1765 929 536 43722 1860 316 50876 9101 9384 372 21401 425 1137 2479
internal_value=-2.08803e-05 0.000309242 0.000389361 0.0013112 -0.000913949 -0.000116379 -0.000180913 0.000164822 -0.0034502 -0.000473966 -0.00144486 0.00154914 0.000265529 -0.00027143 0.00181518 -8.72762e-05 -6.06593e-06 0.00198401 2.8169e-05 0.00289088
internal_weight=157947 35434 35077 11956 2207 122513 117945 54106 1465 63839 11016 4568 52641 52823 9749 23121 22749 4252 1348 2904
internal_count=157947 35434 35077 11956 2207 122513 117945 54106 1465 63839 11016 4568 52641 52823 9749 23121 22749 4252 1348 2904
is_linear=0
shrinkage=0.02


Tree=142
num_leaves=28
num_cat=0
split_feature=73 35 53 53 46 46 49 41 6 41 60 10 45 6 70 21 38 32 19 50 10 75 36 7 9 56 26
split_gain=14.9553 25.2176 24.8514 30.4434 24.2774 26.3094 22.3921 21.5036 20.7083 28.0929 25.7886 21.0266 22.6683 19.9816 19.2416 18.5642 18.3399 20.49 18.8464 18.1439 17.7151 15.9052 15.8043 14.1609 10.953 10.8978 4.56484
threshold=0.10472095872879782 0.0051873179893512636 0.011382915358150428 0.011472534317419703 0.0078843922265568241 0.008887940952420962 -0.009530642283459732 0.015542439779485774 0.019340302507060935 0.043315982784673641 0.70233077002500466 1.0804133292017006 0.017937732423117535 0.012847975854766684 0.29848467896806019 -0.015304090522914813 1.0713687281939857 0.0083439229122422871 -1.8723564999253017 0.061574248510383074 1.0845167121025647 0.62882941901250156 -0.010208400830460288 0.0060871112320751986 1.0803717173349143 0.72973101539526042 1.0481468681738237
decision_type=8 10 8 8 10 10 10 10 10 10 10 10 10 10 10 10 10 10 10 10 8 8 10 10 10 10 10
left_child=1 8 6 20 7 13 -2 15 9 10 -1 22 -13 -6 21 -3 17 -5 -18 -7 26 -8 -10 -9 -11 -16 -4
right_child=2 4 3 16 5 19 14 23 11 24 -12 12 -14 -15 25 -17 18 -19 -20 -21 -22 -23 -24 -25 -26 -27 -28
leaf_value=0.00013720369746128059 -0.0026290832861863489 0.0037963161220439367 -0.0029981474300307771 -5.7680255196487785e-06 -0.0032752636423404469 0.00026931534352573477 0.00052264263904300723 -0.0021366836276527951 0.00041638780587595174 -0.0037275175495611423 -0.00083982376183351583 0.001729662420250409 -0.0011403752329612361 0.00010920636293287804 -0.0034421864597461139 0.00151463227450305 0.0040103759447517777 -0.00069075593612547362 0.00016279428640710521 0.002598353209436733 -8.9861124096156242e-05 0.0028410119596070224 -0.0016056502399524905 0.0023158024155522749 -0.0005937082042090496 0.001015634502384578 -0.0048924979906117003
leaf_weight=43179 340 838 247 21185 576 4434 1201 594 3933 477 12969 11295 1419 544 596 4155 338 24762 18278 698 241 1988 2409 329 241 690 205
leaf_count=43179 340 838 247 21185 576 4434 1201 594 3933 477 12969 11295 1419 544 596 4155 338 24762 18278 698 241 1988 2409 329 241 690 205
internal_value=2.31282e-05 0.000196592 -0.000194914 -0.000297255 0.00104183 0.000172397 0.00119145 0.00196011 6.10882e-05 -0.000130093 -7.97521e-05 0.000631684 0.0011009 -0.00260303 0.00156792 0.00247857 -0.000252432 -0.000467006 0.000277059 0.000778882 -0.00446398 0.00240063 -0.000308687 -0.000841991 -0.00405841 -0.000495726 -0.0067947
internal_weight=158161 88090 70071 65256 12168 6252 4815 5916 75922 56866 56148 19056 12714 1120 4475 4993 64563 45947 18616 5132 693 3189 6342 923 718 1286 452
internal_count=158161 88090 70071 65256 12168 6252 4815 5916 75922 56866 56148 19056 12714 1120 4475 4993 64563 45947 18616 5132 693 3189 6342 923 718 1286 452
is_linear=0
shrinkage=0.02


Tree=143
num_leaves=27
num_cat=0
split_feature=61 53 60 30 53 46 46 53 32 53 57 45 9 45 8 44 41 52 24 9 45 66 30 29 8 33
split_gain=16.7164 23.1353 21.7606 20.0442 19.0969 25.4607 43.3783 35.2251 23.8411 28.5746 26.0719 18.6431 30.8915 18.2385 17.3564 56.1057 28.3439 22.2131 17.1239 17.0979 15.9872 14.5262 16.9493 11.7571 10.8647 9.2057
threshold=0.47549497410904668 0.010900370658205363 0.90589410546671123 0.79207956956140424 0.014884104280206764 0.0071574745760132038 0.0062218053344738075 0.014460730104495464 -0.048886591077917201 0.027883404369793714 0.37956137678952184 0.0042969253208843409 0.35179202433378576 0.0083304609404307017 0.011944593461886808 -0.12309302849888985 0.047384893400697077 0.88167751442957154 1.1815946998657985 1.6070126732392602 0.010461889225668363 0.95914193898418276 0.86934218301117405 -5.5491281077109429 0.0084609031010391359 0.0024305744017168573
decision_type=8 8 10 8 10 10 10 10 10 10 8 10 10 10 10 8 10 2 10 10 10 10 10 8 10 10
left_child=3 2 11 4 5 6 -1 -7 9 -6 -10 12 -2 21 15 -3 -17 20 -19 23 -16 22 -5 -15 -13 -23
right_child=1 14 -4 13 8 7 -8 -9 10 -11 -12 24 -14 19 17 16 -18 18 -20 -21 -22 25 -24 -25 -26 -27
leaf_value=0.00068814359934295916 -0.0048090328443476512 -0.0053291045918710655 -0.0049072533043615328 -0.0012245386905002248 0.0014440477237303024 0.00079600649180356189 -0.0012682732692701677 0.0037158135126867877 -0.001199886636446135 -0.0018194801061727107 0.00019968378863050924 0.0032367358714229101 0.0014245297602256347 0.0010325305402684411 0.0007907310112148225 -0.0002728951006764008 -0.0047292917914086609 -0.00078618747054780508 -0.0068448521982466563 0.0039092440291975377 -0.00029599424586030678 -0.0032639928532462964 0.0013334715867769197 -0.0013089663857815915 8.0414579922692691e-05 -0.00014190366547168432
leaf_weight=19488 200 349 250 2945 5835 12931 5282 2398 8350 961 11875 1481 888 1114 13317 57658 251 972 258 347 8095 851 706 943 349 267
leaf_count=19488 200 349 250 2945 5835 12931 5282 2398 8350 961 11875 1481 888 1114 13317 57658 251 972 258 347 8095 851 706 943 349 267
internal_value=3.09291e-05 -0.000162224 0.00151404 0.000249522 0.000356937 0.000633865 0.000237294 0.00127449 -5.3956e-05 0.000970722 -0.000398398 0.002 -7.16253e-05 -0.000755227 -0.000227908 -0.000410546 -0.000362252 0.000241929 -0.00237043 0.000664449 0.000392192 -0.00147128 -0.000859255 -2.81827e-05 0.00323211 -0.00346559
internal_weight=158361 84068 3168 74293 67120 40099 24770 15329 27021 6796 20225 2918 1088 7173 80900 58258 57909 22642 1230 2404 21412 4769 3651 2057 1830 1118
internal_count=158361 84068 3168 74293 67120 40099 24770 15329 27021 6796 20225 2918 1088 7173 80900 58258 57909 22642 1230 2404 21412 4769 3651 2057 1830 1118
is_linear=0
shrinkage=0.02


Tree=144
num_leaves=13
num_cat=0
split_feature=25 69 0 38 25 9 49 72 41 53 49 20
split_gain=13.0735 36.2872 13.1093 20.0748 16.8785 16.015 19.0476 14.1512 12.7348 22.2243 14.5691 11.2737
threshold=-1.8989603227860805 0.18398599884355465 -0.042467505520466901 1.6292706313043768 -0.25748937224681417 -0.44381680235841231 0.0035127625494796315 -1.8353486864856075 -0.0026366270801126963 0.013274044109080776 0.017568464436558243 0.0029951418241668808
decision_type=8 10 10 10 10 8 10 8 10 10 10 10
left_child=1 -1 4 5 -2 6 -4 -7 9 -6 -10 -5
right_child=2 -3 3 11 8 7 -8 -9 10 -11 -12 -13
leaf_value=-0.001185794794247368 -0.003207695893028677 0.0081115942099591488 -0.0025983189909647847 -0.001228289254333137 0.0064971035681870102 -0.0014781245092536119 0.0020766584301320523 -3.3693208841646224e-05 -0.0011337234323151391 0.0020834501165730578 0.0045621833261661393 -0.004881767827447289
leaf_weight=374 312 265 468 201 367 2881 2134 148702 663 964 201 229
leaf_count=374 312 265 468 201 367 2881 2134 148702 663 964 201 229
internal_value=-1.20308e-05 0.00284062 -2.3663e-05 -4.69421e-05 0.00141069 -3.488e-05 0.00152055 -6.16028e-05 0.00203005 0.00325676 0.000136416 -0.00435731
internal_weight=157761 639 157122 154615 2507 154185 2602 151583 2195 1331 864 430
internal_count=157761 639 157122 154615 2507 154185 2602 151583 2195 1331 864 430
is_linear=0
shrinkage=0.02


Tree=145
num_leaves=24
num_cat=0
split_feature=0 34 44 6 38 54 48 41 54 64 66 54 4 69 44 44 32 70 42 50 40 41 44
split_gain=17.5978 21.0101 16.105 29.3692 21.5146 15.4983 38.8362 21.4101 17.0972 13.794 13.7939 13.3861 13.3394 13.2187 51.7399 42.757 12.1615 11.8368 9.78919 9.74837 7.59495 10.1427 7.96142
threshold=-0.030752029086140494 0.0013172394381817029 -0.1588606586551711 0.019798182724293744 1.5277937895728757 0.5475143567272901 -0.06142378674257392 -0.0057303601114631056 0.41303872162117189 0.42797924345129174 0.98957245998608223 0.4081202386882879 -0.089883074462580079 -0.19145656822272913 0.15576978428121704 0.15576978428121704 0.04441244605741524 0.098843163822096403 -0.015431673330494609 0.014764393883423656 -0.00011984963730491373 0.0020689732251226727 0.029523553145479612
decision_type=10 10 8 10 10 10 10 10 8 10 10 8 10 8 10 10 8 8 10 8 10 10 10
left_child=1 11 3 -2 -5 8 19 -8 -3 -6 13 -1 -10 15 -15 -4 18 -18 -13 -7 22 -22 -12
right_child=2 5 10 4 9 6 7 -9 12 -11 20 16 -14 14 -16 -17 17 -19 -20 -21 21 -23 -24
leaf_value=0.003904784042718522 -0.0051974824654389138 0.0039572207455310674 -0.00016363332673954395 0.0037404814627084826 -0.004278883893460649 0.00044539251362659202 0.0088295904742608667 0.0024339259854956638 0.002161815205243185 -0.00087382119534170776 -0.00033114623779945568 0.004024802826038191 -0.0032881122364566539 5.804376684857171e-05 0.0026996994693972843 -0.0034761606653074028 -0.0042203328676436239 -0.0014244229445605282 -0.00070876467950383674 0.0044075771946883628 -0.002504613719537559 0.00084917649772114218 -0.0036189097944955961
leaf_weight=292 204 345 59534 219 202 1408 587 283 294 312 228 302 482 87533 1680 1152 239 560 622 200 500 503 334
leaf_count=292 204 345 59534 219 202 1408 587 283 294 312 228 302 482 87533 1680 1152 239 560 622 200 500 503 334
internal_value=-9.98633e-06 0.00108958 -5.05111e-05 -0.00266311 -0.000787466 0.002005 0.00288745 0.00628932 5.16934e-05 -0.00302524 -3.43182e-05 -0.000544643 -0.00159331 -1.47965e-05 0.00014009 -0.000242523 -0.00121694 -0.0030225 0.000343784 0.00104288 -0.00190166 -0.000854582 -0.00376199
internal_weight=158015 5614 152401 937 733 3599 2478 870 1121 514 151464 2015 776 149899 89213 60686 1723 799 924 1608 1565 1003 562
internal_count=158015 5614 152401 937 733 3599 2478 870 1121 514 151464 2015 776 149899 89213 60686 1723 799 924 1608 1565 1003 562
is_linear=0
shrinkage=0.02


Tree=146
num_leaves=30
num_cat=0
split_feature=69 42 43 49 69 54 45 41 41 42 47 49 14 63 43 50 10 50 43 42 6 28 28 10 51 46 54 51 42
split_gain=13.6621 30.278 59.6364 44.4791 36.7551 34.196 54.8176 28.1377 52.4734 47.8915 47.6544 32.5775 35.0026 34.6357 25.069 58.7235 68.8605 37.3732 47.8864 33.2641 31.0239 24.5689 22.6855 23.1806 22.4398 22.0985 31.9284 31.8721 19.9914
threshold=0.09910841159708654 0.0072732266117424569 0.017643471792524904 0.0070747730187384903 -0.36132208094020135 0.43507755479464671 0.0047898568642058053 0.025892532785220083 0.033146437561890514 0.063036302483682763 -0.059910702568925882 0.012788351100480157 0.53260261597366254 0.60973036945559345 0.015670882025268121 0.018343722980311731 0.73400272426457402 0.032715732099489865 -0.0021242790001379515 -0.0090343451766453069 0.030498647723762741 -0.0012745422754237288 -0.38975638735558349 0.17317571116680322 0.75207501033200175 0.0042533400951348934 0.51533516738383678 0.5589476296847854 0.023607988400966676
decision_type=10 10 10 10 8 8 10 10 10 10 10 10 10 10 10 10 10 10 10 10 10 10 8 8 2 8 10 2 10
left_child=1 3 5 25 24 6 -3 14 11 10 -10 13 -13 -9 17 16 -16 18 -2 -17 -19 -6 -4 -24 -5 27 -27 -1 -7
right_child=7 2 22 4 21 28 -8 8 9 -11 -12 12 -14 -15 15 19 -18 20 -20 -21 -22 -23 23 -25 -26 26 -28 -29 -30
leaf_value=-0.001602608053162426 0.00041739637847164378 -0.0011641745548427414 0.0088516992256189239 -0.0023403352343000111 0.00063161028909634344 0.0013263610219525707 0.0039698418737269189 -0.00099288708492307706 -0.0039378476680825125 0.006742394108337239 0.0011812012310604694 -0.00051830354956299788 -0.0094688859475401538 -0.0078759660566715996 0.0083405716929382118 0.0038787892996238272 0.0015496321666456387 0.0045311700121192858 -0.0010194920853843319 0.00030167625254193866 -0.0021515800128008712 -0.0030942764230177996 0.0016749948192481166 -0.0003747017390687737 -0.0077883771548582061 -0.00096047575734107367 0.0002124507227454557 0.004131115458340196 -0.00043561770042674277
leaf_weight=906 16921 915 269 4390 2498 6101 2733 332 507 343 1993 2241 321 513 875 511 2482 604 11441 23849 204 388 1561 34031 246 17210 19046 1134 3474
leaf_count=906 16921 915 269 4390 2498 6101 2733 332 507 343 1993 2241 321 513 875 511 2482 604 11441 23849 204 388 1561 34031 246 17210 19046 1134 3474
internal_value=2.898e-06 -0.000148762 0.000196353 -0.000518519 -0.0019245 0.00134437 0.00299205 0.000230891 -0.00104271 0.000962729 0 -0.00271655 -0.0015911 -0.00612057 0.000370869 0.000801573 0.00328112 -3.83257e-05 -0.000159292 0.000459669 0.00420025 -0.000151715 -0.000226925 -0.000270784 -0.00302739 -0.000242264 -0.00035629 0.00178246 0.000716165
internal_weight=158039 94902 49084 45818 7522 13223 3648 63137 6250 2843 2500 3407 2562 845 56887 27717 3357 29170 28362 24360 808 2886 35861 35592 4636 38296 36256 2040 9575
internal_count=158039 94902 49084 45818 7522 13223 3648 63137 6250 2843 2500 3407 2562 845 56887 27717 3357 29170 28362 24360 808 2886 35861 35592 4636 38296 36256 2040 9575
is_linear=0
shrinkage=0.02


Tree=147
num_leaves=18
num_cat=0
split_feature=57 54 44 23 32 4 6 6 57 45 34 45 10 55 44 54 78
split_gain=12.4091 15.9393 17.908 13.5114 18.0219 15.0859 17.8983 16.9274 15.0137 19.6831 13.6502 12.987 12.913 10.9013 10.8211 23.4286 9.90333
threshold=0.96719734942567903 0.65574680014672626 -0.050410923913992538 0.10698200977574902 -0.27617093460708475 0.39506112745364347 0.070717915228013475 0.037879804488164193 0.18796074826410583 0.010037095526989189 0.027000195143582671 0.013995720830993192 1.4549655585087196 0.16474657425533043 0.10184831294004694 0.57423636069098871 -1.4822302551785518
decision_type=10 10 10 10 8 10 10 10 8 10 10 10 10 10 10 10 10
left_child=3 11 -3 5 10 6 7 -1 9 -6 -5 13 -10 -2 -7 -16 -15
right_child=1 2 -4 4 8 14 -8 -9 12 -11 -12 -13 -14 16 15 -17 -18
leaf_value=-2.4731577113462632e-06 0.0069100611628903005 0.00062857538328161763 0.0086330363974900567 -0.00089118431638789217 -0.0023091150849503979 -0.00041098995387302262 0.0081565030130813041 -0.001081882371945925 -0.0010260085132525448 -0.008012733287893729 0.0048403796329235535 -0.0054592757034809839 0.00089874745813320919 -0.0016817187571413845 0.011160238668206986 0.0012240705732055334 0.0011012725949268241
leaf_weight=140549 325 209 237 271 410 302 317 4352 4602 232 284 200 1307 457 202 400 3629
leaf_count=140549 325 209 237 271 410 302 317 4352 4602 232 284 200 1307 457 202 400 3629
internal_value=-2.20992e-05 0.00095255 0.00455928 -5.42848e-05 -0.000905867 -1.28522e-05 -2.89081e-05 -3.93231e-05 -0.00119933 -0.00410264 0.00255036 0.000602342 -0.00088291 0.000829102 0.00256133 0.00410945 0.00054759
internal_weight=158285 5057 446 153228 7106 146122 145218 144901 6551 642 555 4611 5909 4411 904 602 4086
internal_count=158285 5057 446 153228 7106 146122 145218 144901 6551 642 555 4611 5909 4411 904 602 4086
is_linear=0
shrinkage=0.02


Tree=148
num_leaves=23
num_cat=0
split_feature=32 5 50 48 30 45 67 45 45 14 9 9 9 52 40 41 66 34 47 16 45 14
split_gain=15.4397 16.1632 13.3406 16.7426 11.5275 19.4257 17.6954 17.3881 16.888 26.9688 21.9704 16.5311 15.5564 14.5229 14.2723 13.5463 13.4768 11.4701 10.8988 9.43335 9.33918 8.82337
threshold=0.32248816140126663 0.042593097406731416 0.036374677705069532 -0.01860553774077844 0.79207956956140424 0.0083304609404307017 -1.3286603127119638 0.0040694575470957058 0.0044010251167310123 -0.020452167084477942 0.54152716558590841 1.6070126732392602 0.8398442498606441 0.59420748486516251 0.0020650842325071199 -0.064701772242531638 0.95914193898418276 0.0026242643230096957 -0.02182976198692221 0.12702655552023936 0.0053649681271666092 0.091277222590663412
decision_type=10 10 10 10 10 10 8 10 8 8 8 10 10 2 10 10 10 10 8 10 10 8
left_child=4 2 3 17 6 12 7 14 9 -8 -10 15 18 -9 -1 -7 -14 -2 -6 21 -5 -4
right_child=1 -3 19 20 5 11 8 13 10 -11 -12 -13 16 -15 -16 -17 -18 -19 -20 -21 -22 -23
leaf_value=0.0015987534679434369 0.00086960770030347992 -0.0071321866061398011 0.0021139600447265239 0.0025213597848004728 -0.0026829869914343847 0.0034739238470745774 -0.0014142329331575082 0.00016493530769874025 -0.00062449263999709193 0.00063782909870595055 1.1727296543910162e-05 0.0041738137455819323 -0.0014003730197239233 0.0030117239274721113 -0.0048265317451795789 -0.00047399922408685596 -0.003701966091873168 0.0086714515067918933 0.00037987729146020583 0.00227883530961749 -0.0057356263984223253 0.0085737403065369259
leaf_weight=394 354 250 227 245 287 202 3689 2471 20865 20817 96120 348 2106 3534 361 1944 666 206 1782 384 349 366
leaf_count=394 354 250 227 245 287 202 3689 2471 20865 20817 96120 348 2106 3534 361 1944 666 206 1782 384 349 366
internal_value=2.16373e-05 0.00161965 0.0021848 0.000725541 -2.81515e-06 -0.000776718 3.54666e-05 0.00103505 -1.22834e-05 0.000465092 -0.000112304 0.000656513 -0.00151549 0.00139494 -0.00182275 0 -0.00249477 0.00320499 -0.000201932 0.00390389 -0.00161008 0.00548485
internal_weight=157967 2381 2131 1154 155586 7335 148251 6760 141491 24506 116985 2494 4841 6005 755 2146 2772 560 2069 977 594 593
internal_count=157967 2381 2131 1154 155586 7335 148251 6760 141491 24506 116985 2494 4841 6005 755 2146 2772 560 2069 977 594 593
is_linear=0
shrinkage=0.02


Tree=149
num_leaves=27
num_cat=0
split_feature=69 52 50 43 41 53 49 44 43 48 41 6 72 78 48 10 22 48 59 43 43 66 57 9 10 25
split_gain=14.4807 39.5889 56.4821 40.8116 37.5557 33.8729 39.2513 32.5568 43.5768 51.999 35.9995 32.4363 30.0736 28.4797 25.5171 24.077 22.377 22.2275 19.6023 15.9515 12.4184 9.49924 7.27383 6.18897 5.67976 3.76694
threshold=0.073917795364508904 0.88789462569950384 0.058484836743913589 0.052023794148548304 0.015812499295069896 0.013639970853982417 0.013102080847152477 0.00083595413199644153 -0.05608314278748882 -0.034075730639950667 0.026653010398889235 0.054967886072152423 -0.55877613944072069 -2.0389498709535991 -0.0041522549267684608 1.6738368424205394 0.091920009179915621 -0.020992524107077744 0.35774960323185695 0.055394913260234165 -0.041568662658542747 0.35189159116197749 0.80084301602529939 1.1705687790254795 0.76869598458935473 -0.22803538040598156
decision_type=10 2 10 10 10 10 10 8 8 8 8 10 10 8 10 10 10 10 10 10 10 10 10 10 10 10
left_child=7 2 5 4 21 14 -7 13 -9 11 -11 -10 -6 25 -2 17 23 -15 24 -18 -17 -3 -20 -4 -5 -1
right_child=1 3 16 18 12 6 -8 8 9 10 -12 -13 -14 15 -16 20 19 -19 22 -21 -22 -23 -24 -25 -26 -27
leaf_value=-0.0020191603606218005 -0.00076438931674485525 0.0035744392788374236 0.0002307573240531624 0.0047993752534474269 -0.0059396826053859861 0.0010490949298403035 -0.00015422987684157204 0.0089665013969676896 -0.0014716358460260227 -0.00030289202184237413 0.0013967898909765795 -0.011757963268310761 9.9964915418187251e-05 0.00026344854517486381 0.0002700131815329318 -0.00017075053289747843 -0.0083234123727149601 0.0032209981312031209 0.00082529856555050684 -0.0039213300709586008 0.0069038380133626086 0.001436140867225982 0.004868754849066426 -0.003390160111787804 0.0052293690885373946 -0.0045179299090251533
leaf_weight=200 14551 208 341 317 225 21595 14277 210 7844 62699 5187 243 331 14203 10862 221 349 1772 360 201 634 340 313 273 210 213
leaf_count=200 14551 208 341 317 225 21595 14277 210 7844 62699 5187 243 331 14203 10862 221 349 1772 360 201 634 340 313 273 210 213
internal_value=-2.81831e-05 0.000201655 0.000106613 0.0027757 0 0.00018957 0.000585343 -0.000187505 -0.000365142 -0.00039037 -0.000209731 -0.00190628 -0.00365889 0.000597193 -0.000369009 0.000724734 -0.00425579 0.000549449 0.00532723 -0.0071833 0.00399299 0.0037122 0.00305341 -0.00162276 0.00821591 -0.00458454
internal_weight=158179 64753 62449 2304 1104 61285 35872 93426 76183 75973 67886 8087 556 17243 25413 16830 1164 15975 1200 550 855 548 673 614 527 413
internal_count=158179 64753 62449 2304 1104 61285 35872 93426 76183 75973 67886 8087 556 17243 25413 16830 1164 15975 1200 550 855 548 673 614 527 413
is_linear=0
shrinkage=0.02


Tree=150
num_leaves=20
num_cat=0
split_feature=66 9 42 5 10 14 48 58 16 18 32 45 41 37 14 60 69 39 56
split_gain=13.0506 16.9357 24.6279 19.9163 17.5904 21.6935 17.8942 11.4802 12.486 18.9638 15.7957 12.043 11.0373 8.63439 8.18542 7.98189 7.4085 6.69163 6.15388
threshold=0.99369084475895642 -0.44381680235841231 0.0065143588825852259 0.011356015094218042 0.17317571116680322 0.14001528687206502 -0.0028242166326248315 0.97486908239256875 0.10567682416779102 39.630202322231668 0.35371105579485496 0.0043653841416914901 -0.0077898402991778961 1.0899935177392863 0.025353518654792743 0.18000124207621915 0.6065455441451818 0.016368892380681403 0.73368214577342294
decision_type=10 8 10 10 8 10 10 10 8 8 8 10 10 10 8 10 10 10 10
left_child=1 2 3 -1 6 -6 -4 8 10 -10 -3 16 -13 15 -5 -2 -9 18 -17
right_child=13 7 4 14 5 -7 -8 11 9 -11 -12 12 -14 -15 -16 17 -18 -19 -20
leaf_value=-0.0042828373109636241 -0.0028498573645814283 -4.4871017187802787e-05 0.0068199705102871024 0.0042300287132057569 -0.00046029039904907257 0.00524170958177136 0.0026333498961405087 -0.0074070505223047464 -0.003979073243536857 -0.00042972143340616251 0.0020264046560402498 -0.00063959538674926582 0.0036786015423431167 -0.0053705597155662334 -0.00056658243379352079 0.0010353821449665002 0.001534547642806257 0.0021311580705290524 -0.0032513415920733049
leaf_weight=279 317 136273 275 253 683 312 366 255 587 12592 1858 739 2007 202 368 233 204 208 212
leaf_count=279 317 136273 275 253 683 312 366 255 587 12592 1858 739 2007 202 368 233 204 208 212
internal_value=-4.48605e-05 -2.91496e-05 0.00159164 -0.00106326 0.00305315 0.00138353 0.00563551 -5.57742e-05 -8.08798e-05 -0.000669044 -2.47444e-05 0.00112851 0.00163014 -0.00214663 0.00092926 -0.00135736 -0.00186522 -8.8685e-05 -0.00147534
internal_weight=158223 157051 2536 900 1636 995 641 154515 151310 13179 138131 3205 2746 1172 621 970 459 653 445
internal_count=158223 157051 2536 900 1636 995 641 154515 151310 13179 138131 3205 2746 1172 621 970 459 653 445
is_linear=0
shrinkage=0.02


Tree=151
num_leaves=19
num_cat=0
split_feature=38 9 49 64 7 47 34 50 66 42 55 34 72 72 48 56 63 72
split_gain=13.8424 15.4314 26.2951 18.233 15.0488 14.7669 14.3095 14.6747 13.4041 13.4039 12.8964 11.9084 18.1797 11.8915 9.18412 8.24899 8.27248 4.57215
threshold=1.5568594782786793 -0.44381680235841231 0.0032320902334455064 0.932276301749415 0.0072353531569901014 -0.006555383666511482 -0.00020569820466724567 0.05038817807435126 0.99369084475895642 0.0059133690802873904 0.20466609088373686 0.031591243415768459 -0.84269141315136198 -2.0826278530100661 -0.015184809356135141 0.31584452763708443 0.50211417435457351 0.67615362494174736
decision_type=10 8 10 8 10 10 8 8 10 10 10 10 10 8 10 10 10 10
left_child=1 2 4 5 -1 -4 7 9 13 -3 -9 12 -2 -8 -10 -14 -17 -13
right_child=11 6 3 -5 -6 -7 8 10 14 -11 -12 17 15 -15 -16 16 -18 -19
leaf_value=-0.005662285269525922 0.0011009624346194509 0.0002425074202289608 0.0068354948938993297 -0.0027912899868130117 0.00081531495525848487 0.0021413790534330064 -0.002158885933088427 0.0018892664212022791 -0.0057295614478127697 0.0018165420497027113 -0.0025371808326129642 0.0021739099577031424 -0.0044332500185492261 -4.3083159576272424e-05 -0.00029718880498315044 0.00044361268531964643 -0.0030593517783266098 -0.0023027655001633552
leaf_weight=216 260 3982 255 225 253 1664 1239 301 276 4039 635 334 302 142562 250 205 470 205
leaf_count=216 260 3982 255 225 253 1664 1239 301 276 4039 635 334 302 142562 250 205 470 205
internal_value=-2.19313e-05 -1.91151e-06 0.00152181 0.00246061 -0.0027617 0.00309271 -2.79088e-05 0.000747712 -7.60629e-05 0.00102443 -0.00162006 -0.00177715 -0.00285784 -6.43802e-05 -0.00325996 -0.00410838 -0.00286686 0.0007
internal_weight=157673 155897 2613 2144 469 1919 153284 8957 144327 8021 936 1776 1237 143801 526 977 675 539
internal_count=157673 155897 2613 2144 469 1919 153284 8957 144327 8021 936 1776 1237 143801 526 977 675 539
is_linear=0
shrinkage=0.02


Tree=152
num_leaves=17
num_cat=0
split_feature=25 69 30 21 53 53 57 53 26 42 66 30 37 64 54 57
split_gain=17.6552 22.3119 13.7538 14.9696 24.276 34.529 19.1515 14.7517 25.2261 23.2585 14.6552 18.5093 12.8933 11.4193 9.89194 6.11002
threshold=-1.8989603227860805 0.17526015661225533 0.8035890858151129 0.020712925550159026 0.011382915358150428 0.011472534317419703 0.1206720259502151 0.014914482382668145 0.90414132422193694 0.012402299721344769 0.95914193898418276 0.86934218301117405 0.98305628555970004 0.51536891699525089 0.47791088528499054 0.57202947524857584
decision_type=8 10 10 8 8 8 10 10 10 10 8 10 10 10 10 10
left_child=1 -1 3 7 6 -6 -5 9 -9 -2 11 13 15 -4 -13 -12
right_child=2 -3 10 4 5 -7 -8 8 -10 -11 12 14 -14 -15 -16 -17
leaf_value=7.1004079090173728e-05 7.57632595083424e-05 0.0080752110348886949 0.00042295301260929002 -0.0020253487626572006 -0.0037279324203030348 -0.00021007374222693119 0.001808397214175919 -0.0005975065204146758 0.00034331245252752654 0.00080844053506042067 -0.0015187843617809199 -0.00022032234645630232 -0.0065626970371007358 -0.0016397614364051273 0.0028121034964499977 0.0013463850439187589
leaf_weight=354 36895 263 1324 547 501 53453 2881 17905 17279 21746 1203 406 225 2173 575 206
leaf_count=354 36895 263 1324 547 501 53453 2881 17905 17279 21746 1203 406 225 2173 575 206
internal_value=2.10084e-05 0.00339482 7.74218e-06 4.53547e-05 -0.000209086 -0.000312816 0.00142257 0.000200989 -0.000122723 0.000395246 -0.000922297 -0.000329984 -0.00254312 -0.00101144 0.00209572 -0.00182837
internal_weight=157936 617 157319 151207 57382 53954 3428 93825 35184 58641 6112 4478 1634 3497 981 1409
internal_count=157936 617 157319 151207 57382 53954 3428 93825 35184 58641 6112 4478 1634 3497 981 1409
is_linear=0
shrinkage=0.02


Tree=153
num_leaves=17
num_cat=0
split_feature=17 38 4 33 60 75 76 29 44 45 43 9 33 56 20 21
split_gain=14.7561 15.417 15.0624 12.4593 12.4568 15.9373 11.9124 11.7958 11.5285 14.514 10.3031 70.4186 18.187 7.63634 6.53594 6.37222
threshold=-2.0499401959307448 1.5568594782786793 -0.42098620249127217 -0.17664520872869857 0.33159543028538668 -0.51534868065076878 -0.60531807894056577 -0.92199703408768496 0.069399915838272888 0.010517183445472056 0.051227593454310501 2.3972174810779969 0.14734579120385247 0.42741110891219741 -0.0064007349745144873 0.11592641444357972
decision_type=2 10 8 10 10 10 10 10 10 10 10 10 10 10 10 10
left_child=4 2 -2 13 5 -1 -6 14 9 -8 12 -12 -4 -3 -5 -9
right_child=1 3 10 7 6 -7 8 15 -10 -11 11 -13 -14 -15 -16 -17
leaf_value=-0.0056217952689196935 0.006522708931091508 -0.00077678281098274781 5.3440398827562383e-06 -0.0026428221351335215 -0.0009661021242609991 0.0022255660012031973 -0.00055861814049198186 0.0012957256949184157 0.0066255901380068661 0.0036586401355050112 0.00059721412372459209 -0.0097134877680309338 -0.00076215303674234127 0.00164464844340188 -0.0040946628057254705 -0.0026686823560081274
leaf_weight=231 391 396 129035 226 257 333 333 207 304 410 14732 622 9586 210 394 200
leaf_count=231 391 396 129035 226 257 333 333 207 304 410 14732 622 9586 210 394 200
internal_value=8.72881e-06 -1.24231e-05 8.01985e-06 -0.00194492 0.00177528 -0.000704425 0.00284904 -0.00328599 0.0037958 0.00244355 -1.93537e-06 0.000489613 -5.6398e-05 0.000326194 -0.00502093 -0.000632353
internal_weight=157867 155999 154366 1633 1868 564 1304 1027 1047 743 153975 15354 138621 606 620 407
internal_count=157867 155999 154366 1633 1868 564 1304 1027 1047 743 153975 15354 138621 606 620 407
is_linear=0
shrinkage=0.02


Tree=154
num_leaves=23
num_cat=0
split_feature=43 9 38 9 44 6 59 69 32 50 37 0 45 22 51 33 44 30 19 37 60 2
split_gain=13.8478 58.8547 28.7491 22.7383 33.4313 48.4199 31.8047 26.683 20.6962 35.3301 22.068 20.0924 20.052 20.5144 19.4509 13.9548 24.8447 15.5408 13.7263 10.7922 7.15549 4.19393
threshold=0.052023794148548304 2.3972174810779969 0.93583330520295138 1.135394157367432 -1.0000000180025095e-35 0.015032885805002479 0.40514484229100806 -0.53461520076798807 -0.22414548643421614 0.071921925095346353 0.16820569865475529 -0.011843049657133618 0.012244635476780225 -0.18742325975106164 0.81371526031714114 0.14734579120385247 0.05207707518073413 0.8035890858151129 0.85929385077997256 0.3526117582629732 0.25591441614363886 0.063737537371933897
decision_type=10 10 10 10 8 8 10 10 8 10 8 10 10 10 2 10 8 10 10 10 10 8
left_child=8 3 -3 4 5 -2 -6 14 12 15 20 -9 18 19 -5 17 -17 -10 -1 -14 -11 -15
right_child=1 2 -4 7 6 -7 -8 11 9 10 -12 -13 13 21 -16 16 -18 -19 -20 -21 -22 -23
leaf_value=-0.0037736972804321501 -0.0064055102046237569 -0.01442743329968248 -0.0042679213583485878 -0.0052436805009285483 0.0023981019993753018 0.00011608347174503542 0.00050699709579331894 0.0045208361311755525 4.2429016472516347e-05 -0.0059937561001389365 -0.00039324307929632264 0.00028982953882595057 0.0029446486652385949 -0.00049511214714526876 -0.00019818508358682109 -0.0013992446869730258 0.00016919197228524406 -0.0008527615112738844 0.0035439372068528825 0.011837981678109091 -0.002476086337828606 0.0045152574562889406
leaf_weight=371 225 244 377 913 4180 1187 3181 395 125621 205 339 3331 205 203 963 4715 4802 5548 349 266 277 218
leaf_count=371 225 244 377 913 4180 1187 3181 395 125621 205 339 3331 205 203 963 4715 4802 5548 349 266 277 218
internal_value=1.37747e-05 0.000591985 -0.00543087 0.000852671 0.00148826 -0.00132909 0.00202907 -0.000142424 -4.67999e-05 -7.24906e-05 -0.00420681 0.000836598 0.00220583 0.00420829 -0.00208737 -4.832e-05 -0.000787771 5.32134e-06 -0.000274619 0.00707203 -0.00695238 0.000990521
internal_weight=158115 14996 621 14375 8773 1412 7361 5602 143119 141507 821 3726 1612 892 1876 140686 9517 131169 720 471 482 421
internal_count=158115 14996 621 14375 8773 1412 7361 5602 143119 141507 821 3726 1612 892 1876 140686 9517 131169 720 471 482 421
is_linear=0
shrinkage=0.02


Tree=155
num_leaves=22
num_cat=0
split_feature=6 41 44 28 44 58 72 19 10 44 14 45 44 69 9 9 54 54 30 66 4
split_gain=11.8111 38.9196 31.4203 33.9978 29.9482 37.6552 30.6157 26.1618 20.5143 29.9871 55.5648 25.4499 23.7071 24.5597 21.8495 17.9466 14.2217 18.2476 10.4777 10.1332 6.38882
threshold=0.019798182724293744 0.047384893400697077 -0.12918327945539967 -0.13651989395836148 0.11987758949867323 0.40942334184456913 0.47014682184871742 1.9539555212719026 1.1092772716971522 0.17681011950591644 -0.2679573375709432 0.010037095526989189 0.16428337884866476 0.20980117188807079 1.0012452780576289 0.79930420716989226 0.71600631152671512 0.51042087342324793 0.48235895281359892 0.35189159116197749 0.056942462704816073
decision_type=10 10 8 10 10 8 8 8 10 10 10 10 10 8 10 10 10 10 10 10 10
left_child=1 2 3 -1 6 -6 -4 8 12 11 -11 -10 13 -2 -14 -3 17 18 -9 -19 -18
right_child=7 15 4 -5 5 -7 -8 16 9 10 -12 -13 14 -15 -16 -17 20 19 -20 -21 -22
leaf_value=4.5082963861334747e-05 0.00035031699873726703 -0.0053697705636577154 0.0001455184154112433 -0.0058250895957739539 -0.0025342888135551117 0.00059994524102980479 -0.00053984840188908635 -0.0060515521927353121 0.00056173613648412713 -0.010112341687283557 0.00057430193194477747 0.0017673878320246098 0.0043475813902635763 -0.001520362949317336 -0.0010145200346636169 -0.0017698690465859565 -0.0058395729444212898 0.0024886026634410321 -0.00042311552069083675 -0.00063169235794612261 -0.0026947096983020898
leaf_weight=200 6685 314 86851 202 2562 1618 28909 744 12191 349 790 8464 495 4793 242 366 200 495 421 748 206
leaf_count=200 6685 314 86851 202 2562 1618 28909 744 12191 349 790 8464 495 4793 242 366 200 495 421 748 206
internal_value=-8.98344e-06 -0.000104426 -7.74287e-05 -0.00565261 -5.86789e-05 -0.0017216 1.36488e-06 0.000304638 0.000458042 0.000825786 -0.00233158 0.0010001 -0.000197937 -0.000421465 0.00327642 -0.00487225 -0.00154813 -0.000962225 -0.00275986 0.000721865 -0.00500737
internal_weight=157845 121022 120342 402 119940 4180 115760 36823 34009 21794 1139 20655 12215 11478 737 680 2814 2408 1165 1243 406
internal_count=157845 121022 120342 402 119940 4180 115760 36823 34009 21794 1139 20655 12215 11478 737 680 2814 2408 1165 1243 406
is_linear=0
shrinkage=0.02


Tree=156
num_leaves=19
num_cat=0
split_feature=32 6 43 33 14 4 53 46 43 52 34 9 43 77 43 17 14 3
split_gain=10.2294 18.6993 18.4894 17.6914 16.4731 22.1291 18.4338 16.1972 15.6987 25.6045 16.627 15.0159 14.8145 11.5271 10.4515 8.64071 5.67849 6.26277
threshold=-0.27617093460708475 0.04482431517779429 0.053765172951862568 0.17180595313297969 -0.016681356168244784 -0.029676751088060279 0.020474418579577658 0.037911510647675388 0.051227593454310501 0.85552616108171675 -0.00020569820466724567 1.5095858653287284 0.042826534782344002 -0.37230599258922953 0.055394913260234165 0.19592533621936112 -0.15280161575004478 0.11325864101769124
decision_type=8 10 10 10 10 10 10 10 10 2 8 10 10 10 10 2 10 10
left_child=2 7 12 16 5 13 -7 8 10 -10 -2 14 15 -3 -6 -1 17 -4
right_child=1 4 3 -5 11 6 -8 -9 9 -11 -12 -13 -14 -15 -16 -17 -18 -19
leaf_value=0.0052469977731683503 0.00088411862914303946 0.00035322788386971034 -0.002525741804494901 0.0026661946899861791 -0.0029482404766192527 -0.0010181389490163241 -0.0067474431022887405 -0.0045111940107413042 7.0381039670953658e-05 0.0016580673396514945 -8.1598004117607555e-05 0.0051084923198512341 0.007572290841560224 -0.002304379054598917 0.002245220085893829 -0.0024820292460460036 0.00047932736986215668 -0.0057701398731994447
leaf_weight=256 7818 753 240 355 413 210 484 222 9579 4212 131458 396 302 531 233 243 202 226
leaf_count=256 7818 753 240 355 413 210 484 222 9579 4212 131458 396 302 531 233 243 202 226
internal_value=6.19728e-07 -1.67488e-05 0.00148932 -0.000291016 -0.00157498 -0.00264679 -0.0055223 1.39474e-05 2.18073e-05 0.000665458 -4.19165e-05 0.000458293 0.00376309 -0.00108794 -0.00141886 0.001636 -0.00220927 -0.00342184
internal_weight=158133 156309 1824 1023 3020 1978 694 153289 153067 13791 139276 1042 801 1284 646 499 668 466
internal_count=158133 156309 1824 1023 3020 1978 694 153289 153067 13791 139276 1042 801 1284 646 499 668 466
is_linear=0
shrinkage=0.02


Tree=157
num_leaves=17
num_cat=0
split_feature=19 41 50 51 37 14 45 16 14 49 45 15 10 53 4 30
split_gain=11.9048 25.9936 18.3262 17.6514 21.4096 16.117 16.5145 16.0267 12.5818 13.5193 11.7082 11.5692 25.2033 11.3149 37.8776 12.2778
threshold=1.9330776415161919 0.029684613245387185 0.11198429954846724 0.65641015930722824 0.31930644846088846 -0.053764177293872388 0.014293784901629065 0.15650386056202106 -0.15280161575004478 0.022497170207716691 0.013277514541601062 0.14176398920074609 1.3008429281053808 0.020765563179641202 -0.065904585637425281 0.79207956956140424
decision_type=10 10 10 2 10 8 10 8 10 10 10 10 10 10 10 10
left_child=2 5 11 -3 10 8 7 -7 -2 -10 -5 13 -13 15 -15 -1
right_child=1 3 -4 4 -6 6 -8 -9 9 -11 -12 12 -14 14 -16 -17
leaf_value=8.403203657029124e-05 0.00062903756939890979 -0.0046310905742441132 0.0036313369140041594 0.00052703613100774874 -0.0059233422577053517 4.4473179183630098e-05 0.0033495973568612391 -0.0032061646187151235 -0.0049035096428997884 -0.0002590789443099314 -0.0030366452177055239 -0.0014346944241978212 0.0057976771238705087 0.00047747275392525572 -0.0014155685713629713 -0.00055555782057466999
leaf_weight=127775 311 348 227 711 261 9802 233 937 470 255 242 268 334 4296 4635 7166
leaf_count=127775 311 348 227 711 261 9802 233 937 470 255 242 268 334 4296 4635 7166
internal_value=-2.58921e-05 -0.000592292 2.72146e-05 -0.00301855 -0.0018749 -0.000276293 -5.08521e-05 -0.000165549 -0.00265959 -0.00410193 -0.000480084 1.82592e-05 0.00278275 6.65865e-06 -0.000682714 5.2304e-05
internal_weight=158271 13570 144701 1562 1214 12008 10972 10739 1036 725 953 144474 602 143872 8931 134941
internal_count=158271 13570 144701 1562 1214 12008 10972 10739 1036 725 953 144474 602 143872 8931 134941
is_linear=0
shrinkage=0.02


Tree=158
num_leaves=23
num_cat=0
split_feature=32 44 14 44 32 7 7 49 9 6 53 71 10 37 41 6 45 22 56 43 44 0
split_gain=10.8283 18.6 24.7499 13.1831 33.7853 35.2016 32.3903 26.3454 25.027 20.6575 20.7121 75.867 19.9085 19.1297 16.9708 14.5851 12.8805 12.1879 11.9845 10.3177 17.5492 10.1497
threshold=0.32248816140126663 0.10410270243662935 0.28607043134940818 0.11987758949867323 0.15570853013066646 0.0060871112320751986 0.019101742742254277 0.020559575536736822 0.8168215767975654 0.070717915228013475 0.020765563179641202 -0.18214347864712438 0.85135561022584405 0.025063560871419591 0.018701717913247932 0.016500598906595585 0.010276672700424325 0.29166373476074808 0.95937565144882231 0.0086241277224008445 0.066739856546055978 0.0022732558202142043
decision_type=10 10 8 10 8 8 10 10 10 10 10 8 8 10 10 10 10 10 10 10 10 10
left_child=3 17 16 9 7 15 -7 8 -5 10 12 -12 -1 -9 -11 -6 -3 -2 -4 -19 -21 -18
right_child=1 2 18 4 5 6 -8 13 -10 14 11 -13 -14 -15 -16 -17 21 19 -20 20 -22 -23
leaf_value=0.00034153378492844834 0.0050546120823740113 0.005261712897654096 0.010826755929287351 -0.0043733898433994936 -0.0042851339415256439 0.003005292118496281 -0.0033099945893011393 0.00079955235501846355 -0.0010252028357105936 0.00060974629165510446 -0.0020002870534926052 0.00099576599234871169 -9.5447277882841909e-05 -0.0020972934825044887 0.01041003636579212 0.00042921244701534482 -0.0031922676960210415 -0.0049397101303796142 0.0077680232298396089 0.0072443403168572793 -0.0036630205536322558 0.0016974065909303514
leaf_weight=49673 266 254 214 1282 393 1813 241 1677 1569 233 4177 3507 89453 1191 252 221 226 375 246 252 357 222
leaf_count=49673 266 254 214 1282 393 1813 241 1677 1569 233 4177 3507 89453 1191 252 221 226 375 246 252 357 222
internal_value=1.2385e-05 0.0013419 0.00316251 -8.20899e-06 -0.000779447 0.00107831 0.00233479 -0.0016465 -0.00300771 3.56968e-05 2.20556e-05 -0.000988679 7.79e-05 -0.000292088 0.00415226 -0.0031187 0.000793741 -0.00035012 0.00676356 -0.00137868 0.00022623 -0.00124276
internal_weight=158094 2412 1162 155682 8387 2668 2054 5719 2851 147295 146810 7684 139126 2868 485 614 702 1250 460 984 609 448
internal_count=158094 2412 1162 155682 8387 2668 2054 5719 2851 147295 146810 7684 139126 2868 485 614 702 1250 460 984 609 448
is_linear=0
shrinkage=0.02


Tree=159
num_leaves=15
num_cat=0
split_feature=22 32 46 8 16 10 28 6 32 44 9 43 43 4
split_gain=11.757 15.2784 13.9553 29.3626 20.773 21.1669 20.2334 17.8928 19.2375 30.7408 16.7909 15.8041 4.38834 4.00149
threshold=-0.34519108244699315 -0.17069928663424924 0.034133762393146715 0.016246760485905048 -0.049314142373726048 1.3740810703331194 -0.075251211900346546 0.060421667068357159 0.35371105579485496 0.10184831294004694 0.97515894220997923 0.06936509773847345 0.044095192764344267 0.037837846792212478
decision_type=8 10 10 10 8 8 10 10 10 10 10 10 8 10
left_child=1 -1 7 6 10 -6 12 8 11 -10 -5 -2 -4 -8
right_child=2 -3 3 4 5 -7 13 -9 9 -11 -12 -13 -14 -15
leaf_value=0.0073525550189113709 -5.0554391034534211e-05 -0.0023019500731049553 0.00037661961218366294 0.0018227412505582347 2.1112857243357904e-05 0.0055406790777251611 -0.0030590073678339329 -0.0071774848016173502 -0.0010911107981528094 0.0056620651929795993 -0.0026466928775768141 0.00091170701048582303 -0.0026505416774276246 -0.0050815935971238657
leaf_weight=399 146601 211 221 202 1410 318 202 356 815 837 1012 5261 203 201
leaf_count=399 146601 211 221 202 1410 318 202 356 815 837 1012 5261 203 201
internal_value=-2.26098e-05 0.00274632 -3.33545e-05 -0.00123554 -0.000298335 0.00110931 -0.0045628 -3.88637e-06 6.50099e-06 0.00215245 -0.00230288 -1.68441e-05 -0.00150118 -0.00776733
internal_weight=158249 610 157639 3769 2942 1728 827 153870 153514 1652 1214 151862 424 403
internal_count=158249 610 157639 3769 2942 1728 827 153870 153514 1652 1214 151862 424 403
is_linear=0
shrinkage=0.02


Tree=160
num_leaves=21
num_cat=0
split_feature=19 41 45 9 8 32 46 57 69 63 50 46 70 50 18 49 29 18 48 54
split_gain=13.4812 22.3558 26.5329 35.2134 21.3643 14.281 14.0683 13.9834 13.3769 13.9703 13.176 12.1611 12.0563 11.6373 10.9882 36.4203 16.1283 10.9112 9.72867 7.45575
threshold=1.9330776415161919 0.028528501236542162 0.011930572666758116 0.92341506031300491 0.013180508612283351 -0.41652676295783864 0.0042285409138495206 0.44766867423298656 -1.12888340122748 0.91475972787468052 0.11198429954846724 0.0041212788185697779 -0.075666203794715878 0.058484836743913589 78.581799854620868 -0.010867108319930706 5.9427865530783937 70.549341473746537 -0.15381370080476323 0.59844722048332744
decision_type=10 10 10 10 10 8 10 8 10 8 10 10 10 10 10 8 10 10 10 10
left_child=5 6 3 17 -4 18 11 -6 9 -8 14 12 -2 -10 16 -16 -7 -3 -1 -5
right_child=1 2 4 19 7 10 8 -9 13 -11 -12 -13 -14 -15 15 -17 -18 -19 -20 -21
leaf_value=-0.0002355193585013564 -0.00072184931507644171 0.00034057004841579796 -0.0057712455416868277 -0.004539030853689942 -0.0069334677502324964 5.3486142030047814e-05 -0.0019919418828630449 0.00021760162648930408 -9.2905574478630023e-05 -0.0042203463807972746 0.0034372578847687348 0.0038075632294687135 0.0026491447394011327 -0.0026921240404636695 -0.0065366947313277336 0.00075127652139033959 -0.00051512058331387787 0.0048550061504986208 0.006003069258770373 -0.0007811703477305648
leaf_weight=211 728 284 225 353 207 122119 684 226 8895 205 216 334 401 527 225 7800 13735 239 337 207
leaf_count=211 728 284 225 353 207 122119 684 226 8895 205 216 334 401 527 225 7800 13735 239 337 207
internal_value=-9.98995e-07 -0.000605061 -0.00271986 -0.000791513 -0.00588467 5.54326e-05 -0.000291975 -0.00326728 -0.00055256 -0.00289663 4.31518e-05 0.00154235 0.000546903 -0.000330892 3.57103e-05 0.000754797 -6.7572e-06 0.00293511 0.00327505 -0.00427451
internal_weight=158158 13515 1741 1083 658 144643 11774 433 10311 889 144095 1463 1129 9422 143879 8025 135854 523 548 560
internal_count=158158 13515 1741 1083 658 144643 11774 433 10311 889 144095 1463 1129 9422 143879 8025 135854 523 548 560
is_linear=0
shrinkage=0.02


Tree=161
num_leaves=15
num_cat=0
split_feature=4 41 7 0 54 37 54 33 30 43 30 10 49 22
split_gain=13.3599 17.115 12.3245 11.232 26.941 23.6562 20.336 10.946 10.8702 16.9303 12.5507 10.496 12.2555 7.7778
threshold=-0.42098620249127217 0.0068196628989427585 0.03477748638306543 -0.029326788012918489 0.5475143567272901 0.50399594939453363 0.41303872162117189 -0.19138133425420775 0.79207956956140424 -0.050692414702901915 0.75446254415039538 1.0027589587575452 0.0099116646551580274 -0.078888974381885621
decision_type=8 10 10 8 10 10 8 10 10 10 10 8 10 8
left_child=1 -1 3 4 6 -6 -2 13 10 -10 -5 -9 -13 -4
right_child=2 -3 7 8 5 -7 -8 11 9 -11 -12 12 -14 -15
leaf_value=0.00039575954220670838 0.0023802756794805481 0.017333692487889556 -0.00099413157042727105 -1.3511156073934828e-05 0.0011750299007865183 0.007497116449113779 -0.0022471838701420463 0.0011945296884311467 0.0021668822781647301 -0.00088951857900370084 0.00098292157477310378 -0.0045519450350864242 -0.0016345670884003645 0.0027175398835092269
leaf_weight=397 711 205 284 139513 2780 517 1595 217 609 5570 4882 427 331 207
leaf_count=397 711 205 284 139513 2780 517 1595 217 609 5570 4882 427 331 207
internal_value=1.04774e-05 0.00298176 -8.7539e-07 1.62507e-05 0.000895432 0.00205518 -0.000762029 -0.00182549 -1.64569e-05 -0.000837864 1.86847e-05 -0.00305123 -0.00416074 0.000605691
internal_weight=158245 602 157643 156177 5603 3297 2306 1466 150574 6179 144395 975 758 491
internal_count=158245 602 157643 156177 5603 3297 2306 1466 150574 6179 144395 975 758 491
is_linear=0
shrinkage=0.02


Tree=162
num_leaves=23
num_cat=0
split_feature=69 50 50 41 41 53 46 45 52 42 54 45 53 41 45 59 53 51 36 56 60 17
split_gain=11.9294 31.3433 53.8156 30.3047 61.0926 40.7189 35.2486 37.9086 32.9698 30.8767 29.2473 39.7061 28.3915 48.5534 35.2812 27.0955 25.6352 23.6261 21.3974 19.5979 14.6302 9.75804
threshold=-0.24936112690690584 0.11198429954846724 0.067212761852046957 0.025892532785220083 0.033146437561890514 0.013741127638661458 0.0097516897359892756 0.012244635476780225 0.85229419154262587 0.03108295675117401 0.58346599610030381 0.009278518665059873 0.013708591847781743 -0.013300221289973489 0.011644313215002934 0.05448678423151232 0.015524537979661909 0.82801084438561212 -0.2125594068656862 0.15628345824411136 0.24021053952996246 0.51535072011010996
decision_type=10 10 10 8 10 8 10 10 2 10 8 10 10 10 10 8 10 2 8 8 10 2
left_child=3 2 12 5 10 6 9 -8 19 -1 11 -5 13 -2 -14 16 -7 -17 -12 -6 -4 -22
right_child=1 -3 20 4 8 15 7 -9 -10 -11 18 -13 14 -15 -16 17 -18 -19 -20 -21 21 -23
leaf_value=-0.00015905315816544044 -0.0020635576792886658 0.0052105613769486301 -0.0060597897947388462 0.0025391101894172352 0.0025128198298937409 -0.0048607972484936215 0.0069033236534303708 4.8825689286285182e-05 -0.006927259736926805 0.0032034233926735794 0.0074844605522989263 0.0085798696515206729 0.00069312718913485088 -1.3183238446799663e-05 -0.00032772510465069161 -0.00086210991051565127 -0.00097886816816019858 0.00078338006600279109 0.00011432930308255758 -0.0013840879981018449 -0.001589441740859422 -0.0039893155192697385
leaf_weight=25739 3187 221 311 1231 832 573 1258 1276 300 1241 205 611 36437 32994 13797 29054 775 3806 1654 1530 636 201
leaf_count=25739 3187 221 311 1231 832 573 1258 1276 300 1241 205 611 36437 32994 13797 29054 775 3806 1654 1530 636 201
internal_value=-1.22759e-05 0.000143054 0.000124001 -0.00020686 0.00110905 -0.000338308 0.000205929 0.00246075 -0.0012009 -5.85597e-06 0.00277093 0.0045567 0.000181193 -0.000245923 0.000488862 -0.000807916 -0.00358636 -0.000693771 0.000998925 -0.000405417 -0.00417581 -0.00278998
internal_weight=157869 87784 87563 70085 6363 63722 29514 2534 2662 26980 3701 1842 86415 36181 50234 34208 1348 32860 1859 2362 1148 837
internal_count=157869 87784 87563 70085 6363 63722 29514 2534 2662 26980 3701 1842 86415 36181 50234 34208 1348 32860 1859 2362 1148 837
is_linear=0
shrinkage=0.02


Tree=163
num_leaves=17
num_cat=0
split_feature=32 44 54 17 46 6 43 54 28 43 69 37 9 41 47 10
split_gain=12.1016 24.3352 19.659 12.6603 30.2029 13.2622 18.3224 15.4498 23.009 13.4162 12.0072 11.4482 10.9569 8.10268 13.6525 9.27697
threshold=0.35371105579485496 0.1062109515439026 0.49570021689197957 -2.0499401959307448 0.0068844288215977661 0.070717915228013475 0.051227593454310501 0.77040259723844406 -0.07139876889817813 0.067346497821808363 -0.91673237365148141 0.10471291915904081 1.0696364699609573 -0.0077898402991778961 -0.0082484530853665899 1.5598546220260385
decision_type=10 10 10 2 10 10 10 10 10 10 10 10 10 10 10 10
left_child=3 13 -3 4 -1 7 -7 9 -9 -5 -6 -4 -12 -2 -15 -16
right_child=1 2 11 5 10 6 -8 8 -10 -11 12 -13 -14 14 15 -17
leaf_value=-0.0030453978127742832 -0.005514317212758209 0.011732540699214993 0.0037763723826312354 -8.8699386182458163e-05 -0.0019231108993289403 0.0076945034630450443 -0.0027181550060978738 -0.0004340408108702021 -0.0029841704279595237 0.0007332619883649394 0.0017950312829992385 -0.0025898258066114448 0.004805327547441866 0.0061361207003283692 -0.0054931641800308505 0.0027567458102801135
leaf_weight=346 205 271 373 144258 212 322 212 3292 766 5886 614 228 612 226 294 204
leaf_count=346 205 271 373 144258 212 322 212 3292 766 5886 614 228 612 226 294 204
internal_value=-4.35694e-05 0.00158602 0.00398396 -6.23431e-05 0.00161232 -8.16741e-05 0.00306168 -9.25922e-05 -0.00131017 -5.96623e-05 0.00288951 0.00195681 0.00364955 -0.000664516 0.000328276 -0.00151904
internal_weight=158321 1801 872 156520 1784 154736 534 154202 4058 150144 1438 601 1226 929 724 498
internal_count=158321 1801 872 156520 1784 154736 534 154202 4058 150144 1438 601 1226 929 724 498
is_linear=0
shrinkage=0.02


Tree=164
num_leaves=28
num_cat=0
split_feature=45 14 6 50 41 44 50 57 44 6 52 70 44 53 53 75 0 44 45 16 42 10 42 10 42 56 70
split_gain=14.497 34.1291 23.638 37.9785 39.5737 32.3852 29.0045 22.193 21.9346 29.3212 25.3557 20.2202 31.0274 25.6958 31.9126 17.423 16.3206 16.0205 15.6217 21.3258 43.9872 32.1389 17.3043 38.4526 21.8242 15.1144 13.1221
threshold=0.0044010251167310123 0.084958724241430375 0.011157502156012848 0.033397411098852754 0.013012580066462777 0.083204900209581836 0.016825410829648505 0.65484868518341333 0.029523553145479612 0.01576890717494504 0.73950125150644308 1.1214016497662718 0.16428337884866476 0.021231719632595906 0.017251240471833355 0.59925771402840688 0.0084861193421060816 0.099831668351761951 0.0050216824264054652 0.02859378233919763 0.012698999891165965 1.0000000180025095e-35 0.050075289202389912 0.6282294538746328 0.035598282158095247 0.54814851316602919 0.21952817913840655
decision_type=8 8 10 10 10 10 10 10 10 10 2 10 10 10 10 8 10 10 8 10 10 10 10 8 10 10 10
left_child=1 8 3 6 -5 15 -3 -7 25 17 -11 18 13 14 -13 -4 -15 -10 19 21 -21 -2 24 -24 -20 26 -1
right_child=11 2 5 4 -6 7 -8 -9 9 10 -12 12 -14 16 -16 -17 -18 -19 22 20 -22 -23 23 -25 -26 -27 -28
leaf_value=-0.0046493121210298936 0.0046745200952122848 0.0031055308179239027 8.687668274545025e-05 0.0052235276209143871 0.0011838728104110153 0.00077709078176883373 5.3821212538438873e-05 -0.0045175296884464138 0.00030670041510486961 0.00015637932302064666 -0.004874066745697187 0.001453727112825858 -0.0086889640290718894 0.0089668679148888347 -0.0028170724220953412 0.001873313181620325 0.00049662433919485935 0.005720967319149982 -8.7260940046327836e-05 -0.0030383573811479324 -8.7817140644666923e-05 -0.00030654870191326093 -0.0038539864512734368 -0.0003772606957716222 0.0011606792055781415 0.00057824864356989547 -0.00086592903670150347
leaf_weight=634 283 1561 4910 702 835 390 3483 768 7790 1291 1484 10116 293 431 1909 2677 395 265 94403 3019 3381 6423 824 4316 5095 266 269
leaf_count=634 283 1561 4910 702 835 390 3483 768 7790 1291 1484 10116 293 431 1909 2677 395 265 94403 3019 3381 6423 824 4316 5095 266 269
internal_value=-8.4569e-06 0.000410525 0.00103595 0.00194136 0.00469311 0.000354219 0.00110168 -0.00275928 -0.000388167 -0.000106915 -0.00187968 -9.59439e-05 0.000648003 0.000795051 0.000560286 0.000829995 0.00420556 0.000503724 -0.000179014 -0.000829938 -0.00165568 -4.14492e-05 -9.74589e-05 -0.00122894 -3.89753e-05 -0.00298974 -0.00422345
internal_weight=158213 27325 15326 6581 1537 8745 5044 1158 11999 10830 2775 130888 13144 12851 12025 7587 826 8055 117744 13106 6400 6706 104638 5140 99498 1169 903
internal_count=158213 27325 15326 6581 1537 8745 5044 1158 11999 10830 2775 130888 13144 12851 12025 7587 826 8055 117744 13106 6400 6706 104638 5140 99498 1169 903
is_linear=0
shrinkage=0.02


Tree=165
num_leaves=18
num_cat=0
split_feature=39 41 46 48 72 44 44 43 49 44 33 57 41 41 60 27 69
split_gain=11.4806 20.9969 15.1377 23.4682 25.2252 33.9583 25.145 19.7299 20.0754 24.2874 18.2306 15.1112 14.4328 31.1453 13.2854 12.7219 12.2293
threshold=0.051623463818959499 -0.064701772242531638 0.0078843922265568241 -0.070227093881554278 0.613953256304276 -0.084893261369471937 0.12547988852472428 0.039196358594700283 -0.0015475691402714318 0.071523208318954215 -0.13739004061787438 0.74203807299954483 -0.057128907684538537 -0.052993719831404988 0.68685814301680692 -0.094805069643179127 -0.016548956142339307
decision_type=8 10 10 10 10 10 10 10 8 8 10 8 10 10 10 8 10
left_child=1 -1 7 4 11 -6 10 8 9 -2 -5 -4 -3 -14 -8 -10 -15
right_child=2 12 3 6 5 -7 14 -9 15 -11 -12 -13 13 16 -16 -17 -18
leaf_value=-0.0045515150419918127 -0.00047453581901589693 0.0037117819435146149 0.0017391656671616603 -0.0032312173278957563 0.0018687473562477622 -0.0052223782285208357 0.003657237591383364 -0.0047686156000029184 -0.0006266851627731439 -0.0069937601982794466 0.0031690237169132657 -0.001338625789267517 -0.0059217153202168905 -0.00013465324497331782 0.0098115000088433071 0.0026813084287548505 0.00016465293389078046
leaf_weight=274 1604 356 2254 363 553 828 200 294 729 213 2027 518 374 79055 203 1203 67140
leaf_count=274 1604 356 2254 363 553 828 200 294 729 213 2027 518 374 79055 203 1203 67140
internal_value=4.77783e-05 1.20924e-06 0.000671338 0.00123766 0.000283582 -0.0019233 0.00265497 -0.000301187 9.01333e-05 -0.00141804 0.00187286 0.00138406 1.15568e-05 1.76025e-06 0.00727228 0.00150957 1.65394e-05
internal_weight=158188 147199 10989 6946 4153 1381 2793 4043 3749 1817 2390 2772 146925 146569 403 1932 146195
internal_count=158188 147199 10989 6946 4153 1381 2793 4043 3749 1817 2390 2772 146925 146569 403 1932 146195
is_linear=0
shrinkage=0.02


Tree=166
num_leaves=27
num_cat=0
split_feature=9 49 53 10 48 14 34 51 19 53 40 10 54 21 32 10 54 48 53 10 43 73 17 43 52 50
split_gain=14.4514 24.8182 22.21 19.2133 30.7772 18.5526 16.5163 15.4403 14.6841 12.739 53.5079 28.7395 18.782 18.6214 15.0223 14.3264 59.235 63.1602 44.6787 13.2569 39.2386 14.397 9.48909 8.65766 7.08303 4.84195
threshold=-0.26552305515814395 0.0032320902334455064 0.013131585799563675 0.17317571116680322 -0.0028242166326248315 0.1681870988136073 0.00024926408090978806 0.6067729635738649 0.98300171693755367 0.011136522128909738 0.0016204552744350253 1.1399127434215341 0.50772671277683135 0.0020305872044822375 0.073746735990921089 0.25940096714389516 0.56052014714107801 -0.043437536123632096 0.013305200395819812 2.0876939073984579 0.047820640939425181 0.10472095872879782 0.060685536419462477 0.0023823028062293088 0.53348461517681078 -0.0019790961127074676
decision_type=8 10 10 8 8 10 10 2 10 8 10 10 10 10 10 8 10 8 10 10 10 10 2 10 2 10
left_child=1 2 -1 4 6 7 -3 -5 -6 10 11 14 23 -13 -2 16 17 -11 -18 21 -21 -17 -7 -12 -4 -14
right_child=9 3 24 5 8 22 -8 -9 -10 15 12 13 25 -15 -16 19 18 -19 -20 20 -22 -23 -24 -25 -26 -27
leaf_value=-0.0052856042228730683 0.0022893061394085811 0.0080938910244567029 0.0050777613483016341 0.0036041227026511291 -0.00091357445903952536 0.0053995019520181554 0.0045053483057210259 -0.0012858234889606504 0.0047224117505668805 0.008167834000891723 0.00096223286611807541 -0.0022286221686834903 -0.0093188323671031699 0.00095880737725670797 5.7772059926264609e-05 0.00010513947621005878 0.0015182426944043809 -0.000712698909884428 -0.0059962896254296596 0.0026109992537057636 -0.010117629379696753 -0.00024827369256251973 0.00097813455695443274 -0.0035050663603756809 -0.00092897138855547155 -0.0043845638239670024
leaf_weight=335 3546 204 210 298 405 314 261 1211 217 371 306 1021 203 1314 1083 77285 259 4303 950 3557 306 58787 303 253 221 281
leaf_count=335 3546 204 210 298 405 314 261 1211 217 371 306 1021 203 1314 1083 77285 259 4303 950 3557 306 58787 303 253 221 281
internal_value=1.06334e-05 0.0012005 -0.00203129 0.001972 0.00413419 0.000864128 0.00802146 -0.000329801 0.00121669 -2.01396e-05 0.000756494 0.00138952 -0.00346552 -0.000418664 0.00230194 -6.28039e-05 -0.00102957 -8.12834e-06 -0.00497355 -2.21387e-05 0.00113302 -5.49558e-05 0.00378317 -0.000960714 0.000967593 -0.00634639
internal_weight=157804 3979 766 3213 1087 2126 465 1509 622 153825 8007 6964 1043 2335 4629 145818 5883 4674 1209 139935 3863 136072 617 559 431 484
internal_count=157804 3979 766 3213 1087 2126 465 1509 622 153825 8007 6964 1043 2335 4629 145818 5883 4674 1209 139935 3863 136072 617 559 431 484
is_linear=0
shrinkage=0.02


Tree=167
num_leaves=28
num_cat=0
split_feature=23 5 56 44 57 44 10 53 53 32 44 59 48 14 53 38 5 14 44 37 41 42 25 69 30 20 33
split_gain=13.0543 17.5091 15.9736 13.2825 24.6967 29.4805 15.4361 25.5798 23.3625 11.746 16.6276 23.8675 89.383 23.7868 21.5625 19.1666 15.8094 14.4769 37.684 15.7902 15.4185 10.9162 10.8724 10.5171 10.4717 9.12025 8.15747
threshold=0.081577488311510252 0.011520505234781807 0.87066310274021108 0.081187245259363064 0.1760937927262784 0.16428337884866476 1.2175533667883058 0.021231719632595906 0.019586952087893923 0.23307934719532422 0.11987758949867323 0.23036890645586303 -0.037634031671675831 -0.25424008393302394 0.024132713091028688 1.0686380116743881 0.030558364495882877 0.28161218452585085 0.10410270243662935 0.10142097795672601 0.016786076953157262 0.02648805727446513 1.0532061379269335 -0.049170379946936231 0.34457374623226616 -0.052365216849619249 0.12653353922915761
decision_type=10 8 10 10 8 10 8 10 10 10 10 8 10 8 10 10 10 10 10 10 10 10 8 10 10 10 10
left_child=9 2 22 6 -5 -6 8 -8 -3 10 13 12 -12 15 -15 -1 -13 20 21 -20 25 -19 26 -22 -4 -11 -2
right_child=1 3 24 4 5 -7 7 -9 -10 17 11 16 -14 14 -16 -17 -18 18 19 -21 23 -23 -24 -25 -26 -27 -28
leaf_value=0.0037456155563130012 -0.00062357299611851718 4.5366161648624037e-05 0.0030955618898116334 -0.0087051106743630952 -0.0021837984978865981 0.003354556882818379 0.00040239190222223528 0.0048750877774893855 -0.0024218919998029559 -0.007203029265332379 0.0028872942052481456 0.00011774755159430391 -0.0041335440952064949 6.1520084151378418e-05 -0.0012003830913528716 0.00015593027832586564 -0.0044098295360946718 0.0012702737683061083 0.0096655040980311302 0.0054937466105079583 0.00025300120698918793 -0.0034581907173798993 -0.0043157204985768824 0.0057889883194294899 -0.0012763542239968692 -0.00029989587593392267 -0.0039508543269274965
leaf_weight=1901 384 4488 240 331 2012 336 3915 476 1480 206 557 4446 1354 125193 3402 1687 358 1411 336 313 240 357 209 270 370 1772 448
leaf_count=1901 384 4488 240 331 2012 336 3915 476 1480 206 557 4446 1354 125193 3402 1687 358 1411 336 313 240 357 209 270 370 1772 448
internal_value=3.01591e-06 -0.000564874 -0.00250484 -0.000318889 -0.00157388 -0.000850575 5.59846e-06 0.000905738 -0.000656391 6.10414e-05 2.70556e-05 -0.000943716 -0.00283368 7.63935e-05 3.15562e-05 0.00168236 -0.000191051 0.00102283 0.0021249 0.00624308 -4.74086e-05 0.000609384 -0.0040096 0.00304892 6.21931e-05 -0.000847903 -0.00297479
internal_weight=158492 14689 1651 13038 2679 2348 10359 4391 5968 143803 138898 6715 1911 132183 128595 3588 4804 4905 2417 649 2488 1768 1041 510 610 1978 832
internal_count=158492 14689 1651 13038 2679 2348 10359 4391 5968 143803 138898 6715 1911 132183 128595 3588 4804 4905 2417 649 2488 1768 1041 510 610 1978 832
is_linear=0
shrinkage=0.02


Tree=168
num_leaves=23
num_cat=0
split_feature=32 5 50 48 4 48 38 50 10 38 8 9 48 57 0 10 24 17 34 43 24 37
split_gain=10.919 16.1095 12.5295 18.0558 11.1999 28.5714 55.8165 29.4544 43.5259 27.8893 27.8847 26.9949 23.6923 21.188 15.7297 16.5279 14.795 12.2934 10.7792 9.55006 8.67132 13.2607
threshold=0.32248816140126663 0.042593097406731416 0.039109424759590568 -0.020832156687538291 -0.060314860024324561 -0.10872575593379601 1.1763302501959383 -0.055131984735716004 0.929117534358881 1.3679387417343751 0.015984995161098338 1.445786486469123 -0.012679729507916735 0.28393773035387515 -0.070425597244769364 0.99496587696419148 -1.5696401441057468 -0.70695549994958629 0.0014016773412283889 0.011650002654805426 -0.54544729374349499 0.069147886764205177
decision_type=10 10 10 10 8 8 8 8 8 10 10 10 10 10 10 10 8 2 10 10 10 10
left_child=4 2 3 18 9 6 10 8 -7 11 -6 16 -13 -9 -11 -16 -1 -8 -2 -5 -4 -22
right_child=1 -3 20 19 5 7 17 13 -10 14 -12 12 -14 -15 15 -17 -18 -19 -20 -21 21 -23
leaf_value=-0.0028653550531645465 0.00046519264421332934 -0.0080326129693865395 0.0063478193872805819 -0.0068876803238588826 -0.0049333597300225745 0.0053214796488148261 0.004463502068769499 -0.00048715706153595412 -0.0019559741851362653 0.0026109684983957426 -0.00098634497581643991 0.0030840822553588891 3.2464904012742133e-05 4.9925545961181077e-05 0.00013214772298661027 -0.0022765077559229619 0.00025455546209285791 -8.2028038435863902e-05 0.0070017957970233639 7.4796138703046722e-05 0.005578644742761543 -0.0029292560695884486
leaf_weight=440 287 264 390 223 739 640 245 33196 432 240 395 4429 2407 91461 1287 2093 17182 545 296 413 316 229
leaf_count=440 287 264 390 223 739 640 245 33196 432 240 395 4429 2407 91461 1287 2093 17182 545 296 413 316 229
internal_value=5.1723e-06 0.00133857 0.0019109 0.000572131 -1.55267e-05 -9.50852e-05 -0.00251325 -5.8045e-05 0.00324138 0.000346095 -0.00535507 0.000588659 0.0016554 -8.64606e-05 -0.00129191 -0.00164389 0.000174658 0.00156511 0.00311301 -0.0017551 0.00365171 0.00201099
internal_weight=158149 2418 2154 1219 155731 127653 1924 125729 1072 28078 1134 24458 6836 124657 3620 3380 17622 790 583 636 935 545
internal_count=158149 2418 2154 1219 155731 127653 1924 125729 1072 28078 1134 24458 6836 124657 3620 3380 17622 790 583 636 935 545
is_linear=0
shrinkage=0.02


Tree=169
num_leaves=28
num_cat=0
split_feature=32 58 43 62 42 50 50 42 14 67 34 41 16 52 50 47 38 45 28 45 20 4 53 10 45 41 77
split_gain=10.4223 24.1051 32.4493 18.0238 21.7676 17.9523 27.8634 25.1092 17.8803 16.8976 16.6332 12.3755 11.6619 29.3738 33.3223 30.7916 17.0391 14.2149 38.6512 23.2264 20.6532 16.2507 23.0893 22.9786 13.9983 11.635 9.77712
threshold=0.21128816567500777 0.50050505050505067 -0.020475913578618995 0.70631450100008442 0.03149768765508177 0.038805964648480414 0.049195753477018773 -0.014971086948164234 0.36804567324122089 -0.21181599192710152 0.0055588239180184686 -0.007334478907707275 0.078628997251808844 0.60896649527140501 0.0064560857532866009 -0.0043677226222419976 0.97355913217186429 0.0044010251167310123 -0.031401939411651307 0.0042969253208843409 -0.027779137224908764 -0.065904585637425281 0.020765563179641202 1.6738368424205394 0.015028688949343528 0.012206520006428303 -0.32785408820580053
decision_type=8 8 10 10 10 10 10 10 10 8 10 10 10 2 10 10 10 10 10 10 10 10 10 10 10 10 10
left_child=12 2 26 4 -4 7 10 8 -3 -8 -7 -9 17 15 -15 24 -16 18 20 -20 -1 23 -23 -19 -14 -5 -2
right_child=1 5 3 25 -6 6 9 11 -10 -11 -12 -13 13 14 16 -17 -18 21 19 -21 -22 22 -24 -25 -26 -27 -28
leaf_value=-0.0020408370782390352 -0.0062734565762836512 0.00067347087657062133 0.0041492112389393699 -4.1901647977787479e-05 -5.3155162462163387e-05 0.0059323548035442224 0.0027470132165720753 -0.0041413656398494722 0.0079955780385589283 -0.0035154862620763879 -0.0011391924268734257 -0.00074586636456821262 -2.4871643303275971e-05 -0.0085457564510501779 -0.0010075452835857973 0.0050563022940775405 8.3215426195643808e-05 0.0002110197830635932 0.00086286055672927327 0.003805966226312791 9.2279256817133927e-05 -0.0001238212131590208 -0.0012898704693781 0.0034642382035506665 0.0028990424303130717 0.003202222209816336 -0.00026707110758854877
leaf_weight=2743 220 1755 1240 1142 387 906 379 792 293 551 266 4102 2287 219 8885 377 5398 20972 11434 523 8230 78824 2774 2152 339 641 309
leaf_count=2743 220 1755 1240 1142 387 906 379 792 293 551 266 4102 2287 219 8885 377 5398 20972 11434 523 8230 78824 2774 2152 339 641 309
internal_value=3.78144e-06 0.000546673 0.00185228 0.00256758 0.00408968 -2.18905e-05 0.00159677 -0.000512459 0.00134602 -0.000986037 0.00364706 -0.0012907 -4.4765e-05 -0.000528847 -0.000901744 0.00127097 -0.000782554 2.16054e-05 0.000472635 0.00125924 -0.000384363 -7.71368e-05 -0.000209782 0.000390832 0.000501713 0.00117601 -0.00275094
internal_weight=158140 12983 3939 3410 1627 9044 2102 6942 2048 930 1172 4894 145157 17505 14502 3003 14283 127652 22930 11957 10973 104722 81598 23124 2626 1783 529
internal_count=158140 12983 3939 3410 1627 9044 2102 6942 2048 930 1172 4894 145157 17505 14502 3003 14283 127652 22930 11957 10973 104722 81598 23124 2626 1783 529
is_linear=0
shrinkage=0.02


Tree=170
num_leaves=19
num_cat=0
split_feature=69 49 44 54 44 32 23 46 4 36 54 14 56 25 32 34 41 72
split_gain=14.5719 13.9795 10.839 15.7491 13.4032 10.812 18.7443 18.3493 21.2851 17.3127 16.0383 14.9541 14.7573 18.2329 17.3259 8.00908 7.75661 7.50603
threshold=1.5357108329310452 -0.015757327943683449 -0.062776966930190012 0.64983079766868557 0.069623147328377502 -0.27617093460708475 0.12423334821633837 0.034948848981301156 -0.029676751088060279 -0.31802788338412408 0.68686325633828671 -0.024294412544125118 0.91354117830911086 -0.028906327251439001 -0.065985376431772144 0.0015755989642909818 -0.033876785672737435 0.042756426478033689
decision_type=10 10 8 10 10 8 10 10 10 10 10 8 10 10 8 10 10 10
left_child=5 16 -3 4 -4 9 7 10 -9 -1 -7 15 14 -14 -8 -11 -2 -18
right_child=1 2 3 -5 -6 6 12 8 -10 11 -12 -13 13 -15 -16 -17 17 -19
leaf_value=0.0086244256485022673 0.00035613480752695007 -0.0037135020163676789 0.0013663985845583299 0.0038931404521693313 -0.00091279927445009823 -2.1466230000701109e-05 -0.00049264420599329521 -0.00036376914076740821 -0.003119228842291575 -0.0028795498728170768 0.00092516263905063976 0.0061295444304936501 0.0018434230439949462 -0.0017064127144570643 -0.0035465248568741577 0.00049079485237181703 0.0031356782960588244 0.0069034258242467008
leaf_weight=301 300 255 4553 369 2027 136086 1136 1533 567 313 5720 220 736 711 1483 933 308 371
leaf_count=301 300 255 4553 369 2027 136086 1136 1533 567 313 5720 220 736 711 1483 933 308 371
internal_value=1.61978e-05 0.000837977 0.000532686 0.000681727 0.000455554 -2.87031e-05 -4.72924e-05 -9.43665e-06 -0.00186483 0.00152602 1.80386e-05 0.000625767 -0.00138628 0.000233425 -0.00228168 -0.000222935 0.00307959 0.00426176
internal_weight=157922 8183 7204 6949 6580 149739 147972 143906 2100 1767 141806 1466 4066 1447 2619 1246 979 679
internal_count=157922 8183 7204 6949 6580 149739 147972 143906 2100 1767 141806 1466 4066 1447 2619 1246 979 679
is_linear=0
shrinkage=0.02


Tree=171
num_leaves=23
num_cat=0
split_feature=0 42 53 29 49 38 20 62 6 53 53 44 29 7 42 44 44 37 0 42 39 75
split_gain=12.0626 17.1192 24.0134 16.7933 19.8299 14.8936 15.7015 17.6957 12.1491 44.3798 51.9963 34.121 21.8271 25.0084 21.8242 11.6012 13.389 11.5782 8.02029 4.60273 4.33485 2.78514
threshold=-0.042467505520466901 -0.01346065179162753 0.013206960619416954 -4.3929326345503297 0.013102080847152477 1.5568594782786793 0.0036928902655626321 0.24423469948357326 0.019798182724293744 0.020765563179641202 0.020281496891793489 0.10934263826463465 4.0880403077386935 0.0048601200196059791 0.031861074997023626 0.022874648794687372 -0.047785137046568109 0.108141571530064 0.020037119900178538 -0.0025187979267026757 0.027683940697141699 0.41494000416971755
decision_type=10 10 8 8 10 10 10 10 8 8 10 10 10 8 10 8 10 10 10 10 10 10
left_child=1 2 -1 -3 17 8 7 -7 9 10 -2 -11 13 -10 -14 16 -4 -5 21 -9 -6 -8
right_child=5 3 15 4 20 6 18 19 12 11 -12 -13 14 -15 -16 -17 -18 -19 -20 -21 -22 -23
leaf_value=0.0058774889033843371 -6.5992969961388811e-05 0.0046485017778307505 0.0019555854637312319 -0.0068241103880323298 -5.6297044894738358e-05 -0.0040765738914645463 -0.0026881051251315541 0.0031610535933114404 0.0040563838845445212 -0.0029817349297065368 0.0039590127580415649 0.0023101525046570087 4.89504696638213e-05 0.00060492679929190056 -0.0021264478990333804 0.0057431378657396264 -0.0036069934304074681 -0.001109170905442373 -0.00069583109831918683 0.00011000292475503479 0.0034861066641549495 -0.005243921336994627
leaf_weight=271 112391 222 535 258 201 286 229 254 528 1633 848 265 7652 28510 2393 218 240 320 207 204 201 262
leaf_count=271 112391 222 535 258 201 286 229 254 528 1633 848 265 7652 28510 2393 218 240 320 207 204 201 262
internal_value=2.22477e-05 0.00140981 0.00303399 -0.000297589 -0.00142508 2.44117e-07 -0.00202218 0 1.91803e-05 -8.42294e-05 -3.33628e-05 -0.00311638 0.000323867 0.00060188 -0.000479594 0.00158753 0.000435567 -0.0037962 -0.00417454 0.00243573 0.00198015 -0.00556504
internal_weight=158128 2466 1264 1202 980 155662 1442 744 154220 115137 113239 1898 39083 29038 10045 993 775 578 698 458 402 491
internal_count=158128 2466 1264 1202 980 155662 1442 744 154220 115137 113239 1898 39083 29038 10045 993 775 578 698 458 402 491
is_linear=0
shrinkage=0.02


Tree=172
num_leaves=21
num_cat=0
split_feature=43 14 9 44 9 49 50 32 33 46 71 53 18 14 49 6 45 43 49 31
split_gain=11.2382 50.2576 35.9111 30.2285 25.8716 43.4233 41.1837 21.2023 18.244 30.4169 30.4682 26.2696 20.0212 17.8205 17.3012 16.916 12.0457 10.7445 9.50647 6.99205
threshold=0.052023794148548304 -0.11221417455768788 2.2918411108645071 0.16428337884866476 1.2685609979287975 0.038994654154270066 0.051908077306145224 -0.32529597319631004 0.14734579120385247 0.007071556310002604 -0.61222902001642843 0.013858332986041104 72.158944120338518 0.12804527846267047 -0.010867108319930706 0.020576492669561474 0.0062888505211551064 0.033742570621930652 0.031166727179445578 -0.063363930031158963
decision_type=10 8 10 10 10 10 8 8 10 10 10 10 10 8 8 8 10 10 10 10
left_child=7 2 16 4 5 -3 -6 17 12 11 -11 -10 15 19 -14 -9 -2 -1 -18 -5
right_child=1 3 -4 13 6 -7 -8 8 9 10 -12 -13 14 -15 -16 -17 18 -19 -20 -21
leaf_value=0.0023978505883757379 0.002675671324280985 0.0016714788410736494 -0.01245580692145783 0.00062612251976977703 0.00090780966794873385 -0.0016329348122822984 -0.0037369665360379297 -0.00018506959219131375 -0.0005911218969120763 -0.0029816619434695959 -0.00070911969691473981 0.0023689719607632993 -0.0020325379030049699 0.0094304452146575755 0.000612842412711563 0.00043117603199200753 -0.0033621472189825185 0.0086214456279216835 -0.00057273908324679765 0.0034375853882328529
leaf_weight=243 246 7096 236 316 2301 1136 1175 92193 2852 2141 3360 1506 432 228 13895 26503 972 210 1101 208
leaf_count=243 246 7096 236 316 2301 1136 1175 92193 2852 2141 3360 1506 432 228 13895 26503 972 210 1101 208
internal_value=8.07068e-06 0.000528636 -0.00202582 0.00105272 0.00080263 0.00141358 -0.000643658 -4.64503e-05 -6.01751e-05 -0.000890264 -0.00187895 0.000357421 1.3381e-06 0.00493758 0.000707566 -8.38943e-05 -0.00126638 0.00426872 -0.00176374 0.00289143
internal_weight=158350 15015 2555 12460 11708 8232 3476 143335 142882 9859 5501 4358 133023 752 14327 118696 2319 453 2073 524
internal_count=158350 15015 2555 12460 11708 8232 3476 143335 142882 9859 5501 4358 133023 752 14327 118696 2319 453 2073 524
is_linear=0
shrinkage=0.02


Tree=173
num_leaves=29
num_cat=0
split_feature=0 37 48 30 66 48 10 44 44 48 71 46 6 45 46 45 36 36 54 48 49 44 29 28 8 31 31 17
split_gain=13.2315 22.3195 24.2869 22.489 17.0686 16.1399 24.2161 37.6972 29.8111 27.4909 63.6524 23.7091 21.7727 83.81 72.5469 20.2902 56.2259 29.0595 14.7078 14.601 22.4688 22.033 14.0964 14.0099 11.849 11.7366 10.4615 8.31321
threshold=-0.029326788012918489 0.24143037348385613 -0.021151165086339404 0.70296126077733712 0.74062483723675776 -0.016922285815210044 1.59806129762523 0.15576978428121704 0.022874648794687372 -0.017249825597292708 -0.34240162631514143 0.0057604119973242102 0.011211461528674695 0.0118705075089792 0.0098035601031225307 0.011216422254966595 0.02277387718751164 0.041226000171590553 0.41024177497415332 -0.022926854672786264 0.014076461059317371 0.025404107317105188 -4.5771920722175166 -0.0066253299864005846 0.010615649257027238 0.014750273787000613 -0.0011024647402724239 -0.2686102851846357
decision_type=10 10 10 10 8 10 10 10 10 10 8 8 10 10 10 10 10 10 10 10 10 10 8 10 10 10 10 2
left_child=1 4 3 27 19 6 9 8 -8 11 -11 -2 13 14 -7 17 -17 -14 -4 21 -21 -1 -6 -15 -20 -5 -24 -3
right_child=5 2 18 25 22 12 7 -9 -10 10 -12 -13 15 23 -16 16 -18 -19 24 20 -22 -23 26 -25 -26 -27 -28 -29
leaf_value=0.00029660604900110242 -0.0018811459263250452 -0.0020833566215651979 0.0032667924176076036 0.0036556884153090686 0.0023429878187675441 0.00076471172974728067 -0.00027788370444958854 -0.0054485002137017059 0.0037736825134874787 -0.0060677934988137006 0.0015533137073269424 -0.00022002834657072342 -0.00053150960232642886 -0.0027876032332875534 -0.0066437507990256672 0.0037771158560934892 -0.0010461304035823858 0.00033036788615257577 -0.0040472272961921598 -0.0039933699488579437 0.0044616980589879517 0.0056154751902129495 -0.0014862199417210945 -0.0086613080442220648 0.00048664329459006554 0.010997424333844602 -0.003359893839972281 0.0039653932968783234
leaf_weight=1631 2740 223 200 233 307 24797 1792 380 2501 542 465 60833 34704 204 307 1524 1321 19621 200 456 209 633 596 213 260 267 396 636
leaf_count=1631 2740 223 200 233 307 24797 1792 380 2501 542 465 60833 34704 204 307 1524 1321 19621 200 456 209 633 596 213 260 267 396 636
internal_value=-2.84338e-05 0.00087356 0.00260297 0.00413088 4.68196e-05 -6.55369e-05 -0.000290785 0.00109927 0.00163437 -0.000391415 -0.00366865 -0.000339415 0.000123083 0.000608808 0.000756742 -9.37188e-05 0.00155235 -0.000179987 -0.000541604 0.000893515 -0.00170871 0.00165916 -0.00186 -0.00827273 -0.00251193 0.007501 -0.00301913 0.00216047
internal_weight=158191 6247 2019 1359 4228 151944 69253 4673 4293 64580 1007 63573 82691 25521 25104 57170 2845 54325 660 2929 665 2264 1299 417 460 500 992 859
internal_count=158191 6247 2019 1359 4228 151944 69253 4673 4293 64580 1007 63573 82691 25521 25104 57170 2845 54325 660 2929 665 2264 1299 417 460 500 992 859
is_linear=0
shrinkage=0.02


Tree=174
num_leaves=24
num_cat=0
split_feature=33 41 19 18 47 58 37 53 54 45 16 77 54 54 38 71 42 18 10 40 66 37 42
split_gain=10.322 23.1902 27.7715 18.2406 24.6959 15.0865 23.7331 21.6968 15.9203 14.9988 13.0457 13.8335 12.5072 22.3959 13.2313 12.1627 12.0699 11.1775 11.0359 11.7793 10.1014 10.8568 5.89123
threshold=0.14734579120385247 0.032236937256637239 1.9539555212719026 83.42153687882994 -0.021503340663058531 0.17440596928426547 -0.31151798627018928 0.015800740452846726 0.59034837493232761 0.013277514541601062 0.095389379885484141 1.2995293884201076 0.45922669882177053 0.46630504308690285 0.73501099253356761 -0.47952723863241237 0.023214479174852979 71.331456706341228 0.43161558759342439 0.00032475461316118661 0.92841876926589806 0.0027104778465350536 1.0000000180025095e-35
decision_type=10 10 10 10 8 10 10 10 8 10 8 10 8 8 8 8 10 10 10 10 10 8 10
left_child=3 5 9 10 -5 6 8 -8 -2 15 11 17 14 -14 -12 -3 -13 -1 22 -20 21 -6 -7
right_child=1 2 -4 4 20 18 7 -9 -10 -11 12 16 13 -15 -16 -17 -18 -19 19 -21 -22 -23 -24
leaf_value=-2.1833892154030081e-05 0.0011985522282444378 0.0067525669180432939 -0.0025367272472674595 -0.0032295679426590342 0.0019606099237710851 0.0029859689054214139 -0.0032108729956779425 -0.00051401302578130592 -0.0030199907616747733 0.00059810224930387788 -0.0057379988285228278 0.00094509020736839979 0.0072007997322995829 -0.00041092590728184208 -0.0012587996869533648 0.0038789844598558854 0.003089433170799411 0.00052365973602611375 -0.00088397713712513751 0.0012420048434778432 0.0041817307432517993 0.00031794959589882376 0.00036880313103233571
leaf_weight=115454 789 202 287 330 1351 552 1320 841 285 207 523 2906 290 8796 2547 247 347 10286 5852 1087 274 1601 1325
leaf_count=115454 789 202 287 330 1351 552 1320 841 285 207 523 2906 290 8796 2547 247 347 10286 5852 1087 274 1601 1325
internal_value=-1.63602e-06 -0.000541593 0.00247669 4.68398e-05 0.00146134 -0.000778128 -0.00194623 -0.00315356 0.00048186 0.00474581 1.11796e-05 7.02203e-05 -0.000615119 -0.000241884 -0.00171866 0.00679556 0.00135771 3.68853e-05 -0.000349098 -0.000717291 0.00199504 0.00165188 0.00101065
internal_weight=157699 12994 943 144705 3556 12051 3235 2161 1074 656 141149 128993 12156 9086 3070 449 3253 125740 8816 6939 3226 2952 1877
internal_count=157699 12994 943 144705 3556 12051 3235 2161 1074 656 141149 128993 12156 9086 3070 449 3253 125740 8816 6939 3226 2952 1877
is_linear=0
shrinkage=0.02


Tree=175
num_leaves=25
num_cat=0
split_feature=57 36 52 54 54 47 47 42 10 52 10 46 44 6 10 60 68 14 54 44 77 63 29 42
split_gain=10.9358 25.3093 28.7736 31.9845 69.8525 50.1304 20.9249 20.3831 25.1878 41.5192 24.652 38.5045 24.3659 34.6594 25.8029 20.6577 15.905 17.7005 16.453 13.524 9.47243 9.04756 9.5944 6.39732
threshold=0.79695973667084818 -0.057893610021631348 0.88789462569950384 0.57574027341050227 0.58346599610030381 -0.025688037789057813 -0.021184191738708221 0.0072732266117424569 -0.13926877016231315 0.67329807110339213 -1.0000000180025095e-35 0.0074111319495166151 0.05603509247644068 0.014415504449530582 1.1309902989267431 0.016931235890636762 0.45548322090818516 0.40815396694143175 0.70825291678817537 0.037438016530551906 0.20739155189317782 0.10876430757152673 -0.67642165699969492 0.033045850472539169
decision_type=10 10 2 10 10 10 10 8 8 2 8 10 10 8 8 10 10 10 10 10 10 10 10 10
left_child=7 6 3 5 -5 -3 -2 8 9 -1 11 15 14 -14 -10 -9 17 -12 -18 20 -4 -8 -23 -21
right_child=1 2 19 4 -6 -7 21 10 12 -11 16 -13 13 -15 -16 -17 18 -19 -20 23 -22 22 -24 -25
leaf_value=0.00080734760352876389 0.0027511070210277629 0.0031731535061810048 0.003230465557613243 -0.0052901351668772165 -1.2089358692324712e-05 0.00025834696878464751 -0.0019822800612668053 0.0013045278946254035 0.00024544660658732726 -0.0098489893512379995 0.00022158446654886769 -0.0033110618405009962 -0.0016396882306240796 -0.00013052573318627375 -0.0006474643189349487 0.0051292587107966171 -0.00034142049369107765 -0.0035757463872018204 -0.002871872202090734 0.0034580581726637236 -0.00013099245708099729 -0.0072522309461771385 -0.0039210134905094431 0.00884922434924767
leaf_weight=274 291 3193 206 1052 6964 16805 296 404 28126 216 53819 280 6890 8168 17569 469 10924 252 565 211 308 262 509 209
leaf_count=274 291 3193 206 1052 6964 16805 296 404 28126 216 53819 280 6890 8168 17569 469 10924 252 565 211 308 262 509 209
internal_value=-2.75364e-05 0.000314053 0.000439324 0.000324041 -0.000743171 0.000751938 -0.0023532 -0.000108458 -0.000371922 -0.00488391 0.000133375 0.0030312 -0.000335418 -0.00103314 -0.000105436 0.00510069 8.23355e-05 0.000225958 -0.000593386 0.00389091 0.00170485 -0.00364981 -0.00479016 0.00655107
internal_weight=158262 30306 28948 28014 8016 19998 1358 127956 61243 490 66713 1153 60753 15058 45695 873 65560 54071 11489 934 514 1067 771 420
internal_count=158262 30306 28948 28014 8016 19998 1358 127956 61243 490 66713 1153 60753 15058 45695 873 65560 54071 11489 934 514 1067 771 420
is_linear=0
shrinkage=0.02


Tree=176
num_leaves=18
num_cat=0
split_feature=25 69 6 46 48 45 10 46 32 14 5 46 45 46 37 41 0
split_gain=11.8224 27.2335 10.8678 82.05 51.9389 73.4961 45.8697 35.2789 35.2264 15.1309 13.5941 39.01 43.3294 16.5531 12.6557 23.277 13.8131
threshold=-1.8989603227860805 0.18398599884355465 0.010723025472992873 0.0099375979449127742 -0.031464981314429812 0.0118705075089792 0.4201701899397699 0.0081859706254185215 0.047934483187518924 0.073980550957654559 0.007783125761882225 0.011550159182766615 0.0074529989177442605 0.0078710823908400233 -0.43192800814652837 0.035253919487650894 -0.029326788012918489
decision_type=8 10 8 10 10 10 10 10 10 10 8 8 10 10 10 10 10
left_child=1 -1 3 4 7 -6 8 -2 -5 -8 11 13 -13 -4 15 -12 -16
right_child=2 -3 10 6 5 -7 9 -9 -10 -11 14 12 -14 -15 16 -17 -18
leaf_value=-0.00055740561049527463 -0.0019766002350627429 0.00848814383664186 0.00051223054021290611 -0.0038099727044708077 0.00076124568326259062 -0.0058970204759615655 0.0012964706638113528 0.0019486222705380849 -0.010183185341692229 -0.0031728114277206842 -0.00064325645869480808 0.0047508148547590898 -0.0014512042209282377 -0.0019935930734488452 0.00095730480564479303 0.0045289176712597426 -9.2235419937908015e-05
leaf_weight=356 2743 253 2671 210 26056 327 250 601 244 268 19057 503 247 708 5365 289 97923
leaf_count=356 2743 253 2671 210 26056 327 250 601 244 268 19057 503 247 708 5365 289 97923
internal_value=4.66876e-06 0.00278361 -6.08397e-06 0.000331531 0.000518636 0.000816328 -0.00538335 -0.001829 -0.0100176 -0.00130636 -8.78641e-05 0.00104068 0.00516378 0.000123669 -0.000125886 -0.000595338 -3.79324e-05
internal_weight=158071 609 157462 30699 29727 26383 972 3344 454 518 126763 4129 750 3379 122634 19346 103288
internal_count=158071 609 157462 30699 29727 26383 972 3344 454 518 126763 4129 750 3379 122634 19346 103288
is_linear=0
shrinkage=0.02


Tree=177
num_leaves=25
num_cat=0
split_feature=0 42 37 50 52 14 44 20 32 42 34 54 16 69 24 42 0 41 43 18 37 38 41 54
split_gain=13.8757 18.4103 20.8725 20.9506 16.5588 15.1643 14.091 26.0853 15.4639 14.0802 13.533 13.46 14.6618 12.9622 33.8647 30.2548 12.6897 18.4891 16.9322 11.7282 10.4464 10.1363 9.21769 8.52344
threshold=-0.032353043915001982 -0.01346065179162753 0.38130491903014857 0.039332976696293438 0.34745762711864409 0.022141386982926784 -0.1588606586551711 -0.015337035776120609 0.0028701193364533699 0.014752887441592867 -8.3744427911777711e-05 0.5493791690613633 -0.048031599443984156 0.048835227636172616 -1.7302185780730401 0.0082459995045206531 0.002382592776163595 -0.0027304342874289729 0.011092858454045952 28.220716249296114 0.83263735156594532 1.5277937895728757 0.0093436884350924804 0.41119808322121021
decision_type=10 8 10 10 2 10 8 8 8 10 10 10 8 8 8 10 10 8 10 10 10 10 8 10
left_child=1 4 3 22 5 19 7 -2 21 20 16 23 -13 15 -15 -12 18 -18 -8 -1 -4 -9 -3 -6
right_child=6 2 9 -5 11 -7 10 8 -10 -11 13 12 -14 14 -16 -17 17 -19 -20 -21 -22 -23 -24 -25
leaf_value=-0.00048551024299215291 0.0013673451638651624 -0.0011518289760121014 0.0037778254282675255 0.003107913306682487 0.0039840530456276288 -0.002643107593372706 -0.00084038453083267936 8.2701357565730801e-05 -0.0077586970413275778 0.0090146332668394266 -0.00060887719925501653 0.01015084714121897 0.0034822629803720503 0.0035303843027398507 5.9313792467753988e-05 0.00012713797043384313 -0.00053173159971763853 0.0015537640937994218 0.00090975334202603696 0.0032668482901743183 -0.0033097562959137246 -0.0033731773075487571 -0.0056451987442547227 -0.0031285255387859187
leaf_weight=472 300 1081 317 266 202 330 4632 224 203 222 34937 260 367 968 65340 35328 1731 5247 4175 720 206 211 368 217
leaf_count=472 300 1081 317 266 202 330 4632 224 203 222 34937 260 367 968 65340 35328 1731 5247 4175 720 206 211 368 217
internal_value=7.81936e-06 0.00104156 -0.00019423 -0.00140909 0.00222577 0.000891661 -2.60801e-05 -0.00246858 -0.0047543 0.00259786 -1.10135e-05 0.00416237 0.00601592 -7.51095e-05 0.000125443 -0.000264395 0.000543393 0.0011804 3.83742e-05 0.001943 0.00079771 -0.00261009 -0.00235724 0.00137619
internal_weight=158324 5028 2460 1715 2568 1522 153296 938 638 745 152358 1046 627 136573 66308 70265 15785 6978 8807 1192 523 435 1449 419
internal_count=158324 5028 2460 1715 2568 1522 153296 938 638 745 152358 1046 627 136573 66308 70265 15785 6978 8807 1192 523 435 1449 419
is_linear=0
shrinkage=0.02


Tree=178
num_leaves=28
num_cat=0
split_feature=45 27 54 71 6 49 4 10 44 5 50 31 44 37 45 44 54 47 42 45 44 32 53 10 44 44 24
split_gain=11.3495 34.2324 32.9018 51.957 29.7738 51.6113 22.9279 30.2967 26.0799 46.7895 28.2445 35.791 35.6056 25.9933 24.9741 22.2736 27.7522 19.3057 19.2664 18.9605 18.1092 18.0937 18.8621 17.5179 17.2984 16.9823 15.7356
threshold=0.0044644464611294701 -0.02959443200107886 0.26539476357806663 -0.77089008769369227 0.012082144719129667 0.010453924224235635 -0.065904585637425281 1.7095216451796926 -0.097151723298657608 0.018598486863915981 -0.055131984735716004 0.066330838785136972 -0.075688170239417693 0.12142158046974537 0.0082894699117945052 0.079007279764532048 0.29783665178278118 -0.15327845528716069 0.0021009068289035153 0.0042397239418392203 0.077141766390349323 -0.004757064979219904 0.015585941308065832 0.38457866282074527 0.032763686993125936 0.065342905821433109 -1.5286236543590837
decision_type=8 8 10 10 10 10 8 10 8 8 8 10 8 10 10 10 10 10 10 10 10 8 10 10 10 10 10
left_child=1 15 3 -3 5 -4 7 13 9 -8 11 -10 -12 26 -15 21 -17 -11 -6 -5 24 22 -1 -18 -9 -23 -2
right_child=6 2 4 19 18 -7 8 20 10 17 12 -13 -14 14 -16 16 23 -19 -20 -21 -22 25 -24 -25 -26 -27 -28
leaf_value=-0.0030634840868803115 -0.0029317675054514577 -0.0061342201779701067 0.0002452846662573316 -0.00094074326275766053 0.0020994415453634099 0.0023850053799370332 -0.0057191445584005643 0.0034380521835389831 0.0041133518266693826 0.001515798003533014 -0.0034585290598821272 -0.0022768688905961654 -0.00013456125601659695 -0.00020806813500359524 0.0018727178652558462 -0.006918662857845123 0.0051471764688061561 -0.0030366485270878654 -0.00025273484953477392 0.0037052467586916643 -0.0019866728966690022 0.0011797499537026298 0.0028289786831563746 -0.0027113123403642819 0.0087057213913036835 -0.0012859054018950012 -9.0329435618980661e-05
leaf_weight=2103 501 362 5332 976 1496 5250 345 1120 1242 492 636 309 101791 2905 4809 235 201 418 7064 219 271 3624 312 953 671 1476 13367
leaf_count=2103 501 362 5332 976 1496 5250 345 1120 1242 492 636 309 101791 2905 4809 235 201 418 7064 219 271 3624 312 953 671 1476 13367
internal_value=3.25465e-05 0.000385691 0.000831787 -0.00196277 0.00105929 0.00176869 -4.85576e-05 0.000514189 -0.000175019 -0.00303981 -0.000140394 0.00253737 -0.000180986 0.00029273 0.00122333 -0.000651095 -0.00297698 -0.000656422 0.000181988 4.8495e-05 0.00282986 -0.000220596 -0.00164652 -0.00169524 0.00355915 0.000454421 -0.000224818
internal_weight=158480 29603 20699 1557 19142 10582 128877 23644 105233 1255 103978 1551 102427 21582 7714 8904 1389 910 8560 1195 2062 7515 2415 1154 1791 5100 13868
internal_count=158480 29603 20699 1557 19142 10582 128877 23644 105233 1255 103978 1551 102427 21582 7714 8904 1389 910 8560 1195 2062 7515 2415 1154 1791 5100 13868
is_linear=0
shrinkage=0.02


Tree=179
num_leaves=28
num_cat=0
split_feature=0 75 54 45 54 54 31 35 45 43 9 8 48 52 10 46 42 40 14 53 71 44 44 68 48 46 51
split_gain=13.3523 16.9908 16.4589 31.4822 21.6617 17.7854 23.8498 17.5901 17.4876 12.0608 55.6632 25.4374 38.8145 22.9807 19.2185 45.6593 25.2216 22.5616 18.7834 18.5269 43.9532 16.0637 11.9472 10.8208 11.5931 14.1691 8.25502
threshold=-0.029326788012918489 -1.6069955587909235 0.57514222579460672 0.0083304609404307017 0.58557432789796948 0.41303872162117189 -0.012729124000938561 -0.025388840824959593 0.0065557242615534401 0.052023794148548304 2.3428483452588864 0.0054244770460803067 -0.0011385862954200186 0.85552616108171675 2.0876939073984579 0.0045607764343140013 0.01729465817500642 -3.8854134533553119e-05 -0.092809582641092445 0.010900370658205363 -0.23908794314485357 0.11987758949867323 0.082341383070723154 -1.8599932188045867 -0.056821410891407513 0.0071080678410755356 0.48562762037860502
decision_type=10 8 10 10 10 8 10 8 8 10 10 10 10 2 10 10 10 10 10 8 8 10 10 10 8 10 2
left_child=1 23 5 7 -5 6 -3 -4 -7 14 11 12 -11 -13 19 17 -17 -16 -12 20 -2 -21 -20 26 -25 -26 -1
right_child=9 2 3 4 -6 8 -8 -9 -10 10 18 13 -14 -15 15 16 -18 -19 22 21 -22 -23 -24 24 25 -27 -28
leaf_value=0.0068040874609321279 0.0021969003178075428 0.0041855035002406676 0.010419341444920356 0.0037963247316628664 -0.00049605548890482322 -0.0041481326724232687 -0.0030365758501527083 0.0036527590023085164 -0.00018544728627726742 0.0052215192015008802 -0.012714979534802684 -3.5409076843358566e-05 0.00059791118123216861 0.001382235257169312 -0.0064458510041835214 0.0063366669585599913 -0.00085642270810907845 0.00026341712524303578 0.0012572846579002254 -0.00011610027951984403 -0.0012056794285259199 -0.00096701514553186704 -0.010035669611760603 0.00087274680113980845 0.002246162231273754 0.010801821568018384 -0.0024769749126401213
leaf_weight=209 2817 337 214 448 1631 646 210 266 1310 397 245 8930 750 3870 418 1842 646 638 202 122923 2554 5495 227 201 202 324 237
leaf_count=209 2817 337 214 448 1631 646 210 266 1310 397 245 8930 750 3870 418 1842 646 638 202 122923 2554 5495 227 201 202 324 237
internal_value=6.68816e-06 0.000913727 0.000410429 0.00153828 0.000470192 -0.000742013 0.00244161 0.00614969 -0.00163413 -3.05222e-05 0.000515525 0.000787066 0.00363937 0.000531052 -8.86743e-05 0.00136474 0.00284371 -0.00211731 -0.00509333 -0.000127199 0.00102345 -0.000175348 -0.00255349 0.00308177 0.00458516 0.00614421 0.000621924
internal_weight=158189 6235 5062 2559 2079 2503 547 480 1956 151954 14621 13947 1147 12800 137333 3544 2488 1056 674 133789 5371 128418 429 1173 727 526 446
internal_count=158189 6235 5062 2559 2079 2503 547 480 1956 151954 14621 13947 1147 12800 137333 3544 2488 1056 674 133789 5371 128418 429 1173 727 526 446
is_linear=0
shrinkage=0.02


Tree=180
num_leaves=18
num_cat=0
split_feature=25 57 19 44 48 41 22 42 6 18 57 53 27 44 43 10 71
split_gain=13.3534 25.045 9.89732 28.5949 27.5391 37.8992 27.3698 22.203 27.387 21.2634 17.3763 17.1994 19.8533 18.3975 12.6853 39.4691 12.2278
threshold=-1.8989603227860805 0.60769974170957075 1.6485049195539807 0.048801836542329731 -0.0076598596654535158 0.026747514909983842 0.098604719755316386 0.001726241879752566 0.014693879811465435 72.158944120338518 0.5600429184549357 0.013073887856886781 -0.020133734386789112 0.083866247419492793 0.06936509773847345 0.51261427094882128 -0.80068450165916516
decision_type=8 10 10 8 8 10 10 10 8 10 10 8 10 10 10 8 8
left_child=1 -1 9 4 6 -6 -4 10 -9 14 -5 12 -11 -13 16 -16 -2
right_child=2 -3 3 7 5 -7 -8 8 -10 11 -12 13 -14 -15 15 -17 -18
leaf_value=-0.0007762016841930256 -0.00038445547897068637 0.0080997740549629098 0.00060090567455844566 7.8089483637217572e-05 -0.0013005941693473484 -0.0067953130617122801 -0.0019952392969099096 0.00066247720208098895 -0.00099620189481314692 -0.0064833329207657758 0.0043990902826523386 0.0013996304067307899 5.5293758426687989e-05 -0.00046097015667887988 0.0048853999414216337 0.0002839287036878277 2.5845456510213868e-05
leaf_weight=356 17114 250 4681 546 4801 355 2090 5372 5344 203 705 7237 3462 1423 479 3721 100046
leaf_count=356 17114 250 4681 546 4801 355 2090 5372 5344 203 705 7237 3462 1423 479 3721 100046
internal_value=1.37812e-06 0.00296211 -1.0014e-05 -0.000384934 -0.00107797 -0.00217917 -0.000238925 0.000305648 1.10105e-05 5.69843e-05 0.00282588 0.00084845 -0.000299509 0.00133449 -2.33848e-05 0.00105642 -6.21196e-05
internal_weight=158185 606 157579 23894 11927 5156 6771 11967 10716 133685 1251 12325 3665 8660 121360 4200 117160
internal_count=158185 606 157579 23894 11927 5156 6771 11967 10716 133685 1251 12325 3665 8660 121360 4200 117160
is_linear=0
shrinkage=0.02


Tree=181
num_leaves=20
num_cat=0
split_feature=67 53 36 48 31 18 42 37 53 60 0 4 4 77 25 57 71 57 78
split_gain=10.8108 22.1933 16.693 15.5929 14.5975 14.5285 16.3032 15.7696 13.2031 42.5325 20.9934 16.9842 13.0527 12.0871 11.8774 24.47 11.1586 10.1737 7.72167
threshold=-1.3286603127119638 0.010900370658205363 -0.13557238741709879 -0.00013129309555437449 0.19755237142020268 38.137681657775133 0.0075588812953925064 1.2442571782786351 0.010900370658205363 0.7458505509641874 -0.0040302400239077265 0.011655122619150806 -0.053066004276478999 -0.44777308170557767 -1.8989603227860805 0.60769974170957075 -0.84697740960386569 0.58787244833269947 0.35531838969455859
decision_type=8 10 10 10 10 10 10 8 8 10 8 10 10 10 8 10 8 10 10
left_child=1 18 5 17 8 7 -7 -3 9 10 -2 -11 -5 -6 15 -10 -16 -4 -1
right_child=4 2 3 12 13 6 -8 -9 14 11 -12 -13 -14 -15 16 -17 -18 -19 -20
leaf_value=-0.0075178092916932827 -0.00023811676628253059 -0.00031333708599548413 0.0015481427768090363 0.0026260935547637756 8.2527445395692151e-06 -0.0023936822334310729 0.0035022244328552464 -0.0046451822285809496 -0.001243036301303855 -0.0035440887571873228 0.0025048148236845392 0.00012379290207914235 -0.0024890747098733333 -0.0032276163097783627 -0.00039039306389442003 0.0071931548506132328 -1.2692129862779123e-06 0.0047337829300032252 -0.0031266901337400023
leaf_weight=200 1249 2954 3254 282 253 413 993 357 334 650 2924 685 868 326 19600 243 121051 946 200
leaf_count=200 1249 2954 3254 282 253 413 993 357 334 650 2924 685 868 326 19600 243 121051 946 200
internal_value=7.33919e-06 0.000628391 0.000812277 0.0015769 -3.67781e-05 -5.46842e-05 0.00164748 -0.000778382 -2.42475e-05 0.000936286 0.00193052 -0.00216916 -0.000484796 -0.00320345 -6.17295e-05 0.00279931 -7.35006e-05 0.00214187 -0.00398504
internal_weight=157782 10467 10067 5350 147315 4717 1406 3311 146736 5508 4173 1335 1150 579 141228 577 140651 4200 400
internal_count=157782 10467 10067 5350 147315 4717 1406 3311 146736 5508 4173 1335 1150 579 141228 577 140651 4200 400
is_linear=0
shrinkage=0.02


Tree=182
num_leaves=20
num_cat=0
split_feature=4 44 54 51 71 14 52 6 60 6 43 48 50 44 22 70 29 75 77
split_gain=10.4945 32.5236 38.3069 34.3406 29.248 28.5105 37.1121 27.322 24.8693 19.1152 15.0204 34.1482 31.6502 30.0717 15.6782 21.4 16.9882 12.5086 12.2266
threshold=-0.060314860024324561 -0.097151723298657608 0.79092688549659373 0.07738868974934679 -0.61222902001642843 -0.009234888741587231 0.88789462569950384 0.047002483707524516 0.20041111054775307 0.070717915228013475 -0.0021242790001379515 -0.0045799355427499902 0.017126793413654643 0.031611578399712188 -0.15786340705231602 -0.52152623446802882 -7.8465975046753718 0.74501153058829317 0.88937256945658583
decision_type=10 10 10 2 10 10 2 10 10 10 10 10 10 10 10 8 8 10 10
left_child=9 2 8 4 -3 7 -7 -5 -2 10 14 13 -13 -12 15 -1 -16 -6 -4
right_child=1 3 18 5 17 6 -8 -9 -10 -11 11 12 -14 -15 16 -17 -18 -19 -20
leaf_value=-0.0036188935653485568 -0.0066581686449292436 0.0065886401577960442 -0.0012035715006057342 -0.00050270748584446646 -0.00063042596680741721 -9.3561872054411665e-06 0.0017803488520931777 -0.0048731845312651864 -0.0024879251371583855 0.0075896945309487599 0.00057098638360164686 -0.0042770023631861619 -0.00014481776349487859 0.0030878411753480573 0.0024080072862047623 -0.00071463016710800284 -5.0376732759380151e-06 0.0045521128200586083 0.0019907406471015598
leaf_weight=561 331 348 343 25730 529 93194 3101 627 301 399 9180 628 4985 3353 815 4620 8623 201 215
leaf_count=561 331 348 343 25730 529 93194 3101 627 301 399 9180 628 4985 3353 815 4620 8623 201 215
internal_value=-1.71933e-05 -0.000101168 -0.00339043 -6.94895e-05 0.00348285 -0.000100756 5.87563e-05 -0.000683588 -0.00675829 0.00029905 0.000245926 0.000630297 -0.000665835 0.00121095 -0.000231053 -0.00111501 0.000254052 0.00120109 0.00042576
internal_weight=158084 124920 1190 123730 1078 122652 96295 26357 632 33164 32765 18146 5613 12533 14619 5181 9438 730 558
internal_count=158084 124920 1190 123730 1078 122652 96295 26357 632 33164 32765 18146 5613 12533 14619 5181 9438 730 558
is_linear=0
shrinkage=0.02


Tree=183
num_leaves=22
num_cat=0
split_feature=34 6 45 68 38 43 9 14 41 10 54 37 48 6 22 75 48 29 41 49 70
split_gain=12.0744 15.9195 12.5667 13.6078 10.9144 10.7963 66.2479 38.6751 26.6604 25.8204 24.3655 19.5232 18.4538 14.5212 14.1348 13.5549 9.86552 9.41637 7.95942 7.48022 5.93855
threshold=-0.00020569820466724567 0.049269489246735625 0.010037095526989189 -1.7056704561362086 0.70374928315460317 0.051227593454310501 2.7016181494572549 -0.11221417455768788 0.048511285866492233 2.1457213304527802 0.56259967429437896 0.3318854716880078 -0.024992184450411955 0.060421667068357159 -0.26904070523110363 0.42940778953944653 -1.0000000180025095e-35 -2.0695265843407671 0.007479976849527282 0.0035127625494796315 0.78208255312331099
decision_type=8 8 10 10 10 10 10 8 10 10 10 10 10 10 10 10 8 10 10 10 10
left_child=1 2 3 -1 -4 9 7 14 -9 13 11 -11 -12 15 -7 -2 -5 -6 -15 -3 -21
right_child=5 19 4 16 17 6 -8 8 -10 10 12 -13 -14 18 -16 -17 -18 -19 -20 20 -22
leaf_value=-0.006265033824566381 7.6951196150252361e-05 -0.0041367002373458809 -0.001287561800472792 0.0012053237978101026 0.0039540127879445011 0.0030477463943507457 -0.010465820622532722 0.00084366486698958781 0.0042376489495643769 -0.0004205076245453174 0.0021818276809421064 0.0046489632864997413 0.010499485261748947 0.00061157898008663998 -0.00206010202558931 -0.00025784703403979525 -0.00086384198062294543 0.001563968546486934 0.0051238061035559328 -0.001574928294409258 0.0029931312059776716
leaf_weight=281 73777 229 238 3891 640 210 364 11503 470 1633 235 750 351 221 1970 56745 1170 2446 317 257 201
leaf_count=281 73777 229 238 3891 640 210 364 11503 470 1633 235 750 351 221 1970 56745 1170 2446 317 257 201
internal_value=5.33122e-05 0.000750267 0.000982808 0.000381434 0.00194827 9.41116e-06 0.000527483 0.000744525 0.00119075 -4.6691e-05 0.00179731 0.000896812 0.00544804 -8.84931e-05 -0.00170472 -0.000102036 0.000619913 0.00226693 0.00318738 -0.00217733 -0.00069281
internal_weight=157899 9353 8666 5342 3324 148546 14517 14153 11973 134029 2969 2383 586 131060 2180 130522 5061 3086 538 687 458
internal_count=157899 9353 8666 5342 3324 148546 14517 14153 11973 134029 2969 2383 586 131060 2180 130522 5061 3086 538 687 458
is_linear=0
shrinkage=0.02


Tree=184
num_leaves=29
num_cat=0
split_feature=32 44 54 9 14 5 44 5 45 14 40 38 6 6 14 7 14 38 50 9 30 45 18 46 20 49 24 34
split_gain=10.2997 34.1496 26.2556 52.1907 32.1077 27.4481 23.259 38.4542 41.5534 29.2164 30.5536 27.0356 23.1002 22.0334 16.7654 17.8472 16.7282 26.5814 18.1338 28.1004 15.5354 23.9722 19.1587 15.1905 13.225 12.2305 10.4147 8.69617
threshold=0.18867131047139427 0.12547988852472428 0.47463210634266922 0.8168215767975654 -0.16848179853757458 0.027812382080419785 0.1062109515439026 0.010809246973170032 0.0077167530520087122 0.24998182083102452 0.0019274873888597869 0.83338593038188036 0.018510755481824515 0.0125958107155649 -0.21142568619244292 0.0052879963787315363 -0.35275334335723491 0.78974514699402976 0.071921925095346353 1.3960840077077514 0.65526956575881912 0.0050436044019060355 42.135406723758244 0.012898997088880251 -0.0007095244568481317 0.036404930618464622 -0.49049693620158397 0.00062468683347508935
decision_type=8 10 10 10 10 10 10 8 10 8 10 8 10 10 10 10 8 10 10 10 8 8 10 10 10 10 10 10
left_child=1 16 3 24 5 -4 7 8 11 14 23 -2 -5 -6 -8 -16 17 -1 25 -20 22 -22 -9 -11 -3 -18 -19 -10
right_child=6 2 4 12 13 -7 9 20 27 10 -12 -13 -14 -15 15 -17 18 26 19 -21 21 -23 -24 -25 -26 -27 -28 -29
leaf_value=0.010819955949416392 0.00067218166027453339 -0.0054282355511948623 -0.00061136769450332727 -0.0033015406292082926 -0.0043819503967985739 -0.0073446510917149765 -0.0033838267166489524 -0.0043342187302692261 -0.00039339949216333326 0.0017943702138110489 0.012635499202228149 0.0040972249278714325 0.0045258534288216317 0.00059387208248791511 -0.0026607373667541646 0.0020995634742671642 3.1998289568810683e-05 -0.003729233371808546 -0.0028954754382907767 0.0011701290253146803 0.0046164703912128617 1.3740703045482337e-05 -0.00071561736876569831 0.0091512747365689283 -0.010437555025930297 -0.00080001379862651542 0.0024228533387837263 -0.0043049577117368178
leaf_weight=367 744 256 452 338 242 370 370 845 211 856 221 959 224 2406 267 1705 131670 356 591 434 351 3337 5095 204 237 4232 703 207
leaf_count=367 744 256 452 338 242 370 370 845 211 856 221 959 224 2406 267 1705 131670 356 591 434 351 3337 5095 204 237 4232 703 207
internal_value=-2.40125e-07 -5.31779e-05 -0.0017627 -0.00452462 -0.000921348 -0.00437181 0.000491641 5.94043e-05 0.0024967 0.00189238 0.00431981 0.0038838 -0.000351687 0.000150245 0.000562527 0.0012965 2.73212e-06 0.00215697 -1.97038e-05 -0.00266862 -0.000477516 0.00054161 -0.00111059 0.00290104 -0.00926721 2.79611e-07 0.000545283 -0.00314558
internal_weight=158250 142878 4525 1055 3470 822 15372 11749 2121 3623 1281 1703 562 2648 2342 1972 138353 1426 136927 1025 9628 3688 5940 1060 493 135902 1059 418
internal_count=158250 142878 4525 1055 3470 822 15372 11749 2121 3623 1281 1703 562 2648 2342 1972 138353 1426 136927 1025 9628 3688 5940 1060 493 135902 1059 418
is_linear=0
shrinkage=0.02


Tree=185
num_leaves=18
num_cat=0
split_feature=40 44 44 57 10 44 32 46 70 28 68 41 48 50 38 46 28
split_gain=12.0581 18.3231 16.4418 35.2513 19.4813 20.8976 21.2809 15.1081 14.2801 14.208 14.6643 13.989 13.6133 13.3369 11.3226 8.85086 9.85375
threshold=0.0040542606799785245 -0.1588606586551711 0.21061464899071672 0.26381673410781886 1.8511993873420498 0.10410270243662935 0.13803088866045291 0.0071574745760132038 3.9444474119846675 -0.19869186530094993 -1.3913717875410625 0.106159258743605 -0.013056220600569988 0.042680652392814163 1.1522289306444458 0.0093621645543221794 -0.15848181172572087
decision_type=10 8 8 10 10 10 10 10 10 8 8 10 8 10 10 10 10
left_child=1 11 4 -4 5 7 -7 -2 9 12 -11 -1 -3 14 -6 16 -10
right_child=2 8 3 -5 13 6 -8 -9 15 10 -12 -13 -14 -15 -16 -17 -18
leaf_value=-0.0056424261336395021 -0.00096743697360746365 0.0020422605997865786 -0.0082994237070610783 0.0013163696646095794 0.0070057132787296889 0.00051223816688108386 0.0095305486688751027 0.00075431907266785701 -0.012007490448161523 -0.001352231899258452 -2.7845682982755165e-05 -0.00064987937470903454 -0.0022505287698512933 -0.0028526652851580494 0.0010745304597299338 0.0013872692620791344 -0.0019991022700062474
leaf_weight=242 3206 2397 268 262 864 425 271 9580 208 3764 134398 383 724 203 349 245 395
leaf_count=242 3206 2397 268 262 864 425 271 9580 208 3764 134398 383 724 203 349 245 395
internal_value=-7.57341e-06 -6.49916e-05 0.00052356 -0.00293409 0.000646889 0.000412223 0.00378479 0.000228201 -4.99395e-05 -3.43846e-05 -6.45469e-05 -0.00347923 0.00129981 0.00287791 0.00367216 -0.00263604 -0.00393709
internal_weight=158184 142756 15428 530 14898 13482 696 12786 142131 141283 138162 625 3121 1416 1213 848 603
internal_count=158184 142756 15428 530 14898 13482 696 12786 142131 141283 138162 625 3121 1416 1213 848 603
is_linear=0
shrinkage=0.02


Tree=186
num_leaves=21
num_cat=0
split_feature=14 50 43 52 43 42 43 46 46 45 72 44 50 5 44 70 44 14 46 17
split_gain=10.7825 44.7944 35.0054 47.6186 41.5986 39.9949 40.7714 35.6935 40.8017 27.1264 26.7118 61.5232 27.9406 24.2838 22.8846 24.3901 22.3898 37.3453 31.2872 6.08284
threshold=-0.009234888741587231 0.11198429954846724 0.015670882025268121 0.81706636921360853 0.019251009915920218 0.0099161370900693342 -0.0011053696177609205 0.0044955487679037938 0.0060454731887708375 0.0044354796085307137 0.47014682184871742 0.081187245259363064 0.033397411098852754 0.0094748292098163194 0.21061464899071672 -0.83957875746007027 0.16428337884866476 -0.13540213529810349 0.009711183688914788 -0.28399033952567759
decision_type=8 10 10 2 10 8 10 10 10 8 10 10 10 10 10 8 10 10 10 2
left_child=2 9 3 5 7 13 -7 -4 -9 10 12 -12 -2 -1 15 -11 18 -18 -6 -16
right_child=1 -3 4 -5 16 6 -8 8 -10 14 11 -13 -14 -15 19 -17 17 -19 -20 -21
leaf_value=-0.0017348151851952131 0.00049258008330804715 0.0064628141747717603 0.0016903695965338112 -0.0066188618489060481 -0.0012971086515248165 -0.00049078929906278825 0.0040061921565352323 -0.006994208214712516 -0.0018593219716605436 -0.00063133237934389372 0.00046462268180742084 -0.0045021959931705506 0.001830348581153003 0.00020592036534677492 0.0012022558409836655 4.5395281718000112e-05 -0.0064591483091913631 0.00065225015947014244 0.0003724523186840871 0.0043720515295201864
leaf_weight=1964 11361 200 273 292 8146 1547 2859 700 703 13343 5912 1043 4739 17880 205 77370 538 391 8392 200
leaf_count=1964 11361 200 273 292 8146 1547 2859 700 703 13343 5912 1043 4739 17880 205 77370 538 391 8392 200
internal_value=6.82024e-06 0.000108923 -0.00026045 0.000239498 -0.000901483 0.000336398 0.0020599 -0.00391055 -0.00519801 9.22977e-05 0.000705153 -0.000330362 0.0011526 -4.62585e-05 -6.27531e-05 -8.39782e-05 -0.000612434 -0.00363226 -0.000442469 0.00467488
internal_weight=158058 114373 43685 24542 19143 24250 4406 1676 1403 114173 23055 6955 16100 19844 91118 90713 17467 929 16538 405
internal_count=158058 114373 43685 24542 19143 24250 4406 1676 1403 114173 23055 6955 16100 19844 91118 90713 17467 929 16538 405
is_linear=0
shrinkage=0.02


Tree=187
num_leaves=15
num_cat=0
split_feature=66 20 22 44 18 44 8 44 6 46 28 6 40 14
split_gain=11.0865 12.3911 9.97889 12.8989 9.89786 20.0763 30.732 18.9108 14.0841 52.3631 17.9172 7.55061 7.02102 6.43937
threshold=0.99369084475895642 -0.011373569065206033 -0.34519108244699315 0.0027441435902724192 71.606924261642249 0.0027441435902724192 0.0066034121720511584 0.025404107317105188 0.010831100124508228 0.0099375979449127742 -0.022195282228428866 0.020576492669561474 0.0045882433002462156 0.09914433181447603
decision_type=10 10 8 10 10 8 10 8 8 10 10 10 8 10
left_child=2 12 3 -1 8 6 -6 -7 9 -4 -10 -3 -2 -13
right_child=1 11 4 -5 5 7 -8 -9 10 -11 -12 13 -14 -15
leaf_value=0.0062871718067471338 0.0032355380373396852 -0.00078178696026080189 0.00039608877763084411 -0.0010724571037934939 -0.0040689722912655522 0.0016260424083244915 -0.00027723167347614612 0.000256110869535382 -4.4022790371167216e-05 -0.0035501144277303841 -0.00059199487274103676 -0.0060578024028563075 -0.0011722235117522721 -0.0027646956713749007
leaf_weight=303 203 294 25319 260 426 3033 2286 18031 83221 887 23106 218 215 211
leaf_count=303 203 294 25319 260 426 3033 2286 18031 83221 887 23106 218 215 211
internal_value=-1.37836e-05 -0.00197723 4.97217e-07 0.00265603 -9.07172e-06 0.000366657 -0.00125249 0.000575267 -7.64936e-05 0.000338764 -0.000178862 -0.00356077 0.00075895 -0.00525116
internal_weight=158013 1141 156872 563 156309 23776 2712 21064 132533 26206 106327 723 418 429
internal_count=158013 1141 156872 563 156309 23776 2712 21064 132533 26206 106327 723 418 429
is_linear=0
shrinkage=0.02


Tree=188
num_leaves=18
num_cat=0
split_feature=57 11 54 64 63 26 23 42 35 6 72 56 64 47 43 28 72
split_gain=14.1837 17.1844 13.1579 14.6672 13.162 12.3334 12.2557 23.8439 15.2064 15.1396 12.3793 10.2922 9.08439 7.37191 11.4571 10.338 7.03445
threshold=0.97080288796103009 0.17877213928798888 0.65574680014672626 0.56276603452335683 0.92639364725254303 0.93894563585900614 0.10370614367440413 0.047279301649295953 0.13392741594204896 0.010617324587927118 3.285980170149482 0.85119635462688648 0.10880808983358108 -0.011692517980685655 -0.017015880864059248 -0.00098528645415013583 0.98090838478494013
decision_type=10 10 10 10 10 10 10 10 10 8 10 10 10 10 10 10 8
left_child=1 6 3 4 12 -4 8 9 10 -8 -1 -9 -2 14 -5 -15 -3
right_child=2 16 5 13 -6 -7 7 11 -10 -11 -12 -13 -14 15 -16 -17 -18
leaf_value=-1.9893738726704456e-05 -0.0019712222400287867 -0.0047028002817795312 0.0084657868836030166 0.0050616373406850504 -0.0047829034604994439 0.0017792835780681426 -0.0036931631057940577 0.0011123402824628687 0.0038467163926658929 -0.00087871866801485709 -0.0071481193194568703 0.0045137790071635023 0.0011221457598872705 0.0065693530218978793 -0.0018751975309977181 0.00070450628718713576 -0.0017668825692707386
leaf_weight=144792 411 273 201 211 230 200 215 329 288 6732 366 203 1683 585 488 435 252
leaf_count=144792 411 273 201 211 230 200 215 329 288 6732 366 203 1683 585 488 435 252
internal_value=-4.33073e-05 -7.55811e-05 0.00107042 0.000726508 -0.000308817 0.00452239 -6.31547e-05 -0.000852674 -2.25374e-05 -0.00116552 -3.16756e-05 0.00322326 0.000189976 0.00212674 0.00054 0.00321058 -0.00368441
internal_weight=157894 153450 4444 4043 2324 401 152925 7479 145446 6947 145158 532 2094 1719 699 1020 525
internal_count=157894 153450 4444 4043 2324 401 152925 7479 145446 6947 145158 532 2094 1719 699 1020 525
is_linear=0
shrinkage=0.02


Tree=189
num_leaves=26
num_cat=0
split_feature=68 44 59 38 46 67 52 50 6 52 44 4 36 48 50 53 6 52 14 44 46 49 37 66 72
split_gain=14.9481 34.3587 35.294 23.818 22.1053 17.7852 20.3607 41.8185 29.1253 29.5948 23.9212 20.262 21.6296 17.4581 18.778 17.4036 15.4635 14.18 13.1322 19.0273 10.1265 9.96944 9.50258 5.88041 5.74731
threshold=1.4376553431387582 -0.05788217954427715 0.4764891720413193 1.1981604089115929 0.012737696583452014 0.90250366355165468 0.60896649527140501 0.0074238207632112427 0.0097047927344708056 0.53348461517681078 0.047469350262595696 0.27168638439641274 0.17823283096822209 -0.012679729507916735 -0.0024252595479330448 0.017635968449793909 0.035539652476200896 0.67781798799304283 0.15640976420698907 0.1062109515439026 0.012606911152128348 0.0065430366752037292 0.069147886764205177 0.63769651191353482 0.34233390546269077
decision_type=10 10 10 10 10 10 2 10 8 2 10 10 10 8 10 10 10 2 8 10 10 10 10 10 10
left_child=5 3 13 20 15 11 8 -8 9 -7 -10 12 16 14 -3 -4 -1 -9 24 -20 -2 -14 -6 -15 -13
right_child=1 2 4 -5 22 6 7 17 10 -11 -12 18 21 23 -16 -17 -18 -19 19 -21 -22 -23 -24 -25 -26
leaf_value=6.2147008639414121e-05 -0.0024922929601003162 0.0048456280858083008 0.00055272364362176957 0.0011323962264077705 0.0067156153272056041 -0.0037820032397231956 -0.0068702635166021202 0.00035119083079481308 5.4376282873986397e-05 0.0022910103657989875 0.0028614563226502109 0.0013610986839747319 -0.0045097924596373311 0.0037418638420247904 -0.0010186924729981032 -0.0035807824891645542 -0.0009760611436499156 -0.0013133237515168144 0.00021532792465123117 0.0066483667671281164 -0.0058062419067800098 -0.0012393749105081462 0.0014390004865933853 0.00523061717079276 -0.0011038864507132563
leaf_weight=123661 200 309 6294 201 377 512 369 2135 5174 218 1136 412 272 433 403 642 5097 7518 396 588 255 614 348 206 409
leaf_count=123661 200 309 6294 201 377 512 369 2135 5174 218 1136 412 272 433 403 642 5097 7518 396 588 255 614 348 206 409
internal_value=3.14831e-06 0.000765126 0.0010871 -0.00364992 0.00056095 -4.64474e-05 -0.00065393 -0.00123296 0.000170146 -0.00360876 0.000608145 3.23925e-05 3.06992e-06 0.00406657 0.00190463 0.00021306 2.45264e-05 -0.000979698 0.00213621 0.0036934 -0.00617982 -0.00310936 0.00388154 0.00646563 0.000265207
internal_weight=158179 9668 9012 656 7661 148511 17062 10022 7040 730 6310 131449 129644 1351 712 6936 128758 9653 1805 984 455 886 725 639 821
internal_count=158179 9668 9012 656 7661 148511 17062 10022 7040 730 6310 131449 129644 1351 712 6936 128758 9653 1805 984 455 886 725 639 821
is_linear=0
shrinkage=0.02


Tree=190
num_leaves=23
num_cat=0
split_feature=72 49 53 45 71 10 0 45 45 52 53 42 47 45 71 42 10 50 44 30 45 6
split_gain=12.9603 49.88 61.1943 34.6595 25.8153 24.9732 27.6742 29.8244 26.1619 21.9101 18.7318 17.671 13.6197 19.2499 12.7857 12.3634 9.90876 34.3415 17.2489 10.8299 18.3697 11.9556
threshold=-1.8353486864856075 0.010155074781886932 0.017251240471833355 0.0060342609507048279 -0.82343228058198548 0.045296600186699225 0.0018308720210400422 0.0045679405977427758 0.0042638229464741677 0.703523608174771 0.013305200395819812 0.013757874189341381 -0.0015039759964183828 0.011930572666758116 -0.5062873283426802 0.027127854621712303 2.1457213304527802 0.050985020605297311 0.050038367292533421 0.8035890858151129 0.013568967255500662 0.012183636868441422
decision_type=8 8 10 10 10 8 10 10 10 2 10 10 10 10 10 10 10 10 10 10 10 10
left_child=1 2 4 11 10 6 8 -8 -2 -6 -1 -3 13 -5 -13 -14 19 18 -18 21 -21 -7
right_child=5 3 -4 12 9 16 7 -9 -10 -11 -12 14 15 -15 -16 -17 17 -19 -20 20 -22 -23
leaf_value=-0.0037643811620934669 -0.0038770575948357763 7.9925430784795847e-05 0.0051267411608492712 0.0044784508040523916 -0.001477177820395715 0.00018836236725126181 0.0068923490576626159 -5.0057752575870287e-05 0.0032847848115051051 -0.0076618230698721757 -0.0069588684778701931 0.0075660531141504474 -0.0061405441385012716 -0.0027843820900658144 0.0035540094199947238 -7.8938337911382844e-05 0.0049213982061389562 -0.0072144767294425316 0.00020041463558233215 -0.0010498319595591199 0.0011352610763780086 -0.00013901365806875601
leaf_weight=235 303 205 322 332 885 48839 379 209 310 216 374 247 204 202 203 218 1612 280 1681 5042 623 95215
leaf_count=235 303 205 322 332 885 48839 379 209 310 216 374 247 204 202 203 218 1612 280 1681 5042 623 95215
internal_value=-2.24995e-05 -0.00120143 -0.0032848 0.00142556 -0.00479135 5.2947e-06 0.00287687 0.00597284 -9.44625e-05 -0.00295644 -0.00809508 0.00496646 -0.00100104 0.00111776 0.0071796 -0.00368322 -1.72089e-05 0.0010235 0.00159624 -4.20652e-05 -0.000899753 -8.31627e-06
internal_weight=158136 3643 2032 1611 1710 154493 1201 588 613 1101 609 655 956 534 450 422 153292 3573 3293 149719 5665 144054
internal_count=158136 3643 2032 1611 1710 154493 1201 588 613 1101 609 655 956 534 450 422 153292 3573 3293 149719 5665 144054
is_linear=0
shrinkage=0.02


Tree=191
num_leaves=29
num_cat=0
split_feature=70 78 38 52 46 52 42 50 46 46 47 6 0 10 22 60 53 46 46 36 32 6 29 10 35 60 51 50
split_gain=10.1415 33.6162 36.3448 49.3621 46.622 38.6294 19.9743 16.9801 16.7407 25.0292 17.3289 15.5052 34.7263 19.5756 20.7292 18.4417 22.499 17.4552 14.2514 25.6193 29.644 26.3848 19.7258 22.2392 18.1582 11.692 11.0696 9.13291
threshold=-0.70491811372144375 0.26217542298560331 1.1936349421777595 0.5179905357444653 0.0078665738142540773 0.486537422464285 -0.026985895762503927 0.036374677705069532 0.0098035601031225307 0.008153302754373119 -0.056821410891407513 0.010723025472992873 -0.0089271254493347701 0.11638747760890443 -0.01079467121258859 0.22014519760851001 0.013407961822751438 0.0058169263451561199 0.0071574745760132038 0.040189440574225473 0.079932206462372993 0.014579480199282114 3.0137249205710828 1.3531424951895297 -0.049027131187564112 0.1206720259502151 0.30157101128917668 0.048561554135000524
decision_type=10 10 10 2 10 2 10 10 10 10 10 8 10 10 10 10 10 10 10 8 10 8 10 10 10 10 2 10
left_child=1 2 3 5 -5 -1 -4 8 9 -3 -10 12 15 14 -14 16 -2 -15 19 20 -13 -21 23 -20 -24 -8 -17 -9
right_child=11 7 6 4 -6 -7 25 27 10 -11 -12 18 13 17 -16 26 -18 -19 22 21 -22 -23 24 -25 -26 -27 -28 -29
leaf_value=-0.00091162865037474337 -0.00078581332299744835 -0.001362662824930171 5.9510204828610336e-05 0.00082232796618665561 -0.00064022647450154345 -0.0041551495390322376 0.008292272378872919 -0.004811970018202316 -0.0014280081714047178 0.0019010001859558041 -0.0053651715313399011 -0.00048338505843059025 0.006104558061199571 0.00017405459094393797 0.00040124979571808827 -0.0028508993349769551 -0.0059006450378007802 0.0011988628414805014 0.00014105354414834155 0.0011081948014310845 -0.0028889739234765712 -0.00031660973037418743 -0.0050916265653082491 0.0013852291405484264 -0.00019753846671248244 0.0023074823890471526 0.00022445429738575731 -0.00088599357842471802
leaf_weight=6669 423 1468 362 11541 9168 1134 206 364 525 597 211 23301 430 7362 421 236 276 5326 36201 5777 3218 9655 386 10789 20274 329 1231 265
leaf_count=6669 423 1468 362 11541 9168 1134 206 364 525 597 211 23301 430 7362 421 236 276 5326 36201 5777 3218 9655 386 10789 20274 329 1231 265
internal_value=-1.65543e-05 -0.000329415 -0.000110779 -0.000235612 0.000275133 -0.00159124 0.00385078 -0.00220286 -0.0015339 -0.000608906 -0.00412212 6.54233e-05 0.000653126 0.00102939 0.00396479 -0.00169728 -0.00436857 0.000832059 -1.8777e-05 -0.0003084 -0.000685445 0.000339403 0.000160796 0.000387266 -0.000354194 0.00630224 -0.000420981 -0.00517143
internal_weight=158145 32839 29409 28512 20709 7803 897 3430 2801 2065 736 125306 15705 13539 851 2166 699 12688 109601 41951 26519 15432 67650 46990 20660 535 1467 629
internal_count=158145 32839 29409 28512 20709 7803 897 3430 2801 2065 736 125306 15705 13539 851 2166 699 12688 109601 41951 26519 15432 67650 46990 20660 535 1467 629
is_linear=0
shrinkage=0.02


Tree=192
num_leaves=28
num_cat=0
split_feature=57 51 50 50 42 51 44 14 7 54 10 9 46 9 78 69 2 36 54 72 14 58 42 20 10 78 14
split_gain=12.43 23.8855 34.0721 26.2438 29.2117 18.8787 18.6164 14.0715 34.9333 31.1056 55.5001 20.8489 18.6325 18.2064 16.8408 13.8795 13.9768 13.7174 17.6576 15.2088 13.7119 11.3152 10.9456 8.71023 8.33351 6.35154 5.40566
threshold=0.81643519151379296 0.88205948539977774 0.055917013758482022 0.039109424759590568 -0.010824748831383789 0.65974862536222856 0.056365980722288829 0.18746238729099121 0.012262854315617402 0.52376253655580474 0.54632811534353631 2.3428483452588864 0.0075699287222981242 1.0803717173349143 1.886259294010366 1.2303989880386521 0.022819480067014068 0.11711600078191459 0.48983028942618301 0.50544492505380589 0.14887508188843671 0.67087280736671728 0.033601176102106341 0.0055461882845557762 0.99496587696419148 -0.11575155344645206 0.22757091332342419
decision_type=10 2 10 10 10 2 10 10 10 10 10 10 10 10 10 10 10 10 10 10 10 10 10 10 10 10 10
left_child=7 2 3 4 -2 -5 23 14 9 11 -11 -9 -10 -14 17 16 -4 19 -19 -1 22 -8 -16 25 -17 -3 -25
right_child=1 6 15 5 -6 -7 21 8 12 10 -12 -13 13 -15 20 24 -18 18 -20 -21 -22 -23 -24 26 -26 -27 -28
leaf_value=0.00019975732982283013 0.001113710946032823 0.0040313465070602591 -0.0036957272011513484 0.0045277796801471686 -0.00023585402896972028 0.0010087320249369839 0.0073395562511677703 -0.00033467191939432373 -0.0035379069031571454 -0.0092962393783304377 -0.0014205433840712323 -0.0050788693933470968 -0.00033659686871625885 0.0043652901554177368 -0.0009078048293181104 -0.0039704044003597283 0.0010001547536384221 -0.001857239997763444 -3.4595396030330793e-05 -0.000335509349406343 0.0027901910557691389 0.0017347632907324954 -0.0051614856179318424 0.00023476385548691886 -0.0099188465490808019 0.00043181435066255383 -0.0016623272365722422
leaf_weight=79933 5924 235 200 989 15729 2352 273 9040 304 298 1946 282 555 1101 2834 231 344 2435 4033 27723 205 202 221 238 229 225 206
leaf_count=79933 5924 235 200 989 15729 2352 273 9040 304 298 1946 282 555 1101 2834 231 344 2435 4033 27723 205 202 221 238 229 225 206
internal_value=1.7803e-05 0.000405362 0.000269164 0.000414403 0.000159693 0.00206403 0.00296957 -6.32338e-05 -0.000674059 -0.00109259 -0.00320624 -0.000583289 0.00179398 0.00263005 7.1389e-06 -0.00334129 -0.00117064 4.76495e-05 -0.000846808 0.000101415 -0.00141 0.00617227 -0.00174673 0.00127956 -0.00589588 0.00320607 -0.000714607
internal_weight=158287 27377 25998 24994 21653 3341 1379 130910 13526 11566 2244 9322 1960 1656 117384 1004 544 114124 6468 107656 3260 475 3055 904 460 460 444
internal_count=158287 27377 25998 24994 21653 3341 1379 130910 13526 11566 2244 9322 1960 1656 117384 1004 544 114124 6468 107656 3260 475 3055 904 460 460 444
is_linear=0
shrinkage=0.02


Tree=193
num_leaves=16
num_cat=0
split_feature=1 45 41 43 37 48 48 49 4 41 32 41 41 6 78
split_gain=12.1946 20.5516 26.7897 25.0567 16.6192 17.4195 15.2033 21.0222 16.2247 14.811 14.7529 11.86 25.5767 12.7986 10.0867
threshold=-0.053048243570069369 0.0061328673242853453 -0.018839738248485501 0.039196358594700283 0.18782298453724658 -0.0059050528231091018 -0.084044817865865859 -0.023854345890856662 -0.080405274862777418 -0.064701772242531638 0.09402344906557171 -0.057128907684538537 -0.052993719831404988 0.011157502156012848 1.6219337603020463
decision_type=10 8 10 10 10 10 10 10 10 10 10 10 10 10 10
left_child=1 2 -1 10 5 14 8 -8 -6 -2 -4 -11 -13 -14 -3
right_child=9 4 3 -5 6 -7 7 -9 -10 11 -12 12 13 -15 -16
leaf_value=-0.0055853962388931035 -0.0039941614259713584 0.00040258558953739558 -0.00020335645402217947 -0.0053452062446585303 0.0028668247001478243 0.004910942221719671 0.0078624148134390972 0.0028750379956185334 -0.0023556393029429473 0.0025366019306409045 0.0045745396421684615 -0.0056052317553197993 0.00018494770204479239 -0.00017431328941798469 -0.0039209496365985655
leaf_weight=397 273 5308 1237 260 467 372 358 1029 382 349 389 362 39509 107299 202
leaf_count=397 273 5308 1237 260 467 372 358 1029 382 349 389 362 39509 107299 202
internal_value=-4.4869e-05 0.000616997 -0.00105867 -6.25331e-05 0.00108856 0.000530002 0.0025561 0.00384582 0.000444706 -9.14658e-05 0.00085925 -8.28227e-05 -9.15805e-05 -7.84557e-05 0.000246416
internal_weight=158193 10401 2283 1886 8118 5882 2236 1387 849 147792 1626 147519 147170 146808 5510
internal_count=158193 10401 2283 1886 8118 5882 2236 1387 849 147792 1626 147519 147170 146808 5510
is_linear=0
shrinkage=0.02


Tree=194
num_leaves=23
num_cat=0
split_feature=39 17 49 32 7 50 4 24 1 17 46 8 14 52 58 43 53 68 53 20 24 73
split_gain=12.1188 19.3399 17.5795 13.7394 14.1893 12.8318 11.9735 11.1554 11.1187 11.0797 19.781 13.8282 18.003 11.6666 16.5781 15.8756 9.96303 26.3855 16.0035 9.804 7.55133 5.43822
threshold=-0.042703209266362945 -0.053983355858469577 0.0021142191419711858 -0.22414548643421614 0.040321086691820739 0.052822410128243076 0.23764363095987209 -0.747074037846719 0.14043773906121518 -2.0499401959307448 0.0067549900937260024 0.00863601161744206 0.20413363291573841 0.92841880341880356 0.73009343635290203 0.058559939930864953 0.020765563179641202 -0.95376390594475546 0.020587867958909118 -0.0097324126094546198 0.85058710539254412 -0.86575998343560479
decision_type=8 2 10 8 10 10 10 10 10 2 10 8 10 2 10 10 8 8 10 8 10 10
left_child=1 2 -1 7 5 -5 21 -3 -9 10 -2 20 -13 16 15 -15 18 -18 -11 -16 -12 -4
right_child=9 3 6 4 -6 -7 -8 8 -10 13 11 12 -14 14 19 -17 17 -19 -20 -21 -22 -23
leaf_value=0.00067185287677934467 -0.0028549198344195665 0.0049539097549868337 -0.010074599846403527 -0.0001641166772347863 -0.0031758115753037696 -0.0015227605667576794 -0.0010712836346110234 0.0018866802513630581 -0.0057719420580237052 2.5476685350662443e-05 0.005480070845276558 -0.00055937941998617457 0.0066391121995017744 0.00040771002137920893 0.0010893344970131916 0.0033311383563635107 0.0022476842798464418 -0.00089345265249714408 0.0023333180340627262 -0.0036950038467968662 0.0019549174314774189 -0.0040080291222802144
leaf_weight=361 327 368 200 13617 240 1927 216 532 213 127495 327 655 290 870 219 650 913 7053 608 226 235 355
leaf_count=361 327 368 200 13617 240 1927 216 532 213 127495 327 655 290 870 219 650 913 7053 608 226 235 355
internal_value=-1.65803e-05 -0.000504603 -0.00303442 -0.000334833 -0.000486411 -0.000411579 -0.00473834 0.00181149 0.000399464 4.63148e-05 0.00159019 0.00255836 0.00107611 2.57761e-05 0.00155544 0.00254964 3.65988e-06 -0.000682566 4.6353e-05 -0.00183408 0.00504085 -0.00629137
internal_weight=157897 18029 1132 16897 15784 15544 771 1113 745 139868 1834 1507 945 138034 1965 1520 136069 7966 128103 445 562 555
internal_count=157897 18029 1132 16897 15784 15544 771 1113 745 139868 1834 1507 945 138034 1965 1520 136069 7966 128103 445 562 555
is_linear=0
shrinkage=0.02


Tree=195
num_leaves=23
num_cat=0
split_feature=43 9 35 3 10 40 51 45 45 45 30 51 71 16 41 9 36 62 48 41 69 43
split_gain=9.62683 53.3602 23.0279 19.7913 19.5117 30.9396 22.0581 23.3999 20.1165 20.4461 18.3964 18.2143 16.0906 13.6721 23.4576 23.6444 22.0784 19.4405 42.8296 21.3804 10.7454 5.49861
threshold=0.051227593454310501 2.6105431217572486 -0.076725485146828351 -0.026041547954602947 1.7967452922885623 0.00092781620457878277 0.29845360824742273 0.0035723210444452121 0.012884260244514749 0.010037095526989189 0.6055264726404378 0.81470977865236471 -0.77089008769369227 0.067879021611627746 0.014204865160563964 1.0218802419495658 -0.0049428864326877256 0.796333632019116 -0.10872575593379601 0.0079665073004867599 -0.11580148497498662 0.067346497821808363
decision_type=8 10 8 8 10 10 2 10 10 10 10 2 8 8 10 8 8 8 8 10 10 10
left_child=4 2 10 -4 13 6 -6 -8 9 -7 20 -12 -5 17 15 -15 -16 19 -19 -1 -2 -3
right_child=1 21 3 12 5 8 7 -9 -10 -11 11 -13 -14 14 16 -17 -18 18 -20 -21 -22 -23
leaf_value=-0.00031362226304267797 -0.0052937708280829951 -0.0072776310401589054 0.0054233873923023104 0.0015940698621258308 0.0075807089667846682 0.0034868769643187124 0.0033078395634952855 -0.00087817212112200997 -0.0050867215525075169 0.013234309462627198 -0.0014725618888431844 0.0040282026547296314 0.00046173769519630898 -0.00072454136258827515 0.0013420887650506886 0.00052423386083059022 -0.0016883173349595232 -0.0026248499506690681 0.00080334456600439721 0.00023076534927584199 -0.00034886695021741412 -0.011879574465735216
leaf_weight=61829 604 247 283 2589 228 2241 835 4582 219 252 696 368 11868 8191 759 7803 6047 848 13882 33203 342 207
leaf_count=61829 604 247 283 2589 228 2241 835 4582 219 252 696 368 11868 8191 759 7803 6047 848 13882 33203 342 207
internal_value=-1.42799e-05 0.000432316 0.000615963 0.000889899 -6.88192e-05 0.00086839 2.44421e-05 -0.000232189 0.00262366 0.00313472 -0.00139135 0.000411268 0.000786969 -0.000127924 -0.000573571 -0.000154923 -0.00155693 -3.53307e-05 0.00064069 -0.000140141 -0.00341922 -0.00632527
internal_weight=158123 17204 16750 14740 140919 8357 5645 5417 2712 2493 2010 1064 14457 132562 22800 15994 6806 109762 14730 95032 946 454
internal_count=158123 17204 16750 14740 140919 8357 5645 5417 2712 2493 2010 1064 14457 132562 22800 15994 6806 109762 14730 95032 946 454
is_linear=0
shrinkage=0.02


Tree=196
num_leaves=26
num_cat=0
split_feature=69 45 53 5 53 48 5 75 50 17 53 51 52 57 43 54 41 41 75 75 50 60 50 0 29
split_gain=12.9178 32.7601 48.3718 41.1592 53.2229 34.1276 67.8055 37.0044 24.3332 23.3414 22.4626 26.4377 37.7881 35.9031 31.8484 33.1547 22.9317 23.5447 33.0154 24.3046 20.69 18.8575 38.6735 17.845 13.3093
threshold=-0.016548956142339307 0.0044354796085307137 0.013591519304348062 0.017133581287538457 0.013305200395819812 -0.10872575593379601 0.018835236999334769 1.2206068803901184 0.055917013758482022 0.34050342958362506 0.013741127638661458 0.66390769573144126 0.69646894322525588 0.37956137678952184 0.0086241277224008445 0.49113345821086402 -0.030760503075107633 0.0040028952892602341 1.0066262513102469 0.99303910620576519 -0.018858606150425668 0.11278211104444548 0.033055564431570213 -0.021085810183368244 -3.6087349125488077
decision_type=8 8 8 8 10 8 8 10 10 2 10 2 2 10 10 10 10 10 10 10 10 10 10 10 10
left_child=10 8 3 4 -3 6 -4 -7 21 -5 16 12 20 -14 15 -13 -1 18 -18 -19 -12 22 -2 -16 -23
right_child=1 2 5 9 -6 7 -8 -9 -10 -11 11 14 13 -15 23 -17 17 19 -20 -21 -22 24 -24 -25 -26
leaf_value=0.0048597535382911405 0.0011743841006403211 -0.00063958062763819744 -0.0037066857315805656 0.0018878394848535441 -0.004066221143414336 0.00036469708378264075 -2.4263103862110225e-05 0.0032576043655156506 -0.0038864130809502734 -0.0028973667417318779 0.00041130043129011795 0.0040120645768643897 -0.0034979643119388572 0.0001369160760278647 0.0026724043031830427 0.00063187305772616892 -0.00018762435522838461 0.00055749234341989499 -0.0041449740352050412 0.0063667865623513618 -0.00098872033086024372 0.0037016571578441172 0.007029308881179544 -0.00037928237695155563 0.00063528254850466978
leaf_weight=379 867 17161 785 3331 1735 39969 2752 949 379 540 6122 890 3037 1291 723 2271 15973 15296 493 216 13218 679 402 17063 11845
leaf_count=379 867 17161 785 3331 1735 39969 2752 949 379 540 6122 890 3037 1291 723 2271 15973 15296 493 216 13218 679 402 17063 11845
internal_value=2.39949e-07 0.000175908 -8.30073e-06 -0.000757994 -0.00114293 0.000375607 -0.00150876 0.000538576 0.00104974 0.00112035 -0.000185494 -0.000476466 -0.000934471 -0.0026237 4.09586e-05 0.00189058 0.00021565 0.000157541 -0.000369102 0.000716689 -0.000556228 0.00118733 0.00351024 -0.000287738 0.000951537
internal_weight=158366 81394 67222 22767 18896 44455 3537 40918 14172 3871 76972 44615 23668 4328 20947 3161 32357 31978 16466 15512 19340 13793 1269 17786 12524
internal_count=158366 81394 67222 22767 18896 44455 3537 40918 14172 3871 76972 44615 23668 4328 20947 3161 32357 31978 16466 15512 19340 13793 1269 17786 12524
is_linear=0
shrinkage=0.02


Tree=197
num_leaves=26
num_cat=0
split_feature=20 72 53 49 53 72 45 45 72 27 40 48 48 5 46 70 47 47 45 70 41 37 49 3 45
split_gain=9.07541 20.3191 23.7865 30.5276 19.17 32.0832 34.2689 20.7651 22.2759 16.7757 25.7107 17.3726 19.7171 16.9165 15.8277 15.456 13.8106 35.097 33.5364 19.5489 17.8175 18.8571 16.167 11.6538 9.90858
threshold=-0.0039575662194787356 -1.8998800890745693 0.018028783666494241 0.010155074781886932 0.010989559495124484 0.70168504301249879 0.0058729543418817283 0.0042638229464741677 -1.4698594176687514 -0.014788660151709819 0.0011486448526879963 -0.080661721708004772 -0.034075730639950667 0.017519340208217552 0.0057604119973242102 1.4231002003258915 -0.0030047128098696359 -0.0064681651703525902 0.009278518665059873 -0.76053203968480709 0.012284967358949241 -0.93755684783909377 0.010607856861847844 -0.0076875893442311374 0.0058913053977838791
decision_type=10 8 10 10 10 10 10 10 8 10 8 10 10 10 10 10 10 10 10 8 10 10 10 10 10
left_child=9 2 3 14 5 6 -3 8 -6 16 11 13 -13 -11 -2 -9 17 19 -19 -1 21 -18 -22 -7 -5
right_child=1 4 -4 24 7 23 -8 15 -10 10 -12 12 -14 -15 -16 -17 20 18 -20 -21 22 -23 -24 -25 -26
leaf_value=-0.00097256995955834842 -0.008375178688293388 0.00072532844987141022 0.003900724762936395 0.0038869914740100732 0.0042862665563823676 -0.0055321304703288155 0.0044856920250513381 -0.00027273344850546448 0.00036918478528951483 -0.0028468446975779584 0.0043351856590006042 0.0027753251945018455 0.00050128117250400133 0.0010540883066291163 -0.0039525036768383896 0.0011357614040548776 0.0025115001655421688 0.0013580849497166199 0.0087084832908101949 0.00020540588975661149 0.0040161227183420816 -0.0011975197302381559 0.00011444040057101852 -0.00087637456165728434 -0.001718783524981321
leaf_weight=3813 216 2927 311 239 518 238 877 66461 12256 512 391 1088 9012 341 736 5078 691 4599 273 30802 470 8219 7105 520 201
leaf_count=3813 216 2927 311 239 518 238 877 66461 12256 512 391 1088 9012 341 736 5078 691 4599 273 30802 470 8219 7105 520 201
internal_value=5.34406e-05 -7.72585e-05 -0.00224061 -0.00335822 -3.57577e-05 0.00122682 0.00197582 -0.000104111 0.000638591 0.000229333 0.00093063 0.000750228 0.000981883 -0.00198829 -0.00537041 -0.000236763 8.71492e-05 0.000290164 0.00187934 6.63855e-05 -0.000399005 -0.00100527 0.000313886 -0.00252701 0.000993197
internal_weight=157894 90578 1703 1392 88875 4562 3804 84313 12774 67316 11344 10953 10100 853 952 71539 55972 39487 4872 34615 16485 8910 7575 758 440
internal_count=157894 90578 1703 1392 88875 4562 3804 84313 12774 67316 11344 10953 10100 853 952 71539 55972 39487 4872 34615 16485 8910 7575 758 440
is_linear=0
shrinkage=0.02


Tree=198
num_leaves=24
num_cat=0
split_feature=18 43 29 14 72 28 45 46 59 43 52 7 23 18 50 52 10 43 42 42 4 38 53
split_gain=13.8052 20.0874 19.6382 18.8898 15.9688 12.0595 25.4866 27.4927 29.5959 26.0532 40.7336 30.423 18.2545 13.0915 17.3626 31.0393 21.5903 16.2435 31.3532 23.2392 10.9265 10.4604 6.25916
threshold=82.761811038885881 -0.0033064686172787901 6.3475951751407598 -0.04499747347486354 0.94387798439858528 -0.022195282228428866 0.0044644464611294701 0.003497803715419317 0.21406226592997948 0.053262718002088934 0.60896649527140501 0.0099619586491690049 -0.026853900545967254 60.505910870226735 0.030519293698927922 0.68205741416063292 0.14625172798249672 -0.0015238480823220877 -0.015890011651909727 0.0049453468210833859 0.10899337479530537 0.99361202630914369 0.014833287004906749
decision_type=10 8 8 8 10 10 10 10 10 10 2 10 10 10 8 2 8 8 10 10 10 10 10
left_child=5 -2 20 -4 -5 13 7 8 -7 10 -8 -11 -9 14 15 -1 -16 19 -19 -15 21 -3 -22
right_child=1 2 3 4 -6 6 9 12 -10 11 -12 -13 -14 17 16 -17 -18 18 -20 -21 22 -23 -24
leaf_value=-6.8400781234532085e-05 -0.0033119171484139727 0.0030425935790552743 -0.0050565798553551455 0.00022985867303112234 0.0040545106325360269 -0.0054743441520822876 0.0001687184582463431 0.0030041209296251532 -0.00036727725956795827 0.0012956380358014486 -0.0010321432251056276 -0.003112186089066187 0.00036015780322841976 -0.001522339959241037 0.002275212278634435 0.0010558565558364383 -0.00064604510438077219 0.0064718621683526878 0.00069617367717441161 0.0015728371434015709 0.0019433565186675705 -0.00066549352462290118 0.0037677824035469124
leaf_weight=52148 313 435 268 3654 529 313 10450 584 658 3550 21621 723 11421 2023 737 11880 20577 309 14040 1125 273 390 304
leaf_count=52148 313 435 268 3654 529 313 10450 584 658 3550 21621 723 11421 2023 737 11880 20577 309 14040 1125 273 390 304
internal_value=-6.93506e-06 0.000920707 0.00118517 0.000534142 0.000864723 -4.45452e-05 -0.000301656 0.00045912 -0.00277572 -0.000573339 -0.000768833 0.000893308 0.000721139 7.87437e-05 -2.34114e-05 0.000141155 -0.000517851 0.000577095 0.000862578 -0.000723404 0.00324875 0.00176513 0.00535986
internal_weight=158325 6166 5853 4451 4183 152159 49320 12976 971 36344 32071 4273 12005 102839 85342 64028 21314 17497 14349 3148 1402 825 577
internal_count=158325 6166 5853 4451 4183 152159 49320 12976 971 36344 32071 4273 12005 102839 85342 64028 21314 17497 14349 3148 1402 825 577
is_linear=0
shrinkage=0.02


Tree=199
num_leaves=27
num_cat=0
split_feature=34 48 45 14 6 46 44 20 50 43 46 44 45 18 54 27 9 45 43 55 43 43 20 7 27 9
split_gain=11.4892 13.8666 11.6853 34.856 20.9846 37.6582 19.2089 18.677 29.1053 35.9473 24.4915 18.3986 45.394 17.4774 17.4321 17.0041 16.062 10.0996 10.8946 19.3027 14.8374 9.31729 8.11417 7.81023 10.4112 7.35122
threshold=-8.3744427911777711e-05 -0.14757991178830696 0.0044644464611294701 -0.065538194307068795 0.012033397951718828 0.0040265091675481387 0.081187245259363064 -0.01778473376682815 0.021413638551473383 0.051227593454310501 0.0067549900937260024 -0.084893261369471937 0.014808817371882327 44.444419878947137 0.34454792179115673 -0.08289826332495541 0.026685023031284099 0.0036638457699820492 0.040150124752195711 0.22842166879523204 0.023863315829653068 0.015997797821500018 0.01830274769972701 0.017267714787913568 -0.026351055986614132 1.0163132320418404
decision_type=8 10 8 8 8 10 10 10 8 8 10 8 10 8 10 10 10 10 10 10 10 10 10 10 10 10
left_child=1 22 3 13 5 -5 -6 11 10 -10 -9 15 -13 16 -15 -4 -2 21 20 -20 -19 -3 23 24 -1 -23
right_child=2 17 7 4 6 -7 -8 8 9 -11 -12 12 -14 14 -16 -17 -18 18 19 -21 -22 25 -24 -25 -26 -27
leaf_value=-0.0026421047805551636 0.0022367111900215247 0.0019274773776864103 0.00271710902838746 -0.0010857008137942002 0.00027088340477793505 0.0012064936327955498 -0.0019220960862943726 0.00065223117935278585 -0.000833539924224952 0.0003544167879633992 -0.00021821748489597956 0.00041936170222915388 -0.0026317969490376046 0.003869318776884892 -0.0020027655411089772 -0.00034890703178406439 -0.0042759401647910209 0.00071433914996373027 0.001469223697374395 -0.0012610634424404304 0.0024417905497554717 0.00012078211164640016 -0.0031431085672584437 0.0029697715263371028 0.0010839603731105285 -0.0044414907657992289
leaf_weight=476 206 227 1529 2311 9275 11051 2109 15073 29273 8748 35358 23471 1428 471 1054 644 1146 8692 924 1369 1842 225 322 202 225 362
leaf_count=476 206 227 1529 2311 9275 11051 2109 15073 29273 8748 35358 23471 1428 471 1054 644 1146 8692 924 1369 1842 225 322 202 225 362
internal_value=2.49218e-05 0.000554113 -3.00249e-05 0.000339487 0.000581808 0.00111936 -4.90119e-05 -0.000118399 -0.000259098 -0.000676924 5.58772e-05 0.000341226 0.000187068 -0.00174357 -0.000273919 0.0021058 -0.00339837 0.000737282 0.000874493 -0.000374019 0.00114646 -0.00142086 -0.00148287 -0.000506637 -0.00150712 -0.0027517
internal_weight=158013 14866 143147 27623 24746 13362 11384 115524 88452 38021 50431 27072 24899 2877 1525 2173 1352 13641 12827 2293 10534 814 1225 903 701 587
internal_count=158013 14866 143147 27623 24746 13362 11384 115524 88452 38021 50431 27072 24899 2877 1525 2173 1352 13641 12827 2293 10534 814 1225 903 701 587
is_linear=0
shrinkage=0.02


end of trees

feature_importances:
spy_return_60d=325
spy_vol_60d=250
return_dispersion_20d=224
spy_vol_20d=184
avg_corr_to_spy_60d=182
vol_60d=172
spy_price_to_sma_50d=166
spy_return_5d=139
spy_return_20d=137
spy_return_10d=128
momentum_120d=113
spy_drawdown_120d=113
breadth_above_sma_50d=109
beta_20d_spy=106
cs_rank_momentum_120d=105
beta_60d_spy=96
mom_60_20_divergence=91
spy_price_to_sma_20d=80
cs_z_momentum_120d=80
cs_z_vol_20d=77
return_60d=69
vol_20d=63
breadth_above_sma_20d=63
downside_vol_20d=62
spy_drawdown_60d=62
cs_z_beta_60d_spy=59
return_1d=56
distance_to_60d_high=52
relative_momentum_20d_vs_spy=51
cs_rank_vol_60d=49
residual_momentum_60d=48
beta_instability=48
excess_return_20d_vs_spy=47
vol_compression=47
cs_z_vol_60d=45
excess_return_5d_vs_spy=40
downside_ratio=39
cs_rank_beta_60d_spy=39
bollinger_z_20d=38
macd_hist=37
cs_rank_vol_compression=34
rsi_14=33
trend_strength=33
cs_z_distance_to_60d_high=33
cs_rank_vol_20d=31
excess_return_60d_vs_spy=29
mom_beta_adjusted=28
upside_vol_20d=26
cs_z_vol_compression=26
cs_rank_distance_to_60d_high=25
price_to_sma_50d=24
volume_zscore_60d=24
dollar_volume_ratio_20d=24
mom_vol_ratio=24
volume_zscore_20d=23
distance_to_20d_high=23
mom_divergence=22
cs_rank_momentum_60d=22
drawdown_reversal_setup=21
residual_momentum_20d=20
cs_z_momentum_20d=16
cs_z_momentum_60d=15
cs_z_residual_momentum_20d=14
cs_rank_momentum_20d=13
return_10d=12
momentum_60d=12
short_reversal_5d=12
return_5d=10
return_20d=9
price_to_sma_20d=9
cs_rank_volume_zscore_60d=9
cs_rank_residual_momentum_20d=9
cs_z_volume_zscore_60d=9
cs_rank_excess_return_20d_vs_spy=5
cs_z_excess_return_20d_vs_spy=5
momentum_5d=4
cs_rank_excess_return_60d_vs_spy=4
cs_z_excess_return_60d_vs_spy=4
momentum_20d=2

parameters:
[boosting: gbdt]
[objective: regression_l1]
[metric: l1]
[tree_learner: serial]
[device_type: cpu]
[data_sample_strategy: bagging]
[data: ]
[valid: ]
[num_iterations: 200]
[learning_rate: 0.02]
[num_leaves: 31]
[num_threads: 0]
[seed: 101]
[deterministic: 0]
[force_col_wise: 0]
[force_row_wise: 0]
[histogram_pool_size: -1]
[max_depth: 5]
[min_data_in_leaf: 200]
[min_sum_hessian_in_leaf: 0.001]
[bagging_fraction: 0.8]
[pos_bagging_fraction: 1]
[neg_bagging_fraction: 1]
[bagging_freq: 1]
[bagging_seed: 101]
[bagging_by_query: 0]
[feature_fraction: 0.75]
[feature_fraction_bynode: 1]
[feature_fraction_seed: 101]
[extra_trees: 0]
[extra_seed: 15181]
[early_stopping_round: 0]
[early_stopping_min_delta: 0]
[first_metric_only: 0]
[max_delta_step: 0]
[lambda_l1: 0.1]
[lambda_l2: 1]
[linear_lambda: 0]
[min_gain_to_split: 0]
[drop_rate: 0.1]
[max_drop: 50]
[skip_drop: 0.5]
[xgboost_dart_mode: 0]
[uniform_drop: 0]
[drop_seed: 23279]
[top_rate: 0.2]
[other_rate: 0.1]
[min_data_per_group: 100]
[max_cat_threshold: 32]
[cat_l2: 10]
[cat_smooth: 10]
[max_cat_to_onehot: 4]
[top_k: 20]
[monotone_constraints: ]
[monotone_constraints_method: basic]
[monotone_penalty: 0]
[feature_contri: ]
[forcedsplits_filename: ]
[refit_decay_rate: 0.9]
[cegb_tradeoff: 1]
[cegb_penalty_split: 0]
[cegb_penalty_feature_lazy: ]
[cegb_penalty_feature_coupled: ]
[path_smooth: 0]
[interaction_constraints: ]
[verbosity: -1]
[saved_feature_importance_type: 0]
[use_quantized_grad: 0]
[num_grad_quant_bins: 4]
[quant_train_renew_leaf: 0]
[stochastic_rounding: 1]
[linear_tree: 0]
[max_bin: 255]
[max_bin_by_feature: ]
[min_data_in_bin: 3]
[bin_construct_sample_cnt: 200000]
[data_random_seed: 368]
[is_enable_sparse: 1]
[enable_bundle: 1]
[use_missing: 1]
[zero_as_missing: 0]
[feature_pre_filter: 1]
[pre_partition: 0]
[two_round: 0]
[header: 0]
[label_column: ]
[weight_column: ]
[group_column: ]
[ignore_column: ]
[categorical_feature: ]
[forcedbins_filename: ]
[precise_float_parser: 0]
[parser_config_file: ]
[objective_seed: 2051]
[num_class: 1]
[is_unbalance: 0]
[scale_pos_weight: 1]
[sigmoid: 1]
[boost_from_average: 1]
[reg_sqrt: 0]
[alpha: 0.9]
[fair_c: 1]
[poisson_max_delta_step: 0.7]
[tweedie_variance_power: 1.5]
[lambdarank_truncation_level: 30]
[lambdarank_norm: 1]
[label_gain: ]
[lambdarank_position_bias_regularization: 0]
[eval_at: ]
[multi_error_top_k: 1]
[auc_mu_weights: ]
[num_machines: 1]
[local_listen_port: 12400]
[time_out: 120]
[machine_list_filename: ]
[machines: ]
[gpu_platform_id: -1]
[gpu_device_id: -1]
[gpu_use_dp: 0]
[num_gpu: 1]

end of parameters

pandas_categorical:[]
