tree
version=v4
num_class=1
num_tree_per_iteration=1
label_index=0
max_feature_idx=78
objective=lambdarank
feature_names=return_1d return_5d return_10d return_20d return_60d vol_20d vol_60d downside_vol_20d upside_vol_20d beta_20d_spy beta_60d_spy momentum_5d momentum_20d momentum_60d momentum_120d price_to_sma_20d price_to_sma_50d macd_hist rsi_14 bollinger_z_20d excess_return_5d_vs_spy excess_return_20d_vs_spy excess_return_60d_vs_spy relative_momentum_20d_vs_spy volume_zscore_20d volume_zscore_60d dollar_volume_ratio_20d distance_to_20d_high distance_to_60d_high mom_vol_ratio downside_ratio mom_divergence mom_60_20_divergence mom_beta_adjusted trend_strength residual_momentum_20d residual_momentum_60d beta_instability vol_compression short_reversal_5d drawdown_reversal_setup spy_return_5d spy_return_10d spy_return_20d spy_return_60d spy_vol_20d spy_vol_60d spy_drawdown_60d spy_drawdown_120d spy_price_to_sma_20d spy_price_to_sma_50d breadth_above_sma_20d breadth_above_sma_50d return_dispersion_20d avg_corr_to_spy_60d cs_rank_momentum_20d cs_rank_momentum_60d cs_rank_momentum_120d cs_rank_vol_20d cs_rank_vol_60d cs_rank_beta_60d_spy cs_rank_excess_return_20d_vs_spy cs_rank_excess_return_60d_vs_spy cs_rank_distance_to_60d_high cs_rank_volume_zscore_60d cs_rank_residual_momentum_20d cs_rank_vol_compression cs_z_momentum_20d cs_z_momentum_60d cs_z_momentum_120d cs_z_vol_20d cs_z_vol_60d cs_z_beta_60d_spy cs_z_excess_return_20d_vs_spy cs_z_excess_return_60d_vs_spy cs_z_distance_to_60d_high cs_z_volume_zscore_60d cs_z_residual_momentum_20d cs_z_vol_compression
feature_infos=[-0.43452090331350879:0.52290083351866889] [-0.61014499786032883:0.88260863646066867] [-0.76666670795573144:1.0566034133703051] [-0.82992956002177165:1.6011328544898928] [-0.85304846129940903:3.1843478105994496] [0:0.22421856781514868] [0:0.15098312624435092] [0:0.14329584310333965] [0:0.16337929811143656] [-13.695037798663515:20.575205365344527] [-4.0149274431247379:4.8863263853067735] [-0.61014499786032883:0.88260863646066867] [-0.82992956002177165:1.6011328544898928] [-0.85304846129940903:3.1843478105994496] [-0.83371665409748386:3.8670393633078328] [-0.69421673038056464:0.66131114246219425] [-0.79930206832555228:0.90110352904013702] [-132.53715276993563:80.364006761273146] [0:99.861064002984776] [-4.3588989435444114:4.3588989435883247] [-0.61785372931017601:0.89255912114692015] [-0.76226676485515399:1.4709261398977567] [-0.82324954741436951:2.9093527779374631] [-0.77334040331749898:1.3346611088982128] [-3.1806480089076707:4.3588989435433447] [-3.1101259120259019:7.6809377036926092] [0:20] [-0.81943928948557032:0] [-0.85817267691977117:0] [-18.434164617079603:32.856245653518116] [0:1.000000000000042] [-1.3570366224156163:1.3461280008699332] [-2.0207628673232545:2.8009791764398404] [-1453.7642854441774:10803.162489620385] [-0.10473655208396172:1.0402577970351286] [-0.74485170073586715:1.5881473142128861] [-0.82942612636861368:2.9338428769512812] [-14.198964143960437:17.446146326974887] [0:1.7062872448354571] [-0.88260863646066867:0.61014499786032883] [-0.64546675664435349:0.50171155426150693] [-0.14545734432145407:0.10760484981852825] [-0.22629793900100381:0.13822858534601501] [-0.3098674839759894:0.19880920041384464] [-0.28352722298927002:0.27499503266198677] [0.0021730140768461124:0.057214790451066776] [0.0032232185571641754:0.038131002927157237] [-0.31978067271172672:0] [-0.31978067271172672:0] [-0.18100568915232662:0.10411797460671401] [-0.25990196507381258:0.12386824524671169] [0:0.98360655737704916] [0:0.96926229508196726] [0.009867952331218819:0.048661980569911334] [0.24489108561846168:0.82571605166733542] [0.0020161290322580645:1] [0.0020161290322580645:1] [0.0020202020202020202:1] [0.0020161290322580645:1] [0.0020161290322580645:1] [0.0020161290322580645:1] [0.0020161290322580645:1] [0.0020161290322580645:1] [0.0020161290322580645:1] [0.0020161290322580645:1] [0.0020161290322580645:1] [0.0020161290322580645:1] [-10.036419127683077:15.738424952473304] [-8.1746382519581609:16.457532645463687] [-5.9157233637200122:14.200215155348952] [-2.7783658620320599:17.573692755422847] [-2.9782850486284764:14.693670814366223] [-6.3974491418552946:8.9620500168724586] [-10.036419127683077:15.738424952473304] [-8.1746382519581609:16.457532645463687] [-11.877286787638962:2.8116905715835778] [-3.6952301696231564:12.409992861481406] [-10.270548291498804:16.015521325695076] [-7.1400433713186926:5.6178315661714455]
tree_sizes=3592 3528 3531 3553 3581 3548 3533 3550 3535 3540 3556 3563 3559 3555 3536 3532 3546 3528 3545 3544 3573 3581 3587 3543 3566 3557 3568 3572 3570 3554 3560 3548 3550 3580 3582 3582 3572 3576 3568 3574 3575 3579 3581 3553 3581 3548 3585 3574 3523 3561 3569 3572 3582 3570 3555 3577 3577

Tree=0
num_leaves=31
num_cat=0
split_feature=71 59 63 57 44 29 35 14 50 14 44 44 70 6 38 70 45 71 20 38 44 48 3 45 29 6 64 47 6 57
split_gain=37.3507 7.09575 4.63338 5.00105 4.48802 3.04987 2.77348 2.51869 2.40116 2.07508 2.16745 2.04205 1.86371 1.8339 2.47425 1.7262 1.7029 1.62303 1.59178 1.57013 1.32226 1.10626 1.04796 1.02103 0.970548 1.05735 0.992325 0.969124 1.10439 0.932032
threshold=0.19081898722944293 0.86292912896318308 0.47070918388910027 0.83190572267057972 0.012204256256795333 11.050907092712919 -0.051921552914802167 0.23673708805001517 0.040768487561594909 0.20889892649820244 0.074182810012022551 0.16428337884866476 -0.48483885788121012 0.030498647723762741 1.5032996243305472 -1.2871976791609976 0.009645471140388941 -0.22534138484090402 -0.0039575662194787356 1.2272302927598984 0.087426539331118117 -0.10872575593379601 0.056731718610000488 0.0049818087455437065 4.6887792484669584 0.012338520738075721 0.79170962199312722 -0.0063248111976368917 0.015445463386702539 0.80084301602529939
decision_type=8 10 10 10 10 10 8 8 10 8 10 10 10 10 10 10 10 10 10 10 10 8 10 10 10 10 10 8 8 10
left_child=2 6 7 9 19 8 23 12 -6 10 16 13 29 14 22 -11 -4 -17 -8 21 -12 -5 -3 -2 25 26 -9 -20 -29 -1
right_child=1 11 3 4 5 -7 18 24 -10 15 20 -13 -14 -15 -16 17 -18 -19 27 -21 -22 -23 -24 -25 -26 -27 -28 28 -30 -31
leaf_value=-0.0060710794226449972 0.0010869281421150661 0.014468519970828186 -0.0060487107340521512 -0.028545428187560909 0.0033365022243903673 -0.014473786198273187 0.0061749273875795598 -0.0076918860914202596 0.018239784991678304 0.011002353040600384 0.0048264290377315611 -0.012452809870399841 0.0001490633560706694 0.019320051154892638 -0.01167227735285364 -0.016553078825735229 -0.011960207874116599 -0.0030331133981888561 0.003171617021128839 0.0023527149584193319 -0.0045192639161119623 -0.0094688242925336456 0.0069718824224901518 0.01307519965361139 -0.0092221026520198889 0.014535673379512788 0.012467739738250664 0.0067731743160867252 -0.0050615913368958036 0.010984189184687158
leaf_weight=77.318089317821432 8.628280205652116 62.66635022580158 163.12500364141306 3.5534915011958219 48.186296912026592 5.8966941190883508 58.706989482045174 4.4364967647707152 11.698896411689928 1.7702375757507969 20.027215413516387 1.8575118477456261 152.99064369412372 41.585927221691236 3.1923027560114852 43.029075030412059 64.690423463995103 11.088531117653472 41.118701941333711 5.8398716367664738 37.181159730476793 14.606762805371551 29.642956877301913 36.191262028180063 1.6501639839261759 14.617637302319052 2.677013520617038 7.4807517997687674 40.173996246070601 1.983066598069853
leaf_count=12855 1623 9657 24632 569 6883 643 9198 761 1309 128 2762 383 24780 6041 520 6242 10787 1786 6834 828 5622 2493 4670 5312 298 2287 247 1126 6737 273
internal_value=-2.97411e-05 0.00822615 -0.00402462 -0.00592141 0.000344201 0.00443105 0.00443381 -0.000807075 0.00654897 -0.00757647 -0.00647666 0.0133841 -0.00177355 0.0138436 0.0112523 -0.0129202 -0.00778538 -0.0139426 0.00238622 -0.0104666 -0.00116932 -0.0146532 0.0121938 0.0109069 0.00835066 0.010164 0.000126595 -0.000126763 -0.00304111 -0.00547575
internal_weight=1017.61 331.245 686.367 430.694 89.782 65.7819 192.3 255.673 59.8852 340.912 285.024 138.945 232.292 137.088 95.5016 55.8878 227.815 54.1176 147.48 24.0001 57.2084 18.1603 92.3093 44.8195 23.3813 21.7311 7.11351 88.7734 47.6547 79.3012
internal_count=158286 52101 106185 64684 12725 8835 30830 41501 8192 51959 43803 21271 37908 20888 14847 8156 35419 8028 23895 3890 8384 3062 14327 6935 3593 3295 1008 14697 7863 13128
is_linear=0
shrinkage=0.03


Tree=1
num_leaves=31
num_cat=0
split_feature=59 32 71 14 57 72 53 44 14 75 76 69 59 72 0 39 71 32 57 59 14 50 53 52 52 6 55 57 66 50
split_gain=272.309 18.2192 16.2885 10.1106 8.93801 10.5358 8.30589 8.58277 9.34364 7.94712 7.60462 7.58045 6.30523 6.29138 6.10104 5.18706 5.18283 4.8853 5.62883 4.86409 4.20744 3.87721 4.66902 3.77176 3.58434 3.3658 3.18228 3.04451 2.94953 2.75198
threshold=0.86292912896318308 0.23307934719532422 1.7621210817302921 -0.28372556486100187 0.94031386278484141 1.4244307000528311 0.021231719632595906 0.10934263826463465 0.12804527846267047 0.33865899261443483 1.6499257160698086 1.5357108329310452 0.41311176389033316 3.285980170149482 0.024286107757814705 0.11003324028901824 -0.41579568565593422 -0.24621384492139956 0.52426171136085464 0.98960494467496563 0.08178142794114153 0.028388292463309431 0.010900370658205363 0.80000131576639022 0.63626692456479705 0.037879804488164193 0.90986224705554208 0.98274000148953611 0.16474657425533043 0.049195753477018773
decision_type=10 8 10 8 10 10 10 10 10 10 10 8 10 10 10 10 8 10 8 10 8 10 10 2 2 10 10 8 10 10
left_child=1 6 9 19 5 10 12 15 -9 17 -5 -7 21 14 -6 -8 29 -2 25 -4 -11 22 -1 27 -23 -19 -20 -14 -22 -3
right_child=2 16 3 4 13 11 7 8 -10 20 -12 -13 23 -15 -16 -17 -18 18 26 -21 28 24 -24 -25 -26 -27 -28 -29 -30 -31
leaf_value=-0.00064406368219580847 0.022324485415859231 0 0.016361879476335248 0.0022810931420796936 0.023364506773040264 0.016782281650770021 -0.035997306859311705 -0.025352724015916654 0.024134036571182325 -0.013523140448296552 0.026505282796075738 -0.0011264237875647234 -0.011463000348312973 -0.00027538088080040623 0.0076441056714570089 0.0026594856325132745 -0.0012495033374887649 0.0051045136424923429 0.014448307386988411 0.030924950223287079 0.0098591801606396218 0.018150007981924125 -0.018456816675100844 -0.0031714729946458018 -0.011326955704028151 -0.011365324989681834 -0.008593312492342603 -0.0010165205841569994 -0.0040993497359099323 0.032390373827801647
leaf_weight=14.564201539382337 20.462806806899607 3.5640499049331975 50.880074923625216 153.01713250775356 116.71731638826896 168.83556648110971 31.408739221747965 6.4042443700600398 5.391379002481699 21.20155323157087 11.702924952143801 23.824037162354216 364.09314973372966 14.413611465599386 29.713716255966574 3.1526704318821421 86.099792309687473 163.57877684920095 89.444772135466337 43.084345500450581 23.067975201644003 2.8869085852056733 214.06532121368218 72.583126409328543 120.08417263161391 10.946318979375063 4.9344507327768943 27.864510329905897 30.182564319926314 5.7916041737189516
leaf_count=2452 444 346 885 2569 1350 2353 5521 910 295 1008 151 270 50908 132 333 487 7814 5213 2634 398 814 491 36705 9548 19150 375 314 2196 1927 198
internal_value=7.34902e-05 -0.0112817 0.0112219 0.0142132 0.0125133 0.00980326 -0.0126569 -0.0250449 -0.00238113 0.00615503 0.00416982 0.0145578 -0.0119198 0.0184185 0.0202684 -0.0324111 0.00111527 0.00840055 0.00725108 0.0233262 -0.00252839 -0.0149841 -0.0173429 -0.00956688 -0.0104699 0.00399556 0.0131347 -0.0107325 0.00196242 0.021187
internal_weight=1933.96 957.954 976.008 612.189 518.224 357.38 862.498 46.357 11.7956 363.819 164.72 192.66 816.141 160.845 146.431 34.5614 95.4554 289.367 268.904 93.9644 74.4521 351.601 228.63 464.541 122.971 174.525 94.3792 391.958 53.2505 9.35565
internal_count=158191 137021 21170 8441 7158 5343 128663 7213 1205 12729 2720 2623 121450 1815 1683 6008 8358 8980 8536 1283 3749 58798 39157 62652 19641 5588 2948 53104 2741 544
is_linear=0
shrinkage=0.03


Tree=2
num_leaves=31
num_cat=0
split_feature=59 59 44 69 57 53 44 5 53 53 9 44 45 15 45 55 59 66 48 9 51 69 10 51 49 51 19 5 30 45
split_gain=347.546 22.3845 16.6533 12.8451 10.5019 8.77007 8.2528 8.3157 8.22242 7.75342 7.56204 6.97084 6.52796 6.01225 5.80316 5.76019 5.32533 5.27402 6.41361 4.62694 4.43912 3.91547 3.8925 3.5638 4.53997 3.26946 3.0941 3.74821 2.92133 2.88605
threshold=0.86292912896318308 0.95557904627672086 0.074067882119761466 -2.000573360816555 0.8281247965415317 0.019656344513484667 0.064480487896289365 0.020123618829910223 0.017194055094707238 0.020474418579577658 -0.10910276675444915 0.12240250499899887 0.018619044111080962 -0.13725831676756892 0.011332372768660013 0.69464875578066521 0.90179360784418805 0.35591369994819039 -0.012180003311865082 3.1253033744660259 0.72812158149710904 1.3267014105295998 1.7504316592954472 0.76210864092472441 0.013317113086610212 0.81340129923134497 -0.51578579466494734 0.019194590808967245 0.72210374913728126 0.0062283462858557194
decision_type=8 10 10 8 8 10 10 10 10 10 10 10 10 10 10 8 10 10 10 10 2 8 10 2 10 2 8 10 10 10
left_child=2 15 5 17 11 8 19 -8 12 29 -9 23 14 -7 -1 16 26 -3 22 25 -10 -18 -19 24 -4 -5 27 -2 -13 -6
right_child=1 3 4 6 9 13 7 10 20 -11 -12 28 -14 -15 -16 -17 21 18 -20 -21 -22 -23 -24 -25 -26 -27 -28 -29 -30 -31
leaf_value=-0.017139810739598658 -0.0060759010444441479 0.030142005488912889 -0.004540314824892931 0.012370736723421682 -0.013941860008079586 0.0034900608629947574 -0.01373144656179995 -0.013255829716773438 -0.00057020910183186717 0.022197292192196919 0.012075296100713635 -0.025830911410010076 0.0093118585782449078 -0.033584473552047689 -0.02835294238399251 0.0013525984134782996 0.0095785953357129371 0.011692195207323924 0.0030560866448860538 0.02555565676855541 -0.022395144295111698 0.02010592563974448 0.030347032712370395 0.00049561322888039445 -0.020515164935339232 0.022567281303187362 0.0088821534778070459 0.0063885524874452556 0 0.0037783292466642316
leaf_weight=429.45080526813399 39.818138122791424 63.09869282040745 39.707281582872383 214.65684988116845 12.968794236425309 3.9648206990677854 15.722981425235046 11.091633188538252 41.555428082821891 14.509328768588601 88.340207622386515 31.93983189878054 7.0861203677486619 43.425977188744582 49.363178706262261 137.11057238373905 154.38601690414362 19.154528647661209 20.727335705887526 37.139302266645245 9.6265728953294438 42.064707253361121 28.607310779392719 33.732796419877559 27.514925645664334 35.138415695168078 75.441908708540723 45.304056453518569 4.3237011816818258 19.116339667700231
leaf_count=74893 1569 462 7339 3167 1814 420 314 171 7648 462 1304 5574 1286 8260 8819 8261 4341 229 202 450 1636 655 186 5989 4796 513 3200 1308 596 2407
internal_value=-0.000153176 0.0112503 -0.0154073 0.0155132 -0.00744651 -0.0178889 0.0127762 0.00587917 -0.0167237 0.00473837 0.00911588 -0.0116101 -0.0179308 -0.0304127 -0.0183588 0.00661816 0.00862258 0.0236945 0.0173631 0.0155037 -0.00508315 0.0119383 0.0233204 -0.00738167 -0.0113279 0.0139013 0.00449839 0.000520295 -0.0227873 -0.00349839
internal_weight=1796.09 1027.8 768.286 533.677 183.813 584.473 402.089 115.155 537.082 46.5945 99.4318 137.219 485.9 47.3908 478.814 494.125 357.015 131.588 68.4892 286.935 51.182 196.451 47.7618 100.955 67.2222 249.795 160.564 85.1222 36.2635 32.0851
internal_count=158271 26332 131939 6998 28977 102962 5919 1789 94282 4683 1475 24294 84998 8680 83712 19334 11073 1079 617 4130 9284 4996 415 18124 12135 3680 6077 2877 6170 4221
is_linear=0
shrinkage=0.03


Tree=3
num_leaves=31
num_cat=0
split_feature=71 71 44 14 53 53 57 21 53 53 45 1 44 38 5 5 57 35 53 4 42 45 57 52 44 18 52 42 51 44
split_gain=321.524 29.1971 14.9804 10.8305 9.14751 9.32557 8.49413 6.10265 6.09758 5.84817 5.62156 5.6082 5.28441 5.20272 7.81357 4.96767 4.58196 4.47914 3.7799 5.19431 4.39399 4.27023 3.69614 3.62601 3.48144 3.38298 3.29482 3.12703 4.58299 3.10979
threshold=0.77651816251249084 1.9988914454482816 0.074067882119761466 -0.28372556486100187 0.019656344513484667 0.017194055094707238 0.89772703015399336 0.031627927009297958 0.020474418579577658 0.010900370658205363 0.018619044111080962 -0.12604589715496869 0.1062109515439026 1.2838541523119407 0.024075679924352684 0.059352236758426845 0.91354117830911086 -0.039522745513532596 0.013104859143287141 -0.34331206254764313 -0.0052413906117119149 0.010654894527551471 0.83190572267057972 0.57588735318928053 0.064480487896289365 41.032777415923029 0.59420748486516251 -0.014971086948164234 0.65291229516275007 0.074067882119761466
decision_type=8 10 10 8 10 8 8 8 10 10 10 10 10 10 10 10 10 10 10 10 10 10 10 2 8 8 2 10 2 10
left_child=2 7 4 18 5 9 12 16 -8 -1 -11 -6 27 14 17 -15 24 -5 -3 20 -20 -21 -14 -7 26 -26 -2 -4 -29 -16
right_child=1 3 6 13 11 23 8 -9 -10 10 -12 -13 22 15 29 -17 -18 -19 19 21 -22 -23 -24 -25 25 -27 -28 28 -30 -31
leaf_value=-0.0046142557725454827 0.0041505889621618755 0.032591513380973859 -0.024727805021238416 0.015884664374201614 0.0012725387126241762 0.0039383558184809334 -0.0045781675931940774 -0.00035112758617955185 0.023641444813932509 -0.019778853646735789 0.006168340955523933 -0.035285699936744762 -0.021407054250016207 -0.0021564001271546515 0.019800172298311068 0.017399971075151136 0.014893653153975225 0.0029543833115198825 0.015990953028107109 0.018486343751732505 0.037072946590502406 0.00066517508115988464 -0.0016496408514195331 -0.012254020638582752 -0.0064904383223243333 0.0048802309327810149 0.011742686747185403 0.0083229100332880435 -0.0081556409421814895 0.010963231352016118
leaf_weight=27.26057952339761 102.27204651827924 31.338647374417633 6.3699301497545084 37.075253980467096 3.9300356525927773 23.618286924087442 15.410275103058668 120.85591516422573 10.917938691796733 403.1117250242969 7.0530276121571651 38.134975234162994 46.73443234199658 36.150985459098592 162.76715891784988 16.012966471724212 60.856639859033749 69.489272362086922 19.396171046886593 46.94850738812238 22.874098937027156 16.762481848243624 10.996567872585727 24.05825346428901 32.251808605738916 79.081441421294585 109.70197682769503 19.203927929280326 59.736720038345084 54.000197759829462
leaf_count=5074 3736 167 1204 562 390 4553 2324 9149 261 77057 1272 8021 9083 682 1998 183 1072 1305 148 374 177 237 753 4494 1591 3514 3539 3651 10898 751
internal_value=-9.25381e-05 0.0106495 -0.0157867 0.0156904 -0.0182865 -0.0170411 -0.00792657 0.00550386 0.00745121 -0.018415 -0.0193115 -0.0318502 -0.0108099 0.0129711 0.0143916 0.00400483 0.00734972 0.00758675 0.022957 0.019802 0.0280617 0.0139267 -0.0177869 -0.0042548 0.00587892 0.00153113 0.00813047 -0.00590233 -0.0040554 0.017673
internal_weight=1714.37 1017.84 696.537 512.816 527.167 485.102 169.37 505.02 26.3282 437.425 410.165 42.065 143.042 375.496 323.332 52.164 384.164 106.565 137.32 105.981 42.2703 63.711 57.731 47.6765 323.307 111.333 211.974 85.3106 78.9406 216.767
internal_count=158220 29185 129035 6584 100861 92450 28174 22601 2585 83403 78329 8411 25589 5481 4616 865 13452 1867 1103 936 325 611 9836 9047 12380 5105 7275 15753 14549 2749
is_linear=0
shrinkage=0.03


Tree=4
num_leaves=31
num_cat=0
split_feature=71 71 44 14 69 21 32 71 72 43 48 44 45 45 45 48 8 43 49 54 46 32 71 50 44 15 10 31 36 41
split_gain=292.334 26.1646 13.0683 9.37265 7.7601 7.47849 6.96996 6.45197 5.53807 5.4743 8.42704 5.38111 6.06817 5.05781 4.86938 4.72231 4.27879 3.96505 3.9201 3.91994 3.83612 3.55669 3.32001 3.182 3.15195 2.9442 3.87171 2.80556 2.62782 2.54217
threshold=0.92502976554175376 2.0887260939343331 0.074067882119761466 -0.35275334335723491 1.0253245264600974 0.031009040364318067 -0.067794308236300713 0.47207661098784431 2.0737796302702192 -0.053124800089148654 -0.066023517209084101 0.085623221586974788 0.0044354796085307137 0.0038312699422636664 0.0055173551960329649 -0.042309504735519081 0.0094013806987268671 0.0098298393783823341 -0.0090298748307634496 0.57514222579460672 0.0058169263451561199 0.12950147927683067 0.68884987921398599 0.057981836503925195 0.040677473588450981 -0.004920735433628586 2.0347838804291949 -0.024929055616540182 -0.28722226067580137 -0.0219892392660575
decision_type=8 10 8 8 8 8 10 10 10 10 10 10 10 10 10 10 10 10 10 10 10 10 10 10 10 10 10 10 10 10
left_child=2 5 7 6 11 16 28 9 17 18 -11 14 -13 -10 -4 -6 25 19 29 -5 -15 -19 -14 -17 -12 26 -2 -27 -3 -1
right_child=1 3 4 8 15 -7 -8 -9 13 10 24 12 22 20 -16 23 -18 21 -20 -21 -22 -23 -24 -25 -26 27 -28 -29 -30 -31
leaf_value=-0.002180713307939616 -0.0033406664777003987 0.033418066905983521 -0.011005209323205908 0.0010999311343010733 0.01960283958252412 -0.0011208516421787921 0.0093047218298511827 -0.0080604633237760931 0.0021541073724846362 -0.029787130844398081 -0.014900063933890213 0.0052645672710868478 -0.019066865900885729 0.028464150869396146 0.0086434310458731543 -0.0095312511352180947 0.010273209245666269 0.0094558942494984439 0.012476836119830564 0.014037502715480947 0.01651130461328628 0.019852591173609987 0.002601083831135457 0.016720804208469612 -0.020952657414426878 -0.0036259595597695248 0.015709829890045591 0.01161300299459217 0.019072542222136356 -0.019992480405133111
leaf_weight=14.750001155072823 63.955472145229578 46.950891774147749 22.87542753177695 62.563796541886404 12.178651075810192 108.4097598681692 23.221061386633664 66.396623059292324 17.298594025429338 60.943113549845293 214.64624009479303 11.567600481328553 76.391215086914599 35.824721992015839 20.572293843259104 16.106862941524017 233.16405242623296 78.560846135602333 6.7145972119178614 31.389879624126479 110.21967072947882 52.854733202257194 6.4283453351818016 4.4660040994640431 149.28672628791537 13.086133728036655 10.256130775902419 48.257347052451223 23.799982292577624 14.547651802189648
leaf_count=2962 2691 271 4111 1020 583 8203 257 10285 203 12498 43211 2078 15060 310 3860 2413 6262 1277 1209 474 1280 721 672 189 30100 567 238 1520 191 3053
internal_value=4.43406e-05 0.0107842 -0.0147167 0.0157083 -0.00740579 0.00577412 0.0242892 -0.0170577 0.0135691 -0.0183271 -0.0192853 -0.0105191 -0.0145106 0.0178285 -0.00164903 0.00553116 0.00780702 0.0104036 -0.00672557 0.00555628 0.0196374 0.0137784 -0.0173383 -0.00318242 -0.0174417 0.00349886 -0.000494108 0.00830801 0.0289672 -0.0114921
internal_weight=1657.68 959.813 697.871 482.684 170.586 477.129 93.9719 527.285 388.712 460.888 424.876 137.835 94.3872 163.343 43.4477 32.7515 368.719 225.369 36.0123 93.9537 146.044 131.416 82.8196 20.5729 363.933 135.555 74.2116 61.3435 70.7509 29.2977
internal_count=157769 25485 132284 6004 28966 19481 719 103318 5285 93033 85809 25781 17810 1793 7971 3185 11278 3492 7224 1494 1590 1998 15732 2602 73311 5016 2929 2087 462 6015
is_linear=0
shrinkage=0.03


Tree=5
num_leaves=31
num_cat=0
split_feature=59 59 32 69 67 46 45 7 54 52 14 60 78 42 59 14 34 17 63 24 59 63 6 0 6 53 57 21 0 57
split_gain=258.083 28.3629 12.1399 8.12819 6.94547 6.1576 6.76294 5.87137 5.39189 6.54591 5.02106 6.33808 4.83758 4.66875 4.32819 4.32433 2.92245 2.84549 2.78174 2.73235 2.35914 2.09801 1.92722 1.91006 1.72161 3.03447 1.7214 1.58165 1.38355 1.30642
threshold=0.86292912896318308 0.95557904627672086 0.2803473246804839 -2.1360658857514445 0.056078182187664367 0.034133762393146715 0.017937732423117535 0.011961845052013581 0.56052014714107801 0.26987778544356539 0.46554097164725722 0.94050188118250755 0.80644137918829417 0.021973708461754397 0.47265285424514641 0.11494753737093778 0.038403608295090479 0.17314507418254579 0.12447695082024618 0.49893466300957184 0.98960494467496563 0.14040715040669091 0.019455300372865299 0.00063672937946079877 0.030498647723762741 0.015925606094250349 0.97870072131742514 0.043355456854054404 -0.0066417398521952378 0.52834308313421785
decision_type=8 10 10 8 8 10 10 10 10 2 10 10 10 10 10 10 10 2 10 8 10 10 8 10 10 10 10 10 8 8
left_child=2 4 5 12 15 6 8 16 9 -1 11 -9 17 -10 -4 21 18 20 -5 -12 -3 22 -2 -8 25 -17 27 28 -6 -23
right_child=1 3 14 7 26 -7 23 10 13 -11 19 -13 -14 -15 -16 24 -18 -19 -20 -21 -22 29 -24 -25 -26 -27 -28 -29 -30 -31
leaf_value=0.014567529256920085 -0.0049456638257824193 0.021617589189085362 0.023889247561726883 0.012388769262415038 -0.0054826991011247645 -0.034222453445882921 -0.0057509883167932343 0.0043456489919792372 -0.022509373469570458 -0.013815630705582638 0.02351023711420909 0.015558791301847539 0.010574917790180858 -0.011651164221533979 -0.0052975409440186487 0.012081243982635126 0.018672534238092394 0.016462767078246086 0.0010404692212474945 0.0083736967330417383 0.035975508397964012 -0.0041639128643807697 0.0070538277007824125 0.013158745007713352 0.020047676457819033 -0.0042115469527340028 0.0087471638582972203 -0.0062812768802408053 0.0028610752435280166 0.0062163289503453251
leaf_weight=6.5741613297723225 12.264373746933414 30.729772314429283 8.5209354849066603 26.40100134932436 24.551270534051582 15.044374558259731 8.9013746192213166 69.164228285197169 140.74202284030616 399.17680980113801 67.591797233559191 141.9342057290487 31.83837169688195 54.457738089375198 7.9691628752043462 65.945785181364045 14.06951737590134 31.720510754734278 70.074201034847647 15.277021775487809 27.956531647592783 36.008863000199199 129.97123471915256 8.2517188029596564 19.472417644923553 11.337558974046258 13.131757880561052 52.05404944869224 58.320606527617201 14.374690278666092
leaf_count=1334 489 250 322 494 1280 3336 1725 1419 29090 82144 614 1721 286 11163 1260 1456 173 223 1475 181 127 1304 4894 1361 327 316 683 4990 3153 469
internal_value=-9.68055e-05 0.00974529 -0.0147015 0.014431 0.00407581 -0.0153676 -0.0148493 0.0123067 -0.01538 -0.0133137 0.0145328 0.0119369 0.0212794 -0.0195702 0.0101162 0.00677391 0.00628269 0.0248594 0.00427201 0.0208887 0.0289957 0.00411488 0.00597091 0.00340429 0.0119405 0.00962948 -0.00118748 -0.00223369 0.000317518 -0.00108065
internal_weight=1613.83 964.19 649.638 526.757 437.433 633.148 618.104 404.512 600.951 405.751 293.967 211.098 122.245 195.2 16.4901 289.375 110.545 90.4068 96.4752 82.8688 58.6863 192.619 142.236 17.1531 96.7558 77.2833 148.058 134.926 82.8719 50.3836
internal_count=158059 26324 131735 6963 19361 130153 126817 6077 123731 83478 3935 3140 886 40253 1582 9255 2142 600 1969 795 377 7156 5383 3086 2099 1772 10106 9423 4433 1773
is_linear=0
shrinkage=0.03


Tree=6
num_leaves=31
num_cat=0
split_feature=59 71 32 63 66 8 46 21 45 34 31 69 33 35 6 41 19 46 46 71 4 50 24 44 69 52 45 9 30 0
split_gain=237.119 26.302 9.51197 7.34538 8.09962 6.78082 5.95602 5.48034 5.07176 4.79338 4.15155 3.85092 3.82226 3.9521 3.57168 3.27507 3.07278 2.94986 7.64552 2.81128 2.55197 2.48585 2.20178 1.81999 2.32762 1.92019 1.74856 1.23934 1.21226 1.20031
threshold=0.86292912896318308 1.9988914454482816 0.2803473246804839 0.080881963450163338 0.95914193898418276 0.008418341273050552 0.034133762393146715 0.031009040364318067 0.018188372896679614 0.014192330149346037 0.038744506814373143 1.2603936107687692 0.033475806621703692 0.19288704754891711 0.030498647723762741 0.017080045435265204 0.63239490278928689 0.0098035601031225307 0.0090042252663953045 2.4500003263250902 0.095542337649659817 0.061574248510383074 -0.86378521683880394 0.074182810012022551 1.8728196096185827 0.6513878278584162 0.017937732423117535 0.5917709871614375 0.48892559039455197 0.00097680626330398667
decision_type=8 10 10 10 10 10 8 8 10 10 10 10 8 10 10 10 10 10 10 10 10 10 10 10 10 2 10 10 8 10
left_child=2 7 6 4 5 10 8 14 17 -6 -3 12 16 -14 23 27 -5 18 -1 -7 -13 -19 -22 24 -2 -25 -16 -4 -9 -10
right_child=1 3 15 11 9 19 -8 28 29 -11 -12 20 13 -15 26 -17 -18 21 -20 -21 22 -23 -24 25 -26 -27 -28 -29 -30 -31
leaf_value=-0.014860788386345447 0.0047075771376407401 -0.009397444730035039 0.011593413903672928 0.0061548971753520891 -0.013760405133589594 0.013299607657013305 -0.033636689208715799 -0.0056197070215191257 -0.0056325257433708364 0.012129065533753447 0.014727856691111704 0.025616230151989144 -0.0047431015571527723 0.012023647234076638 0.016089085339139962 0.022098395761495675 0.019484558944864946 -0.019759870869289577 -0.0024749180927170224 0.02273391797164771 0.0026916394301585308 -0.00454832349434817 0.014206049013822501 -0.014695797278013414 0.015696135666242006 0.0017404177675454154 0 -0.0094382184612346025 0.0010727154975432838 0.01002906555823763
leaf_weight=387.26059917575913 242.39048604096752 10.768842779099943 2.5440940925618651 45.56537622702308 10.279045398114251 42.406098880106583 14.537235567579044 47.297913444461301 7.5340143316425365 13.951670908834783 13.053682460449634 15.488401711918412 38.547453599516302 17.579809437971562 38.498038052115589 6.8669205498881629 24.840441167354584 134.18932023167145 51.887313408660702 173.17619837541133 19.418283492326736 11.727094513596965 87.875442059477791 6.7174708079546681 18.294285293668509 35.722998899174854 7.1095493559259912 7.5030298109631985 47.384791386488359 7.9524253976996988
leaf_count=81736 8643 181 182 792 186 659 3321 4498 1534 181 152 157 854 242 988 386 388 28812 11031 1529 236 2282 1091 193 316 1056 304 1031 3789 1334
internal_value=4.95335e-05 0.00947068 -0.0141946 0.0140934 0.0176186 0.0192857 -0.0148077 0.00409657 -0.0142918 0.000917357 0.00376205 0.0102983 0.0064996 0.000574498 0.0058333 0.00751818 0.0111069 -0.0147406 -0.0134131 0.020962 0.0141046 -0.018597 0.0121939 0.00461035 0.00554723 -0.00107045 0.0136238 -0.00327373 -0.00226286 0.00234838
internal_weight=1588.37 956.366 632.002 512.951 263.636 239.405 615.088 443.416 600.551 24.2307 23.8225 249.315 126.533 56.1273 348.733 16.914 70.4058 585.064 439.148 215.582 122.782 145.916 107.294 303.125 260.685 42.4405 45.6076 10.0471 94.6827 15.4864
internal_count=158084 26435 131649 6648 2888 2521 130050 19787 126729 367 333 3760 2276 1096 11500 1599 1180 123861 92767 2188 1484 31094 1327 10208 8959 1249 1292 1213 8287 2868
is_linear=0
shrinkage=0.03


Tree=7
num_leaves=31
num_cat=0
split_feature=71 71 32 53 69 23 69 58 38 11 71 53 71 53 44 53 30 6 71 44 57 63 44 48 77 44 69 22 48 44
split_gain=221.457 22.627 11.4963 7.52561 7.11122 6.38781 5.8242 5.69253 5.80476 4.57404 4.35529 4.19839 4.08819 4.43749 7.19892 4.13426 3.28142 4.14987 2.6285 2.33073 3.04614 2.02008 1.69985 1.69282 1.56509 2.69679 1.54223 1.43019 1.23591 1.21086
threshold=0.92502976554175376 2.0887260939343331 0.2803473246804839 0.019656344513484667 -2.3446244291868226 0.031946876700333034 1.7889566112783 0.85929120630613187 1.2773436801191003 -0.12604589715496869 -0.32885392981413031 0.010989559495124484 0.40098814786223663 0.018097690716036615 0.043656047087019319 0.010900370658205363 0.69664074931713105 0.04482431517779429 4.672238715197806 0.085219017604033179 0.89025652678887057 0.12850998119923682 0.061421842166587422 -0.0039647749713024307 -1.2017487765346149 0.065342905821433109 1.0948781967305075 0.088825377421668308 -0.010642467766697526 0.067351241327204617
decision_type=8 10 10 10 8 8 10 10 10 10 8 10 10 10 10 10 10 10 8 10 10 8 10 10 10 10 10 10 10 10
left_child=2 5 3 12 16 6 21 24 11 -5 -4 -9 13 15 -15 -1 17 -3 -10 -11 -21 22 -2 -7 -6 -26 -25 -23 -8 -28
right_child=1 4 10 9 7 23 28 8 18 19 -12 -13 -14 14 -16 -17 -18 -19 -20 20 -22 27 -24 26 25 -27 29 -29 -30 -31
leaf_value=-0.0017926969669287115 0.0094935380511438176 0.017782594697367881 0.02279864400453694 0.0059093784163990592 0.013081520324102449 -0.0050772207965609217 0.0094323303976326985 -0.0016023214975725802 -0.00082844928492074703 -0.031454703534850421 -0.0048463380667102306 0.015629745173528282 -0.0064523386536643589 0.013634316836172255 -0.016411450647970133 -0.015451272963375695 0.012099939239945448 0.034332102621094006 0.015342933020934322 -0.022175197807584281 0.0055289777682117442 0.00097209939101591662 0.0022632388694240231 -0.0020813881173775283 0.0031334693879334526 -0.016315356549793616 0.017987643636399292 0.0073212075001857103 0.022862222286271976 -0.0019730830401804463
leaf_weight=21.713584383716807 111.29894668830093 37.666347943246365 9.2623684648424369 3.6661098368931553 7.0983274141326538 64.950377386761829 13.124850577209143 12.806915935128925 34.869752758182585 35.950333428336307 9.3976822633994761 283.31760752340779 76.351698501268402 12.720959848142231 14.008955305442212 437.27781164844055 28.533696830738336 27.706277284771204 11.035553452558814 15.692099666688593 3.8985919633414587 120.51942705805413 42.219561568577774 16.125825764844198 25.185522971441969 7.4666429241187862 7.5600169504759815 43.384390228195116 20.490634744055569 3.378837036434561
leaf_count=4517 3179 270 291 426 117 5960 222 158 801 8190 1336 3426 14148 2633 3088 93963 213 137 108 3559 246 5198 1336 1489 582 217 434 1270 263 268
internal_value=6.53662e-06 0.00944222 -0.0135289 -0.0142295 0.013984 0.00453866 0.00638159 0.0120865 0.013333 -0.0244947 0.00918499 0.0148715 -0.0131013 -0.0141249 -0.00202824 -0.0148169 0.0214579 0.0252534 0.00323939 -0.0266236 -0.0165155 0.00507504 0.00755204 -0.00245289 0.00122339 -0.00157745 0.00369465 0.00270507 0.0181293 0.011922
internal_weight=1558.68 918.74 639.94 621.28 475.687 443.053 351.038 381.78 342.03 59.2071 18.6601 296.125 562.073 485.721 26.7299 458.991 93.9063 65.3726 45.9053 55.541 19.5907 317.422 153.519 92.0151 39.7505 32.6522 27.0647 163.904 33.6155 10.9389
internal_count=158045 25648 132397 130770 6029 19619 11468 5409 4493 12421 1627 3584 118349 104201 5721 98480 620 407 909 11995 3805 10983 4515 8151 916 799 2191 6468 485 702
is_linear=0
shrinkage=0.03


Tree=8
num_leaves=31
num_cat=0
split_feature=59 59 32 69 7 69 71 46 43 48 41 42 60 69 47 21 49 50 38 48 25 7 41 1 31 54 22 52 42 56
split_gain=210.238 24.5249 13.5232 6.58478 6.35706 5.68265 5.47157 5.10856 6.02191 5.17306 5.97638 5.00633 4.96468 4.86637 4.12537 4.07347 3.37201 2.77275 5.17453 2.6628 2.61347 2.74954 2.45792 1.86136 1.82885 1.72239 1.63798 1.5533 1.50802 1.49336
threshold=0.86292912896318308 0.95557904627672086 0.2803473246804839 -2.3446244291868226 0.011961845052013581 1.7889566112783 -0.32885392981413031 0.034133762393146715 -0.053124800089148654 -0.024865420475417895 -0.011728380533504555 -0.015890011651909727 0.97486908239256875 1.2915360392881925 -0.055283590961607447 0.037930000716987218 0.024747607308354905 0.0040635870714840214 0.66834907937307309 -0.0025932231242120625 -0.65615683067705721 0.015104646489006864 0.020072361840640988 0.025551642279080137 -0.29829312819486342 0.57514222579460672 0.17796157551201466 0.23099646237003255 -0.089224177365008303 0.0085745007398149112
decision_type=8 10 10 8 10 10 8 10 10 10 10 10 10 10 10 10 10 10 10 10 8 10 10 8 10 10 10 2 10 10
left_child=2 5 7 17 22 15 -4 8 11 16 -11 28 13 -6 -14 25 -10 -3 -19 20 -7 -22 24 -21 -5 26 -2 -27 -1 -20
right_child=1 3 6 4 12 19 -8 -9 9 10 -12 -13 14 -15 -16 -17 -18 18 29 23 21 -23 -24 -25 -26 27 -28 -29 -30 -31
leaf_value=0.002934611385324287 0.0014905442415686805 0.026765075118011426 0.023894963721662953 0.020546342774995917 0.0059322253626019989 0.019505288212628594 -0.0073213667901840009 -0.032050622220363083 -0.021055429162171058 0.002377961266436412 -0.013555599164649023 0.016298395258955621 0.0055593532442489262 0.016641074711205746 0.01993757752763789 -0.0063405348740743122 -0.008030098885296235 0.026723300791078517 0.013692387261880375 0.026410072436692682 -0.008680453285113035 0.013739114163895708 -0.0095767109645891833 0.0059268673444377975 0.00505993430029298 -0.0010819097018460553 0.011621526633875227 0.0089647499818656367 -0.012743354783003315 0.00076250355536908003
leaf_weight=6.8377522648079312 222.81250106426887 42.004034275189042 10.941211072262375 6.8834766168147317 101.64858335582539 8.1387887310702336 7.9192118874634643 14.146344460896215 137.10598165623378 21.883578920620494 358.74437270697672 9.1403331661131215 22.641914166975766 63.498494711238891 129.16003050561994 41.342737193452194 23.39294662931934 21.482351003214717 16.089046658948064 15.364756422932258 11.786682640202349 7.0052774822106576 8.4241610639728588 6.7646510285558206 81.853355982806534 16.189207902410999 14.54417797247879 72.354161611525342 18.64345584623516 16.403341524302959
leaf_count=1354 9101 272 282 78 2002 183 1352 3330 30250 4852 79344 1624 297 675 1218 5070 5138 109 119 267 550 160 198 257 1866 735 393 2674 4201 181
internal_value=0.000140398 0.00913857 -0.0135405 0.0135452 0.0118323 0.0037125 0.010928 -0.014345 -0.01385 -0.0146255 -0.0126278 -0.00157353 0.0138946 0.0101432 0.0178631 0.0024027 -0.019237 0.0207063 0.0155355 0.0132133 0.00634591 0 0.00500155 0.0208053 0.00651025 0.00353703 0.00217007 0.00710275 -0.00847102 0.00747214
internal_weight=1535.15 926.392 608.755 510.089 414.11 416.303 18.8604 589.895 575.748 541.127 380.628 34.6215 316.949 165.147 151.802 367.243 160.499 95.9788 53.9747 49.0602 26.9307 18.792 97.161 22.1294 88.7368 325.9 237.357 88.5434 25.4812 32.4924
internal_count=158132 26405 131727 7015 6334 19390 1634 130093 126763 119584 84196 7179 4192 2677 1515 17973 35388 681 409 1417 893 710 2142 524 1944 12903 9494 3409 5555 300
is_linear=0
shrinkage=0.03


Tree=9
num_leaves=31
num_cat=0
split_feature=59 59 4 14 36 46 30 45 55 23 48 59 43 57 56 9 45 51 43 53 21 47 8 17 57 43 30 53 45 68
split_gain=182.158 19.0813 10.3931 7.05565 5.83671 5.74429 5.50381 5.23226 4.85767 4.63786 4.16731 3.94157 3.63443 4.58843 5.24479 4.15512 5.95814 3.47611 3.17427 4.32825 3.09442 3.00348 2.58704 2.3481 2.31985 1.85224 1.43093 1.3645 1.35595 1.22028
threshold=0.86292912896318308 0.95937565144882231 0.36719754178487513 0.42043145085178552 -0.26493212656928428 0.034133762393146715 0.66855742427526244 0.017937732423117535 0.65846146077911605 0.031946876700333034 -0.034075730639950667 0.39742205238965506 0.047820640939425181 0.93659018491376889 0.3236211332392 2.8104942996244193 0.0056700211514698956 0.69344407039153777 0.047151862252197814 0.019656344513484667 -0.054007517861831771 -0.00013129309555437449 0.0093498698941811929 0.036696316272728763 0.9095668413226653 -0.012889885499559604 0.59413945367303933 0.013741127638661458 0.0036153816991523684 0.65897813551437168
decision_type=8 10 8 10 10 10 10 10 10 10 10 8 10 10 10 10 10 2 10 10 10 10 10 2 10 10 10 10 10 8
left_child=2 3 5 9 6 7 10 18 26 22 -3 -4 15 14 -14 21 -17 25 19 -1 -12 -6 27 -24 -20 -8 -5 -2 -10 -28
right_child=1 4 11 8 12 -7 17 -9 28 -11 20 -13 13 -15 -16 16 -18 -19 24 -21 -22 -23 23 -25 -26 -27 29 -29 -30 -31
leaf_value=-0.013404962417211399 0.0025791356679998778 0.032882357077422153 0.024513659993111298 0.024573231225646048 0.011491188728658666 -0.032026806890126935 0.010926405722138651 0.0027680115943926986 0.017087047921998225 -0.0062615560634023413 0.026509395837244088 -0.004900000826969465 0.0085649759272474757 0.015701344903869964 -0.019715945307832151 0.024335396694053213 0.00591523137328351 0.021303851294331152 -0.0086855147696298374 -0.025942105075487613 0.0087159722574128972 0.0030969562040468503 0.0085045720028151892 0.0015693992006769433 0.0091104587809195236 -0.0040343112209461499 0.018838612259222235 -0.0038271864272227791 -0.0022184360790716935 0.0023012478230797183
leaf_weight=466.47800107195508 93.13246462342795 29.440970603842288 8.0297505189664626 22.869622244499624 203.76166803739034 14.115562189719638 13.406940946355462 18.102638561511412 2.9782282165251699 46.781909575802274 16.384606394916773 6.738998646615074 10.025814717635514 11.782433522399513 11.7250986949075 47.827972434926778 25.271519936621189 14.499014992266892 53.934267425909638 27.198185828980058 22.398650941904634 49.608422480756417 120.70401313598268 71.445650877431035 6.5071081079076967 14.248760465532541 8.461917292326687 42.713047103723511 17.013711855979636 8.3378721270710248
leaf_count=104585 4537 226 166 314 3157 3365 131 3184 90 5436 135 1109 149 141 265 478 316 131 12332 6217 245 821 3686 2351 873 186 140 2079 1040 164
internal_value=6.91458e-05 0.00857209 -0.012718 0.00401512 0.012757 -0.0133501 0.0188622 -0.0128291 0.0135227 0.00246165 0.02415 0.0114423 0.0108298 0.00128137 -0.00674485 0.0117945 0.0181735 0.00987346 -0.0133481 -0.0141528 0.0167859 0.00987808 0.0037302 0.00596292 -0.00660368 0.00324186 0.0194813 0.000529666 0.0011916 0.0113899
internal_weight=1505.92 904.82 601.105 434.438 470.382 586.336 110.379 572.22 59.6614 374.777 68.2242 14.7687 360.003 33.5333 21.7509 326.47 73.0995 42.1547 554.118 493.676 38.7833 253.37 327.995 192.15 60.4414 27.6557 39.6694 135.846 19.9919 16.7998
internal_count=158049 26218 131831 19837 6381 130556 1054 127191 1748 18089 606 1275 5327 555 414 4772 794 448 124007 110802 380 3978 12653 6037 13205 317 618 6616 1130 304
is_linear=0
shrinkage=0.03


Tree=10
num_leaves=31
num_cat=0
split_feature=59 59 69 7 69 57 44 23 53 60 53 52 41 41 26 53 67 26 50 69 1 50 49 3 63 52 44 44 37 41
split_gain=177.475 17.4462 8.72009 9.29267 8.14303 6.4594 8.53067 5.91439 5.39866 5.20481 4.00068 4.36616 4.24619 4.34624 3.67039 3.36333 3.30965 3.26883 4.83258 3.17764 3.098 2.93046 2.50051 2.47185 2.31158 2.09453 2.02144 2.10787 1.77994 1.54345
threshold=0.86292912896318308 0.95557904627672086 -2.3446244291868226 0.011961845052013581 1.7889566112783 0.92086291413116983 0.14199908989674739 0.031301029710926749 0.019656344513484667 0.94050188118250755 0.017194055094707238 0.57588735318928053 0.0083481539330804173 0.010649409591326655 0.5535748947054856 0.010900370658205363 0.3169986417762663 0.76546319434286325 0.0043988175178439901 0.75644238436003886 -0.12604589715496869 0.041798985817246732 -0.016115049835654646 0.33563799313521786 0.1323369911956106 0.23099646237003255 0.085219017604033179 0.097286830999414278 -0.73689676616163469 0.018494542221708769
decision_type=8 10 8 10 10 10 10 10 10 10 10 2 10 10 10 10 10 10 10 10 10 10 10 10 8 2 10 10 10 10
left_child=5 4 17 23 7 8 -7 24 10 19 12 22 15 -14 -11 -1 -6 -3 -19 -5 -10 -13 -12 28 25 -2 -22 -28 -4 -26
right_child=1 2 3 9 16 6 -8 -9 20 14 11 21 13 -15 -16 -17 -18 18 -20 -21 26 -23 -24 -25 29 -27 27 -29 -30 -31
leaf_value=-0.0021612231926508752 -0.0071426751167405723 0.027348211096379478 -0.0082248198771431684 0.0020465180892813963 0.0197853486415615 -0.008282252290925168 0.023054049439531033 -0.008406819544278625 0.0047843025479713157 0.0035475510062227258 -0.0027461910561662793 -0.019036081797855844 0.002495264984419081 -0.011360886305295066 0.017098488543136479 -0.016443466116260626 0.0036643950945872213 0.023772808760640647 0.0056225675136996637 0.012517793127314368 -0.02939633485178611 -0.0012051904239980017 0.017271001752652955 0.016917029945568495 0.0023515880137354858 0.0074464098489608463 0.012746636664580391 -0.018035159451434701 0.0025009127442359937 -0.0061505056860307579
leaf_weight=16.575138709275052 8.509014501818454 39.723064046353102 16.392595269484445 53.713804294355214 36.204771742224693 34.744601209880784 8.9968292196281237 40.515066942898557 3.0015240623615673 21.287583996541798 12.212649111635985 18.210193088976666 23.256978164776228 132.6383055584156 179.26837360276841 266.19288638792932 18.058625596924685 27.831994350999594 26.828549342229962 52.14594334596768 31.244939933647402 15.521915019140577 8.7613968254881893 7.9840892869979134 151.78091987920925 131.29459478566423 1.4112041934859032 18.13163613434881 68.428175737033598 20.872310544946231
leaf_count=3665 293 267 427 1227 441 7655 309 5521 392 253 2797 4045 5248 30293 1980 60447 978 190 228 659 7577 3733 1845 92 7093 4097 327 3753 1645 895
internal_value=0.000158413 0.00853774 0.0123286 0.0103273 0.00391659 -0.0126038 -0.00139867 0.00222318 -0.0134899 0.0128413 -0.0124433 -0.00460082 -0.0134018 -0.00927193 0.0156998 -0.0156274 0.014638 0.0205653 0.0151793 0.00730156 -0.022633 -0.0111885 0.00588443 0.00194624 0.00363352 0.00649273 -0.0243724 -0.0151541 0.000321401 0.00127698
internal_weight=1491.74 900.839 493.604 399.221 407.235 590.9 43.7414 352.972 547.159 306.416 493.369 54.7062 438.663 155.895 200.556 282.768 54.2634 94.3836 54.6605 105.86 53.7893 33.7321 20.974 92.8049 312.457 139.804 50.7878 19.5428 84.8208 172.653
internal_count=158372 26286 6968 6283 19318 132086 7964 17899 124122 4119 112073 12420 99653 35541 2233 64112 1419 685 418 1886 12049 7778 4642 2164 12378 4390 11657 4080 2072 7988
is_linear=0
shrinkage=0.03


Tree=11
num_leaves=31
num_cat=0
split_feature=59 71 32 72 69 53 53 51 23 78 38 78 37 51 53 44 41 41 53 71 69 51 73 17 34 44 44 51 52 41
split_gain=157.365 16.8377 9.42025 6.64944 8.70729 5.94494 5.56868 5.4859 4.64196 4.40202 5.08461 4.31535 4.18297 4.16032 3.83618 4.8425 4.65457 4.35775 3.08689 3.03238 2.75217 2.60867 1.88211 1.98973 1.75581 1.5043 2.29678 1.48113 1.27279 1.19418
threshold=0.86292912896318308 1.5810443128117015 0.2803473246804839 2.0737796302702192 -2.6569093474222401 0.019447971045763061 0.019656344513484667 0.62382075471698128 0.032600781452970191 -1.7136972659028242 1.3034684370247966 0.8339684314390684 -0.080540568625728878 0.16188524590163936 0.017194055094707238 0.071111811361514468 0.0083481539330804173 0.010649409591326655 0.015585941308065832 -0.32885392981413031 1.7889566112783 0.79570623175274358 -1.0555605314386316 -0.19505278867942655 0.0068667303633037106 0.085219017604033179 0.097286830999414278 0.67557264784266113 0.60057639833257792 0.012731820069064372
decision_type=8 10 10 10 8 10 10 2 10 10 10 10 10 2 10 10 10 10 10 8 10 2 8 2 8 10 10 2 2 8
left_child=2 8 6 4 -3 7 14 11 20 24 -11 -5 -9 -8 16 21 18 -18 -1 -4 22 -16 23 -2 -6 -15 -27 -22 -24 -17
right_child=1 3 19 5 9 -7 13 12 -10 10 -12 -13 -14 25 15 29 17 -19 -20 -21 27 -23 28 -25 -26 26 -28 -29 -30 -31
leaf_value=-0.013612416078001744 0.00055526304490809164 0.021835664602665013 0.019434294278688806 0.020726696971698065 0.00035826681849784084 0.026886163099220078 0.0019756281705276255 0.00041018081383870379 -0.0073489807267614711 0.0098093369727813087 -0.001859508742613215 0.0045111806736242563 0.012866240716659256 -0.028663976647342739 0.0048204446577199246 -0.021664500927375804 0.0030009781641706186 -0.010502419403678683 -0.023252919523823638 -0.0050238976154493159 0.0059031594152805702 -0.015450472555696733 -0.0017521855381728429 0.010344462691258492 -0.015758253138100184 0.013620347879221352 -0.018760674685365363 0.022364101869422979 0.0033929264250968259 -0.0027907285078558218
leaf_weight=255.15374335460365 31.467116490006447 37.166638899594545 9.9287572039756906 83.04289429273922 38.389359115157276 32.559978435048833 5.520352831343188 42.202809766400605 37.932164763042238 217.19200065243058 38.893183115229476 19.316125829704106 57.984685302013531 32.967376463580877 34.265968476480339 12.500858742510898 24.614356437232345 137.65218790632207 37.197922662715428 6.9825646950048421 12.607143302913757 5.7946714267600319 80.216013762634248 48.04892096016556 6.1510250130668274 1.4125604683067674 15.015163327800108 9.3336897827684862 90.780307472450659 4.8048853955697295
leaf_count=58983 1162 290 300 953 1029 378 886 640 5099 4640 1100 247 727 8015 7626 2890 5527 31896 8480 1320 223 1292 4445 1508 158 320 3208 123 3558 1239
internal_value=-1.93526e-06 0.0079808 -0.0120776 0.0110272 0.00826747 0.0149276 -0.0127407 0.0128679 0.00233096 0.00651325 0.00802511 0.017769 0.00770483 -0.0219144 -0.01171 -0.00422628 -0.0126365 -0.00842987 -0.0149244 0.00945151 0.00371157 0.00151037 0.00277327 0.00656282 -0.0020987 -0.0246301 -0.0151824 0.0137061 0.000965708 -0.0170269
internal_weight=1467.1 883.284 583.811 572.899 337.792 235.106 566.9 202.547 310.385 300.626 256.085 102.359 100.187 54.9155 511.985 57.3664 454.618 162.267 292.352 16.9113 272.453 40.0606 250.512 79.516 44.5404 49.3951 16.4277 21.9408 170.996 17.3057
internal_count=158262 26280 131982 10162 7217 2945 130362 2567 16118 6927 5740 1200 1367 12429 117933 13047 104886 37423 67463 1620 11019 8918 10673 2670 1187 11543 3528 346 8003 4129
is_linear=0
shrinkage=0.03


Tree=12
num_leaves=31
num_cat=0
split_feature=59 59 32 69 69 53 69 0 43 44 38 23 16 9 59 1 41 53 52 44 53 46 41 45 63 59 8 17 63 50
split_gain=151.277 20.3302 10.0066 9.00204 6.31421 5.261 4.99725 5.44996 4.75118 5.83465 5.24864 4.54289 4.21148 3.94738 3.83202 3.51837 3.06802 6.30338 4.90484 4.08398 3.88208 3.72634 3.29817 2.82711 2.79672 2.76288 2.28089 2.39856 2.34323 2.23987
threshold=0.86292912896318308 0.95557904627672086 0.2803473246804839 -2.3446244291868226 1.7889566112783 0.019656344513484667 1.2603936107687692 0.024286107757814705 0.047820640939425181 0.027968604964057623 1.2838541523119407 0.031301029710926749 0.090500386901118959 0.5917709871614375 0.90179360784418805 -0.12604589715496869 0.0083481539330804173 0.016926752438845592 0.60545601888554168 0.064480487896289365 0.015585941308065832 0.010494865684616593 0.0084451204967276334 0.0047898568642058053 0.16836741069011338 0.98960494467496563 0.0090031612061497145 -0.0085501107789502494 0.1323369911956106 0.0043988175178439901
decision_type=8 10 10 8 10 10 10 10 10 10 10 10 10 8 10 10 10 10 2 10 10 10 10 10 10 10 10 2 10 10
left_child=2 4 5 25 11 16 8 24 10 -10 -5 26 14 -4 -6 -7 17 20 19 -18 -1 -19 -20 -14 -8 29 27 -2 -28 -3
right_child=1 3 13 6 12 15 7 -9 9 -11 -12 -13 23 -15 -16 -17 18 21 22 -21 -22 -23 -24 -25 -26 -27 28 -29 -30 -31
leaf_value=-0.013339234412303459 -0.0043761481541599164 0.021099844259529581 0.02493146685981253 0.010443313458351764 0.000706452177799435 0.0042413814680900812 0.023723460725628854 0.00079250213376745116 0.011663026029012674 -0.016850965735345797 -0.0046222425104389918 -0.0082824627143259222 0.015167093242053772 -0.0022765800508596202 0.022888390084920354 -0.023669306314225938 -0.003487843489643855 0.0088005816629415749 0.024417997601185949 0.02057808626932631 -0.024596151494923616 -0.011007983484518927 -0.01128498288659157 -0.0096046199190723946 0.013390996914826817 0.025701498918620322 0.0073428375427618073 0.0043244838853849724 0.00063286147726203141 0.0062677455372609214
leaf_weight=250.63279179704841 65.637669910327531 19.877580592408776 7.5738196490565315 199.99617341673002 9.5820934856310469 3.9229809776879838 41.950350992381573 21.775292014237493 10.214595485478641 14.1896237693727 22.35698857717216 36.910608141100965 5.5177539389114818 10.155642235535199 29.18508177890908 49.522802171646617 32.029739156947471 16.816670145490207 1.4067229187348846 6.8413725376012726 33.030377416871488 15.3950358297443 148.81148702814244 10.362585397029759 74.131100380793214 49.843307694420218 117.10592226043809 48.707388522801921 79.683022186742164 19.80618857499212
leaf_count=58830 3428 159 273 3328 273 404 389 339 197 344 624 5475 195 1358 386 11900 7231 3988 338 1601 7620 3582 34741 554 1022 262 3382 2765 2833 228
internal_value=0.000158754 0.00800425 -0.0117694 0.0122104 0.00302639 -0.0124791 0.0101526 0.0147567 0.00751921 -0.0048088 0.00890117 0.00151168 0.012419 0.00989677 0.0176367 -0.0215253 -0.0114751 -0.0133185 -0.00832606 0.00108243 -0.0147424 -0.000622649 -0.0107715 -0.000431148 0.0173214 0.0208078 0.00270601 -0.000638584 0.00465796 0.0141069
internal_weight=1452.97 876.833 576.139 474.141 402.692 558.41 384.614 137.857 246.757 24.4042 222.353 348.045 54.6475 17.7295 38.7672 53.4458 504.964 315.875 189.089 38.8711 283.663 32.2117 150.218 15.8803 116.081 89.5271 311.134 114.345 196.789 39.6838
internal_count=158049 26183 131866 6892 19291 130235 6243 1750 4493 541 3952 17883 1408 1631 659 12304 117931 74020 43911 8832 66450 7570 35079 749 1411 649 12408 6193 6215 387
is_linear=0
shrinkage=0.03


Tree=13
num_leaves=31
num_cat=0
split_feature=59 71 69 69 7 4 26 16 78 46 45 14 23 69 59 48 54 50 43 26 25 70 38 45 44 58 33 1 59 0
split_gain=128.746 14.8551 6.83841 6.24076 5.78273 5.67652 4.92257 4.60757 4.27483 4.15944 4.12038 3.93851 3.76151 3.73835 3.68428 3.62004 3.60991 3.30241 2.84895 2.51065 2.35031 2.18316 1.70744 1.68592 2.53857 1.6647 1.55387 0.805093 0.769916 0.726981
threshold=0.86292912896318308 1.9988914454482816 1.7889566112783 -2.000573360816555 0.0092476131675774693 0.39506112745364347 0.52701680270403817 0.039606826973046079 0.79247197589128004 0.034133762393146715 0.018188372896679614 0.038245147799984232 0.031301029710926749 0.74117890813164988 0.99371727059814219 -0.010642467766697526 0.56052014714107801 0.032903037304576117 -0.041568662658542747 0.80618212428478253 -0.67872938730447252 -0.63899538684779789 0.76966987203545678 0.017937732423117535 -0.075688170239417693 0.87869224606071406 0.070276742257042987 0.034404036222899677 0.95557904627672086 0.00051835217369411446
decision_type=8 10 10 8 10 10 10 10 10 10 10 10 10 8 10 10 10 10 10 10 10 10 10 10 8 10 10 10 10 10
left_child=5 2 12 8 13 9 20 -4 19 10 16 -8 23 27 -10 -9 18 -18 -1 -3 -6 -7 -21 24 -2 -17 -15 -5 -14 -12
right_child=1 3 7 4 6 21 11 15 14 -11 29 -13 28 26 -16 25 17 -19 -20 22 -22 -23 -24 -25 -26 -27 -28 -29 -30 -31
leaf_value=0.004889157420224481 0.017679084387649601 0.026227316472472836 0.023224101789788249 -0.016248749459941123 0.0056554033402435363 0.02211591465014397 0.0067204319758587929 -0.010157098089401333 -0.0040844357712050581 -0.027865191328035836 -0.0027921689328506824 0.014462198528226678 -0.008722004603164182 -0.0014042504328121415 0.017706279159472201 0.018128827806333948 -0.018038481593619878 -0.008736545449845045 -0.010238290694183087 0.020357248580276478 -0.010519983016624029 -0.002626076483981628 0.0079404366217634137 -0.009172746606130917 0.0025044607162416715 0.0020900246146416152 0.012751827677646167 -0.00080982455835988481 0.0015240564873113328 0.009569583669015674
leaf_weight=10.748877875623291 9.3924982594326121 39.390553813660517 21.901994644664228 11.67928431928158 19.18544477480464 5.0602315664291382 98.138637580210343 8.8374825960490835 14.159647032618524 13.457809415878726 6.7819083947688332 168.58821059385082 34.19896694261115 13.384044168516995 11.947485733777283 13.198789905640298 118.726560097537 54.76870499481447 346.40131850010948 24.36966912355274 12.442811831133438 6.0318862887797859 21.557122471975163 9.4631162008736265 295.5525790740503 11.161793722538276 12.503027881029992 4.6957035020459434 7.2056656403001389 8.2610530479578284
leaf_count=2315 279 280 288 409 308 118 1732 468 240 3356 1524 2165 5378 328 94 276 28103 12654 81612 182 263 830 204 438 11882 389 254 138 240 1428
internal_value=-0.000103702 0.00720055 0.00305099 0.0109509 0.00886948 -0.0111559 0.0103376 0.0127947 0.0171514 -0.0115831 -0.0111258 0.0116607 0.00150207 -0.00142493 0.00606236 0.00534842 -0.0115665 -0.0151861 -0.00976226 0.0204004 -0.000743568 0.00930865 0.0148864 0.00263296 0.00303791 0.0112705 0.00554131 -0.0122956 -0.00687424 0.00398281
internal_weight=1433.19 862.955 410.913 452.042 340.617 570.238 298.355 55.1001 111.424 559.146 545.688 266.727 355.813 42.2621 26.1071 33.1981 530.645 173.495 357.15 85.3173 31.6283 11.0921 45.9268 314.408 304.945 24.3606 25.8871 16.375 41.4046 15.043
internal_count=158175 26235 19638 6597 5597 131940 4468 1421 1000 130992 127636 3897 18217 1129 334 1133 124684 40757 83927 666 571 948 386 12599 12161 665 582 547 5618 2952
is_linear=0
shrinkage=0.03


Tree=14
num_leaves=31
num_cat=0
split_feature=59 59 69 32 69 53 55 7 57 72 14 23 51 43 42 48 42 44 6 78 76 53 72 41 14 17 12 75 18 54
split_gain=116.278 13.9107 7.34706 6.67693 5.96387 5.5434 4.42657 4.03855 4.18078 5.10953 3.60541 3.31086 3.1211 2.97614 3.66084 3.48093 3.29497 2.77157 2.74842 3.60401 2.60795 2.43068 2.42528 2.15191 2.11349 2.0119 1.75971 1.64372 1.60806 1.55946
threshold=0.86292912896318308 0.95557904627672086 -2.1360658857514445 0.2803473246804839 1.7889566112783 0.019858296365560999 0.62670620122766774 0.011961845052013581 0.98274000148953611 2.0737796302702192 0.98299996180921445 0.031301029710926749 0.16188524590163936 -0.053124800089148654 -0.015890011651909727 -0.066023517209084101 -0.038664921694343705 0.15576978428121704 0.051829731077108039 0.79247197589128004 -0.13316735185361103 0.013544352289675687 1.0401212240785118 0.018494542221708769 0.18065313375247274 -0.12698830680429393 0.33563799313521786 0.17289282429143388 69.053923601412109 0.43507755479464671
decision_type=8 10 8 10 10 10 10 10 10 10 10 10 2 10 10 8 10 10 10 8 10 10 10 10 8 2 10 10 8 10
left_child=3 4 18 5 11 13 21 23 9 -9 -10 22 -7 14 -1 -15 -17 -5 19 20 -3 -6 25 26 -19 -2 -4 -24 -8 -14
right_child=1 2 7 17 6 12 28 8 10 -11 -12 -13 29 15 -16 16 -18 24 -20 -21 -22 -23 27 -25 -26 -27 -28 -29 -30 -31
leaf_value=-0.0079941095951834261 -0.0045303729359524505 0.021865939975521571 0.0024965192245756033 -0.0071857720716712349 0.0065170556410208058 8.3512443789251234e-05 -0.0065647247312423766 0.0030671480138247053 0.02205497342333201 0.012566146685975933 0.0061999120216557112 -0.007376295435703264 -0.0035813538937972912 -0.021106475362297393 0.013669145086507265 0.019294128692027908 -0.010261618871750193 -0.0034052355415940838 0.025533833540349108 0.0010713113429905643 0.0084063885119372954 0.023288426759781586 0.0068385196372295872 -0.012192495296002526 0.024486417474158455 0.002171212865591503 0.016918893657989962 -0.0044832485804585801 0.0090091044956311442 -0.025564564504101238
leaf_weight=20.445430910214785 57.054948849603534 40.050259692594409 73.507884437567554 6.0950849841465269 13.63779294118285 5.3119680045638225 11.855579553986901 100.95374641218223 41.459818162024021 105.9463789081201 20.869879009202123 34.974443070648704 3.8725458621047428 27.840543959289789 9.4164306168677268 2.4681677835760629 441.5707736457116 2.8856946195010078 28.714639954268932 16.118223233148456 22.956578677520156 23.877281135879457 104.35108166083228 6.9732555216178289 7.4162518950179219 130.79857199522667 7.7240976318716994 11.939276955323292 10.089367128908632 37.896751868771389
leaf_count=4886 2640 281 1876 1026 178 874 555 2123 366 1240 227 5532 963 6577 1634 648 105525 429 181 233 200 239 3363 213 155 5923 79 469 486 9217
internal_value=-4.32642e-06 0.00691285 0.010434 -0.010575 0.00277915 -0.011143 0.0114664 0.00830569 0.0101308 0.00798273 0.0169753 0.0012179 -0.0210332 -0.010169 -0.000844195 -0.0107497 -0.0100476 0.00780987 0.0173196 0.0140197 0.0172168 0.017597 0.00223694 0.00265005 0.0167982 0.000106708 0.00409345 0.00562225 0.000545302 -0.023728
internal_weight=1429.07 863.853 465.275 565.22 398.578 548.823 59.46 357.435 269.23 206.9 62.3297 339.118 47.0813 501.741 29.8619 471.879 444.039 16.397 107.84 79.1251 63.0068 37.5151 304.144 88.2052 10.3019 187.854 81.232 116.29 21.9449 41.7693
internal_count=158338 26404 7019 131934 19385 130324 1458 6124 3956 3363 593 17927 11054 119270 6520 112750 106173 1610 895 714 481 417 12395 2168 584 8563 1955 3832 1041 10180
is_linear=0
shrinkage=0.03


Tree=15
num_leaves=31
num_cat=0
split_feature=59 6 32 53 69 55 36 30 14 63 69 16 44 53 44 54 72 1 9 45 26 45 38 38 52 9 0 53 63 54
split_gain=104.746 12.9236 8.68345 5.52602 5.18049 5.2006 5.10299 4.70431 4.23769 5.21883 4.27856 3.92676 3.77865 3.64147 3.85552 3.36557 3.11955 3.0259 2.97815 2.84514 2.59389 2.414 2.32662 2.32157 2.11887 1.90432 1.87782 1.86643 1.73936 1.73086
threshold=0.87066310274021108 0.030498647723762741 0.2803473246804839 0.019656344513484667 2.3617364200331212 0.50320514283888007 -0.31802788338412408 0.66692446285963281 -0.032529831585188455 0.1206720259502151 -1.1481832426537373 0.050620013178351193 0.05207707518073413 0.017635968449793909 0.043656047087019319 0.65055136033837868 0.55158021294547011 -0.12604589715496869 0.5917709871614375 0.018438701294419196 0.62313281592051117 0.011930572666758116 0.52449094038828969 0.91630843400091011 0.7350792091366819 2.1280161109286966 -0.003888783656983918 0.012518593118514545 0.10876430757152673 0.6333665778820875
decision_type=8 10 10 10 10 10 10 10 10 10 8 10 8 10 10 10 8 10 8 10 10 10 10 10 2 10 8 10 10 10
left_child=2 4 3 13 5 12 7 -3 10 20 15 -6 16 19 29 -8 -2 -5 -4 21 -10 -1 -11 -14 26 27 -13 -7 -12 -15
right_child=1 6 18 17 11 25 8 -9 9 22 28 24 23 14 -16 -17 -18 -19 -20 -21 -22 -23 -24 -25 -26 -27 -28 -29 -30 -31
leaf_value=-0.0098125229749202094 0.0013586628345868918 0.024097588168841718 0.023689907201166985 0.0032525589758284792 0.022430271650006557 0.00080825243648330303 0.01154262447681796 0.0063946934587259105 0.0058406840755078175 -0.00601019400768113 0.0021381791853067279 -0.015690482327841461 0.0033264761286482805 0.014175272208811989 -0.010232231571501618 -0.0036154956921421121 0.010231434835762538 -0.02184792672959195 0 0.0060488022321201736 0.021981600368848355 -0.017887160259239438 0.0094111198505265024 -0.0053324779911911313 0.014444696333046753 0.0034319509410792228 0.0045710458851929391 -0.0079177012341972181 -0.010761645891415027 -0.0030480935297604057
leaf_weight=423.52473608049331 52.858757394307759 44.874893565429375 7.260510801221244 4.2480266622733316 20.426361567107961 33.149880243872758 64.75818470842205 21.186254462227225 12.505570903187616 8.6993705269414914 19.471674899570644 4.856923682440538 90.409855213714764 13.344131869962441 18.903638566145673 15.634539312915875 116.61735892028082 48.542456880561076 10.948707148316318 8.6742903583217394 51.963916836073622 38.316859273705631 103.78558640787378 38.988462700974196 11.752661664504556 32.91767314018216 12.673995068646041 60.728559186449274 16.23336113570258 7.4121706362348041
leaf_count=98905 1646 434 264 414 227 1925 1051 265 206 264 410 175 4352 2687 4593 415 2891 12060 1421 1616 586 9215 1881 1102 237 1402 361 4571 702 1628
internal_value=-3.33908e-05 0.00677155 -0.00980441 -0.01047 0.00350576 0.00241091 0.0110646 0.0186449 0.00928801 0.0122164 0.00473274 0.0125895 0.00456993 -0.00946714 -0.000638657 0.00854966 0.00750586 -0.0197494 0.0100898 -0.010202 0.0190335 -0.0105261 0.00814958 0.000673591 0.00511217 -0.00265065 -0.0014243 -0.00482877 -0.00377842 0.00802944
internal_weight=1415.67 834.494 581.176 562.966 475.38 425.671 359.113 66.0611 293.052 176.954 116.098 49.7099 298.874 510.176 39.6599 80.3927 169.476 52.7905 18.2092 470.516 64.4695 461.842 112.485 129.398 29.2836 126.796 17.5309 93.8784 35.705 20.7563
internal_count=157906 25103 132803 131118 18889 17889 6214 699 5515 2937 2578 1000 9991 118644 8908 1466 4537 12474 1685 109736 792 108120 2145 5454 773 7898 536 6496 1112 4315
is_linear=0
shrinkage=0.03


Tree=16
num_leaves=31
num_cat=0
split_feature=71 72 69 69 32 53 50 53 37 44 15 6 73 53 49 44 53 50 66 44 54 66 69 36 31 72 76 32 32 25
split_gain=99.5737 12.3602 8.64677 9.16156 6.27012 4.97014 4.72523 4.73593 4.70155 4.52606 4.45065 4.00974 3.98411 2.89496 3.94975 3.37536 3.19976 3.13489 2.85313 2.75659 2.67305 4.17278 2.63885 2.50658 3.3793 2.41401 2.36501 2.22431 2.07063 1.91817
threshold=0.92502976554175376 2.0737796302702192 -2.6569093474222401 2.3617364200331212 0.2803473246804839 0.019858296365560999 0.028720603670372772 0.019357452444862106 0.51584638609287703 0.090144134517466515 -0.18017817275031459 0.030498647723762741 -0.023799515496370747 0.016926752438845592 0.012914304624734864 0.074067882119761466 0.010900370658205363 0.04350847334946973 0.29214597207963716 0.084656299703340113 0.51251094990617541 0.66529349873572396 0.85220028436911921 0.21576059182815885 -0.047278922835708719 2.6031924264987327 -0.53800101186586136 0.036560702601347979 0.0020011297160238421 -0.25748937224681417
decision_type=8 10 8 10 10 10 10 10 10 10 10 10 10 10 10 10 10 10 10 10 10 10 10 10 10 10 10 10 10 8
left_child=4 2 -2 12 5 13 11 8 9 -8 -7 18 22 15 -15 16 -1 -16 25 -17 27 -22 -4 24 -5 -3 -25 -13 -10 -14
right_child=1 6 3 23 -6 10 7 -9 28 -11 -12 20 29 14 17 19 -18 -19 -20 -21 21 -23 -24 26 -26 -27 -28 -29 -30 -31
leaf_value=-0.00039493093402929915 0.018238234705502735 0.007176072455785343 0.0023682624046258696 0.0036425655037800437 0.0073678762770325512 0.0088658391455993038 0.0028472095842027303 0.019672152377551416 0.00256938539889497 -0.018050251814925443 -0.02234108087660076 0.030038170145563221 0.00092448894656513433 0.0031963713348621024 -0.018000210327597604 0.0022910000788551421 -0.012176100164313235 0 0.012984040189247745 -0.008763523825816133 0.019168725332540139 0.00043680868611994895 0.0099935203985491213 -0.0047202342823129311 0.023668845664050968 -0.013698229904164227 0.01120223008945543 0.01592066841866208 0.021108033490959462 -0.0058791887242557869
leaf_weight=22.767252958496101 36.449745851801708 12.404242088086905 272.57058143953327 11.422965373378245 18.210387933591846 3.8682706826366475 27.849041982903145 17.028802601387724 10.717941610608252 12.743867842480538 42.587651803274639 27.486278696451336 74.705928668379784 37.205427549139131 20.301357853924856 31.57002613961231 330.98120332555845 14.923570498707702 47.957926783768926 52.526308128959499 33.621520109008998 16.041750893462449 47.817255175730679 10.461656716652213 27.40717544965446 6.9227403728291383 30.788097841083072 24.813571579521522 11.718104374944231 71.781617599306628
leaf_count=5168 348 302 10011 260 1645 309 525 240 161 278 10812 231 3950 8318 4595 7395 78314 3766 950 12120 342 223 934 230 282 169 618 251 165 5086
internal_value=4.56479e-05 0.00667477 0.00426496 0.00329671 -0.00954528 -0.0101161 0.0122624 0.00608562 0.00211812 -0.00391752 -0.0195473 0.0151137 0.0016689 -0.00921506 -0.00353185 -0.0101382 -0.0114296 -0.0106132 0.00912843 -0.00460021 0.0189072 0.0133054 0.00354321 0.0126124 0.0180922 -0.000459375 0.00707687 0.0238208 0.0128674 -0.00240636
internal_weight=1407.65 832.711 583.405 546.955 574.941 556.731 249.306 80.0578 63.029 40.5929 46.4559 169.248 466.875 510.275 72.4304 437.845 353.748 35.2249 67.2849 84.0963 101.963 49.6633 320.388 80.0799 38.8301 19.327 41.2498 52.2999 22.436 146.488
internal_count=157998 25556 21719 21371 132442 130797 3837 1369 1129 803 11121 2468 19981 119676 16679 102997 83482 8361 1421 19515 1047 565 10945 1390 542 471 848 482 326 9036
is_linear=0
shrinkage=0.03


Tree=17
num_leaves=31
num_cat=0
split_feature=59 59 13 72 57 69 66 53 49 17 46 52 48 41 16 54 53 66 71 66 78 2 53 53 17 38 9 57 64 60
split_gain=96.5245 10.9458 6.60868 5.8646 5.30523 5.76251 4.65281 4.10457 6.98587 5.20435 3.56911 4.17063 3.17665 4.71909 3.15739 2.84136 2.70976 2.6056 2.59336 2.5738 2.21888 2.05871 1.7033 2.29676 1.45928 3.06194 1.96369 2.4862 1.14469 1.085
threshold=0.86292912896318308 0.90179360784418805 0.36719754178487513 2.0737796302702192 0.98274000148953611 -2.6569093474222401 0.98565567747109939 0.019447971045763061 0.028361639053677726 0.2881070291750642 0.034133762393146715 0.23099646237003255 -0.024865420475417895 -0.009897987522213712 0.078628997251808844 0.53852524411904246 0.012797159158465335 0.25257736341568149 -0.88123626944641964 0.40378559360266092 0.48266398716603515 0.042986502635640307 0.015066937119941589 0.018457252108093701 -0.18518551978914174 0.84650594658434863 1.8911023111255794 0.9896587273069487 0.76802612608676668 0.36747675891726
decision_type=8 10 10 10 10 8 10 10 10 2 10 2 10 10 10 10 10 10 10 10 10 10 10 10 2 10 10 8 10 8
left_child=2 21 10 4 5 17 -7 8 9 -5 11 22 16 -14 19 -16 -13 -3 -4 -6 -9 24 29 -24 25 -2 -26 -28 -27 -1
right_child=1 3 18 7 14 6 -8 20 -10 -11 -12 12 13 -15 15 -17 -18 -19 -20 -21 -22 -23 23 -25 26 28 27 -29 -30 -31
leaf_value=0.021307986757999654 -0.012670045509131448 0.024442672923022428 0.028001375372798436 0.013975189732425756 0.010666287564877773 0.0041379216814777459 -0.012410707134794426 0.027829383332691679 -0.0099846113232581694 0.0006363518287259421 -0.025589949703573023 -0.024362085666530593 0.0026291105946384804 -0.0098046359922423186 0.00015719624376982197 0.016577251325531436 -0.012265345164891573 0.0074154903832014916 0.0011670578975466037 0.029039882436446004 0.0099927402673666531 -0.0073404013112435265 -0.01145018570194559 0.0062823533243160749 0.0010594642173377936 0.0081672098386484249 0.0030727757248115916 0.025147495731295367 -0.0059459083168050594 0
leaf_weight=3.9355847169645104 17.359583077137358 16.643202176317573 3.8109941256698212 161.31566304014996 15.773894517682495 311.83636384515557 15.040852550941052 20.918155543506145 13.337713218526913 32.106641779886559 12.732807724154553 20.701276549370959 29.263446618802845 316.06686600763351 22.086798263480887 16.160620481241494 128.78363821015228 18.532954743597656 11.019174206652677 15.97495927615091 11.959418638842179 29.033800961566158 13.265455354936423 11.095239443588069 86.658365170704201 15.324199197173586 13.404550926876256 6.6041660782648242 6.4808012061985201 4.1895456637721518
leaf_count=775 1221 99 51 2279 215 9764 648 240 261 563 3281 4771 7142 77051 459 271 31609 223 1205 126 201 2628 2928 1684 5543 649 579 166 296 1192
internal_value=0.000125544 0.00649915 -0.00958744 0.00823748 0.00611126 0.00461229 0.00333178 0.0120171 0.0103307 0.0117911 -0.0101362 -0.00970967 -0.0103924 -0.00873778 0.0136482 0.00741718 -0.0141112 0.0160076 0.00958559 0.0206073 0.0219162 -0.000169876 0.000599023 -0.00332623 0.00127755 -0.00357962 0.00310549 0.0113518 0.00376422 0.0117713
internal_weight=1401.42 846.553 554.864 671.687 432.05 362.053 326.877 239.638 206.76 193.422 540.034 527.301 494.815 345.33 69.9963 38.2474 149.485 35.1762 14.8302 31.7489 32.8776 174.865 32.4858 24.3607 145.832 39.1646 106.667 20.0087 21.805 8.12513
internal_count=158120 26431 131689 15349 11805 10734 10412 3544 3103 2842 130433 127152 120573 84193 1071 730 36380 322 1256 341 441 11082 6579 4612 8454 2166 6288 745 945 1967
is_linear=0
shrinkage=0.03


Tree=18
num_leaves=31
num_cat=0
split_feature=59 59 69 32 36 3 37 45 30 61 61 6 3 53 51 59 8 60 54 53 45 45 53 48 52 54 60 59 50 37
split_gain=96.8217 11.6444 8.37865 6.11164 5.51317 4.81483 4.17491 5.10909 3.71948 3.99493 3.59738 3.5308 3.53001 3.52035 3.70435 3.38845 3.2547 3.19241 3.00878 2.93437 2.85238 2.54081 2.57184 4.16162 4.10204 2.46931 2.44911 2.41292 1.93551 1.91366
threshold=0.8551968087450964 0.97481634163099218 1.2915360392881925 0.29953390238644689 -0.23407664367581646 0.042571924128169798 -0.39910082373079786 0.0078258422465635642 0.6868450664428285 0.2642098910072071 0.89390847247990113 0.051829731077108039 -0.015208344704324859 0.019858296365560999 0.16188524590163936 0.90572098097046594 0.0094013806987268671 0.97486908239256875 0.39102821236855634 0.014330049374722388 0.016631429678741014 0.018438701294419196 0.017033352714727442 -0.030773991793001606 0.60809578262408459 0.51183616142414545 0.172156229942415 0.95557904627672086 0.021413638551473383 0.40642710588123793
decision_type=8 10 10 10 10 10 10 10 10 10 10 10 8 10 2 10 10 10 10 10 10 10 10 10 2 10 8 10 10 10
left_child=3 2 12 13 8 15 11 17 9 -3 -9 18 16 21 -15 29 27 -8 -6 -17 -18 22 23 -1 -24 -10 -5 -2 -11 -4
right_child=1 4 5 26 6 -7 7 10 25 28 -12 -13 -14 14 -16 19 20 -19 -20 -21 -22 -23 24 -25 -26 -27 -28 -29 -30 -31
leaf_value=-0.016228582533631696 -0.0033384743751809281 0.028075573993184503 -0.0042903130254800586 0.022203945489149828 -0.017425091912004306 0.0033917673656017914 0.0097762656352224399 0.0084469996246248156 0.016003261084724517 0.019775559826233337 -0.0078693513994010245 0.014844242110632342 -0.00076995031759591185 0.0037976623698910837 -0.021205391542376169 0.012141968957040597 0.0083619830885994072 0.021355009931886781 0.0013994060023994189 0.02697061308226199 -0.0064864750623142868 0.0053290294068733699 0.0051120992030011143 -0.008748509366006239 -0.01004102348701604 -0.0007097180810858696 -0.0012252645227582314 0.010836257697100945 0.0046379793041832736 0.016940583017038421
leaf_weight=88.235604988294654 56.804816134506837 36.062628655228764 10.19680615828838 6.0602332233684111 8.5709787402302009 45.725275009521283 49.496849373215809 43.977395140100271 15.231671619461851 16.274804899469018 15.612684814725069 12.825704065384341 204.05499763129046 5.5863155040424308 39.94186145067215 29.484665108611807 138.94007902080193 44.284204745665193 36.312879345146939 25.65919726958964 11.744080412550828 9.7422760409535822 26.376999426342081 323.29178001458058 37.743590857135132 14.804902546107767 8.5682007811847143 12.266827841987832 16.148969415109605 4.7544919645879409
leaf_count=21783 2944 272 351 139 158 1889 851 633 170 131 310 141 12845 897 10168 420 3785 391 635 287 527 1951 5860 79419 9380 204 1088 252 187 113
internal_value=0.00038053 0.00671501 0.00403325 -0.0094689 0.0113516 0.0111546 0.00851837 0.011096 0.0172448 0.0211223 0.00406326 0.00154443 0.00205836 -0.010002 -0.0180574 0.0160574 0.00468978 0.0154431 -0.00243134 0.0194529 0.00714981 -0.00920467 -0.0095192 -0.010395 -0.0037787 0.0079114 0.00908866 -0.00065957 0.0126902 0.00291178
internal_weight=1394.78 849.235 539.631 545.547 309.604 115.82 211.081 153.371 98.523 68.4864 59.5901 57.7096 423.811 530.918 45.5282 70.0952 219.756 93.7811 44.8839 55.1439 150.684 485.39 475.648 411.527 64.1206 30.0366 14.6284 69.0716 32.4238 14.9513
internal_count=158181 27496 23413 130685 4083 3060 3119 2185 964 590 943 934 20353 129458 11065 1171 7508 1242 793 707 4312 118393 116442 101202 15240 374 1227 3196 318 464
is_linear=0
shrinkage=0.03


Tree=19
num_leaves=31
num_cat=0
split_feature=59 59 69 32 53 69 60 69 3 3 66 53 8 52 5 54 40 50 42 50 53 6 66 8 26 6 45 9 53 16
split_gain=83.5659 11.5861 7.09468 5.21918 4.06308 3.9317 4.03583 4.75063 3.58111 3.50179 3.47502 3.47361 3.4585 3.42582 3.33729 3.23068 3.06145 2.64579 2.52378 3.67877 2.79356 2.5123 2.26853 2.22652 2.20862 2.11412 2.10053 2.01184 1.9629 1.95859
threshold=0.86292912896318308 0.97481634163099218 1.6493751581776175 0.29953390238644689 0.019656344513484667 -2.3446244291868226 0.97486908239256875 1.2915360392881925 0.03785751789698056 0.012613871817395707 0.60211646136618147 0.017635968449793909 0.0090031612061497145 0.60809578262408459 0.024075679924352684 0.48188332359935759 0.056850880940760795 0.014940289537734632 0.024424351612015619 0.032964856113204107 0.010989559495124484 0.051829731077108039 0.077081220419202179 0.0083752545707438241 0.74617708139065964 0.035539652476200896 0.017937732423117535 0.5917709871614375 0.013751366454405592 0.043764779314290465
decision_type=8 10 10 10 10 8 10 10 10 8 10 10 10 2 10 10 10 10 10 10 10 10 10 10 10 10 10 10 10 8
left_child=3 2 9 4 11 21 7 -7 12 23 14 18 -4 -13 -8 -12 -6 -10 20 -20 -1 25 -9 28 -19 -3 -25 -5 -2 -14
right_child=1 5 8 27 16 6 10 22 17 -11 15 13 29 -15 -16 -17 -18 24 19 -21 -22 -23 -24 26 -26 -27 -28 -29 -30 -31
leaf_value=-0.00011686312989546278 0.0025509860863567432 0.01923946845247778 0.0011217479546144506 0.018125745198663661 -0.019695592770052547 -0.0010011158087962551 0.0029682136326751752 -0.00062812174523598169 -0.0088395067479997771 -0.0020089173607674466 0.013601564442512341 0.0087689746848391755 0.023555988162324151 -0.0086852206944580488 0.01967299329139428 -0.0023820049899653164 0.0080547615789323956 -0.0033966922876524758 -0.010843420944745073 0.002513737662975172 -0.011071363111882435 0.024738114856955699 0.014358716031653972 0.0057941070499394395 0.013062958414995534 0.005949500788255597 -0.0077039144156348825 -0.0022893680686569325 -0.007990318477380234 0.0081377444773113646
leaf_weight=22.901374864857644 45.308388287667185 20.730102891102433 12.270570558379402 7.2867744779214254 46.697118429117836 61.754859977168962 14.103494172915815 11.008773081004618 10.134395936445797 149.45006055629347 21.608970396220684 19.132752405363135 30.898528961115517 19.35093622864224 59.582890107296407 21.881676306948066 3.1798720608931026 9.7939600704703462 35.675958254141733 36.386224719812162 348.14734007767402 25.083371805027127 41.079576149582863 206.24942551890854 22.477303408319131 25.822990221902728 9.8956034259172139 8.2507302887970564 23.102268197573721 12.440884759882463
leaf_count=5542 1968 159 234 213 12134 1512 226 209 445 10562 200 4023 308 4859 564 308 237 315 8824 9206 85873 147 518 5846 647 220 453 1088 1362 195
internal_value=6.57534e-05 0.00603809 0.00335344 -0.00903631 -0.00954231 0.0107208 0.00872136 0.00459619 0.010607 0.00168778 0.012631 -0.00865168 0.0155744 0 0.0165984 0.00561945 -0.0177439 0.00381509 -0.0094009 -0.00411586 -0.0104054 0.0169187 0.0111826 0.00364004 0.00802552 0.0122108 0.00512969 0.0076206 -0.00102942 0.0194811
internal_weight=1381.69 834.678 532.021 547.009 531.472 302.657 231.02 113.843 98.0156 434.006 117.177 481.595 55.61 38.4837 73.6864 43.4906 49.877 42.4057 443.111 72.0622 371.049 71.6365 52.0883 284.556 32.2713 46.5531 216.145 15.5375 68.4107 43.3394
internal_count=158397 26398 22335 131999 130698 4063 3537 2239 2144 20191 1298 118327 737 8882 790 508 12371 1407 109445 18030 91415 526 727 9629 962 379 6299 1301 3330 503
is_linear=0
shrinkage=0.03


Tree=20
num_leaves=31
num_cat=0
split_feature=59 59 69 69 60 4 43 44 30 37 53 0 53 52 3 44 53 44 53 41 21 9 53 75 60 70 26 16 43 56
split_gain=77.0696 9.26057 6.04904 7.3153 6.74603 4.65268 4.14797 4.97328 4.10822 3.75219 3.2598 3.2532 2.90576 2.83343 2.76907 2.99486 2.59361 2.13945 2.63674 2.23346 1.80791 1.79958 1.59571 1.86023 1.58108 1.2301 1.20751 0.994607 0.720799 0.531676
threshold=0.90179360784418805 0.74528293594110551 -2.6569093474222401 2.3617364200331212 0.92894269776876282 0.36719754178487513 0.051227593454310501 0.055703942813936098 0.66855742427526244 0.52737618302058331 0.019656344513484667 0.026733975624508414 0.017635968449793909 0.60809578262408459 0.036556765360589501 0.066036221105635909 0.010900370658205363 0.085219017604033179 0.020587867958909118 -0.021169245718885506 0.032968656204814047 0.5917709871614375 0.01040203178504904 -1.5577649545416248 0.95592859785423612 2.6236598104073305 1.9367465618008453 -0.10141027762034281 -0.0217154869641441 0.98960494467496563
decision_type=10 8 8 10 10 10 10 10 10 10 10 10 10 2 10 10 10 10 8 10 10 10 10 10 10 10 10 8 10 10
left_child=1 5 8 4 22 10 9 -8 -2 -6 12 14 16 -14 24 -16 -1 19 -19 -12 25 -7 -4 -24 -5 26 27 -3 -28 -22
right_child=2 20 3 11 6 21 7 -9 -10 -11 17 -13 13 -15 15 -17 -18 18 -20 -21 29 -23 23 -25 -26 -27 28 -29 -30 -31
leaf_value=0.00093248463290617747 0.022470460956660269 0.005882067487286315 -0.014431472599733982 0.014433859527761319 0.006648492593114716 0.019077875511073043 0.0058868467258240331 -0.021096662753005434 0.0045714797749956257 0.015039055115387586 -0.0034118534148466343 0.00033575728304019079 0.0082758530171692865 -0.0088093314538372526 0.014360695506932 -0.0013459284524636578 -0.010272599646154134 -0.019175161179330043 0.0050724868342921772 -0.025877649398576587 -0.0087391473451184625 -0.0031361995401337768 0.0043346567829758136 -0.0012829559524499795 0.027258898191996221 0.012704804565975671 0.0031189879365097462 -0.0014869374784261397 -0.01613701588537813 0.0040516551250999525
leaf_weight=18.897767224232666 36.841523480135947 17.195811941171996 4.9972297954373053 25.780002266168594 166.56900951144053 5.9461295343935472 16.847036300692711 8.3491249056532961 18.150355692952871 70.152130135800689 5.4781111904885647 15.836440711515023 16.182694008108228 16.742336106719449 38.340530179615598 14.439250779803841 367.43193764879834 6.9283623003866497 7.2667838640045384 24.83983495447319 37.511647404753603 5.3912302736425772 95.134220207226463 116.45551729056751 20.48749210499227 4.7902241682168087 1.597724567283876 166.34118113515433 6.4169415138312598 2.2657048334367564
leaf_count=4449 272 1590 195 275 3720 165 385 297 200 1147 1155 269 3417 4227 618 294 89896 1695 1779 6288 8755 642 2531 4834 138 132 149 17360 787 287
internal_value=-0.000163489 -0.00698072 0.00730912 0.00639739 0.00473706 -0.00939224 0.00796817 -0.00340403 0.0168035 0.00920045 -0.00986335 0.0131864 -0.00898811 -0.000327094 0.0151872 0.0100628 -0.00971575 -0.0176624 -0.00704794 -0.0221527 -0.00209661 0.00887331 0.000797243 0.00123721 0.0206329 -0.000880798 -0.00130034 -0.000752136 -0.0120454 -0.00785552
internal_weight=1359.6 711.224 648.38 593.388 478.504 475.105 261.917 25.1962 54.9919 236.721 463.768 114.884 419.255 32.925 99.0473 52.7798 386.33 44.5131 14.1951 30.3179 236.119 11.3374 216.587 211.59 46.2675 196.342 191.552 183.537 8.01467 39.7774
internal_count=157948 142773 15175 14703 13109 113713 5549 682 472 4867 112906 1594 101989 7644 1325 912 94345 10917 3474 7443 29060 807 7560 7365 413 20018 19886 18950 936 9042
is_linear=0
shrinkage=0.03


Tree=21
num_leaves=31
num_cat=0
split_feature=59 69 69 16 7 32 44 6 5 10 49 44 5 50 6 42 42 44 49 43 50 50 18 40 26 43 60 54 32 41
split_gain=69.5513 10.0747 7.24718 5.30557 5.23967 5.14978 3.86061 4.10697 3.70487 3.12679 3.56494 3.00621 2.94939 2.88802 2.92115 2.78974 2.89247 5.3664 3.98296 2.99693 2.92134 2.58928 2.54371 3.52006 2.6676 2.45921 2.05633 1.87777 1.80461 1.55387
threshold=0.86292912896318308 -2.3446244291868226 1.2915360392881925 0.078628997251808844 0.016179583627744628 0.29953390238644689 0.14724960889648589 0.030498647723762741 0.040483974192790324 1.9911894467753306 -0.0016590532410576395 -0.007642150956498949 0.020873362610028975 0.0066360595492824812 0.04482431517779429 0.055434037997193826 0.024424351612015619 0.057719783981174062 0.017568464436558243 0.031550198845392126 0.046356359337549564 0.032715732099489865 69.806121677043436 -0.0013693777692955066 0.91436614788789672 0.057860392918007049 0.172156229942415 0.55070530545770324 -0.14238399869210736 -0.0082575622127922781
decision_type=8 8 10 10 10 10 10 8 10 10 10 10 10 10 10 10 10 10 10 10 10 10 8 10 10 10 8 10 8 8
left_child=5 13 4 11 9 15 7 -6 -8 29 -11 -4 -13 28 21 16 18 27 20 -19 -1 -15 23 -5 -24 -20 -7 -18 -2 -3
right_child=1 2 3 22 6 26 8 -9 -10 10 -12 12 -14 14 -16 -17 17 19 25 -21 -22 -23 24 -25 -26 -27 -28 -29 -30 -31
leaf_value=-0.0077214437958843937 0.026642828420539662 -0.0063830650157849413 0.00091295995462541341 -0.019723924988945662 0.0020757578242809045 0.02027647196742793 0.0075381515605536945 0.010654987825482857 -0.031792996196674403 0.018440247870163504 0.001963129846206692 0.0073082494268606147 0.018885614148424174 0.010438977262654961 0.019854802967686627 -0.020994450715303252 -0.015195057410192588 0.019434523285531202 -0.02082024124690619 9.2285261604484916e-05 -0.023971920984577597 -0.0064924148934297297 -0.00015685544784813693 0.0024366913689291346 0.015046459991801816 -0.0012774160014125241 -0.00067077710054181164 -0.0032213473383584101 0.011831005683633027 -0.00030186495537373005
leaf_weight=370.20321950974176 23.866504488512874 46.276034179376438 15.490051073720677 6.4773572504054746 90.185446223884355 6.296089644194578 3.2370890851598224 117.00932039623149 3.6810963239986449 14.497544912854208 53.409425735706463 31.633781829033978 68.742239322746173 21.572745766490698 16.673064190894365 15.796006248448974 23.824642766616307 9.5187833438394573 37.338027359452099 23.955748466774821 9.6959348761010897 11.643630209960973 16.315756679745391 45.650388523412403 25.748071641428396 7.3784808593336484 9.2307287013973109 25.240723248105496 15.682902572327292 195.77023604832357
leaf_count=91947 187 2597 289 150 2800 135 132 2496 232 343 1586 670 786 308 100 3969 5901 2599 9148 6121 2409 188 444 1070 624 2005 1130 6461 196 11104
internal_value=0.00019813 0.00567956 0.0045024 0.00920418 0.00259816 -0.00817474 0.00619572 0.00696303 -0.0143829 9.14199e-05 0.00574095 0.0134913 0.0153746 0.015152 0.00991255 -0.00868624 -0.00825643 -0.00301666 -0.00925844 0.00608364 -0.00820592 0.0043999 0.00381271 -0.000579927 0.00921302 -0.0177597 0.00835469 -0.00928271 0.02128 -0.00149833
internal_weight=1362.04 823.563 734.124 210.058 524.066 538.478 214.113 207.195 6.91819 309.953 67.907 115.866 100.376 89.4388 49.8894 522.952 507.156 82.5399 424.616 33.4745 379.899 33.2164 94.1916 52.1277 42.0638 44.7165 15.5268 49.0654 39.5494 242.046
internal_count=158127 26302 25323 4033 21290 131825 5660 5296 364 15630 1929 1745 1456 979 596 130560 126591 21082 105509 8720 94356 496 2288 1220 1068 11153 1265 12362 383 13701
is_linear=0
shrinkage=0.03


Tree=22
num_leaves=31
num_cat=0
split_feature=70 6 69 6 36 30 65 44 65 45 31 9 53 36 53 48 52 45 52 48 49 52 44 52 43 43 52 14 7 30
split_gain=53.5704 8.19324 6.53093 6.08761 5.41904 6.34042 4.95503 4.84421 4.38752 3.73066 3.41157 3.34473 3.90462 3.3923 3.02419 4.22222 2.73757 2.66012 2.3453 3.98902 2.93017 2.37142 5.63353 2.90865 1.97553 2.38233 1.93043 1.9263 2.16551 1.76773
threshold=0.56252707768404975 0.030498647723762741 2.0762328077916892 0.018610235791305194 -0.26493212656928428 0.67919195139591249 0.82419748330765297 0.077840464822706359 0.820224977043159 0.0042638229464741677 0.19755237142020268 0.5917709871614375 0.019447971045763061 0.2613719432178217 0.014975849122662898 -0.00012105339788065493 0.6513878278584162 0.0052247107358437475 0.23099646237003255 -0.031464981314429812 -0.050182541222611059 0.60809578262408459 0.061421842166587422 0.6710733722705251 -0.027805872081546553 -0.029600218294942023 0.89779664779664792 -0.14812161585455283 0.0097783156120350104 0.61120554281707207
decision_type=10 10 10 8 10 10 10 10 10 10 10 8 10 10 10 10 2 10 2 10 10 2 10 2 10 10 2 10 10 10
left_child=3 2 6 18 5 7 14 -3 -4 -6 17 13 -13 27 15 -2 -7 -11 20 24 -1 22 -21 -23 25 -20 -26 -5 -29 -14
right_child=1 4 8 11 9 16 -8 -9 -10 10 -12 12 29 -15 -16 -17 -18 -19 19 21 -22 23 -24 -25 26 -27 -28 28 -30 -31
leaf_value=-0.011852950702912974 0.0062682710265841938 0.025268961769942269 0.018392036949711182 0.0093049112576296094 -0.0051947163634313287 -0.0096676835295280029 -0.0081600913684992081 0.0045087009083224763 0.0013238248759447873 0.01797048060328334 -0.0076726085415685851 -0.0017587232773297187 -0.017724795897129754 0.020838215584214319 -0.0028797299691780175 -0.0047112723883485147 0.011281684273589486 0.0075681468600049722 -0.010590038662363056 -0.0054606915611440099 0.010485770166685445 -0.015646385392181095 0.019497302868136616 -0.0070562673150999736 -0.018951202953469675 0.0144763783926688 0.0031085125731325348 -0.012232717136012193 0.0073651959607333277 -0.0030937702686438173
leaf_weight=7.7697932443115887 176.58196176635101 47.286479493021034 35.544840467278846 12.944373461883513 19.895487480331212 9.6489134745206702 43.760872825689148 13.894198002759365 22.43959494214505 25.730030877981335 10.815279817325061 149.27090164611582 22.465232656337321 8.8423265368910489 67.962252876895946 37.236246370594017 10.810803160769863 183.83247501309961 20.383640432031829 80.899502754269633 12.211383057408964 45.828212836524472 8.0200419040629622 181.19738981931005 56.264770630281419 3.0701691452413788 3.2840248581487677 12.721446346258746 7.0207907668082035 12.401023976504801
leaf_count=1754 9244 488 621 958 270 176 5467 293 877 339 346 15541 5156 282 5042 2327 170 4310 5098 19458 2729 10908 2000 44276 13631 751 782 1633 776 2228
internal_value=5.45902e-05 0.00576539 0.00278085 -0.00618986 0.00929223 0.0159801 0.00110291 0.0207509 0.011972 0.00695059 0.00807912 -0.00218643 -0.00393039 0.00538626 0.00257584 0.0043292 0.00127194 0.00893887 -0.00832892 -0.0088315 0.00150533 -0.0072337 -0.00298446 -0.00886447 -0.0147192 -0.00672829 -0.0176538 0.000622659 -0.00509954 -0.0128359
internal_weight=1350.03 705.439 383.526 644.595 321.914 81.6404 325.541 61.1807 57.9844 240.273 220.378 225.666 184.137 41.5289 281.78 213.818 20.4597 209.563 418.929 398.948 19.9812 315.945 88.9195 227.026 83.0026 23.4538 59.5488 32.6866 19.7422 34.8663
internal_count=157931 29970 23578 127961 6392 1127 22080 781 1498 5265 4995 26574 22925 3649 16613 11571 346 4649 101387 96904 4483 76642 21458 55184 20262 5849 14413 3367 2409 7384
is_linear=0
shrinkage=0.03


Tree=23
num_leaves=31
num_cat=0
split_feature=71 71 32 28 57 78 53 1 21 53 52 50 17 26 72 45 48 69 10 21 45 41 9 2 42 16 9 29 54 42
split_gain=57.0653 8.5106 6.28952 5.6236 5.54684 4.04404 3.85559 3.14518 2.95848 2.76385 3.07332 3.25513 2.51525 2.51366 2.47509 2.4385 3.66239 2.17893 2.73425 2.07039 1.89211 1.74873 1.7238 1.63927 1.63218 1.57451 1.56137 1.42768 1.16333 1.75389
threshold=0.92502976554175376 2.1819351433407665 0.29953390238644689 -0.12266531705619542 0.96719734942567903 1.9636663802051564 0.019858296365560999 -0.12604589715496869 0.031009040364318067 0.017033352714727442 0.57588735318928053 0.041798985817246732 -0.18001927824122163 0.52701680270403817 2.0737796302702192 0.018769124172072955 -0.030513491869173012 1.3636163132634282 2.7905909980870498 0.0020305872044822375 0.0061712831106838948 0.0099017267777047353 0.5917709871614375 0.075636180298743319 -0.035660641290958188 0.056780292241439108 1.7570160080423631 2.1565895833105837 0.43507755479464671 0.018562161623137067
decision_type=8 10 10 10 10 10 10 10 10 10 2 10 2 10 10 10 10 10 8 8 10 8 8 10 10 8 10 10 10 10
left_child=2 4 6 5 19 13 9 -8 20 15 24 -12 25 -3 -15 16 -1 18 -14 23 -6 -21 -4 26 -11 -5 -2 -19 29 -9
right_child=1 3 22 12 8 -7 7 28 -10 10 11 -13 17 14 -16 -17 -18 27 -20 21 -22 -23 -24 -25 -26 -27 -28 -29 -30 -31
leaf_value=-0.013456466545433173 4.5667384824516784e-05 0.0022715980290955494 0.018817025960951996 -0.012560696103924254 0.0066998498330093567 -0.0035418404443633947 0.0069541919406052319 -0.021365325712760057 0.0020322815453906141 -0.0038933541792172985 -0.013043946133081453 0.0035789398363063772 -0.0009065469126275388 0.010094546894465697 0.017660320234159334 0.011151425473867242 -0.0066424062872044182 0.016854864710070794 0.015832265134985927 0.00047382750755355389 0.020872919135848166 -0.006954721889649111 0 0.012975127152524059 0.01187689459746652 0.0019604599853222174 0.0049808624673673835 0.0066221807907353653 -0.020500951905044196 0.012730200594467098
leaf_weight=94.008137444849126 146.36587064730702 18.726388550829142 8.6071216773707402 10.50138917705044 16.095145816914737 13.491790877655147 4.0240153246559194 1.3269249817822122 24.252585412701592 7.8325332049280432 24.69383129500784 17.064909742912278 51.953569933306426 82.472081308253109 91.508911478566006 4.9787431857548645 323.60998290131101 18.458255680277944 9.4897167044691724 80.131333511439152 23.673041582107544 42.628114778839517 8.6269167109858262 12.155760614667086 17.019374422263354 14.95644000079483 95.616117633413523 45.673836939502507 36.30158438172657 2.2286843649344519
leaf_count=23440 5896 295 211 216 209 273 406 302 932 1699 5953 4520 1215 1272 885 976 80041 194 119 6379 241 3635 1096 353 3660 267 2635 679 9750 666
internal_value=0.000148002 0.00527223 -0.00727446 0.00871158 0.00246547 0.0119346 -0.00785873 -0.0163853 0.0105636 -0.00705592 -0.00129964 -0.00625593 0.00424208 0.0130463 0.0141693 -0.00795094 -0.00821194 0.00598947 0.00184281 0.00105764 0.0155154 -0.00211684 0.0100734 0.0026051 0.00683222 -0.00416449 0.00202057 0.00982694 -0.0189277 -0.00123226
internal_weight=1348.47 798.15 550.323 357.232 440.918 206.199 533.089 43.8812 64.0208 489.208 66.6106 41.7587 151.033 192.707 173.981 422.597 417.618 125.575 61.4433 376.897 39.7682 122.759 17.234 254.138 24.8519 25.4578 241.982 64.1321 39.8572 3.55561
internal_count=158415 25695 132720 5415 20280 2725 131413 11124 1382 120289 15832 10473 2690 2452 2157 104457 103481 2207 1334 18898 450 10014 1307 8884 5359 483 8531 873 10718 968
is_linear=0
shrinkage=0.03


Tree=24
num_leaves=31
num_cat=0
split_feature=59 59 8 33 13 14 59 16 57 35 46 78 44 46 44 42 44 49 5 16 9 44 42 14 57 9 54 21 25 23
split_gain=53.6728 6.02323 5.761 5.50434 5.33991 3.65765 4.38063 4.34944 3.81415 2.63397 2.61598 2.48009 2.6262 2.37676 2.2693 2.19274 3.93019 3.1861 2.18591 2.45693 2.0824 1.8546 2.31587 1.87881 2.42025 1.67689 1.39897 1.27464 1.42028 1.2731
threshold=0.89379644373673051 0.74528293594110551 0.0088654774843665452 0.032790275365164982 0.36719754178487513 0.46554097164725722 0.97481634163099218 0.0029734129625794696 0.81643519151379296 -0.055016255261772465 0.034133762393146715 -0.36271307182926665 0.072777647585044472 0.010695490078669895 0.072777647585044472 0.024424351612015619 0.057719783981174062 0.017568464436558243 0.025513570226878373 0.09367700728012153 3.1253033744660259 0.064480487896289365 0.0040186209222390365 -0.28372556486100187 0.62742998698408703 0.5917709871614375 0.57113454450380607 -0.16376557386011928 -0.30052149853187277 0.021612895929042478
decision_type=10 8 10 10 8 10 10 10 8 10 10 10 10 8 10 10 10 10 10 8 10 10 10 10 10 10 10 10 10 10
left_child=1 4 21 5 10 6 14 -7 -8 -9 15 18 20 -14 -4 17 -17 -1 26 -20 -13 22 27 -24 -25 -6 -5 -2 -29 -3
right_child=2 29 3 11 25 7 8 9 -10 -11 -12 12 13 -15 -16 16 -18 -19 19 -21 -22 -23 23 24 -26 -27 -28 28 -30 -31
leaf_value=-0.0076450703775801871 0.008532205306340036 -7.1338848357557449e-05 0.0064123630591830889 -0.0011770093593055286 0.019751689434427316 0.023465140984410889 0.014574780794766545 -0.0035957396158796322 0.0022228928152163343 0.01271533007487213 -0.022454780094963624 5.8212807911953271e-05 -0.0030682776570275278 -0.025711972231880053 -0.0019587354849804743 -0.0090625865037749203 0.0040697633145328638 -0.017078940982221139 0.021991673336843934 0.0042171303717674349 0.012809161957570554 -0.008723269323896634 0.021636829749422607 -0.0041128022017650461 0.013235087969487844 -0.0014349206991049882 0.010233107993148208 0.00070710872653818283 -0.011727334954211461 -0.0056907978462394657
leaf_weight=327.05722374853212 5.5201252312399438 162.27647033246467 156.56011390016647 28.599913917016238 7.17071655532345 32.9941735425964 107.920105881989 10.875053804367779 29.617210138123482 36.245548777747899 10.545100657851433 63.851419411133975 17.060815505916256 4.8684051353484383 34.642405814316589 43.733761923853308 36.699021046049893 36.48115548491478 14.014802915276958 15.165472060674803 13.201139813521875 19.252472570980899 5.6950842286460093 15.496145682176577 11.803894560085608 5.0763118485920131 13.216039387509225 14.623972008936109 16.543128936202265 46.167878168926109
leaf_count=81030 135 17787 4423 1142 171 283 1375 142 430 515 2855 2261 592 245 1117 11005 9291 9126 206 274 215 678 97 539 278 618 458 478 589 10185
internal_value=0.000340025 -0.00561778 0.00636809 0.00745908 -0.00750959 0.00934632 0.00788217 0.015146 0.0119718 0.00889203 -0.00804665 0.00287396 -0.000176272 -0.00912826 0.00487776 -0.00764799 -0.00305746 -0.00864424 0.00711159 0.0132992 0.00241734 -0.000703258 0.00156221 0.00725032 0.00348463 0.0112981 0.0025139 -0.00353051 -0.00595908 -0.00135153
internal_weight=1342.98 675.208 667.767 578.833 466.763 408.855 328.74 80.1148 137.537 47.1206 454.516 169.978 98.9818 21.9292 191.203 443.971 80.4328 363.538 70.9962 29.1803 77.0526 88.9348 69.6824 32.9951 27.3 12.247 41.816 36.6872 31.1671 208.444
internal_count=158540 142068 16472 13678 114096 8285 7345 940 1805 657 113307 5393 3313 837 5540 110452 20296 90156 2080 480 2476 2794 2116 914 817 789 1600 1202 1067 27972
is_linear=0
shrinkage=0.03


Tree=25
num_leaves=31
num_cat=0
split_feature=59 69 69 16 32 60 38 70 71 53 53 53 28 17 18 60 7 53 44 44 24 76 16 17 72 49 47 54 33 53
split_gain=45.4126 5.70646 6.03913 5.49467 4.70139 4.26568 3.65095 5.02577 3.61015 4.04071 3.12079 3.10741 3.97807 3.66226 2.87191 2.72411 2.48147 2.44454 3.946 2.53583 2.36571 2.26204 1.76347 1.77593 1.42062 1.39375 2.38091 1.3463 1.30639 1.14901
threshold=0.89016505466778817 -2.3446244291868226 1.5860117299816829 0.083410775947993301 0.29953390238644689 0.92142055832151248 1.2532765122321792 2.1772294609934075 0.2820541605904448 0.019858296365560999 0.014656032632865643 0.0124930391412386 -0.34755536229778644 0.16006442988448391 67.914892019390024 0.98581558827635496 0.013669042649694433 0.01728576548638688 0.024185861372650001 0.074067882119761466 -0.29657848240860046 0.36698530174450733 0.11654677577850837 -0.12698830680429393 -0.870936313218167 0.017644628358513773 -0.035987989344137099 0.50772671277683135 -0.027757521761558501 0.015780824149542669
decision_type=8 8 10 10 10 10 10 10 10 10 10 10 10 2 8 10 10 10 10 10 8 8 10 2 8 10 8 10 10 10
left_child=4 11 5 10 8 22 7 -7 9 17 15 -2 -13 20 21 -4 -16 19 -19 -1 -14 -5 23 -3 -6 26 -11 -8 -10 -12
right_child=1 2 3 14 24 6 27 -9 28 25 29 12 13 -15 16 -17 -18 18 -20 -21 -22 -23 -24 -25 -26 -27 -28 -29 -30 -31
leaf_value=-0.0092913099305255552 0.022188425213875384 -0.0040551622611965125 0.0048589441280942813 8.7588541109244193e-05 0.017356561994964426 0.0027576558386575318 -0.012374510574635044 0.01255125097590345 0.0014460233421905379 -0.015346460293483523 0.027306886788637609 0.016859533801912453 0.016048130064392468 -0.011881994928320443 0.0018273616757220215 0.019405209900642789 0.017292285148503506 0.0075843219257865704 -0.0094033891828110873 -0.0027625030598336666 -0.001697086537136948 -0.018175900814261927 -0.010142447669253441 0.0017448981490551746 0.0010426345616455167 -0.02419678212805133 0.011319209011114387 0.00053868559510115066 -0.0045919364075887939 0.014454788294177857
leaf_weight=285.35741327883443 20.75186851946637 65.367483434209134 45.608493019011803 25.543322078883648 7.3214557574829087 126.53235968749505 11.432761185045822 75.967253401642665 48.047629826469347 15.929360877373254 14.785878711845724 28.255360445939004 13.853572951862587 10.970310198375953 25.965507415123284 15.521650102920828 14.31154331890866 24.102384453930426 23.091698601376265 68.896443116711453 11.583539881743492 6.8867520502535617 15.204804030596277 166.03655556368176 12.720054709352555 16.883722584461793 2.7706265188753632 16.299456086009741 91.154402894433588 22.211438973026816
leaf_count=71909 206 3028 660 573 164 3779 341 1069 6886 4234 138 232 150 162 683 129 199 5317 6014 17110 199 177 1061 8686 1310 4349 799 487 17392 256
internal_value=-0.00010579 0.00488973 0.00390927 0.00873909 -0.00625046 0.00215798 0.00508665 0.00649006 -0.00675286 -0.00809471 0.013343 0.0121583 0.00860483 0.00183882 0.00238815 0.00885358 0.00768096 -0.00718822 -0.000688032 -0.00804136 0.00809531 -0.00412874 -0.000573588 8.31778e-05 0.00768656 -0.0177635 -0.0108693 -0.00492584 -0.002491 0.0202535
internal_weight=1329.37 733.09 647.675 170.835 596.275 476.841 230.232 202.5 576.234 437.032 98.1275 85.4147 64.6628 36.4074 72.7071 61.1301 40.2771 401.448 47.1941 354.254 25.4371 32.4301 246.609 231.404 20.0415 35.5837 18.7 27.7322 139.202 36.9973
internal_count=157699 22215 21266 2815 135484 18451 5676 4848 134010 109732 1183 949 743 511 1632 789 882 100350 11331 89019 349 750 12775 11714 1474 9382 5033 828 24278 394
is_linear=0
shrinkage=0.03


Tree=26
num_leaves=31
num_cat=0
split_feature=59 7 57 16 63 30 55 63 13 53 50 43 52 46 54 53 53 44 53 6 48 49 59 0 70 14 14 59 9 0
split_gain=43.4238 6.15231 4.44282 4.7396 4.53863 5.02473 4.42608 4.24722 3.57294 4.4137 3.524 2.43752 2.41599 2.84141 2.31755 2.24201 2.24029 2.84215 2.5271 1.89537 1.72522 1.46175 2.10126 1.44418 1.35074 1.34115 1.80382 1.30572 1.24565 1.1394
threshold=0.90179360784418805 0.0084320303422426284 0.94397445986550299 0.044974833573476543 0.12447695082024618 0.66692446285963281 0.012806844896397137 0.23632527809743001 0.32850349713364285 0.019858296365560999 0.060614384894817637 -0.026610048530141425 0.79684342091266902 0.0046312421981863621 0.37548993311754653 0.013617060081730194 0.01728576548638688 0.024185861372650001 0.010989559495124484 0.019910709692244181 -0.044885386616258953 0.013618006546640806 0.93262013729977122 0.0081919816086711856 2.6236598104073305 -0.2679573375709432 0.42043145085178552 0.98255177859596055 0.5917709871614375 0.0044335355171674093
decision_type=8 10 10 10 10 10 10 10 10 10 10 10 2 10 8 10 10 10 10 10 10 8 10 8 10 8 8 8 10 8
left_child=7 15 4 24 5 6 -3 19 9 16 11 -6 13 -5 -7 21 18 -18 -9 -1 28 25 23 -23 -4 -2 -27 29 -10 -17
right_child=1 2 3 12 10 14 -8 8 20 -11 -12 -13 -14 -15 -16 27 17 -19 -20 -21 -22 22 -24 -25 -26 26 -28 -29 -30 -31
leaf_value=-0.0039286162982429193 0.020689284212847218 0.025490758624275325 0.019898367734825423 -0.012992035962935907 -0.0088449759820692034 -0.0099146606600448405 0.0087330821552581896 0.0023460481502032698 0.021877704436029089 -0.017721685270628978 -0.023232487403893977 0.0030119565910874868 0.015586134408684418 0.0054007310897618167 0.0037727578113075349 -0.010489005957078716 0.0065205393765549206 -0.0078388690703974761 -0.0081072413505971011 0.0027765923369543538 -0.0025306343820527271 -0.0020564751310501762 -0.013960016105860819 0.014283803851722492 0.0093786676280285999 -0.0029054359564715223 0.0094198933387234125 -0.0167340614690401 2.4960816532106816e-05 0.0040122795697455169
leaf_weight=95.77827944396995 3.4729639105498791 15.289475730154662 46.400267337681726 7.892148090992122 16.932715679053217 11.234922727104275 159.05992556153797 21.252022557542659 5.3418214053381252 35.501713737263344 4.4202673793770364 116.47120717179496 16.244345708750188 48.293266036023851 117.14262747904286 8.360569736221807 24.177836288406979 23.401078372146003 347.35437857970828 61.040200966876 13.079074975976253 21.832718603196554 10.254467430873772 5.1484521692618754 19.805868766270578 21.070770693593659 19.496872872114182 9.9634649822255579 4.1726495246402919 8.9949543441180158
leaf_count=21118 32 150 466 132 674 279 3519 4760 104 9147 191 3924 256 913 2913 464 5197 5734 83212 6478 1658 1672 363 358 178 1023 1222 1094 486 410
internal_value=6.33174e-05 0.00527632 0.00650399 0.011199 0.00499771 0.00704734 0.0103567 -0.00561251 -0.00702684 -0.00761224 0.00045581 0.00143005 0.00571247 0.0025827 0.00248434 -0.0012436 -0.00670228 -0.000496178 -0.00749172 -0.00129861 0.00437597 0.00124278 -0.00304021 0.00135335 0.0169824 0.00491769 0.00303008 -0.00852939 0.0134932 -0.00300076
internal_weight=1318.88 687.782 579.187 138.636 440.551 302.727 174.349 631.099 474.281 451.687 137.824 133.404 72.4298 56.1854 128.378 108.595 416.185 47.5789 368.606 156.818 22.5935 81.2762 37.2356 26.9812 66.2061 44.0406 40.5676 27.319 9.51447 17.3555
internal_count=158127 20233 13595 1945 11650 6861 3669 137894 110298 108050 4789 4598 1301 1045 3192 6638 98903 10931 87972 27596 2248 4670 2393 2030 644 2277 2245 1968 590 874
is_linear=0
shrinkage=0.03


Tree=27
num_leaves=31
num_cat=0
split_feature=59 69 69 32 55 71 38 5 28 30 10 72 59 30 30 50 46 46 46 42 52 24 72 44 26 45 9 0 29 8
split_gain=41.8863 7.75604 6.93631 4.64717 4.35132 4.18318 4.15626 4.95599 4.06808 2.76943 2.56763 2.4587 4.11518 2.45417 3.69139 2.39143 2.06063 6.3343 5.42515 2.74038 2.03487 1.98438 1.85523 1.84017 1.74416 1.72293 1.60796 1.55261 1.17578 1.21927
threshold=0.90179360784418805 -2.3446244291868226 1.2915360392881925 0.29953390238644689 0.65036316674467398 0.017116023632402406 1.2838541523119407 0.026569326035926898 -0.12266531705619542 0.54271879550328916 1.7302658448726136 2.1700837522029226 0.93262013729977122 0.66855742427526244 0.52667161742797408 0.051343734652707369 0.0098035601031225307 0.0090042252663953045 0.0076389235364306661 -0.015890011651909727 0.34745762711864409 1.3136646825266121 -0.870936313218167 -0.084893261369471937 0.73015363402992917 0.0093198503990113476 1.2182679249695132 0.028833499835832724 -4.6660637200489665 0.019973636516802572
decision_type=8 8 10 10 10 10 10 10 10 10 10 10 10 10 10 10 10 8 10 10 2 10 8 8 10 10 10 10 10 10
left_child=3 13 6 5 11 16 7 15 -9 21 -11 12 -4 14 -2 -3 17 18 -1 -19 23 -6 -5 -18 -15 26 -8 -27 -7 -30
right_child=1 2 4 22 9 28 25 8 -10 10 -12 -13 -14 24 -16 -17 20 19 -20 -21 -22 -23 -24 -25 -26 27 -28 -29 29 -31
leaf_value=-0.0056262030646815637 0.0068199352724551332 0.00065026585311416354 0.021575005111949465 0.018710964442576684 0.0084251622208589266 0.0028070798417362069 -0.0012586369690617176 0.010085592114050478 -0.0002456682837896323 0.0038466005954282483 -0.018214884507515388 0.021037796790297537 0.0050835144253805198 0.014222124880414673 0.023460778604075604 -0.016282114621709559 -0.012637396765802509 -0.012918976676104183 -0.016571289455349986 0.0093992041116606802 -0.013950879302544093 -0.006272169554210969 0.00074605105891898836 0.0025292144447041929 -0.00081561577788502387 0.0035876051217078346 -0.01861789756786417 -0.014897059848904676 -0.0027755107176851519 -0.011632046845489675
leaf_weight=186.33420191606274 20.629962269915268 215.4362953529926 18.857109010219574 7.8459905835334212 65.699200635659508 29.427965871815104 8.0201528997859004 112.08167206996586 48.367476373794489 9.4229998956434446 7.7332505695521823 27.566530222073197 48.778848838061094 11.371054813265802 34.641470709815621 6.7754299226216963 11.617369468673131 4.9559244096744797 52.655101766809821 28.224816832807846 77.567721022875048 8.4625878988299501 13.573476600286087 15.583007358363831 14.795446443837134 16.991215848480355 13.394462890690191 4.2779660055530249 184.41571711463621 14.624883467971811
leaf_count=46641 231 10550 212 180 1441 4274 376 2321 1466 202 147 237 650 135 313 283 3034 1225 13085 6886 20082 212 1326 3823 233 597 564 173 34171 2962
internal_value=0.000203129 0.00528284 0.00410391 -0.00540999 0.0089167 -0.00590186 0.00197042 0.00297009 0.00697042 0.00412291 -0.00638799 0.0133931 0.00997245 0.0139469 0.0175345 4.99109e-05 -0.00784511 -0.0064003 -0.00810917 0.00569752 -0.0114741 0.006647 0.00800151 -0.00406054 0.0058918 -0.00678578 -0.0125966 -0.000497584 -0.0026625 -0.00349615
internal_weight=1320.13 693.303 611.865 626.826 186.521 605.407 425.345 382.661 160.449 91.318 17.1563 95.2025 67.636 81.4379 55.2714 222.212 376.938 272.17 238.989 33.1807 104.768 74.1618 21.4195 27.2004 26.1665 42.6838 21.4146 21.2692 228.469 199.041
internal_count=158032 20343 19431 137689 3101 136183 16330 14620 3787 2002 349 1099 862 912 544 10833 94776 67837 59726 8111 26939 1653 1506 6857 368 1710 940 770 41407 37133
is_linear=0
shrinkage=0.03


Tree=28
num_leaves=31
num_cat=0
split_feature=59 59 69 32 69 71 53 72 69 70 65 44 10 9 52 43 17 53 44 52 32 48 9 18 45 43 9 49 49 47
split_gain=38.8093 5.65211 4.67394 3.69644 3.50869 3.32992 3.82837 3.29634 4.8787 3.11048 3.09159 3.03067 3.87269 2.97016 2.92092 2.64641 2.49961 2.26496 2.80516 2.65519 2.10953 1.85769 1.78638 1.75837 1.7131 1.69981 1.59249 1.38132 1.2731 2.39951
threshold=0.90179360784418805 0.97481634163099218 2.0762328077916892 0.29953390238644689 -2.3446244291868226 0.40098814786223663 0.019858296365560999 1.6190514471426323 1.2915360392881925 4.9317779174974783 0.81643519151379296 0.074697369416932738 2.0347838804291949 2.165196915640522 0.36509039710155328 0.0076816179409272553 -0.13438504494392067 0.017033352714727442 0.074067882119761466 0.57588735318928053 0.32248816140126663 -0.042309504735519081 2.2047439258657291 69.298610529831706 0.0061328673242853453 0.015317282313024318 0.68721432514128689 0.012914304624734864 0.017644628358513773 -0.016691278188691202
decision_type=8 10 10 10 8 10 10 10 10 8 10 10 10 10 2 10 2 10 10 2 10 10 8 10 10 10 10 10 10 10
left_child=3 2 11 5 13 6 17 8 22 14 24 12 16 -3 -9 -10 -2 18 -1 -19 27 26 -6 -12 -4 -14 -5 -13 29 -8
right_child=1 4 10 21 7 -7 28 9 15 -11 23 20 25 -15 -16 -17 -18 19 -20 -21 -22 -23 -24 -25 -26 -27 -28 -29 -30 -31
leaf_value=-0.0084773679571110549 -0.0041695675266089256 0.018940776531390476 0.0066164909645777502 0.023562696060911149 -0.0027732236246756667 -0.0019416524427690002 -0.013829793903663059 -0.0026180262161108791 -0.0023573741797696685 -0.0052849599212523657 -0.0071947025523959839 -0.014188030837462496 0.015426566937943311 0.0047146382915314398 0.012180350861246579 0.013723707513930924 0.0027000763538188575 0.0073971347556251585 -0.0017206490036246283 -0.0056928675845935375 0.0083007312170188044 -0.0015639322975201937 -0.020003396257751788 0.0086345115894722498 0.019878645509580736 0.0034528421516532622 -0.00043203958325421056 -0.0032785636054818044 -0.022424203577646434 0.015018430523727326
leaf_weight=288.78717196226353 63.473443966708146 42.326612383127213 16.840120280627161 6.320037808967756 36.348560157581232 149.76413470995612 16.969926897319969 12.750394438626243 12.579114910215138 11.334807251114396 11.041440934583081 17.637411199277267 25.365661964053288 21.104791132733226 109.17912156367674 28.533811694011092 180.49057062400971 21.507274859060999 70.518231022171676 35.519781011156738 7.6909584929235271 10.886351533059495 5.6245767534710458 12.192086125491185 24.390577493235469 20.432802736992016 3.3536083046346903 27.874824689119123 17.495268899132498 2.0932109844870856
leaf_count=74138 2796 321 222 109 1017 20732 4653 199 241 175 328 750 588 193 1354 374 9103 4684 17722 9263 282 985 174 324 248 556 392 1131 4632 598
internal_value=-1.27317e-05 0.00489811 0.00262232 -0.00543183 0.00818038 -0.00586368 -0.00714689 0.00628499 0.00152478 0.00919703 0.00997555 0.0012065 0.00242448 0.0144007 0.0105997 0.00879308 0.000890792 -0.0062878 -0.00716806 -0.000661983 -0.00529406 0.00677224 -0.00556371 0.00100161 0.0148179 0.0103366 0.0157021 -0.00778496 -0.0164226 -0.00992194
internal_weight=1310.43 687.212 407.43 623.215 279.782 602.655 452.891 216.35 83.0861 133.264 64.4642 342.966 289.762 63.4314 121.93 41.1129 243.964 416.332 359.305 57.0271 53.2032 20.56 41.9731 23.2335 41.2307 45.7985 9.67365 45.5122 36.5584 19.0631
internal_count=158284 20376 16328 137908 4048 136422 115690 3534 1806 1728 1122 15206 13043 514 1553 615 11899 105807 91860 13947 2163 1486 1191 652 470 1144 501 1881 9883 5251
is_linear=0
shrinkage=0.03


Tree=29
num_leaves=31
num_cat=0
split_feature=71 69 32 69 60 54 5 71 43 18 21 44 30 52 67 54 52 52 54 49 32 67 52 7 43 52 32 75 6 60
split_gain=31.8297 5.71518 4.16811 4.07545 3.73923 3.32927 3.42589 3.31833 3.27235 3.41769 2.51994 3.28408 2.48703 2.88832 2.62574 2.45524 3.09524 4.19869 2.89615 2.54799 2.35011 2.30226 2.76869 2.08434 1.77235 1.63635 1.45144 1.20986 1.14035 1.18556
threshold=1.1894729609942292 -2.3446244291868226 0.29953390238644689 2.3617364200331212 0.97116371812820856 0.49930487130591822 0.03591420767890912 0.017116023632402406 0.047820640939425181 29.123488493645024 -0.036000469663906125 0.00083595413199644153 0.67026072120318514 0.52535896507161428 -0.96146911923231404 0.57514222579460672 0.60896649527140501 0.52535896507161428 0.58346599610030381 0.0052044514960994945 -0.14238399869210736 0.63426234291884376 0.59420748486516251 0.012262854315617402 0.052023794148548304 0.22103004291845499 -0.043487194022893354 -0.65774365321189265 0.018510755481824515 0.14841379599363005
decision_type=8 8 10 10 10 10 10 10 10 10 10 10 10 2 10 10 2 2 10 10 10 10 2 10 10 2 8 10 10 10
left_child=2 12 7 4 21 6 23 15 9 -6 -7 -12 13 -2 -15 16 17 -1 24 -18 -10 22 -3 -5 -17 -20 -14 -9 -4 -30
right_child=1 3 28 5 8 10 -8 27 20 -11 11 -13 26 14 -16 18 19 -19 25 -21 -22 -23 -24 -25 -26 -27 -28 -29 29 -31
leaf_value=-0.0063198448429142755 0.025027975986893099 -0.0019622268768133993 -0.0070722277798392491 0.00041011056453917012 -0.0064804312318758701 0.027276687179348127 -0.0073372744003872966 3.3732915629594404e-05 0.0034035855770216468 0.0087930900521265287 -0.0045803131871552955 0.015427335838361929 -0.0016501128756407628 0.020093513946025737 0.0035520275992406408 -0.026912229143980716 -0.016078461326634149 0.0063552525248602347 0.00090366362611759882 -0.0063107774091756812 -0.018908581512672759 -0.0052224577413752509 0.004029878958095227 0.013293582524318221 0 -0.010458600725140346 0.011979957013223994 -0.0044334545598860636 0.02060295791627487 0.0042295455187092348
leaf_weight=58.981154406617861 18.147730078082532 122.4091523977113 3.1162463017390136 19.84387018205598 13.714796781772746 10.419242683798073 16.873049388814252 89.956951587519143 8.3918070292565954 129.60265255364357 9.3192175960866717 26.243561129784212 16.405953189358115 13.510147819295524 24.136058948468417 13.383335845079271 29.687128984602168 37.588910455640871 12.579985290882176 140.82124432141427 6.7962988384533665 55.925571016268805 156.64352328167297 27.092643523355946 2.4847023754846296 78.627229081583209 10.67181229311973 132.63471051526722 5.9088692970108267 12.614164494210852
leaf_count=14283 155 5923 289 425 279 78 251 12765 167 2379 187 386 233 117 282 3233 7379 9550 3100 35836 226 4042 5197 286 684 20668 149 28418 113 1098
internal_value=-0.000151755 0.00429162 -0.00508585 0.00325811 0.00207778 0.00846969 0.00387074 -0.00556075 0.0058593 0.00727592 0.0145696 0.0101204 0.0116509 0.0152494 0.00993225 -0.00728906 -0.0056895 -0.00134088 -0.0111615 -0.00811275 -0.00694653 0.000267387 0.00139305 0.00803146 -0.0228696 -0.00886609 0.00385024 -0.00262262 0.00754502 0.0103941
internal_weight=1304.53 686.147 618.385 603.275 493.484 109.792 63.8096 596.745 158.506 143.317 45.982 35.5628 82.8717 55.7939 37.6462 374.154 267.078 96.5701 107.075 170.508 15.1881 334.978 279.053 46.9365 15.868 91.2072 27.0778 222.592 21.6393 18.523
internal_count=158178 20762 137416 19826 18213 1613 962 135916 3051 2658 651 573 936 554 399 94733 67048 23833 27685 43215 393 15162 11120 711 3917 23768 382 41183 1500 1211
is_linear=0
shrinkage=0.03


Tree=30
num_leaves=31
num_cat=0
split_feature=70 72 7 57 43 38 55 46 70 38 44 53 21 57 38 14 52 10 57 29 57 44 44 53 60 37 44 16 32 55
split_gain=27.4619 5.60293 4.47822 4.4313 4.07013 3.84878 3.16882 3.62399 3.01535 3.11147 2.83968 2.73378 2.67736 2.60541 2.57528 2.54529 2.17614 2.73188 2.11776 2.84165 2.10796 2.08218 3.67254 3.42519 1.7564 1.74068 1.71317 1.70353 1.63697 2.38248
threshold=0.42531180444554212 2.0737796302702192 0.015505760078654134 0.94397445986550299 0.051227593454310501 1.0686380116743881 0.63064089566712223 0.0090863908733531899 1.6542002221179213 0.95082559795684995 0.16428337884866476 0.021231719632595906 0.19782490688494239 0.012806844896397137 0.78419001269075517 -0.19498572290762314 0.67255420686793255 2.2177777899753495 0.98274000148953611 5.4213321719258554 0.86708213610830687 0.077141766390349323 0.085623221586974788 0.01728576548638688 0.37956137678952184 -0.21610866317461727 0.00083595413199644153 -0.0057625104103622418 0.050636540257310021 0.97116371812820856
decision_type=10 10 10 10 10 10 10 8 10 10 8 10 10 8 10 8 2 10 10 10 10 8 8 10 8 8 10 10 10 10
left_child=3 5 16 11 8 6 13 12 -4 -10 26 15 -8 14 -2 25 17 27 -7 -20 -15 23 -23 -17 -9 -1 -5 -3 29 -18
right_child=1 2 4 10 -6 18 7 24 9 -11 -12 -13 -14 20 -16 21 28 -19 19 -21 -22 22 -24 -25 -26 -27 -28 -29 -30 -31
leaf_value=0.013860208364327591 0.025975557335759299 0.0086047547125218532 -0.00073823021137943597 -0.011193282533076538 -0.0046042623782345908 -0.002421565563273523 0.001237400695506213 0.0054223720585296099 0.020753497292822234 0.010111323153696129 0.023167569360087355 -0.014904118107576128 0.019236363421831375 0.0028783831900915996 0.005927392836305557 -0.0077186493964750084 -0.01568001924031473 0.013986017133708107 0.013506541966164598 -0.007607937618385084 0.01006029409688506 0.0077804881872557295 -0.0047181087188574652 0.0013831273852155366 -0.011880398827633424 -0.0023425788414851425 0.0043843490812217811 -0.010631400832774127 0.0031559616784155656 0.0047012850404152184
leaf_weight=9.3181595187634212 10.567284143995495 6.2108248291769987 12.983925893029662 6.9820029451511791 12.757519319420679 167.88236068142578 54.470234733482357 5.7002113272901651 42.528880224563181 71.850140286493115 5.2331921975128344 26.575525354244746 7.740092148538678 132.85342214425327 14.087309634545816 326.08076669718139 13.280718546011487 21.266163109918125 16.876666801050309 7.4733540809247634 51.725030413013883 25.382280878373422 104.50652267667465 41.058776949357707 25.551980071817525 13.012132296396887 29.610189879953396 8.6127105114283022 20.714131532702595 7.2013103929348281
leaf_count=696 108 133 306 1147 229 16321 3495 328 394 990 132 6281 185 6604 291 75747 401 400 386 252 1118 5767 19134 9056 2533 1572 3091 268 480 149
internal_value=-7.26102e-05 0.00388322 0.0078924 -0.00487042 0.0110779 0.0021037 0.004209 -0.000353056 0.0126958 0.0142399 0.00441955 -0.00559441 0.00379315 0.00625309 0.0153148 -0.00508454 0.00201096 0.00731378 -0.00120048 0.00686339 0.00495052 -0.00553377 -0.00221199 -0.00669162 -0.00856119 0.00459434 0.00111355 -0.00234772 -0.00262669 -0.0084892
internal_weight=1300.09 712.334 217.406 587.76 140.12 494.928 302.696 93.4625 127.363 114.379 41.8254 545.934 62.2103 209.233 24.6546 519.359 77.2859 36.0897 192.232 24.35 184.578 497.028 129.889 367.14 31.2522 22.3303 36.5922 14.8235 41.1962 20.482
internal_count=157994 35371 3750 122623 1919 31621 14662 6541 1690 1384 4370 118253 3680 8121 399 111972 1831 801 16959 638 7722 109704 24901 84803 2861 2268 4238 401 1030 550
is_linear=0
shrinkage=0.03


Tree=31
num_leaves=31
num_cat=0
split_feature=59 36 69 32 48 78 52 53 30 33 45 10 5 37 51 53 59 51 53 63 7 56 18 16 11 14 5 53 70 17
split_gain=30.9736 4.48193 4.32028 4.03452 4.0223 3.80658 3.52797 3.21106 3.06769 2.87628 3.10973 2.3954 2.83179 2.7548 2.34546 2.28681 2.29188 2.20479 2.19512 2.07222 2.04663 2.39868 2.19386 1.66299 1.53778 1.48885 1.30219 1.25868 1.10198 1.09366
threshold=0.90179360784418805 -0.31802788338412408 2.3617364200331212 0.29953390238644689 -0.0098383013078600628 1.9636663802051564 0.7466262472402404 0.019656344513484667 0.67377663249241382 0.034913224135457409 0.017937732423117535 2.4008649182581672 0.03591420767890912 0.14581763365335174 0.29845360824742273 0.018097690716036615 0.44467863012481684 0.5696252114306064 0.010900370658205363 0.21601605204916943 0.018673247397691047 0.89772703015399336 43.218358248144739 0.10119243485287112 -0.026777321806594919 0.24340391658286678 0.021697472397613621 0.019391975326251903 1.0558355950311287 0.09354259123339205
decision_type=10 10 10 8 10 10 2 10 10 8 10 10 10 10 2 10 10 2 10 10 10 8 8 10 10 10 10 8 10 2
left_child=3 4 5 7 8 9 -6 15 -2 10 -3 12 23 -14 -11 16 18 26 -1 -9 21 25 28 -4 -7 -5 -17 -19 -23 -24
right_child=1 2 11 20 6 24 -8 19 -10 14 -12 -13 13 -15 -16 17 -18 27 -20 -21 -22 22 29 -25 -26 -27 -28 -29 -30 -31
leaf_value=0.0054477507179608751 0.02229067415082021 0.0051714681779823505 0.017827905322607911 -0.00086845563190893313 0.011981218394058002 0.0013640709178043369 -0.0095569866171925991 -0.0013295720530121363 0.0040236633947685532 0.015355390528342595 -0.010542006394234161 -0.00096455327836907025 0.010805545442420616 -0.0087586673338323033 -0.0024419869216189532 0.016794658562606576 -0.0032090047909320327 0.00068448852880554809 -0.0079572168492040157 -0.015577407585005896 0.01441359294083679 -0.0063318262664373483 0.0033351242897329244 0.007439354726498329 -0.014706919723090656 0.02497458341573338 -2.8900019824747825e-05 -0.016407020351105139 -0.028123127605766948 -0.0059998167122276048
leaf_weight=10.632547802291809 31.552033524028957 310.31750415806891 43.21339889569208 2.7959203007630995 14.183570802211763 7.4511574791977209 11.402139097917823 12.674020462320184 12.354674514615906 6.1455300037050611 10.735231616417876 16.832244155928493 13.437337760347875 10.679532484267837 94.129421824705787 10.027532956446523 280.30583923170343 11.969827920896934 218.36689732503146 40.37525505607482 9.1356483262497914 8.836137959500773 39.310502857028041 25.289723552996293 14.516029476188121 4.2378526357933879 6.0601079994230522 4.4836759287863961 2.5083937329472965 14.609611807856707
leaf_count=2630 329 7474 477 252 188 260 209 2268 210 185 369 208 179 189 3775 2140 58774 2684 55037 10789 325 1084 3214 528 686 137 958 1016 86 1583
internal_value=1.06336e-05 0.00483932 0.00391393 -0.00442803 0.0119975 0.00257489 0.00227154 -0.00528563 0.0174215 0.00322184 0.00460563 0.00923763 0.0111143 0.00201881 -0.00118077 -0.00457032 -0.00506538 0.00300844 -0.00730079 -0.0123165 0.00178865 0 -0.00185864 0.0141981 -0.00930306 0.0154991 0.010651 -0.00447435 -0.013281 0.000688013
internal_weight=1298.57 622.24 552.747 676.33 69.4924 443.295 25.5857 594.896 43.9067 421.328 321.053 109.452 92.62 24.1169 100.275 541.846 509.305 32.5411 228.999 53.0493 81.4341 72.2984 65.2646 68.5031 21.9672 7.03377 16.0876 16.4535 11.3445 53.9201
internal_count=158243 15266 14330 142977 936 12749 397 136296 539 11803 7843 1581 1373 368 3960 123239 116441 6798 57667 13057 6681 6356 5967 1005 946 389 3098 3700 1170 4797
is_linear=0
shrinkage=0.03


Tree=32
num_leaves=31
num_cat=0
split_feature=59 8 32 36 14 53 60 29 52 32 53 45 4 65 78 78 24 53 66 60 41 41 53 41 1 10 9 48 69 62
split_gain=28.507 5.25328 3.71658 3.69698 3.4618 3.08257 2.97463 5.16622 3.29517 2.74562 2.68493 2.25119 2.53236 2.21143 2.58867 2.20659 2.92368 2.16333 2.1502 2.4886 2.09325 3.87003 2.14121 1.8115 1.73946 1.65979 1.87321 1.52637 2.15644 1.48065
threshold=0.88260413818248118 0.010914454282825429 0.32248816140126663 -0.26493212656928428 0.052378526226431472 0.019656344513484667 0.94820215624986037 2.3559044447987394 0.62285426991309356 -0.010739114128095249 0.012406161365255347 0.017937732423117535 -0.046205432845914378 0.092762720319255088 -2.1377157929300075 -0.65853857948046846 -0.747074037846719 0.017635968449793909 0.83085096269200653 0.8281247965415317 0.0083481539330804173 0.010649409591326655 0.010900370658205363 -0.0058159408787190605 -0.083605246765187588 0.98727187725750054 0.8745159057837858 -0.01742967166241521 0.4143737507000283 0.42741110891219741
decision_type=8 10 10 10 10 10 10 10 2 10 8 10 10 10 10 8 10 10 10 8 10 10 10 10 10 10 10 10 8 8
left_child=2 10 5 9 11 17 8 -8 -6 15 25 12 -5 18 -15 -3 -17 20 19 -12 22 -22 -1 -19 -7 26 -2 29 -29 -27
right_child=1 3 -4 4 6 24 7 -9 -10 -11 13 -13 -14 14 -16 16 -18 23 -20 -21 21 -23 -24 -25 -26 27 -28 28 -30 -31
leaf_value=0.0033494128621706708 0.0061452850348434245 0.021365517031785408 0.0089927477395099851 0.0055530635649917535 -0.0033822573965039014 0.0033151211028385904 0.014800031552932752 0.0016295224619128816 0.0068834744994767053 -0.0050468220831949616 0.013536955099064519 -0.011479751729273119 -0.0018785380158834516 -0.013567558798294611 -0.0017494326168064225 -0.0015126862854153986 0.012811823293793134 0.010987032998348096 -0.0099369716776761818 0 0.0084356072264989788 -0.0044413702093352488 -0.0074670906334400244 -0.0023257338908816215 -0.014445156462828923 0.022498253934727215 -0.009300803253086928 -0.0036818252614599653 0.011304164435391468 0.0027023284093701189
leaf_weight=16.576000581262633 13.60293411719613 19.452421327820048 15.515013981261289 85.68326573248487 41.971957942529116 4.8996678771218276 74.779089832678437 42.739067900227383 79.833102387725376 8.1638734440784884 16.01187846029643 10.889003891614264 77.234745967958588 24.850640959397424 50.113988134660758 15.901195592712609 55.101387902279384 12.403690429287961 11.30147079459857 44.387366892420687 23.574886684480589 141.13539059390314 273.76397447934141 27.885456204123329 44.334995375480503 9.3778923526406253 12.597253155079668 15.977259773295373 16.451940327533521 6.0679977601394066
leaf_count=3949 700 207 1064 2213 1447 850 1008 1119 2384 163 427 476 2716 2124 1823 422 1252 2767 401 2271 5674 34654 67541 6332 11923 196 868 500 386 194
internal_value=6.61629e-05 0.003962 -0.00502149 0.00562791 0.00435077 -0.005442 0.00668632 0.0100896 0.00332291 0.0108506 7.83786e-05 0.00109783 0.00202169 -0.0022568 -0.00583364 0.0123577 0.0095857 -0.00470183 0.00147041 0.00378081 -0.00529282 -0.00254041 -0.00682988 0.001867 -0.0125872 0.00471035 -0.00123992 0.00798683 0.00394183 0.0155409
internal_weight=1292.58 732.49 560.089 511.749 413.13 544.574 239.323 117.518 121.805 98.6189 220.741 173.807 162.918 146.665 74.9646 90.455 71.0026 495.339 71.7007 60.3992 455.05 164.71 290.34 40.2891 49.2347 74.0753 26.2002 47.8751 32.4292 15.4459
internal_count=158051 23297 134754 13407 11363 133690 5958 2127 3831 2044 9890 5405 4929 7046 3947 1881 1674 120917 3099 2698 111818 40328 71490 9099 12773 2844 1568 1276 886 390
is_linear=0
shrinkage=0.03


Tree=33
num_leaves=31
num_cat=0
split_feature=58 69 38 28 69 32 10 63 44 25 44 0 43 46 46 46 30 61 46 7 72 43 43 43 69 45 54 8 69 51
split_gain=23.1385 4.85568 4.59592 4.857 5.10906 4.83261 3.47541 3.36881 3.14389 2.70916 2.66248 2.60826 2.56725 2.50785 2.58898 4.42838 2.42693 3.40935 1.83502 1.77361 1.72745 1.68243 1.51797 1.51089 1.48847 1.40251 1.35028 1.33281 1.28988 1.23271
threshold=0.86320287899235282 1.4897532789203687 1.2773436801191003 -0.20954908619827875 2.2046455762204746 0.35371105579485496 2.4008649182581672 0.24025307341529109 0.099831668351761951 0.78329911696901411 0.16428337884866476 -0.03644371962209441 0.045006127462353447 0.0044955487679037938 0.0057736637568546563 0.007071556310002604 0.66855742427526244 0.65036316674467398 0.0036476436852288228 0.020650673001638278 -1.1906247323217811 0.043881322610358826 0.045006127462353447 0.023922112248668363 -2.3446244291868226 0.0061033538753718043 0.56052014714107801 0.010279386698655494 -2.3446244291868226 0.81808982592530011
decision_type=10 10 10 10 10 10 10 10 10 10 8 10 10 10 10 10 10 10 8 10 10 10 10 10 8 10 10 10 10 2
left_child=1 7 3 8 5 12 9 24 16 -6 21 28 -5 18 22 -16 17 -2 -9 -18 -13 23 -15 -3 -1 -7 29 -26 -4 -22
right_child=2 10 11 4 6 25 -8 13 -10 -11 -12 20 -14 14 15 -17 19 -19 -20 -21 26 -23 -24 -25 27 -27 -28 -29 -30 -31
leaf_value=0.0086943126423363846 0.018061996702423422 0.00038802325916846889 0.023119110187480075 0.0014903950412726756 0.014980762542912071 0.023409464655895461 -0.0037959741131548771 -0.011738338012687474 -0.0059711536307241698 -0.0015453729921835295 0.023159391917586133 0.0092707380152496875 -0.0080010351771328553 -0.014163232560356931 0.00067252841410540137 -0.007640169795330453 -0.0025574057050657558 0.0029215581776191606 0.0028708746024368828 0.0095811589451882447 -0.0089981079679067009 -0.010513281957941089 0.0075857604746834891 0.011571902822199219 -0.0032808586770785866 0.0071320305003038566 0.0001131634008686112 0.0025144669209556498 0.0028698206571395406 0.0089772149507444301
leaf_weight=11.619498870684764 62.558055709116161 32.494648222287651 4.0116877236869177 214.34587900800398 61.430993236019276 9.1548587600700575 12.943238624138756 8.3956497241742891 9.1021024368237686 9.8344802969368157 5.1643273376394054 7.8449482918949789 28.086542605306022 49.740040470613167 73.723451392608695 251.42393338226248 14.354618992016183 18.135841156705283 42.639163873100188 35.809238352929242 45.565128653077409 6.9993019137764341 2.276671946165151 15.859216969227417 149.75351907970617 12.903107598423956 31.378447295981459 45.404568875790574 8.2561550564132613 2.7543264559935769
leaf_count=267 996 3450 49 9323 977 127 165 1932 256 201 115 430 1525 11330 17373 59998 421 617 9854 599 3256 875 491 1224 24041 305 1785 5242 382 162
internal_value=4.3522e-05 -0.00365624 0.00442003 0.00561753 0.00369088 0.00161251 0.0100881 -0.00443303 0.0103361 0.0126689 0.00438498 -0.00141059 0.000350109 -0.00595086 -0.0067936 -0.00574988 0.0115298 0.0147733 0.000230485 0.00606692 -0.00328238 0.00220025 -0.0130296 0.00427707 -0.00126193 0.0147401 -0.00465478 -0.00191131 0.010961 -0.0077514
internal_weight=1283.96 695.494 588.47 488.659 348.699 264.49 84.2087 634.976 139.96 71.2655 60.5175 99.8107 242.432 428.199 377.164 325.147 130.858 80.6939 51.0348 50.1639 87.5429 55.3532 52.0167 48.3539 206.778 22.058 79.6979 195.158 12.2678 48.3195
internal_count=157768 136192 21576 15512 12623 11280 1343 130528 2889 1178 5664 6064 10848 100978 89192 77371 2633 1613 11786 1020 5633 5549 11821 4674 29550 432 5203 29283 431 3418
is_linear=0
shrinkage=0.03


Tree=34
num_leaves=31
num_cat=0
split_feature=59 69 9 43 38 69 16 3 45 57 71 44 53 53 53 53 44 42 54 53 53 48 26 32 54 42 9 48 3 42
split_gain=26.2519 5.43035 4.83178 5.98722 4.95516 3.49343 3.95427 3.09242 2.71426 2.57629 2.55274 2.61896 4.16961 3.31304 2.84778 2.5891 3.57688 3.60125 2.76103 2.45196 2.40099 2.64575 2.55339 2.32509 1.85992 1.65588 1.5815 1.19232 0.951913 0.934119
threshold=0.90179360784418805 -2.3446244291868226 2.8104942996244193 0.047820640939425181 1.2773436801191003 2.3617364200331212 -0.018041811355338829 0.031948615015763078 0.017937732423117535 0.02098638197417332 0.043644312515753285 0.074067882119761466 0.020765563179641202 0.01728576548638688 0.010900370658205363 0.020587867958909118 0.084656299703340113 0.01793940492339097 0.35812371403689752 0.017511423483394125 0.012406161365255347 -0.021692277328624606 0.85574790603801454 0.22547938744235416 0.43770633132253817 -0.0085739640787120246 0.68721432514128689 -0.15381370080476323 -0.081880725597813439 0.0064261104393029686
decision_type=8 8 10 10 10 10 10 10 10 10 10 10 10 10 10 10 10 10 10 10 10 10 10 10 10 10 10 10 10 10
left_child=10 20 5 4 9 7 -7 8 -3 -4 11 12 13 14 -1 16 18 -18 -13 -9 -2 25 -23 -8 -15 -22 -17 -14 -12 -6
right_child=1 2 3 -5 29 6 23 19 -10 -11 28 15 27 24 -16 26 17 -19 -20 -21 21 22 -24 -25 -26 -27 -28 -29 -30 -31
leaf_value=0.0044578063331465597 0.021435517066052023 0.0028518676318638296 0.0018144640407955165 -0.01309081983631253 -0.013750211825811322 0.021237207267862334 0.0090740053468256199 -0.0058265666696170346 -0.013017404930936513 0.017000343924210116 0.0023276965636130718 -0.013829174900507762 -0.0070208330858943487 0.017834125632443753 -0.0083905734154129351 0.021053581674191184 -0.014107875639035532 0.0010328142054469702 0.011171773089050993 0.0051425475924143866 0.0061827563203598239 0.0088033945088246031 -0.0086533293372706033 -0.0012252441769631053 -0.00061502729748576452 0.020272187669947383 -0.00014382838356648048 -0.026396848813407151 -0.002773322907388701 0.0015393638300136079
leaf_weight=15.732735778554341 16.904206464067101 285.40979516151128 12.781540141440926 8.8396383873186988 5.3592097935033944 14.249705230817197 41.408790462417528 87.435677314701024 9.0039355509215948 62.694331631995738 38.477316173608415 3.9669150004629072 5.4512247343082008 4.905004810774698 228.42893729748903 5.8160852279979718 31.059108673594892 24.444094524369575 18.984771298361011 22.024697913730051 15.923380012158303 17.320972091518346 11.749389159027485 35.646345180692151 27.520512557006441 17.714724184945226 5.3765108827501535 12.060884332400745 187.01909263321431 7.1858984356513247
leaf_count=3858 173 9950 218 261 162 110 627 5120 350 927 4948 956 1686 1277 59351 538 7908 5931 4799 893 185 201 186 610 6283 183 1194 3123 35703 207
internal_value=5.56275e-05 0.00414544 0.00313751 0.0092395 0.0116376 0.00192166 0.00719115 0.000708138 0.00231397 0.0145253 -0.00444762 -0.00593789 -0.00730513 -0.0063392 -0.00753564 -0.00138828 -0.00337839 -0.00748642 0.00632845 -0.00356572 0.0114718 0.00844446 0.001595 0.0043164 0.00253608 0.0140603 0.0114484 -0.0212325 -0.00188324 -0.00530372
internal_weight=1280.9 671.652 592.04 96.8606 88.021 495.179 91.3048 403.874 294.414 75.4759 609.243 383.747 294.099 276.587 244.162 89.6475 78.4549 55.5032 22.9517 109.46 79.6127 62.7085 29.0704 77.0551 32.4255 33.6381 11.1926 17.5121 225.496 12.5451
internal_count=157918 20363 19435 1775 1514 17660 1347 16313 10300 1145 137555 96904 75578 70769 63209 21326 19594 13839 5755 6013 928 755 387 1237 7560 368 1732 4809 40651 369
is_linear=0
shrinkage=0.03


Tree=35
num_leaves=31
num_cat=0
split_feature=59 72 43 8 45 14 57 54 59 64 70 45 24 13 53 74 2 51 45 54 67 61 54 37 13 1 49 46 2 5
split_gain=22.8805 3.55319 4.4691 3.48934 3.4746 3.33626 3.64687 3.26729 3.20757 2.9792 2.57825 2.57745 2.53165 2.32356 2.26886 2.04379 2.03152 1.94551 1.92786 2.0952 1.59973 1.386 1.48369 1.3087 1.29364 1.13701 1.06303 0.981192 0.924738 1.21443
threshold=0.89379644373673051 2.0737796302702192 0.047820640939425181 0.010687405829506787 0.0043653841416914901 -0.32459048273431573 0.94397445986550299 0.47463210634266922 0.72585825792636605 0.080881963450163338 2.4506067413423991 0.010343468166322031 0.44511395584613211 0.39506112745364347 0.019858296365560999 -1.0190389790906051 -0.11142979784208816 0.80674746562280453 0.018438701294419196 0.56052014714107801 -0.26076407769624482 0.83583701363592422 0.56826563459463031 -0.34374293634439451 0.31403952571346222 0.031672165302464091 0.017644628358513773 0.0087237539001491626 0.03239310213401015 0.028802435882260977
decision_type=10 10 10 10 10 8 10 10 8 10 10 10 10 10 10 10 10 2 10 10 10 10 10 10 10 10 10 10 8 10
left_child=8 5 3 20 10 15 21 -6 13 -8 -5 17 -11 14 18 16 -2 -4 19 -1 23 22 -7 -3 26 -23 -16 -18 29 -10
right_child=1 2 11 4 7 6 9 -9 28 12 -12 -13 -14 -15 24 -17 27 -19 -20 -21 -22 25 -24 -25 -26 -27 -28 -29 -30 -31
leaf_value=-0.0037100677144282085 0.00055783528644767744 0.0021114757141667186 -0.024035872438081564 0.0092390721745806113 0.018266719704810544 -0.0011516333015646565 -0.009532506249530474 0.008525533687392858 -0.0005356327771541882 0.009767289264911239 -0.010387194919238696 0.0074711091892781254 -0.0015327025169848041 0.0089053399334536217 -0.0083231701185280966 -0.0033907080986960822 0.022357467447134887 -0.0011794839401863045 0.0094865774954589095 -0.0085589366635916864 0.0082256705480920553 -0.011042831760350267 0.0041863990803828587 -0.013128576818235866 0.0046447813549913078 -0.00052978236378431736 -0.020309190916357543 0.010431905853899187 -0.0038060863038879606 0.0074871847625328225
leaf_weight=262.67455880757188 11.179533372167496 8.555295211728664 6.3815381543245184 10.924658220494168 50.423351771314628 154.23666419560323 9.2385776899754983 93.247055128915235 129.99193983443547 83.480000512907282 11.139434810727833 7.6076332745142272 21.751608485588804 9.084867309778927 17.164558852440678 8.5185948873404396 12.937181208282707 6.8747653474565595 7.1319120441330588 119.50963950529695 9.8650736908894014 17.659273600729648 65.946083606919274 9.8128157523460704 2.7706056225579223 19.850756323488895 15.625276433653196 20.850705566350371 63.327954372682143 18.454397473717108
leaf_count=67267 214 178 167 192 715 4943 172 1467 19000 1483 156 138 497 526 4929 274 129 164 1605 31718 245 1402 2142 210 316 1236 4275 399 10337 1619
internal_value=0.000135052 0.0041517 0.00729787 0.00872202 0.0103753 0.00254336 0.00151424 0.0120677 -0.00384453 0.00594673 -0.00056026 -0.00559832 0.00741087 -0.00532013 -0.00565154 0.00948985 0.0120159 -0.0133071 -0.00495122 -0.00525253 -0.000903377 -0.000458499 0.000445276 -0.00613282 -0.0128915 -0.00571533 -0.0145556 0.0155958 -0.000795879 0.000485091
internal_weight=1286.22 640.481 214.832 193.968 165.734 425.649 372.163 143.67 645.736 114.47 22.0641 20.8639 105.232 433.961 424.877 53.486 44.9674 13.2563 389.316 382.184 28.2332 257.693 220.183 18.3681 35.5604 37.51 32.7898 33.7879 211.774 148.446
internal_count=158115 16523 3632 3163 2530 12891 11875 2182 141592 2152 348 469 1980 110636 110110 1016 742 331 100590 98985 633 9723 7085 388 9520 2638 9204 528 30956 20619
is_linear=0
shrinkage=0.03


Tree=36
num_leaves=31
num_cat=0
split_feature=59 57 57 21 10 33 38 72 50 42 72 59 45 38 31 22 50 26 43 53 49 53 21 63 53 53 53 42 13 17
split_gain=21.2753 5.32692 4.1422 3.47914 3.32825 3.42339 2.83522 2.65697 2.64719 4.60968 2.59862 2.4388 2.35614 2.19129 2.35653 2.11029 1.69388 3.36761 1.67542 1.65552 2.03762 1.64961 1.5809 1.53708 1.32341 1.23036 2.7929 1.47477 1.11067 1.06603
threshold=0.90179360784418805 0.012806844896397137 0.94397445986550299 -0.026515791377419769 2.7905909980870498 0.034913224135457409 1.2532765122321792 1.6190514471426323 0.0052404787379354287 -0.0056350128958153048 -1.2497739167685855 0.409229998653108 0.0097281202836140401 0.93583330520295138 0.061391061150297861 -0.11462352951338788 0.0066360595492824812 0.7781974258221368 0.044342842149440183 0.016926752438845592 0.012914304624734864 0.014975849122662898 0.031009040364318067 0.391258868473713 0.014656032632865643 0.019447971045763061 0.018097690716036615 0.024424351612015619 0.32850349713364285 -0.19505278867942655
decision_type=10 8 10 10 10 8 10 10 10 10 10 10 10 10 10 8 10 10 10 10 8 10 10 10 10 10 10 10 8 2
left_child=10 13 4 7 5 6 -3 24 9 -5 19 25 -7 16 -15 -6 -2 -18 -10 22 -21 -16 29 -22 -4 26 27 -12 -27 -1
right_child=1 2 3 8 15 12 -8 -9 18 -11 11 -13 -14 14 21 -17 17 -19 -20 20 23 -23 -24 -25 -26 28 -28 -29 -30 -31
leaf_value=-0.0075728358632075228 0.023088351378016497 0.0030850241240535448 -0.00023323772164463583 0.0051646418598843453 0.02030029576194536 -0.0086814657061118784 -0.006011508114318013 0.021404560045522762 0.0083239861281592057 -0.019117684054128777 -0.00837011691417241 -0.0030217029184049339 0.0033558082454561164 -0.0048523293905480365 0.0014052143052077331 0.0029497614236490667 0.01995275937042058 0.00033524150584475493 -0.0029777221068473026 0.017606697473112495 0.010434227788474776 0.017025302437670694 -0.009469448832167977 -0.013394575658278078 0.012913002160364008 -0.016012577656207887 0.0096767285308380861 -0.00071287633760052423 0.0032560626414851585 0.0018026663172390253
leaf_weight=11.695883038453756 16.566905252169818 228.32245812867768 12.516458269208671 17.907545717083853 11.534043358638881 53.203266495198477 34.50407503254246 21.320329912006855 72.901968502439559 10.170920734992249 142.15660784603097 341.99264527123887 19.009015989722684 12.764139221748335 11.346539372811096 14.483445051591845 15.300867311656477 15.919311012607066 13.088435390731318 9.1410897931782511 3.5125383031554547 13.953500704374163 16.268971702433191 4.2247272601816803 13.149633035063742 20.65272304858081 8.3892505950061587 28.159072051290423 2.4417615514248636 75.383973573567346
leaf_count=1903 163 6181 166 358 107 2741 1247 182 1317 238 36655 72231 870 235 184 258 157 244 253 1382 495 175 4054 1034 146 5609 1915 7273 143 9884
internal_value=-1.11217e-06 0.00404788 0.00288915 0.00687799 0.00108749 0.000260729 0.00186119 0.013698 0.00394804 -0.00388299 -0.00371331 -0.00459459 -0.00546927 0.0109458 0.0052516 0.0112193 0.0152194 0.0103637 0.00655483 0.000253048 0.00870622 0.0104539 -0.00116893 -0.00227739 0.00662121 -0.00721736 -0.00627789 -0.00713317 -0.0138002 0.000437682
internal_weight=1271.98 607.963 522.112 161.055 361.056 335.039 262.827 46.9864 114.069 28.0785 664.019 543.792 72.2123 85.8513 38.0642 26.0175 47.7871 31.2202 85.9904 120.227 16.8784 25.3 103.349 7.73727 25.6661 201.799 178.705 170.316 23.0945 87.0799
internal_count=157800 15222 14064 2660 11404 11039 7428 494 2166 596 142578 123826 3611 1158 594 365 564 401 1570 18752 2911 359 15841 1529 312 51595 45843 43928 5752 11787
is_linear=0
shrinkage=0.03


Tree=37
num_leaves=31
num_cat=0
split_feature=58 36 38 30 10 57 28 49 44 53 14 40 53 3 44 53 9 76 53 49 17 10 21 45 42 30 45 10 78 17
split_gain=19.0997 4.5371 3.66575 3.27927 3.05115 3.50747 3.68567 3.12381 2.59982 3.82524 2.96842 2.70446 2.57 2.53442 2.47874 2.4829 2.82037 2.47469 2.34813 2.22931 2.17031 2.03261 1.83644 1.76092 1.51891 1.50479 1.33158 1.7762 1.27115 1.7367
threshold=0.78504812049544703 -0.31802788338412408 1.2773436801191003 0.67026072120318514 2.0876939073984579 0.98274000148953611 -0.18927570488030879 0.024747607308354905 0.077141766390349323 0.020765563179641202 -0.30180265298752351 0.0096357416073785344 0.017033352714727442 0.013816269403891137 0.084656299703340113 0.020587867958909118 0.9909859756379803 0.48129413551989708 0.016751997380925188 -0.010867108319930706 -0.3089014621845399 0.38457866282074527 0.23025255622915827 0.0042033387028573236 0.023942803308015018 0.75790149773227167 0.0055173551960329649 1.1354309720918412 2.0431398716923481 0.32185580728985203
decision_type=8 8 10 10 10 10 10 10 8 10 8 8 10 10 8 10 10 10 10 10 2 10 10 10 10 8 10 8 10 2
left_child=8 3 4 13 5 6 -3 17 9 10 -1 -11 19 -2 26 23 -17 -6 -7 -12 -5 -14 28 24 -16 -22 -10 -28 29 -4
right_child=1 2 22 20 7 18 -8 -9 14 11 12 -13 21 -15 15 16 -18 -19 -20 -21 25 -23 -24 -25 -26 -27 27 -29 -30 -31
leaf_value=0.016060892817472396 0.019684961659340777 0.005219836001874245 0.00069709935754247313 0.012503449842432648 0.010776454028436603 0.011465539496775902 -0.0011715147623288589 -0.0073007042629067544 -0.0001106115834150214 -0.02176208215351479 -0.01137716878613365 0.0029647088525103678 0.015877774074143855 0.0033699092690972054 0.023452175494231359 0.017707696219919741 -0.0092640796228871565 -0.00017258080346206986 -0.0040892373110248863 -0.0047270359059615038 -0.014688994359369517 -0.001005986051161836 0.0073927839933335352 -0.0052423973273461886 -0.0014788006138897172 0.0032725515675756378 0.020440957372845427 -0.0035283183491317373 -0.010116080734447967 -0.0117014257128552
leaf_weight=5.1632711682468653 31.878579205251299 121.33980284817517 45.216101406433154 8.6241332846693712 98.714336872217245 49.313124930602498 239.4356638166355 11.01347704278305 8.9062165149953234 18.740728321252391 54.778246106230654 4.4526737766573232 6.4494009815389282 12.875723631354047 2.7266049679601556 9.5654057295760122 4.2892057612771159 22.134811390773393 9.7175260145449993 294.22303838579683 7.0944641396636117 44.188814281253144 12.203043162415268 89.653978460468352 4.6081333362963051 7.6815860359929511 9.5512501965276879 3.1519051003269842 25.277057761093602 11.950164613430386
leaf_count=213 386 5061 3972 151 1969 893 17693 270 1806 5073 12910 1003 1060 223 608 1055 1069 524 242 65905 160 10012 329 18111 916 150 2249 745 2434 1210
internal_value=-1.62679e-05 0.00323161 0.00243976 0.0105535 0.00337784 0.00210776 0.000978286 0.00735246 -0.00416044 -0.00529551 -0.00457937 -0.0169647 -0.00489295 0.015233 -0.000457978 -0.00230726 0.0090941 0.00876144 0.0088295 -0.00580892 0.0012232 0.00135211 -0.00297483 -0.00404272 0.0091309 -0.00554566 0.00857753 0.0144513 -0.00461558 -0.00199975
internal_weight=1274.92 714.47 646.315 68.1545 551.669 419.806 360.775 131.863 560.449 427.996 404.803 23.1934 399.639 44.7543 132.453 110.843 13.8546 120.849 59.0307 349.001 23.4002 50.6382 94.6464 96.9887 7.33474 14.7761 21.6094 12.7032 82.4433 57.1663
internal_count=158402 35667 34597 1070 26652 23889 22754 2763 122735 96176 90100 6076 89887 609 26559 21759 2124 2493 1135 78815 461 11072 7945 19635 1524 310 4800 2994 7616 5182
is_linear=0
shrinkage=0.03


Tree=38
num_leaves=31
num_cat=0
split_feature=59 69 69 16 10 38 32 53 53 10 40 63 73 55 30 52 55 18 7 18 59 48 45 45 52 54 47 53 10 47
split_gain=19.9275 4.02485 3.98566 3.51369 2.74248 3.04874 2.63082 2.80154 2.91754 2.53087 2.37433 2.27775 2.14599 3.58024 2.12119 2.58153 2.78909 1.95265 2.24417 1.90952 1.80164 1.71522 1.68834 1.66796 1.45587 2.30748 1.69205 1.30744 1.12959 1.43143
threshold=0.90179360784418805 -2.3446244291868226 1.2915360392881925 0.082134919161744105 1.6263464685018609 1.2838541523119407 0.29953390238644689 0.019447971045763061 0.018097690716036615 0.27864829372120598 0.010311117823812518 0.16419481539670075 0.74967720338949595 0.33548396048396051 0.67026072120318514 0.53979241636678676 0.12512626262626267 66.986968320145635 0.013669042649694433 49.798273943610177 0.26624057284434649 -0.069558997314310964 0.0083304609404307017 0.018619044111080962 0.59420748486516251 0.56052014714107801 -0.0030793315067065836 0.014959543248514113 1.1923133640479608 -0.0045142302242979207
decision_type=8 8 10 10 10 10 10 10 10 10 10 10 10 10 10 2 10 8 10 10 10 8 10 10 2 8 8 10 8 8
left_child=6 14 4 12 24 10 7 8 20 21 -6 -11 13 -4 15 -2 -17 19 -19 -5 23 -9 -16 -1 25 -3 -26 -7 29 -10
right_child=1 2 3 17 5 27 -8 9 28 11 -12 -13 -14 -15 22 16 -18 18 -20 -21 -22 -23 -24 -25 26 -27 -28 -29 -30 -31
leaf_value=-0.0076238109003401054 0.022326498363997995 -0.010104483814546327 0.0061638039907776828 0.0072433516593981544 0.0030162419307764254 0.00062041354038479355 0.0061914148191565318 0.02713742595040293 0.015855051968149226 0.00030119677074541654 0.012096516588933877 -0.014900226260721773 -0.001086928901299671 0.018782325390002075 0.0087852828043300975 0.018426015496651595 0.00099338543924523291 0.00049833448733389114 0.014333831910027971 -0.0081019003062128454 -0.0030548659392081109 -0.0081935398860731538 -0.0063512361671590198 0.015396888127554501 0.004838722238316784 -0.00070900850438190832 -0.0024719586409698191 -0.016921715953920877 -0.0034495892090439812 -0.0019980009020931283
leaf_weight=132.00499268912245 18.114940771367401 33.991745875682682 48.436076577752829 9.1454245275817794 147.06449711241294 6.124673094134776 20.800472572795115 1.7422993131913243 11.718951988150364 10.412384546012616 31.306795164011419 46.019389874185435 12.68700462952256 37.191194218117744 14.742260767146947 12.914031395688651 21.607378620537929 29.442484673345461 15.94316078070551 24.556937083951198 366.13560792116914 1.4226974082412192 10.347509565763174 1.9104141385760147 54.847527692792937 74.734404741902836 56.749724975554273 7.7191406083293259 6.5716076674871173 5.2166850885842022
leaf_count=33835 163 1478 591 169 3834 242 1519 116 2410 1735 566 12438 287 473 208 113 274 750 227 619 82198 360 163 390 2285 5009 2768 281 1289 1389
internal_value=-7.80344e-05 0.00348893 0.00262648 0.00637668 0.000995025 0.0036088 -0.00402549 -0.00440503 -0.00368048 -0.0105549 0.00468524 -0.0120867 0.0101411 0.0118327 0.00988029 0.0132673 0.00793431 0.00159148 0.00562741 -0.00376265 -0.00417272 0.0123814 0.00242354 -0.00716148 -0.00127774 -0.00373903 0.0011055 -0.0094398 0.00641116 0.0103837
internal_weight=1271.62 667.667 589.941 177.402 412.539 192.215 603.956 583.155 523.558 59.5968 178.371 56.4318 98.3143 85.6273 77.7261 52.6364 34.5214 79.088 45.3856 33.7024 500.051 3.165 25.0898 133.915 220.323 108.726 111.597 13.8438 23.5072 16.9356
internal_count=158179 20500 19579 3116 16463 4923 137679 136160 121511 14649 4400 14173 1351 1064 921 550 387 1765 977 788 116423 476 371 34225 11540 6487 5053 523 5088 3799
is_linear=0
shrinkage=0.03


Tree=39
num_leaves=31
num_cat=0
split_feature=59 36 30 32 53 46 7 9 72 7 43 57 41 40 23 7 50 52 50 75 46 60 69 51 75 7 69 54 54 30
split_gain=17.029 3.99846 3.28258 2.84614 2.30414 2.27373 2.273 3.37017 2.91002 3.69054 2.46294 2.21596 2.92108 1.95747 1.94447 1.84527 1.80136 1.78202 3.54315 1.77153 1.33037 1.28425 0.911548 0.70837 0.706322 0.702229 0.618845 0.71517 0.587717 0.575093
threshold=0.90179360784418805 -0.31802788338412408 0.66855742427526244 0.29953390238644689 0.019858296365560999 0.0074337567751160665 0.03477748638306543 1.6185701780654413 2.0737796302702192 0.0093024080770010703 0.047820640939425181 0.98274000148953611 0.0085958177452964985 0.013296053318210536 -0.0036346014635495467 0.016408336087127488 0.051343734652707369 0.60809578262408459 0.01642059579430644 0.44409382963099275 0.006377178022477413 0.14841379599363005 -1.342849634932088 0.78111661440416535 -1.141231947060193 0.010785709456742332 0.47833071227795582 0.58606054304804067 0.43507755479464671 0.71202750788693769
decision_type=8 8 10 10 10 10 10 10 10 10 10 10 10 10 10 10 10 2 10 10 10 10 10 2 10 8 10 10 10 10
left_child=3 2 15 4 16 -4 8 -8 11 20 -11 14 -13 24 -3 -2 17 18 -1 -19 -10 -5 -9 -18 -6 -25 -23 -28 -26 -15
right_child=1 6 5 21 13 -7 7 22 9 10 -12 12 -14 29 -16 -17 23 19 -20 -21 -22 26 -24 25 28 -27 27 -29 -30 -31
leaf_value=-0.0029251615301548522 0.0048545084565566965 0.0021653123626508616 0.011247259517512738 0.016387796301494555 -0.00033379197527424098 -0.0073334330823315039 0.0050201074153256647 -0.026454072030515325 -0.012718636877489422 0.0088017787131132192 -0.0042044022077925404 0.010873622921741757 -0.002394742062146495 -0.0027623348491776808 -0.0025134894684283524 0.019358065165266447 0.0093187930632700321 -0.0034389462897275029 0.011833300487736446 -0.0081836764650682157 0.0027719953161557376 -0.0085446803795000345 -0.0063199297060361733 0.0023095451457826603 -0.0011514684512880301 -0.013562672998872299 -0.00084301366958858682 0.013425676910496915 -0.0158105100633887 0.012703106527999884
leaf_weight=195.50084811716806 12.705765951890497 212.62371050962247 9.5698717366904038 6.9988265902502489 3.9773428698536 12.432403554674236 9.6970320125110465 5.3533605802804232 10.705738580320032 139.38669539324474 13.540049812523646 43.213422697037458 21.583497283048928 4.4097508406266561 126.47808764560614 28.84899232070893 10.95969378645532 174.1143404947361 14.7780480007641 125.93592928088037 7.7116683665662995 3.2930796477012327 4.875825154129414 14.601760954363273 3.3270090197911477 1.9840458708349604 7.3752826026175153 3.9951390321366489 31.199483225587755 2.5047211394412443
leaf_count=44194 203 7579 143 149 721 251 287 163 330 2154 317 666 362 918 7183 313 2703 38466 3486 32194 248 483 140 3341 901 408 675 213 8828 254
internal_value=-0.000101217 0.0032314 0.0103433 -0.00373434 -0.00413705 0.000755423 0.00245083 -0.00724005 0.0028037 0.00607382 0.0076109 0.00139745 0.00643918 -0.0106026 0.000409134 0.0152122 -0.00356686 -0.00397416 -0.00182266 -0.00546092 -0.00626924 0.00668081 -0.0185416 0.0037488 -0.0132072 -8.18084e-05 0.00110573 0.00460798 -0.0145546 0.00335806
internal_weight=1263.68 658.726 63.557 604.955 583.293 22.0023 595.169 19.9262 575.243 171.344 152.927 403.899 64.7969 45.4183 339.102 41.5548 537.875 510.329 210.279 300.05 18.4174 21.6623 10.2292 27.5455 38.5038 16.5858 14.6635 11.3704 34.5265 6.91447
internal_count=158273 20339 910 137934 136414 394 19429 590 18839 3049 2471 15790 1028 11622 14762 516 124792 118340 47680 70660 578 1520 303 6452 10450 3749 1371 888 9729 1172
is_linear=0
shrinkage=0.03


Tree=40
num_leaves=31
num_cat=0
split_feature=59 69 9 43 32 69 0 3 53 53 66 78 45 46 45 31 65 43 53 66 3 75 46 40 30 69 44 23 43 69
split_gain=17.5363 5.72475 2.83944 3.21275 2.68239 2.52389 2.39844 2.77091 2.28508 2.3938 2.19544 2.10942 2.04323 4.88087 3.58654 1.98894 1.84968 1.98414 1.76759 3.29636 1.89512 1.75437 1.86017 1.20169 1.18869 1.12559 1.39971 0.996254 0.925567 0.923797
threshold=0.90572098097046594 -2.3446244291868226 2.8104942996244193 0.047820640939425181 0.29953390238644689 2.3617364200331212 0.0070539902629869209 0.04323753836414191 0.019447971045763061 0.018097690716036615 0.22433881631994843 0.74010455663962238 0.0056149015962634391 0.0090394282231521846 0.0044010251167310123 0.061391061150297861 0.47171862182116492 -0.010216137446209415 0.019447971045763061 0.58237282011966773 0.022837901753113291 0.40017250596740822 0.0071743218066912407 -0.0011229276559033524 0.67026072120318514 0.45683181452100946 0.071648716325692488 0.085585249518904241 0.053765172951862568 1.144812597019145
decision_type=8 8 10 10 10 10 10 10 10 10 10 10 10 10 10 10 10 10 10 8 10 10 10 10 10 10 10 8 8 8
left_child=4 10 5 12 8 18 7 -7 9 21 -2 -8 14 -14 -4 -12 17 23 20 -20 -3 29 -23 -10 -17 -6 -27 -28 -18 -1
right_child=1 2 3 -5 25 6 11 -9 16 -11 15 -13 13 -15 -16 24 28 -19 19 -21 -22 22 -24 -25 -26 26 27 -29 -30 -31
leaf_value=-0.0027709872845343604 0.017277741615428759 0.0011721381524875758 0.0042781324980278312 -0.009857564707445211 -0.0065806278877017484 0.016167034519771688 -0.005149347198580052 0.0024257396621768347 -0.01071801671261954 0.0056220898352453636 -0.00074788668249213357 0.010485768504276219 -0.010917730158139094 0.013348422172266604 0.019478678635312042 0.018454113695697796 -0.017172162343794622 -0.0086273765886378095 0.013603432333716445 -0.0040120264812439849 -0.0036700969693121074 -0.0030717263333230483 -0.0087091817843529852 0.012878916396417275 0.0051821532490240827 -0.006734209605908547 0.016301650783877065 -0.0012085070914516097 -0.001497122281976491 0.0028174019033779191
leaf_weight=262.29258097620914 31.144933359697461 245.45531936502084 28.810629209619947 8.0713110086508078 4.0700151809724074 28.61672481149435 23.659220285946503 25.636137547669932 1.6019578306004403 24.580810956074856 18.776369018247351 10.326802446506916 12.903417537338102 15.032834259094669 28.811759400530718 12.14549842849374 24.291543175349943 23.555844835122116 22.474693553638645 15.157777191489002 102.07896931120194 113.78463884600205 103.94704638508847 6.9217593610519526 14.941747244447468 3.2026258270489079 12.859785661217751 3.1466392512666124 4.6438744580373195 28.285386083764024
leaf_count=57372 295 8718 537 268 506 282 406 489 306 5146 290 157 283 254 429 115 6511 5733 641 603 5739 28273 26939 949 226 250 621 198 1331 4432
internal_value=3.9666e-05 0.00350228 0.00244232 0.00719673 -0.00356861 0.00148248 0.00603121 0.00988957 -0.00396588 -0.00331499 0.0111373 -0.000148878 0.00893552 0.00204654 0.0121324 0.0066237 -0.00945702 -0.0041632 0.000419717 0.00651035 -0.000247982 -0.00376325 -0.00580433 0.00746934 0.0116851 0.00618891 0.00923471 0.0128143 -0.0148907 -0.00220892
internal_weight=1261.23 644.044 567.036 93.63 617.185 473.406 88.2389 54.2529 593.905 532.89 77.0085 33.986 85.5586 27.9363 57.6224 45.8636 61.015 32.0796 385.167 37.6325 347.534 508.31 217.732 8.52372 27.0872 23.2791 19.2091 16.0064 28.9354 290.578
internal_count=158299 19732 18806 1771 138567 17035 1334 771 136992 122162 926 563 1503 537 966 631 14830 6988 15701 1244 14457 117016 55212 1255 341 1575 1069 819 7842 61804
is_linear=0
shrinkage=0.03


Tree=41
num_leaves=31
num_cat=0
split_feature=59 71 5 14 16 17 4 17 55 4 63 53 42 53 53 43 4 50 44 0 52 18 17 42 57 60 44 47 44 43
split_gain=13.9358 3.16603 2.83092 2.66155 3.21823 2.44483 2.21408 3.30641 2.17766 2.14493 2.15902 3.18677 1.91813 1.83265 1.71055 1.65513 1.54856 1.41955 1.96489 1.37917 1.28542 1.22274 1.53692 1.31454 1.16999 1.11851 1.09128 1.17669 0.91087 0.920657
threshold=0.90179360784418805 2.1819351433407665 0.013261813949060798 0.46554097164725722 0.060400058736399982 0.34050342958362506 -0.056532047374219956 -0.74618553165770496 0.02098638197417332 0.36719754178487513 0.23632527809743001 0.021231719632595906 0.0096495138407765042 0.010900370658205363 0.01264870776022289 -0.0062751531280672559 0.23764363095987209 -0.033488930480944694 -0.097151723298657608 -0.0078958530872085802 0.23099646237003255 59.94628380750742 -0.061071199093206206 0.02371055905941322 0.71044447296372359 0.93292043769494315 0.063232366629696127 -0.15327845528716069 0.14199908989674739 0.04261866036830509
decision_type=8 10 10 10 10 2 10 2 10 10 10 10 10 10 10 8 8 8 10 10 2 8 2 8 10 10 8 10 10 10
left_child=9 3 -3 17 -5 6 8 -8 -4 10 -1 13 25 15 -15 -12 -6 18 -2 -14 -20 22 -19 -23 -11 -7 27 -13 29 -26
right_child=1 2 5 4 16 12 7 -9 -10 24 11 26 19 14 -16 -17 -18 21 20 -21 -22 23 -24 -25 28 -27 -28 -29 -30 -31
leaf_value=-0.0005866333475002388 0.0069710329903005389 -0.010191939488980631 0.0036710526079974971 0.014022224669048332 -0.013892976446313064 -0.00022238409782524116 -0.0090547454898874512 0.0058692032814368746 0.013247472436749135 -0.010736435315694889 0.01376272435319293 -0.0064306980651693234 0.012403799977275609 -0.0082907557886869078 -0.0035016300853253188 -0.0034961446783585244 0.0032298697035024978 -0.0010552540190827116 -0.019688598053520315 -0.00012808777933332141 -0.0022103946400137604 0.00039248335041774295 0.0042721855132211014 -0.007512208480667748 0.0075808646412228141 -0.015117890559082511 -0.00105253733586018 -0.024489204790940858 0.015515774639817044 -0.011977752125042209
leaf_weight=149.19595962978201 5.3991367460694191 9.5282873541582358 33.467230208683759 27.190245162695646 5.2229422538075596 9.4038471502717602 13.78894749144092 134.03907107713167 69.636184387374669 2.1189409965882104 8.625949197332373 6.3470942729618445 10.493474595481528 88.416987695673015 305.9001849940978 9.3289079400710779 18.876933535211723 93.575502567808144 8.8657301194034535 23.77321500540711 7.2962219074834129 45.534077301097568 98.474704628344625 30.517784908530302 5.7033816796029013 8.6594763742759806 4.2837081635370877 11.397597467061129 8.5187909179367107 2.1670344627927989
leaf_count=27532 224 296 519 334 172 203 268 2348 946 356 2118 2051 160 21759 76766 2107 536 3862 373 470 262 3166 3654 2305 562 176 1076 3058 352 220
internal_value=-0.000110315 0.00291781 0.00509476 0.000902848 0.00713394 0.00561684 0.00684291 0.0044055 0.0102329 -0.00340305 -0.00372824 -0.00479676 -0.000224169 -0.00416824 -0.00460133 0.0049258 -0.000767147 -0.000210907 -0.0074452 0.00386738 -0.0125615 0.00038524 0.00166886 -0.00279687 0.00636086 -0.00793904 -0.0157378 -0.0188776 0.00923417 0.00111421
internal_weight=1255.75 653.743 312.79 340.953 51.2901 303.261 250.931 147.828 103.103 602.005 583.496 434.3 52.33 412.272 394.317 17.9549 24.0999 289.663 21.5611 34.2667 16.162 268.102 192.05 76.0519 18.5081 18.0633 22.0284 17.7447 16.3892 7.87042
internal_count=158231 20274 5386 14888 1042 5090 4081 2616 1465 137957 136467 108935 1009 102750 98525 4225 708 13846 859 630 635 12987 7516 5471 1490 379 6185 5109 1134 782
is_linear=0
shrinkage=0.03


Tree=42
num_leaves=31
num_cat=0
split_feature=59 57 14 64 53 78 63 44 53 53 44 45 10 8 29 60 2 54 68 53 48 31 49 32 7 54 51 45 57 54
split_gain=13.7588 3.40712 3.24033 3.35947 2.76044 2.64278 2.41066 2.30256 3.77844 2.7315 2.43284 2.40231 2.1502 2.14704 2.05449 2.78098 2.12077 1.95514 1.88966 2.39407 2.19121 1.87054 1.85229 1.75982 1.6073 1.60174 2.08901 1.18745 1.11038 1.06267
threshold=0.90572098097046594 0.0043243293783250597 0.053905933471938179 0.11295352813313517 0.014330049374722388 -0.37315419136521794 0.22818037848693701 0.074067882119761466 0.019656344513484667 0.01728576548638688 0.083204900209581836 0.018438701294419196 0.63515775143923736 0.0088170790475005662 2.4552885426141793 0.94050188118250755 0.059057705666842659 0.35812371403689752 -0.70225160040407675 0.013591519304348062 -0.0024949782193460775 -0.024379799545648947 0.0048425688053423963 0.29953390238644689 0.0075243259625509861 0.55974032911909477 0.6479607137501876 0.0042033387028573236 0.50430109516057431 0.79748738043046596
decision_type=8 8 10 10 10 10 10 10 10 10 10 10 10 8 8 10 10 10 10 10 10 10 10 10 10 10 2 10 8 10
left_child=6 5 13 4 22 -2 28 8 9 11 17 -8 -11 25 15 -5 -16 -9 20 -20 -15 -6 -4 27 -19 26 -3 -12 -1 -10
right_child=1 2 3 14 21 -7 7 10 29 12 23 -13 -14 18 16 -17 -18 24 19 -21 -22 -23 -24 -25 -26 -27 -28 -29 -30 -31
leaf_value=-0.0014966114379950006 0.018547593574274164 -0.015902817318973337 -0.00098128597908834895 0.0037332311485570179 -0.0072318996750823858 0.0031678028073982927 -0.0060475558784642757 -0.0082064739891280492 -0.018072669507103799 0.015762275247939855 0.0056210945564621933 0.011220509540573773 -0.0010963858938846116 0.0045596507498048867 -0.0032180175224228885 0.011824622595583551 0.0059120825070703292 0.016975737093725789 0.0040105560025589081 -0.0065967948159263304 -0.0039700486390041589 0.010663545901221184 -0.023130895676017966 0.0056992815971241492 0 0.0013831909162491237 -0.000958813602507797 -0.0066744882749487679 0.0045169430551590976 0.0033416154074038134
leaf_weight=117.2242694341694 20.642085554078221 17.68138754973188 6.3011757861822826 77.291496319812723 8.1303022698266432 20.743285521864891 286.35774674278218 4.9848762045148787 24.306548833032142 8.2064988736528885 6.9709822344593695 6.4308618354843921 24.690681408683304 150.6394933948759 37.214750842540525 80.381907333852723 55.502616506884806 13.597659529303202 30.104408808751032 48.303126933518797 31.822059586178511 11.236045273486525 7.511309549678117 15.212619586149229 7.5576842330628997 20.299425060395151 16.398442261619493 59.518462850828655 35.041325589874759 1.7104437903035421
leaf_count=21608 175 1073 153 1804 235 265 71242 1103 6792 1389 1632 1382 5642 5273 1364 1186 1560 3196 965 1869 869 183 199 1040 1863 1468 1081 15571 5086 594
internal_value=-0.00014908 0.00292056 0.00232802 0.00464939 -0.00417184 0.0111663 -0.0033656 -0.00444763 -0.00562169 -0.00469713 -0.000574688 -0.00562116 0.00336159 0.000222338 0.00584215 0.00792565 0.00222021 0.0071913 0.00136565 -0.00248713 0.00304215 0.00301724 -0.0139773 -0.00315257 0.0111616 -0.00513382 -0.00902993 -0.00527674 -7.26789e-05 -0.0164822
internal_weight=1252.01 640.203 598.818 283.57 33.1788 41.3854 611.811 459.545 351.703 325.686 107.842 292.789 32.8972 315.248 250.391 157.673 92.7174 26.1402 260.869 78.4075 182.462 19.3663 13.8125 81.7021 21.1553 54.3793 34.0798 66.4894 152.266 26.017
internal_count=157862 19722 19282 6684 770 440 138140 111446 87041 79655 24405 72624 7031 12598 5914 2990 2924 6162 8976 2834 6142 418 352 18243 5059 3622 2154 17203 26694 7386
is_linear=0
shrinkage=0.03


Tree=43
num_leaves=31
num_cat=0
split_feature=59 69 17 72 69 70 45 44 72 52 59 53 44 70 9 52 23 53 43 53 42 44 44 53 53 46 21 43 72 41
split_gain=15.2174 5.09869 3.81032 3.24796 3.24912 2.83609 4.8661 4.22984 2.53889 2.48167 2.22097 1.86461 1.80811 1.66626 1.6132 2.3685 1.98112 1.59443 2.26223 1.36295 1.64488 2.2944 1.37797 1.35617 1.30962 4.12082 1.2522 1.21392 1.41986 1.29771
threshold=0.90572098097046594 -2.3446244291868226 0.49595691294199246 2.0737796302702192 0.7268487222910508 1.8757520774758178 0.0043653841416914901 0.063232366629696127 -1.2294148049806126 0.62285426991309356 0.42121710017799807 0.010989559495124484 0.065681575553060659 2.8403290373287375 0.48596472538169655 0.52535896507161428 -0.044102334894790922 0.013264219481505598 0.025030782174737202 0.019447971045763061 0.024424351612015619 0.061421842166587422 0.15576978428121704 0.017635968449793909 0.016926752438845592 0.011895288936271177 0.031009040364318067 0.047820640939425181 0.82983346097744526 0.016066272946949293
decision_type=10 8 2 10 8 10 10 10 10 2 10 10 10 10 10 2 10 10 10 10 10 10 8 10 10 8 10 10 10 10
left_child=8 14 3 4 11 7 -7 -5 12 -6 19 -3 13 24 -2 -16 -17 18 -4 20 23 -22 -21 -10 26 -26 -1 28 -19 -29
right_child=1 2 17 5 9 6 -8 -9 10 -11 -12 -13 -14 -15 15 16 -18 27 -20 22 21 -23 -24 -25 25 -27 -28 29 -30 -31
leaf_value=-0.0012153390168620542 0.020654561644168071 -0.01575075050841248 -0.024594602686205308 0.0071185474027358761 0 -0.0054318860994420739 0.012878316238293101 -0.010201969248452746 -0.0072810338886479427 0.0084225149396048946 -0.0022121317345226398 -0.00034733571447823867 0.0086115654603130358 0.015514029650350227 0.016301497858966289 0.0098882761430689557 -0.0033875194030838526 -0.0082433966694531683 0.0024997697463334579 -0.016770577179382015 -0.005502032061207785 0.010677710144157795 0.00094986778008040854 0.0042288276436885167 0.021487810363041357 -0.011964464498864465 -0.010967708039309052 -0.021058042603543315 0.0046491781429712394 -0.00051171659399589159
leaf_weight=73.680181947187521 13.107539761113001 6.4387474884279063 6.3802936902502534 39.342482746578753 50.994817973463796 14.570908601395784 85.123195156222209 17.461249810177833 140.15591485297773 81.971050429856405 342.57551539101405 156.94492255034856 22.052242743666284 4.4099027113988987 22.477118629962206 21.350335638970137 17.328288491116837 9.9177189971087483 3.8724097389495 17.81281464791391 18.514870372368026 12.186201539123429 4.4708767817355719 8.887172246584667 6.7420313220936778 4.8205756159732127 13.456802586326374 4.4618515509646368 24.710851478157565 6.3447627541609108
leaf_count=9920 144 265 275 866 1354 208 1176 463 36826 1751 71259 5777 3838 142 243 264 231 393 127 5105 4930 3028 782 2074 892 1103 3435 168 680 212
internal_value=0.000257883 0.00380147 0.00270889 0.00362423 0.00175372 0.00711363 0.010145 0.001658 -0.00282218 0.00522143 -0.00370757 -0.00106474 0.00100541 -0.000659605 0.0111079 0.0087141 0.00392954 -0.00461429 -0.0147818 -0.0062052 -0.00525341 0.00095981 -0.0131983 -0.00655112 -0.00156069 0.00746017 -0.00286281 -0.00198641 0.000744774 -0.0103141
internal_weight=1252.56 582.799 508.535 452.847 296.35 156.498 99.6941 56.8037 669.765 132.966 544.603 163.384 125.162 103.109 74.2633 61.1557 38.6786 55.6879 10.2527 202.028 179.744 30.7011 22.2837 149.043 98.6996 11.5626 87.137 45.4352 34.6286 10.8066
internal_count=157931 14597 13715 11860 9147 2713 1384 1329 143334 3105 124004 6042 19330 15492 882 738 495 1855 402 52745 46858 7958 5887 38900 15350 1995 13355 1453 1073 380
is_linear=0
shrinkage=0.03


Tree=44
num_leaves=31
num_cat=0
split_feature=70 6 45 9 17 45 66 33 38 57 17 68 78 29 14 44 44 16 42 45 33 45 69 43 44 72 36 58 32 46
split_gain=12.4984 3.47613 2.59599 2.89341 3.05415 2.67607 2.62724 2.57348 2.57102 2.56094 2.20461 1.98833 1.97165 1.91118 1.82157 2.02117 2.60502 1.90227 1.86371 1.77063 1.76428 1.72884 1.70634 1.57809 1.66737 2.30646 2.1482 1.53968 1.48848 1.44024
threshold=0.56252707768404975 0.030498647723762741 0.0062283462858557194 2.8104942996244193 0.10504326945001821 0.0064180154694606891 0.32412317950200581 0.050809397132014912 0.80352159002535706 0.97080288796103009 0.16426768556009955 1.5671789716845848 -0.067863823027408274 1.9077430081141444 -0.30180265298752351 0.077141766390349323 0.083204900209581836 0.023834755071448947 0.01793940492339097 0.0044354796085307137 0.0071917797403651612 0.010189167900724475 1.8728196096185827 -0.041568662658542747 0.061201137851737093 1.196703136215397 0.062128330697965146 0.5873833975181858 0.084408394960140978 0.004464413840414341
decision_type=8 10 10 10 2 10 10 10 10 10 2 8 10 8 8 10 10 8 10 10 10 10 10 8 10 10 8 10 10 10
left_child=9 10 3 4 20 -4 8 -8 -7 14 23 28 22 -13 27 17 -17 29 -18 -5 -3 -19 -12 -2 25 -25 -26 -1 -11 -16
right_child=1 2 5 19 -6 6 7 -9 -10 11 12 13 -14 -15 15 16 18 21 -20 -21 -22 -23 -24 24 26 -27 -28 -29 -30 -31
leaf_value=-0.0090466303491686956 -0.0056167180052324713 0.0045390010044334423 -0.010834128387446939 0.0065168204914543464 0.013949373341282911 0.0035098109659932541 0.0041039071962079513 -0.0061038464388707796 0.015235908264231565 -0.0035750917250541585 -0.0006142351978824206 -0.015867963760784663 -0.0065936628589230318 0.0052447079456612545 0.0032443972466575837 0.0096454593478382412 -0.0058705189216278564 -0.0055815583029834104 0.002735772636925927 0.021259151320283498 -0.0095883948696234012 -0.013473782486072275 0.016477108911253237 0.0014706854099776445 -0.0048489446440544686 0.0077404840581008529 0.00633299449853482 0.014610508679513554 0.019749583908744772 -0.0037449703201568054
leaf_weight=2.4952687953482364 20.094002240337431 19.717209515627477 10.043936765054239 13.344232737086712 19.548885632771999 39.017603489221074 85.69399506226182 28.776126019307412 30.981740611139685 2.6171644420828661 25.408294659224342 4.5573162751970848 53.812941237003542 11.488117403350772 28.87106780835893 19.195638602948748 52.78033578931354 154.96090717962943 37.778218127845321 22.764251259155571 11.858687467407433 30.813788932398893 5.5162636472377917 127.47298722650157 46.431418593390845 91.753750690259039 21.840157296741381 7.8664886998012662 9.2013936697039735 222.53436970687471
leaf_count=297 1320 306 249 154 297 727 2286 1281 519 411 1404 250 5568 779 5886 4274 11569 34713 8264 251 286 8027 101 9178 3184 3155 1382 511 626 51143
internal_value=0.000148036 0.00293298 0.00547197 0.00977037 0.00493787 0.00348881 0.00433904 0.00148121 0.00888353 -0.0030545 0.00109274 0.00564214 -0.00315229 -0.00115496 -0.00350402 -0.003749 -7.97611e-05 -0.00466103 -0.00225681 0.0162143 -0.000806079 -0.00697181 0.00276114 0.00227834 0.0028581 0.00413166 -0.00118874 0.00835465 0.0144745 -0.00292076
internal_weight=1259.24 674.076 281.747 87.2333 51.1248 194.513 184.469 114.47 69.9993 585.16 392.33 27.864 84.7375 16.0454 557.296 546.934 109.754 437.18 90.5586 36.1085 31.5759 185.775 30.9246 307.592 287.498 219.227 68.2716 10.3618 11.8186 251.405
internal_count=158398 31648 6356 1294 889 5062 4813 3567 1246 126750 25292 2066 7073 1029 124684 123876 24107 99769 19833 405 592 42740 1505 18219 16899 12333 4566 808 1037 57029
is_linear=0
shrinkage=0.03


Tree=45
num_leaves=31
num_cat=0
split_feature=59 57 7 26 32 48 76 37 40 45 30 69 78 37 32 53 28 25 54 54 26 59 9 72 53 59 53 60 53 45
split_gain=11.242 3.91153 3.01572 3.47258 4.38257 2.60888 3.87841 2.90192 2.6088 2.46165 2.99639 2.95378 2.15798 2.11419 2.08306 2.16965 2.1906 2.04437 1.94007 1.93782 1.63864 1.54887 1.38772 1.27822 2.66672 1.49806 1.26116 0.969431 0.848186 0.828097
threshold=0.90572098097046594 0.0085745007398149112 0.011961845052013581 0.52701680270403817 0.29953390238644689 -0.068583947577863888 0.17228431565355537 0.13171744897402024 0.00061095259704471282 0.0042033387028573236 0.62288538188053344 2.0762328077916892 0.18219150971682954 -0.5746322234941158 0.29953390238644689 0.019858296365560999 -0.25745112520956182 -0.99570316121757851 0.57113454450380607 0.68686325633828671 0.98676119277486185 0.94781701007533814 0.55891711884049289 -1.1906247323217811 0.018097690716036615 0.29393448366471059 0.029764366808366298 0.15231194475352799 0.013131585799563675 0.017937732423117535
decision_type=8 8 8 8 8 10 10 10 8 8 8 10 8 8 10 10 10 10 10 10 10 10 10 10 8 10 10 10 10 10
left_child=14 5 8 4 12 -2 7 -7 13 10 -5 -11 -4 18 15 19 26 -15 -3 23 21 -10 -22 24 -1 -25 -17 -16 -21 -18
right_child=1 2 3 9 -6 6 -8 -9 20 11 -12 -13 -14 17 27 16 29 -19 -20 28 22 -23 -24 25 -26 -27 -28 -29 -30 -31
leaf_value=-0.0010948773185851903 0.021253701440021006 -0.010217842002144316 -0.021901763708971952 -0.013526578244551883 0.012591739728077261 0.016883865268232736 -0.0069568958765307701 0 -0.0047918353027315407 0.0038620529396241219 0.0045728019571778522 0.011218128678150674 -0.0043089559929974037 0.017030772806984954 0.014517705180434725 0.013092505485706622 -0.014826147981711639 0.0021108619081551348 0.007171959435937859 -0.0091064069834102465 0.011832935394920583 -0.018154966397799146 -0.0040194240334895433 -0.0063857409428618563 0.017928780000694158 -0.0024170853885071043 -0.0065107914887608054 0.0013332282212703654 0.010142552197611376 -0.001302556273288938
leaf_weight=53.855588875012472 13.505908851511775 20.584712909650992 9.2667314005084336 13.613316828384997 8.6742530048359168 25.802175738033839 13.426692635752259 13.42098491033539 21.81895183539018 261.79566104535479 17.710900990990922 61.097575112711638 19.386525638634339 8.3536742929136363 6.9464996707392883 4.5305831596488115 29.43892448337283 83.617699789116159 6.86923754075542 1.4400530364364375 5.4904770621797097 13.094359750626607 20.11462828295771 115.57382610812783 6.5234377071028566 352.07974798342912 5.233177024172619 15.904683373984879 13.628126345458439 5.5144384494051328
leaf_count=12877 137 816 261 261 173 266 235 189 1890 7843 372 774 547 285 160 644 7982 3141 216 322 291 458 1531 30366 800 77878 1053 1399 3032 1976
internal_value=0.000141546 0.00292768 0.00211194 0.00358826 -0.00498046 0.00979337 0.00645625 0.0111812 -0.00108591 0.00451116 -0.00337539 0.00529356 -0.0106465 0.00146817 -0.00276279 -0.0031144 -0.00942647 0.0036669 -0.00566218 -0.0025728 -0.00611678 -0.0102532 -0.000190462 -0.00288453 0.0011702 -0.00341582 0.00267809 0.00590758 0.00766399 -0.0128716
internal_weight=1248.31 637.644 571.489 391.545 37.3275 66.1558 52.6499 39.2232 179.944 354.217 31.3242 322.893 28.6533 119.425 610.669 587.818 44.7171 91.9714 27.454 543.101 60.5184 34.9133 25.6051 528.033 60.379 467.654 9.76376 22.8512 15.0682 34.9534
internal_count=158175 19686 18859 10231 981 827 690 455 8628 9250 633 8617 808 4458 138489 136930 11655 3426 1032 125275 4170 2348 1822 121921 13677 108244 1697 1559 3354 9958
is_linear=0
shrinkage=0.03


Tree=46
num_leaves=31
num_cat=0
split_feature=58 38 71 57 53 44 36 50 36 75 16 45 36 0 37 6 44 49 46 6 59 60 42 52 46 70 46 45 52 49
split_gain=10.6065 2.70757 2.58 2.4141 2.33121 2.75835 3.34264 2.44278 2.42583 2.36937 2.22811 2.19739 2.10203 2.05977 1.94691 1.92353 1.91081 1.87175 1.75841 3.13519 1.96561 1.57976 1.45956 1.4275 1.33693 1.33229 1.56257 1.30706 1.13794 1.13273
threshold=0.89390847247990113 1.2773436801191003 4.672238715197806 0.94397445986550299 0.010989559495124484 0.077141766390349323 -0.089726270186466839 0.044343708274155354 -0.28722226067580137 -0.46715211008072061 0.02859378233919763 0.012310979767650991 -0.046854010589985111 -0.03644371962209441 -0.38904801659025451 0.031866196903324172 0.00083595413199644153 0.01942539212719219 0.011239254919104691 0.025324225384607452 0.89016505466778817 0.11278211104444548 0.015615274519727664 0.66874514374514382 0.0044955487679037938 -0.44165359050733594 0.0057604119973242102 0.0047295390052821016 0.60809578262408459 0.011221297869005166
decision_type=8 10 8 10 8 10 10 10 8 10 10 10 10 10 8 10 10 10 10 10 10 10 10 2 8 10 8 10 2 10
left_child=3 4 13 10 12 8 7 -7 15 -8 24 17 -2 -3 -10 -6 -5 28 19 20 -18 -15 -23 -21 -1 26 -26 -14 -12 -13
right_child=1 2 -4 16 5 6 9 -9 14 -11 11 29 27 21 -16 -17 18 -19 -20 23 -22 22 -24 -25 25 -27 -28 -29 -30 -31
leaf_value=0.0033386516686581143 0.0032935378801513845 0.0087301567794137933 0.010953114028609046 -0.0087756889727802403 0.0024307214346169824 -0.0018804977715360742 0.011085788628409057 -0.020035201466727392 -0.00038571509511576565 -0.0018716200543505116 -0.0011694502535024829 -0.0058628203458795224 -0.0018625675576790259 0.0084887868786716458 0.0060609013598734475 0.016933922726275721 -0.00036501188338377996 1.8632919403127064e-05 0.016109788017516741 0.0014450520877092152 0.01329484462159234 -0.009893612383312083 -0.00054084584692943194 -0.017889749377777833 -0.013619891059790156 -0.00093117125437162387 -0.0033697653078474041 -0.025870414407620383 -0.0075204477133804298 -0.020162804567707721
leaf_weight=42.97953914658865 9.6942230376880634 10.083223084919153 12.234547179308718 9.5397711786208657 12.613234334159641 21.232487489818599 24.058056573034264 9.2045918551739287 50.045354690169916 24.594877684023231 34.634911545668729 11.162321232957767 4.017338664038105 5.9604447609744957 237.13825553003699 28.739860315923579 16.968466824793722 63.662517389981076 9.7410870592575503 5.2639677933184412 19.224782588658854 41.228971993492451 24.583950884640217 7.1011836820980534 15.03674262203276 253.24290177738294 101.99365807604045 4.3963986050803214 113.85354533803184 12.013980384333989
leaf_count=8192 260 352 159 1369 249 620 549 398 1395 1047 7808 2412 137 382 7997 326 3230 13776 519 137 395 2788 1432 230 3645 44149 24766 177 25825 2952
internal_value=0 0.00325715 -0.00131275 -0.00236727 0.00427488 0.00474999 -0.000241912 -0.00792883 0.0059579 0.00456941 -0.00293315 -0.00526356 -0.00595199 -0.00329232 0.00492965 0.0127429 0.00296333 -0.00424215 0.00505041 0.00249101 0.00697241 -0.00511929 -0.00650524 -0.009942 -0.00158935 -0.00217691 -0.00481641 -0.0161415 -0.00607688 -0.013927
internal_weight=1236.25 519.826 94.0911 716.419 425.735 407.627 79.09 30.4371 328.537 48.6529 648.58 235.327 18.108 81.8566 287.184 41.3531 67.8393 212.151 58.2995 48.5584 36.1932 71.7734 65.8129 12.3652 413.253 370.273 117.03 8.41374 148.488 23.1763
internal_count=157673 18268 5113 139405 13155 12581 2614 1018 9967 1596 133525 52773 574 4954 9392 575 5880 47409 4511 3992 3625 4602 4220 367 80752 72560 28411 314 33633 5364
is_linear=0
shrinkage=0.03


Tree=47
num_leaves=31
num_cat=0
split_feature=70 36 14 30 78 4 69 42 51 72 45 44 72 44 25 44 1 69 72 42 71 46 53 42 44 52 9 14 46 17
split_gain=9.45512 5.68668 3.18909 2.99954 2.99304 2.66353 2.65341 2.61389 2.55164 2.44668 2.28603 2.26739 2.22801 2.09694 2.20721 2.04595 1.98414 1.96202 1.92392 1.83495 1.66942 2.16085 1.63504 1.56149 1.54877 1.43029 1.36991 1.36055 1.265 1.21708
threshold=1.1568927647950564 -0.28722226067580137 -0.038616590951376976 0.66855742427526244 0.40764081897356946 -0.067814082252462479 1.3267014105295998 0.018436572346360317 0.48562762037860502 1.457886474929984 0.0054444812608994688 0.077840464822706359 1.5303127500497926 -0.0071069229548291193 -0.58384375004752975 0.00083595413199644153 0.0012149859380442554 -1.8885509359715273 -0.33679612058314112 0.065690263097342952 3.3700344880054778 0.0084050617132294895 0.020281496891793489 0.024424351612015619 0.056900079495534446 0.60545601888554168 0.59977123850928604 0.20654543798355332 0.0084702597343813812 -0.74618553165770496
decision_type=10 10 10 10 10 10 10 10 2 10 10 8 10 10 10 10 10 8 10 10 8 10 8 8 8 2 8 10 10 2
left_child=6 3 4 11 7 9 17 8 -3 27 18 -2 -9 16 -15 -8 -7 26 -6 23 21 -5 29 25 -25 -19 -1 -4 -13 -17
right_child=1 2 5 20 10 13 15 12 -10 -11 -12 28 -14 14 -16 22 -18 19 -20 -21 -22 -23 -24 24 -26 -27 -28 -29 -30 -31
leaf_value=0.014591446775433392 0.018398691442865704 -0.0012344197331039895 0.0068354827250303729 0.0044858039919530423 0.00084083039597116535 0.00054486253714811517 -0.0078954641938235731 0.0040696881173003518 0.011808851853637255 0.017496361191746881 -0.0026165310098044819 0.010818020814714606 -0.016584291067023062 0.008099807080731939 0.0011746857481780399 -0.01027303932217356 -0.019059319698241622 -0.0018652447317478568 -0.019522733077934885 -0.015121071529150489 0.0095361535497659293 -0.016599890277160741 0.017823326493088935 -0.0031768738884206857 0.0036632449142078422 -0.0050740866892794593 0.00034678406246226029 -0.012384418822244768 -0.005957934085034965 0.004255247453220241
leaf_weight=7.8731184522621334 38.050998747814447 23.930683982209302 10.414945277851073 10.223255788441749 5.1489067076472592 11.241292876191439 12.676207504468037 7.7378516073804375 28.413000475149602 21.18069587345235 52.950817230332177 8.6666273421142233 9.2689980276627448 59.702070222992916 136.0233787758043 4.6029346827417603 6.5380190607393152 233.61330229690066 15.165368189453146 10.502751451567745 15.589932297356428 6.1165238334797314 6.7948705781018353 59.292975581716746 57.801052931929007 282.66852988553001 20.902220643358309 3.6398910731077185 5.8705533595057195 62.244830726995133
leaf_count=318 504 576 537 232 279 323 1839 224 574 355 2423 312 235 1734 5230 400 298 47210 780 2508 213 184 246 12764 10643 59702 1015 100 149 5830
internal_value=-8.77223e-05 0.00322109 0.0016758 0.0102381 -0.00187842 0.00372499 -0.00216779 0.00254177 0.00587809 0.0112775 -0.00608073 0.0145951 -0.00731631 0.00241782 0.00333274 0.00274298 -0.0071355 -0.00280556 -0.0144233 -0.0031526 0.00274573 -0.00373639 0.00469562 -0.00292588 0.000176634 -0.00363432 0.00470413 0.00116669 0.00390286 0.00307399
internal_weight=1234.85 475.874 391.356 84.5179 142.616 248.74 758.973 69.3505 52.3437 35.2355 73.2651 52.5882 17.0068 213.505 195.725 86.3188 17.7793 672.654 20.3143 643.879 31.9297 16.3398 73.6426 633.376 117.094 516.282 28.7753 14.0548 14.5372 66.8478
internal_count=157737 15262 13668 1594 5091 8577 142475 1609 1150 992 3482 965 459 7585 6964 8315 621 134160 1059 132827 629 416 6476 130319 23407 106912 1333 637 461 6230
is_linear=0
shrinkage=0.03


Tree=48
num_leaves=31
num_cat=0
split_feature=70 57 78 78 53 57 45 72 44 14 44 44 53 34 53 49 21 10 45 2 66 20 19 24 6 63 61 18 66 45
split_gain=10.3103 3.2068 2.83476 2.71826 2.45279 2.301 2.2487 2.18606 2.35882 2.06773 2.22248 2.0518 1.83791 1.74923 1.47625 1.49687 1.4533 1.36652 1.3328 1.32356 1.48665 1.2439 1.22894 1.02336 1.28889 1.0051 0.924367 0.803232 0.861346 0.67433
threshold=0.93506187658878681 0.0043243293783250597 -0.37315419136521794 2.3982579525409524 0.010900370658205363 0.94397445986550299 0.0042969253208843409 1.6190514471426323 0.077141766390349323 -0.30180265298752351 0.068760839928402553 0.16428337884866476 0.021231719632595906 0.00062468683347508935 0.017033352714727442 -0.010867108319930706 -0.16376557386011928 0.27864829372120598 0.0038644472039709283 0.021927989004365215 0.21630031027400257 -0.015337035776120609 -0.65166633563983545 0.25562148182701971 0.021007743477873236 0.43098010997699193 0.71044447296372359 49.798273943610177 0.99369084475895642 0.010343468166322031
decision_type=10 8 10 10 10 10 10 8 10 8 10 8 10 8 10 8 10 8 10 8 8 10 8 10 10 10 8 10 10 10
left_child=5 2 -2 4 6 9 -3 16 -9 10 19 18 14 -8 15 -11 -6 -16 26 20 -1 -5 -14 25 -25 -20 -7 28 -23 -24
right_child=1 3 -4 21 7 11 13 8 -10 12 -12 -13 22 -15 17 -17 -18 -19 23 -21 -22 27 29 24 -26 -27 -28 -29 -30 -31
leaf_value=0.021755060961542363 0.021528339576358173 0.0044708012947465283 0.0040120709860231082 0.001059455841915632 0.0085503979133689113 0.017114554508873954 -0.002044624245094091 0.006677004215002438 -0.00093433085919746408 -0.0078398910902280818 -0.013365818108097694 0.019240502919917267 0 -0.029083121800795354 0.013641449344235898 -0.0028931431621137325 0.00039412057737059375 -0.00039014942285281804 0.0092251195788970852 -0.0055640105554529053 0 0.009093144242248415 0.00259880408498607 0.0021065095987876175 -0.015200168520876807 -0.0015302639820518442 -0.00057494538878745545 -0.01834070424658614 -0.012189931962365019 -0.016090933754842333
leaf_weight=8.6164847882464493 14.493263868615029 6.1906990683637551 20.352202162379399 8.2587424714583921 20.854286552406847 6.0387474686140168 4.2468862900277591 198.7756232713582 43.779463216371369 63.698920256341808 3.0642552692443124 5.3274479827377936 6.5690327835036442 4.4631646249908945 5.7289246538421139 440.49895958451089 208.28977095882874 82.877736851922236 10.289133755257351 2.612109835608865 4.0085643681231895 2.209793228423222 1.3322909388225586 6.1930494748521578 7.560159100452438 23.762654582213145 3.6616381647763783 8.3749373520258796 2.5847592121572234 18.149739351356402
leaf_count=217 100 222 291 503 650 271 150 4290 1123 14195 275 135 1570 222 882 91860 11090 18121 446 180 514 150 266 1183 433 2852 316 642 180 4834
internal_value=-2.1984e-05 0.00307519 0.0117786 0.00245036 0.00292032 -0.00242922 -0.00864523 0.00330953 0.0052927 -0.00297211 0.00667418 0.00298929 -0.00327253 -0.0177768 -0.00291086 -0.00353832 0.00118338 0.000625706 0.00112932 0.011464 0.0153571 -0.00774223 -0.0109796 -0.000936655 -0.0075891 0.00180448 0.0107272 -0.0131588 -0.0019865 -0.0146019
internal_weight=1242.86 542.874 34.8455 508.028 486.6 699.99 14.9007 471.699 242.555 637.157 18.3014 62.8328 618.856 8.71005 592.805 504.198 229.144 88.6067 57.5054 15.2372 12.625 21.4282 26.0511 47.805 13.7532 34.0518 9.70039 13.1695 4.79455 19.482
internal_count=158163 19613 391 19222 17747 138550 594 17153 5413 132914 1186 5636 131728 372 125058 106055 11740 19003 5501 911 731 1475 6670 4914 1616 3298 587 972 330 5100
is_linear=0
shrinkage=0.03


Tree=49
num_leaves=31
num_cat=0
split_feature=59 7 41 42 38 0 43 6 57 71 72 10 46 7 31 33 67 21 28 59 72 44 46 72 53 42 44 43 0 24
split_gain=9.24769 3.17891 2.96394 2.48105 2.20792 2.62312 2.54725 2.08862 2.275 2.08068 2.05141 1.99893 1.89721 1.86619 1.79143 1.78072 1.58538 1.57508 1.56347 1.55042 1.40993 1.40909 1.73845 1.38747 1.30366 1.31695 2.4566 1.43862 1.1737 1.15378
threshold=0.90179360784418805 0.015104646489006864 -0.009897987522213712 0.03149768765508177 1.2773436801191003 -0.03644371962209441 0.066821652378095134 0.031866196903324172 0.95183240791908996 4.672238715197806 -1.2294148049806126 1.0227697987505897 0.0090394282231521846 0.0048601200196059791 -0.01824265983832046 0.026107875362560592 0.33600626333118627 0.076790410921414823 -0.19869186530094993 0.409229998653108 1.3304030109992073 0.16428337884866476 0.012412877825128201 -0.11612645256373068 0.010900370658205363 0.024424351612015619 0.061421842166587422 -0.027805872081546553 0.027748406148227271 -0.86378521683880394
decision_type=8 10 10 10 10 10 10 8 10 10 10 10 10 10 10 10 10 10 10 10 8 8 10 10 10 10 10 10 8 10
left_child=10 2 12 11 6 -6 7 8 -3 28 13 23 -2 -1 17 -13 -9 -5 -8 24 -14 22 -15 -4 -12 27 -27 -26 -7 -16
right_child=1 4 3 14 5 9 18 16 -10 -11 19 15 20 21 29 -17 -18 -19 -20 -21 -22 -23 -24 -25 25 26 -28 -29 -30 -31
leaf_value=-0.0050998845196138743 -0.003064673023387757 0.0005424886776065511 -0.00028889225118359824 -0.025545405163976846 0.012713025691147704 -0.0034767931459353239 0.0018437578540826871 0.010504743384925465 0.011540362959152534 0.009985164658119201 0.0051436928971396378 0.0067755715143938836 -0.0050121627902974262 0.0063743128520705201 0.011337780802888326 0.0005499018330165366 0.003208511845068391 -0.0037989396750719158 -0.016983261028018462 -0.0020972360946612863 -0.02843060311711006 0.021560161444164973 -0.0093608877430098724 -0.015123566853968757 0 -0.0074310453711818342 0.007891965859595439 -0.0084984064686983943 -0.015984367119027159 -0.0059939351310765721
leaf_weight=20.398421410936862 40.249846434104256 78.329561970196664 69.113731116289273 5.5273623039247486 9.6393229458481056 31.842668366269212 8.5991808031685633 111.24349855678156 20.874114241451025 7.2750843981048083 8.829536173376253 102.86853830260225 5.5693406590726209 35.286804805509746 4.7172367919702083 70.856025754706934 38.433731092489325 7.0294707710854709 5.7711199710611245 333.4379115231568 4.4899873913964257 3.6027723455335936 6.6010015725623807 5.2359640166396266 21.038570465752855 20.968414468225092 15.423855894827282 127.18658861902077 8.3099508220329827 7.6533612473867816
leaf_count=5032 2075 1948 4387 364 220 1037 181 1686 230 97 2191 2386 266 7421 216 2607 824 364 209 72274 170 206 1530 231 5487 5797 3883 33839 293 475
internal_value=-3.20364e-05 0.00245361 0.000342249 0.00158912 0.00456766 -0.000725279 0.0057248 0.0064434 0.00297864 -0.00372458 -0.00273557 0.00251217 -0.00626452 0.00220153 -0.0072238 0.00427119 0.00868487 -0.014771 -0.00613502 -0.00336165 -0.0173618 0.00557936 0.00366424 -0.00156026 -0.00550367 -0.00605402 -0.000819201 -0.00730507 -0.00646376 0.000744401
internal_weight=1236.4 643.629 323.311 273.002 320.318 57.067 263.251 248.881 99.2037 47.4277 592.774 248.074 50.3092 65.889 24.9274 173.725 149.677 12.5568 14.3703 526.885 10.0593 45.4906 41.8878 74.3497 193.447 184.617 36.3923 148.225 40.1526 12.3706
internal_count=157926 20266 13541 11030 6725 1647 5078 4688 2178 1427 137660 9611 2511 14189 1419 4993 2510 728 390 123471 436 9157 8951 4618 51197 49006 9680 39326 1330 691
is_linear=0
shrinkage=0.03


Tree=50
num_leaves=31
num_cat=0
split_feature=59 7 72 43 8 38 25 30 75 54 60 41 42 1 46 57 41 72 7 59 26 62 42 52 44 48 54 54 42 44
split_gain=9.05079 3.25992 3.18821 4.25686 2.86618 2.3899 2.08167 1.9923 3.11459 2.82977 1.69664 1.61918 2.00643 1.95156 2.69514 1.96452 1.68367 1.58262 1.91937 1.83553 1.46161 1.56622 1.24238 1.12161 1.96501 1.51955 1.22903 1.12417 1.03199 2.38222
threshold=0.89379644373673051 0.015505760078654134 2.0737796302702192 0.051227593454310501 0.010548504035867037 0.94320045319936041 -1.2970897939562667 0.66692446285963281 -2.1510053708181838 0.49481782294616333 0.50732220777913473 -0.009897987522213712 -0.018481773686967514 -0.041619871901496734 0.0044955487679037938 0.65887345957862031 -0.016491552137521345 -1.2099928500945036 0.0043007154029061521 0.409229998653108 2.440111989549282 0.0043243293783250597 -0.042086135402120188 0.23099646237003255 0.0078164519778939363 -0.13097370721215904 0.5457716960660749 0.65574680014672626 0.024424351612015619 0.061421842166587422
decision_type=8 10 8 10 10 10 8 10 10 10 10 10 8 8 10 10 10 10 10 10 8 10 8 2 10 8 10 8 10 10
left_child=17 6 7 4 -4 -6 -2 8 10 -10 -3 12 22 14 -13 -15 -14 18 -1 28 21 -9 -8 25 26 -20 -25 -26 -19 -30
right_child=1 2 3 -5 5 -7 11 20 9 -11 -12 13 16 15 -16 -17 -18 19 23 -21 -22 -23 -24 24 27 -27 -28 -29 29 -31
leaf_value=-0.0074348977034644223 0.014622884789516106 0.022999148878762633 -0.0045872128294163631 -0.0094547317381568109 0.016285144817525545 0.0071313363494296383 -0.011581668475888887 -0.014595076730166441 -0.0074737643997931863 0.0053937292437806388 0.0073235759978348448 -0.0083965440516736642 -0.0020173320236552381 -0.00232190948246238 0.012428737207859111 0.0029344334690707065 -0.015429971533007202 -0.0067664606228166561 -0.0089672105454615212 -0.0019394609395586705 0.012077688640667902 -0.0010308713123137038 0.0061141898930960111 0.0086284682099930319 0.0032621670877632275 0.022445847478628291 -0.016072149044528371 0.019436244046941577 -0.0074692464124176206 0.007639792475755817
leaf_weight=15.451206448255105 7.9422629442997277 8.8863861330319178 10.833292524795977 10.561824076576157 46.453755694907159 66.649257505079731 3.4176946396473795 7.7173986206762484 22.399269870948046 43.645017428789288 24.06571530783549 6.2467197857331511 17.372348852222785 143.66019047889858 24.163610533694737 113.75788170471787 17.250169325154275 154.35764608881436 1.0685260548489166 314.29445643787039 5.6138483454706138 71.216285595088266 16.880822990904566 1.5427468675188709 34.738792598014697 4.7414083353942251 6.1863403120078146 3.620078213280066 21.125065816682763 15.250725322053766
leaf_count=3929 252 110 218 224 587 1018 172 171 610 1345 439 232 1090 7775 571 3285 654 41230 279 71217 119 2008 821 394 7772 535 1622 218 5827 3795
internal_value=-2.67842e-05 0.00233933 0.00453451 0.00803424 0.00961241 0.0110271 0.000332756 0.00192407 0.00479889 0.000938522 0.0121922 -3.1227e-05 -0.00471201 0.000864756 0.00792429 0 -0.00902976 -0.00279571 0.00147525 -0.00337299 -0.00142373 -0.00256058 0.00258997 0.00427512 0.00245972 0.0157596 -0.0103745 0.00531984 -0.00569711 -0.00101952
internal_weight=1241.11 668.734 318.042 134.498 123.936 113.103 350.692 183.544 98.9964 66.0443 32.9521 342.749 54.921 287.828 30.4103 257.418 34.6225 572.377 67.3491 505.028 84.5475 78.9337 20.2985 51.8979 46.088 5.80993 7.72909 38.3589 190.733 36.3758
internal_count=158519 21701 6849 2047 1823 1605 14852 4802 2504 1955 549 14600 2737 11863 803 11060 1744 136818 14749 122069 2298 2179 993 10820 10006 814 2016 7990 50852 9622
is_linear=0
shrinkage=0.03


Tree=51
num_leaves=31
num_cat=0
split_feature=70 62 76 57 32 30 54 16 66 29 14 54 48 71 60 52 54 35 54 48 54 8 62 53 48 54 71 54 0 60
split_gain=8.35214 2.64481 2.6259 2.55345 2.53598 2.26542 2.34275 1.99671 1.78992 1.80682 1.76325 1.64464 1.86052 1.5652 1.71812 1.87209 1.30986 1.25686 1.1841 1.81328 1.20324 1.16632 1.03856 0.927352 0.901022 0.899366 0.873691 1.00227 1.39392 0.834841
threshold=1.1963297179001418 0.0085745007398149112 1.7139821203097758 0.90572098097046594 0.40615042154878728 0.68291222477909275 0.52859903165982824 0.074446128064585851 0.96308356125624839 0.90033164849030622 0.70992672529609457 0.66790733293739635 -0.012513913727462909 -0.20460970440040496 0.3236211332392 0.23099646237003255 0.46905587540081789 -0.091526536338582307 0.57635825573726396 -0.071497242095175703 0.34454792179115673 0.012688126751188735 0.97481634163099218 0.010900370658205363 -0.034810343882954835 0.77040259723844406 3.8546563772513829 0.5694697129103925 -0.028072247204291852 0.39542131205765924
decision_type=8 8 10 10 10 10 10 10 10 8 8 10 10 8 10 2 10 8 10 8 8 10 10 10 8 8 8 10 10 10
left_child=3 5 4 7 8 17 -7 13 9 -3 -6 12 -5 14 15 -1 21 -2 20 -20 -15 -14 -18 -16 -10 -13 27 29 -29 -4
right_child=1 2 26 11 10 6 -8 -9 24 -11 -12 25 16 18 23 -17 22 -19 19 -21 -22 -23 -24 -25 -26 -27 -28 28 -30 -31
leaf_value=0.010519824329525067 0.021751898856537225 0.0048054443948387761 0.0001501093188046668 -0.0039895879890253297 0.016658848187052194 0.009784438486790609 -0.0098899015107531355 -0.0074197421527967111 0.0035249972983141245 0.00035789682039280178 0.0023190435494412189 0.01725594528000696 0.0030396807625894889 0.0055053907142528788 0.0037381306691933128 -0.0023527805911247963 0.012776044856988742 0.0075444886006758036 -0.0041266667715450607 0.0050376200246454441 -0.0023798171371348987 -0.011253528291571413 -0.00027234426559520966 -0.0068572147522503145 -0.0064108100185819817 -0.0027019088315966859 0.0049198338835322588 0.010616857502739864 -0.010830359135353239 -0.016793615924434079
leaf_weight=10.070256294216959 13.785834659589453 204.65563557232963 2.8606123706558746 37.316069868276827 19.048028043704107 12.95263301220257 7.8786666512023649 67.796848752477672 10.217774716089478 139.79609027807601 14.023963104002176 8.36137187783606 25.536225173622373 17.855217807344161 6.9414396322099483 118.5589684532024 19.181338996277194 13.007139822584579 26.486310724285431 64.142209331854247 208.46732094278559 5.3617052335757753 6.874984194058924 118.3911706401268 28.50789364008233 1.9681217427132658 4.1720577375963357 4.2224123564083129 4.6852188017219287 11.302962834946809
leaf_count=1927 141 5024 167 4894 333 258 181 14707 579 6087 227 563 2623 2498 1765 30869 1949 167 4469 9347 32042 459 324 32885 2094 411 74 134 244 552
internal_value=0.000145947 0.00318043 0.00243679 -0.00185653 0.00303619 0.00985117 0.00209376 -0.00257031 0.00232192 0.00301535 0.0109127 0.00245661 0.00111155 -0.00197722 -0.00372936 -0.00124848 0.00451672 0.0154822 -0.000556544 0.0023108 -0.00172305 0.000190295 0.00933952 -0.00622171 -0.00369099 0.0132857 -0.00639846 -0.00868918 -0.000315651 -0.0133894
internal_weight=1234.43 491.117 443.493 743.31 416.249 47.6243 20.8313 638.71 383.177 344.452 33.072 104.6 94.2703 570.913 253.962 128.629 56.9543 26.793 316.951 90.6285 226.323 30.8979 26.0563 125.333 38.7257 10.3295 27.2433 23.0712 8.90763 14.1636
internal_count=157994 16262 15515 141732 14344 747 439 130509 13784 11111 560 11223 10249 115802 67446 32796 5355 308 48356 13816 34540 3082 2273 34650 2673 974 1171 1097 378 719
is_linear=0
shrinkage=0.03


Tree=52
num_leaves=31
num_cat=0
split_feature=58 72 72 17 29 36 3 57 55 70 19 65 18 17 17 16 34 44 76 45 78 57 53 78 35 57 72 7 48 53
split_gain=7.44783 2.78515 2.63141 6.64942 3.45796 2.62446 2.32265 2.17766 2.08456 1.99578 1.95682 2.18283 2.33036 1.92738 2.5771 1.83833 1.66625 1.65935 1.65848 1.65841 1.60228 1.33593 1.64327 1.69304 1.31915 1.15496 1.13571 1.27918 1.01528 1.01308
threshold=0.87090053763440867 2.4202603413856472 3.285980170149482 -0.27608459723051332 2.2578614280418385 -0.3682019572339823 -0.08667823333550799 0.88648625903518707 0.53141045770494044 1.7213047724359538 -1.1912492771586962 0.025130917607431389 29.546496793531798 -0.045332376379575538 0.036696316272728763 0.074446128064585851 0.0013172394381817029 0.16428337884866476 0.1421043653525213 0.0081965139016101328 0.30328976835105131 0.060860746097539477 0.011951370971096893 -2.4510473051031689 0.080736583296127998 0.67087280736671728 -1.1906247323217811 0.0045719017754043134 -0.024505980813748215 0.023450097778310121
decision_type=8 8 8 2 10 10 8 10 8 10 10 10 10 2 2 10 10 10 8 10 10 8 10 10 8 10 8 10 8 10
left_child=7 5 4 -4 9 18 -5 15 -8 -3 11 25 -13 16 -15 21 -12 19 -2 -9 -11 22 -1 -24 -6 -7 27 -23 -28 -17
right_child=1 2 3 6 24 10 8 17 -10 20 13 12 -14 14 -16 29 -18 -19 -20 -21 -22 26 23 -25 -26 -27 28 -29 -30 -31
leaf_value=0.012725277083063567 0.019195941535590989 0.0022089925291183077 -0.020404828523058183 -0.0082409487543559541 -0.0085561649880535676 0.0069305959522867749 0.016182810341908244 0.0037766917640379752 0.0035282783527406224 0.021152892396125774 -0.00041341548436794022 -0.0083986003388383038 0.0049516941187341046 0.0067579430323682667 -0.00083144604419123737 -0.006269014302710387 -0.0086406902850665705 0.015260362576558091 0.0016340139657099752 -0.0046071035794791387 0.009502179631487093 -0.0058342453532435517 -0.017284482278737592 0.0017604616897120178 0.0052732931370394137 0.020946661136846522 -0.0055214783614360363 0.0041665907482345858 -0.0022398270053614051 -0.019511592895768724
leaf_weight=9.8917870521545392 10.598183793714268 13.328647899907081 9.5519170681945962 8.9139276100322586 9.4805548962904123 23.483878947445195 16.519008491188288 59.363272338523529 40.630352206178941 25.244725354015827 50.583295497344807 15.788582762819713 38.05466648878064 52.910329387348611 156.67724585585529 50.404625947121531 39.741897628060542 6.8462235936895004 9.3463200828991848 31.615277333767153 25.094772024545819 15.018354968982747 3.7440051001030943 35.219429614080582 14.168253392213957 7.3013827006798229 126.69191905617481 39.143056131433696 278.71689806994982 5.5640615652082479
leaf_count=835 145 282 279 127 268 832 210 7447 2073 249 2221 801 1497 2194 8024 11590 1812 281 170 5080 384 3790 136 4025 279 125 30381 8332 62862 1391
internal_value=5.65068e-05 0.00257877 0.00588325 0.00170175 0.00941013 0.00122905 0.00519942 -0.00210078 0.00745305 0.0130012 0.000655752 0.0046592 0.000900497 -0.000475688 0.00109324 -0.00281879 -0.00412114 0.00199796 0.0115803 0.000812271 0.0157015 -0.0022327 0.00241432 -0.000381217 -0.000271279 0.0109036 -0.00273739 0.00128359 -0.0032838 -0.00795756
internal_weight=1229.64 567.418 162.932 75.6152 87.317 404.486 66.0633 662.219 57.1494 63.6681 384.541 84.6285 53.8432 299.913 209.588 564.394 90.3252 97.8248 19.9445 90.9785 50.3395 508.425 48.8552 38.9634 23.6488 30.7853 459.57 54.1614 405.409 55.9687
internal_count=158122 21972 4151 2689 1462 17821 2410 136150 2283 915 17506 3255 2298 14251 10218 123342 4033 12808 315 12527 633 110361 4996 4161 547 957 105365 12122 93243 12981
is_linear=0
shrinkage=0.03


Tree=53
num_leaves=31
num_cat=0
split_feature=59 57 38 52 57 53 45 7 16 34 24 53 53 30 17 57 53 34 63 57 53 44 53 53 44 54 45 48 47 53
split_gain=8.55756 2.2144 3.40308 3.05285 2.9147 2.73122 2.29042 2.32223 1.97537 2.40556 3.79972 1.93168 1.95689 1.76475 1.62429 1.59388 1.59253 1.48203 1.47716 2.02896 1.90629 2.11756 2.87078 2.44725 2.40476 1.66126 1.43024 1.34168 1.20819 1.09
threshold=0.90179360784418805 0.012806844896397137 0.82791218485142426 0.72670690305545083 0.94397445986550299 0.010900370658205363 0.017937732423117535 0.011961845052013581 0.082134919161744105 0.0098846981988663547 -0.49831936529677917 0.013580383080858807 0.012797159158465335 0.44809503096058834 -0.084028640095139218 0.97870072131742514 0.015184599558964427 0.038403608295090479 0.22818037848693701 0.52834308313421785 0.010900370658205363 0.074067882119761466 0.020765563179641202 0.017033352714727442 0.083204900209581836 0.35812371403689752 0.0039897985847384045 -0.015475021425037814 -0.15327845528716069 0.020587867958909118
decision_type=8 8 10 2 10 8 10 10 10 10 10 10 10 10 2 10 10 10 10 8 10 10 10 10 10 10 10 10 10 10
left_child=18 2 27 14 5 -3 7 -7 11 10 -10 12 -6 -11 -4 -13 -16 -8 19 -1 26 22 23 -22 25 -23 -20 -2 -24 -26
right_child=1 4 3 -5 8 6 17 -9 9 13 -12 15 -14 -15 16 -17 -18 -19 20 -21 21 24 28 -25 29 -27 -28 -29 -30 -31
leaf_value=-0.0017420821902083973 0.01924387717610818 -0.013071067265207979 -0.0037448313103755214 -0.013188169574167985 0.0077644944715816637 -0.0017041653105024173 -0.018288173747611377 0.0031362082455063385 0.0054887732639940495 0.0022267548943286277 -0.014220758265056787 0.0046190177276897197 -0.0068420097861601184 0.016516841440357088 0.0012914404984955086 0.017080291176736651 0.017308560000184766 0.0020428500844431007 -0.0064889611745965643 0.0066244729282538004 -0.0052871644656369756 -0.00686372789885946 -0.003614074065021608 0.0022292217629536182 -0.0040337057925900789 0.011499845333971118 0.010874175742691538 0.0069146278915564168 -0.021099230448683708 0.0055046668188032466
leaf_weight=111.09532199811656 19.319154188968241 11.76222667773254 10.464450186584143 9.0550886741839332 25.765361417084932 135.78401443274925 7.914375953958368 253.15009496465791 17.178181816358119 25.333771205041558 15.993235477479173 16.061580647714436 10.849266204051672 10.91815443895757 11.110768065555023 28.105801997706294 11.633232228457926 4.3838970414362848 5.0616994407027986 32.971894133952446 257.29989210015628 4.6436567769851562 6.057629743008877 44.727630854584277 68.726943569257855 20.608451026142575 13.398484450415706 17.532095841597766 12.720883435802532 11.619626359664833
leaf_count=21791 202 419 201 199 374 8806 369 6840 358 580 432 264 168 178 171 295 139 155 1052 4713 66591 1082 2047 10333 16366 5006 3212 243 3691 1971
internal_value=0.000171694 0.00256693 0.00725115 0.00128891 0.00189191 0.000577592 0.00101667 0.00143861 0.00545813 0.00165582 -0.00406424 0.00862892 0.00328986 0.00693895 0.00559426 0.0128177 0.00999425 -0.0112067 -0.00243549 0.000184512 -0.0032892 -0.00370557 -0.00491521 -0.00416047 0 0.00787584 0.00587032 0.0137951 -0.0160784 -0.00256669
internal_weight=1231.25 642.315 79.1148 42.2635 563.2 412.995 401.232 388.934 150.205 69.4233 33.1714 80.782 36.6146 36.2519 33.2085 44.1674 22.744 12.2983 588.932 144.067 444.865 426.405 320.806 302.028 105.599 25.2521 18.4602 36.8513 18.7785 80.3466
internal_count=158248 20393 1155 710 19238 16589 16170 15646 2649 1548 790 1101 542 758 511 559 310 524 137855 26504 111351 107087 82662 76924 24425 6088 4264 445 5738 18337
is_linear=0
shrinkage=0.03


Tree=54
num_leaves=31
num_cat=0
split_feature=63 8 69 6 19 15 51 68 19 76 26 65 41 41 6 55 77 37 43 49 42 25 24 30 69 60 52 52 44 71
split_gain=6.4251 3.8957 3.47405 2.94322 2.58982 3.58515 3.88409 2.43569 2.38857 2.24252 2.20367 1.62213 1.57922 1.56345 1.50263 1.38856 1.51474 1.34169 1.3339 2.45483 1.7553 1.71803 1.46968 1.37741 1.36952 1.32389 1.39607 1.16278 1.2751 1.72841
threshold=0.1323369911956106 0.0093498698941811929 1.5860117299816829 0.070717915228013475 -1.212545449062278 -0.045816783147812561 0.71353216750706305 0.68406231827706654 -1.5811968899145026 -0.85101316378234426 0.47576863343437109 0.99787007213174261 0.048511285866492233 0.017257527265917564 0.051829731077108039 0.68685814301680692 -0.68157230925991386 -0.61362880962849975 0.011955540535556365 0.013102080847152477 -0.013581602488894727 -0.056066959108718555 0.57195271714828033 0.57987755767421945 3.2376139196343092 0.10876430757152673 0.23099646237003255 0.68205741416063292 0.065681575553060659 1.1894729609942292
decision_type=10 8 10 10 8 8 2 10 10 10 8 8 10 10 8 10 10 10 10 8 10 8 8 10 10 10 2 2 10 10
left_child=1 27 11 4 8 6 -6 9 14 -4 -7 12 25 -5 -3 16 -11 -10 20 23 21 -9 -21 -20 -22 26 -2 -1 -29 -30
right_child=2 3 7 13 5 10 -8 18 17 15 -12 -13 -14 -15 -16 -17 -18 -19 19 22 24 -23 -24 -25 -26 -27 -28 28 29 -31
leaf_value=-0.0047125756464726888 0.013341096432737308 0.0051650422881313468 -0.0082407403217147034 0.0061177611051906524 -0.01413782222591326 -0.0081599522141888019 0.0083055688166485293 0.011400441698681235 0.00035378864067733167 0.0022604791500624747 0.0041390651023366096 0.011989659298282293 -0.016521047777594205 0.023167029359322095 -0.010329441665773834 0.0016234103828355832 0.02446684612071828 0.015837827768367674 0.011548204181902728 0.00053083478637431874 -0.003219881205410446 -0.0057974808287087091 -0.014406718462717091 -0.0040136337806237045 -0.017277287646194781 -0.0033596911997920151 -0.00039937713273105349 0.0052420709495324437 0.0031960663288172026 -0.014498872471260908
leaf_weight=66.368385376292281 6.3966971816262221 46.38085364876315 3.9888964486308423 11.630558522418143 22.292608796269636 13.084991044830529 8.9304634146392328 10.371704059187321 6.481927955755963 4.2872897272463915 177.00787940778537 5.4851740895537651 6.8665740359574547 9.8968033210840058 5.3454360717441878 6.4257279436569652 10.938475526403634 31.659326130757108 27.699449097039178 32.570259909029119 21.37979966530111 8.5759570318041387 6.1454393373569465 5.3816561676794654 8.6943304120795784 546.18928436026908 62.793307787855156 29.053641032893211 10.284225828247147 7.8105931873433283
leaf_count=7712 759 1438 231 208 769 477 214 457 158 156 7531 224 1586 164 125 436 428 880 1049 1533 1327 585 422 218 246 109854 13512 2956 2041 286
internal_value=-0.000264389 0.00259646 -0.00191842 0.00423367 0.00345023 0.00167341 -0.0075669 0.00221931 0.0077264 0.010435 0.0032385 -0.00289057 -0.00304559 0.0147695 0.00334139 0.01422 0.0189235 0.0133593 0.000379789 0.0029904 -0.00336705 0.00356563 -0.00206775 0.00888508 -0.00780559 -0.0028638 0.00100018 -0.00217098 0.00136795 -0.00464411
internal_weight=1220.42 446.228 774.19 332.711 311.183 221.316 31.2231 146.459 89.8675 25.6404 190.093 627.731 622.246 21.5274 51.7263 21.6515 15.2258 38.1413 120.819 71.7968 49.0218 18.9477 38.7157 33.0811 30.0741 615.379 69.19 113.517 47.1485 18.0948
internal_count=157982 24959 133023 11964 11592 8991 983 7088 2601 1251 8008 125935 125711 372 1563 1020 584 1038 5837 3222 2615 1042 1955 1267 1573 124125 14271 12995 5283 2327
is_linear=0
shrinkage=0.03


Tree=55
num_leaves=31
num_cat=0
split_feature=63 57 36 10 48 10 43 38 10 36 46 43 59 52 42 46 31 41 52 14 71 54 38 60 21 54 48 46 63 43
split_gain=5.77962 3.36932 2.94755 2.76222 2.25991 1.83433 1.87604 1.9113 1.80171 1.90902 2.73084 2.40843 1.91846 1.75352 1.73494 1.68852 1.64854 1.55737 1.50344 2.2442 1.55905 1.54191 2.14313 2.03075 1.49775 1.0338 1.19584 0.750732 0.52766 0.473888
threshold=0.1323369911956106 0.94031386278484141 0.14738237410172397 2.7905909980870498 -0.012679729507916735 1.6263464685018609 0.051227593454310501 1.2480654755116456 2.5508944454536091 0.17823283096822209 0.014136544498704945 0.0086241277224008445 0.90572098097046594 0.58787244833269947 0.0084056238069047957 0.011466328634233651 -0.038005715103410713 0.048511285866492233 0.61049359953642746 -0.2309426261610176 1.8326271425694454 0.5669813713562647 0.61528736812143214 0.98581558827635496 -0.032463593618811064 0.36967992363308438 -0.009374558011819743 0.0057604119973242102 0.20041111054775307 0.12540539903967121
decision_type=8 10 10 10 10 10 10 10 10 10 10 10 10 2 10 10 10 10 2 8 8 10 10 10 10 10 8 10 10 10
left_child=2 3 4 17 5 13 7 -7 9 12 11 -11 28 15 -4 -1 -14 25 19 -6 -21 23 -23 -20 -15 26 -2 -27 -3 -19
right_child=1 8 14 -5 18 6 -8 -9 -10 10 -12 -13 16 24 -16 -17 -18 29 21 20 -22 22 -24 -25 -26 27 -28 -29 -30 -31
leaf_value=-0.0044975796791468705 0.012153754731813696 0.011721761361873376 0.0035940395213553311 0.011694849406031526 0.008923550725135114 0.010413205793963584 -0.0069634527969657609 -0.0018842204838358404 -0.0092053012249090471 -0.0093278489246290675 0.015536329721007054 0.0019810051230417739 0.0031220075404936832 0.0099911915137367111 0.020481338129581108 0.0049758808892780603 0.015155399584940214 -0.019069709950949518 0.000195638500988841 -0.0042639669602744278 -0.024507610899821855 0.01030471218984267 -0.0096793916506073656 0.01057078890367032 -0.0019478342562947617 -0.0056678169666873378 -0.00073442950667151408 -0.0026747968964454662 -0.0022842142756761452 0.00059254406393114561
leaf_weight=48.213326679717284 5.9766575900139287 1.7342229016358057 11.259311934700238 10.887295769061891 4.293526201043278 71.8988228791859 6.7047263130079946 12.675765210064126 10.405117866233921 24.58085404348094 8.1332540201256034 48.703108870773576 18.733749982435256 29.519667862681672 11.937296025222166 24.662766648107208 25.933301496319473 5.8711451186100012 100.75010939629283 8.634985078009775 5.979518593754622 5.0505031491629806 22.825199704151601 19.589107272331603 12.732899549650027 93.734257391071878 88.661778851412237 463.71334182546707 19.019581720640417 0.89827506383880962
leaf_count=3637 1267 97 208 203 87 1646 213 338 201 1319 366 2002 428 2061 177 1423 339 1265 6678 902 153 158 1410 259 921 17951 13780 94405 3716 315
internal_value=-0.000252612 -0.00168242 0.00271705 -0.00261187 0.00204418 0.00413785 0.00730056 0.00853457 0.00224889 0.00313762 2.1173e-05 -0.00184632 0.00691221 0.0015632 0.0128958 -0.001227 0.0103531 -0.0028702 -0.00053302 -0.00828297 -0.0137779 0.000484433 -0.00572332 0.00198245 0.00636213 -0.00270103 0.000166694 -0.00319269 -0.000490908 -0.016334
internal_weight=1223.71 826.986 396.728 669.743 373.531 206.408 91.2793 84.5746 157.243 146.838 81.4172 73.284 65.4209 115.129 23.1966 72.8761 44.6671 658.855 167.123 18.908 14.6145 148.215 27.8757 120.339 42.2526 652.086 94.6384 557.448 20.7538 6.76942
internal_count=157925 137654 20271 129186 19886 10239 2197 1984 8468 8267 3687 3321 4580 8042 385 5060 767 128983 9647 1142 1055 8505 1568 6937 2982 127403 15047 112356 3813 1580
is_linear=0
shrinkage=0.03


Tree=56
num_leaves=31
num_cat=0
split_feature=59 36 30 41 41 42 51 78 20 2 34 54 47 53 8 24 72 59 48 42 44 49 54 9 53 41 53 54 45 4
split_gain=6.9477 3.1724 2.82237 2.30934 2.55457 3.4221 3.91627 2.46507 2.16599 2.67492 2.75521 2.02094 1.9612 1.80979 1.71571 1.70407 1.55253 1.59284 1.53804 1.49479 1.36308 1.75423 1.81953 1.30172 1.27424 1.25625 1.07485 1.38428 0.77704 0.737011
threshold=0.90179360784418805 -0.31802788338412408 0.66855742427526244 0.0083481539330804173 -0.0077898402991778961 -0.014417560667211169 0.3422261331441539 -1.7136972659028242 -0.039494879314350355 0.23114579540328298 0.001640822392243923 0.46905587540081789 -0.013118174139542081 0.010900370658205363 0.013311584516594343 -0.64861298527037803 -1.2294148049806126 0.41311176389033316 -0.023869455642173239 0.024424351612015619 0.16428337884866476 0.018105820426894684 0.56052014714107801 0.5917709871614375 0.019447971045763061 0.021796452770891154 0.018097690716036615 0.57514222579460672 0.0064180154694606891 -0.15692509951110237
decision_type=10 10 10 10 10 10 2 10 10 8 10 10 10 10 10 10 8 8 8 10 8 10 10 8 10 8 10 10 8 8
left_child=16 2 12 4 5 18 -7 15 14 10 -10 -4 -2 -9 28 -6 20 24 -3 -16 21 22 25 -24 26 -1 27 -18 -5 -19
right_child=1 3 11 8 7 6 -8 13 9 -11 -12 -13 -14 -15 19 -17 17 29 -20 -21 -22 -23 23 -25 -26 -27 -28 -29 -30 -31
leaf_value=0.0050683447323513452 0.019796817423205802 0.0055388142658048638 0.010830088887789687 -0.01074794489958766 -0.016411807104630926 -0.028151405004501723 -0.0029977375383484343 -0.0059533367272833967 0.00041068872977502018 0.012022025729746906 -0.0077240872897384339 -0.0071105259901306219 0.0061882057220384373 0.0069432826577383198 0.015569476744146833 0.0011719829974037876 -0.0028952712649523041 0.0030077362666485604 -0.0091742111365998146 0.0010932690119473548 0.017379678907703526 -0.0084159225072022725 -0.0098480844142727203 0.0076089544678930848 -0.011918221900070202 0.023742668907553291 0.0060313537164995165 -0.009439510850545195 0.0034739232559290001 -0.0019061507264354681
leaf_weight=30.693999134178743 20.12942218920216 58.400278697023168 8.2673973655328172 6.0037998056504849 6.1664796271361437 5.5696792923845342 41.897996125277132 9.3784540155902487 74.99591820104979 9.5395226378459466 72.413345057400875 13.475293539930133 21.353972965851426 175.43662500672508 14.639637936837973 14.868232543347402 123.6343223489821 28.399560296966229 6.1192122057545921 11.968312211101873 3.9202587166801086 13.141929929377509 11.368396819918415 4.5314850255381307 20.395777827710845 2.9595077905105382 8.0844229778740537 38.849010677076876 5.6706646366510549 360.19786722731078
leaf_count=6766 249 1594 136 171 254 213 1267 250 1921 201 2587 272 292 4480 297 476 33310 4468 176 254 242 3332 2587 989 5744 369 1925 10749 142 72387
internal_value=-1.54938e-05 0.00237471 0.00867352 0.0015773 0.00315333 -0.000467741 -0.00653101 0.00513051 -0.000976187 -0.00255231 -0.00359034 0 0.0131728 0.00624418 0.00530965 -0.00435756 -0.00215221 -0.0026531 0.00397888 0.00944217 0.00213596 0.000877801 0.00351963 -0.00453945 -0.00489788 0.0074349 -0.00397635 -0.00452649 -0.00387417 -0.00153253
internal_weight=1222.47 576.294 63.2261 513.068 317.837 111.987 47.4677 205.85 195.231 156.949 147.409 21.7427 41.4834 184.815 38.2824 21.0347 646.177 579.561 64.5195 26.608 66.6156 62.6953 49.5534 15.8999 190.964 33.6535 170.568 162.483 11.6745 388.597
internal_count=158100 15232 949 14283 8710 3250 1480 5460 5573 4709 4508 408 541 4730 864 730 142868 128583 1770 551 14285 14043 10711 3576 51728 7135 45984 44059 313 76855
is_linear=0
shrinkage=0.03


end of trees

feature_importances:
return_dispersion_20d=136
spy_return_60d=96
cs_rank_vol_60d=80
cs_z_momentum_120d=75
spy_vol_20d=64
cs_rank_momentum_120d=51
breadth_above_sma_50d=50
avg_corr_to_spy_60d=50
spy_return_20d=44
mom_60_20_divergence=41
spy_vol_60d=39
cs_z_vol_60d=39
cs_z_beta_60d_spy=39
spy_return_10d=38
spy_drawdown_120d=34
momentum_120d=32
beta_20d_spy=31
spy_return_5d=31
downside_ratio=30
vol_compression=29
vol_60d=27
downside_vol_20d=27
spy_price_to_sma_50d=27
cs_rank_beta_60d_spy=27
macd_hist=26
spy_price_to_sma_20d=25
beta_60d_spy=23
price_to_sma_50d=23
cs_rank_distance_to_60d_high=23
cs_z_vol_compression=22
residual_momentum_60d=20
breadth_above_sma_20d=20
cs_z_vol_20d=20
excess_return_20d_vs_spy=19
return_1d=18
upside_vol_20d=17
cs_rank_vol_compression=17
dollar_volume_ratio_20d=16
vol_20d=14
cs_rank_momentum_20d=14
return_20d=13
beta_instability=13
rsi_14=12
return_5d=11
return_60d=11
relative_momentum_20d_vs_spy=11
volume_zscore_20d=11
mom_vol_ratio=10
mom_divergence=10
spy_drawdown_60d=10
volume_zscore_60d=9
mom_beta_adjusted=9
cs_z_distance_to_60d_high=9
cs_z_volume_zscore_60d=9
trend_strength=8
return_10d=7
distance_to_60d_high=7
drawdown_reversal_setup=7
cs_rank_vol_20d=7
cs_rank_residual_momentum_20d=7
momentum_60d=6
bollinger_z_20d=6
residual_momentum_20d=6
cs_z_momentum_20d=6
cs_rank_excess_return_20d_vs_spy=5
price_to_sma_20d=4
cs_rank_momentum_60d=4
cs_rank_excess_return_60d_vs_spy=4
cs_rank_volume_zscore_60d=4
cs_z_momentum_60d=4
excess_return_5d_vs_spy=3
excess_return_60d_vs_spy=3
cs_z_excess_return_20d_vs_spy=3
momentum_5d=2
cs_z_residual_momentum_20d=2
momentum_20d=1
short_reversal_5d=1
cs_z_excess_return_60d_vs_spy=1

parameters:
[boosting: gbdt]
[objective: lambdarank]
[metric: ndcg]
[tree_learner: serial]
[device_type: cpu]
[data_sample_strategy: bagging]
[data: ]
[valid: ]
[num_iterations: 57]
[learning_rate: 0.03]
[num_leaves: 31]
[num_threads: 0]
[seed: 17]
[deterministic: 0]
[force_col_wise: 0]
[force_row_wise: 0]
[histogram_pool_size: -1]
[max_depth: 6]
[min_data_in_leaf: 150]
[min_sum_hessian_in_leaf: 0.001]
[bagging_fraction: 0.8]
[pos_bagging_fraction: 1]
[neg_bagging_fraction: 1]
[bagging_freq: 1]
[bagging_seed: 17]
[bagging_by_query: 0]
[feature_fraction: 0.75]
[feature_fraction_bynode: 1]
[feature_fraction_seed: 17]
[extra_trees: 0]
[extra_seed: 13015]
[early_stopping_round: 0]
[early_stopping_min_delta: 0]
[first_metric_only: 0]
[max_delta_step: 0]
[lambda_l1: 0.1]
[lambda_l2: 1]
[linear_lambda: 0]
[min_gain_to_split: 0]
[drop_rate: 0.1]
[max_drop: 50]
[skip_drop: 0.5]
[xgboost_dart_mode: 0]
[uniform_drop: 0]
[drop_seed: 30017]
[top_rate: 0.2]
[other_rate: 0.1]
[min_data_per_group: 100]
[max_cat_threshold: 32]
[cat_l2: 10]
[cat_smooth: 10]
[max_cat_to_onehot: 4]
[top_k: 20]
[monotone_constraints: ]
[monotone_constraints_method: basic]
[monotone_penalty: 0]
[feature_contri: ]
[forcedsplits_filename: ]
[refit_decay_rate: 0.9]
[cegb_tradeoff: 1]
[cegb_penalty_split: 0]
[cegb_penalty_feature_lazy: ]
[cegb_penalty_feature_coupled: ]
[path_smooth: 0]
[interaction_constraints: ]
[verbosity: -1]
[saved_feature_importance_type: 0]
[use_quantized_grad: 0]
[num_grad_quant_bins: 4]
[quant_train_renew_leaf: 0]
[stochastic_rounding: 1]
[linear_tree: 0]
[max_bin: 255]
[max_bin_by_feature: ]
[min_data_in_bin: 3]
[bin_construct_sample_cnt: 200000]
[data_random_seed: 94]
[is_enable_sparse: 1]
[enable_bundle: 1]
[use_missing: 1]
[zero_as_missing: 0]
[feature_pre_filter: 1]
[pre_partition: 0]
[two_round: 0]
[header: 0]
[label_column: ]
[weight_column: ]
[group_column: ]
[ignore_column: ]
[categorical_feature: ]
[forcedbins_filename: ]
[precise_float_parser: 0]
[parser_config_file: ]
[objective_seed: 20363]
[num_class: 1]
[is_unbalance: 0]
[scale_pos_weight: 1]
[sigmoid: 1]
[boost_from_average: 1]
[reg_sqrt: 0]
[alpha: 0.9]
[fair_c: 1]
[poisson_max_delta_step: 0.7]
[tweedie_variance_power: 1.5]
[lambdarank_truncation_level: 50]
[lambdarank_norm: 1]
[label_gain: 0,1,2,3,5,8,13,21,34,55]
[lambdarank_position_bias_regularization: 0]
[eval_at: 5,10,25]
[multi_error_top_k: 1]
[auc_mu_weights: ]
[num_machines: 1]
[local_listen_port: 12400]
[time_out: 120]
[machine_list_filename: ]
[machines: ]
[gpu_platform_id: -1]
[gpu_device_id: -1]
[gpu_use_dp: 0]
[num_gpu: 1]

end of parameters

pandas_categorical:[]
