tree
version=v4
num_class=1
num_tree_per_iteration=1
label_index=0
max_feature_idx=78
objective=regression_l1
feature_names=return_1d return_5d return_10d return_20d return_60d vol_20d vol_60d downside_vol_20d upside_vol_20d beta_20d_spy beta_60d_spy momentum_5d momentum_20d momentum_60d momentum_120d price_to_sma_20d price_to_sma_50d macd_hist rsi_14 bollinger_z_20d excess_return_5d_vs_spy excess_return_20d_vs_spy excess_return_60d_vs_spy relative_momentum_20d_vs_spy volume_zscore_20d volume_zscore_60d dollar_volume_ratio_20d distance_to_20d_high distance_to_60d_high mom_vol_ratio downside_ratio mom_divergence mom_60_20_divergence mom_beta_adjusted trend_strength residual_momentum_20d residual_momentum_60d beta_instability vol_compression short_reversal_5d drawdown_reversal_setup spy_return_5d spy_return_10d spy_return_20d spy_return_60d spy_vol_20d spy_vol_60d spy_drawdown_60d spy_drawdown_120d spy_price_to_sma_20d spy_price_to_sma_50d breadth_above_sma_20d breadth_above_sma_50d return_dispersion_20d avg_corr_to_spy_60d cs_rank_momentum_20d cs_rank_momentum_60d cs_rank_momentum_120d cs_rank_vol_20d cs_rank_vol_60d cs_rank_beta_60d_spy cs_rank_excess_return_20d_vs_spy cs_rank_excess_return_60d_vs_spy cs_rank_distance_to_60d_high cs_rank_volume_zscore_60d cs_rank_residual_momentum_20d cs_rank_vol_compression cs_z_momentum_20d cs_z_momentum_60d cs_z_momentum_120d cs_z_vol_20d cs_z_vol_60d cs_z_beta_60d_spy cs_z_excess_return_20d_vs_spy cs_z_excess_return_60d_vs_spy cs_z_distance_to_60d_high cs_z_volume_zscore_60d cs_z_residual_momentum_20d cs_z_vol_compression
feature_infos=[-0.43452090331350879:0.52290083351866889] [-0.61014499786032883:0.88260863646066867] [-0.76666670795573144:1.0566034133703051] [-0.82992956002177165:1.6011328544898928] [-0.85304846129940903:3.1843478105994496] [0:0.22421856781514868] [0:0.15098312624435092] [0:0.14329584310333965] [0:0.16337929811143656] [-13.695037798663515:20.575205365344527] [-4.0149274431247379:4.8863263853067735] [-0.61014499786032883:0.88260863646066867] [-0.82992956002177165:1.6011328544898928] [-0.85304846129940903:3.1843478105994496] [-0.83371665409748386:3.8670393633078328] [-0.69421673038056464:0.66131114246219425] [-0.79930206832555228:0.90110352904013702] [-132.53715276993563:80.364006761273146] [0:99.861064002984776] [-4.3588989435444114:4.3588989435883247] [-0.61785372931017601:0.89255912114692015] [-0.76226676485515399:1.4709261398977567] [-0.82324954741436951:2.9093527779374631] [-0.77334040331749898:1.3346611088982128] [-3.1806480089076707:4.3588989435433447] [-3.1101259120259019:7.6809377036926092] [0:20] [-0.81943928948557032:0] [-0.85817267691977117:0] [-18.434164617079603:32.856245653518116] [0:1.000000000000042] [-1.3570366224156163:1.3461280008699332] [-2.0207628673232545:2.8009791764398404] [-1453.7642854441774:10803.162489620385] [-0.10473655208396172:1.0402577970351286] [-0.74485170073586715:1.5881473142128861] [-0.82942612636861368:2.9338428769512812] [-14.198964143960437:17.446146326974887] [0:1.7062872448354571] [-0.88260863646066867:0.61014499786032883] [-0.64546675664435349:0.50171155426150693] [-0.14545734432145407:0.10760484981852825] [-0.22629793900100381:0.13822858534601501] [-0.3098674839759894:0.19880920041384464] [-0.28352722298927002:0.27499503266198677] [0.0021730140768461124:0.057214790451066776] [0.0032232185571641754:0.038131002927157237] [-0.31978067271172672:0] [-0.31978067271172672:0] [-0.18100568915232662:0.10411797460671401] [-0.25990196507381258:0.12386824524671169] [0:0.98360655737704916] [0:0.96926229508196726] [0.009867952331218819:0.048661980569911334] [0.24489108561846168:0.82571605166733542] [0.0020161290322580645:1] [0.0020161290322580645:1] [0.0020202020202020202:1] [0.0020161290322580645:1] [0.0020161290322580645:1] [0.0020161290322580645:1] [0.0020161290322580645:1] [0.0020161290322580645:1] [0.0020161290322580645:1] [0.0020161290322580645:1] [0.0020161290322580645:1] [0.0020161290322580645:1] [-10.036419127683077:15.738424952473304] [-8.1746382519581609:16.457532645463687] [-5.9157233637200122:14.200215155348952] [-2.7783658620320599:17.573692755422847] [-2.9782850486284764:14.693670814366223] [-6.3974491418552946:8.9620500168724586] [-10.036419127683077:15.738424952473304] [-8.1746382519581609:16.457532645463687] [-11.877286787638962:2.8116905715835778] [-3.6952301696231564:12.409992861481406] [-10.270548291498804:16.015521325695076] [-7.1400433713186926:5.6178315661714455]
tree_sizes=2782 2886 2985 2525 2361 2996 2814 2822 2451 2521 2821 2618 2524 2891 2338 2806 2583 2713 2612 2818 2818 2810 2828 2705 2791 2924 2251 2618 2236 2538 2937 2917 2701 2335 2635 2441 2255 2680 2601 3075 2838 2347 2435 2425 2313 3020 2426 2822 2595 1951 2430 2691 2129 2349 2910 2508 2041 2628 1852 2117 1652 2505 2826 2921 2315 2419 2919 2685 2520 2791 3030 2041 2423 3019 3016 2310 1760 1875 2401 1766 3098 2236 1676 2502 3115 2527 2693 2823 2528 2526 2221 2993 2212 2153 1200 2037 2043 1580 2227 2619 2960 2117 2438 2336 2630 2905 2252 2544 2397 1939 2843 2513 1793 2346 3005 2059 2535 2033 2889 2142 2420 1928 1487 2048 1852 2820 1875 2670 2743 2336 2208 2128 2845 2497 1199 2898 2059 2210 2831 1572 2453 2142 2520 3002 2492 2594 1776 1971 2505 2500 2501 2340 2212 2381 2630 2667 2323 2228 2454 2536 1968 2535 1950 2802 2417 2783 2785 2501 2232 2335 2426 1572 2596 2719 1945 2325 2893 1931 1775 2603 2585 1767 2335 1937 3125 3033 1934 2336 3123 2322 1191 2307 2819 1292 2040 1767 1292 1750 1574 2116

Tree=0
num_leaves=28
num_cat=0
split_feature=67 46 59 48 53 46 9 28 57 46 38 45 45 0 54 51 37 9 42 53 58 46 75 42 48 4 14
split_gain=85.3459 86.6039 63.7725 70.8785 65.144 54.2403 164.179 63.9556 47.7555 62.477 44.8438 42.1636 48.2098 36.0008 34.6222 38.7763 32.7305 31.8742 31.5689 29.4271 27.8361 55.0157 27.511 26.8926 25.5065 22.0514 19.3141
threshold=0.32668127854781409 0.0071743218066912407 0.40128071949919364 -0.10872575593379601 0.0124930391412386 0.036016059464893356 1.4369213709855833 -0.075251211900346546 0.76550929407497204 0.017801606881185223 1.2027436697485603 0.0053649681271666092 0.0048573026601447722 -0.032353043915001982 0.49481782294616333 0.74265213106676531 0.70434392665830248 1.7740834498376821 -0.0077877219238735021 0.020587867958909118 0.15432751285464466 0.0057604119973242102 0.59510413459770628 -0.0052413906117119149 -0.016153754754951118 -0.30076636353637742 -0.19498572290762314
decision_type=8 8 8 8 10 10 10 10 10 10 10 10 10 10 10 2 10 10 10 10 8 10 8 10 10 8 10
left_child=5 11 3 10 -5 8 7 26 13 19 -3 12 22 24 15 -4 -14 -8 -15 -10 21 -13 -2 -22 -1 -16 -7
right_child=1 2 14 4 -6 6 17 -9 9 -11 -12 20 16 18 25 -17 -18 -19 -20 -21 23 -23 -24 -25 -26 -27 -28
leaf_value=-0.015767924189567566 -0.020368693619966505 -0.030447733104228974 -0.020221920013427735 -0.023980575799942016 -0.020537504851818086 -0.019352863924577832 -0.018453190661966802 -0.030297521650791168 -0.017872875593602656 -0.0083548805117607122 -0.022244653701782226 -0.023412963747978209 -0.021639376580715179 -0.019853137657046317 -0.0066752466559410091 -0.023984985053539278 -0.015639854371547697 -0.0086131992936134341 -0.018956227893941104 -0.023132011294364929 -0.016108547747135164 -0.014511346518993377 -0.018285298869013786 -0.018998537929728627 -0.02033674195408821 -0.019447610042989255 -0.024325991272926333
leaf_weight=2577 4139 511 4807 940 8941 310 387 368 15032 324 617 211 2957 18437 213 1666 295 346 64644 467 1873 986 6258 5287 705 14163 778
leaf_count=2577 4139 511 4807 940 8941 310 387 368 15032 324 617 211 2957 18437 213 1666 295 346 64644 467 1873 986 6258 5287 705 14163 778
internal_value=-0.0192808 -0.0199274 -0.0205939 -0.0218253 -0.0212824 -0.0189472 -0.0220614 -0.0259468 -0.0188804 -0.0178703 -0.0265736 -0.0189625 -0.0196475 -0.0190655 -0.0199435 -0.021158 -0.0217724 -0.0143477 -0.0191467 -0.0180525 -0.0178438 -0.0150215 -0.0189828 -0.0183164 -0.0170113 -0.0193964 -0.0234991
internal_weight=158239 53864 31858 11009 9881 104375 2189 1456 102186 15823 1128 22006 13649 86363 20849 6473 3252 733 83081 15499 8357 1197 10397 7160 3282 14376 1088
internal_count=158239 53864 31858 11009 9881 104375 2189 1456 102186 15823 1128 22006 13649 86363 20849 6473 3252 733 83081 15499 8357 1197 10397 7160 3282 14376 1088
is_linear=0
shrinkage=1


Tree=1
num_leaves=29
num_cat=0
split_feature=23 53 70 43 59 44 44 57 72 65 4 54 5 52 14 54 53 57 52 53 43 29 44 70 51 34 23 24
split_gain=110.454 59.7419 50.8911 74.6999 46.4414 85.3627 77.124 78.8857 53.7366 41.9174 37.9021 87.281 86.1486 46.2678 43.4224 35.0075 42.3004 32.4088 31.1688 55.3958 52.5862 23.8937 23.0161 22.989 21.605 15.8936 9.1373 6.05813
threshold=0.02338176907281864 0.020109398955297661 -1.2417227077992512 0.010815702670425755 0.55566824430921813 0.085219017604033179 0.069399915838272888 0.1760937927262784 0.90819905614744345 0.54421215091293729 -0.25000552441017354 0.77040259723844406 0.023820186078215639 0.88789462569950384 0.049269938976301393 0.79092688549659373 0.021694370836547013 0.76550929407497204 0.60896649527140501 0.018200776437574215 1.0000000180025095e-35 -2.7671223575072612 -0.089159649383810533 -0.52767048101788572 0.36250455800385484 0.038403608295090479 -0.057740899725936982 0.53494547668725623
decision_type=8 10 8 10 8 10 10 8 10 10 8 10 10 2 10 10 10 10 2 10 10 10 10 10 2 10 10 10
left_child=10 2 3 24 5 9 8 -8 -6 -3 15 13 -13 17 -15 16 22 -12 19 -4 -20 -14 -1 -7 -2 26 -17 -27
right_child=1 4 18 -5 6 23 7 -9 -10 -11 11 12 21 14 -16 25 -18 -19 20 -21 -22 -23 -24 -25 -26 27 -28 -29
leaf_value=0.010132893179357052 -0.010984419226646423 0.003000804677186534 -0.00014623062498867509 0.0033241602539084854 -0.00069168307073414327 0.0066406323373317724 -0.020652278954535724 -0.0024153988156933336 0.0078634922251105306 -0.0058167564541101455 0.0001419915764592588 -0.0085257195651531215 0.0031663377627730374 0.00048578488575294615 0.0045865657686255876 -0.0033629144608974459 0.012910377238690854 0.001111794152110815 -0.0036168221391737459 0.0039891605075448753 -0.00059373523965477949 -0.0024997313052415849 0.0021246640979778022 -0.00083966368623077873 -0.0037963713347911833 0.0057374981641303748 0.000605491603910923 0.00067547805011272427
leaf_weight=237 257 208 18646 203 1036 274 212 636 515 1940 81620 365 214 1298 1462 387 345 15125 2036 1594 26267 1032 1002 316 351 218 200 227
leaf_count=237 257 208 18646 203 1036 274 212 636 515 1940 81620 365 214 1298 1462 387 345 15125 2036 1594 26267 1032 1002 316 351 218 200 227
internal_value=-8.96198e-06 -0.000738053 -0.000524324 -0.00549015 -0.00279058 -0.00457028 -0.0007575 -0.00560424 0.00189304 -0.00642066 0.000374018 0.000312489 -0.00430397 0.000387293 0.00294024 0.00275048 0.00461703 0.000314411 -0.000441208 0.000157996 -0.000869771 -0.00179471 0.00288548 0.00216244 -0.00899507 -0.00011423 -0.00227551 0.00273094
internal_weight=158223 54491 49354 811 5137 2738 2399 848 1551 2148 103732 101116 1611 99505 2760 2616 1584 96745 48543 20240 28303 1246 1239 590 608 1032 587 445
internal_count=158223 54491 49354 811 5137 2738 2399 848 1551 2148 103732 101116 1611 99505 2760 2616 1584 96745 48543 20240 28303 1246 1239 590 608 1032 587 445
is_linear=0
shrinkage=0.02


Tree=2
num_leaves=30
num_cat=0
split_feature=21 70 54 54 42 71 54 5 54 32 53 54 36 10 53 59 10 4 32 54 53 41 52 47 43 38 54 28 48
split_gain=106.055 53.7048 100.133 47.5111 44.18 40.2961 66.5588 126.337 46.8617 60.2619 46.7591 42.9515 41.1484 33.9613 32.4086 56.1475 47.3526 31.4128 28.8098 31.7597 22.4414 27.3371 21.4015 33.9004 28.8935 18.4148 16.8267 14.5386 12.5978
threshold=0.037185255255801471 -1.0001467864784932 0.57574027341050227 0.66004857915868043 -0.016314964865318856 0.84747544472045377 0.77040259723844406 0.023820186078215639 0.68686325633828671 0.02170462339072388 0.024132713091028688 0.5669813713562647 -0.19641039704367688 0.27864829372120598 0.019586952087893923 0.543823608137045 0.45332425124943315 -0.041420671756249854 -0.20620856964540904 0.66790733293739635 0.019586952087893923 0.016786076953157262 0.60896649527140501 -0.0038235696042235863 -0.0076121574876612521 1.4838459156685748 0.58470889931856196 -0.07139876889817813 -0.078025985393679761
decision_type=8 8 8 10 10 8 10 10 10 10 10 10 10 10 10 8 10 8 8 10 10 10 2 10 10 10 8 10 10
left_child=5 2 4 26 -2 6 8 27 10 -10 -1 20 -9 -6 22 16 -16 -17 28 -20 25 -22 23 -3 -24 -7 -4 -8 -13
right_child=1 14 3 -5 13 11 7 12 9 -11 -12 18 -14 -15 15 17 -18 -19 19 -21 21 -23 24 -25 -26 -27 -28 -29 -30
leaf_value=0.00018462857083790003 -0.0040815457728132602 -8.7134563960134949e-05 -0.01613358378674835 -0.00077340657280012962 0.0070549289469737566 0.00063319087049085654 -0.0052892681971788407 0.0090995597628355032 0.00030908909706771375 0.0055429783865660436 -0.0045891019623596216 0.014433026791422164 -0.001829123652368784 0.00019339036864414808 0.0033453122902568433 0.0036051419584536928 -0.0042196646649762986 -0.0019250433488558047 0.0035066527884798126 -0.0018029681975822898 0.014376988756977021 -0.0012347843860751018 -0.0055540722533911468 0.0040981660092324016 -0.00077584597469866276 -0.005285630344120786 -0.0064790915988311168 -0.011895490915685892 0.0057035857517402627
leaf_weight=93316 349 13516 222 322 209 10143 212 212 2038 1333 635 328 2090 720 234 797 2127 2182 4352 831 286 200 347 629 19388 308 584 220 204
leaf_count=93316 349 13516 222 322 209 10143 212 212 2038 1333 635 328 2090 720 234 797 2127 2182 4352 831 286 200 347 629 19388 308 584 220 204
internal_value=-4.78732e-06 -0.000871502 -0.0037715 -0.0081116 6.09851e-05 0.00030433 0.000152693 -0.00292431 0.000239183 0.00255575 0.000156016 0.00121528 -0.00105862 0.00234194 -0.000693455 -0.00214155 -0.00444454 -0.000314765 0.00262036 0.00216397 0.000480709 0.00467762 -0.000465098 0.000128517 -0.000890657 0.000284922 -0.0107038 -0.012836 0.00705066
internal_weight=158334 41626 2406 1128 1278 116708 100056 2734 97322 3371 93951 16652 2302 929 39220 5340 2361 2979 5715 5183 10937 486 33880 14145 19735 10451 806 432 532
internal_count=158334 41626 2406 1128 1278 116708 100056 2734 97322 3371 93951 16652 2302 929 39220 5340 2361 2979 5715 5183 10937 486 33880 14145 19735 10451 806 432 532
is_linear=0
shrinkage=0.02


Tree=3
num_leaves=25
num_cat=0
split_feature=23 46 70 13 46 6 6 7 41 50 37 59 14 42 46 22 7 50 46 6 45 77 56 70
split_gain=116.063 61.6686 83.3626 39.8923 39.8515 141.629 73.248 63.7955 42.8512 38.8303 36.1784 36.0586 34.908 35.8672 28.3894 25.0535 27.9565 24.463 24.3518 24.2923 18.8821 18.5207 13.4702 13.2633
threshold=0.030680104389961941 0.0071743218066912407 -1.0266011396114938 -0.30076636353637742 0.034133762393146715 0.054967886072152423 0.021166156251801117 0.012798435258363265 0.047384893400697077 0.050985020605297311 0.31930644846088846 0.17028214877277523 -0.016681356168244784 0.044644858356760693 0.025294338701168564 0.16449504684983376 0.0032491274219734077 0.050985020605297311 0.0057736637568546563 0.016936342002906817 0.0069203045823255553 -0.80192305087074667 0.52832098388205651 1.1568927647950564
decision_type=8 8 8 8 10 8 10 10 10 10 8 10 10 10 10 8 10 10 10 10 10 10 10 10
left_child=4 12 15 -4 6 7 8 -6 9 -1 21 -8 20 18 -5 16 -3 -13 -14 -10 23 -7 -9 -2
right_child=1 2 3 14 5 10 11 22 19 -11 -12 17 13 -15 -16 -17 -18 -19 -20 -21 -22 -23 -24 -25
leaf_value=8.7374463892281041e-05 -0.0031902817101922632 -0.00675530811946081 0.013952033879849146 -0.0010252599439837039 -0.0078332981288808598 0.007598421298080995 0.0085667083970988357 -0.0013661993440610171 -0.0057163440087524059 0.0018789016902872548 0.013857418702504339 0.002447229262626297 -0.00039644276963144543 0.0068166365867668201 -0.0036110601246573033 -0.0098910556797517091 -0.002238207390535772 -0.00045642434653544805 0.0011226250514840335 -0.00026360953503221275 0.0022240878634077681 -0.0023175906481963395 -0.0047825511943918467 0.00017191594883128998
leaf_weight=87460 1818 402 247 26712 397 206 204 813 320 4090 282 13834 7764 330 1406 339 1144 2398 6084 222 369 248 626 511
leaf_count=87460 1818 402 247 26712 397 206 204 813 320 4090 282 13834 7764 330 1406 339 1144 2398 6084 222 369 248 626 511
internal_value=-3.7402e-05 -0.000869098 -0.00140947 -0.00113862 0.000315371 -0.00214458 0.000373707 -0.00511595 0.00015417 0.000187415 0.00526187 0.00160358 9.94253e-05 0.000496368 -0.00120908 -0.00548144 -0.00439431 0.00149806 0.000340674 -0.00544751 -0.00198518 0.00175385 -0.00315139 -0.0026515
internal_weight=158226 47126 30250 28365 111100 2572 108528 1836 92092 91550 736 16436 16876 14178 28118 1885 1546 16232 13848 542 2698 454 1439 2329
internal_count=158226 47126 30250 28365 111100 2572 108528 1836 92092 91550 736 16436 16876 14178 28118 1885 1546 16232 13848 542 2698 454 1439 2329
is_linear=0
shrinkage=0.02


Tree=4
num_leaves=23
num_cat=0
split_feature=21 46 58 48 46 45 46 9 7 69 46 46 28 63 54 42 42 4 29 42 46 14
split_gain=109.067 55.0251 62.0088 53.1702 58.1946 53.3171 52.2108 136.733 76.5305 40.8473 85.5181 44.5012 40.8655 37.903 36.974 34.9123 33.8816 27.4353 25.1322 23.6542 26.6422 18.9768
threshold=0.034365520119617472 0.0071743218066912407 0.51214594807238412 -0.10872575593379601 0.0090042252663953045 0.015028688949343528 0.034133762393146715 1.7740834498376821 0.012798435258363265 0.15851907200757256 0.017801606881185223 0.009711183688914788 -0.10628010559865668 0.20041111054775307 0.57574027341050227 -0.015890011651909727 0.044644858356760693 -0.30076636353637742 2.3559044447987394 0.034429965100681977 0.00603620810576295 0.046267038760035024
decision_type=8 8 8 8 10 10 10 10 10 10 10 10 10 10 10 10 10 8 8 10 10 10
left_child=6 16 3 5 -5 -3 9 8 -8 12 11 -11 14 -10 -1 -14 19 -4 -19 20 -2 -12
right_child=1 2 17 4 -6 -7 7 -9 13 10 21 -13 15 -15 -16 -17 -18 18 -20 -21 -22 -23
leaf_value=0.00024094135288252086 -0.00055459004652143123 -0.013677837951042368 0.012452966022362785 -0.0028396733037015943 -0.00073971847009764613 -0.0031126031895708168 -0.0077620678437720185 0.011425188679389683 0.003001408454551839 0.0011810240901923791 0.0047967035920166868 -0.00029865157438053335 -0.0014841668883142009 -0.0031452937907789709 0.0018055999909724161 -1.3583640371397226e-06 0.005408049722387862 0.001243947087339446 -0.00098404404905544232 -0.0059470572159850653 0.0011583271361324831 0.011214105295165819
leaf_weight=14872 9898 286 217 4175 7037 942 399 350 374 24829 232 9312 5403 1447 9151 47185 345 2512 13130 344 5130 265
leaf_count=14872 9898 286 217 4175 7037 942 399 350 374 24829 232 9312 5403 1447 9151 47185 345 2512 13130 344 5130 265
internal_value=2.14146e-06 -0.000843265 -0.00137025 -0.0024273 -0.00199394 -0.00637754 0.000329099 -0.00248853 -0.00432148 0.000394229 0.000964173 0.000844063 0.000136506 -0.00257849 0.00081993 -0.000175664 0.000105484 -0.000540858 -0.000639136 -3.36954e-05 8.50356e-05 0.00919277
internal_weight=157835 44016 28299 12440 11212 1228 113819 2570 2220 111249 34638 34141 76611 1821 24023 52588 15717 15859 15642 15372 15028 497
internal_count=157835 44016 28299 12440 11212 1228 113819 2570 2220 111249 34638 34141 76611 1821 24023 52588 15717 15859 15642 15372 15028 497
is_linear=0
shrinkage=0.02


Tree=5
num_leaves=30
num_cat=0
split_feature=21 70 54 44 54 41 46 69 45 8 50 37 14 71 44 57 52 50 14 69 29 69 9 29 44 60 36 44 36
split_gain=104.118 53.2884 102.763 80.6886 59.4159 52.6059 44.0578 140.516 63.6179 55.7473 46.1851 86.2183 36.9376 34.2838 34.2355 35.4333 33.5219 45.9682 33.1146 30.6976 30.0492 29.8024 24.3332 20.8896 19.0655 18.9616 17.5325 15.7402 11.3745
threshold=0.034365520119617472 -0.70491811372144375 0.57574027341050227 0.045101921088091419 0.58470889931856196 0.021574334156688527 0.034133762393146715 -0.58318220757728889 0.022730855217487033 0.012044383424608 0.060614384894817637 0.2956130296198935 0.17433514240356221 -0.16047072506790297 -0.084893261369471937 0.58395580454403995 0.60896649527140501 0.0074238207632112427 -0.020452167084477942 0.16704104168777598 3.421522949322489 0.28081401415837187 1.428015777639333 7.7970583795515216 0.039408399670769485 0.78121804703476494 -0.19008092172435073 0.037022729852440157 -0.034099001002275767
decision_type=8 8 8 10 8 10 10 10 10 10 10 8 10 10 8 8 2 10 10 10 8 8 10 10 10 10 10 10 10
left_child=6 2 5 4 -4 21 10 8 -8 -9 14 13 -7 -12 19 -16 24 20 -19 -1 -18 -2 -11 -5 27 -26 -10 -3 -13
right_child=1 16 3 23 -6 12 7 9 26 22 11 28 -14 -15 15 -17 17 18 -20 -21 -22 -23 -24 -25 25 -27 -28 -29 -30
leaf_value=0.0037312406054828165 -0.0021750701627399676 5.3472265026000695e-06 -0.012852892477321924 0.0074008456922815711 -0.0041158067661243433 0.0084809563238314196 0.012875760109988917 -0.0095554531243553786 0.0041955350132132797 -0.0038468194144585998 0.0051248623270219043 -0.0058111119350283307 -0.00077413735277175792 0.0018627898864910786 -1.844644698623242e-05 0.00066746885420031655 0.00066000352437380863 -0.0027141962932372495 -0.00036182537955656014 -0.00067838434681257039 -0.0067894205205566091 0.00022140232654487425 0.00074070087546077674 -0.0014450538080534841 0.00099406457886518627 0.0058737993224131655 -0.0033276225413900735 -0.0048068638640590741 -0.0015410125588715229
leaf_weight=1760 1889 11376 413 205 2105 310 342 275 203 1221 1190 214 228 578 65153 41368 226 4260 16926 790 672 2028 351 239 2164 700 246 293 315
leaf_count=1760 1889 11376 413 205 2105 310 342 275 203 1221 1190 214 228 578 65153 41368 226 4260 16926 790 672 2028 351 239 2164 700 246 293 315
internal_value=7.58031e-06 -0.000818394 -0.00236425 -0.00525076 -0.00663676 -0.000443896 0.000326629 -0.00222736 0.00482071 -0.00524784 0.000387163 0.00319321 0.00541373 0.00531261 0.000328022 0.000273164 -0.000505161 -0.000996061 -0.000807948 0.0026178 -0.00542603 -0.00125013 -0.00378767 0.00260225 0.000240677 0.00170262 -0.000128889 -0.000118081 -0.00388302
internal_weight=158040 44034 7417 2962 2518 4455 114006 2638 791 1847 111368 2297 538 1768 109071 106521 36617 22084 21186 2550 898 3917 1572 444 14533 2864 449 11669 529
internal_count=158040 44034 7417 2962 2518 4455 114006 2638 791 1847 111368 2297 538 1768 109071 106521 36617 22084 21186 2550 898 3917 1572 444 14533 2864 449 11669 529
is_linear=0
shrinkage=0.02


Tree=6
num_leaves=28
num_cat=0
split_feature=21 6 46 6 5 41 53 46 70 59 53 53 44 42 60 29 31 68 69 46 44 42 47 29 26 44 60
split_gain=108.021 51.8786 76.8618 123.93 76.9793 60.6879 56.3048 47.1658 75.028 42.9865 42.8698 62.3545 39.9802 35.0583 30.8054 30.6627 34.8392 29.4042 29.0408 26.378 27.3147 21.8812 21.4056 16.4017 16.6835 13.6244 13.0459
threshold=0.034365520119617472 0.019798182724293744 0.034133762393146715 0.060421667068357159 0.022072080779426882 0.047384893400697077 0.024132713091028688 0.0071743218066912407 -0.86573739752490819 0.14636660799597689 0.016996572066686661 0.020054294547259193 -0.097151723298657608 0.047279301649295953 0.12845035500957966 2.5060404828833969 -0.067727208151861992 1.4376553431387582 -0.99166913937736834 0.0057201087159316133 0.061421842166587422 0.03108295675117401 -0.15327845528716069 5.4213321719258554 0.85258108050844517 0.040405949497475564 0.43123074948665302
decision_type=8 10 10 10 10 10 10 8 8 10 10 10 10 10 10 8 10 10 10 10 10 10 10 10 10 10 8
left_child=1 5 9 4 -4 6 13 18 10 -3 14 -12 -11 -1 -9 16 -10 -17 23 21 -21 -20 -5 24 -2 -25 -7
right_child=7 2 3 22 -6 26 -8 8 15 12 11 -13 -14 -15 -16 17 -18 -19 19 20 -22 -23 -24 25 -26 -27 -28
leaf_value=0.00020134770572124961 0.0033211429069463527 0.0093474855838259832 -0.0083249385120561931 0.0041811565399644153 -0.0022133862144550886 -0.0059728105582451917 -0.0063199777665457904 -0.0072759307327462342 0.004494767811103759 0.0056379615319787765 0.002959354572541355 -0.0057371247834666983 0.0016390394769602917 -0.0020120015940041751 -0.0023014713439337385 -0.0015510934873322595 -0.00014827627001175764 0.00065249367968527397 -0.00021460004923994845 0.00039095396473622763 0.0028078402856088159 -0.0047143657679682522 0.014780466394615532 -0.0070910564977580597 -0.0037231167372877485 -0.002199654076798287 -0.0018916211525317336
leaf_weight=87649 370 206 348 238 1815 293 397 1062 615 1060 629 615 19577 2197 954 17227 4161 2959 6910 4942 1709 381 241 350 354 546 202
leaf_count=87649 370 206 348 238 1815 293 397 1062 615 1060 629 615 19577 2197 954 17227 4161 2959 6910 4942 1709 381 241 350 354 546 202
internal_value=-2.13787e-05 0.000302371 0.00114017 -0.00207264 -0.00411183 8.5498e-05 0.000123864 -0.000866004 -0.00135344 0.00154759 -0.00420669 -0.00128353 0.00145644 0.000157134 -0.00600793 -0.000980571 0.000460121 -0.00132154 1.78629e-05 0.000312558 0.00122339 -0.000518102 0.00712083 -0.00251573 -0.000273103 -0.0043233 -0.00689113
internal_weight=158007 114223 23485 2642 2163 90738 90243 43784 28222 20843 3260 1244 20637 89846 2016 24962 4776 20186 15562 13942 6651 7291 479 1620 724 896 495
internal_count=158007 114223 23485 2642 2163 90738 90243 43784 28222 20843 3260 1244 20637 89846 2016 24962 4776 20186 15562 13942 6651 7291 479 1620 724 896 495
is_linear=0
shrinkage=0.02


Tree=7
num_leaves=28
num_cat=0
split_feature=23 13 46 5 57 46 44 46 58 44 46 45 45 46 42 22 52 43 42 14 16 53 23 57 8 28 72
split_gain=90.0361 42.8382 97.6556 71.0838 42.0124 103.212 48.8587 41.976 62.0181 50.9192 73.0597 33.9899 33.7821 48.7346 31.3144 29.7429 28.3683 34.1777 25.2969 25.1563 23.5479 23.2113 13.0477 12.9633 12.1838 10.7257 7.53716
threshold=0.037515529057833182 -0.27280421421896972 0.034133762393146715 0.023820186078215639 0.52426171136085464 0.016394563203530752 0.00083595413199644153 0.0071743218066912407 0.40168248604562712 -0.084893261369471937 0.0085617405860593989 0.018619044111080962 0.018619044111080962 0.011509024397268062 0.044644858356760693 -0.10200090442555486 0.58039968417326915 -0.0013371485254227709 0.034429965100681977 0.010489180055898275 -0.2839318843878687 0.013821985815533759 -0.055563210274443491 0.0085745007398149112 0.01682626955406092 -0.07687109986335787 0.67615362494174736
decision_type=8 8 10 10 10 10 10 8 8 10 10 10 10 10 10 10 2 10 10 10 10 10 10 10 10 10 10
left_child=1 12 4 25 6 -6 -3 14 9 11 -11 -9 13 23 18 -5 21 -18 19 -2 26 -10 -22 -1 -15 -4 -14
right_child=7 2 3 15 5 -7 -8 8 16 10 -12 -13 20 24 -16 -17 17 -19 -20 -21 22 -23 -24 -25 -26 -27 -28
leaf_value=0.0084581565230048318 -0.0018239186523301338 0.0010772589622541119 -0.0049898782488390419 0.0039046970019477197 0.00058560996290282503 0.0071491708268848209 -0.00028777634376346805 -0.007597919576585903 -0.0010366562475360118 -0.0035756331618378538 -0.00058199233318189303 -0.0021325618013094045 0.0067489873051319879 0.0083146804912206922 0.0061201012362338157 -0.0028685458407069109 -0.0050578896606378607 -0.0009636284657837897 -0.0065839340005436576 0.00046345175109838849 -0.0048216502100650038 0.0011860839557753435 0.0012929324185051716 -0.0015174622036527225 0.016933904366213406 -0.010903504323495128 0.00059164112015204365
leaf_weight=212 2744 13396 206 226 44281 741 54943 776 2664 2426 5193 557 213 278 313 1123 837 9767 295 11004 323 4332 203 339 299 212 246
leaf_count=212 2744 13396 206 226 44281 741 54943 776 2664 2426 5193 557 213 278 313 1123 837 9767 295 11004 323 4332 203 339 299 212 246
internal_value=-1.04837e-05 0.000271387 0.000219562 -0.00444457 0.00029232 0.000766675 -2.01639e-05 -0.000818353 -0.00128942 -0.0026447 -0.00201286 -0.00625037 0.00309272 0.00545438 5.27965e-05 -0.00220593 -0.000599852 -0.00125205 -8.67274e-05 3.76755e-05 0.000383367 0.000388452 -0.00250095 0.00119203 0.00951211 -0.011642 0.0036913
internal_weight=158149 117241 115128 1767 113361 45022 68339 40908 26552 8952 7619 1333 2113 1128 14356 1349 17600 10604 14043 13748 985 6996 526 551 577 418 459
internal_count=158149 117241 115128 1767 113361 45022 68339 40908 26552 8952 7619 1333 2113 1128 14356 1349 17600 10604 14043 13748 985 6996 526 551 577 418 459
is_linear=0
shrinkage=0.02


Tree=8
num_leaves=24
num_cat=0
split_feature=21 46 9 7 46 70 46 53 53 28 32 52 52 42 54 56 10 42 42 75 46 57 28
split_gain=90.9099 48.0136 116.548 73.1339 36.2054 56.4545 41.6727 50.4244 46.9468 35.7654 44.3986 36.9464 33.2078 32.5726 29.0906 28.3112 25.0904 24.5511 20.9096 20.2246 20.2041 19.3992 8.64301
threshold=0.038691778838670483 0.034948848981301156 1.7740834498376821 0.012798435258363265 0.0071743218066912407 -0.21706629662203134 0.0085617405860593989 0.015749394831879721 0.015232817652768392 -0.18927570488030879 0.26586613746216742 0.88789462569950384 0.68986766234201624 0.044644858356760693 0.45985602927661379 0.92099640125955917 1.4287262829129446 0.046078953100272775 0.034429965100681977 -0.78083903229555418 0.0044955487679037938 0.1484626119839734 -0.069282364915508807
decision_type=8 10 10 10 8 8 10 10 10 8 10 2 2 10 10 10 10 10 10 10 10 10 10
left_child=1 9 3 22 13 6 7 -6 -8 17 11 -11 16 18 -14 -12 -7 20 21 -5 -1 -2 -3
right_child=4 2 -4 19 5 12 8 -9 -10 10 15 -13 14 -15 -16 -17 -18 -19 -20 -21 -22 -23 -24
leaf_value=-0.0043707447003414864 -0.0024190117182892649 -0.0048505887686116789 0.0098368048759148313 0.0021372733211331742 -0.0037836919201806752 -0.00011497699049341372 0.00089855638056991196 0.0026461670281862416 -0.0022719540830713832 0.00011651536741379612 0.0061393908490468274 0.0022238409874337818 -0.005261632686291969 0.0063461698575787186 -0.0010752099601743629 0.0019653320061542453 0.0036149604700049277 0.0098598621756462237 -0.0058434521250105469 -0.0029186508876343133 0.0022037579806859155 0.00026204054767863048 -0.010899225273670292
leaf_weight=319 1599 201 355 302 2808 7063 2158 386 5474 102642 985 3014 1121 314 5630 1393 1387 227 315 1309 6743 11998 226
leaf_count=319 1599 201 355 302 2808 7063 2158 386 5474 102642 985 3014 1121 314 5630 1393 1387 227 315 1309 6743 11998 226
internal_value=-7.71032e-06 0.000272841 -0.00253049 -0.00437371 -0.000828191 -0.00127163 -0.00237536 -0.00429358 -0.00157186 0.00033105 0.000239533 0.000178672 -0.000485331 -1.67288e-05 -0.0015311 0.00294157 0.000350018 0.00168697 -0.000160857 -0.00241811 0.00147784 -4.25063e-05 -0.0117243
internal_weight=157969 117716 2393 2038 40253 26027 10826 3194 7632 115323 108034 105656 15201 14226 6751 2378 8450 7289 13912 1611 7062 13597 427
internal_count=157969 117716 2393 2038 40253 26027 10826 3194 7632 115323 108034 105656 15201 14226 6751 2378 8450 7289 13912 1611 7062 13597 427
is_linear=0
shrinkage=0.02


Tree=9
num_leaves=25
num_cat=0
split_feature=23 32 58 44 6 53 7 6 45 45 44 69 53 40 43 44 14 44 7 36 48 44 30 26
split_gain=72.6114 43.6537 42.9603 57.7413 40.2974 60.9127 73.7344 40.5503 37.706 48.8364 36.614 59.3764 41.189 39.0843 35.9185 49.4654 35.909 33.7462 35.5231 28.4258 22.7053 22.1592 13.9571 13.8819
threshold=0.05653184541981527 0.23307934719532422 0.51214594807238412 -0.084893261369471937 0.070717915228013475 0.024132713091028688 0.013806450344919265 0.020860053698785835 0.018619044111080962 0.013589480861442687 0.074697369416932738 -0.7396551123910079 0.019611754375943254 0.00077102910511781778 -0.057004896860813108 -0.047785137046568109 -0.22074147548304754 0.10410270243662935 0.0080965425548489602 -0.22243012356279873 -0.0028242166326248315 -0.062776966930190012 0.50650212090411306 0.94984225701986114
decision_type=8 10 8 10 10 10 10 10 10 10 8 8 10 10 10 10 8 10 10 8 10 10 10 10
left_child=1 4 3 8 5 7 -7 -1 9 -2 19 12 -12 -13 21 -16 -3 22 -19 -4 -21 -5 -18 -10
right_child=2 16 10 14 -6 6 -8 -9 23 -11 11 13 -14 -15 15 -17 17 18 -20 20 -22 -23 -24 -25
leaf_value=3.6200700825412527e-05 -0.0027642077759390928 -0.0068675286877626016 0.013523113443793342 0.0066726345667517516 0.01665148268590121 -0.0050482402254814138 -0.00053595991538123438 0.0013805209782661576 0.00033851478536559606 -0.011833533087687829 -0.0043445710965192624 -0.0017015050768641633 -0.01997302038283574 0.005363720865193598 -0.0078424596790701798 -0.0012297893434113898 -0.0018610650668806816 0.00070846560809964966 0.0076261707651271021 -0.00043833341050105113 0.0015517282076671951 -0.00024939400467142352 0.0019368885752799559 -0.0053201294194426471
leaf_weight=105786 278 256 209 234 265 1318 2947 15922 294 334 344 4876 205 342 351 7135 527 527 1135 8853 3396 284 2000 242
leaf_count=105786 278 256 209 234 265 1318 2947 15922 294 334 344 4876 205 342 351 7135 527 527 1135 8853 3396 284 2000 242
internal_value=-1.66898e-05 0.000179502 -0.000953247 -0.00207123 0.000110885 9.44481e-05 -0.00225457 0.000176799 -0.00626458 -0.00965416 -0.000391638 -0.00170908 -0.00796 -0.00104963 -0.00146883 -0.00182156 0.00212731 0.00257232 0.00478533 0.000218156 9.2898e-05 0.0036185 0.00111472 -0.00237989
internal_weight=158060 130683 27377 9152 126238 125973 4265 121708 1148 612 18225 5767 549 5218 8004 7486 4445 4189 1662 12458 12249 518 2527 536
internal_count=158060 130683 27377 9152 126238 125973 4265 121708 1148 612 18225 5767 549 5218 8004 7486 4445 4189 1662 12458 12249 518 2527 536
is_linear=0
shrinkage=0.02


Tree=10
num_leaves=28
num_cat=0
split_feature=23 46 58 44 46 45 46 69 6 45 7 53 50 59 53 27 50 50 27 6 44 70 34 50 6 65 28
split_gain=85.1845 43.6573 63.5121 42.2539 63.4356 53.9403 39.8417 114.251 73.3553 67.2727 64.9574 57.6487 75.7278 36.7492 32.9735 27.3043 27.237 24.5763 22.8998 20.9347 18.1965 46.9922 17.5084 15.5767 12.4957 10.5352 10.2962
threshold=0.036060681407912083 0.0071743218066912407 0.37765976711758215 -0.084893261369471937 0.0090042252663953045 0.018619044111080962 0.034133762393146715 -0.58318220757728889 0.020576492669561474 0.022730855217487033 0.012798435258363265 0.024132713091028688 0.050985020605297311 0.15822142912162687 0.017456738612436771 -0.033898276715701774 0.092433492158557021 0.050985020605297311 -0.12680720866172582 0.017160956512109145 0.064480487896289365 -0.92083888346696663 0.007080204162925507 0.039439047777695919 0.054967886072152423 0.87090053763440867 -0.066390785347726952
decision_type=8 8 8 8 10 10 10 10 10 10 10 10 10 10 10 8 10 10 8 8 10 8 10 10 10 10 10
left_child=6 14 3 5 -5 -3 8 9 11 -8 26 12 -1 -10 20 18 -17 -15 -4 -13 23 -22 -11 -2 -12 -16 -9
right_child=1 2 15 4 -6 -7 7 10 13 22 24 19 -14 17 25 16 -18 -19 -20 -21 21 -23 -24 -25 -26 -27 -28
leaf_value=3.9877530942013816e-05 -0.00061984640063753981 -0.0097621899227817253 -0.005862829226417148 -0.0030207725046541723 -0.00063053881754522676 -0.0016915849117598864 0.01120313795400971 -0.0054894095048837908 0.0082166769083717173 -0.0068086852270474478 -0.0026378224764778795 -0.0085624453750687262 0.0022220253240082927 0.0022846654497500527 0.0026292369544209334 -0.00090354294890605986 -0.0074921886322988213 -0.00064092325564421712 0.001535328941290564 -0.0026960525957914262 0.0056113556649495487 0.00069372555003804545 0.0021779096459749073 0.0031884617401820086 0.0020980732432323637 0.0081231147689608957 -0.010738010810716814
leaf_weight=90466 9802 493 339 2981 4784 532 323 204 212 201 1248 239 3918 15801 304 14246 230 2647 3602 204 248 3951 248 384 214 202 217
leaf_count=90466 9802 493 339 2981 4784 532 323 204 212 201 1248 239 3918 15801 304 14246 230 2647 3602 204 248 3951 248 384 214 202 217
internal_value=1.16152e-05 -0.000759115 -0.00123559 -0.00263429 -0.00212954 -0.00645029 0.000291003 -0.00213027 0.000347684 0.00434411 -0.00478662 0.000122095 0.000155936 0.00149392 0.000111335 -0.000567814 -0.000969676 0.00139834 0.000907661 -0.00706757 -6.52023e-05 0.00104238 -0.000662222 -0.000522038 -0.00278742 0.00512426 -0.0117014
internal_weight=158240 42098 27207 8790 7765 1025 116142 2655 113487 772 1883 94827 94384 18660 14891 18417 14476 18448 3941 443 14385 4199 449 10186 1462 506 421
internal_count=158240 42098 27207 8790 7765 1025 116142 2655 113487 772 1883 94827 94384 18660 14891 18417 14476 18448 3941 443 14385 4199 449 10186 1462 506 421
is_linear=0
shrinkage=0.02


Tree=11
num_leaves=26
num_cat=0
split_feature=21 6 50 41 10 54 71 5 44 47 44 69 52 70 44 54 54 42 44 13 54 20 52 6 10
split_gain=86.2704 40.049 71.4716 50.9051 50.792 60.9432 59.187 56.7007 50.2052 50.0005 37.3188 59.4013 35.6558 32.7038 83.493 57.4743 40.6276 30.3879 29.7733 29.3271 45.0523 29.2596 28.0597 23.5872 17.3996
threshold=0.033678663020144557 0.019798182724293744 0.050985020605297311 0.047384893400697077 1.1223004114194153 0.77040259723844406 -0.8158354079276523 0.021530178930378258 0.12426041513643817 -1.0000000180025095e-35 0.15576978428121704 -0.4960595530519899 0.23099646237003255 -1.012802794240945 0.077141766390349323 0.57574027341050227 0.66004857915868043 -0.018144296797852785 0.066036221105635909 -0.30076636353637742 0.71600631152671512 0.014087016471018067 0.60896649527140501 0.016859709817031231 0.76869598458935473
decision_type=8 8 10 10 8 10 10 10 10 10 10 8 2 8 10 8 10 10 10 8 10 10 2 10 10
left_child=1 2 3 8 5 6 -3 -7 -1 23 12 -12 -6 14 15 17 -17 -2 -11 -15 22 -22 -21 -4 -5
right_child=13 4 9 24 10 7 -8 -9 -10 18 11 -13 -14 19 -16 16 -18 -19 -20 20 21 -23 -24 -25 -26
leaf_value=3.8010721106514111e-05 -0.0034652526074490809 0.0088449353687902587 0.0045680925168076888 -0.0068139883424012879 -0.00031989163242785362 -0.0082506244100578347 0.00025096403900355598 -0.0020998012163244381 -0.0029347445933968477 -0.0026656201487758814 -0.0080787289744424715 0.0025127999302005134 0.0028961099355632332 0.013336888007890107 0.0044431761805203132 -0.0083886538482134572 -0.0011832644260188431 0.00058711922767666776 0.0017903154014790818 6.2959076005888396e-05 -0.00036938570976047317 -0.005003508182768227 -0.00097671490216037814 0.0021779039838009367 -0.0019737321073622425
leaf_weight=81502 312 223 768 202 2822 277 6866 1372 1786 584 462 501 13514 233 358 739 312 760 1942 16286 597 991 24117 431 278
leaf_count=81502 312 223 768 202 2822 277 6866 1372 1786 584 462 501 13514 233 358 739 312 760 1942 16286 597 991 24117 431 278
internal_value=-4.53626e-05 0.000247668 4.27229e-05 -7.78092e-05 0.000936247 -0.000306442 0.000499013 -0.00376848 -4.03174e-05 0.00275309 0.00156405 -0.00225934 0.00178968 -0.000789558 -0.00302095 -0.00452825 -0.00784981 -0.00126561 0.00115473 -0.00065833 -0.000697704 -0.00400126 -0.000567716 0.006115 -0.00656549
internal_weight=158235 113530 87493 83768 26037 8738 7089 1649 83288 3725 17299 963 16336 44705 2481 2123 1051 1072 2526 42224 41991 1588 40403 1199 480
internal_count=158235 113530 87493 83768 26037 8738 7089 1649 83288 3725 17299 963 16336 44705 2481 2123 1051 1072 2526 42224 41991 1588 40403 1199 480
is_linear=0
shrinkage=0.02


Tree=12
num_leaves=25
num_cat=0
split_feature=23 4 53 44 5 69 70 44 47 41 50 6 50 44 52 6 6 42 5 24 48 20 37 19
split_gain=81.2004 47.5683 73.2015 66.7053 100.608 68.4027 44.1018 46.9124 49.3181 75.2315 39.6715 34.8431 85.4274 31.6377 46.4376 30.1086 27.3472 26.7436 26.4855 22.9241 19.448 12.5431 10.4016 9.07176
threshold=0.05653184541981527 -0.25000552441017354 0.024132713091028688 0.16428337884866476 0.021879524843454675 0.14123012404734087 -0.42915190061046432 -0.084893261369471937 -0.09501233209652786 -0.012817826760980975 0.056259169679818484 0.019798182724293744 0.050985020605297311 0.081187245259363064 0.87837381916329293 0.024013952364725054 0.060421667068357159 0.01972995097343189 0.045205033365411589 -0.97524116795853011 -0.0029794367717161925 0.01319241963275042 0.18782298453724658 -0.45468517476970488
decision_type=8 8 10 10 10 8 8 10 10 10 10 10 10 10 2 8 10 10 10 10 10 10 10 8
left_child=1 10 11 4 -4 -5 7 15 -9 -10 19 12 -3 16 18 -2 20 -13 -15 23 -8 -17 -21 -1
right_child=6 2 3 5 -6 -7 13 8 9 -11 -12 17 -14 14 -16 21 -18 -19 -20 22 -22 -23 -24 -25
leaf_value=0.00048685183367834023 -0.010272548775475459 -5.2985999223688494e-05 -0.0074286846700591866 -0.0027702422049482489 -0.0014676611157781222 0.010431533488250299 -0.00075948650890276712 0.0080402094690001577 -0.0054245978916540984 -0.00085268146820819454 0.01102664469587211 0.0017810651025902263 0.0023092538779313026 -0.0012752563341958914 -0.010594964265278449 4.7609737273273253e-05 0.0068670920142737957 -0.00020238693264013088 -0.01403106832337854 0.0019369747237163073 0.00091851281741791723 -0.004600762241206314 0.0055122853960738773 -0.0057710201658728779
leaf_weight=205 366 99493 768 224 2080 240 12460 207 1079 4349 310 15052 4085 3279 279 201 354 6161 225 1431 4180 330 584 214
leaf_count=205 366 99493 768 224 2080 240 12460 207 1079 4349 310 15052 4085 3279 279 201 354 6161 225 1431 4180 330 584 214
internal_value=-2.95782e-05 0.000177443 0.000121604 -0.00281256 -0.00395858 0.00421075 -0.00102153 -0.00245492 -0.0017775 -0.00214367 0.00278251 0.000199516 4.8253e-05 -0.0005707 -0.00222463 -0.00670156 -0.000202295 0.000937965 -0.00159715 0.00192115 -0.000319572 -0.00364286 0.00280655 -0.00232857
internal_weight=158156 130847 128103 3312 2848 464 27309 6532 5635 5428 2744 124791 103578 20777 3783 897 16994 21213 3504 2434 16640 531 2015 419
internal_count=158156 130847 128103 3312 2848 464 27309 6532 5635 5428 2744 124791 103578 20777 3783 897 16994 21213 3504 2434 16640 531 2015 419
is_linear=0
shrinkage=0.02


Tree=13
num_leaves=29
num_cat=0
split_feature=21 4 46 5 54 14 53 59 54 10 52 44 57 53 44 10 7 53 45 46 42 48 44 22 46 65 28 59
split_gain=63.8707 41.0323 85.2877 68.4034 40.8371 62.5828 36.7429 36.406 50.3833 57.1513 35.6901 30.5276 41.3217 43.7811 30.9636 29.8903 29.592 31.981 26.7941 44.5397 25.1865 24.7012 21.6956 20.1728 16.4338 15.8362 10.703 10.4315
threshold=0.059346082682885 -0.27280421421896972 0.034133762393146715 0.024599482418494127 0.68686325633828671 -0.084004201081990401 0.020765563179641202 0.31005263488249063 0.57253979244754216 0.44321792592486303 0.63626692456479705 0.083204900209581836 0.18796074826410583 0.019611754375943254 0.12547988852472428 1.1727483403575811 0.015505760078654134 0.019586952087893923 0.011071390549612202 0.0071574745760132038 -0.015890011651909727 -0.069558997314310964 -0.075688170239417693 -0.18161853364771993 0.034948848981301156 0.012806844896397137 -0.094066610535698522 0.7924919752603149
decision_type=10 8 10 10 10 8 10 10 10 8 2 10 8 10 10 8 10 10 10 8 10 10 8 10 10 10 8 10
left_child=1 10 4 26 6 -6 -3 8 18 -10 24 16 13 -13 -14 -5 17 -9 19 -2 -20 -12 -11 -18 25 -1 -4 -26
right_child=7 2 3 15 5 -7 -8 11 9 22 21 12 14 -15 -16 -17 23 -19 20 -21 -22 -23 -24 -25 27 -27 -28 -29
leaf_value=-0.002873473860822593 0.0010001447497748799 0.0001929636572187702 -0.0031424861779341638 -0.0026882706738863009 -0.00079880387975588549 0.0035254244083243198 -0.0019088943640721901 -0.00012538663265736184 -0.011206394711225361 -0.0061679722614223281 0.013840266726877307 -0.0031517765302759714 -0.0028917685076133332 -0.019330138172029148 0.0020999504172158835 0.0024280349661165951 0.014542861894981121 -0.0031817237105314306 -0.0014579079607694135 -0.0031627871622353977 0.0059451214102168564 0.0047206711124416333 -0.0014648651053636487 0.0019478936621576104 -0.0042556417019063673 0.0044707194106533158 -0.0093356185628099865 0.00055087583929343102
leaf_weight=200 1059 122343 203 1040 1677 2849 2610 12948 376 476 280 263 2397 211 886 461 201 1245 209 1292 451 223 1211 1314 267 1013 313 214
leaf_count=200 1059 122343 203 1040 1677 2849 2610 12948 376 476 280 263 2397 211 886 461 201 1245 209 1292 451 223 1211 1314 267 1013 313 214
internal_value=1.94523e-05 0.000191617 0.0001463 -0.0039336 0.000209901 0.00207599 0.000142276 -0.000918419 -0.00242719 -0.0048343 0.00290173 -0.000524915 -0.00214423 -0.00765895 -0.00134531 -0.00176964 -0.000137373 -0.000421164 -0.000776228 -0.00177636 0.00278064 0.0075754 -0.00325711 0.00251847 0.00150914 0.00274959 -0.0102089 -0.00161411
internal_weight=158232 133693 131496 2017 129479 4526 124953 24539 5074 2063 2197 19465 3757 474 3283 1501 15708 14193 3011 2351 660 503 1687 1515 1694 1213 516 481
internal_count=158232 133693 131496 2017 129479 4526 124953 24539 5074 2063 2197 19465 3757 474 3283 1501 15708 14193 3011 2351 660 503 1687 1515 1694 1213 516 481
is_linear=0
shrinkage=0.02


Tree=14
num_leaves=23
num_cat=0
split_feature=21 53 48 46 6 6 50 46 53 5 7 44 42 54 59 47 20 68 69 50 70 45
split_gain=70.8882 40.7382 40.2237 39.3279 92.6496 55.4492 44.3577 55.4404 54.1604 39.7479 37.0749 56.1904 36.8759 35.6843 34.2483 31.9111 28.5924 24.6891 25.15 23.9889 21.8087 10.979
threshold=0.025427861892701745 0.020109398955297661 -0.13097370721215904 0.034948848981301156 0.054967886072152423 0.020723423792448833 0.050985020605297311 0.0097516897359892756 0.024132713091028688 0.023820186078215639 0.0079576352345926502 0.085219017604033179 -0.061221554084063039 0.62685471620540212 0.15822142912162687 -0.15327845528716069 -0.038418785051624431 -1.0190389790906051 -0.8621687752277436 0.050985020605297311 -0.69790221855111656 0.017590658580120936
decision_type=8 10 8 10 8 10 10 10 10 10 10 10 8 10 10 10 8 8 8 10 10 10
left_child=3 2 -2 5 9 6 7 -1 -8 -5 11 13 20 -3 -7 -6 -14 -12 -19 -16 -4 -11
right_child=1 10 12 4 15 14 8 -9 -10 21 17 -13 16 -15 19 -17 -18 18 -20 -21 -22 -23
leaf_value=0.00029290654917191373 -0.0069206173543988562 -0.0041487555966406705 0.0085217950638695212 -0.0063849709264213452 -0.00088199246654731668 0.0083168751788701475 0.0023553213386033394 -0.00084100934576016181 -0.005685704363352093 0.00062251068724402639 0.0087755950971347939 0.0023043619817485206 0.003475675800264531 -0.009152165721461587 0.0020962867668808133 0.0078125341124226973 -0.00050991255081577033 -0.0097537019273698476 -0.0014074315764450725 -0.00078358848750231097 0.0021512261919101384 -0.0035291692809813059
leaf_weight=66825 347 432 201 391 293 212 3497 15607 272 211 207 274 1119 313 14644 344 45462 369 3400 2339 595 970
leaf_count=66825 347 432 201 391 293 212 3497 15607 272 211 207 274 1119 313 14644 344 45462 369 3400 2339 595 970
internal_value=1.5904e-05 -0.000583042 -0.000403101 0.000314925 -0.00232489 0.000371365 0.000164474 6.74245e-05 0.00228594 -0.00493198 -0.00230144 -0.00570392 -0.000353286 -0.0085496 0.00140835 0.00410345 -0.000426302 -0.00142771 -0.00179788 0.00130817 0.00391217 -0.00309475
internal_weight=158324 52719 47724 105605 2209 103396 86201 82432 3769 1572 4995 1019 47377 745 17195 637 46581 3976 3769 16983 796 1181
internal_count=158324 52719 47724 105605 2209 103396 86201 82432 3769 1572 4995 1019 47377 745 17195 637 46581 3976 3769 16983 796 1181
is_linear=0
shrinkage=0.02


Tree=15
num_leaves=28
num_cat=0
split_feature=21 46 9 5 6 41 50 70 52 54 10 44 14 50 36 41 54 52 46 49 50 6 46 32 41 36 28
split_gain=63.3724 39.4721 122.762 70.4832 64.8622 52.4082 41.3217 39.1896 45.2234 42.9413 58.6298 38.4782 38.3751 33.1917 33.1528 31.9625 29.5311 29.053 32.5788 31.6095 27.595 26.9962 26.3915 17.0682 13.8141 13.8366 10.1474
threshold=0.06158137432261946 0.034133762393146715 1.7740834498376821 0.023820186078215639 0.021007743477873236 0.047384893400697077 0.060614384894817637 -0.18949031994468327 0.67781798799304283 0.57253979244754216 0.48440907435517905 0.074182810012022551 -0.13953538867222884 0.02923174239088944 -0.19641039704367688 0.047384893400697077 0.58971500056162751 0.60896649527140501 0.0078665738142540773 -0.016455705772573045 0.05154140508411665 0.016791795962737374 0.0085617405860593989 0.056107930652610334 -0.037459681943527494 -0.1386437133453482 -0.076092651091714023
decision_type=10 10 10 10 10 10 10 10 2 8 8 8 8 10 10 10 10 2 10 10 10 8 8 10 10 8 8
left_child=1 4 3 26 5 6 -1 9 24 17 16 13 -13 -10 -5 20 -11 19 -19 -2 -6 -7 -12 -17 -9 -26 -3
right_child=7 2 -4 14 15 21 -8 8 11 10 22 12 -14 -15 -16 23 -18 18 -20 -21 -22 -23 -24 -25 25 -27 -28
leaf_value=1.1875951845426864e-06 -0.0017357284312348421 -0.0040378424911198425 0.010267564085514809 0.0070579045827692368 0.0018358545359210465 -0.0057641617883099003 0.0023396636869283415 0.0050354162283993325 -0.0026614098206041224 -0.017327720085821442 -0.0052944914449019774 -0.013303912263052093 -0.0026009078803500086 0.0012520349560718805 -0.0023899771843898443 0.0027244025670095109 -0.0056898144900630618 -0.00019176520380205126 -0.003552398251566623 0.0023856715532927591 -0.0011594372122582775 -0.00061321886324936892 -0.0018297940185673003 0.011426192043443797 0.0079813989605595267 0.00043280838420218181 -0.0091708411501090197
leaf_weight=109395 768 227 397 226 17130 355 1823 342 1904 220 401 335 2708 2967 1808 268 255 1363 1181 1438 2188 262 2357 245 251 6827 274
leaf_count=109395 768 227 397 226 17130 355 1823 342 1904 220 401 335 2708 2967 1808 268 255 1363 1181 1438 2188 262 2357 245 251 6827 274
internal_value=-1.25256e-05 0.000154221 -0.00214047 -0.00376104 0.000205351 1.84019e-05 5.06928e-05 -0.000975127 -0.000383306 -0.00211147 -0.0038893 -0.001435 -0.00319908 -0.000332102 -0.00210221 0.00125948 -0.0103739 -0.000900442 -0.00235678 0.000778432 0.00112832 -0.00578964 -0.00276839 0.00618288 0.000738175 0.000547817 -0.0104741
internal_weight=157915 134598 2932 2535 131666 111835 111218 23317 15334 7983 3233 7914 3043 4871 2034 19831 475 4750 2544 2206 19318 617 2758 513 7420 7078 501
internal_count=157915 134598 2932 2535 131666 111835 111218 23317 15334 7983 3233 7914 3043 4871 2034 19831 475 4750 2544 2206 19318 617 2758 513 7420 7078 501
is_linear=0
shrinkage=0.02


Tree=16
num_leaves=26
num_cat=0
split_feature=23 44 5 48 63 42 31 57 54 75 9 49 43 32 17 44 10 59 72 26 17 51 0 53 48
split_gain=72.0902 33.2305 77.9288 40.9976 39.5353 39.1003 30.0293 29.6763 27.3369 34.7572 26.2347 27.9047 24.1187 32.9661 23.2432 20.1715 17.0877 16.7132 15.2793 15.2125 14.29 11.3528 10.1998 11.2957 8.64369
threshold=0.037515529057833182 -0.084893261369471937 0.026966952827073527 -0.10159605945532339 0.78903809450449769 -0.061221554084063039 -0.050239777334751039 0.97870072131742514 0.71600631152671512 0.39263328887232218 -0.34212968508068548 0.0091919111238235613 0.11649656762068185 -0.22414548643421614 1.3362598135161978 -0.071789722944358633 0.17317571116680322 0.83575921322814228 -1.5319243949015666 0.91783007669485983 -0.065928523973866407 0.07738868974934679 0.011396202023184922 0.014559209588940875 -0.0032229190876649767
decision_type=8 8 10 10 10 8 10 10 10 10 10 10 10 8 2 8 8 8 8 10 2 2 10 10 10
left_child=7 2 3 4 -2 20 17 10 15 -10 11 18 13 -12 -14 -7 -13 -4 -1 -8 21 -3 23 24 -9
right_child=1 5 6 -5 -6 8 19 22 9 -11 12 16 14 -15 -16 -17 -18 -19 -20 -21 -22 -23 -24 -25 -26
leaf_value=-0.0047074442048346092 -0.0029406306117118241 0.004622166129930683 0.00050020416030402415 -0.00037492107839926967 -0.010839712145730823 0.0029874728946980528 0.00015520970041276886 0.00098023942843591212 0.0028012775256967366 -0.0059750564968824027 0.0050850099249167922 0.0055084072933561422 -0.0045301109317523337 0.00013774534456185335 0.0010316552630531696 -0.00067975824463175987 0.0018195216156873168 0.0092207503465210824 0.001343866549014262 -0.0054830315275348016 0.009396986263778417 -0.00083512481784055355 0.00028488843805961578 0.0087279834206165276 0.0070664073546572483
leaf_weight=269 253 234 435 235 453 481 266 353 204 498 1055 609 498 111634 257 36977 932 234 481 339 217 241 298 335 220
leaf_count=269 253 234 435 235 453 481 266 353 204 498 1055 609 498 111634 257 36977 932 234 481 339 217 241 298 335 220
internal_value=-2.75807e-05 -0.000748466 -0.00313087 -0.00749257 -0.00989816 -0.000612514 9.2549e-05 0.000225565 -0.000698043 -0.00460597 0.000193008 0.00231152 0.000150187 0.000174088 -0.00341005 -0.00062463 0.00385084 0.00301194 -0.000849534 -0.00313201 0.00409524 0.00213866 0.00334548 0.00439824 0.00267944
internal_weight=158008 41067 2215 941 706 38852 1274 116941 38160 702 115735 2291 113444 112689 755 37458 1541 669 750 605 692 475 1206 908 573
internal_count=158008 41067 2215 941 706 38852 1274 116941 38160 702 115735 2291 113444 112689 755 37458 1541 669 750 605 692 475 1206 908 573
is_linear=0
shrinkage=0.02


Tree=17
num_leaves=27
num_cat=0
split_feature=23 53 6 45 70 6 53 50 72 6 45 53 63 69 5 47 1 48 22 14 47 6 60 22 51 65
split_gain=82.7671 34.067 41.0565 47.4053 40.2404 33.8142 50.7258 74.4814 49.7707 50.9357 40.6241 47.894 38.6271 33.2876 30.7249 30.3682 29.651 34.0466 29.2076 34.9011 25.698 24.6753 24.5457 21.2403 11.0603 4.80931
threshold=0.037515529057833182 0.020109398955297661 0.018510755481824515 0.013277514541601062 -1.2871976791609976 0.019798182724293744 0.021694370836547013 0.050985020605297311 0.37252804675420542 0.035539652476200896 0.017937732423117535 0.019858296365560999 0.2484008237973786 -0.12412475664078047 0.0085609178060786131 -1.0000000180025095e-35 -0.061358079137361736 -0.13097370721215904 -0.21072266585862801 -0.2679573375709432 -0.075200782978697076 0.014693879811465435 0.22419017763845353 -0.021663325961042364 0.44665125402830325 0.89390847247990113
decision_type=8 10 8 10 8 8 10 8 10 10 10 10 10 10 10 10 8 8 10 8 10 10 10 10 2 10
left_child=5 4 3 22 24 6 7 13 9 14 11 -10 -11 -1 -7 -9 25 -18 -4 -20 -12 -8 -3 -23 -2 -6
right_child=1 2 18 -5 16 8 21 15 10 12 20 -13 -14 -15 -16 -17 17 -19 19 -21 -22 23 -24 -25 -26 -27
leaf_value=-0.00029130773155734902 -0.0084992507371688918 0.0012830757614506619 0.010232165543382427 -0.00871684254137064 0.0032422274624340944 0.0043008217149173291 -0.0057285524891447226 0.0038467455770379295 0.002300550841837736 0.0015684459603040582 -0.00014161181422458794 0.0058341893207421013 -0.0033757959233211309 0.00039134215536459237 0.00048331225200640794 0.0013373475272410601 -0.005824924287962073 -0.00048828388246883049 -0.012312240313603855 -0.0012370165532451867 -0.005951246995136327 0.00064565065214812088 -0.0043012157704863134 -0.0053448173766329123 -0.0022908846487419395 0.0080957189305388162
leaf_weight=45811 205 222 203 326 280 520 200 1202 10969 700 1030 1515 1710 40258 10033 2351 236 35241 227 3029 294 281 438 335 221 206
leaf_count=45811 205 222 203 326 280 520 200 1202 10969 700 1030 1515 1710 40258 10033 2351 236 35241 227 3029 294 281 438 335 221 206
internal_value=3.09914e-05 -0.00074441 -0.00239721 -0.00599595 -0.000542402 0.000301152 0.000116299 0.000161543 0.000925519 3.53286e-05 0.00176103 0.00211438 -0.00258731 4.43592e-05 0.000634641 0.00299887 -0.000469859 -0.000537178 -0.00136936 -0.00182929 -0.0015683 -0.00484455 -0.00290166 -0.00284927 -0.00664637 0.00443121
internal_weight=158043 40834 4445 986 36389 117209 90438 89622 26771 12963 13808 12484 2410 86069 10553 3553 35963 35477 3459 3256 1324 816 660 616 426 486
internal_count=158043 40834 4445 986 36389 117209 90438 89622 26771 12963 13808 12484 2410 86069 10553 3553 35963 35477 3459 3256 1324 816 660 616 426 486
is_linear=0
shrinkage=0.02


Tree=18
num_leaves=26
num_cat=0
split_feature=23 58 54 54 6 41 44 44 50 10 32 6 54 7 6 14 44 6 32 50 54 9 48 42 8
split_gain=71.5524 41.9574 54.8301 58.4844 36.5359 42.8424 33.7015 33.0833 41.7333 31.4814 30.2621 36.3901 50.9723 85.6979 33.0606 28.1969 42.1084 27.0978 24.5182 23.4813 22.8785 22.3785 19.6702 9.05236 8.11212
threshold=0.05653184541981527 0.29837050311960711 0.57253979244754216 0.58346599610030381 0.013683845457992344 0.020072361840640988 -0.075688170239417693 0.083204900209581836 0.050054279841937339 0.64158941880196296 0.26586613746216742 0.060421667068357159 0.77040259723844406 0.012798435258363265 0.019798182724293744 -0.22074147548304754 0.1062109515439026 0.060421667068357159 0.18867131047139427 0.056053115292138085 0.51042087342324793 1.8911023111255794 -1.0000000180025095e-35 0.02663964615849557 0.007854278500617597
decision_type=8 8 8 10 10 10 10 10 10 8 10 10 10 10 10 10 10 10 10 10 10 8 10 10 10
left_child=10 2 4 9 5 -2 -5 17 18 -4 11 12 14 -14 -1 -12 23 22 -9 -13 -18 -10 -3 -17 -6
right_child=1 7 3 6 24 -7 -8 8 21 -11 15 19 13 -15 -16 16 20 -19 -20 -21 -22 -23 -24 -25 -26
leaf_value=4.0262286593198766e-05 -0.00033214579898936723 -0.00061636123515545506 -0.017279040652921289 -0.0058484811566270655 -0.0009499548535944495 0.0068155004174195438 -0.001159509215779115 -0.0022093585365601078 -0.0028149481930036858 -0.0051492312424864404 -0.0049133351500600386 0.0016254805718759996 -0.0065097517077921177 -0.00094624590018052178 0.0011283598832059654 0.0018120947034420331 0.011930533719768323 0.0085529363681248818 0.0019780450826193739 0.012058483042848804 0.0038403694736204499 -0.0128935925567885 0.0011339535492711852 -0.0051537344681518186 -0.0039554700199551356
leaf_weight=103390 1858 15124 260 557 293 237 1215 1953 727 224 272 372 471 2431 20886 1309 417 340 812 258 750 397 2885 260 508
leaf_count=103390 1858 15124 260 557 293 237 1215 1953 727 224 272 372 471 2431 20886 1309 417 340 812 258 750 397 2885 260 508
internal_value=2.26286e-06 -0.000927239 -0.00255346 -0.00489056 -0.000731101 0.000657443 -0.00320248 -0.000550295 -0.00222571 -0.0110474 0.000196901 0.000150209 0.00012642 -0.00249328 0.000187629 0.00217946 0.00279065 -0.000194986 -0.000903109 0.00494136 0.0056661 -0.00547378 -0.000300833 0.000648408 -0.0043616
internal_weight=158206 27390 5152 2256 2896 2095 1772 22238 3889 484 130816 127808 127178 2902 124276 3008 2736 18349 2765 630 1167 1124 18009 1569 801
internal_count=158206 27390 5152 2256 2896 2095 1772 22238 3889 484 130816 127808 127178 2902 124276 3008 2736 18349 2765 630 1167 1124 18009 1569 801
is_linear=0
shrinkage=0.02


Tree=19
num_leaves=28
num_cat=0
split_feature=21 44 7 24 29 54 6 72 44 54 5 41 70 45 77 45 45 2 69 10 75 51 51 5 5 27 26
split_gain=66.4242 32.3903 74.3206 36.1641 35.9139 31.1014 27.9783 54.4198 65.0394 56.0443 67.6028 53.0489 49.9038 39.637 58.1105 35.5352 33.4763 27.9313 27.1138 24.7331 21.2022 19.5799 21.5175 19.1604 15.1012 14.2141 11.1165
threshold=0.033678663020144557 -0.084893261369471937 0.011176944277864557 -0.92239784611835129 2.3559044447987394 0.71600631152671512 0.019340302507060935 0.34233390546269077 0.15576978428121704 0.77040259723844406 0.02356080318651017 0.047384893400697077 -0.37370043544547898 0.0044644464611294701 -0.12677684117899463 0.0082538711232944036 0.0047898568642058053 -0.035889431194736414 -0.9769004405077869 1.3740810703331194 1.048425594811859 0.42241235159690099 0.098488445710667949 0.014150961875036583 0.015827681117052319 -0.0032762024220066572 0.90059853640927023
decision_type=8 8 10 8 8 10 8 10 10 10 10 10 10 10 10 10 10 10 8 10 10 2 2 10 10 10 10
left_child=6 2 3 -2 21 18 11 9 15 12 -11 13 -8 14 -1 -9 -15 -10 -6 26 -5 22 -3 -23 -13 -7 -4
right_child=1 4 19 20 5 25 7 8 17 10 -12 24 -14 16 -16 -17 -18 -19 -20 -21 -22 23 -24 -25 -26 -27 -28
leaf_value=-7.3510907821391078e-05 -0.0019936330803042484 0.0044392972163876977 4.1632111294181015e-05 -0.0059463014347473043 -0.0037279402708769718 -0.0017934767027132342 0.0023524170293256707 0.00097552826538924902 -0.0096827204966411767 -0.0071160106232940447 -0.0012511920254190006 -0.006325413021136983 -0.00042769212625545685 -0.00172925420563195 0.0017619696678109109 0.0034822473997217118 -1.4229970423538553e-05 -0.00082817874605770395 -0.00049757576822878169 0.00522483434621333 -0.011924015240805663 0.0066033154494336416 -0.00039564731333936677 0.0018379117336323099 -0.0027336219149139552 -0.0059192676550155676 -0.0032635243060392767
leaf_weight=11117 235 398 631 200 2160 206 2995 6455 231 399 1652 200 8054 3614 9244 7506 61726 302 34813 306 271 204 2770 1452 282 366 576
leaf_count=11117 235 398 631 200 2160 206 2995 6455 231 399 1652 200 8054 3614 9244 7506 61726 302 34813 306 271 204 2770 1452 282 366 576
internal_value=-7.69104e-06 -0.000662002 -0.00301712 -0.00837058 -0.000538541 -0.000747297 0.000248712 0.000802972 0.00164733 -0.000131135 -0.00316667 7.12197e-05 0.000432398 0.000108492 0.00087899 0.00190933 -0.000131587 -0.00520225 -0.000675556 -0.000513871 -0.0115636 0.0010856 0.000163459 0.00284731 -0.0065383 -0.00537173 -0.00180298
internal_weight=158365 44588 2219 706 42369 37545 113777 27594 14494 13100 2051 86183 11049 85701 20361 13961 65340 533 36973 1513 471 4824 3168 1656 482 572 1207
internal_count=158365 44588 2219 706 42369 37545 113777 27594 14494 13100 2051 86183 11049 85701 20361 13961 65340 533 36973 1513 471 4824 3168 1656 482 572 1207
is_linear=0
shrinkage=0.02


Tree=20
num_leaves=28
num_cat=0
split_feature=23 6 72 46 53 53 44 71 6 5 44 53 46 6 54 46 42 27 32 22 52 44 53 59 42 31 46
split_gain=69.0984 33.5108 61.8342 85.2858 55.3638 81.0566 60.0106 45.0613 43.8536 43.13 36.1932 38.9383 32.7431 63.4834 32.8519 64.1753 31.2891 30.0296 28.2177 23.8313 21.4837 40.4243 17.1929 24.5611 16.4499 14.9795 10.4398
threshold=0.048885585663396854 0.018812766509491836 0.41462882386653116 0.036016059464893356 0.020765563179641202 0.020281496891793489 0.12426041513643817 -0.94574781371781136 0.014693879811465435 0.023820186078215639 0.15576978428121704 0.019858296365560999 0.0071743218066912407 0.010282866878238397 0.45794707453857358 0.0091848266048384277 0.044644858356760693 -0.11120430476758074 0.29953390238644689 -0.0088381298658754531 0.42449234614183073 0.026969384465504679 0.01502146470158441 0.39742205238965506 0.03108295675117401 -0.01020689489247578 0.012213544702686948
decision_type=8 10 10 10 10 10 10 10 8 10 10 10 8 8 8 10 10 10 10 10 2 8 10 8 10 10 10
left_child=1 4 3 7 5 6 -1 -3 26 -5 11 -4 16 20 15 -15 22 -12 -16 -10 -14 -22 24 -24 -2 -7 -6
right_child=12 2 10 9 8 25 -8 -9 19 -11 17 -13 13 14 18 -17 -18 -19 -20 -21 21 -23 23 -25 -26 -27 -28
leaf_value=9.0682762996466067e-05 -0.00024228353278802137 0.0080919817881634475 0.0017512019377409066 -0.0065021439109611669 -0.0043627293567776258 0.003446892967712964 -0.002647869075346484 0.00026701540191844758 0.0013407293330086204 -0.0017731155080209038 -0.0090952638263544234 0.0050005225831539534 -0.0073490898775443658 -3.9019164769118346e-05 -0.00089951993086953509 -0.0062440948227989214 0.0061425033716111348 0.00058531987392816491 0.0047680431284936112 -0.0050341393207385702 0.00087053899891642562 -0.0062550517477664366 0.0040750767946288917 0.00011558420149741275 -0.0044994532927942988 0.0095810091961547033 -0.0066081954916980667
leaf_weight=91947 8087 216 13600 439 217 211 2243 11685 397 1205 229 2113 362 1192 17658 1138 272 326 609 404 256 298 564 1313 492 267 218
leaf_count=91947 8087 216 13600 439 217 211 2243 11685 397 1205 229 2113 362 1192 17658 1138 272 326 609 404 256 298 564 1313 492 267 218
internal_value=-2.80959e-05 0.000183729 0.00076937 -0.000228702 1.64746e-06 5.65972e-05 1.48422e-05 0.000361116 -0.0042021 -0.00449726 0.00160047 0.00177791 -0.000854103 -0.00130417 -0.00107476 -0.00331103 4.82804e-05 -0.00341367 -0.000789249 -0.00141895 -0.00645365 -0.00396036 -0.00012604 0.00160703 -0.000505594 0.00826305 -0.00930734
internal_weight=157958 125717 29813 13545 95904 94668 94190 11901 1236 1644 16268 15713 32241 21513 20597 2330 10728 555 18267 801 916 554 10456 1877 8579 478 435
internal_count=157958 125717 29813 13545 95904 94668 94190 11901 1236 1644 16268 15713 32241 21513 20597 2330 10728 555 18267 801 916 554 10456 1877 8579 478 435
is_linear=0
shrinkage=0.02


Tree=21
num_leaves=28
num_cat=0
split_feature=23 46 59 46 46 50 57 44 46 14 43 32 43 46 58 72 52 69 28 6 54 44 57 6 32 44 7
split_gain=53.7797 50.2378 48.7432 47.4684 86.7689 49.177 39.5836 43.9516 43.4157 39.0245 33.6039 63.4913 43.3579 33.3974 40.533 32.5795 29.3113 27.3915 26.5578 26.0936 25.785 22.5572 78.6047 32.1038 21.7329 18.1377 8.64116
threshold=0.01879593405057978 0.0071743218066912407 0.42901455395783894 0.0090042252663953045 0.0093621645543221794 0.00020011389159402262 0.76550929407497204 0.16428337884866476 0.014049896329426232 -0.009234888741587231 0.082894945459941152 -0.22414548643421614 0.052023794148548304 0.0057736637568546563 0.1821990034038671 -1.6010672805311121 0.89779664779664792 -0.24936112690690584 -0.09721972326224497 0.054967886072152423 0.52376253655580474 0.16428337884866476 0.1760937927262784 0.060421667068357159 -0.02011631292791782 0.038595386389423288 0.023829970385084751
decision_type=8 8 8 10 8 10 10 10 10 10 10 8 10 10 10 10 2 8 10 10 10 10 8 10 8 10 10
left_child=6 9 3 5 -5 -3 10 8 16 20 11 19 -13 15 -15 -11 -8 26 -10 -1 25 23 -23 -4 -19 -2 -12
right_child=1 2 21 4 -6 -7 7 -9 18 13 17 12 -14 14 -16 -17 -18 24 -20 -21 -22 22 -24 -25 -26 -27 -28
leaf_value=0.0041498451854600918 -0.0035494185696660014 -0.0043260708382510081 -0.00040735705124096607 0.0053439594263790307 -0.0013789596580163011 -0.0017083508116484589 0.0011772449274503073 0.0086227917631093789 0.0020459680534611053 -0.0054053102802358926 -0.0066541533055407736 -5.3299869438614073e-05 0.0015491076819860068 0.0029985428935352921 0.00089009246965388207 6.7521555968893434e-05 0.0050536711385574997 -0.001466811316281306 -0.0044557858565253032 0.013061301698739891 0.0050395058886018966 -0.018605429731836723 0.00020157633844524611 0.0067645948008323688 0.0043329876616514055 -0.0011932610702700048 -0.0034169185819082418
leaf_weight=512 1287 1481 21664 750 8567 3172 13367 305 292 352 487 75603 5920 1396 6664 10280 470 561 521 238 382 200 525 446 203 2271 268
leaf_count=512 1287 1481 21664 750 8567 3172 13367 305 292 352 487 75603 5920 1396 6664 10280 470 561 521 238 382 200 525 446 203 2271 268
internal_value=-5.05611e-05 -0.000525893 -0.000981851 -0.00191239 -0.001088 -0.0035621 0.000235529 0.00118334 0.00102641 0.000215526 6.63301e-05 0.000120792 6.74403e-05 0.000596908 0.0015678 -0.000139001 0.0012905 -0.00288026 -0.00346192 0.00590945 -0.001593 -0.000412419 -0.00388154 -0.000298404 -0.000206536 -0.00212363 -0.00557937
internal_weight=158184 59437 36805 13970 9317 4653 98747 14955 14650 22632 83792 82273 81523 18692 8060 10632 13837 1519 813 750 3940 22835 725 22110 764 3558 755
internal_count=158184 59437 36805 13970 9317 4653 98747 14955 14650 22632 83792 82273 81523 18692 8060 10632 13837 1519 813 750 3940 22835 725 22110 764 3558 755
is_linear=0
shrinkage=0.02


Tree=22
num_leaves=28
num_cat=0
split_feature=67 46 45 5 45 45 5 46 57 44 50 63 52 50 48 43 32 48 10 57 51 75 14 78 25 59 50
split_gain=61.6152 43.2303 54.6711 81.1211 47.477 61.6431 48.8976 61.0447 42.1389 59.2711 55.9335 39.992 39.9808 38.9045 37.5643 35.8629 68.6277 31.8158 31.6621 36.5907 28.0575 25.6223 20.8671 20.0566 16.2055 12.6767 11.4184
threshold=0.10472095872879782 0.0071743218066912407 0.0056005298291365432 0.0086809625840203412 0.0053649681271666092 0.0048573026601447722 0.012588628575684171 0.0057991106797307497 0.73416427221661373 0.16428337884866476 0.067212761852046957 0.76802612608676668 0.60896649527140501 0.060614384894817637 -0.090891890176189469 0.082894945459941152 -0.22414548643421614 -0.066023517209084101 1.7967452922885623 0.36747675891726 0.72080650082043596 0.59510413459770628 0.015488274351914246 0.66497801266513357 -0.64916247424586293 0.7727733726719529 0.027917215425357526
decision_type=8 8 8 8 10 10 8 10 10 10 10 8 2 10 10 8 8 10 10 10 2 10 8 10 8 10 10
left_child=8 4 18 14 5 21 7 -6 15 10 13 -7 -5 -10 -4 16 17 -1 19 -3 -18 -2 25 -8 -24 -17 -20
right_child=1 2 3 12 6 11 23 -9 9 -11 -12 -13 -14 -15 -16 22 20 -19 26 -21 -22 -23 24 -25 -26 -27 -28
leaf_value=0.012928973918177926 -0.00081365357075319157 -0.0018473282976353205 0.00042285667456440303 -0.00023120552703190155 -0.0011659937062723658 -0.00062544605004943811 -0.0014270332656212985 0.0027109400763130976 0.0010843847775514341 0.0088525307025014797 -0.0086047451761759389 -0.0031437482470636838 -0.0014441373646212441 0.0065832508753352172 -0.0043433349640929755 -0.0040099332251451415 -6.9324518448095519e-05 0.0012649256983600483 0.0095484784703871953 0.0016818432180151876 0.00074546984194031945 0.00081428926373587347 -0.0026999348497927576 0.001418178876285754 0.0025960515868029923 -1.9257742754795957e-05 0.0028902108193507425
leaf_weight=419 5926 1304 421 17594 1201 2278 3062 4733 13726 339 200 1962 16701 350 1699 910 52104 257 207 2859 19070 7746 200 1897 222 224 296
leaf_count=419 5926 1304 421 17594 1201 2278 3062 4733 13726 339 200 1962 16701 350 1699 910 52104 257 207 2859 19070 7746 200 1897 222 224 296
internal_value=-4.16698e-06 -0.000447551 -0.000864077 -0.00112527 0.000146428 -0.000486686 0.00118763 0.00241247 0.000347845 0.00132854 0.00113175 -0.00259326 -0.000890425 0.00128138 -0.00492126 0.000152547 0.000217645 0.00655539 0.00117377 0.000599904 0.000157331 0.000166606 -0.00285035 -0.000277823 0.000940898 -0.00426256 0.00590873
internal_weight=157907 69886 41081 36415 28805 17912 10893 5934 88021 14615 14276 4240 34295 14076 2120 73406 71850 676 4666 4163 71174 13672 1556 4959 422 1134 503
internal_count=157907 69886 41081 36415 28805 17912 10893 5934 88021 14615 14276 4240 34295 14076 2120 73406 71850 676 4666 4163 71174 13672 1556 4959 422 1134 503
is_linear=0
shrinkage=0.02


Tree=23
num_leaves=27
num_cat=0
split_feature=73 46 36 5 69 46 44 41 46 70 54 54 42 53 32 69 52 50 44 9 54 46 8 14 16 27
split_gain=56.7259 39.5265 112 50.2578 44.042 93.1187 48.4669 47.3085 45.6656 35.0111 62.5104 63.7946 42.884 32.8459 45.1686 39.844 25.5901 51.9586 38.0234 25.0793 23.9519 21.2309 19.2566 15.1229 14.964 11.2422
threshold=0.51283006527000863 0.034133762393146715 -0.19641039704367688 0.021189650097529381 0.073917795364508904 0.016394563203530752 -0.097151723298657608 0.014204865160563964 0.016394563203530752 -1.0266011396114938 0.57574027341050227 0.66004857915868043 -0.015890011651909727 0.020109398955297661 -0.27617093460708475 -0.84889278365643184 0.60896649527140501 0.0076275591635123216 0.079672692141138271 1.7740834498376821 0.58470889931856196 0.0057736637568546563 0.026910147165300352 0.046267038760035024 -0.13528783406658498 -0.0032762024220066572
decision_type=8 10 10 10 10 10 8 10 10 8 8 10 10 10 10 8 2 10 10 10 8 8 10 10 8 8
left_child=1 4 24 -4 6 7 22 -6 -8 10 12 20 -2 16 25 -16 18 -18 -11 -5 -12 -14 -1 -7 -3 -15
right_child=9 2 3 19 5 23 8 -9 -10 13 11 -13 21 14 15 -17 17 -19 -20 -21 -22 -23 -24 -25 -26 -27
leaf_value=0.0053482682558638707 -0.0046037002940781321 0.0038593763350478201 -0.0072409881087816628 -0.002543022463775948 0.0009782626428411394 0.0044743715044554154 -1.1825041731306063e-05 -0.00048788185396669078 -0.0034526755295506144 0.00010202635600962573 -0.015378968200622215 0.00075678430387311811 -0.0024348648035713316 0.0066934716454520298 -0.013009035507525258 -0.002670378362494721 -0.0055310846637655845 -0.00059619359435642743 0.0057976082125233272 0.0038572933305541413 -0.0055784292087913117 0.0029370010563730614 -0.0016546870774331547 0.0097434917084105264 0.013614314898666055 -0.00047965391359688236
leaf_weight=868 294 207 340 1950 29235 397 71676 9601 867 15075 214 287 200 283 211 2178 840 20742 487 241 527 667 222 387 206 206
leaf_count=868 294 207 340 1950 29235 397 71676 9601 867 15075 214 287 200 283 211 2178 840 20742 487 241 527 667 222 387 206 206
internal_value=-4.53257e-06 0.000223567 -0.00206384 -0.0036406 0.000283063 0.000820726 -6.21995e-06 0.000682802 -6.91718e-05 -0.000632474 -0.00309498 -0.00668416 8.43373e-05 -0.000497664 -0.00255575 -0.00368954 -0.00033808 -0.000783858 0.000280023 -0.00252646 -0.00978167 0.00232488 0.00417782 0.00764076 0.00757971 0.00297551
internal_weight=158408 116197 2944 2531 113253 39620 73633 38836 72543 42211 2189 1028 1161 40022 2878 2389 37144 21582 15562 2191 741 867 1090 784 413 489
internal_count=158408 116197 2944 2531 113253 39620 73633 38836 72543 42211 2189 1028 1161 40022 2878 2389 37144 21582 15562 2191 741 867 1090 784 413 489
is_linear=0
shrinkage=0.02


Tree=24
num_leaves=28
num_cat=0
split_feature=21 46 58 46 46 52 53 69 59 6 46 6 7 52 68 49 49 52 10 22 77 32 37 7 54 19 7
split_gain=66.9076 40.7356 56.1395 32.0303 60.1621 44.3581 29.8226 28.6309 28.2703 26.949 68.2983 40.2499 37.4123 26.8243 27.5602 25.019 32.1644 24.0138 21.0439 17.5717 17.5629 17.4057 12.5446 12.1799 11.0587 8.68553 6.67768
threshold=0.034365520119617472 0.0071743218066912407 0.3975025338496323 0.0090042252663953045 0.0093621645543221794 0.41778655136723325 0.015402406967444573 1.9664499208695785 0.44867763263989685 0.060421667068357159 0.034133762393146715 0.021321769165451573 0.012798435258363265 0.69327164312472089 1.3250564762682477 0.0289687095031721 0.01951266924947315 0.60057639833257792 1.4646334103064937 0.054819319189021561 1.1540089506805749 -0.13646837651932422 0.2894357194442157 0.0079576352345926502 0.5475143567272901 0.97023917500267221 0.014929026005377275
decision_type=8 8 8 10 10 2 10 10 8 10 10 10 10 2 10 10 10 2 10 8 10 10 10 10 10 10 10
left_child=7 6 3 5 -5 -3 15 9 17 10 11 -1 -12 18 -15 16 -2 -8 -4 -17 -10 22 -11 25 26 -9 -25
right_child=1 2 13 4 -6 -7 8 23 20 21 12 -13 -14 14 -16 19 -18 -19 -20 -21 -22 -23 -24 24 -26 -27 -28
leaf_value=0.00013692913622213233 -0.00026487865036985906 -0.0054817664551418677 -0.00011292684723369047 0.0056590388246853434 -0.0016691693017594905 -0.0016139375797698957 -0.0003184830330994991 -0.0014753860667977559 -0.0010662297718217839 0.003663709069177447 -0.0056230308025741515 0.0016402319447251846 -0.0018812755092695093 -0.0017953500458917613 0.0015552987854531247 0.00043198585078894073 0.0027159681189112663 0.0052744241400872758 0.0033337803698673465 -0.0065095456187591058 0.0031946513930270928 -0.00081903511387697639 0.011865800046512951 0.0045287892009443272 0.0082462479742348247 0.0036629495475686263 0.0024937227849966049
leaf_weight=94393 11934 899 9000 508 5828 2400 227 287 859 201 390 15502 1770 6632 1593 221 1053 638 1415 340 548 216 204 511 361 207 312
leaf_count=94393 11934 899 9000 508 5828 2400 227 287 859 201 390 15502 1770 6632 1593 221 1053 638 1415 340 548 216 204 511 361 207 312
internal_value=3.36889e-05 -0.00062813 -0.00108283 -0.00232233 -0.00148935 -0.00392061 0.000184438 0.000288907 0.00230444 0.000250255 0.00022719 0.000296444 -0.00329385 -0.000441929 -0.00129565 -0.000171083 7.54543e-06 0.00514781 0.000232143 -0.00430249 0.000552557 0.00440193 0.00684236 0.00288148 0.00398143 0.000238384 0.00269175
internal_weight=158449 44095 28275 9635 6336 3299 15820 114354 2272 112676 112055 109895 2160 18640 8225 13548 12987 865 10415 561 1407 621 405 1678 1184 494 823
internal_count=158449 44095 28275 9635 6336 3299 15820 114354 2272 112676 112055 109895 2160 18640 8225 13548 12987 865 10415 561 1407 621 405 1678 1184 494 823
is_linear=0
shrinkage=0.02


Tree=25
num_leaves=29
num_cat=0
split_feature=21 70 45 46 46 54 46 36 5 6 46 6 43 42 52 57 24 45 54 45 42 41 20 28 57 22 36 20
split_gain=53.9215 44.6835 40.0358 42.2082 59.8076 41.4714 37.2185 91.8814 62.0508 56.0345 49.2651 59.5946 50.7102 33.3391 33.0102 34.071 36.379 32.8015 29.77 27.9411 26.7134 21.0866 20.8873 19.4413 18.7173 16.5521 11.8512 11.2986
threshold=0.059346082682885 -0.19657143106083122 0.0087471497494089837 0.0085617405860593989 0.011835908005302669 0.5366712116179414 0.034133762393146715 -0.19641039704367688 0.023820186078215639 0.021007743477873236 0.0097516897359892756 0.009062969735443259 0.045006127462353447 0.01972995097343189 0.67781798799304283 0.16020828394053549 -0.91262749815226429 0.0096896515121293898 0.48147854254854805 0.022730855217487033 0.0096495138407765042 0.015003910868281458 -0.0007095244568481317 -0.076092651091714023 0.18407474908232155 0.20768754603931364 -0.16849136260659145 0.02915394505581315
decision_type=8 8 10 10 10 10 10 10 10 10 10 10 10 10 2 10 10 10 10 10 10 10 10 10 10 8 10 8
left_child=6 2 21 5 -5 -4 9 -8 23 10 12 -12 -1 20 25 16 -16 -15 -17 -10 -11 24 -23 -9 -2 26 -3 -27
right_child=1 14 3 4 -6 -7 7 8 19 13 11 -13 -14 17 15 18 -18 -19 -20 -21 -22 22 -24 -25 -26 27 -28 -29
leaf_value=7.2093508533097633e-05 -0.0032053268926564966 0.011252474600982941 -0.0023572791966155662 0.00028577155592270645 -0.0041991440331525876 -0.0092007913825086912 0.010108529247006601 -0.0036907625867852534 0.0013129997884592081 0.0015612358799822785 -0.0088241625432946957 -0.00059061164519511077 0.0015324721712770433 -0.0021130666246053594 0.0030622535873901309 -0.0019013612440933322 -0.0088711141149394809 0.0019112550930353782 0.00072474385544957015 -0.0023516220325900941 0.0040108377199157882 0.0051395245704125726 0.00051545843987428923 -0.0088490609836944997 -0.0005471202590553 -0.0017326855794806667 0.00094157435788043875 0.00077006043650113681
leaf_weight=78562 318 202 551 1727 1835 494 393 216 541 10426 264 22907 7151 3087 280 3566 1064 2427 3461 1473 3721 200 558 262 2777 1972 5744 1428
leaf_count=78562 318 202 551 1727 1835 494 393 216 541 10426 264 22907 7151 3087 280 3566 1064 2427 3461 1473 3721 200 558 262 2777 1972 5744 1428
internal_value=-4.57972e-05 -0.000874704 -0.00207044 -0.00332856 -0.00228964 -0.00686233 0.000119287 -0.00212682 -0.00354513 0.000169729 -7.69619e-06 -0.000825911 0.000213477 0.00115238 -0.000303533 -0.00121572 -0.00413234 -0.000166455 -0.000657086 -0.00200397 0.00166653 -0.000565127 0.00242161 -0.0100167 -0.0012978 0.00051332 0.00114982 -0.000599236
internal_weight=157607 26177 8460 4607 3562 1045 131430 2885 2492 128545 108884 23171 85713 19661 17717 8371 1344 5514 7027 2014 14147 3853 758 478 3095 9346 5946 3400
internal_count=157607 26177 8460 4607 3562 1045 131430 2885 2492 128545 108884 23171 85713 19661 17717 8371 1344 5514 7027 2014 14147 3853 758 478 3095 9346 5946 3400
is_linear=0
shrinkage=0.02


Tree=26
num_leaves=22
num_cat=0
split_feature=23 46 9 5 0 57 54 36 32 44 5 52 50 41 20 54 48 45 54 28 14
split_gain=49.4619 35.6374 103.041 62.2722 36.3979 33.0957 45.5838 28.9865 27.3016 37.8483 42.4055 28.6664 59.0786 30.8831 23.8025 22.6634 35.0575 21.5274 20.3629 18.8176 10.9677
threshold=0.05653184541981527 0.034133762393146715 1.7740834498376821 0.024599482418494127 -0.032353043915001982 0.80490309009866301 0.65574680014672626 -0.19008092172435073 -0.41652676295783864 -0.084893261369471937 0.018598486863915981 0.60896649527140501 0.0074238207632112427 -0.010663220415670136 0.0041490709925600675 0.5475143567272901 -0.06142378674257392 0.0044644464611294701 0.4081202386882879 -0.094066610535698522 -0.30180265298752351
decision_type=8 10 10 10 10 10 10 10 8 8 8 2 10 10 10 10 10 10 8 10 10
left_child=1 4 3 19 15 17 -7 -5 -2 10 -10 13 -13 -11 -12 18 -17 -6 -1 -3 -4
right_child=8 2 20 7 5 6 -8 -9 9 11 14 12 -14 -15 -16 16 -18 -19 -20 -21 -22
leaf_value=0.0037728384316359437 0.0066755672362869209 -0.0029743639801396798 0.0133585972859303 0.0049397609366569339 0.00054370816917518922 0.00060698325763994438 0.0048035374027054437 -0.0021311236761117807 -0.0085373406220006064 -0.0010326131598783748 0.0019813348174894984 -0.0068433907343558344 -0.0008899659008027083 0.0009851796065174325 -0.0034408588775595231 0.0007903344322212711 0.0071396801167355264 -0.0001147787208413386 -0.0020756975693365849 -0.0086720797640206081 0.004089383962510307
leaf_weight=458 387 209 207 268 21370 17379 1144 1713 371 4141 298 676 14077 6576 775 1166 1200 84093 1008 310 204
leaf_count=458 387 209 207 268 21370 17379 1144 1713 371 4141 298 676 14077 6576 775 1166 1200 84093 1008 310 204
internal_value=-1.31493e-05 0.000148535 -0.00203915 -0.00356577 0.00019839 0.000139031 0.0009187 -0.00194652 -0.000787415 -0.000863385 -0.00401246 -0.000684622 -0.00125647 0.000102444 -0.00199069 0.00211792 0.00332826 2.06706e-06 0.000162236 -0.00972692 0.00722816
internal_weight=158030 130729 2911 2500 127818 123986 18523 1981 27301 26914 1444 25470 14753 10717 1073 3832 2366 105463 1466 519 411
internal_count=158030 130729 2911 2500 127818 123986 18523 1981 27301 26914 1444 25470 14753 10717 1073 3832 2366 105463 1466 519 411
is_linear=0
shrinkage=0.02


Tree=27
num_leaves=26
num_cat=0
split_feature=21 46 70 14 53 10 10 14 46 5 57 44 46 22 50 9 45 48 53 53 5 12 7 16 44
split_gain=60.548 34.1447 52.2319 38.3199 36.3201 76.0016 54.8191 29.7646 47.7333 59.7654 33.7856 39.3352 38.5806 28.7402 31.2577 27.1323 26.3672 27.3571 24.3726 19.1909 13.7156 15.6834 8.48252 8.2735 5.52908
threshold=0.034365520119617472 0.0071743218066912407 -0.86573739752490819 -0.016681356168244784 0.017392014665839839 0.38457866282074527 0.48440907435517905 -0.3910626287351241 0.034133762393146715 0.023820186078215639 0.80084301602529939 -0.089159649383810533 0.017801606881185223 -0.24907056864409285 0.081409106839240533 1.7915274827223777 0.017937732423117535 -0.066023517209084101 0.017456738612436771 0.01121179493763527 0.020576038790865395 0.098407984063140455 0.0066867910488554857 0.084739852187920364 -0.021721362596239687
decision_type=10 8 10 10 10 10 10 8 10 8 10 8 10 8 10 10 10 10 10 10 10 10 10 8 10
left_child=7 3 4 20 6 -6 -3 16 10 24 11 -9 -12 -4 -15 -11 17 -1 19 -5 21 -2 -20 -22 -10
right_child=1 2 13 18 5 -7 -8 8 9 15 12 -13 -14 14 -16 -17 -18 -19 22 -21 23 -23 -24 -25 -26
leaf_value=0.018672990703774841 -0.0016003894523866974 -0.0067628047359318422 0.012622292041715459 0.0026368270066677137 0.0072684402172404688 -0.0023252388201319679 -0.0012964932564127902 0.0030462840676263058 -0.004244170981299332 -0.0018234703851781886 0.0010090194638408187 0.00010041435667650069 0.010893073599351242 -0.00063270554008103914 -0.0048131493973222073 0.0049643895209010806 -0.00016545469536815495 0.0061377497740528258 0.0068453094214127796 9.3445690191661172e-05 0.0042573296418922995 -0.0056972482458157161 0.0014096107940239891 -0.002874470231035574 -0.0066637634607834796
leaf_weight=237 1423 968 203 1474 266 884 1207 1713 213 1660 14955 95481 221 22830 430 232 380 340 269 11413 270 444 201 205 213
leaf_count=237 1423 968 203 1474 266 884 1207 1713 213 1660 14955 95481 221 22830 430 232 380 340 269 11413 270 444 201 205 213
internal_value=2.85709e-05 -0.000617068 -0.0010511 0.000123439 -0.00339687 -0.000519548 -0.00491636 0.000265794 0.000236448 -0.00260371 0.000295076 0.000158012 0.0011727 -0.000718462 -0.000784059 -0.0010766 0.00377662 0.00646713 0.000537356 0.000373836 -0.0022356 -0.00300749 0.00500637 0.000794118 -0.009363
internal_weight=158132 42487 26788 15699 3325 1150 2175 115645 114688 2318 112370 97194 15176 23463 23260 1892 957 577 13357 12887 2342 1867 470 475 426
internal_count=158132 42487 26788 15699 3325 1150 2175 115645 114688 2318 112370 97194 15176 23463 23260 1892 957 577 13357 12887 2342 1867 470 475 426
is_linear=0
shrinkage=0.02


Tree=28
num_leaves=22
num_cat=0
split_feature=23 70 51 46 22 5 6 53 50 59 50 63 50 14 6 37 53 70 54 43 37
split_gain=54.4694 34.834 39.9231 27.7641 77.2284 50.3473 46.7718 49.2358 71.2365 29.4745 27.6551 46.7556 26.7058 22.2449 20.4855 19.3588 19.0437 18.7835 34.0781 16.858 14.2505
threshold=0.037515529057833182 -1.2417227077992512 0.36250455800385484 0.034133762393146715 -0.23278273096337179 0.02043207090832275 0.021166156251801117 0.024132713091028688 0.050985020605297311 0.30599465411031651 0.06336386814830243 0.49796333167413315 0.050985020605297311 -0.028344781058370124 0.017471491754389151 0.2086602208275217 0.01502146470158441 -0.21706629662203134 0.57253979244754216 0.070007120904098788 -0.069983242384272545
decision_type=8 8 2 10 10 10 8 10 10 8 10 10 8 10 10 10 10 8 8 10 10
left_child=3 2 -2 6 -5 -6 7 8 -1 20 17 -12 -11 -13 -9 -7 -4 18 -3 -19 -8
right_child=1 10 16 4 5 15 9 14 -10 12 11 13 -14 -15 -16 -17 -18 19 -20 -21 -22
leaf_value=-1.483757167608412e-05 -0.009229182090758745 -0.00026047657795351636 -0.0045168805416959459 0.010444903488799588 -0.006473234817510407 -0.0025502768286937705 0.0086257491418970586 -0.0088732883384251889 0.0021399981467790557 0.0019172115053573563 0.0039379163871927914 -0.0087035283309890785 -0.00042482423301643197 -0.0051239529044943086 -0.0019586358420046117 0.00050742327213291192 0.0028783950345597424 -0.00021591088346296827 -0.0019437645925275276 0.002502887771109086 0.0021828918814826345
leaf_weight=90304 250 10098 225 396 269 1338 206 266 4040 15333 262 208 3942 562 202 683 201 22660 5579 961 256
leaf_count=90304 250 10098 225 396 269 1338 206 266 4040 15333 262 208 3942 562 202 683 201 22660 5579 961 256
internal_value=-1.04776e-05 -0.000637891 -0.00513737 0.000208963 -0.00180052 -0.0032117 0.000256115 7.1699e-05 0.000103853 0.00114186 -0.000562297 -0.00379284 0.00102189 -0.00627497 -0.00639232 -0.00212562 -0.00140047 -0.000477315 -0.00101403 -0.000120989 0.00612959
internal_weight=158241 41006 676 117235 2686 2290 114549 94812 94344 19737 40330 1032 19275 770 468 2021 426 39298 15677 23621 462
internal_count=158241 41006 676 117235 2686 2290 114549 94812 94344 19737 40330 1032 19275 770 468 2021 426 39298 15677 23621 462
is_linear=0
shrinkage=0.02


Tree=29
num_leaves=25
num_cat=0
split_feature=21 46 9 6 53 50 7 59 46 70 54 54 53 19 4 42 50 41 39 42 50 22 36 28
split_gain=46.0777 30.49 95.1269 46.8315 52.1963 59.6767 38.7999 31.3972 29.0685 50.2055 44.9148 54.3096 35.7255 33.7151 30.1586 25.4994 25.4352 21.9165 41.4036 20.0663 17.6188 14.8207 12.0069 9.45791
threshold=0.032968656204814047 0.034948848981301156 1.7740834498376821 0.021321769165451573 0.024132713091028688 0.050985020605297311 0.012798435258363265 0.15822142912162687 0.0071743218066912407 -0.86573739752490819 0.57514222579460672 0.66004857915868043 0.017392014665839839 2.2131499951106828 -0.30076636353637742 0.044644858356760693 0.050985020605297311 0.019092669222254725 -0.046529520107785764 0.03108295675117401 0.058484836743913589 -0.021663325961042364 -0.19641039704367688 -0.069282364915508807
decision_type=8 10 10 10 10 10 10 10 8 8 8 10 10 10 8 10 10 10 8 10 10 10 10 10
left_child=1 3 6 4 5 -1 23 -5 15 10 12 -12 -10 14 -11 17 -9 19 -19 -2 -15 -6 -8 -3
right_child=8 2 -4 7 21 -7 22 16 9 13 11 -13 -14 20 -16 -17 -18 18 -20 -21 -22 -23 -24 -25
leaf_value=2.7849477749402678e-05 -2.3045186057553889e-05 -0.0033479431305965869 0.0088284456879305327 0.0072084326953955951 -0.0023896647018743049 0.001997923678466791 0.0032315897181630472 0.0019774047962901691 -0.0024737265283930531 0.011981850703405537 -0.0054629954041460517 0.00025712772587603355 0.0044134662992159034 -0.0019486591570800286 -0.00045773859921003691 0.0053606950913617007 -0.00086067925046579062 -0.0020468235483930546 0.0047009401338011991 -0.0037800880937038247 -0.0098020574564719482 -0.0092312039213532943 -0.0022609147831481598 -0.0094616457042198815
leaf_weight=89635 14250 201 340 205 203 3886 207 13945 837 226 1443 568 515 1825 23406 355 2344 444 630 561 243 248 1389 207
leaf_count=89635 14250 201 340 205 203 3886 207 13945 837 226 1443 568 515 1825 23406 355 2344 444 630 561 243 248 1389 207
internal_value=1.12451e-05 0.00022762 -0.002029 0.000275539 0.000102987 0.000135776 -0.00368978 0.00125844 -0.000527503 -0.000906207 -0.00320392 -0.00509841 -0.000382853 -0.000605346 -0.000390894 0.000150114 0.0011601 3.13484e-05 0.00278884 -0.000168647 -0.00305365 -0.00667699 -0.00227802 -0.00918826
internal_weight=158113 112810 2344 110466 93972 93521 2004 16494 45303 29063 3363 2011 1352 25700 23632 16240 16289 15885 1074 14811 2068 451 1596 408
internal_count=158113 112810 2344 110466 93972 93521 2004 16494 45303 29063 3363 2011 1352 25700 23632 16240 16289 15885 1074 14811 2068 451 1596 408
is_linear=0
shrinkage=0.02


Tree=30
num_leaves=29
num_cat=0
split_feature=23 58 54 54 69 41 44 44 5 42 60 44 44 50 45 45 51 48 0 50 44 10 69 36 45 9 31 63
split_gain=48.7925 40.8904 43.3371 72.5652 30.7851 29.3955 26.8311 26.7298 36.0728 27.5077 25.9162 28.4121 35.6371 35.1078 63.0735 33.2441 27.9908 27.3648 42.4252 37.0816 30.7421 32.6188 30.1488 23.5539 18.9282 18.7456 18.0853 16.1139
threshold=0.05653184541981527 0.30622992505353325 0.57253979244754216 0.58346599610030381 0.886706363520117 0.021118462971608357 -0.075688170239417693 0.081187245259363064 0.045205033365411589 0.010546984463588928 0.87869224606071406 0.077141766390349323 0.085623221586974788 -0.031568550894966178 0.0099662269948415615 0.0045679405977427758 0.65878576001695033 -0.016922285815210044 -0.026917332432280557 -0.031568550894966178 0.12426041513643817 0.87183932780328754 -0.57346435762027892 -0.19008092172435073 0.0099662269948415615 1.1942248443201773 0.039605321636020381 0.084867306606437057
decision_type=8 8 8 8 10 10 10 10 10 10 8 10 10 10 10 10 2 10 10 8 10 10 10 8 10 10 10 8
left_child=10 2 4 -4 5 -2 -5 23 9 -9 17 13 16 26 -15 -14 -13 18 25 -20 22 -22 -19 -3 -6 -1 -12 -25
right_child=1 7 3 6 24 -7 -8 8 -10 -11 11 12 15 14 -16 -17 -18 20 19 -21 21 -23 -24 27 -26 -27 -28 -29
leaf_value=0.00021948768411116863 -0.0020390220757104355 0.011082440509709624 -0.012546517631933521 -0.0048416070172955525 4.9788746654511047e-07 0.0037810054830467853 -0.00077916273861927373 0.00085322851020263116 -0.017009269988706135 -0.0028089631604665622 0.00076581033101409983 -0.012189631620366577 -0.0071101416980609497 0.0012833440858031758 0.0062516089734838912 0.0019312799599804115 -0.0029937398962266494 -0.00028781270451859535 0.00081696168463235564 -0.00064320530208960148 -0.0029297012369099325 0.00010088060821829675 0.0006121359381226788 -0.0057210316099736633 0.0065717882739358534 0.0033896129923186038 -0.0021303986316122824 -0.00010527360498667086
leaf_weight=1894 1994 333 387 660 409 270 1213 1557 279 2252 1808 206 294 9241 1936 1737 515 17267 7784 38202 1119 1508 43702 205 303 1792 1449 17611
leaf_count=1894 1994 333 387 660 409 270 1213 1557 279 2252 1808 206 294 9241 1936 1737 515 17267 7784 38202 1119 1508 43702 205 303 1792 1449 17611
internal_value=3.91318e-06 -0.000762102 -0.00235211 -0.00443963 -0.0007652 -0.0019064 -0.00280576 -0.000387535 -0.00184837 -0.00133806 0.000165252 0.000888928 -0.000972757 0.00124406 0.00177653 0.000382874 -0.00478947 5.54256e-05 -0.000296298 -0.000461826 0.000330173 -0.00178767 0.000421486 -5.8292e-05 0.00285835 0.00176783 -0.000582566 -0.000157041
internal_weight=157927 27473 5236 2260 2976 2264 1873 22237 4088 3809 130454 17186 2752 14434 11177 2031 721 113268 49672 45986 63596 2627 60969 18149 712 3686 3257 17816
internal_count=157927 27473 5236 2260 2976 2264 1873 22237 4088 3809 130454 17186 2752 14434 11177 2031 721 113268 49672 45986 63596 2627 60969 18149 712 3686 3257 17816
is_linear=0
shrinkage=0.02


Tree=31
num_leaves=29
num_cat=0
split_feature=23 44 59 51 74 24 41 57 44 54 52 43 47 62 44 50 46 45 54 54 52 54 20 44 5 10 14 51
split_gain=49.3189 32.4287 45.1813 37.5489 32.177 31.1265 30.9164 29.1964 54.1004 53.5125 50.0242 34.6485 32.8959 27.6761 39.2085 35.7733 32.7751 33.0629 29.9785 26.4917 24.1695 19.5813 17.3723 17.1654 17.0956 15.0755 13.0656 9.47318
threshold=0.037515529057833182 -0.084893261369471937 0.39334009026568612 0.098488445710667949 1.4376553431387582 -0.91262749815226429 -0.012132508245949634 0.76550929407497204 0.00083595413199644153 0.62375893356764867 0.61652236652236658 -0.0021242790001379515 -0.033787710566401279 0.32760466661744075 0.12547988852472428 0.055917013758482022 0.03709626144380785 0.018619044111080962 0.51042087342324793 0.70213636342043506 0.75344269932713936 0.65055136033837868 -0.0056850024795785927 0.10184831294004694 0.027379034855804989 1.14934788083162 0.075485752374490969 0.82665686836149177
decision_type=10 10 8 2 10 10 10 10 10 10 2 10 10 10 10 10 10 10 10 10 2 10 10 10 10 10 10 2
left_child=7 2 5 26 6 -2 -5 13 10 11 21 -10 -12 14 15 -1 17 -15 -16 -7 -11 -9 24 -6 -4 -18 -3 -24
right_child=1 3 22 4 23 19 -8 8 9 20 12 -13 -14 16 18 -17 25 -19 -20 -21 -22 -23 27 -25 -26 -27 -28 -29
leaf_value=0.00045118871598983479 -0.00095160647370705267 0.0020975788251920884 -0.0012793956367554665 -0.0020447946989007744 0.00059399855433507967 -0.0090016002873061617 -0.00046300469197490439 -0.0010914339269991417 0.0032570495619612832 0.00049246203943530413 -0.0071990438083836964 0.00065274074057740546 -0.0022297708169804142 -0.00021712077661828819 -0.0053975143845770776 0.0030524015399576734 -0.00381521305368452 0.0025298712889933665 -0.00053641805622598598 -0.0037310404514850071 0.0068964990431110845 0.0019839484686513982 -0.0010047527852826523 0.0053927480572644893 0.0057220745461601672 0.00016454251353726815 0.0070592877861376845 -0.004559571561166864
leaf_weight=44561 328 257 211 4332 5475 290 25485 1874 2805 245 281 12548 392 48864 574 1818 531 1265 1356 388 630 1061 1207 586 246 204 202 382
leaf_count=44561 328 257 211 4332 5475 290 25485 1874 2805 245 281 12548 392 48864 574 1818 531 1265 1356 388 630 1061 1207 586 246 204 202 382
internal_value=2.59976e-05 -0.000587408 -0.00256731 -0.000420992 -0.000493826 -0.00603575 -0.000763901 0.00022904 0.000929475 0.00142202 -0.00128512 0.00114745 -0.00619881 8.89144e-05 0.000431753 0.000548038 -0.000236666 -0.000175105 -0.00236044 -0.00848012 0.00623059 -0.000155995 -0.000858818 0.000834378 0.00257205 -0.00442663 0.00525652 -0.0018478
internal_weight=158398 39389 3052 36337 35878 1006 29817 119009 19836 16228 3608 15353 673 99173 48309 46379 50864 50129 1930 678 875 2935 2046 6061 457 735 459 1589
internal_count=158398 39389 3052 36337 35878 1006 29817 119009 19836 16228 3608 15353 673 99173 48309 46379 50864 50129 1930 678 875 2935 2046 6061 457 735 459 1589
is_linear=0
shrinkage=0.02


Tree=32
num_leaves=27
num_cat=0
split_feature=23 42 75 18 44 5 48 42 20 54 63 41 57 46 63 44 59 59 75 37 51 9 9 46 41 20
split_gain=46.2306 33.4252 40.7614 29.4359 28.2476 66.0728 51.1594 34.4485 28.024 25.4971 48.6575 26.8798 25.4756 46.979 27.0627 20.6365 24.9972 20.2055 18.7316 16.76 16.2922 16.1125 16.0101 13.6491 12.0245 2.87891
threshold=0.029387486876337302 0.047279301649295953 -1.3847271365444154 68.590519034626013 -0.084893261369471937 0.018048851139743968 -0.10431888538859695 -0.061221554084063039 0.01319241963275042 0.71758325103625797 0.66700268817204311 -0.012132508245949634 0.75767106336809464 0.034133762393146715 0.26791307499158712 0.087426539331118117 0.36954252518834535 0.71797652817175606 0.69393383685550536 0.20006362094461327 0.91367500375237098 0.80523995762192146 0.43396107114585947 0.012606911152128348 -0.020850832558684803 0.015942570584654873
decision_type=8 10 10 10 8 10 10 8 10 10 10 8 10 10 10 10 10 10 10 10 2 10 10 10 10 10
left_child=1 3 23 12 5 6 -2 21 17 11 -11 -9 14 -14 -1 16 -4 -7 20 -17 -5 -6 -20 -3 -10 -23
right_child=4 2 15 18 7 8 -8 9 24 10 -12 -13 13 -15 -16 19 -18 -19 22 -21 -22 25 -24 -25 -26 -27
leaf_value=0.00052910769123784031 -0.010428099229917658 0.0014750794443340401 -0.0036894086367822644 0.0017256694033385457 0.0073485386691738456 -0.00032758995369291819 -0.0012489348117379823 -0.0014757214429553266 -0.0052678990917627202 0.0030513349018010463 -0.0068649568254072349 -0.00019513932769523902 0.0010464257373925783 -0.0062053114903479123 -0.00021655295432866393 0.0035960330244568374 -0.0012151199007605635 0.006306636737358675 -0.0022782105039628911 -0.0030613323434146816 -0.0012288292020218219 0.0031730192836736137 0.00057975369402239719 0.0096543574306589223 -0.0011950634441027345 -0.00064631664854108344
leaf_weight=34012 327 297 1288 5672 365 548 249 6427 392 201 373 38037 15229 238 46818 492 1687 258 780 207 449 200 2463 226 660 214
leaf_count=34012 327 297 1288 5672 365 548 249 6427 392 201 373 38037 15229 238 46818 492 1687 258 780 207 449 200 2463 226 660 214
internal_value=4.16166e-06 0.000230823 -0.00151929 0.000300373 -0.000511854 -0.00261109 -0.0085234 -0.000400236 -0.000773534 -0.000472435 -0.00465739 -0.000418262 0.000196245 0.000939876 5.3915e-05 -0.0022634 -0.00298992 0.00202974 0.00137085 0.000825714 0.00202189 0.00376667 0.000141184 0.00369847 -0.00292308 0.00105542
internal_weight=158109 109858 4197 105661 48251 2434 576 45817 1858 45038 574 44464 96297 15467 80830 3674 2975 806 9364 699 6121 779 3243 523 1052 414
internal_count=158109 109858 4197 105661 48251 2434 576 45817 1858 45038 574 44464 96297 15467 80830 3674 2975 806 9364 699 6121 779 3243 523 1052 414
is_linear=0
shrinkage=0.02


Tree=33
num_leaves=23
num_cat=0
split_feature=70 43 23 14 57 53 32 53 53 22 43 41 33 41 29 48 78 4 30 0 0 26
split_gain=56.4083 53.9235 41.9121 29.2064 26.1039 25.6785 44.7456 24.1659 25.0667 23.6795 25.275 22.7869 22.0566 21.3951 27.0803 18.0973 16.7191 13.8611 11.5203 8.23687 7.80666 7.30141
threshold=-1.2417227077992512 0.0050476058442934244 0.037515529057833182 -0.020452167084477942 0.97870072131742514 0.027883404369793714 -0.22414548643421614 0.011281329824295734 0.012460362432767066 -0.22070991931827258 0.016330288525755802 -0.0045725356674610742 -0.23223096784543246 -0.012718600068435169 4.2005310450032489 -0.066023517209084101 -1.0315316478680969 0.06778003628827102 0.58263536673982574 0.011396202023184922 0.0037272644625061528 1.0797935893184067
decision_type=8 10 8 10 10 10 8 8 10 8 10 10 10 10 10 10 8 10 8 10 10 10
left_child=1 13 4 9 5 6 -2 17 -9 -4 -11 -3 -7 21 16 -13 -15 -5 -17 20 -6 -1
right_child=2 11 3 7 19 12 -8 8 -10 10 -12 15 -14 14 -16 18 -18 -19 -20 -21 -22 -23
leaf_value=-0.0055575147215386608 0.006283770094278847 0.0040805234866699899 0.0071986497709516234 -0.00087896082188685472 0.0041218969683295961 0.0016740634434266705 0.00014796607187536436 -0.0016651805461632956 -0.00014457751176716565 -0.00087051237247861982 -0.0029010553390957745 -0.0049477027438085738 -0.0028438441923667314 0.0026058774601210167 -0.006664817495346833 0.0006984734897053208 -0.0030258334513830719 0.0032688445818342899 -0.0032621711751937015 0.00033592784403342141 0.0077440683611734173 -0.0097800369262034167
leaf_weight=204 951 214 313 453 663 421 111275 3753 25208 5593 3712 210 1338 244 212 729 240 1081 240 292 201 204
leaf_count=204 951 214 313 453 663 421 111275 3753 25208 5593 3712 210 1338 244 212 729 240 1081 240 292 201 204
internal_value=-5.20944e-05 -0.00303363 -4.10937e-06 -0.000560852 0.000189835 0.000159476 0.000197083 -0.000257673 -0.000387335 -0.00152178 -0.00170406 -0.000414634 -0.0022375 -0.00633303 -0.00418651 -0.00150678 -0.00156289 0.00218762 -0.000348454 0.00317891 0.00415954 -0.00997066
internal_weight=157751 2497 155254 40113 115141 113985 112226 30495 28961 9618 9305 1393 1759 1104 696 1179 484 1534 969 1156 864 408
internal_count=157751 2497 155254 40113 115141 113985 112226 30495 28961 9618 9305 1393 1759 1104 696 1179 484 1534 969 1156 864 408
is_linear=0
shrinkage=0.02


Tree=34
num_leaves=26
num_cat=0
split_feature=23 58 54 54 44 46 36 5 6 41 43 59 52 52 43 54 42 41 44 22 36 59 28 71 20
split_gain=52.6264 35.909 38.0268 62.5665 33.4735 30.9116 76.1544 48.341 44.2102 54.4422 46.7782 34.2835 29.9936 28.9778 26.6432 25.6221 40.9891 32.0289 23.2344 18.0899 15.3531 14.742 13.2693 12.3146 9.90844
threshold=0.05653184541981527 0.29429895453607541 0.57253979244754216 0.58346599610030381 -0.075688170239417693 0.034133762393146715 -0.19641039704367688 0.02356080318651017 0.019910709692244181 0.047384893400697077 0.045926452869683672 0.15822142912162687 0.60896649527140501 0.61515640900845103 0.042826534782344002 0.52376253655580474 -0.014223209447514261 0.020072361840640988 0.085219017604033179 0.20768754603931364 -0.011241359415424979 0.29393448366471059 -0.075251211900346546 -0.091370566294508945 -0.035685800983110409
decision_type=8 8 8 8 10 10 10 10 10 10 10 10 2 2 10 8 10 10 8 8 10 8 10 10 10
left_child=5 2 15 -4 -5 8 -7 22 9 10 -1 -10 19 -14 -13 17 -17 -2 -15 23 -9 -11 -8 -3 -21
right_child=1 12 3 4 -6 6 7 20 11 21 -12 14 13 18 -16 16 -18 -19 -20 24 -22 -23 -24 -25 -26
leaf_value=-9.6006831826387924e-05 -0.0017861416069163184 -0.00019079627700598417 -0.011328846556651071 -0.0048278757176342026 -0.00052466838029784015 0.0094934880810822152 -0.0031983538323459675 -0.00038793310295347493 0.0069770129488550938 -0.0057661023744221794 0.0010620113622172168 0.001586110317819991 -0.00630697743302435 -0.00043780494166611376 -0.00038519370291687996 -0.0037614565132491574 0.0066178284903878962 0.0035782467495746608 -0.0026105108263422038 0.0016065962583341603 -0.002413836531022479 -0.001973612908041275 -0.0080768815974786648 0.0017231385453555328 -0.0016411951191655822
leaf_weight=93449 1951 2280 385 654 1175 395 210 1141 240 287 10316 17690 349 9244 5324 214 428 287 3527 531 872 281 252 3823 2568
leaf_count=93449 1951 2280 385 654 1175 395 210 1141 240 287 10316 17690 349 9244 5324 214 428 287 3527 531 872 281 252 3823 2568
internal_value=-5.10407e-05 -0.000847576 -0.00236271 -0.00433318 -0.00278579 0.000116344 -0.00193591 -0.00323829 0.000162539 -1.32076e-05 2.06041e-05 0.000951107 -0.000501635 -0.00111562 0.000872388 -0.000846234 0.00267185 -0.00185708 -0.000959756 0.000373574 -0.00189573 -0.00618278 -0.00906695 0.00100557 -0.000870323
internal_weight=157873 27416 5094 2214 1829 130457 2870 2475 127587 104333 103765 23254 22322 13120 23014 2880 642 2238 12771 9202 2013 568 462 6103 3099
internal_count=157873 27416 5094 2214 1829 130457 2870 2475 127587 104333 103765 23254 22322 13120 23014 2880 642 2238 12771 9202 2013 568 462 6103 3099
is_linear=0
shrinkage=0.02


Tree=35
num_leaves=24
num_cat=0
split_feature=70 43 21 69 44 54 50 44 42 52 53 10 10 44 48 49 67 44 53 21 52 43 43
split_gain=45.3581 58.767 34.0225 24.0155 57.4211 99.9438 52.9463 42.906 48.364 36.2997 23.7981 44.0795 50.6515 44.8895 28.644 26.6711 22.841 19.4569 18.6818 17.3066 15.4044 12.7088 8.16184
threshold=-1.2417227077992512 0.0034876241680122937 0.033678663020144557 0.073917795364508904 0.00083595413199644153 0.64440326544690774 -0.0048632672604340668 0.0027441435902724192 0.0072732266117424569 0.58923790229013095 0.019586952087893923 1.339534290606885 0.38457866282074527 0.16428337884866476 -0.13097370721215904 -0.051527325845772125 0.82140958638967576 0.071648716325692488 0.013274044109080776 -0.0073085514481759919 0.7540071584189233 -0.027805872081546553 0.013165374487288274
decision_type=8 10 8 10 10 10 10 10 10 2 10 8 10 10 8 8 10 10 10 10 2 10 10
left_child=1 16 3 7 6 -6 -5 9 -9 -2 14 12 -12 -13 -4 -16 18 20 -1 -19 22 -20 -3
right_child=2 17 10 4 5 -7 -8 8 -10 -11 11 13 -14 -15 15 -17 -18 19 21 -21 -22 -23 -24
leaf_value=-1.4517911347136647e-06 0.00042224704726908106 -0.0023966253106580742 -0.0044225931432141504 0.00030272131430544294 0.00073886072613627398 0.0048429098813784896 -0.0024834236466361706 -0.00089269061465454484 0.00023445238157061881 0.0028853779397581946 0.0043885599154740631 0.0042873734280210055 -0.0026698246812179838 -0.0044937975516713691 0.0043629195298171743 -0.00026699012858158238 -0.0087540040138945896 -0.00044175641143969646 -0.0023355922752597755 0.004891137139754944 -0.0033131469325155516 -0.0059981116002034065 0.00078127055458681813
leaf_weight=268 12790 220 274 4945 30158 1017 2676 24079 32513 3502 367 995 4070 404 542 37187 301 252 248 249 205 304 469
leaf_count=268 12790 220 274 4945 30158 1017 2676 24079 32513 3502 367 995 4070 404 542 37187 301 252 248 249 205 304 469
internal_value=-5.68225e-06 -0.00266905 3.741e-05 0.000222759 0.000624739 0.0010052 -0.000931252 8.75352e-06 -0.000251586 0.000913153 -0.000434717 -0.00162378 -0.00259982 0.00147 -0.000252026 -0.000205089 -0.00607665 7.02006e-05 -0.00433374 0.00322311 -0.00169609 -0.006434 -0.000257971
internal_weight=158035 2516 155519 111680 38796 31175 7621 72884 56592 16292 43839 5836 4437 1399 38003 37729 1121 1395 820 501 894 552 689
internal_count=158035 2516 155519 111680 38796 31175 7621 72884 56592 16292 43839 5836 4437 1399 38003 37729 1121 1395 820 501 894 552 689
is_linear=0
shrinkage=0.02


Tree=36
num_leaves=22
num_cat=0
split_feature=21 57 46 50 49 4 50 20 70 43 0 46 51 53 41 41 53 68 63 42 18
split_gain=45.0138 29.517 29.7542 33.4267 32.0293 29.042 31.0247 43.6227 26.2659 62.5926 25.7704 25.6975 24.256 40.4998 38.5844 23.1591 22.686 21.5103 20.433 19.9351 19.2676
threshold=0.024283314032409135 0.76550929407497204 0.03709626144380785 0.040238425747243907 0.012038798034877176 -0.30076636353637742 0.058484836743913589 0.027437244731783553 -1.2417227077992512 0.010815702670425755 -0.029326788012918489 0.009711183688914788 0.72080650082043596 0.024132713091028688 0.043315982784673641 -0.0057303601114631056 0.013274044109080776 1.4376553431387582 0.59749732508677167 0.011445029566413025 78.581799854620868
decision_type=8 10 10 10 10 8 10 10 8 10 10 10 2 10 10 10 10 10 10 10 10
left_child=1 10 3 11 -5 -2 8 20 9 -7 15 -3 14 -14 -12 16 -1 -10 -9 -17 -8
right_child=5 2 -4 4 -6 6 7 18 17 -11 12 -13 13 -15 -16 19 -18 -19 -20 -21 -22
leaf_value=0.0070833948401696255 0.009695700922620407 0.0011257840096775252 -0.0042965826490438787 0.0080862479654683159 0.0019756604149488385 -0.0051213987443887053 -0.0016058641010091609 -0.0019463749127510684 -0.00049221641031852088 0.0033461181251369177 -0.00011554476427657584 -0.00090904490542990522 0.00066309175685369136 -0.0022840469420079353 -0.0030945759776722977 -0.0016863597150595148 0.0020594983773478404 0.00077471526005764234 -0.0077536106004847906 0.0031510796054895658 0.0029570611487770826
leaf_weight=677 256 10324 240 457 2157 656 940 213 43605 257 58984 3060 21899 1598 1091 1059 1746 6873 596 699 374
leaf_count=677 256 10324 240 457 2157 656 940 213 43605 257 58984 3060 21899 1598 1091 1059 1746 6873 596 699 374
internal_value=-1.88765e-05 0.000224036 0.00100733 0.00111244 0.00318088 -0.000488702 -0.000520938 -0.00288983 -0.000422984 -0.00378337 7.90619e-05 0.000708106 2.36919e-06 0.000547196 -0.0002107 0.00161119 0.00287871 -0.000362091 -0.00654074 -0.000135304 -0.000637262
internal_weight=157761 103991 16238 15998 2614 53770 53514 2123 51391 913 87753 13384 83572 23497 60075 4181 2423 50478 809 1758 1314
internal_count=157761 103991 16238 15998 2614 53770 53514 2123 51391 913 87753 13384 83572 23497 60075 4181 2423 50478 809 1758 1314
is_linear=0
shrinkage=0.02


Tree=37
num_leaves=27
num_cat=0
split_feature=32 44 57 46 44 57 6 6 6 50 57 40 46 60 47 57 23 6 46 54 33 60 42 30 37 57
split_gain=28.0329 48.711 48.9292 53.2048 40.7832 53.829 62.4573 51.6202 49.2366 61.3158 74.0784 38.2811 36.7428 33.7374 28.8146 29.1036 28.0439 23.6033 21.3623 32.6134 14.4651 13.1698 12.7235 10.5056 9.49617 8.92178
threshold=0.21128816567500777 0.1062109515439026 0.27608028807682056 0.014470213994981699 0.12547988852472428 0.41523581429624173 0.011573059993301707 0.04482431517779429 0.060421667068357159 0.071921925095346353 0.3635430278140751 0.0012764082946071483 0.014470213994981699 0.53949969076668258 -0.15327845528716069 0.14040715040669091 0.037515529057833182 0.015324295652932489 0.0090394282231521846 0.46506699812190705 0.020997842229631476 0.69849768112337729 0.021171023080924781 0.65526956575881912 -0.033246273232985561 0.63936092659757049
decision_type=10 10 8 10 10 8 8 10 10 10 10 10 10 10 10 8 8 10 10 10 10 10 10 10 10 10
left_child=4 18 3 -3 8 7 -7 13 9 16 -11 17 -8 -6 -10 -16 -1 -4 22 20 -20 -21 23 -2 -24 -13
right_child=1 2 11 -5 5 6 12 -9 14 10 -12 25 -14 -15 15 -17 -18 -19 19 21 -22 -23 24 -25 -26 -27
leaf_value=0.0001409000872819299 -0.00028799158773620451 0.0059999566470622665 -0.0016221331348404903 -0.0093275408659323489 -0.0044300636798084766 -0.0070766428933082158 -0.00054483926392906923 -0.012518663514047736 0.00048648774476626132 0.0035000440150650641 -0.0059531962356558022 0.0044712477731321454 0.0032044602993178007 -7.3415200370098566e-05 0.015731063866521705 0.0028688047143449412 -0.00047314580991029672 0.0041773162258622078 -0.0048127014124732378 -0.0019590600745109316 -0.0090368157835351848 0.0025689792175870754 0.005401020452541724 0.0026307589757551346 0.0012651597492850423 0.012326881679563934
leaf_weight=107270 2030 237 249 272 1097 260 1460 271 374 223 638 252 913 942 302 271 36584 1621 226 619 311 450 257 626 293 343
leaf_count=107270 2030 237 249 272 1097 260 1460 271 374 223 638 252 913 942 302 271 36584 1621 226 619 311 450 257 626 293 343
internal_value=-9.45755e-06 0.00116065 0.00317244 -0.00246667 -6.99707e-05 -0.00185639 9.79499e-05 -0.00408395 -9.32289e-06 -3.90973e-05 -0.00535731 0.0043382 0.00111963 -0.00298922 0.00453376 0.00734843 -7.2156e-06 0.00292785 -8.26927e-05 -0.00196515 -0.00598141 5.42056e-05 0.000859994 0.000285284 0.00362613 0.00875503
internal_weight=158391 7786 2974 509 150605 4943 2633 2310 145662 144715 861 2465 2373 2039 947 573 143854 1870 4812 1606 537 1069 3206 2656 550 595
internal_count=158391 7786 2974 509 150605 4943 2633 2310 145662 144715 861 2465 2373 2039 947 573 143854 1870 4812 1606 537 1069 3206 2656 550 595
is_linear=0
shrinkage=0.02


Tree=38
num_leaves=26
num_cat=0
split_feature=53 6 68 75 44 57 0 54 44 49 54 22 44 60 49 11 16 53 53 36 37 22 37 46 66
split_gain=31.7056 109.633 65.9338 33.3799 93.0763 44.011 25.2261 30.0874 37.9856 26.508 25.7732 26.6149 22.4213 73.6132 42.9579 29.0058 25.8657 51.4825 33.1982 22.1482 20.7471 15.6314 13.9843 8.32683 8.28039
threshold=0.020765563179641202 0.014693879811465435 -1.1990656153146981 0.43671139485153082 0.17681011950591644 0.52426171136085464 -0.030752029086140494 0.5475143567272901 -0.026640248124310536 0.003037062508775779 0.41303872162117189 0.017519537614676176 0.12426041513643817 0.29586483081353498 0.020559575536736822 -0.016111777278393521 0.078628997251808844 0.020587867958909118 0.019995064656600326 0.083661752876824369 0.17610063364432615 -0.093201457816399977 -0.011771078600566738 0.012026607345245589 0.4948024049412813
decision_type=10 8 10 10 10 8 8 10 10 10 8 10 10 8 10 10 8 10 10 10 8 8 10 10 10
left_child=6 19 20 5 -5 -4 7 10 22 -10 11 -1 16 14 -14 -15 17 -8 -18 23 24 -12 -9 -2 -3
right_child=1 2 3 4 -6 -7 12 8 9 -11 21 -13 13 15 -16 -17 18 -19 -20 -21 -22 -23 -24 -25 -26
leaf_value=-0.0001913654990487696 -0.0022401238658294386 0.0063394532128027391 -0.0011384699961992555 -0.0030277497438536832 0.0041491484530606394 0.002409850379763961 0.00012316446962764308 -0.0026539867890929447 0.0077313781009340637 0.0013378192421655052 0.002085797525742763 0.0081027740815371365 -0.0058638130460892312 0.0029307132689324849 -0.0010399308953370572 -0.00050072488417107818 -0.00047319047040522076 0.005162292493413009 -0.0048093301306162918 -0.0086081001468274933 0.012395561348412456 -0.0037374956792239969 0.0014504907881864083 -0.0053325109717716384 -0.00089526270165763398
leaf_weight=400 203 252 3478 2992 547 1529 116916 301 1085 479 415 232 907 988 806 2870 20268 541 379 214 368 958 620 237 212
leaf_count=400 203 252 3478 2992 547 1529 116916 301 1085 479 415 232 907 988 806 2870 20268 541 379 214 368 958 620 237 212
internal_value=-3.60182e-05 -0.00112409 -0.000571276 -0.00109489 -0.00258136 -4.35304e-05 3.7647e-05 0.00151369 0.00298391 0.00488051 -0.000308076 0.00303002 -8.47741e-06 -0.00125233 -0.00470128 0.000279347 4.16929e-05 0.000156464 -0.0006111 -0.00903511 0.00479952 -0.00184716 -0.000236443 -0.00643537 0.00197419
internal_weight=158197 10032 9378 8546 3539 5007 148165 4490 2485 1564 2005 632 143675 5571 1713 3858 138104 117457 20647 654 832 1373 921 440 464
internal_count=158197 10032 9378 8546 3539 5007 148165 4490 2485 1564 2005 632 143675 5571 1713 3858 138104 117457 20647 654 832 1373 921 440 464
is_linear=0
shrinkage=0.02


Tree=39
num_leaves=31
num_cat=0
split_feature=23 45 52 43 48 44 10 32 57 58 53 57 46 52 43 32 46 10 44 48 43 57 38 69 23 25 43 32 75 3
split_gain=39.8382 35.9965 39.2905 62.7627 38.8193 36.47 36.7985 33.0446 32.492 31.9813 30.018 25.7356 28.6273 25.5082 27.2849 34.4713 30.2363 26.2765 37.0625 25.4663 23.1876 19.9659 18.9245 15.3012 13.4379 13.1002 12.42 10.7841 9.18964 6.18388
threshold=0.0090995455996218961 0.0044010251167310123 0.60896649527140501 -0.0065996135389039248 -1.0000000180025095e-35 0.083204900209581836 1.0640456446327973 0.15272141582685497 0.45578784908706282 0.57553978112984339 0.010989559495124484 0.16419481539670075 0.003497803715419317 0.87837381916329293 0.082894945459941152 -0.17069928663424924 0.037447664556304973 0.79738622108361368 0.0027441435902724192 -0.016922285815210044 0.052023794148548304 0.7458505509641874 0.87908541105483462 -0.2579858622289497 0.061013162822795459 0.15195179914784443 0.092885337915906155 -0.0097760806447183528 0.60453634694884439 0.028252686673815201
decision_type=8 8 2 10 10 10 8 8 8 8 8 10 10 2 10 8 10 10 10 10 10 10 10 8 10 10 10 10 10 10
left_child=13 5 4 8 10 11 28 -5 -4 -6 -3 24 -13 14 15 19 -17 18 -15 -1 -20 -8 25 29 -2 -19 -25 -24 -7 -16
right_child=1 2 3 7 9 6 21 -9 -10 -11 -12 12 -14 17 23 16 -18 22 20 -21 -22 -23 27 26 -26 -27 -28 -29 -30 -31
leaf_value=0.0065639014895120364 -0.00061125175459830771 0.002576544779290152 0.00017314997999483527 -0.0010119262409885802 0.0066926360513770797 -0.0021850664071294168 -0.002275641631065339 0.00053926040548682626 -0.0059161771653880348 -0.00095540768271777231 -0.00025620591870860292 -0.0019109281026792016 0.0015474901224340999 -0.0030836269659680407 -0.0069103512685855083 0.00019498728428976196 -0.0036819286242234647 0.00039129577161388428 0.0016214739756005541 -0.0013385322623342413 0.00582453436453208 -0.0073770894666992217 -0.0074082457848114926 0.0019589028368917597 -0.0054543689234999538 0.0034318762473671263 -0.002083597874716825 6.8580915739451293e-05 0.0037175956029907404 -0.0024899624381777264
leaf_weight=1025 926 1191 243 25535 383 232 460 4967 679 229 25617 879 8252 204 246 80890 375 1313 543 446 705 344 234 235 303 442 484 200 299 297
leaf_count=1025 926 1191 243 25535 383 232 460 4967 679 229 25617 879 8252 204 246 80890 375 1313 543 446 705 344 234 235 303 442 484 200 299 297
internal_value=-1.84475e-05 -0.000372243 -0.000573677 -0.00105642 -2.03494e-05 0.000641074 -0.00246856 -0.000900829 -0.00619502 0.00495595 -0.000134209 0.00104218 0.00140802 0.000266294 0.000195217 0.000239772 0.000184801 0.001905 0.00399036 0.0032731 0.00528263 -0.00516522 0.000519635 -0.00272209 -0.00167317 0.00144533 -0.000802778 -0.00321379 0.00161278 -0.00525368
internal_weight=158178 70539 58844 31424 27420 11695 1335 30502 922 612 26808 10360 9131 87639 83998 82736 81265 3641 1452 1471 1248 804 2189 1262 1229 1755 719 434 531 543
internal_count=158178 70539 58844 31424 27420 11695 1335 30502 922 612 26808 10360 9131 87639 83998 82736 81265 3641 1452 1471 1248 804 2189 1262 1229 1755 719 434 531 543
is_linear=0
shrinkage=0.02


Tree=40
num_leaves=28
num_cat=0
split_feature=73 46 71 53 14 50 54 46 44 49 4 51 53 71 49 41 53 54 46 30 9 14 44 57 44 39 31
split_gain=29.9154 33.9034 60.9588 55.1544 50.7507 47.8742 46.9692 37.1178 49.0463 32.1006 30.5875 30.579 52.1858 60.7495 32.9063 28.8721 28.1396 25.3885 20.9132 20.4392 19.3293 19.2934 28.2712 18.8153 17.1215 15.8749 10.3381
threshold=0.2300961180360365 0.0071743218066912407 -0.38316998888278636 0.0124930391412386 -0.01287217776855659 -0.00067490822405585893 0.57574027341050227 0.00603620810576295 0.061421842166587422 -0.050182541222611059 0.20980790202131264 0.72080650082043596 0.024132713091028688 0.2465521180753929 0.015048344705518081 0.015657958124913666 0.01121179493763527 0.54044840791254367 0.0099684042768321043 0.65856758538596438 -0.34212968508068548 -0.22074147548304754 0.14199908989674739 0.67087280736671728 0.038595386389423288 0.037768199311523705 0.019891972104237435
decision_type=8 8 8 10 10 10 10 10 10 8 10 2 10 8 10 10 10 10 10 8 10 10 10 10 10 10 10
left_child=10 4 3 5 17 -3 -5 16 -9 26 11 14 15 -14 20 -13 -6 24 -11 -16 -1 -12 25 -24 -2 -23 -4
right_child=1 2 9 6 7 -7 -8 8 -10 18 21 12 13 -15 19 -17 -18 -19 -20 -21 -22 22 23 -25 -26 -27 -28
leaf_value=0.0029376705573538327 -0.0032847591315852227 -0.00613578515911028 0.0059330595720466506 -6.3166545503757506e-05 0.0021334803476539478 -0.0018506855083035101 -0.0021994541883947954 0.00069225218220203099 0.0040714838440405543 -0.00069424285038956755 -0.0059566105452878368 0.0013807933856896473 -0.0034037475190110494 0.0036598096929039182 -0.00057951370662831416 0.00015214879710628057 -0.00029474273275322384 0.0047217293731703939 0.00050089977995273929 -0.0027335972446973496 3.1368977620775329e-06 0.0010741935248243801 0.002380268721153953 0.0075619815283141144 -0.0011175320145336324 0.0053853643818899555 0.00045756189097103522
leaf_weight=1093 1545 534 452 5678 1841 616 6324 4803 1677 13002 250 13786 1683 468 4189 10784 12159 215 9205 1972 59320 2844 399 410 2453 322 221
leaf_count=1093 1545 534 452 5678 1841 616 6324 4803 1677 13002 250 13786 1683 468 4189 10784 12159 215 9205 1972 59320 2844 399 410 2453 322 221
internal_value=-2.89423e-06 -0.000351382 -0.000742597 -0.00182757 0.000219406 -0.00601043 -0.00142614 0.000630731 0.00188212 -0.000118789 0.000214087 0.000138677 0.000710201 -0.00227602 -9.06947e-05 0.000971796 5.12821e-05 -0.00177931 -0.00024937 -0.00148296 5.12795e-05 0.00187837 0.00221781 0.00555309 -0.00214004 0.00136344 0.00418101
internal_weight=158245 60725 36032 13152 24693 1150 12002 20480 6480 22880 97520 93295 26721 2151 66574 24570 14000 4213 22207 6161 60413 4225 3975 809 3998 3166 673
internal_count=158245 60725 36032 13152 24693 1150 12002 20480 6480 22880 97520 93295 26721 2151 66574 24570 14000 4213 22207 6161 60413 4225 3975 809 3998 3166 673
is_linear=0
shrinkage=0.02


Tree=41
num_leaves=23
num_cat=0
split_feature=70 51 21 52 50 45 53 46 36 6 53 5 70 68 45 30 46 45 53 53 8 58
split_gain=37.5521 39.1671 29.8029 31.8241 33.9044 32.8866 57.4965 26.0076 54.2822 35.8069 55.4506 30.8529 24.1814 20.0684 20.0047 19.3592 15.4926 32.7623 17.1915 25.1594 13.445 11.2495
threshold=-1.2417227077992512 0.33718699867475771 0.06277847494966439 0.67781798799304283 0.02923174239088944 0.008608745599874441 0.013486821267546393 0.034948848981301156 -0.19641039704367688 0.021166156251801117 0.021694370836547013 0.02356080318651017 -0.60661472144504136 0.1175336469481509 0.0032935054274532568 0.35839542121357809 0.0071743218066912407 0.0065133517349104568 0.013427137220558036 0.016025399271780972 0.0029832937061942213 0.017806205099309764
decision_type=8 2 10 2 10 10 10 10 10 10 10 10 10 10 10 10 8 10 10 10 10 10
left_child=1 21 7 5 14 13 -7 9 -9 10 -2 -10 -11 -4 -5 -6 17 20 -18 -20 -3 -1
right_child=2 16 3 4 15 6 -8 8 11 12 -12 -13 -14 -15 -16 -17 18 -19 19 -21 -22 -23
leaf_value=-0.0038770938307419391 6.5778665783918969e-05 -0.0042169194573288002 -0.00096588908258458679 0.0022866115222240548 0.00063648410628363325 -0.0051476085778416961 -0.00023764167585592325 0.0090058633183777125 -0.0054053169759481602 0.0031423904269958281 -0.0035747220814714223 -0.0014990550811189007 0.0010156056234517769 0.0016616266139548215 -0.0033931873410846542 -0.0013100858503994296 0.0012159348217465245 0.005374384208422611 -0.0049287056471595588 -0.00082531850195089167 0.0013045438896860228 -0.009387192974609675
leaf_weight=282 109975 213 1261 273 3064 700 5620 374 364 1056 1042 1748 18680 4239 3197 4059 259 201 499 639 237 201
leaf_count=282 109975 213 1261 273 3064 700 5620 374 364 1056 1042 1748 18680 4239 3197 4059 259 201 499 639 237 201
internal_value=-2.38836e-05 -0.00243997 1.54061e-05 -0.00065932 -0.00145535 5.39717e-05 -0.000929916 0.000128925 -0.00189706 0.000167475 2.79054e-05 -0.0031415 0.000952424 0.00118488 -0.00307635 -0.000665076 -0.00122889 0.00131595 -0.00241631 -0.00347498 -0.00168071 -0.00755785
internal_weight=158183 2531 155652 22413 10593 11820 6320 133239 2486 130753 111017 2112 19736 5500 3470 7123 2048 651 1397 1138 450 483
internal_count=158183 2531 155652 22413 10593 11820 6320 133239 2486 130753 111017 2112 19736 5500 3470 7123 2048 651 1397 1138 450 483
is_linear=0
shrinkage=0.02


Tree=42
num_leaves=24
num_cat=0
split_feature=70 44 21 53 51 50 6 48 45 44 52 6 41 45 48 45 46 71 29 68 44 45 41
split_gain=33.8518 48.9022 28 38.6743 28.6995 28.8708 41.8101 40.0859 26.4706 41.2762 32.079 25.3989 39.175 24.8754 41.4134 24.4127 19.0368 17.4854 15.5016 12.7223 12.0848 11.4193 10.355
threshold=-1.2417227077992512 0.034756918671103317 0.01238685046745547 0.010900370658205363 0.72080650082043596 0.029886193737194925 0.054967886072152423 -0.0483252178063081 0.0044010251167310123 0.083204900209581836 0.60896649527140501 0.020426402610824932 0.043315982784673641 0.018619044111080962 -0.080661721708004772 0.017937732423117535 0.0085880021556120189 -0.35628012608404941 3.5820286870269338 -0.45543732712158796 0.074067882119761466 0.0047295390052821016 0.0012062579597972303
decision_type=8 10 8 8 2 10 8 10 8 10 2 10 10 10 8 10 10 10 10 10 10 10 10
left_child=1 13 4 17 11 7 -7 -6 9 -5 -10 12 -2 14 -1 -13 -16 21 22 -19 -20 -4 -3
right_child=2 18 3 8 5 6 -8 -9 10 -11 -12 15 -14 -15 16 -17 -18 19 20 -21 -22 -23 -24
leaf_value=-0.009475091675748044 -0.00010009360289125486 -0.0034361841946187045 0.001870577257560976 0.00088069603930181889 -0.00046357513368116117 0.0001179872989276595 0.0091026096371266546 0.0023545533802043594 -3.7366470952096448e-05 -0.0028619087037378955 -0.00090169841386591174 0.0015971183902834475 -0.0034185865862100683 0.0011351227859616344 -0.0054848642904362244 -0.0010410400431552767 -0.00036560061480496702 -0.0054718783387058025 0.00030414590538014496 0.001401371910510777 0.0038179800577349187 0.0041556711276254923 0.00051750136180574299
leaf_weight=266 52022 232 482 8677 2598 14198 210 7485 24193 1235 29109 10699 703 234 508 1972 344 201 275 1090 267 473 363
leaf_count=266 52022 232 482 8677 2598 14198 210 7485 24193 1235 29109 10699 703 234 508 1972 344 201 275 1090 267 473 363
internal_value=-2.30491e-05 -0.00233655 1.40201e-05 -0.000300606 0.000243169 0.000827127 0.000252481 0.00164796 -0.00039228 0.000556643 -0.000568786 2.44354e-05 -0.000168759 -0.00490613 -0.00614656 0.000828441 -0.00398359 0.0022777 0.000718805 0.000756966 0.0031639 0.00432845 -0.00150671
internal_weight=157836 2489 155347 65460 89887 24491 14408 10083 63214 9912 53302 65396 52725 1352 1118 12671 852 2246 1137 1291 542 955 595
internal_count=157836 2489 155347 65460 89887 24491 14408 10083 63214 9912 53302 65396 52725 1352 1118 12671 852 2246 1137 1291 542 955 595
is_linear=0
shrinkage=0.02


Tree=43
num_leaves=24
num_cat=0
split_feature=70 44 12 46 58 44 42 4 46 78 43 5 70 45 48 44 69 26 37 51 43 4 1
split_gain=44.8247 44.1931 30.7631 32.9035 43.7353 43.5472 24.1576 23.1813 23.1484 23.0198 24.5149 57.7317 29.0153 18.2708 42.1106 21.1446 14.091 11.0847 10.2942 9.78314 9.64398 7.46789 7.20754
threshold=-1.2417227077992512 0.034756918671103317 0.061082357694025931 0.0078665738142540773 0.35379839520293926 0.15576978428121704 0.044644858356760693 -0.30076636353637742 0.0076879613927589461 1.886259294010366 0.057674958098814406 0.012889300844030159 1.0237815160142894 0.018619044111080962 -0.080661721708004772 -0.0064837249746421679 -0.33557890163101367 1.2184197832916805 -0.26409179464364274 0.65974862536222856 0.023435001847589291 0.094280372814194893 -0.024357414488250958
decision_type=8 10 8 8 8 10 10 8 10 10 10 10 10 10 8 8 8 10 8 2 10 10 10
left_child=1 13 9 6 5 -5 8 -6 -4 10 12 -12 -2 14 -1 -16 19 21 -18 -3 -20 -11 -19
right_child=2 16 3 4 7 -7 -8 -9 -10 17 11 -13 -14 -15 15 -17 18 22 20 -21 -22 -23 -24
leaf_value=-0.0085706825942831379 7.1901762593828175e-05 -0.0046607772851830253 -0.00010535734500014507 -0.002293364895906543 0.0072025471636672986 0.0029757318726509286 0.0053096881936498443 -0.00050799207689125765 0.0026014579024257966 -0.002166389451752823 0.0039705376117540698 5.7302521315880182e-05 0.0020365727230031491 -0.0001240245014560773 0.0010827571467631792 -0.0046673816592505604 0.0031324797439890978 -0.001095115151214787 0.0020216286181617689 0.00044582445309245894 -0.0020405717938879026 0.00025840966475763281 0.0017021326978628147
leaf_weight=270 102528 238 14469 5226 291 335 302 15100 996 1933 1383 2759 9094 222 204 604 205 410 279 210 202 350 357
leaf_count=270 102528 238 14469 5226 291 335 302 15100 996 1933 1383 2759 9094 222 204 604 205 410 279 210 202 350 357
internal_value=-1.70794e-05 -0.00270965 2.5062e-05 -0.000480882 -0.00100024 -0.00252032 0.000209158 -0.000450754 9.94439e-05 0.000181442 0.000226649 0.00173739 0.000170556 -0.00522521 -0.00630028 -0.00400247 0.000174449 -0.00153327 0.00197671 -0.00257906 0.000369295 -0.00223205 0.000544271
internal_weight=157967 2434 155533 36719 20952 5561 15767 15391 15465 118814 115764 4142 111622 1300 1078 808 1134 3050 686 448 481 2283 767
internal_count=157967 2434 155533 36719 20952 5561 15767 15391 15465 118814 115764 4142 111622 1300 1078 808 1134 3050 686 448 481 2283 767
is_linear=0
shrinkage=0.02


Tree=44
num_leaves=23
num_cat=0
split_feature=70 49 44 23 53 4 50 14 51 51 51 53 22 53 50 45 49 56 16 6 10 52
split_gain=35.444 61.8315 29.2964 26.5081 47.1501 28.2604 24.3566 23.8979 22.6238 34.4393 29.46 22.5734 30.6215 30.5148 21.1057 25.0569 17.1347 13.9891 13.9582 8.8899 7.52237 6.6598
threshold=-1.2417227077992512 -0.016455705772573045 0.071648716325692488 0.0090995455996218961 0.01121179493763527 0.27168638439641274 0.036374677705069532 -0.01287217776855659 0.72080650082043596 0.73595283317505544 0.71353216750706305 0.020109398955297661 -0.22070991931827258 0.013639970853982417 -0.0105723789636033 0.01057369107087156 -0.009530642283459732 0.4916492329149233 0.018576971944720636 0.010617324587927118 0.47425759060794376 0.7466262472402404
decision_type=8 10 10 8 8 10 10 10 2 2 2 10 8 8 8 10 10 10 10 10 10 2
left_child=1 20 14 5 7 8 18 19 10 -10 -2 13 -13 -6 -3 -16 -9 -4 -7 -5 -1 -8
right_child=3 2 17 4 11 6 21 16 9 -11 -12 12 -14 -15 15 -17 -18 -19 -20 -21 -22 -23
leaf_value=-0.0092996521448992751 0.00010922653130336665 0.0019800969117366278 0.00032859311717705806 0.0017458245159746814 -0.00068914924759743768 0.0069923873120833549 0.0091430523911158329 -0.0012719881454075299 0.003756989512055886 0.00055864966566734507 -0.0020289332062640962 0.0091537532338737803 -0.0016691805571718468 9.6229852714546613e-05 -0.0010963377137701382 -0.0051629606619903613 0.0027427664640958696 0.0050109130871046062 -0.0017455386093226321 -0.0027455726669475041 -0.0059960886301424401 0.0046519149854448829
leaf_weight=202 60154 270 300 203 23099 202 232 269 1169 22093 1567 206 5465 36310 947 359 2890 200 547 689 208 654
leaf_count=202 60154 270 300 203 23099 202 232 269 1169 22093 1567 206 5465 36310 947 359 2890 200 547 689 208 654
internal_value=2.13479e-05 -0.00234741 -0.000942706 5.91846e-05 -0.000232859 0.000292292 0.00289609 0.00186032 0.00024214 0.000773675 4.17679e-05 -0.000363209 -0.00156876 -0.000248073 -0.00228155 -0.00333435 0.00267658 0.00326946 0.000237333 -0.001028 -0.00943552 0.00513867
internal_weight=158235 2486 2076 155749 69131 86618 1635 4051 84983 23262 61721 65080 5671 59409 1576 1306 3159 500 749 892 410 886
internal_count=158235 2486 2076 155749 69131 86618 1635 4051 84983 23262 61721 65080 5671 59409 1576 1306 3159 500 749 892 410 886
is_linear=0
shrinkage=0.02


Tree=45
num_leaves=30
num_cat=0
split_feature=23 57 44 52 46 43 77 44 42 43 10 38 53 43 70 42 46 46 75 43 46 52 44 44 14 43 78 70 70
split_gain=30.54 29.849 72.3906 105.836 61.0282 43.3854 42.6492 32.3233 51.7386 45.8162 30.639 34.5199 29.1038 28.6893 28.3712 33.0345 28.8856 45.9582 28.1828 25.2804 21.6919 21.4142 34.4071 26.3903 29.6728 25.9781 20.4983 19.8278 7.46132
threshold=0.064544487055222213 0.70233077002500466 0.00083595413199644153 0.61515640900845103 0.016394563203530752 -0.0021242790001379515 0.25754249361100129 0.0054263925454041137 0.0065143588825852259 -0.053124800089148654 1.6263464685018609 0.53486471419058546 0.012777454774730929 0.01673602967493593 -0.83957875746007027 -0.01346065179162753 0.011835908005302669 0.0081859706254185215 0.97316567962247025 -0.041568662658542747 0.0078843922265568241 0.67781798799304283 0.060411507011390649 0.085219017604033179 -0.17459246597593051 0.025030782174737202 0.61824035068890304 -0.16772741531070989 -0.63275353886794572
decision_type=8 10 10 2 10 10 10 10 10 10 10 8 10 10 8 10 10 8 10 10 8 2 10 8 8 10 8 8 10
left_child=1 7 3 12 5 -4 -5 10 9 -9 11 -1 -3 -10 15 16 17 -2 20 -12 -17 22 27 25 -25 -23 -24 -16 -6
right_child=14 2 4 6 28 -7 -8 8 13 -11 19 -13 -14 -15 21 18 -18 -19 -20 -21 -22 23 26 24 -26 -27 -28 -29 -30
leaf_value=-0.0027718007649258575 -0.005673691865758986 -0.0023910926314508331 0.0026427818433823348 -0.0027870502227784017 0.0085226589029973009 0.00049079396132054639 -0.0084450423880255698 0.0092226668705265684 0.0010461997353318311 -0.00086307443007834666 -0.0016595701130173318 0.00053370022332743057 0.00050111302947380509 -9.0907501214183956e-05 -0.0013313753315694879 0.0013150980785935082 -0.0085474347984176077 0.0023816421855458771 0.0027923656060611559 0.0085956510364636682 -0.0045320183403487011 -0.0020971381690914311 0.005151157916875153 -0.012778863240571344 -0.00252637920439779 0.00061759492810036399 -3.9024060197836649e-05 0.00022592079117367728 0.0048393603168898824
leaf_weight=579 267 668 4795 702 232 21750 494 238 10511 32297 297 21690 4515 35464 2795 209 316 278 395 702 412 2408 1008 249 2670 4143 605 7420 201
leaf_count=579 267 668 4795 702 232 21750 494 238 10511 32297 297 21690 4515 35464 2795 209 316 278 395 702 412 2408 1008 249 2670 4143 605 7420 201
internal_value=-6.55671e-06 0.000108469 0.000627676 -0.00128809 0.00108077 0.000959015 -0.00664829 -6.16827e-05 -0.000255735 -0.000866056 0.000592978 0.000439066 -4.97685e-05 0.000176135 -0.000677339 -0.00303408 -0.00591415 -0.00310989 -0.000588004 0.004018 -0.00324437 -0.000469412 9.7895e-05 -0.00117812 -0.00275959 -0.000472833 0.00281165 -0.000330658 0.00852074
internal_weight=158310 135135 33357 6379 26978 26545 1196 101778 78510 32535 23268 22269 5183 45975 23175 1877 861 545 1016 999 621 21298 11828 9470 2919 6551 1613 10215 433
internal_count=158310 135135 33357 6379 26978 26545 1196 101778 78510 32535 23268 22269 5183 45975 23175 1877 861 545 1016 999 621 21298 11828 9470 2919 6551 1613 10215 433
is_linear=0
shrinkage=0.02


Tree=46
num_leaves=24
num_cat=0
split_feature=70 43 23 6 53 53 42 6 60 71 44 69 53 36 70 53 42 42 48 75 48 42 19
split_gain=30.3404 39.1592 25.5751 34.0684 74.467 71.8351 42.961 37.2636 28.4583 23.075 19.9422 37.7661 30.1033 25.5435 22.7915 18.1295 17.6558 34.7385 16.1205 14.003 11.4387 13.7147 11.7259
threshold=-1.2417227077992512 0.0064453929227689119 0.10370614367440413 0.019798182724293744 0.020765563179641202 0.020587867958909118 0.016993297900159025 0.014974875662310457 0.74949080123618128 -0.1751136644006778 0.090415435247257495 -0.24936112690690584 0.019740411233197957 -0.16849136260659145 -0.46671942904243996 0.019858296365560999 0.010309072480018335 -0.013029648079008969 -0.066023517209084101 1.0622805619338163 -0.0052316410905567925 0.013757874189341381 0.83008742869107455
decision_type=8 10 8 10 10 10 10 8 10 10 10 8 10 8 8 10 10 10 8 10 10 10 10
left_child=1 16 3 4 5 -2 8 -6 -5 -8 13 15 -13 -4 -15 -12 17 19 -3 -1 22 -22 -20
right_child=2 18 10 6 7 -7 9 -9 -10 -11 11 12 -14 14 -16 -17 -18 -19 20 -21 21 -23 -24
leaf_value=-0.004874764793704571 -2.826932765592774e-05 -0.0032539600135187184 0.013018986713078452 0.00049978245524973629 -0.0054127884868309948 0.0066367544236534412 -0.002158140539740349 -0.0018903448370274011 0.0026816434922760902 0.00010052005404069489 -0.0044317095011502088 -0.0045570903431703703 0.0038788911346455137 -0.0026889442830034184 -0.00036788526134471419 -0.012985828286229059 -0.0073289462303404579 0.0012737877213968853 1.9331075332051918e-05 -0.0074743962707418564 -0.0035069446477079026 0.0010615324312466289 0.0045544488824344736
leaf_weight=376 111453 212 213 9521 606 407 1699 1135 10452 9399 203 622 374 975 8073 232 268 326 221 203 202 430 256
leaf_count=376 111453 212 213 9521 606 407 1699 1135 10452 9399 203 622 374 975 8073 232 268 326 221 203 202 430 256
internal_value=-7.58905e-06 -0.00219559 2.75352e-05 9.73091e-05 -6.31855e-05 6.97294e-07 0.000684153 -0.00416648 0.00123851 -0.000313362 -0.0009163 -0.00311313 -0.000960883 -0.000576333 -0.000737982 -0.00802294 -0.00485349 -0.00350773 0.000164902 -0.00644483 0.00113333 -0.000628752 0.00346862
internal_weight=157858 2494 155364 144672 113601 111860 31071 1741 19973 11098 10692 1431 996 9261 9048 435 1173 905 1321 579 1109 632 477
internal_count=157858 2494 155364 144672 113601 111860 31071 1741 19973 11098 10692 1431 996 9261 9048 435 1173 905 1321 579 1109 632 477
is_linear=0
shrinkage=0.02


Tree=47
num_leaves=28
num_cat=0
split_feature=21 46 70 14 46 6 43 52 42 51 50 49 4 51 8 4 48 46 54 49 10 52 54 9 3 60 50
split_gain=34.2948 30.0826 52.1922 45.9108 33.6379 43.4054 33.2848 71.8925 63.5612 27.9793 30.1658 36.8446 32.6692 27.6408 33.9023 43.5147 26.381 25.0548 24.8757 23.3162 29.7728 22.8181 22.4219 22.3485 16.7899 13.8342 12.5688
threshold=0.0097534782576538821 0.0071743218066912407 -0.83957875746007027 -0.01287217776855659 0.00603620810576295 0.008325195922226308 -0.053124800089148654 0.29978163668503699 -0.018481773686967514 0.72080650082043596 0.027917215425357526 0.045740113315172144 -0.27280421421896972 0.71353216750706305 0.011227611117009715 0.02940737926404036 -0.070227093881554278 0.0072163359251691799 0.37548993311754653 0.015622350329722369 1.2775004796382901 0.58787244833269947 0.54044840791254367 -0.34212968508068548 0.050462061543309684 0.55543957318487602 0.017126793413654643
decision_type=8 8 8 10 8 10 10 2 10 2 10 10 10 2 10 10 8 8 10 10 10 2 10 10 10 8 10
left_child=9 3 6 22 18 -6 8 -8 -3 13 11 24 -12 19 15 -15 -14 -4 -5 23 -21 -19 26 -1 -11 -13 -2
right_child=1 2 17 4 5 -7 7 -9 -10 10 12 25 16 14 -16 -17 -18 21 -20 20 -22 -23 -24 -25 -26 -27 -28
leaf_value=0.0032178494884073207 -0.0026728343384538689 -0.0014461139791921475 -0.0056700959466699707 0.00090255717818219817 0.0049451136071326854 0.0011569305702610897 -0.0073597405928819875 -0.0015520253927524021 0.0080989748144981132 0.0023600226578774247 0.010830636850851217 -0.0027114697888336804 -0.0036578978512056904 -0.0062003819246616056 0.0041172571922639747 2.985038090771476e-05 0.00030892167356934389 0.00028197776364388363 -0.00053520187830729811 -0.0015580313986409973 0.0017179152510799398 -0.00064205885133403499 0.0053601669454440351 0.00016761839380597486 -0.00092805908734908159 0.00061219061555452595 -0.0010724227457558717
leaf_weight=1068 1835 685 331 5769 427 6571 579 4686 265 7717 202 535 496 712 277 613 14315 14512 9774 4466 1300 21404 204 55483 520 353 2685
leaf_count=1068 1835 685 331 5769 427 6571 579 4686 265 7717 202 535 496 712 277 613 14315 14512 9774 4466 1300 21404 204 55483 520 353 2685
internal_value=5.81804e-06 -0.000325522 -0.000658408 0.000192841 0.000568627 0.00171996 -0.00235167 -0.00297341 0.00109148 0.00026821 0.000848337 0.0017552 0.000296923 4.90926e-05 -0.00254398 -0.00387481 0.000187551 -0.000367965 5.00515e-05 0.000115825 -0.00109554 -0.000317343 -0.00159958 0.00023939 0.00217261 -0.00211249 -0.00189294
internal_weight=157784 69727 42462 27265 22541 6998 6215 5265 950 88057 24138 9125 15013 63919 1602 1325 14811 36247 15543 62317 5766 35916 4724 56551 8237 888 4520
internal_count=157784 69727 42462 27265 22541 6998 6215 5265 950 88057 24138 9125 15013 63919 1602 1325 14811 36247 15543 62317 5766 35916 4724 56551 8237 888 4520
is_linear=0
shrinkage=0.02


Tree=48
num_leaves=26
num_cat=0
split_feature=53 4 32 57 75 48 47 69 70 51 47 1 43 31 9 43 5 2 54 0 48 30 54 59 77
split_gain=35.7967 73.6223 74.6474 124.385 56.0855 37.4154 47.1808 38.8894 23.3529 29.8543 22.9577 28.6077 22.7261 21.3521 20.962 29.4896 31.3912 20.6678 19.7156 18.5162 31.4628 18.7822 15.7977 15.7052 13.37
threshold=0.020765563179641202 -0.073872801003606312 0.15272141582685497 0.37553195342351647 -1.141231947060193 -0.068583947577863888 -0.15327845528716069 0.073917795364508904 -1.2871976791609976 0.33718699867475771 -0.15327845528716069 0.023969040872696915 0.051227593454310501 0.19755237142020268 -0.26552305515814395 0.014664766727408131 0.011356015094218042 0.034551414661173625 0.40895440036685854 -0.030752029086140494 -0.022926854672786264 0.80994940212015898 0.57113454450380607 0.543823608137045 -0.37230599258922953
decision_type=10 10 10 8 10 10 10 10 8 2 10 10 10 10 8 10 10 10 10 10 8 10 10 8 10
left_child=8 4 5 -4 10 6 -3 -7 9 -1 -2 -12 -5 23 15 16 -10 -17 -11 20 -16 -21 -20 -6 -15
right_child=1 2 3 12 13 7 -8 -9 14 18 11 -13 -14 24 19 17 -18 -19 22 21 -22 -23 -24 -25 -26
leaf_value=-0.0069212362774752545 0.001699766994796424 7.2304622483771523e-05 -0.009422145077711332 0.0021423124653237851 -0.00096438293301234529 -0.0033603932782157219 -0.0050352514577097756 0.0010513455461510569 -0.0059113565980558683 -0.0047010170444696207 0.0053992203151127958 0.014715172216093092 0.0075560753932584473 -0.00014971465250586291 0.0033665902975339402 0.0033076768112121971 0.00080491929597708276 1.3663985985138267e-05 0.0015894312241925607 8.7385146290670581e-05 -0.00067038070606281947 -0.0009647303764240405 -0.0022567756610776348 0.0017604206833256276 -0.0046154389552891095
leaf_weight=323 318 470 355 518 1642 1107 1860 803 352 244 398 226 515 205 2546 1998 770 841 616 133899 1800 4327 440 1380 265
leaf_count=323 318 470 355 518 1642 1107 1860 803 352 244 398 226 515 205 2546 1998 770 841 616 133899 1800 4327 440 1380 265
internal_value=2.95666e-05 -0.00112471 -0.0026431 0.00138085 0.000802255 -0.00396086 -0.00566195 -0.00188278 0.00010798 -0.00227709 0.00513043 0.0073568 0.00489168 -0.000365875 0.000134426 0.00156941 -0.00117364 0.00265423 -0.00092083 9.4534e-05 0.0013798 5.40994e-05 0.000263009 0.000250744 -0.00432696
internal_weight=158218 10062 5628 1388 4434 4240 2330 1910 148156 1623 942 624 1033 3492 146533 3961 1122 2839 1300 142572 4346 138226 1056 3022 470
internal_count=158218 10062 5628 1388 4434 4240 2330 1910 148156 1623 942 624 1033 3492 146533 3961 1122 2839 1300 142572 4346 138226 1056 3022 470
is_linear=0
shrinkage=0.02


Tree=49
num_leaves=19
num_cat=0
split_feature=70 49 13 50 53 6 14 57 53 46 33 44 41 24 77 46 64 10
split_gain=31.4139 37.8849 26.5325 59.4519 50.3063 75.0209 45.0537 23.6113 48.7352 32.6487 23.0865 19.7998 26.6493 17.6443 14.6023 13.8814 13.4751 11.3496
threshold=-1.2417227077992512 -0.016455705772573045 -0.30076636353637742 0.049603169445707647 0.020765563179641202 0.017390494490453597 -0.28372556486100187 0.79695973667084818 0.020587867958909118 0.014049896329426232 0.00066207592768412627 0.071648716325692488 0.025892532785220083 -1.1571692008608461 0.1024409809973215 0.0057991106797307497 0.78001970728355896 0.47425759060794376
decision_type=8 10 8 10 10 8 8 10 10 10 10 10 10 10 10 10 10 8
left_child=1 17 3 13 7 10 -7 8 -4 -9 -6 12 15 -2 -13 -3 -15 -1
right_child=2 11 4 -5 5 6 -8 9 -10 -11 -12 14 -14 16 -16 -17 -18 -19
leaf_value=-0.0081739955956970142 -0.0041876274722113015 -0.0031996140650829776 -3.2475609907759439e-05 0.011994681317463868 -0.0016027977125202503 -0.0074775889337988797 -0.00019437449409375751 0.00075526404507693129 0.0044845865310402582 -0.0025356910502324363 -0.0054547122484505375 -0.0018640001510489262 -0.0047474742320081243 0.0040863881845701246 0.0039480861701862522 0.00019844424784014992 -0.0011402091833326827 -0.004946784455385351
leaf_weight=207 200 285 116629 265 400 517 6747 27081 603 834 858 201 297 845 282 997 512 205
leaf_count=207 200 285 116629 265 400 517 6747 27081 603 834 858 201 297 845 282 997 512 205
internal_value=2.2144e-05 -0.00221333 5.77393e-05 0.00245639 2.92705e-05 -0.00146404 -0.00068245 0.00011697 -7.48936e-06 0.000639705 -0.00597141 -0.00110422 -0.00218861 0.000961489 0.00243388 -0.000933749 0.00178056 -0.00774334
internal_weight=157965 2474 155491 1822 153669 8522 7264 145147 117232 27915 1258 2062 1579 1557 483 1282 1357 412
internal_count=157965 2474 155491 1822 153669 8522 7264 145147 117232 27915 1258 2062 1579 1557 483 1282 1357 412
is_linear=0
shrinkage=0.02


Tree=50
num_leaves=24
num_cat=0
split_feature=32 7 53 72 46 46 49 42 46 47 46 56 30 57 46 54 16 50 59 69 54 53 5
split_gain=26.113 29.7713 29.6737 80.594 49.672 54.8582 36.1727 34.217 29.0458 30.3846 24.9783 24.6817 24.4614 22.2794 27.057 47.1926 25.3463 24.8432 24.6678 20.8583 14.4992 10.4957 7.69063
threshold=0.26586613746216742 0.026543094112371074 0.019811337062126514 0.53939011542161308 0.0090042252663953045 0.009711183688914788 0.0041834156890184779 0.03149768765508177 0.0098035601031225307 -0.025183109399923683 0.0095149286764732444 0.28786263487756031 0.67736481949312821 0.81643519151379296 0.014049896329426232 0.6102691167724934 0.1081495850056733 0.05154140508411665 0.543823608137045 0.048835227636172616 0.48983028942618301 0.019268771175673025 0.020720751715167043
decision_type=10 10 8 10 8 8 10 10 10 10 10 8 10 10 10 10 10 10 10 10 10 10 10
left_child=2 8 13 4 11 -6 12 -8 9 -2 -11 -4 -5 16 15 -15 17 -1 -16 -18 22 -22 -10
right_child=1 -3 3 6 5 -7 7 -9 20 10 -12 -13 -14 14 18 -17 19 -19 -20 -21 21 -23 -24
leaf_value=-8.8279563799930841e-05 0.0083777373092855968 -0.0093169332827430385 -0.0087874756460715134 -0.0034838955873888662 0.0030326544188276684 -0.0016093631260294522 0.0057007396613697539 0.00055725897753396711 0.0090832491044003996 0.00070632234160087942 -0.0082828284899461851 -0.0029755446503735685 0.0057586955597733972 0.00041363992306302807 -0.0045973446176857955 0.0032529614566807687 -0.0033533101948810939 0.0010604333815790049 0.0023267710271770528 -8.7096406368474401e-05 0.00082012532681728981 0.0044191562271009314 0.0063018709546784485
leaf_weight=109068 242 218 203 699 873 9810 1157 1084 206 1714 268 307 218 19940 505 2130 1818 4540 228 1583 567 793 210
leaf_count=109068 242 218 203 699 873 9810 1157 1084 206 1714 268 307 218 19940 505 2130 1818 4540 228 1583 567 793 210
internal_value=-2.63793e-05 0.00152595 -6.88747e-05 -0.000934922 -0.00173111 -0.00143935 0.00188604 0.00325513 0.00191902 0.000394607 -0.000422592 -0.00782387 -0.00145752 2.00124e-05 0.000591914 0.000717593 -9.14281e-05 -4.04721e-05 -0.00318529 -0.00179248 0.00382555 0.00281999 0.00709353
internal_weight=158381 4218 154163 14351 11193 10683 3158 2241 4000 2224 1982 510 917 139812 22803 22070 117009 113608 733 3401 1776 1360 416
internal_count=158381 4218 154163 14351 11193 10683 3158 2241 4000 2224 1982 510 917 139812 22803 22070 117009 113608 733 3401 1776 1360 416
is_linear=0
shrinkage=0.02


Tree=51
num_leaves=27
num_cat=0
split_feature=19 41 4 75 53 6 14 33 32 44 44 53 53 44 53 37 44 51 53 44 10 44 76 77 21 9
split_gain=30.576 39.5813 28.9292 36.2334 30.6131 87.2699 51.585 28.8342 26.0015 39.6822 23.9497 23.8253 22.1057 18.5692 20.9752 17.1188 28.2201 17.1667 17.0718 16.7211 18.013 15.4357 13.011 11.607 10.1714 7.78886
threshold=1.9539555212719026 0.028528501236542162 -0.27280421421896972 -1.0823334218116971 0.020765563179641202 0.017390494490453597 -0.28372556486100187 0.00066207592768412627 0.32248816140126663 0.1062109515439026 0.11670501535813806 0.01175544651071894 0.014460730104495464 0.048801836542329731 0.015402406967444573 0.4413903952285661 0.055703942813936098 0.65005488523587174 0.0124930391412386 0.089624477650003045 1.0437960567880207 0.030881409916868944 0.016311725268822647 -0.84623586460656008 -0.041339828130680815 0.91250560118827118
decision_type=8 10 8 10 10 8 8 10 10 10 8 8 10 8 10 10 10 2 8 8 8 10 10 10 10 8
left_child=2 11 3 12 8 7 -7 -6 10 -10 -4 19 -1 14 -13 16 17 -3 -15 21 -21 -2 -14 -5 -25 -18
right_child=1 15 4 23 5 6 -8 -9 9 -11 -12 13 22 18 -16 -17 25 -19 -20 20 -22 -23 -24 24 -26 -27
leaf_value=-0.0008710883079129123 0.0034654974900347798 -0.0087138082507549862 0.00014002086013582021 0.002938900754726559 -0.00099015704796544647 -0.0077397993377984258 0.00016443164457875803 -0.0055128150772401612 0.00045334418167239669 0.0086250419610509107 -0.00076846593232333341 -0.0023018159341294761 0.0090127995924847177 0.0030675246569995809 0.00027243113747095927 -0.0081207583635615026 0.0038430912673168144 -0.002783829466259199 -0.0003560426504676339 0.0055503960594970713 0.00095475340711980762 -0.00059496203988232865 0.0055651878389893139 -0.0038382575886910077 0.00038941730718938659 -0.0012746347776412565
leaf_weight=326 434 201 121470 207 412 418 6351 848 1108 633 9764 3237 547 420 1287 239 267 721 6016 273 200 1127 705 376 252 231
leaf_count=326 434 201 121470 207 412 418 6351 848 1108 633 9764 3237 547 420 1287 239 267 721 6016 273 200 1127 705 376 252 231
internal_value=-1.54234e-05 -0.000885628 7.34775e-05 0.00224441 3.62966e-05 -0.00116289 -0.000262629 -0.00599366 0.000108726 0.00253617 7.64887e-05 -0.00051389 0.0040266 -0.000882949 -0.00186475 -0.00379398 -0.00295426 -0.00502492 -0.000192326 0.00147322 0.00476371 0.000472471 0.00523384 -0.00112201 -0.00247695 0.000877756
internal_weight=158070 14653 143417 2413 141004 8029 6769 1260 132975 1741 131234 12994 1578 10960 4524 1659 1420 922 6436 2034 473 1561 1252 835 628 498
internal_count=158070 14653 143417 2413 141004 8029 6769 1260 132975 1741 131234 12994 1578 10960 4524 1659 1420 922 6436 2034 473 1561 1252 835 628 498
is_linear=0
shrinkage=0.02


Tree=52
num_leaves=21
num_cat=0
split_feature=32 6 53 60 49 14 14 50 57 16 43 41 55 50 62 29 9 69 48 49
split_gain=33.5089 38.8616 57.7483 55.4635 55.3653 31.31 29.9323 29.0837 24.6453 25.8121 24.3723 23.2836 22.1407 18.706 20.1464 15.8471 14.9896 14.3777 17.141 9.87762
threshold=0.23307934719532422 0.060421667068357159 0.019811337062126514 0.67087280736671728 0.017644628358513773 -0.21142568619244292 -0.24221040318064538 0.039109424759590568 0.96319682362627157 0.1081495850056733 0.051227593454310501 -0.024571444046459886 0.67087280736671728 0.03647629636147965 0.15231194475352799 -4.3929326345503297 1.7570160080423631 -0.24056110546373369 -1.0000000180025095e-35 -0.025813065931175268
decision_type=10 10 10 8 10 8 8 10 10 10 10 10 10 10 10 8 10 8 10 10
left_child=1 2 8 4 -4 -5 -2 11 9 -1 13 19 -10 -3 -15 -13 -12 -9 -19 -8
right_child=6 10 3 5 -6 -7 7 17 12 -11 16 15 -14 14 -16 -17 -18 18 -20 -21
leaf_value=2.8509021804832487e-05 -0.0074076055236695472 0.0038084570951548327 -0.0004823264032134425 -0.0026909841650622724 -0.0030324462160848009 0.0019926480809430791 0.0014546001930321867 -0.00042816275490128254 0.0046755100680669556 -0.0013348865078922694 0.0058071373567244863 0.0049768953611131527 0.00082946676405954475 0.014456119826750618 0.0041984611890941992 -0.00021906275613075199 -0.0050949961855116244 0.0059631975140043382 0.0028944077310118633 0.0086075384059481706
leaf_weight=130265 290 204 4378 849 4111 2316 221 268 1101 5365 200 213 2576 200 211 2935 213 1319 588 207
leaf_count=130265 290 204 4378 849 4111 2316 221 268 1101 5365 200 213 2576 200 211 2935 213 1319 588 207
internal_value=-7.83391e-06 -6.59122e-05 -9.23279e-05 -0.0014447 -0.00228716 0.000814277 0.00145283 0.00176947 2.08028e-05 -2.29888e-05 0.00380758 0.000659212 0.00163622 0.00632792 0.00878155 6.28771e-05 4.34783e-05 0.00359283 0.00420231 0.0050303
internal_weight=158030 151989 150961 11654 8489 3165 6041 5751 139307 135630 1028 3576 3677 615 411 3148 413 2175 1907 428
internal_count=158030 151989 150961 11654 8489 3165 6041 5751 139307 135630 1028 3576 3677 615 411 3148 413 2175 1907 428
is_linear=0
shrinkage=0.02


Tree=53
num_leaves=23
num_cat=0
split_feature=70 51 67 51 53 53 60 52 36 10 44 69 44 41 51 53 46 18 46 54 41 46
split_gain=32.0964 43.0496 28.1709 31.5248 30.0787 28.0163 41.3198 27.8914 27.6719 32.6027 29.3725 23.377 19.9991 21.1415 19.3053 43.1442 27.7113 18.4213 15.4528 14.4751 13.4325 8.92097
threshold=-1.2417227077992512 0.33718699867475771 0.10472095872879782 0.72080650082043596 0.01121179493763527 0.024132713091028688 0.67894769528321575 0.71967429796997362 0.055277649777220397 0.14625172798249672 0.095049019146041594 -1.0071278924342855 0.074067882119761466 0.025892532785220083 0.71770777270438735 0.013639970853982417 0.0078665738142540773 62.271796447264613 0.0059352095475048734 0.58494636763893593 -0.012519416848444485 0.0060979177381721818
decision_type=8 2 8 2 8 10 8 2 10 8 10 10 10 10 2 10 8 10 10 10 10 10
left_child=1 19 3 8 11 7 -7 -5 9 -2 -10 21 13 18 15 -6 -16 -14 -3 -1 -13 -4
right_child=2 12 4 5 14 6 -8 -9 10 -11 -12 20 17 -15 16 -17 -18 -19 -20 -21 -22 -23
leaf_value=-0.0080696254943935734 0.0029883956620621998 -0.0041799792834778179 -0.0034963529543969064 0.0022389189055591818 -0.0007904658727881953 -0.0025516421694661722 0.0031275678423493478 0.00059152446361629429 0.00054087409598917147 -0.00023208448323343005 0.0037374751790644175 -0.0018148342563743159 -0.001226071031907823 -0.0046722445343413332 5.0118651362710138e-05 0.00030951950482852758 -0.0013166174951818367 0.0038559850250431183 0.00013076033398871589 -0.0036203816575347521 0.0020319048977713327 0.00011666350024715889
leaf_weight=272 1136 243 350 5605 19574 1531 539 17253 8021 51243 1501 294 247 300 6817 26722 11636 267 977 211 3091 357
leaf_count=272 1136 243 350 5605 19574 1531 539 17253 8021 51243 1501 294 247 300 6817 26722 11636 267 977 211 3091 357
internal_value=-3.88019e-05 -0.00227879 -2.55667e-06 0.000236992 -0.000304727 0.000837498 -0.00138967 0.00103933 -4.81406e-06 -0.000185147 0.000986874 0.00135793 -0.00100147 -0.00215516 -0.000409853 -0.000191762 -0.000956866 0.00240388 -0.000981163 -0.0076405 0.00204903 -0.00194633
internal_weight=158187 2517 155670 86829 68841 24928 2070 22858 61901 52379 9522 4092 2034 1520 64749 46296 18453 514 1220 483 3385 707
internal_count=158187 2517 155670 86829 68841 24928 2070 22858 61901 52379 9522 4092 2034 1520 64749 46296 18453 514 1220 483 3385 707
is_linear=0
shrinkage=0.02


Tree=54
num_leaves=29
num_cat=0
split_feature=21 58 44 45 52 52 44 46 36 6 53 52 28 71 43 60 53 44 43 44 20 14 78 53 37 6 8 76
split_gain=34.2111 25.0791 37.5569 35.207 43.9452 29.4032 25.9772 24.9447 74.2755 40.4895 62.5636 36.2695 32.6742 25.0676 28.5933 23.7674 23.2938 23.2921 22.7653 19.9436 18.1791 16.6448 15.1258 14.6327 13.6983 13.5995 13.2052 10.3065
threshold=0.06277847494966439 0.32624859961692754 0.074067882119761466 0.0086230742941047385 0.65679092149680396 0.67781798799304283 0.079481888276002569 0.034133762393146715 -0.19641039704367688 0.021166156251801117 0.024132713091028688 0.87837381916329293 -0.074479939513800261 -0.47952723863241237 0.045926452869683672 0.68685814301680692 0.012947251127851998 0.087426539331118117 -0.0029150075867180876 0.04384267752158489 0.028579126116644652 0.00881537321505599 -0.25255660237216765 0.018586134342747175 0.2086602208275217 0.017234943693391715 0.014184887569678135 0.15202618294219181
decision_type=10 10 10 10 2 2 8 10 10 10 10 2 10 10 10 8 8 10 10 10 10 10 8 10 10 10 10 10
left_child=7 2 3 18 -5 19 16 9 27 10 11 -1 24 21 -15 -8 -7 -4 -2 22 -21 -11 -3 -19 -10 -12 -14 -9
right_child=1 5 17 4 -6 6 15 8 12 13 25 -13 26 14 -16 -17 -18 23 -20 20 -22 -23 -24 -25 -26 -27 -28 -29
leaf_value=-5.5392570097301257e-05 -0.0023191771681800879 -0.0018521718620418399 0.0050547037958724771 -0.0024014421496358759 -0.0069550154691516786 -0.0027591784065646471 -0.00097291360078111426 0.0094128970277284132 -0.0018754077408293752 0.0016555776824537269 -0.0081319764033973077 0.0013727194933448187 -0.0074076970163493598 0.0016241952079178047 -0.0010785028323884967 -0.0050388979461084065 0.00030803444234414243 -0.0025653760851867082 0.0011110370999108871 0.00039858732928517215 0.0041382556443360268 0.0066055611382648972 0.00047322582384557197 0.0024344978275229285 0.0005641761324583918 -0.0034720619163852878 -0.0034621496599915205 0.0083045402629301525
leaf_weight=108346 329 1668 259 2163 422 1535 1562 200 1440 402 256 3995 234 15502 3331 1701 4499 280 869 1316 1055 284 4858 208 590 253 272 217
leaf_count=108346 329 1668 259 2163 422 1535 1562 200 1440 402 256 3995 234 15502 3331 1701 4499 280 869 1316 1055 284 4858 208 590 253 272 217
internal_value=-4.22533e-05 -0.000760308 -0.00209181 -0.00290116 -0.00421423 -0.000428579 -0.0012151 7.83163e-05 -0.00173934 0.000118894 -2.6566e-05 5.145e-06 -0.00302641 0.000959939 0.000822874 -0.00265257 -0.000437117 0.00200267 -6.50542e-05 0.000393122 0.00196374 0.00471325 -0.000177417 -0.000568507 -0.00188971 -0.00701569 -0.00757002 0.00607177
internal_weight=158046 22724 4530 3783 2585 18194 9297 135322 2953 132369 112850 112341 2536 19519 18833 3263 6034 747 1198 8897 2371 686 6526 488 2030 509 506 417
internal_count=158046 22724 4530 3783 2585 18194 9297 135322 2953 132369 112850 112341 2536 19519 18833 3263 6034 747 1198 8897 2371 686 6526 488 2030 509 506 417
is_linear=0
shrinkage=0.02


Tree=55
num_leaves=25
num_cat=0
split_feature=21 18 28 53 53 6 53 47 27 14 52 47 59 0 41 50 75 50 27 51 43 23 49 57
split_gain=32.9264 26.1182 25.4567 29.2704 54.1425 39.1247 26.0956 31.3849 28.5616 22.9856 26.3307 26.1998 43.8882 25.9441 25.2751 23.3911 22.1311 15.615 14.996 14.3135 12.6269 11.7579 7.36838 5.53842
threshold=0.033678663020144557 82.155759998448886 -0.18927570488030879 0.020765563179641202 0.020281496891793489 0.014693879811465435 0.027883404369793714 -0.12747583129116555 -0.26139703243996731 -0.018600907366146387 0.88789462569950384 -0.10359358316155236 0.5675936580999873 -0.010788797450936026 0.049669818797121963 -0.055131984735716004 0.91493803320536216 -0.029380536905729056 -0.13754901933271238 0.89874516472216925 0.06977777620314686 0.019946234906670027 0.019784989047597071 0.63936092659757049
decision_type=8 10 8 10 10 8 10 10 10 8 2 8 8 10 10 8 10 10 10 2 10 10 10 10
left_child=1 2 6 4 -4 -5 7 -1 -8 10 16 12 13 -11 15 -13 18 -18 -2 21 -12 23 -23 -3
right_child=9 19 3 5 -6 -7 8 -9 -10 11 20 14 -14 -15 -16 -17 17 -19 -20 -21 -22 22 -24 -25
leaf_value=0.0046496902861460337 -0.0079070701172801842 0.0026393395354473792 8.1104436009448938e-05 -0.0048057168616006856 0.0046934007810031713 -0.0009238495035540778 0.0036155586292257891 0.0015994045216347875 -0.0027315777307376434 0.00035817239240061637 -0.0026284875870428905 0.0040964957277632563 0.0028901757946276784 -0.0062270380541504028 -0.0057116717901572753 -0.00017621008027876082 -0.0059737620661882845 -0.0010741213369017861 -0.0004793342885964995 -0.0012552740204234017 -0.0082850256025280219 -0.0013215422189704717 0.0026937047005749122 0.0048574850354960062
leaf_weight=854 230 439 99026 367 703 3348 485 6274 946 201 280 411 332 613 206 35692 358 494 5424 290 233 226 203 271
leaf_count=854 230 439 99026 367 703 3348 485 6274 946 201 280 411 332 613 206 35692 358 494 5424 290 233 226 203 271
internal_value=-1.00059e-06 0.000179824 0.000145513 5.87559e-05 0.000123714 -0.00168407 0.00119369 0.0016886 -0.00126955 -0.000462237 -0.00151254 -0.000265325 -0.0032415 -0.00573988 -0.000171248 -0.000131232 -0.00116767 -0.00417116 -0.000714058 0.00286573 -0.0058716 0.00387544 0.00125116 0.00545429
internal_weight=157906 113432 112003 103444 99729 3715 8559 7128 1431 44474 7019 37455 1146 814 36309 36103 6506 852 5654 1429 513 1139 429 710
internal_count=157906 113432 112003 103444 99729 3715 8559 7128 1431 44474 7019 37455 1146 814 36309 36103 6506 852 5654 1429 513 1139 429 710
is_linear=0
shrinkage=0.02


Tree=56
num_leaves=20
num_cat=0
split_feature=19 41 45 9 6 41 38 72 10 50 2 46 53 52 43 8 41 38 46
split_gain=25.0755 56.8999 45.7705 38.7457 22.755 34.9499 22.8064 20.2795 29.9595 26.8339 19.2837 17.2538 22.3461 15.731 28.1263 15.6646 13.578 10.7588 10.165
threshold=1.9330776415161919 0.029684613245387185 0.011930572666758116 1.0375885944456624 0.070717915228013475 0.019448456182446176 1.6292706313043768 -1.8353486864856075 0.045296600186699225 0.027917215425357526 -0.026920456585721172 0.0042285409138495206 0.012994424958927954 0.31451246134255056 -0.018678049831782725 0.015729535265838285 0.015657958124913666 0.81175972229468074 0.0083314998401078783
decision_type=10 10 10 10 10 10 10 8 8 10 10 10 10 2 10 10 10 10 10
left_child=4 11 3 18 6 -6 7 9 -9 -1 -8 12 17 -13 -15 -4 -14 -2 -3
right_child=1 2 15 -5 5 -7 10 8 -10 -11 -12 13 16 14 -16 -17 -18 -19 -20
leaf_value=-0.0028564458893163757 0.0044310201564229804 -0.00063143489878656118 -0.0092488418735249198 -0.0046193795928080681 -0.00047474413319442368 0.013971432148805732 -0.0009318835006582296 0.0027340559673363365 5.4603751144573501e-05 0.0015606653929534969 -0.0066170405411967639 -0.0035159987630090264 0.0010401544072208579 0.0040269100184224848 -0.00057433160439947413 -0.0061609588261343703 -0.0037941374354802273 0.0010851176177367821 0.0038356255567423701
leaf_weight=2243 395 241 251 398 307 251 346 1058 139033 1030 203 203 515 314 10024 340 215 371 356
leaf_count=2243 395 241 251 398 307 251 346 1058 139033 1030 203 203 515 314 10024 340 215 371 356
internal_value=-2.95898e-05 -0.000849824 -0.00440958 -0.00178514 4.77463e-05 0.00407513 3.20886e-05 4.76964e-05 8.40733e-05 -0.00150825 -0.00403273 -0.000380296 0.00162859 -0.000665718 -0.00055692 -0.00881419 -0.000872777 0.00401304 0.00143478
internal_weight=158094 13623 1586 995 144471 558 143913 143364 140091 3273 549 12037 1496 10541 10338 591 730 766 597
internal_count=158094 13623 1586 995 144471 558 143913 143364 140091 3273 549 12037 1496 10541 10338 591 730 766 597
is_linear=0
shrinkage=0.02


Tree=57
num_leaves=26
num_cat=0
split_feature=21 70 41 41 24 32 6 46 7 6 43 53 46 50 57 42 41 41 31 57 50 42 42 2 40
split_gain=26.9126 26.3133 35.9999 36.0896 24.7434 24.1489 26.4052 53.7826 43.9737 24.5886 21.97 33.8424 27.4829 21.1035 29.2837 18.5917 29.5399 28.3316 17.6258 17.364 17.2131 16.8583 16.6004 13.5549 9.42967
threshold=0.06277847494966439 -0.46027341476313849 -0.012817826760980975 -0.018839738248485501 -0.15046257966738572 0.23307934719532422 0.060421667068357159 0.034133762393146715 0.010558037490438994 0.021007743477873236 -0.027805872081546553 0.016333376488109296 0.0071743218066912407 0.039109424759590568 0.40728852657892806 -0.014689185781223022 0.0085958177452964985 -0.011418734340389479 -0.04589555363777386 0.41133294574667695 0.036721532920917628 0.02648805727446513 0.014501779233529135 0.088563444345891154 0.001232896985529762
decision_type=10 10 10 10 10 10 10 10 10 8 10 10 8 10 8 10 10 10 10 10 10 10 10 10 10
left_child=5 2 3 4 -2 6 7 9 -9 -1 11 -4 -12 21 -15 16 18 23 -3 -19 -8 24 -16 -17 -7
right_child=1 15 10 -5 -6 13 20 8 -10 -11 12 -13 -14 14 22 17 -18 19 -20 -21 -22 -23 -24 -25 -26
leaf_value=-2.1456020257713468e-05 0.0011316035383849921 0.0030005189567336109 -0.0026032634333623007 -0.0070578364127004056 -0.0034898313330540692 1.6226959971743089e-05 0.0017485799575621176 -0.0061654150877409374 -0.0015031611747582691 0.00088244751020762242 0.00096971438011485452 0.0063588394927022972 -0.0022958561365379777 -0.002257082133600707 0.007010497164336358 -0.0013364949961336393 -0.0040877983910309898 -0.0013226080927417792 -0.00042023703299997592 0.00019653010803938011 0.0092436815946736438 -0.0072702807417581537 0.0031182006382696886 -0.0066675319963423862 0.0026817240948560105
leaf_weight=106411 319 1818 221 308 683 1719 330 262 2150 21284 1000 338 2189 359 765 859 275 4051 723 9582 283 204 635 372 815
leaf_count=106411 319 1818 221 308 683 1719 330 262 2150 21284 1000 338 2189 359 765 859 275 4051 723 9582 283 204 635 372 815
internal_value=3.40601e-06 -0.000633185 -0.00190512 -0.0047582 -0.00290927 0.000110473 6.08777e-05 4.13349e-05 -0.0029167 9.72466e-05 -0.000906375 0.00274643 -0.00154796 0.00155136 0.00326023 -0.000269102 0.00122045 -0.000551497 0.00189536 -0.000288837 0.0041987 0.00045199 0.00456674 -0.00345617 0.000898619
internal_weight=157955 22738 5058 1310 1002 135217 130720 130107 2412 127695 3748 559 3189 4497 1759 17680 2816 14864 2541 13633 613 2738 1400 1231 2534
internal_count=157955 22738 5058 1310 1002 135217 130720 130107 2412 127695 3748 559 3189 4497 1759 17680 2816 14864 2541 13633 613 2738 1400 1231 2534
is_linear=0
shrinkage=0.02


Tree=58
num_leaves=18
num_cat=0
split_feature=19 41 50 6 41 53 6 37 44 50 54 46 32 53 44 69 33
split_gain=29.0969 50.4544 27.3603 23.74 34.2309 33.562 98.8622 21.6938 28.9346 32.8267 20.8654 19.6039 17.782 17.124 17.3694 11.4531 9.88379
threshold=1.9539555212719026 0.029684613245387185 0.11198429954846724 0.070717915228013475 0.019448456182446176 0.020765563179641202 0.017390494490453597 0.4413903952285661 0.055703942813936098 0.014764393883423656 0.31492629123173094 0.0041212788185697779 0.32248816140126663 0.010900370658205363 0.056900079495534446 0.24524671948938329 0.063071552577583775
decision_type=8 10 10 10 10 10 8 10 10 10 8 10 10 8 8 8 8
left_child=2 10 3 5 -5 12 -7 8 9 -3 11 16 -1 -12 -15 -10 -2
right_child=1 7 -4 4 -6 6 -8 -9 15 -11 13 -13 -14 14 -16 -17 -18
leaf_value=6.505191134524097e-05 0.0021108545963632198 -0.0013687314592182693 0.0066437810660504746 -0.00022113679587574118 0.014613064854191973 -0.0045604598245015367 -0.00023221913507138231 -0.0081619991056392747 -0.0019114659072215208 -0.0085026140463249546 0.0034849590469993351 0.0053749412675168492 0.0031729639249678315 -0.0013534648981858527 -6.0175297189305201e-05 0.0044681585082841022 -0.0022028597724521597
leaf_weight=132132 380 500 230 302 238 1269 7540 230 201 336 399 299 1705 5806 5901 215 250
leaf_count=132132 380 500 230 302 238 1269 7540 230 201 336 399 299 1705 5806 5901 215 250
internal_value=-4.62092e-05 -0.000899435 4.01487e-05 2.90389e-05 0.00421072 1.31654e-05 -0.00118252 -0.00439514 -0.00335036 -0.00549343 -0.000501534 0.00238495 9.18872e-05 -0.000723383 -0.000862487 0.000954436 0.000377179
internal_weight=157933 14517 143416 143186 540 142646 8809 1482 1252 836 13035 929 133837 12106 11707 416 630
internal_count=157933 14517 143416 143186 540 142646 8809 1482 1252 836 13035 929 133837 12106 11707 416 630
is_linear=0
shrinkage=0.02


Tree=59
num_leaves=21
num_cat=0
split_feature=4 53 6 50 14 4 60 47 75 46 12 53 45 57 54 46 0 36 14 30
split_gain=27.1636 45.6087 81.4465 43.0998 37.9659 74.7982 55.2663 32.0489 61.0918 22.9907 21.6484 29.6204 29.2269 14.13 11.7912 32.1922 11.7816 12.6222 10.9579 6.79452
threshold=-0.25000552441017354 0.020765563179641202 0.014693879811465435 0.049603169445707647 -0.2309426261610176 -0.054840659534695406 0.82425510333460139 -0.14112847084721039 0.10541622753688507 0.012026607345245589 0.11083319561012751 0.020587867958909118 0.010189167900724475 0.10876430757152673 0.66360899971487497 0.011954371143407663 -0.013349284049771313 -0.20402185245825052 -0.25424008393302394 0.64413233287411631
decision_type=8 8 8 10 8 10 10 8 10 10 10 10 10 10 10 10 10 10 10 10
left_child=3 7 9 14 5 -4 -6 8 -2 -3 11 -9 -12 -5 15 18 19 -18 -1 -16
right_child=1 2 4 13 6 -7 -8 10 -10 -11 12 -13 -14 -15 16 -17 17 -19 -20 -21
leaf_value=0.0028859789437223628 0.0029100142820044938 -0.0029597822818594171 0.0023591176008244293 0.013279192001654181 -0.00082139274543970963 -0.011852523544790401 0.0046896018701457695 0.00010169860366128155 -0.0059371528776901283 -0.0062916483860121324 -0.00028092700398433547 0.0038477127733678152 -0.0028922238825466939 0.0038348694871882328 0.00014286988032572419 0.0091179485339371244 0.0023558689930372428 -0.0038173238124432321 -0.0032308568021050706 0.0045197378903568527
leaf_weight=604 255 285 336 200 7588 424 757 132858 389 374 9316 640 1702 200 433 374 252 450 307 239
leaf_count=604 255 285 336 200 7588 424 757 132858 389 374 9316 640 1702 200 433 374 252 450 307 239
internal_value=-3.91179e-06 -4.0781e-05 -0.00136385 0.00186209 -0.000871733 -0.00514849 -0.000481428 4.82085e-05 -0.0044 -0.00814848 6.8075e-05 0.000138413 -0.000783919 0.00797506 0.000939098 0.00231571 -0.000347636 -0.00215932 0.000282895 0.00154235
internal_weight=157983 154924 9764 3059 9105 760 8345 145160 644 659 144516 133498 11018 400 2659 1285 1374 702 911 672
internal_count=157983 154924 9764 3059 9105 760 8345 145160 644 659 144516 133498 11018 400 2659 1285 1374 702 911 672
is_linear=0
shrinkage=0.02


Tree=60
num_leaves=16
num_cat=0
split_feature=38 4 46 28 69 44 44 45 46 2 45 72 34 68 9
split_gain=27.6456 32.8268 28.7311 55.0997 27.5889 78.4424 73.6356 25.9516 34.6076 25.3089 23.9905 16.0948 13.9958 6.05352 4.75805
threshold=1.6292706313043768 -0.30076636353637742 0.03709626144380785 -0.091117833435163373 -0.24936112690690584 0.15576978428121704 0.15576978428121704 0.018438701294419196 0.012981598906515427 -0.026920456585721172 0.022730855217487033 0.36230146915816869 0.0057218574230209649 -1.0543322603092358 1.3880047874050621
decision_type=10 8 10 10 10 10 10 10 10 10 10 8 10 10 10
left_child=1 7 4 11 5 -3 -6 8 14 -2 -5 -4 -9 -14 -1
right_child=9 2 3 10 6 -7 -8 12 -10 -11 -12 -13 13 -15 -16
leaf_value=-0.00017551892804288386 -0.0010320459510359042 -0.00016241794109580313 -0.0010443453368033614 -0.007912342737741683 0.00016070689994772402 -0.0050140653882727506 0.0031924070007595096 -0.0040582457881409902 0.01074843755246711 -0.0065686053979202219 -0.0012662378906690296 0.0028811375500850524 0.0037210801604291455 -7.1933807427339877e-05 0.0055009062939370803
leaf_weight=228 391 67074 902 382 83911 1267 1858 212 338 218 230 330 251 302 264
leaf_count=228 391 67074 902 382 83911 1267 1858 212 338 218 230 330 251 302 264
internal_value=2.32551e-05 3.97207e-05 1.0503e-05 -0.00247046 4.02178e-05 -0.000259548 0.000279095 0.00289348 0.00534055 -0.00422623 -0.00737031 -3.08191e-05 0.000232376 0.00190975 0.0019432
internal_weight=158158 157549 155954 1844 154110 68341 85769 1595 830 609 612 1232 765 553 492
internal_count=158158 157549 155954 1844 154110 68341 85769 1595 830 609 612 1232 765 553 492
is_linear=0
shrinkage=0.02


Tree=61
num_leaves=25
num_cat=0
split_feature=32 44 14 44 69 53 14 53 59 48 38 71 66 53 40 69 53 44 44 53 41 30 14 69
split_gain=24.2732 37.8244 54.7966 36.5028 55.0985 68.3535 43.7459 60.6828 115.876 40.7647 37.7109 34.4353 29.6401 28.6356 27.7084 24.9998 17.0895 16.9506 16.4774 14.9583 14.9386 12.9683 12.3127 8.28444
threshold=0.21128816567500777 0.10410270243662935 -0.28372556486100187 0.12547988852472428 -0.50579319417869428 0.020054294547259193 -0.25424008393302394 0.020765563179641202 0.55176058905008396 -0.037634031671675831 0.78974514699402976 -0.21132370806334597 0.5702392709253773 0.020281496891793489 0.0012764082946071483 -0.024529965295926538 0.020474418579577658 0.065681575553060659 0.13193438397071924 0.020587867958909118 0.032782249207474974 0.65526956575881912 0.078678989061327101 -0.78667009092234585
decision_type=10 10 8 10 8 10 8 10 8 10 10 8 10 10 10 8 10 10 10 10 10 10 8 10
left_child=3 19 -3 6 5 18 10 13 -9 15 12 -11 -1 -8 16 -6 -4 -12 -5 20 21 -2 -16 -7
right_child=1 2 14 4 9 23 7 8 -10 11 17 -13 -14 -15 22 -17 -18 -19 -20 -21 -22 -23 -24 -25
leaf_value=0.0035947706831014605 -0.00066017818942528837 -0.009207166723052787 0.001436090436270968 0.0029229741768835673 -0.00056596229272166997 -0.012868656322000188 3.2286454916480995e-06 -0.0031215551880900061 0.0016119682885292622 -0.0036781668313546167 0.0017435319047206155 0.001597014255541536 0.0096238336613315226 0.0037100824457973447 0.0038050780363095161 0.0033070665041516089 0.0052370905627613026 -0.0062479408003677664 -0.0023337841205058781 -0.0049952990462380775 0.0048683655244778044 0.0022474765136545299 0.01233764780027847 -0.0061816916690013504
leaf_weight=780 3386 253 1517 229 608 316 133892 4061 2374 1258 2710 656 269 1022 370 812 542 247 842 216 223 990 336 216
leaf_count=780 3386 253 1517 229 608 316 133892 4061 2374 1258 2710 656 269 1022 370 812 542 247 842 216 223 990 336 216
internal_value=-5.67902e-06 0.00107965 0.00283471 -6.2265e-05 -0.00175334 -0.00479925 -4.802e-06 -6.32331e-05 -0.00196053 -0.000287256 0.0020559 -0.00219217 0.00531238 2.72616e-05 0.00365076 0.00227868 0.00247476 0.00089858 -0.00188246 -2.03488e-05 0.000221304 -3.60978e-05 0.00706931 -0.0106529
internal_weight=158125 7833 3018 150292 4937 1603 145355 141349 6435 3334 4006 1914 1049 134914 2765 1420 2059 2957 1071 4815 4599 4376 706 532
internal_count=158125 7833 3018 150292 4937 1603 145355 141349 6435 3334 4006 1914 1049 134914 2765 1420 2059 2957 1071 4815 4599 4376 706 532
is_linear=0
shrinkage=0.02


Tree=62
num_leaves=28
num_cat=0
split_feature=21 32 50 69 58 42 43 45 52 45 7 49 20 50 69 45 53 54 6 53 60 42 29 26 42 43 12
split_gain=27.7443 27.0806 28.7328 25.4884 25.0553 28.0683 52.3627 22.6223 22.0586 21.8905 55.8753 32.1917 24.2291 21.3584 23.6802 21.0347 28.2327 23.9 20.8191 28.1092 19.8483 19.8117 18.1238 17.481 17.174 13.1646 9.03701
threshold=0.066500649826442118 0.23307934719532422 0.039109424759590568 -0.33557890163101367 0.40168248604562712 -0.018481773686967514 -0.053124800089148654 0.0087471497494089837 0.54536046682423323 0.0040694575470957058 0.0061236507682135557 0.010853589508582175 -0.048640077786262552 0.0069652027590909613 -0.28332396295466639 0.012868982299612629 0.014959543248514113 0.67380226821930311 0.070717915228013475 0.024132713091028688 0.68685814301680692 0.02648805727446513 -4.3081838478631829 0.67351399599089434 0.014501779233529135 -0.0053355586978057748 0.024602264689383983
decision_type=10 10 10 8 10 10 10 10 2 8 10 10 10 10 10 10 10 10 10 10 10 10 10 10 10 10 10
left_child=1 9 21 -4 5 15 -7 -8 20 10 11 -1 -12 23 -15 16 -2 -17 19 -11 26 22 -3 -10 -5 -22 -6
right_child=4 2 3 24 8 6 7 -9 13 18 12 -13 -14 14 -16 17 -18 -19 -20 -21 25 -23 -24 -25 -26 -27 -28
leaf_value=0.00054983529636993308 -0.0039768412035130771 0.0057699105515470351 -0.002321606490194392 0.0069274056549234273 -0.0046576536625221191 0.0063911032046392001 -1.9802176099662089e-05 -0.0027139416203596257 0.0011319520950314071 -1.1969438068444167e-05 -0.0040211230137521268 0.0024075722710136679 -0.00035708970330484329 -0.0022958049003669553 9.139522824066049e-05 -0.0083901902618293417 0.0023077390820682559 -0.0020555408906604228 0.010054614942185793 -0.0013966844176360805 0.0013221050581213231 -0.0086662229764354198 0.00027870517728248028 -0.0050400767619745782 0.0029393484245693138 0.0056941793248030045 0.00034543597976416417
leaf_weight=7022 396 274 332 812 222 233 1730 1730 201 110014 696 4257 5879 3138 7927 326 316 241 268 4431 934 204 2387 773 662 528 2250
leaf_count=7022 396 274 332 812 222 233 1730 1730 201 110014 696 4257 5879 3138 7927 326 316 241 268 4431 934 204 2387 773 662 528 2250
internal_value=-1.22516e-05 9.12131e-05 0.00158776 0.00356281 -0.000690251 -0.00193002 -0.0010444 -0.00166368 -0.000304119 3.84557e-05 0.000689891 0.00154415 -0.000775243 -0.00072907 -0.000478764 -0.00448281 -0.00218513 -0.00735563 -6.29217e-05 -7.60009e-05 0.00099568 0.000341242 0.000803156 -0.00356718 0.00469017 0.00284211 -9.62394e-05
internal_weight=158183 137238 4671 1806 20945 4972 3693 3460 15973 132567 17854 11279 6575 12039 11065 1279 712 567 114713 114445 3934 2865 2661 974 1474 1462 2472
internal_count=158183 137238 4671 1806 20945 4972 3693 3460 15973 132567 17854 11279 6575 12039 11065 1279 712 567 114713 114445 3934 2865 2661 974 1474 1462 2472
is_linear=0
shrinkage=0.02


Tree=63
num_leaves=29
num_cat=0
split_feature=45 27 4 46 10 32 46 71 6 43 50 37 45 57 36 43 6 36 42 41 43 42 9 27 37 21 9 71
split_gain=28.4131 66.6011 40.955 60.8754 43.6462 39.6189 36.6166 62.984 57.9765 55.3497 34.9786 32.8621 37.3153 30.7469 30.4362 26.0588 18.763 18.3507 17.7787 17.3565 15.5862 15.4732 14.1816 13.2097 11.5829 11.4043 10.8147 10.0911
threshold=0.0044644464611294701 -0.028258742424825064 -0.065904585637425281 0.03709626144380785 1.59806129762523 0.21128816567500777 0.003497803715419317 -0.77089008769369227 0.012082144719129667 0.020680511330087418 0.039109424759590568 0.12816475307292899 0.0082894699117945052 0.54006272797373056 -0.22243012356279873 0.082894945459941152 0.016223721607066196 -0.07110506808692936 0.0021009068289035153 0.013119592786762226 0.068429566223258145 -0.0053991682415385203 1.6427553611269132 -0.063732198738092757 -0.13051131982744427 -0.058429828697505841 0.89046443510038753 0.87297536435842116
decision_type=8 8 8 10 10 10 10 10 8 10 10 10 10 8 8 10 10 8 10 10 10 10 10 10 10 10 10 10
left_child=1 13 4 5 11 14 7 -3 9 -8 -7 19 -13 16 -4 26 24 23 -10 -2 21 -6 -9 -15 -1 -19 -5 -18
right_child=2 6 3 15 20 10 8 22 18 -11 -12 12 -14 17 -16 -17 27 25 -20 -21 -22 -23 -24 -25 -26 -27 -28 -29
leaf_value=0.00034414822195285801 -0.00060326336942518168 -0.0060903987073759967 -0.0051024168081382614 -0.009505070491152106 0.0019809211956052751 3.9197054335347247e-05 0.0002136800162764217 0.0018992492355411146 0.0021348905893337771 0.0026954853552215367 0.003479713273371154 -0.00039830656535315624 0.0024930351104868399 0.00072751335875256774 -0.00027870360791209587 -0.00074009393634994305 -0.0057712857477131329 0.0044658342382236276 -0.00018164001973817364 0.0010406511901098364 -0.0039864293115777095 0.0063980498507868059 -0.0031427539605222866 -0.0047586177858498493 -0.0017391946525943814 0.00088832741366175086 -0.0047420460153308596 -0.0034231887449799399
leaf_weight=1653 10046 360 472 204 841 3996 3278 869 1465 7100 2721 2748 4472 259 97065 276 529 483 6952 3489 202 1759 235 339 2662 2139 208 1273
leaf_count=1653 10046 360 472 204 841 3996 3278 869 1465 7100 2721 2748 4472 259 97065 276 529 483 6952 3489 202 1759 235 339 2662 2139 208 1273
internal_value=1.42825e-05 0.000572963 -0.000114381 -0.000283563 0.000639188 -0.000244382 0.00121708 -0.00182799 0.00145446 0.00245476 0.00124114 0.000322702 0.00141227 -0.000824374 -0.000346716 -0.006209 -0.00165708 0.000756908 0.000220718 -0.000258422 0.00298181 0.00339792 0.000541176 -0.00240067 -0.000940222 0.00147846 -0.00938983 -0.00337105
internal_weight=158095 29596 128499 104942 23557 104254 20259 1464 18795 10378 6717 20755 7220 9337 97537 688 6117 3220 8417 13535 2802 2600 1104 598 4315 2622 412 1802
internal_count=158095 29596 128499 104942 23557 104254 20259 1464 18795 10378 6717 20755 7220 9337 97537 688 6117 3220 8417 13535 2802 2600 1104 598 4315 2622 412 1802
is_linear=0
shrinkage=0.02


Tree=64
num_leaves=23
num_cat=0
split_feature=32 44 69 33 7 45 7 44 53 4 45 6 18 16 52 26 18 54 36 66 78 29
split_gain=27.2424 27.564 35.5222 26.7856 26.8001 32.855 38.4139 26.0069 21.5465 65.0255 49.4043 37.8251 20.6333 20.3421 17.1397 9.86412 9.67956 13.1353 7.27852 6.86782 6.40547 3.92527
threshold=0.32248816140126663 0.10184831294004694 -0.5928671953277227 0.14734579120385247 0.020129556318358815 0.0087471497494089837 0.0051818619517704214 0.13351570787985304 0.020765563179641202 -0.13142584974405988 0.018188372896679614 0.013743552798636838 83.42153687882994 0.10567682416779102 0.56155059157242582 0.77499615998395399 69.298610529831706 0.47271521736197358 0.3019285821018019 0.77202022458395281 -0.55567751089938666 1.0000000180025095e-35
decision_type=10 10 8 10 10 10 10 10 10 10 10 10 10 10 2 8 10 10 10 8 10 10
left_child=3 15 -3 8 5 7 -7 -5 12 10 -10 -11 13 -1 -14 21 17 -4 -17 -6 -20 -2
right_child=1 2 16 4 19 6 -8 -9 9 11 -12 -13 14 -15 -16 18 -18 -19 20 -21 -22 -23
leaf_value=9.8981186843147975e-05 0.00035803025773034836 -0.0041805897081910052 0.01661080849712546 -0.00019025235624653631 0.0058088790156013686 -0.0042368872765437176 -0.0011573142568640097 -0.0046129673427467389 0.0040661851409029169 -0.0049056185208436291 -0.00069108979067491224 -0.0016744812064046577 -0.0033095342955562169 -0.001338188034945248 0.0015609221088901026 0.0031127972754683739 0.0027046337882911647 0.0050655565676565083 -0.00053487013014338642 0.00074779227711300382 -0.0072697298658578879 0.0052056563060992305
leaf_weight=126780 202 221 231 7745 324 1228 2739 313 1289 324 1900 4715 253 4611 3188 230 210 530 283 276 249 259
leaf_count=126780 202 221 231 7745 324 1228 2739 313 1289 324 1900 4715 253 4611 3188 230 210 530 283 276 249 259
internal_value=-1.39025e-05 0.00209354 0.0042565 -4.66195e-05 -0.000929669 -0.00113571 -0.0026255 -0.000401787 3.13013e-05 -0.000962207 0.0012721 -0.00237659 9.19508e-05 5.18905e-05 0.00162057 -1.47059e-05 0.00590329 0.00695276 -0.00141284 0.00319135 -0.00269794 0.00229004
internal_weight=158100 2415 1192 155685 12625 12025 3967 8058 143060 8228 3189 5039 134832 131391 3441 1223 971 761 762 600 532 461
internal_count=158100 2415 1192 155685 12625 12025 3967 8058 143060 8228 3189 5039 134832 131391 3441 1223 971 761 762 600 532 461
is_linear=0
shrinkage=0.02


Tree=65
num_leaves=24
num_cat=0
split_feature=1 25 0 48 48 53 60 44 44 70 69 44 44 54 13 54 7 44 57 43 0 31 30
split_gain=27.3635 27.5964 21.0561 30.2234 45.3091 23.3007 40.6076 62.269 61.9086 22.3334 19.8974 69.3627 43.3411 19.3124 17.9152 22.8619 19.7876 17.6127 16.5453 14.9305 12.5506 10.9593 10.6692
threshold=0.080511217629884682 -0.99570316121757851 -0.030752029086140494 -0.022926854672786264 -0.069558997314310964 0.019811337062126514 0.80084301602529939 0.16428337884866476 0.17681011950591644 -0.29210553471764394 0.073917795364508904 -0.12309302849888985 -0.097151723298657608 0.58788043065563678 -0.095317216895873233 0.70838185054476621 0.014929026005377275 -0.089159649383810533 0.7458505509641874 0.027514566849408898 0.025822979445273012 0.086054199313547644 0.55795957087892545
decision_type=10 8 10 8 10 8 10 10 10 10 10 10 8 10 10 10 10 10 10 8 10 8 8
left_child=2 -2 3 4 17 10 7 -7 -8 -6 12 -12 -4 21 19 16 -16 -1 -17 22 -21 -5 -3
right_child=1 14 5 13 9 6 8 -9 -10 -11 11 -13 -14 -15 15 18 -18 -19 -20 20 -22 -23 -24
leaf_value=0.0018124208718645468 0.0068065036953219729 0.0017348946945603106 0.005255207286749373 -0.0022327453651485489 -0.00077664854326592401 -0.0016884106124282049 0.0034931513906580175 0.0020433696077929407 -0.008553661221781016 0.0064074927274676875 -0.00574219704723753 0.00037511381811917315 -0.00015304013599399472 0.0049525789509770324 -0.0024671652419699162 -0.0079989092858529613 0.0022053948806980586 -0.0018767670216619239 -0.001582333296066138 0.0048198011680641384 -0.00066695583758972967 0.0040120598545619213 -0.0028342187508792515
leaf_weight=848 205 205 729 1428 225 8938 1579 1609 303 1482 321 55266 78733 217 2558 245 665 947 200 331 245 254 331
leaf_count=848 205 205 729 1428 225 8938 1579 1609 303 1482 321 55266 78733 217 2558 245 665 947 200 331 245 254 331
internal_value=1.0376e-05 -0.00144765 5.79409e-05 0.00128434 0.00238595 1.30052e-05 -0.000815607 -0.00129863 0.00188954 0.0047178 8.92854e-05 0.000379542 -0.000113738 -0.000746316 -0.00175654 -0.00243064 -0.00184181 0.000165924 -0.00667713 0.000465409 0.00270017 -0.00147237 -0.00193296
internal_weight=157864 4985 152879 5401 3502 147478 12429 10547 1882 1707 135049 55587 79462 1899 4780 3668 3223 1795 445 1112 576 1682 536
internal_count=157864 4985 152879 5401 3502 147478 12429 10547 1882 1707 135049 55587 79462 1899 4780 3668 3223 1795 445 1112 576 1682 536
is_linear=0
shrinkage=0.02


Tree=66
num_leaves=29
num_cat=0
split_feature=0 48 48 75 54 45 6 54 60 49 75 48 45 7 69 50 15 54 42 49 48 48 37 45 45 53 54 9
split_gain=24.9593 32.4407 41.0667 38.3776 25.6104 21.971 45.5552 58.6884 86.5333 47.6565 25.6371 72.703 64.2249 48.921 25.9772 24.2248 20.3833 21.466 19.0292 18.2537 18.1488 16.4671 15.6615 15.6355 20.6934 12.5444 11.3471 9.16232
threshold=-0.029326788012918489 -0.021151165086339404 -0.075200782978697076 0.18220291360591384 0.5493791690613633 0.0044010251167310123 0.011157502156012848 0.27512857992562395 0.24838706693614407 0.010453924224235635 0.62882941901250156 -0.10872575593379601 0.014715592134374353 0.0096606290937709411 0.85220028436911921 0.060614384894817637 -0.0099269938259421413 0.2849302813773395 0.0096495138407765042 0.017568464436558243 -0.0020885973943430831 -0.00024509921746357349 -0.076955104662996029 0.013277514541601062 0.015242617207018888 0.015273808509490753 0.56259967429437896 1.164581522240913
decision_type=10 8 10 8 10 8 10 10 8 10 10 8 10 10 10 10 10 10 10 10 8 8 10 10 10 10 10 10
left_child=1 2 23 4 -4 6 7 8 -2 -9 14 13 -13 -12 18 -16 17 -8 -7 20 25 -21 -22 -1 -25 -3 -18 -5
right_child=5 19 3 27 -6 10 16 9 -10 -11 11 12 -14 -15 15 -17 26 -19 -20 21 22 -23 -24 24 -26 -27 -28 -29
leaf_value=-0.0047338420350754992 -0.0093900107139107993 -0.0021014680883656603 0.0027062759351700973 -0.0030904284068169296 0.008728724178372697 -0.00037233907377928695 0.0036551404986731018 0.00055854132329553224 0.00078385023353170233 0.0028246934894261039 -0.0072665497025399817 -0.00051089157120437804 0.0031324535060406177 -0.0021423888471761715 0.00083957508730596276 0.0058456603809031284 -0.00012407967954161046 -0.0021864257127252045 0.00018184117847972833 0.0091218813521279224 -0.0021292947661852588 -0.00072426006152376743 0.0056975982686980455 0.0032759505044133008 -0.00055955444461236231 -0.009015192294358999 0.0015106754612674183 0.0012873539971593856
leaf_weight=256 462 660 684 240 1017 42948 395 5810 971 3993 434 33810 1718 1404 7641 409 10235 3457 36349 210 320 225 223 639 1152 257 1663 317
leaf_count=256 462 660 684 240 1017 42948 395 5810 971 3993 434 33810 1718 1404 7641 409 10235 3457 36349 210 320 225 223 639 1152 257 1663 317
internal_value=-4.41925e-05 0.00119948 0.00215931 0.00401859 0.00550999 -9.50428e-05 0.000422352 0.00139521 -0.00238354 0.00194798 -0.000207018 -0.000645436 -0.000444651 -0.00452311 -1.94395e-05 0.00106297 -0.000271602 -0.00153595 -0.00012936 -0.000979958 -0.00205202 0.00261009 0.000841912 0.000106445 0.000768973 -0.00376688 0.000137659 -0.00053405
internal_weight=157899 6200 4305 2258 1701 151699 26986 11236 1433 9803 124713 37366 35528 1838 87347 8050 15750 3852 79297 1895 1460 435 543 2047 1791 917 11898 557
internal_count=157899 6200 4305 2258 1701 151699 26986 11236 1433 9803 124713 37366 35528 1838 87347 8050 15750 3852 79297 1895 1460 435 543 2047 1791 917 11898 557
is_linear=0
shrinkage=0.02


Tree=67
num_leaves=27
num_cat=0
split_feature=19 41 45 52 14 43 59 45 0 38 32 42 51 41 47 7 5 46 52 43 16 42 5 60 69 60
split_gain=26.8538 52.8398 31.3329 26.7516 40.5216 39.9947 45.605 25.0794 24.55 26.3047 24.0283 22.3966 27.4711 22.7812 21.5869 19.8837 32.1098 19.6683 21.7274 30.5793 20.1381 16.3765 15.7994 14.1338 13.1781 6.0606
threshold=1.9330776415161919 0.029684613245387185 0.011930572666758116 0.88789462569950384 0.0349388574733085 0.052023794148548304 0.484504066081834 0.0056005298291365432 -0.034281958134547423 1.6292706313043768 -0.41652676295783864 -0.016314964865318856 0.39001241225817501 -0.012718600068435169 -0.0064681651703525902 0.0071129735253543146 0.033789852543578976 0.0042285409138495206 0.31451246134255056 -0.025600842621964656 0.10119243485287112 0.025569882767854549 0.013509698550426663 0.48692804252895394 0.86876447022679304 0.57157287157287173
decision_type=10 10 10 2 10 10 10 10 10 10 8 8 2 10 10 8 10 10 2 10 8 10 10 10 8 10
left_child=3 17 21 8 15 7 -7 -6 11 10 -10 13 -13 -1 -4 25 -17 20 -19 -20 24 23 -22 -3 -2 -5
right_child=1 2 14 4 5 6 -8 -9 9 -11 -12 12 -14 -15 -16 16 -18 18 19 -21 22 -23 -24 -25 -26 -27
leaf_value=0.004775835478614464 0.0015082698386137509 -0.00056906235090805821 -0.0035905917582993254 0.00058153153904967169 0.00472154876890856 0.0061045554835801007 0.001674468492028341 -0.0016394131450029401 0.0058880083664715841 -0.0042313597177749676 -3.2485675324326318e-05 -0.003289907699225676 0.0015563756768847336 -0.00063879170279537798 -0.0088064377340672725 -0.003561238968575753 0.0058232311981836751 -0.0049494597899246793 0.0059778064866166979 -0.00056621519369637807 -0.0040499714906494615 0.0020056047460471024 0.0029290406189112564 -0.0047474932008948721 0.0049585613944342632 0.0031547655427427634
leaf_weight=1514 812 338 239 435 334 702 545 646 411 397 135506 502 1788 463 337 922 224 211 249 9951 246 319 202 330 202 311
leaf_count=1514 812 338 239 435 334 702 545 646 411 397 135506 502 1788 463 337 922 224 211 249 9951 246 319 202 330 202 311
internal_value=-2.27524e-05 -0.000878023 -0.00433376 5.66548e-05 0.00164515 0.00347307 0.00584776 0.000446483 1.00866e-05 -3.66651e-05 -2.1616e-05 0.00150375 0.000156264 0.00306269 -0.00803813 -0.000506075 -0.00216042 -0.000422604 -0.000727814 -0.000595824 0.00174846 -0.00216397 -0.00177728 -0.0039432 0.00330837 0.00203213
internal_weight=158136 13436 1563 144700 4119 2227 1247 980 140581 136314 135917 4267 2290 1977 576 1892 1146 11873 10411 10200 1462 987 448 668 1014 746
internal_count=158136 13436 1563 144700 4119 2227 1247 980 140581 136314 135917 4267 2290 1977 576 1892 1146 11873 10411 10200 1462 987 448 668 1014 746
is_linear=0
shrinkage=0.02


Tree=68
num_leaves=25
num_cat=0
split_feature=32 14 44 23 70 44 69 45 46 53 18 0 42 42 53 51 30 49 28 17 14 10 7 10
split_gain=23.4449 35.8725 46.2191 23.8947 27.9952 43.2794 29.7145 28.8263 40.1997 25.2504 23.8364 25.5709 23.7989 23.0754 22.7238 20.3584 18.2502 17.4204 13.3597 10.1583 10.0393 8.4364 12.3368 9.42385
threshold=0.32248816140126663 -0.28372556486100187 0.10410270243662935 0.064544487055222213 -0.21706629662203134 0.090415435247257495 -0.78667009092234585 0.0087471497494089837 0.0085617405860593989 0.022033085145083061 71.876638313062415 -0.032353043915001982 0.002904387110914342 -0.01346065179162753 0.024132713091028688 0.91367500375237098 0.44390383991419818 0.01951266924947315 -0.055726520928420169 -0.043268696025309868 0.070920226208913931 1.2830305840693166 0.013806450344919265 0.79738622108361368
decision_type=10 10 10 8 8 10 8 10 10 10 10 10 10 10 10 2 10 10 10 2 10 10 10 10
left_child=3 -2 21 10 7 9 -7 17 -9 -6 11 13 16 -1 -13 -14 -12 -5 20 -20 -4 23 -23 -3
right_child=1 2 18 4 5 6 -8 8 -10 -11 12 14 15 -15 -16 -17 -18 -19 19 -21 -22 22 -24 -25
leaf_value=0.0033248052095478388 -0.0088709040936128265 -0.0017410351047164993 0.0038202557347203105 -0.00092015532336224418 -5.9771251933660126e-05 -0.01206819423184954 -0.0023557485851784543 -0.0046424219543607717 -0.001450876873544436 0.003080092060845167 0.0010183555875903274 -5.6399554027268676e-05 0.0010327572594325931 -3.2293599746180403e-05 -0.0013638103002653183 -0.00087566115409749921 -0.0022290697266201306 0.0024298780475879279 0.0017521475486088056 0.0070273781781687332 0.014564648596953576 -0.0047598353610767384 0.0031551726317463032 0.0041472137825686439
leaf_weight=2187 211 255 204 2202 12966 297 1468 902 3071 895 566 111938 10881 2044 3807 1153 922 555 334 248 222 339 293 297
leaf_count=2187 211 255 204 2202 12966 297 1468 902 3071 895 566 111938 10881 2044 3807 1153 922 555 334 248 222 339 293 297
internal_value=-3.90375e-05 0.00192097 0.00268035 -6.92823e-05 -0.00067442 -0.000209765 -0.00315855 -0.00175279 -0.00284298 0.000165777 3.20452e-05 -5.76611e-05 0.000828071 0.00146928 -0.000113507 0.00112322 -0.00155675 -0.000180566 0.00582557 0.00383877 0.00851991 0 -0.00157662 0.0018047
internal_weight=158257 2403 2192 155854 22356 15626 1765 6730 3973 13861 133498 119976 13522 4231 115745 12034 1488 2757 1008 582 426 1184 632 552
internal_count=158257 2403 2192 155854 22356 15626 1765 6730 3973 13861 133498 119976 13522 4231 115745 12034 1488 2757 1008 582 426 1184 632 552
is_linear=0
shrinkage=0.02


Tree=69
num_leaves=28
num_cat=0
split_feature=19 45 41 44 46 46 52 71 43 45 52 9 70 51 6 53 72 72 71 72 63 53 63 68 78 0 41
split_gain=24.7135 44.0257 39.2167 26.0118 25.3761 29.5471 24.045 40.6676 56.7097 33.7499 30.8427 22.3501 20.6507 34.7294 17.0317 72.4423 31.5403 16.39 15.2349 13.2233 12.5059 33.1981 12.6884 11.7883 20.0749 11.4538 10.1433
threshold=1.9539555212719026 0.011930572666758116 0.032004854577782467 0.065681575553060659 0.009711183688914788 0.010908310460334756 0.88789462569950384 -0.32885392981413031 0.052023794148548304 0.0056005298291365432 0.95673634530628282 1.7570160080423631 -1.2417227077992512 0.29845360824742273 0.019910709692244181 0.020765563179641202 0.41462882386653116 -1.1704962106107168 0.70914014763015676 0.38333426205258309 0.93683647019046556 0.014559209588940875 0.93201244537379691 0.18515378575482275 -0.32245152643410691 0.0014050225556355713 0.043315982784673641
decision_type=10 10 10 8 10 10 2 8 10 10 2 10 8 2 10 10 10 10 10 10 10 10 8 10 10 10 10
left_child=6 3 23 20 18 -6 12 8 9 -8 11 -9 13 -1 15 -14 -16 -10 -5 -12 22 -22 -2 -3 -25 -15 -4
right_child=1 2 26 4 5 -7 7 10 17 -11 19 -13 14 25 16 -17 -18 -19 -20 -21 21 -23 -24 24 -26 -27 -28
leaf_value=-0.006526979402166018 -0.0011424704061788946 0.0010656212631443885 -0.0093152248911701693 0.0018273967695359196 -0.0071559513704566001 0.0010934346590695161 0.0036036213882203794 -1.1780816218681863e-05 0.0075425571788057472 -0.0016883320217695884 0.0018254108817720638 -0.0068127074258110126 2.3853960797533375e-05 0.00040690584527609521 -0.00025237374154670362 -0.0031190066779590293 0.0013469332266736111 0.003829117359599849 -0.0021120751490216641 0.0060805990820095544 -0.00093731455726241847 0.0059045703530076574 -0.0041216034672156661 0.00085014834290322026 -0.0044004837833335284 -0.0019466578753985066 -0.0063812239643236792
leaf_weight=368 5522 283 200 2872 426 593 276 1449 222 551 242 473 105823 995 13545 1800 17910 717 508 254 1121 319 217 219 315 829 313
leaf_count=368 5522 283 200 2872 426 593 276 1449 222 551 242 473 105823 995 13545 1800 17910 717 508 254 1121 319 217 219 315 829 313
internal_value=1.76683e-05 -0.000820978 -0.00426597 -0.000424734 0.000785909 -0.00197843 9.2111e-05 0.00158614 0.00389247 7.00483e-05 -9.83878e-05 -0.00124701 4.78371e-05 -0.00187779 7.82145e-05 -4.1422e-05 0.000487602 0.00725319 0.00162023 0.00434205 -0.00116685 0.000498265 -0.00158502 -0.0015379 -0.00328598 -0.00074411 -0.00859533
internal_weight=158362 12908 1330 11578 4399 1019 145454 4184 1766 827 2418 1922 141270 2192 139078 107623 31455 939 3380 496 7179 1440 5739 817 534 1824 513
internal_count=158362 12908 1330 11578 4399 1019 145454 4184 1766 827 2418 1922 141270 2192 139078 107623 31455 939 3380 496 7179 1440 5739 817 534 1824 513
is_linear=0
shrinkage=0.02


Tree=70
num_leaves=30
num_cat=0
split_feature=67 46 45 9 53 45 70 54 45 7 51 49 10 10 51 4 41 57 50 0 53 7 50 43 31 71 50 9 46
split_gain=27.4219 32.3962 52.5265 64.3611 112.255 40.971 40.4767 50.7062 37.834 32.1649 32.0844 32.6468 52.1004 31.503 30.7258 30.431 30.4284 29.2563 36.2879 29.8471 28.4049 23.8015 33.6557 22.3473 20.9724 26.0486 20.0893 17.2841 5.68049
threshold=0.10472095872879782 0.0071743218066912407 0.0056005298291365432 0.45522723990388131 0.017635968449793909 0.0053649681271666092 -0.067669758862636389 0.41627972667884766 0.0048573026601447722 0.0065714731573592788 0.72080650082043596 0.0123673574873322 0.082344755967374172 1.7967452922885623 0.73595283317505544 0.28999548484523258 -0.016491552137521345 0.70637424090174339 0.039109424759590568 -0.032353043915001982 0.012316468269828263 0.0060871112320751986 0.049915350585884484 0.0093529945004973154 0.041625300187811749 -0.77089008769369227 0.055917013758482022 0.90160598757759425 0.0077991396904174238
decision_type=8 10 10 8 10 10 10 10 10 10 2 10 8 8 2 10 10 10 10 10 10 10 8 10 10 10 10 10 10
left_child=10 5 13 4 -4 8 7 -7 26 -10 11 17 -13 16 24 -14 -3 19 -19 -1 -5 22 -16 -23 25 -12 -2 -8 -15
right_child=1 2 3 20 -6 6 27 -9 9 -11 14 12 15 28 21 -17 -18 18 -20 -21 -22 23 -24 -25 -26 -27 -28 -29 -30
leaf_value=0.0024270255033818377 0.00019597342366246823 0.0049996880161397219 -0.0045505333235985991 -0.0020874384524229594 0.001465340794512831 -0.0015976093831317313 0.0019426974368591627 0.0022189001041889333 -0.0020180708219184906 0.0010143325201459978 0.0073373460498022272 0.0053197988433870335 -0.0012263815755127918 0.0046839042120801781 0.00076947385423214954 0.0077295727371750715 0.00022061282754311823 0.00098624894743438215 0.0052413198172230118 -0.00010448665761309206 -0.00034281215043445088 0.0020728050635091416 0.0027531722081274713 -2.5638112955120342e-05 0.0086089125161736054 0.00024246738645381468 -0.004999073485883505 -0.00086902193490571468 0.0081076298073646542
leaf_weight=2404 14696 348 3418 2149 1445 1246 1244 5857 3147 1195 228 339 10745 276 6017 245 3564 8504 533 39900 26843 2357 1683 14194 341 714 358 3819 240
leaf_count=2404 14696 348 3418 2149 1445 1246 1244 5857 3147 1195 228 339 10745 276 6017 245 3564 8504 533 39900 26843 2357 1683 14194 341 714 358 3819 240
internal_value=2.94717e-05 -0.000266558 -0.000657664 -0.000925626 -0.00305469 0.000207775 0.00111761 0.0020915 -0.00036284 -0.00200737 0.000263908 2.03922e-05 -0.00095128 0.00139038 0.000861484 -0.00118988 0.000776386 0.000234856 0.00126776 1.41354e-05 -0.000568344 0.000701715 0.00162031 0.000274166 0.00387695 0.00233086 0.000111458 -0.00024842 0.00603095
internal_weight=158049 69845 38283 33855 4863 31562 12166 7103 19396 4342 88204 62670 11329 4428 25534 10990 3912 51341 9037 42304 28992 24251 7700 16551 1283 942 15054 5063 516
internal_count=158049 69845 38283 33855 4863 31562 12166 7103 19396 4342 88204 62670 11329 4428 25534 10990 3912 51341 9037 42304 28992 24251 7700 16551 1283 942 15054 5063 516
is_linear=0
shrinkage=0.02


Tree=71
num_leaves=20
num_cat=0
split_feature=70 49 44 28 50 53 6 14 46 69 53 53 54 54 10 29 42 53 51
split_gain=22.903 28.1601 21.3951 18.8114 34.4206 33.4408 69.1443 42.7903 22.5003 22.0596 54.909 45.3942 21.716 23.866 15.6201 13.9356 13.2189 8.80082 5.32228
threshold=-1.2417227077992512 -0.020362102766146747 0.071648716325692488 -0.28321158375688088 0.058484836743913589 0.020765563179641202 0.017309315387522856 -0.28372556486100187 0.011835908005302669 0.073917795364508904 0.020587867958909118 0.020587867958909118 0.66360899971487497 0.61427094393954118 1.2227152884016939 3.5820286870269338 -0.0035428847015118721 0.013407961822751438 0.40185059996619915
decision_type=8 10 10 8 10 10 8 8 10 10 10 10 10 10 10 8 10 10 2
left_child=1 -1 16 4 12 9 8 -8 -7 10 -5 -11 13 -2 -14 -4 18 -18 -3
right_child=3 2 15 5 -6 6 7 -9 -10 11 -12 -13 14 -15 -16 -17 17 -19 -20
leaf_value=-0.0064711531846288793 0.0016329077499307731 -0.0009180183563234093 -0.0012907912281833083 -0.00018512511963982109 0.0081349635719005151 -0.00055929647213313449 -0.0069927426895086599 -4.2689181544441072e-05 -0.0048313129469679632 0.00033801845951429488 0.0049220942818116531 -0.0053870394549115595 0.00093357639938933593 0.0094098711574837901 -0.0029882480357894224 0.0031352869715249015 -0.00038485623451547951 -0.0027167253054177489 0.0021587347193452616
leaf_weight=375 1035 212 228 84590 300 325 408 6281 935 59053 478 297 736 335 782 271 352 843 236
leaf_count=375 1035 212 228 84590 300 325 408 6281 935 59053 478 297 736 335 782 271 352 843 236
internal_value=-2.12433e-05 -0.00191342 -0.00102566 9.37283e-06 0.00152963 -2.24325e-05 -0.00128528 -0.000475037 -0.00558128 4.70714e-05 -0.000159377 0.00034301 0.000857736 0.00268271 -0.000788677 0.002596 -0.00212774 -0.00322575 0.000797327
internal_weight=158072 2517 2142 155555 3188 152367 7949 6689 1260 144418 85068 59350 2888 1370 1518 499 1643 1195 448
internal_count=158072 2517 2142 155555 3188 152367 7949 6689 1260 144418 85068 59350 2888 1370 1518 499 1643 1195 448
is_linear=0
shrinkage=0.02


Tree=72
num_leaves=24
num_cat=0
split_feature=42 10 41 9 46 10 57 57 41 43 14 9 8 33 54 71 32 44 6 18 4 41 57
split_gain=21.1607 36.2494 52.6341 48.7366 44.9928 32.0325 29.0178 21.4363 30.309 21.3701 55.7319 40.9998 31.188 30.3471 33.0061 40.9034 30.3524 25.5171 20.5559 18.8124 17.6419 14.8322 9.17083
threshold=0.050075289202389912 1.117725680589744 0.038584740105180433 0.89046443510038753 0.0080154235139374523 0.50324770714840994 0.21595781771420552 0.79292384590729148 0.038584740105180433 0.052023794148548304 -0.14363687542624051 2.7016181494572549 0.0054244770460803067 0.14734579120385247 0.57253979244754216 -0.45338169029709258 -0.27617093460708475 -0.020584583741498571 0.013630045892073199 80.000005643703958 -0.34331206254764313 -0.0085046880219657433 0.02098638197417332
decision_type=10 8 10 10 10 10 10 8 10 10 8 10 8 10 10 8 8 8 10 10 10 10 10
left_child=9 2 5 -4 -3 18 -7 8 -6 13 21 12 -12 16 17 -16 20 -15 -2 -18 -1 -11 -23
right_child=1 4 3 -5 7 6 -8 -9 -10 10 11 -13 -14 14 15 -17 19 -19 -20 -21 -22 22 -24
leaf_value=0.013405247303637194 -0.0087519283190193066 0.0079459184656865897 0.008173608784210612 -0.0024361784660107927 0.00026925471144965241 0.0018916429061910502 -0.0025823204715166408 0.0035583444018072209 -0.0052703332402796446 -0.0064936985682600562 0.0035233103938828022 -0.010788473857188632 0.0010642032526619631 0.0068596821748771707 -0.005303891897118781 -0.00072601018838789851 -3.5092288196010793e-05 -0.00068393194906120585 -0.0030242429317884237 0.0009756209891469608 0.0023728129972759209 0.0026407096996180781 -0.0027868012086810436
leaf_weight=225 235 335 334 371 1121 402 2065 360 390 310 1126 262 10157 230 1106 1118 124312 7089 210 5092 377 227 1003
leaf_count=225 235 335 334 371 1121 402 2065 360 390 310 1126 262 10157 230 1106 1118 124312 7089 210 5092 377 227 1003
internal_value=-2.18228e-05 -0.00120501 -0.00243726 0.00246176 0.000814681 -0.00362444 -0.00273015 -0.000394231 -0.00144048 2.33105e-05 0.000796118 0.00127299 0.00145498 -4.91437e-05 -0.00113768 -0.00327101 3.07522e-05 -0.000488798 -0.00856054 9.87597e-06 0.00450746 -0.00277612 -0.00178554
internal_weight=158457 5823 3617 705 2206 2912 2467 1871 1511 152634 13085 11545 11283 139549 9543 2224 130006 7319 445 129404 602 1540 1230
internal_count=158457 5823 3617 705 2206 2912 2467 1871 1511 152634 13085 11545 11283 139549 9543 2224 130006 7319 445 129404 602 1540 1230
is_linear=0
shrinkage=0.02


Tree=73
num_leaves=30
num_cat=0
split_feature=55 46 9 43 54 71 41 10 46 19 41 71 30 6 66 12 50 14 35 43 6 42 54 37 46 69 0 54 17
split_gain=24.2687 30.6065 44.0167 46.9216 56.7383 34.0869 56.6821 38.952 31.6111 28.9502 25.489 32.1462 23.1116 22.0183 20.8665 27.115 19.6572 26.3697 32.5667 22.0274 25.7592 18.1916 17.9156 13.6451 13.2092 12.3331 11.1275 7.39916 3.85154
threshold=0.44758944921819982 0.0071743218066912407 0.54152716558590841 0.052023794148548304 0.57423636069098871 -0.25261986930137648 0.016564547221498919 0.46350184552798734 0.003497803715419317 -1.3686247646701595 0.026653010398889235 0.62790454813189756 0.8035890858151129 0.0084181222324783752 0.95914193898418276 -0.17486469982185301 0.058484836743913589 -0.24221040318064538 -0.04196159238101093 0.082894945459941152 0.018812766509491836 -0.0050443421261642243 0.59034837493232761 0.59455845981889799 0.013170402795478235 -0.12412475664078047 0.0027172429813890901 0.56052014714107801 -0.11704119837573267
decision_type=8 10 8 10 10 8 10 10 10 8 10 8 8 8 8 10 10 10 10 10 10 8 10 8 10 10 10 10 2
left_child=12 5 3 4 -3 6 8 -8 -2 -7 13 -12 16 -4 15 27 19 -18 -19 20 -1 -11 -5 26 -21 -17 -16 -14 -25
right_child=1 2 10 22 -6 9 7 -9 -10 21 11 -13 14 -15 23 25 17 18 -20 24 -22 -23 -24 28 -26 -27 -28 -29 -30
leaf_value=7.2120585944137822e-05 -0.0028331356902876878 -0.0009155256299467246 -0.0040502963756505273 0.0038658155740678231 -0.0041429916531929662 -0.0065785352290890211 0.0082537370767498518 0.0031327419485471155 0.00041337878239198041 0.00089520149794555836 -0.0016642269899836471 0.0017299504077879435 0.0082694278694165589 -8.3290093345009806e-05 -0.0019195927883862486 -0.0012763773083311542 0.0070080195359570477 -0.0014591386225597774 0.0029709041723237064 0.001318644616671899 0.0013285144014342242 -0.00060997067394713393 -0.00037961199281712487 -0.005332119287810827 -0.0029527884201110844 0.0010836393438577018 0.00090164062802303992 0.0017389949058998881 -0.0038329706501410723
leaf_weight=45209 658 4510 231 569 3273 340 222 1275 16308 3641 4470 1122 221 33619 627 2828 293 1042 1157 322 14961 17515 481 307 1020 1064 456 245 201
leaf_count=45209 658 4510 231 569 3273 340 222 1275 16308 3641 4470 1122 221 33619 627 2828 293 1042 1157 322 14961 17515 481 307 1020 1064 456 245 201
internal_value=-7.72372e-05 -0.000297818 -0.000636714 -0.00191284 -0.00244836 0.000111562 0.000741876 0.0044713 0.000412448 -0.000429734 -0.000350835 -0.00160164 0.000200961 -0.000144102 -0.000991261 -0.000274834 0.000311819 0.00205295 0.00129909 0.000241217 0.000297785 -0.000336437 0.00205328 -0.00295101 -0.00229188 -0.000821474 -0.00167712 0.00427837 -0.00565422
internal_weight=158187 88234 48275 8833 7783 39959 18463 1497 16966 21496 39442 5592 69953 33850 5949 4358 64004 2492 2199 61512 60170 21156 1050 1591 1342 3892 1083 466 508
internal_count=158187 88234 48275 8833 7783 39959 18463 1497 16966 21496 39442 5592 69953 33850 5949 4358 64004 2492 2199 61512 60170 21156 1050 1591 1342 3892 1083 466 508
is_linear=0
shrinkage=0.02


Tree=74
num_leaves=30
num_cat=0
split_feature=70 54 54 46 50 10 42 44 46 54 44 54 6 48 2 46 59 10 49 57 54 54 59 48 48 54 50 4 31
split_gain=21.9891 69.863 70.5624 83.3477 65.9471 58.4673 47.7113 70.8763 61.7234 36.3274 35.7282 26.936 23.2486 41.2136 35.5529 27.2218 92.5631 27.8787 24.8691 23.1472 28.3389 66.0382 36.3452 27.4386 46.345 44.2136 13.7655 9.38644 7.65468
threshold=-0.85715601778771144 0.57514222579460672 0.66360899971487497 0.03709626144380785 0.044111952976337861 0.43161558759342439 -0.015890011651909727 -0.018571112968687294 0.0098035601031225307 0.5457716960660749 0.011389885697380754 0.41119808322121021 0.010723025472992873 -0.024865420475417895 0.0016913570258146884 0.003925608863807376 0.23036890645586303 1.117725680589744 -0.015757327943683449 0.82027195848548928 0.57667792130208972 0.58470889931856196 0.070377924044374415 -0.02575869664184632 -0.022692114710380681 0.47591802622071239 0.018531729222293406 0.069943695219774629 -0.060429783406092334
decision_type=8 8 10 10 10 8 10 10 10 10 10 10 8 10 10 10 10 10 10 8 10 10 10 8 8 10 10 10 10
left_child=1 6 4 10 5 -3 9 -8 -9 11 -4 -1 13 14 26 16 -15 -17 -16 20 22 -22 -14 25 -25 -21 -2 -6 -5
right_child=12 2 3 28 27 -7 7 8 -10 -11 -12 -13 19 15 18 17 -18 -19 -20 23 21 -23 -24 24 -26 -27 -28 -29 -30
leaf_value=-0.0049351668759320165 -0.00012021166278547172 -0.0075239159012035726 0.0011673996848959151 -0.0021091751049088585 0.0037702781128188339 -0.002230884384180707 0.010721481858923363 0.00061267785413085659 -0.0029859550127725666 -0.0060564291717536403 0.0065437756429570651 6.3258567334470306e-05 -0.0059199748626784163 -0.0068943258128845589 0.0011718879617790411 0.0013589797878117522 0.0022978472560353366 -0.00055208692187220815 -0.0032704622356207282 0.0057504583981138968 0.003191190198252771 -6.7168446946090645e-06 -0.00040387881828733848 -0.0047425069821319275 0.00027572016892687062 0.00099411409158925218 0.0035509919628025368 8.2152338951830276e-05 -0.0057373771781170776
leaf_weight=256 1659 886 1102 201 256 2988 260 9412 968 375 357 1106 241 543 270 13864 702 2764 1107 981 3180 26073 59383 704 21826 6206 216 407 205
leaf_count=256 1659 886 1102 201 256 2988 260 9412 968 375 357 1106 241 543 270 13864 702 2764 1107 981 3180 26073 59383 704 21826 6206 216 407 205
internal_value=-3.77289e-06 -0.000646326 -0.00234234 0.000931404 -0.00368841 -0.00468594 0.000230894 0.000732826 0.00047375 -0.0028412 0.00316301 -0.00131915 8.25794e-05 0.000693837 -0.00137658 0.00107072 -0.0017801 0.00128438 -0.00381567 -2.62912e-05 -0.000187876 0.000321939 -0.000438038 0.000456895 0.000113532 0.00153283 0.000414712 0.00213554 -0.00707125
internal_weight=158498 18779 6402 1865 4537 3874 12377 10640 10380 1737 1459 1362 139719 21125 3252 17873 1245 16628 1377 118594 88877 29253 59624 29717 22530 7187 1875 663 406
internal_count=158498 18779 6402 1865 4537 3874 12377 10640 10380 1737 1459 1362 139719 21125 3252 17873 1245 16628 1377 118594 88877 29253 59624 29717 22530 7187 1875 663 406
is_linear=0
shrinkage=0.02


Tree=75
num_leaves=23
num_cat=0
split_feature=32 44 69 6 53 53 14 53 71 38 69 14 44 1 70 72 6 14 8 42 25 25
split_gain=25.1713 34.9377 41.3111 54.4708 54.4157 39.4248 32.4423 42.8765 101.528 31.0284 30.7548 25.6919 41.4685 28.1141 24.16 21.1049 15.5606 15.278 14.4526 10.7787 8.76328 8.01168
threshold=0.21128816567500777 0.12547988852472428 -0.24936112690690584 0.011573059993301707 0.020054294547259193 0.023450097778310121 -0.35275334335723491 0.020765563179641202 -0.08344057328505998 0.78974514699402976 -0.66441883798954871 -0.2679573375709432 0.1062109515439026 -0.024928228121900261 -1.2417227077992512 0.33210965114451479 0.022954333583557283 0.078678989061327101 0.0057476331824380502 0.031861074997023626 -0.30052149853187277 -0.42942979391056491
decision_type=10 10 8 8 10 10 8 10 8 10 10 8 10 10 8 10 10 10 10 10 10 10
left_child=1 6 4 -4 15 -5 9 14 -9 -1 -6 -2 18 17 -8 -3 -15 -14 21 -20 -11 -13
right_child=11 2 3 5 10 -7 7 8 -10 20 -12 12 13 16 -16 -17 -18 -19 19 -21 -22 -23
leaf_value=0.012920092920580429 -0.006507247492842822 -0.0027350192306522646 -0.006109496757137174 -9.6905221938142636e-05 -0.01229431224818339 0.004881221365992036 -0.0015529571827606566 -0.0025982255843399415 0.0016760236930787593 -0.0032379986085228434 -0.0020272042802645237 0.00081642531363713944 0.0036573110075017214 0.00019260717838725527 7.6844776982555713e-05 0.0022258436427780889 0.0042272837072492297 0.010379297560192411 0.00032965779651153112 -0.0041937304976189674 0.0036391327122024977 0.0055124142174445478
leaf_weight=357 280 1012 266 1925 411 396 2076 4444 2834 249 383 222 304 933 134772 537 1122 320 3842 520 811 230
leaf_count=357 280 1012 266 1925 411 396 2076 4444 2834 249 383 222 304 933 134772 537 1122 320 3842 520 811 230
internal_value=-6.3066e-06 -6.36522e-05 -0.00171933 2.24111e-05 -0.00364249 0.00100689 -7.54411e-06 -3.71755e-05 -0.0015329 0.00300282 -0.00789686 0.00110342 0.00132613 0.00332015 4.23679e-05 -0.00145677 0.00218774 0.0070368 0.000215576 -0.000137062 0.00127992 0.00361589
internal_weight=158246 150473 4930 2587 2343 2321 145543 144126 7278 1417 794 7773 7493 2679 136848 1549 2055 624 4814 4362 1060 452
internal_count=158246 150473 4930 2587 2343 2321 145543 144126 7278 1417 794 7773 7493 2679 136848 1549 2055 624 4814 4362 1060 452
is_linear=0
shrinkage=0.02


Tree=76
num_leaves=17
num_cat=0
split_feature=4 23 69 14 8 42 75 43 14 6 9 48 44 34 17 59
split_gain=25.3931 19.5604 25.3006 25.3557 25.4523 19.344 21.3843 20.4367 45.3532 26.9283 18.5044 15.339 11.3001 9.68826 9.51329 5.12643
threshold=-0.42098620249127217 0.081577488311510252 1.4441473119269961 0.34385068010322167 0.0060295827653730058 0.083847787097674056 0.24508410382047943 0.052023794148548304 -0.11221417455768788 0.019910709692244181 1.343045323863769 -0.15381370080476323 0.0027441435902724192 0.0047439056216905234 -0.084028640095139218 0.50835076708507676
decision_type=8 10 10 10 10 10 8 10 8 10 10 10 10 10 2 10
left_child=11 5 3 4 -3 7 15 9 -9 -2 -5 -1 13 -4 -14 -7
right_child=1 2 12 10 -6 6 -8 8 -10 -11 -12 -13 14 -15 -16 -17
leaf_value=0.0017112769895770747 -0.00011999713711313727 -0.0052356803520879182 0.00052481596623904015 -0.0051335098471402283 -0.00064126017763084596 -0.0012286608884829794 -0.0039531769653581494 -0.0021721136003842473 0.0011979816660117519 0.00077747376201350111 -0.0010976870043850732 0.014002782387039088 -0.0017935830992956059 -0.0041884399882762989 0.0028449345163147613 0.0010535585289987704
leaf_weight=357 106024 277 327 654 10372 202 389 1850 10677 23304 357 251 343 306 2094 246
leaf_count=357 106024 277 327 654 10372 202 389 1850 10677 23304 357 251 343 306 2094 246
internal_value=-7.07456e-06 -2.28556e-05 -0.00071672 -0.0011421 -0.000854272 4.8762e-05 -0.00298091 6.66732e-05 0.000837963 -8.02604e-06 -0.00416798 0.00406897 0.000898079 -0.0014795 0.00151682 0
internal_weight=158030 157422 14730 11660 10649 142692 837 141855 12527 129328 1011 608 3070 633 2437 448
internal_count=158030 157422 14730 11660 10649 142692 837 141855 12527 129328 1011 608 3070 633 2437 448
is_linear=0
shrinkage=0.02


Tree=77
num_leaves=18
num_cat=0
split_feature=38 23 53 18 38 45 15 35 45 44 14 48 69 63 49 45 49
split_gain=26.7482 24.6244 29.9125 28.7771 28.2609 26.5946 22.1549 20.4014 32.1036 26.6094 20.2334 19.784 18.8329 15.7113 15.3695 13.9862 13.2067
threshold=1.6292706313043768 0.0090995455996218961 0.01121179493763527 68.590519034626013 1.2428034140120034 0.0037916494529791596 -0.063282994528402955 0.0051873179893512636 0.0066572881025283191 0.04384267752158489 -0.018600907366146387 -0.066896130665359529 1.0000000180025095e-35 0.60557357914859222 0.038994654154270066 0.0037089474633269473 -0.009530642283459732
decision_type=10 8 8 10 10 8 10 10 10 8 10 10 10 10 10 10 10
left_child=1 3 10 7 5 -4 -2 9 -9 -1 15 13 -6 -5 -13 -3 -12
right_child=6 2 4 11 12 -7 -8 8 -10 -11 16 14 -14 -15 -16 -17 -18
leaf_value=0.000331330454413028 -0.00076966616772231381 -0.0033286392398646602 0.00075296655490943805 0.00044996701443909679 -0.00073205478536422645 -0.00062703600916599466 -0.0049658674061133458 0.001657634591733697 -0.00033713097016562806 -0.0003850531352514794 -0.0020027691720489842 0.0019477605211210844 0.0012885677619220782 -0.0034533855288068965 -0.0012925010779797372 0.00043219579856177038 0.002147264395360201
leaf_weight=39224 325 265 4935 403 2537 52997 282 4915 3749 34459 275 4023 5636 247 345 596 2916
leaf_count=39224 325 265 4935 403 2537 52997 282 4915 3749 34459 275 4023 5636 247 345 596 2916
internal_value=-5.32347e-05 -3.70613e-05 -0.000316115 0.000187006 -0.000418389 -0.000573732 -0.00424013 9.73673e-05 0.00101535 -1.05586e-05 0.00135159 0.0016573 0.000682408 -0.00159447 0.00214191 -0.00136659 0.00208584
internal_weight=158129 157522 70157 87365 66105 57932 607 82347 8664 73683 4052 5018 8173 650 4368 861 3191
internal_count=158129 157522 70157 87365 66105 57932 607 82347 8664 73683 4052 5018 8173 650 4368 861 3191
is_linear=0
shrinkage=0.02


Tree=78
num_leaves=24
num_cat=0
split_feature=4 45 46 53 6 14 63 46 68 47 28 34 37 68 14 1 34 14 10 46 63 42 76
split_gain=19.4894 27.4055 40.5719 25.659 71.3281 56.8666 34.3116 27.5794 26.068 23.4059 87.4988 17.6432 21.1168 19.189 16.3314 14.4557 12.7324 10.8011 10.4594 9.47214 8.36744 8.15635 4.48999
threshold=-0.25000552441017354 0.018619044111080962 0.011895288936271177 0.020765563179641202 0.017309315387522856 -0.32459048273431573 0.41511363197901002 0.012026607345245589 0.62214997087766089 -0.14112847084721039 -0.14025230567244959 -0.00020569820466724567 0.26700326746171021 1.078222815242313 0.055374661429382084 0.0028589538090237902 0.023688630517492423 -0.25424008393302394 1.2385839466010446 0.008887940952420962 0.2119627955340542 -0.0056350128958153048 0.51260734186101453
decision_type=8 10 10 10 8 8 10 10 10 8 10 8 8 10 10 10 10 10 10 10 10 10 10
left_child=1 2 17 9 7 -6 -7 14 -9 10 -2 12 -11 -13 -5 21 18 19 -3 -1 22 -4 -18
right_child=3 16 15 4 5 6 -8 8 -10 11 -12 13 -14 -15 -16 -17 20 -19 -20 -21 -22 -23 -24
leaf_value=0.0071413852447027972 0.0015534116891525295 -0.00031653012494566659 0.011325055593417852 -0.0041812651961499305 -0.011119423452629314 0.0020105483630469966 -0.00075676767774553253 -0.0035357069315453916 -0.0072040921564332739 0.0014813465876584964 -0.0071257315736689497 -0.00010254682758859407 -0.00070648046345759836 0.00064627070218386737 0.00088424516437928717 0.011552880074257213 0.0053290931308758293 -0.0030759352765903814 -0.0044099342790533957 -0.00013687289105164562 -0.0012071855270439269 0.0024846088576720806 0.0018842322533726308
leaf_weight=281 371 328 200 274 289 2047 4677 548 219 5512 274 123049 2600 14889 241 295 206 326 312 288 293 294 200
leaf_count=281 371 328 200 274 289 2047 4677 548 219 5512 274 123049 2600 14889 241 295 206 326 312 288 293 294 200
internal_value=-3.65664e-05 0.00155357 0.00325104 -6.76039e-05 -0.00114971 -0.000356145 1.75465e-05 -0.00548558 -0.00788802 -6.39418e-06 -0.00380495 1.03936e-05 0.0009168 -4.2903e-05 -0.00189535 0.00655443 -0.000580597 0.000332589 -0.00261778 0.00199649 0.00128286 0.0044404 0.00314005
internal_weight=158013 3023 1684 154990 8295 7013 6724 1282 767 146695 645 146050 8112 137938 515 789 1339 895 640 569 699 494 406
internal_count=158013 3023 1684 154990 8295 7013 6724 1282 767 146695 645 146050 8112 137938 515 789 1339 895 640 569 699 494 406
is_linear=0
shrinkage=0.02


Tree=79
num_leaves=17
num_cat=0
split_feature=39 70 51 10 0 48 46 6 54 32 54 48 48 50 43 71
split_gain=21.9765 20.7394 29.7722 23.7584 18.7411 25.9266 38.5991 20.6613 66.8724 21.394 19.2957 11.471 22.8776 10.8656 13.7928 5.42297
threshold=-0.13985331144054278 -1.2417227077992512 0.33718699867475771 0.52142046645975115 -0.030752029086140494 -0.022926854672786264 0.010695490078669895 0.010723025472992873 0.57514222579460672 0.32248816140126663 0.58788043065563678 -0.080661721708004772 -0.041649383221665996 0.029886193737194925 0.046233088752169922 1.1894729609942292
decision_type=8 8 2 8 10 8 10 10 10 10 10 10 10 8 8 10
left_child=13 2 3 -2 5 6 -3 8 -6 -9 -7 -4 -13 15 -15 -1
right_child=1 4 11 -5 7 10 -8 9 -10 -11 -12 12 -14 14 -16 -17
leaf_value=-0.004324225707217101 -0.0062192643025753714 0.0050718637109244957 -0.0025301516685840041 -0.0010874389343722649 0.00062041417513833386 -0.0014057181919572054 0.00031439475627037397 -0.0001458217485064884 -0.0016371357509746929 0.0025534515532022973 0.0052279273531431972 0.0046883053515928801 -0.00081938289686179534 0.0034883445146743175 -0.0058660813363050424 -0.0029404270277209672
leaf_weight=385 259 1723 322 205 30447 1698 1841 112670 3677 2107 200 260 1446 303 201 350
leaf_count=385 259 1723 322 205 30447 1698 1841 112670 3677 2107 200 260 1446 303 201 350
internal_value=-7.57772e-06 1.33753e-05 -0.00179623 -0.00636129 4.26136e-05 0.00119312 0.0021986 3.89518e-07 0.000432469 -0.000128056 -0.000694049 -0.000748152 -9.256e-05 -0.00265968 -0.000392079 -0.00420924
internal_weight=158094 156855 2492 464 154363 5462 3564 148901 34124 114777 1898 2028 1706 1239 504 735
internal_count=158094 156855 2492 464 154363 5462 3564 148901 34124 114777 1898 2028 1706 1239 504 735
is_linear=0
shrinkage=0.02


Tree=80
num_leaves=31
num_cat=0
split_feature=45 69 4 48 38 45 10 41 6 27 45 42 60 48 44 60 44 41 37 45 20 44 16 8 1 4 44 46 66 51
split_gain=22.0697 47.1511 38.2635 56.8712 81.7606 41.7318 37.3859 36.6781 35.5603 33.0079 30.4077 29.6407 29.5744 38.1266 29.454 44.8977 26.4368 26.0799 23.1061 32.6578 20.6308 20.1717 23.3533 19.7398 17.8591 17.5829 17.4895 15.5248 14.9257 12.7439
threshold=0.0044010251167310123 0.016131979414882619 -0.065904585637425281 -0.10872575593379601 1.2222224073272872 0.020798456146339465 1.59806129762523 0.049669818797121963 0.016936342002906817 -0.045286443035719041 0.018619044111080962 0.014501779233529135 0.11278211104444548 -0.00058231760371135744 0.083204900209581836 0.56731736172729974 0.077141766390349323 -0.0026758182329863485 0.12142158046974537 0.0082894699117945052 0.089268861314718631 0.030639129887007236 0.012040858287007296 0.00863601161744206 -0.029443562711811529 -0.036826298475850165 0.040677473588450981 0.003497803715419317 0.84266125865638619 0.76867509298801495
decision_type=8 8 8 8 8 10 10 10 8 10 10 10 8 8 10 8 10 10 10 10 10 10 10 10 10 10 10 10 10 2
left_child=1 9 6 4 5 -4 18 10 -9 11 -5 27 13 17 26 -16 23 -3 20 -20 -2 25 -23 -8 -13 -11 -14 -1 -6 -15
right_child=2 12 3 7 28 -7 16 8 -10 21 -12 24 14 29 15 -17 -18 -19 19 -21 -22 22 -24 -25 -26 -27 -28 -29 -30 -31
leaf_value=0.0052080129532682245 -9.4531881319237783e-05 0.010212117270291372 -0.0064910355637899991 -0.00018988577878421793 0.0033911205787247427 -0.00017023659497223805 -0.00014899840222855692 -0.0068002289707983655 -0.00095044785786569611 -0.0072433610289129426 0.0054592495231747078 -0.0096919500400448489 0.0027726345251943606 0.010896896683498672 0.0020963706110824149 -0.0051978623402732975 -0.0032031638188293123 -0.0016463652295948511 -0.00047265083042875232 0.002220489872601678 -0.0045050277339783919 0.0016988871770211261 -0.00016655195250145485 0.0063876662750373646 -0.0030563468155151196 -0.00046324291225130715 0.00071196728539583227 -0.0014839752113628569 -0.0016165266664969009 0.0033086098626639482
leaf_weight=244 13338 202 946 104139 535 317 478 212 282 319 590 346 3360 275 555 745 336 382 2840 4595 226 3594 6155 1995 565 679 7210 2435 225 216
leaf_count=244 13338 202 946 104139 535 317 478 212 282 319 590 346 3360 275 555 745 336 382 2840 4595 226 3594 6155 1995 565 679 7210 2435 225 216
internal_value=-1.61554e-05 0.000501338 -0.000123902 -0.000284931 -0.00360573 -0.0067231 0.000601369 -0.000221033 -0.00565253 -0.000288604 -0.00019534 -0.00194876 0.00137633 0.00455204 0.0010882 -0.00175096 0.00276797 0.0010906 0.000311333 0.00120737 -0.000179727 0.00026591 0.000543385 0.00348343 -0.0050636 -0.00244044 0.00143771 -0.000887313 0.00157424 0.00865447
internal_weight=158336 27282 131054 107246 2023 1263 23808 105223 494 14337 104729 3590 12945 1075 11870 1300 2809 584 20999 7435 13564 10747 9749 2473 911 998 10570 2679 760 491
internal_count=158336 27282 131054 107246 2023 1263 23808 105223 494 14337 104729 3590 12945 1075 11870 1300 2809 584 20999 7435 13564 10747 9749 2473 911 998 10570 2679 760 491
is_linear=0
shrinkage=0.02


Tree=81
num_leaves=22
num_cat=0
split_feature=19 41 50 0 32 53 41 71 53 37 44 47 75 33 50 44 46 44 54 53 23
split_gain=23.7005 42.1346 24.4134 19.017 23.0055 26.4184 20.3007 27.308 27.1514 17.6559 27.5086 36.2229 16.4797 13.84 15.1261 20.1036 19.1709 10.6785 15.1608 12.7539 10.3331
threshold=1.8728649923026182 0.028528501236542162 0.11198429954846724 -0.034281958134547423 -0.41652676295783864 0.020765563179641202 -0.0060701709315129073 1.4300342099977672 0.013591519304348062 0.4413903952285661 0.055703942813936098 -0.0070466305300602708 -1.0534326146743338 0.12283097897120086 0.0052404787379354287 0.048801836542329731 0.011835908005302669 0.044735724164343578 0.47348636804386185 0.0124930391412386 0.053511036252169582
decision_type=10 10 10 8 8 10 8 10 8 10 10 10 10 10 8 8 10 10 10 10 10
left_child=2 13 3 6 12 -6 8 -8 -1 10 11 -3 -5 14 16 -16 -2 18 -15 -19 -12
right_child=1 9 -4 4 5 -7 7 -9 -10 -11 20 -13 -14 17 15 -17 -18 19 -20 -21 -22
leaf_value=0.0063630674917280142 0.0023858098223937048 -0.0016949724552068053 0.0059018478951749897 0.011468301566182526 8.5870712035641199e-05 -0.00092596668758601175 -0.0014875896327513603 0.0054634401003492575 0.0015963757981963405 -0.0070440677521087704 -0.0011491535159865651 -0.0080862756100640084 0.0004015404641237713 -0.0053478728456364498 -0.0011528985139388594 0.00036262633368656916 -0.0023327213084527935 0.0026805780370401152 -0.0017105768051153287 -0.0010341412801688603 0.0030497557538762656
leaf_weight=727 1242 829 223 250 129546 7767 1315 491 1828 270 350 240 203 327 3776 5425 244 246 982 1211 210
leaf_count=727 1242 829 223 250 129546 7767 1315 491 1828 270 350 240 203 327 3776 5425 244 246 982 1211 210
internal_value=9.37205e-06 -0.000737185 8.99045e-05 7.94917e-05 3.83111e-05 2.34353e-05 0.00137964 -0.000242391 0.0025266 -0.00352526 -0.00273497 -0.00461495 0.00453304 -0.000343244 -1.66542e-05 -0.000319278 0.00185474 -0.0016039 -0.0029145 -0.000423868 0.00085205
internal_weight=157702 15352 142350 142127 137766 137313 4361 1806 2555 1899 1629 1069 453 13453 10687 9201 1486 2766 1309 1457 560
internal_count=157702 15352 142350 142127 137766 137313 4361 1806 2555 1899 1629 1069 453 13453 10687 9201 1486 2766 1309 1457 560
is_linear=0
shrinkage=0.02


Tree=82
num_leaves=16
num_cat=0
split_feature=19 49 50 32 50 33 44 18 3 46 54 48 45 33 10
split_gain=24.4837 39.579 21.0798 20.1166 38.2888 21.8055 35.9506 23.2418 17.047 16.3979 18.2961 15.7013 19.6501 16.6187 14.7299
threshold=1.9539555212719026 0.043380826877011398 0.11198429954846724 -0.27617093460708475 0.052465692133184312 0.14734579120385247 0.05207707518073413 71.876638313062415 0.2748429342344047 0.0042285409138495206 0.26539476357806663 -0.017249825597292708 0.011930572666758116 0.12283097897120086 0.37110111143601215
decision_type=10 10 10 8 8 10 8 10 10 10 10 8 10 10 10
left_child=2 9 3 4 8 7 -7 -5 -1 10 -2 13 -13 -11 -12
right_child=1 -3 -4 5 -6 6 -8 -9 -10 11 14 12 -14 -15 -16
leaf_value=-0.00044240313121124365 -0.0026562396007243252 -0.0058237113192257618 0.0050702616472637204 -1.198434814845259e-05 0.0083282835471432722 -0.0016553937767257287 0.00034096673919423349 0.00071225755426318569 0.0055446680595389276 0.00081240439975570952 0.0045117563923909067 -0.00095374909778753083 -0.0058814378907206177 -0.0019557618725458011 0.0013064155513818042
leaf_weight=1086 364 382 228 120312 350 5439 4795 12909 233 2259 246 7615 328 904 814
leaf_count=1086 364 382 228 120312 350 5439 4795 12909 233 2259 246 7615 328 904 814
internal_value=-3.25909e-05 -0.000867188 4.15403e-05 3.19587e-05 0.00221437 6.53859e-06 -0.000883048 7.48975e-05 0.00065 -0.00067337 0.00134596 -0.000932565 -0.0014071 0.000258534 0.00267484
internal_weight=158264 12912 145352 145124 1669 143455 10234 133221 1319 12530 1424 11106 7943 3163 1060
internal_count=158264 12912 145352 145124 1669 143455 10234 133221 1319 12530 1424 11106 7943 3163 1060
is_linear=0
shrinkage=0.02


Tree=83
num_leaves=25
num_cat=0
split_feature=21 38 32 48 32 42 63 71 42 72 57 9 7 20 57 72 18 23 37 16 69 25 57 29
split_gain=21.1262 23.4195 21.7078 30.2026 36.5847 18.5451 37.936 30.773 24.0994 35.6478 27.921 24.8478 22.2491 18.7634 18.1 16.9573 16.6939 16.4906 15.6262 15.3636 12.5617 9.56017 8.82389 6.42698
threshold=0.066500649826442118 1.2272302927598984 -0.27617093460708475 -0.10872575593379601 -0.06102041811557473 0.047279301649295953 0.89793792517006821 0.89891926240322395 0.012698999891165965 -1.9768096491752616 0.70637424090174339 -0.44381680235841231 0.0045719017754043134 -0.039494879314350355 0.37553195342351647 0.48182090466047972 82.761811038885881 0.10050030630331587 0.016672031965265292 0.050620013178351193 -0.1407948088248698 -0.16771511210289472 0.97080288796103009 3.0137249205710828
decision_type=10 10 8 8 10 10 10 10 8 8 10 8 10 10 10 10 10 10 10 10 8 10 10 10
left_child=5 2 19 4 -4 8 7 13 9 12 -11 20 -1 -7 -5 -13 17 23 -9 -2 -10 -18 -19 -3
right_child=1 16 3 14 -6 6 -8 18 11 10 -12 15 -14 -15 -16 -17 21 22 -20 -21 -22 -23 -24 -25
leaf_value=-0.0077687967619182651 -0.00047208622096811759 0.002541654088594475 -0.00052197160262959486 -0.002002091582748279 -0.010496611164944474 0.0019057754768470802 -0.0054141697287902928 0.012457217326627077 0.0014923919536737726 -0.00018624697936349833 0.00059238827056348688 0.00057862491926983204 -0.0019452333448918429 -0.0014385154787885585 -0.00048843971743462475 -0.00019252692407914157 0.0062754612253282521 -0.0010486817520887295 0.0015152282771902226 0.0057943833676779933 0.0056033200932307159 0.0023949374916867887 0.0025143616616568987 0.00059570987639402065
leaf_weight=275 310 606 272 3873 221 609 243 200 548 63326 19874 34749 908 3779 11281 11936 219 1870 382 382 376 355 403 975
leaf_count=275 310 606 272 3873 221 609 243 200 548 63326 19874 34749 908 3779 11281 11936 219 1870 382 382 376 355 403 975
internal_value=1.77119e-05 -0.000576753 -0.000926438 -0.00107988 -0.00594737 0.000107707 -0.00106214 -0.000683565 0.000153932 -4.90377e-05 0 0.000513716 -0.00349493 -0.00125723 -0.000921016 0.000449342 0.000713028 0.000238132 0.00363293 0.0025368 0.00376 0.00389217 -0.000852243 0.00180657
internal_weight=157972 20767 16339 15647 493 137205 5213 4970 131992 84383 83200 47609 1183 4388 15154 46685 4428 3854 582 692 924 574 2273 1581
internal_count=157972 20767 16339 15647 493 137205 5213 4970 131992 84383 83200 47609 1183 4388 15154 46685 4428 3854 582 692 924 574 2273 1581
is_linear=0
shrinkage=0.02


Tree=84
num_leaves=31
num_cat=0
split_feature=23 26 57 48 7 53 49 4 53 49 54 54 50 45 45 53 20 46 67 22 6 28 54 46 49 75 71 48 29 49
split_gain=18.376 21.903 20.0741 35.9932 47.9004 46.8495 36.8056 28.0832 42.351 39.0125 34.613 27.286 31.8568 28.6452 18.6349 36.8229 18.2992 18.1643 16.4686 15.0666 14.6926 12.6907 12.5977 19.2292 21.9374 16.4526 12.8886 12.2464 10.9264 7.46361
threshold=0.05653184541981527 0.77186111667528079 0.59959140915844489 -0.10872575593379601 0.012362593263794712 0.024876906627767321 0.035945603628168905 0.0011813898209219744 0.013873490144218103 -0.009530642283459732 0.44545917047553835 0.57574027341050227 0.055917013758482022 0.019248110395275408 0.0056005298291365432 0.013407961822751438 -0.01778473376682815 0.0068321629575590235 1.0591389315197819 0.019515336234543938 0.010451704983057921 -0.094066610535698522 0.50305965423805354 0.007071556310002604 0.015622350329722369 -0.4050747827755411 1.7621210817302921 -0.0038235696042235863 6.4400187930501227 0.020559575536736822
decision_type=10 10 10 10 10 10 8 10 10 10 10 10 10 10 10 10 10 10 10 10 8 10 8 10 10 10 10 10 10 10
left_child=2 22 7 4 21 6 -5 11 9 -9 -10 12 -1 -13 15 27 18 -17 -16 -6 -18 -4 23 24 -2 29 -27 -3 -25 -24
right_child=1 14 3 5 19 -7 -8 8 10 -11 -12 13 -14 -15 16 17 20 -19 -20 -21 -22 -23 25 28 -26 26 -28 -29 -30 -31
leaf_value=-0.00015707667934238494 -0.00045084774795888254 -0.0025772600290794308 -0.0028961575513365978 0.00055720965105942222 0.0023850563537134166 0.0073741171454485069 -0.0025072900402373101 -0.0022289384253172612 0.00020213397217212507 0.00038333434504900704 -0.0013750153926447906 0.0012019967664395803 0.0050297897500817881 -0.0010196532284553683 0.0029893570533715413 0.00038704987147122422 -0.0026201779144436233 0.0044272822149974958 -0.0014217170133249306 -0.0013009353542941476 -0.0011919076290877735 -0.0062058325159543909 -0.0033742921298045305 -0.00078595428686125746 0.0030386850945061379 0.0009185008357812819 0.0064690021036045119 -0.00022670902980103768 -0.0038147015018211491 0.00081630132787509661
leaf_weight=31897 1699 1123 211 41005 415 241 1400 1886 5479 18253 14304 13609 410 2177 551 1127 998 925 544 723 11205 327 332 668 593 3285 327 1501 614 211
leaf_count=31897 1699 1123 211 41005 415 241 1400 1886 5479 18253 14304 13609 410 2177 551 1127 998 925 544 723 11205 327 332 668 593 3285 327 1501 614 211
internal_value=0 -0.00048934 9.50445e-05 0.000442163 -0.00243172 0.000555209 0.00050507 -7.97355e-05 -0.000471858 0.000173684 -0.00112909 0.000245727 -8.7223e-05 0.000927219 -0.000872211 0.000213385 -0.00125408 0.00222017 0.0012208 -0.0001036 -0.0014764 -0.00734323 0.000400776 -0.000469371 0.000627126 0.00114966 0.00163797 -0.00135543 -0.00243024 -0.00209191
internal_weight=158040 25703 132337 44322 1676 42646 42405 88015 39922 20139 19783 48093 32307 15786 17974 4676 13298 2052 1095 1138 12203 538 7729 3574 2292 4155 3612 2624 1282 543
internal_count=158040 25703 132337 44322 1676 42646 42405 88015 39922 20139 19783 48093 32307 15786 17974 4676 13298 2052 1095 1138 12203 538 7729 3574 2292 4155 3612 2624 1282 543
is_linear=0
shrinkage=0.02


Tree=85
num_leaves=25
num_cat=0
split_feature=19 41 45 37 8 6 41 53 53 28 60 44 14 53 44 57 75 20 52 43 44 5 63 6
split_gain=22.3926 28.7529 26.4689 24.171 21.3921 19.1801 71.3664 48.8352 51.065 30.2648 23.6185 37.6739 55.708 33.9431 30.1488 42.727 27.4699 20.6473 16.8382 24.7646 20.4879 13.5338 11.0942 10.4412
threshold=1.8548878306096179 0.030461029137736188 0.011930572666758116 0.21762870848026408 0.015729535265838285 0.019798182724293744 0.047384893400697077 0.020765563179641202 0.020281496891793489 -0.12581294098249654 0.67492267975359777 0.15576978428121704 -0.24221040318064538 0.019858296365560999 0.16428337884866476 0.52426171136085464 -0.60251034656373326 -0.0089549759939778744 0.25614754098360665 -0.018678049831782725 0.048801836542329731 0.013197756589494311 0.87881899072864178 0.01563554484113969
decision_type=10 10 10 10 10 10 10 10 10 10 10 10 8 10 10 8 10 10 2 10 8 10 10 10
left_child=5 18 3 22 -4 6 7 8 -1 -9 14 13 -13 -12 16 -16 -7 -8 21 23 -21 -2 -3 -20
right_child=1 2 4 -5 -6 10 17 9 -10 -11 11 12 -14 -15 15 -17 -18 -19 19 20 -22 -23 -24 -25
leaf_value=6.9690302684325727e-06 -0.0051669977820924242 -0.0014648860656908244 -0.0070175181158972089 -0.0045751349373395903 -0.0037690395633560325 0.0011344976527289492 -0.0060435830724093901 0.0023054213544153718 0.0043590949437139273 -0.0032669815895854395 0.0010373508668856527 -0.0091714199046349261 0.0014349290238114955 0.0032959669844639873 -0.0016429479105966394 0.0044724573485419965 -0.0010061988003804163 -0.001227799596854467 0.0048599267881420027 -0.0010811557368994682 0.00022734320273936473 -0.00072689269748621931 0.0022866341303549777 0.001391197715274914
leaf_weight=105558 212 458 268 248 355 4274 350 276 765 1359 15639 378 422 3063 498 743 8398 262 211 6280 7083 237 381 203
leaf_count=105558 212 458 268 248 355 4274 350 276 765 1359 15639 378 422 3063 498 743 8398 262 211 6280 7083 237 381 203
internal_value=5.68635e-06 -0.000705152 -0.00315488 -0.00126654 -0.0064391 8.54873e-05 -4.34554e-05 -4.79812e-06 4.79478e-05 -0.00343399 0.000504489 0.000953597 -0.00329338 0.00113554 -0.00012491 0.00284863 -0.000416476 -0.00684829 -0.000410347 -0.000285818 -0.000435349 -0.00421778 0.000354762 0.0045253
internal_weight=157921 15936 1710 1087 623 141985 108570 107958 106323 1635 33415 19502 800 18702 13913 1241 12672 612 14226 13777 13363 449 839 414
internal_count=157921 15936 1710 1087 623 141985 108570 107958 106323 1635 33415 19502 800 18702 13913 1241 12672 612 14226 13777 13363 449 839 414
is_linear=0
shrinkage=0.02


Tree=86
num_leaves=27
num_cat=0
split_feature=69 13 53 14 6 45 46 9 43 10 10 33 61 18 31 10 53 44 42 49 10 65 43 39 20 26
split_gain=19.7467 19.7486 29.9009 66.8768 65.1044 29.7098 59.5424 23.2984 21.8702 35.4252 24.6007 21.8431 18.048 15.5792 14.2863 13.8994 12.5962 11.0408 8.38011 13.4009 8.34572 8.90572 7.15655 6.73961 3.92617 2.724
threshold=1.6493751581776175 -0.18690598913568232 0.020765563179641202 -0.28372556486100187 0.017390494490453597 0.018438701294419196 0.012026607345245589 1.0429093813201293 0.052023794148548304 1.8511993873420498 2.0876939073984579 -0.23223096784543246 0.67894769528321575 82.155759998448886 -0.15220790713940788 1.6420084639461634 0.012406161365255347 0.036881562974323663 0.031861074997023626 0.022390623300931226 0.87602675253295936 0.40378559360266092 0.015670882025268121 -0.032519143226063522 -0.044090937205893514 1.2052786821238282
decision_type=10 8 10 8 8 10 10 10 10 10 10 10 10 10 10 10 10 10 10 10 10 10 10 10 10 10
left_child=1 5 8 -4 -5 6 15 -8 10 -10 -3 24 16 18 -13 -1 17 -2 19 -14 22 -22 -18 25 -7 -15
right_child=12 2 3 4 -6 11 7 -9 9 -11 -12 14 13 23 -16 -17 20 -19 -20 -21 21 -23 -24 -25 -26 -27
leaf_value=-0.0011710199182694966 0.0054714926688200615 -0.00015219198749512192 -0.01058622136823731 -0.0035869761573706074 -2.5376593663256272e-05 0.0035131106012568892 0.0015254817809543363 0.0067345214094548401 0.00089802865983257393 -0.0067414143929112949 0.0025586794608521046 0.0024284404140568375 -0.0002735518248017521 0.0027349361598025708 -0.0029640521152333905 0.004113842146104071 -0.0024376018123749075 -0.0028704220002411384 -0.003728451290859408 0.0045003899284804362 0.0037931281958457175 0.0057403657205492434 0.0023685508261500339 0.0051450426762528045 0.00040538494803403887 0.00085984856340974147
leaf_weight=1823 200 123805 339 1266 5510 368 439 1181 10631 448 2910 225 3313 207 1138 643 205 295 386 256 778 528 408 201 238 203
leaf_count=1823 200 123805 339 1266 5510 368 439 1181 10631 448 2910 225 3313 207 1138 643 205 295 386 256 778 528 408 201 238 203
internal_value=-3.74687e-05 -8.55695e-05 -0.000132344 -0.00139657 -0.000961782 0.00103336 0.00200587 0.00498334 -6.70416e-05 0.000785018 -0.000141561 -0.000983756 0.00100244 0.000262317 -0.00238856 4.78314e-05 0.00240083 -0.000439516 -0.000196663 0.000105882 0.00313438 0.00403826 0.00120195 0.00323203 0.00217133 0.00174696
internal_weight=157944 150964 144909 7115 6776 6055 4086 1620 137794 11079 126715 1969 6980 4566 1363 2466 2414 495 3955 3569 1919 1306 613 611 606 410
internal_count=157944 150964 144909 7115 6776 6055 4086 1620 137794 11079 126715 1969 6980 4566 1363 2466 2414 495 3955 3569 1919 1306 613 611 606 410
is_linear=0
shrinkage=0.02


Tree=87
num_leaves=28
num_cat=0
split_feature=55 53 35 41 42 23 6 63 6 3 42 54 46 58 47 41 43 53 42 58 53 52 46 46 78 38 42
split_gain=20.0786 27.397 25.2824 32.0843 28.7952 24.2892 31.6434 23.08 22.59 26.9604 29.8731 22.3395 22.9981 21.6596 18.845 18.4287 17.6502 74.0952 54.9601 44.6435 40.2274 36.9002 25.5821 11.5695 9.12795 8.42187 8.27628
threshold=0.44758944921819982 0.010900370658205363 0.0099347635676120417 0.015542439779485774 0.033045850472539169 -0.028143077107009137 0.013418929566538914 0.27197508363922623 0.019455300372865299 0.020429472234667515 0.029602061410854644 0.37375427991968052 0.00603620810576295 0.77344493352896715 -0.010508968325135979 0.020883174083325077 -0.00048133501582653388 0.012797159158465335 -0.0022924988297663425 0.37368411721163614 0.013639970853982417 0.60896649527140501 0.0078665738142540773 0.0064051011047922954 1.1882193536075252 0.78690635607764925 0.013921494165442751
decision_type=8 8 10 10 10 10 8 8 10 10 10 10 10 10 8 10 10 8 10 10 10 2 8 10 10 10 10
left_child=2 7 8 5 15 6 -4 -2 9 13 -11 26 -13 -1 -7 -5 17 19 20 -3 -18 -19 -20 24 -9 -6 -10
right_child=1 16 3 4 25 14 -8 23 11 10 -12 12 -14 -15 -16 -17 18 21 22 -21 -22 -23 -24 -25 -26 -27 -28
leaf_value=-5.7984662398891632e-06 -0.0037997244777899677 -0.0029542324594331775 0.0052955463258461963 -0.0056324836557090294 0.0045637348817284167 -0.00040322488344061508 0.0021140755986422855 0.0011285130055885034 -0.0010557341157639965 0.0023479629671361679 -0.00071124968775726353 0.0045247007016156159 0.00083873998388743422 -0.0012389212995531132 0.002860655158398276 6.6792041661793244e-05 5.9591909373270627e-05 4.1305854874708476e-05 6.0239001408250351e-05 -0.0011795472793763942 0.002957108557614635 -0.0025472232880129823 -0.00066234537407746665 0.0038271270736248831 0.0031295160468265593 -1.467591185573533e-05 -0.0073978277662005041
leaf_weight=39636 304 1961 248 294 204 651 282 2344 453 2280 1150 1337 14860 6908 1091 217 3354 19011 29345 2603 3365 1908 23366 378 274 203 227
leaf_count=39636 304 1961 248 294 204 651 282 2344 453 2280 1150 1337 14860 6908 1091 217 3354 19011 29345 2603 3365 1908 23366 378 274 203 227
internal_value=-1.21197e-05 -0.000212869 0.000240684 0.00197994 -0.00117301 0.00325473 0.00700188 0.00157467 0.000157632 -5.5988e-05 0.00165491 0.00079026 0.000939499 -0.000182146 0.00211015 -0.00433203 -0.00028238 -0.000722728 -9.35202e-05 -0.00303133 0.00160982 -0.000218834 -0.000310707 0.00210811 0.00163345 0.00278922 -0.00275771
internal_weight=158254 88213 70041 3190 918 2272 530 3300 66851 49974 3430 16877 16197 46544 1742 511 84913 25483 59430 4564 6719 20919 52711 2996 2618 407 680
internal_count=158254 88213 70041 3190 918 2272 530 3300 66851 49974 3430 16877 16197 46544 1742 511 84913 25483 59430 4564 6719 20919 52711 2996 2618 407 680
is_linear=0
shrinkage=0.02


Tree=88
num_leaves=25
num_cat=0
split_feature=21 42 71 42 51 46 6 57 48 7 53 42 72 5 14 52 44 57 54 44 66 37 65 66
split_gain=19.5171 20.314 19.1876 21.3402 31.207 29.6261 21.2091 15.9277 34.5231 36.3412 35.2421 22.3244 36.6339 21.9826 15.6581 15.6492 37.2073 19.3332 28.3914 23.6159 13.6413 13.2426 12.7607 9.35349
threshold=0.080376523679738368 0.083847787097674056 -0.61222902001642843 -0.01346065179162753 0.59038005996346266 0.011835908005302669 0.010451704983057921 0.81643519151379296 -0.10431888538859695 0.013145437016544829 0.013786337102622845 0.0065143588825852259 -2.0826278530100661 0.012351111624012834 0.15261499846699847 0.67781798799304283 0.04384267752158489 0.4916492329149233 0.48983028942618301 0.13674071183368644 0.63769651191353482 0.31930644846088846 0.19250760154889682 0.44758944921819982
decision_type=8 10 8 10 2 10 10 10 10 10 10 10 8 10 10 2 10 10 10 8 10 10 10 10
left_child=1 7 3 5 -5 6 -2 11 9 -9 -10 12 -1 -13 -6 16 20 19 -19 -17 -4 -18 -3 -24
right_child=2 22 15 4 14 -7 -8 8 10 -11 -12 13 -14 -15 -16 17 21 18 -20 -21 -22 -23 23 -25
leaf_value=-0.005790136398182941 -0.0037463211320643893 0.00094538695780857441 -0.001147779066523291 0.0028120805852864029 0.00036777370647956387 -0.0064412278226615499 0.0014495741287584418 -0.0056666236267666949 -7.5213631552692385e-05 0.00032715963571049888 0.0013849132119787505 0.00054016711867890658 -0.00019282364243598801 -6.309506128220646e-05 -0.0044413364039353398 -0.0021032446863982947 0.0040598267367179365 -0.001974385050840187 0.001512376893750958 -0.0081336435503685071 0.00076189178270590085 -0.00010444532010295943 -0.0013397399609784161 -0.0047705472398533065
leaf_weight=535 215 220 4395 340 297 293 223 401 9817 447 10478 29507 55590 33414 446 2110 1323 2423 2071 351 2099 462 341 336
leaf_count=535 215 220 4395 340 297 293 223 401 9817 447 10478 29507 55590 33414 446 2110 1323 2423 2071 351 2099 462 341 336
internal_value=5.80517e-06 8.30551e-05 -0.000633351 -0.00257741 -0.000791513 -0.00521585 -0.00190888 0.000102275 0.000608116 -0.00334276 0.000773453 1.24153e-05 -0.000277554 0.000271098 -0.00308871 -0.000401575 0.000185749 -0.00110092 -0.000319911 -0.00252559 -0.000517013 0.00274244 -0.00291537 -0.00427434
internal_weight=158134 141086 17048 1814 1083 731 438 140189 21143 848 20295 119046 56125 62921 743 15234 8279 6955 4494 2461 6494 1785 897 677
internal_count=158134 141086 17048 1814 1083 731 438 140189 21143 848 20295 119046 56125 62921 743 15234 8279 6955 4494 2461 6494 1785 897 677
is_linear=0
shrinkage=0.02


Tree=89
num_leaves=25
num_cat=0
split_feature=67 71 57 18 47 70 49 39 8 53 33 51 49 53 26 29 19 53 18 41 45 8 48 70
split_gain=22.2051 24.4795 24.1166 19.2069 23.7149 19.1549 18.6395 18.3158 18.1938 20.9415 19.0758 17.2349 19.1132 26.6813 17.7385 17.0306 16.7826 25.1532 23.0866 11.7922 11.7244 7.89145 8.97668 5.4821
threshold=0.90250366355165468 -0.70193623171615827 0.98578678738105852 80.000005643703958 -0.022900954329125197 -1.2417227077992512 0.03122563732039985 -0.024548126041154635 0.010083083566289138 0.016333376488109296 0.10779070081076993 0.72080650082043596 0.015622350329722369 0.018229650223676321 0.71396594979532824 5.8643440433196803 1.6485049195539807 0.0124930391412386 62.862512966394789 0.020072361840640988 0.0063824696578018746 0.014696185134240576 -0.0040032788760934182 0.27500794384568944
decision_type=8 8 10 10 8 10 8 10 10 8 10 2 10 10 10 8 8 10 10 10 10 10 10 10
left_child=2 5 3 16 6 -2 -5 -6 9 -7 -10 12 15 -14 19 -3 18 -18 -1 -13 -16 22 23 -4
right_child=1 11 21 4 7 8 -8 -9 10 -11 -12 14 13 -15 20 -17 17 -19 -20 -21 -22 -23 -24 -25
leaf_value=2.1653570943150001e-05 -0.0051924645893211665 0.00053677425723933482 0.0016902732735557091 -0.0060496358811152609 0.00029252162858993446 -0.0013496977537102912 0.00020424418807993831 0.0024796250545454476 -0.00072356489332560923 0.0028538926922877295 -0.006692406527104686 -0.00036549642715986682 0.0051421849830248422 -0.0011971179315848812 -0.0007798561694338979 -0.00070967973749105895 0.00080203305668808821 -0.00088686419956203217 0.00065660612182272943 0.0028666616566950021 -0.002809049840132916 0.0095287753238190651 0.0058971351621463202 -0.0025195724262668038
leaf_weight=97513 296 6331 210 208 1784 1601 277 2071 208 362 217 1130 803 467 1775 7681 3220 11126 17571 354 2532 332 229 204
leaf_count=97513 296 6331 210 208 1784 1601 277 2071 208 362 217 1130 803 467 1775 7681 3220 11126 17571 354 2532 332 229 204
internal_value=2.42141e-05 -0.000539524 0.000123625 0.000100754 0.00140935 -0.00233818 -0.00275309 0.00193413 -0.00174048 -0.000925662 -0.00548826 -0.00031024 4.17457e-05 0.00239024 -0.0012393 -0.000171127 5.68488e-05 -0.000588137 0.000137272 0.000645118 -0.00188904 0.00325615 0.00195342 0.000187952
internal_weight=158502 23757 134745 133770 4340 2684 485 3855 2388 1963 425 21073 15282 1270 5791 14012 129430 14346 115084 1484 4307 975 643 414
internal_count=158502 23757 134745 133770 4340 2684 485 3855 2388 1963 425 21073 15282 1270 5791 14012 129430 14346 115084 1484 4307 975 643 414
is_linear=0
shrinkage=0.02


Tree=90
num_leaves=22
num_cat=0
split_feature=19 53 57 54 46 70 49 4 53 24 48 67 74 44 10 5 36 46 9 35 37
split_gain=19.7716 32.9554 17.226 16.6355 25.4938 15.9353 33.293 16.0643 41.9886 28.6677 15.8841 13.9945 15.3478 13.3641 11.2813 9.22022 8.55719 6.80195 6.83474 5.96307 5.89818
threshold=2.1484873858223277 0.011136522128909738 0.97870072131742514 0.7400534366112016 0.013764762643201346 -1.2417227077992512 -0.016455705772573045 -0.13142584974405988 0.020765563179641202 -1.5696401441057468 -0.080661721708004772 0.69566716199641221 1.4376553431387582 0.048801836542329731 0.47425759060794376 0.014224367510897054 0.11115405506656338 0.0085880021556120189 1.0644520935332566 0.040245195343904548 0.011119202856117118
decision_type=10 10 10 8 8 8 10 8 10 10 8 10 10 10 8 10 10 10 10 10 10
left_child=2 19 5 4 13 6 14 9 -9 -7 -8 17 16 -3 -1 -14 -13 18 -4 -2 -19
right_child=1 3 11 -5 -6 7 10 8 -10 -11 -12 12 15 -15 -16 -17 -18 20 -20 -21 -22
leaf_value=-0.0067962963789482767 0.0014832959664649336 -0.0019731259166963036 -0.0014038810416034581 -0.0048345267128672362 0.002693078171474851 -0.0032791894021299843 -0.0026644973043623045 4.4611009264698374e-05 -0.0013564219877380353 0.0010647192200321991 9.3509313368564105e-05 -0.00055466784806992701 0.0036996754154725022 -0.00025500222552113231 -0.0037784465468545347 0.0015577554494909025 -0.0073276331265876363 0.0071961979174898659 0.0042940440040534914 0.0058963646723997343 0.0024236607087430675
leaf_weight=201 217 3231 226 347 392 374 245 127588 5899 10971 1668 223 214 3571 209 1084 200 272 544 205 268
leaf_count=201 217 3231 226 347 392 374 245 127588 5899 10971 1668 223 214 3571 209 1084 200 272 544 205 268
internal_value=-2.06007e-05 -0.000991713 3.08815e-05 -0.00129647 -0.00108937 1.22319e-07 -0.00164286 2.64995e-05 -3.48945e-05 0.000748986 -0.00053187 0.00152309 0.000335656 -0.00137557 -0.00680779 0.00141493 -0.00296698 0.00308009 0.00186511 0.00443972 0.00480222
internal_weight=158149 7963 150186 7541 7194 147155 2323 144832 133487 11345 1913 3031 1721 6802 410 1298 423 1310 770 422 540
internal_count=158149 7963 150186 7541 7194 147155 2323 144832 133487 11345 1913 3031 1721 6802 410 1298 423 1310 770 422 540
is_linear=0
shrinkage=0.02


Tree=91
num_leaves=30
num_cat=0
split_feature=69 44 53 54 54 6 46 48 43 57 54 54 60 59 20 32 47 22 50 51 72 44 29 54 49 7 32 37 60
split_gain=17.9044 63.9717 72.6202 52.4233 44.7621 73.782 42.6673 42.0585 42.3355 41.0928 38.5655 69.0166 104.73 59.2469 54.9163 47.2744 37.113 39.1071 34.4789 30.5377 30.2685 22.4965 21.3342 20.5247 16.6506 13.9548 12.3659 9.22403 7.02784
threshold=-0.33557890163101367 0.12547988852472428 0.020054294547259193 0.57574027341050227 0.58346599610030381 0.01463832329694323 0.03709626144380785 -0.02575869664184632 0.015670882025268121 0.22389682024659316 0.64440326544690774 0.57514222579460672 0.31197464152009613 0.48050614683058218 0.0082281693768739301 0.11872302922076923 -0.15327845528716069 0.043724533715193477 0.071921925095346353 0.25687206795993417 0.21671925618038043 0.0027441435902724192 3.6346631829025369 0.47463210634266922 0.023787550519165371 0.015952293300591339 -0.081549734250864134 0.3318854716880078 0.53949969076668258
decision_type=10 10 10 10 10 10 10 8 8 8 10 10 10 10 10 10 10 10 10 2 10 10 10 10 10 10 10 10 10
left_child=1 3 20 7 5 -5 10 19 -9 27 11 13 -13 -2 21 -16 22 28 -6 -1 23 -12 -8 -3 -22 -11 -19 -4 -18
right_child=6 2 9 4 18 -7 16 8 -10 25 14 12 -14 -15 15 -17 17 26 -20 -21 24 -23 -24 -25 -26 -27 -28 -29 -30
leaf_value=0.00012312367700249307 0.0007912522726805563 -0.0048960190718623257 -0.010283429634279528 -0.00016041473282765527 0.00028551487496828164 0.0083934257981895712 -0.0015860568085909904 0.00053407573637880967 -0.00076516686723568351 -0.0043447728568830734 0.0015795602207009552 -0.0025798648613127606 9.1119097363822211e-05 -0.00022435373644308896 -0.0012039532467302532 0.0040906922596535998 -0.00254221190945035 -0.0046723826588396557 0.0055394309928803185 -0.0029137917201251346 0.0057186364992326414 0.0035172341622198571 0.0033470803140359931 -0.00048878101569866186 -0.00063562242604336657 0.00094339935002229894 -0.0096673147210869868 -0.013175025433572369 0.00074336815787048264
leaf_weight=1914 32936 336 369 994 12989 1116 291 16276 23336 205 3354 6752 12099 31848 2896 610 303 204 422 4715 425 1520 208 567 333 205 267 235 216
leaf_count=1914 32936 336 369 994 12989 1116 291 16276 23336 205 3354 6752 12099 31848 2896 610 303 204 422 4715 425 1520 208 567 333 205 267 235 216
internal_value=-2.61995e-05 -0.000282721 -0.00331016 -0.000151515 0.000854143 0.00356135 0.000150559 -0.000489122 -0.000242294 -0.00752512 0.000204943 7.53025e-05 -0.000989709 0.000385243 0.00149839 -0.000410037 -0.00320671 -0.00544702 0.000427826 -0.0019635 -0.000732852 0.00287138 0.001236 -0.00320575 0.0022108 -0.00262287 -0.00961441 -0.0108397 -0.00165
internal_weight=157941 64437 2675 61762 15521 2110 93504 46241 39612 1014 92015 83635 18851 64784 8380 3506 1489 990 13411 6629 1661 4874 499 903 758 410 471 604 519
internal_count=157941 64437 2675 61762 15521 2110 93504 46241 39612 1014 92015 83635 18851 64784 8380 3506 1489 990 13411 6629 1661 4874 499 903 758 410 471 604 519
is_linear=0
shrinkage=0.02


Tree=92
num_leaves=22
num_cat=0
split_feature=32 5 44 57 20 46 44 6 50 57 5 43 9 9 41 57 42 53 46 8 78
split_gain=17.7018 31.0582 37.1204 23.6972 22.2309 20.8343 19.815 25.9805 31.5834 68.7766 25.8772 25.9909 61.8106 35.8125 19.1553 17.3019 16.0936 15.8781 15.6498 14.1826 6.57735
threshold=0.23307934719532422 0.048837895071262169 0.10410270243662935 0.52834308313421785 -0.011659058449490665 0.0090394282231521846 0.11987758949867323 0.060421667068357159 0.071921925095346353 0.36747675891726 0.038688058690428344 0.051227593454310501 0.84548077977431368 1.7740834498376821 0.018701717913247932 0.1206720259502151 0.050075289202389912 0.020474418579577658 0.010283303389651145 0.007521814873659066 0.35531838969455859
decision_type=10 10 10 8 10 10 10 10 10 10 10 10 8 10 10 10 10 10 10 10 10
left_child=6 2 5 17 -5 19 7 8 16 -10 11 12 -8 -13 20 -16 -1 -4 -7 -2 -9
right_child=1 -3 3 4 -6 18 10 14 9 -11 -12 13 -14 -15 15 -17 -18 -19 -20 -21 -22
leaf_value=2.6591279601815879e-05 0.0027037421355280639 -0.010192100223060363 0.002585815599252628 0.0097037073913477153 0.0030308889375582834 -0.0054132140696279626 -0.0037589307473925096 0.0056073395446861523 0.004142501863984677 -0.0046864517016798465 -0.010675331265487449 0.0012933282713074045 0.00027648610977560272 -0.0037572080898801261 0.013549003133426088 0.0022490975569608731 -0.00091380524650631889 -0.0038583439035673717 0.00047760058790877657 0.00034556787844418227 -0.0017855428558705248
leaf_weight=138178 607 213 432 488 1129 648 1958 209 230 641 241 2362 2387 342 227 261 4596 289 488 1728 214
leaf_count=138178 607 213 432 488 1129 648 1958 209 230 641 241 2362 2387 342 227 261 4596 289 488 1728 214
internal_value=-2.10174e-05 0.00104234 0.00131807 0.0032655 0.00460939 5.18433e-06 -6.32084e-05 -1.18846e-05 -3.32623e-05 -0.00382798 -0.00108051 -0.000859291 -0.0018173 0.000679482 0.00335307 0.00604908 -1.00718e-05 0.000246537 -0.0022146 0.00108647 0.000231132
internal_weight=157868 6022 5809 2338 1617 3471 151846 144556 143645 871 7290 7049 4345 2704 911 488 142774 721 1136 2335 423
internal_count=157868 6022 5809 2338 1617 3471 151846 144556 143645 871 7290 7049 4345 2704 911 488 142774 721 1136 2335 423
is_linear=0
shrinkage=0.02


Tree=93
num_leaves=21
num_cat=0
split_feature=23 6 41 52 43 44 69 42 39 34 43 14 32 48 2 41 78 20 63 62
split_gain=22.2052 19.788 25.1718 20.9537 25.2885 24.9025 21.8928 18.1129 18.2827 17.2238 19.2589 45.3177 30.4859 14.1922 13.5028 13.0118 11.9622 11.1454 7.51949 6.22668
threshold=0.081577488311510252 0.010617324587927118 -0.013079345092214976 0.60896649527140501 -0.0045981832183018536 0.027968604964057623 -0.17544964053992354 0.083847787097674056 0.048446622253398137 -0.00020569820466724567 0.051227593454310501 -0.11221417455768788 -0.27617093460708475 -0.14757991178830696 0.029780648232202615 -0.0057303601114631056 1.2100784947285661 1.0000000180025095e-35 0.6255274637229592 0.8551968087450964
decision_type=10 8 10 2 10 10 10 10 10 8 10 8 8 10 10 10 8 10 8 10
left_child=7 2 -2 5 -5 15 -6 9 18 13 12 -12 -11 17 -15 -3 -7 -1 -9 -4
right_child=1 3 19 4 6 16 -8 8 -10 10 11 -13 -14 14 -16 -17 -18 -19 -20 -21
leaf_value=0.00044835662199725791 -0.005766476351386776 -0.001183270199652869 -0.0019863760702540827 -0.008967549604226006 -0.0025430976542892992 0.0034335911603241161 -0.00027050311324317261 -0.0012912783095923215 0.00183075385414911 0.0072111640650960405 -0.0021564414684540176 0.001146040947123354 -2.7732652678787855e-05 0.0005456480805258331 0.0023779430713070839 0.00084051324352615647 -0.0004581969830394804 -0.0034876745480312775 -0.0050263742294868134 0.00094802693988883032
leaf_weight=362 217 2209 296 262 2498 1193 5569 388 271 370 1735 10503 121122 5607 2461 1987 289 305 272 212
leaf_count=362 217 2209 296 262 2498 1193 5569 388 271 370 1735 10503 121122 5607 2461 1987 289 305 272 212
internal_value=2.27536e-05 -0.000716623 -0.00393664 -0.000549543 -0.00118824 0.00038704 -0.000988845 9.87329e-05 -0.00268026 0.000116926 6.0704e-05 0.000816897 -1.54577e-05 0.000977335 0.00120932 -0.000399809 0.00261497 -0.00182335 -0.00447504 -0.00148919
internal_weight=158128 14732 725 14007 8329 5678 8067 143396 931 142465 133730 12238 121492 8735 8068 4196 1482 667 660 508
internal_count=158128 14732 725 14007 8329 5678 8067 143396 931 142465 133730 12238 121492 8735 8068 4196 1482 667 660 508
is_linear=0
shrinkage=0.02


Tree=94
num_leaves=11
num_cat=0
split_feature=38 15 4 17 46 0 48 45 76 47
split_gain=17.2483 29.4286 18.3466 17.5314 25.0757 15.9377 26.2795 17.6603 11.7609 11.1529
threshold=1.6292706313043768 -0.068755711167311759 -0.42098620249127217 -2.0499401959307448 0.0067549900937260024 -0.029326788012918489 -0.021151165086339404 0.0035439085689753058 -0.61847201172700395 -0.15327845528716069
decision_type=10 10 8 2 10 8 8 8 10 10
left_child=2 -2 9 4 -4 6 -5 -7 -6 -1
right_child=1 -3 3 5 8 7 -8 -9 -10 -11
leaf_value=0.00090282346851911616 0.0015406178273439143 -0.005023428097902718 -0.003309412763550186 0.0020346592365193127 -0.00023451403135587377 0.00062124123856464484 -0.0011218738610869539 -0.00013798786341182135 0.0035731927317747881 0.010552178728238968
leaf_weight=257 293 312 326 3804 308 10342 1869 139141 1139 249
leaf_count=257 293 312 326 3804 308 10342 1869 139141 1139 249
internal_value=-2.83344e-05 -0.00339604 -1.53586e-05 -2.76429e-05 0.00194927 -5.02588e-05 0.00099013 -8.97621e-05 0.00307873 0.00378304
internal_weight=158040 605 157435 156929 1773 155156 5673 149483 1447 506
internal_count=158040 605 157435 156929 1773 155156 5673 149483 1447 506
is_linear=0
shrinkage=0.02


Tree=95
num_leaves=20
num_cat=0
split_feature=28 50 44 8 69 46 46 44 46 48 44 47 63 31 7 43 57 38 74
split_gain=23.0519 29.4105 29.0212 46.4704 27.6752 49.8178 61.094 36.4094 60.9181 28.0589 24.6761 24.6145 20.493 19.1907 17.7838 17.103 30.9642 19.7532 14.9094
threshold=-0.19869186530094993 0.071921925095346353 -0.12309302849888985 0.012357532888838974 -0.33557890163101367 0.036016059464893356 0.016394563203530752 0.00083595413199644153 0.020108717395592213 -0.020992524107077744 0.15576978428121704 -0.15327845528716069 0.76802612608676668 -0.097732012309421232 0.012262854315617402 0.052023794148548304 0.45983183129458599 1.2901705051125079 0.55281697561029686
decision_type=8 10 8 8 10 10 10 8 10 10 8 10 10 8 10 10 10 8 10
left_child=1 10 3 12 7 6 -6 9 -9 -4 15 13 -2 -5 -7 17 -17 -1 -13
right_child=2 -3 4 11 5 14 -8 8 -10 -11 -12 18 -14 -15 -16 16 -18 -19 -20
leaf_value=0.0025946517522766315 -0.002687839287387684 0.0062213242109957221 0.00034501666706714286 0.0042894312430969512 0.00013925810723759629 -0.0050384197188048756 0.0037372289963246395 -0.00047757370367514546 -0.0072798916028608751 0.0039277728973294637 -0.0082040577923432837 -0.0010036527733648223 -0.0089715584427360016 -0.00038384861542947653 -0.0015768917080880981 -0.0031085939185488531 0.0051728389358570359 -0.00021717772233329603 -0.0069613183901244555
leaf_weight=4480 276 354 6388 288 88125 287 1262 50089 386 1104 200 336 214 561 200 982 210 2301 233
leaf_count=4480 276 354 6388 288 88125 287 1262 50089 386 1104 200 336 214 561 200 982 210 2301 233
internal_value=-5.54724e-06 0.00100586 -6.31586e-05 -0.00251336 -3.15066e-05 0.000188239 0.00022305 -0.00037224 -0.000565378 0.0009286 0.000760705 -0.000675123 -0.0078167 0.00148 -0.00618443 0.00093529 -0.00127242 0.0013238 -0.00389123
internal_weight=158276 8527 149749 1908 147841 89874 89387 57967 50475 7492 8173 1418 490 849 487 7973 1192 6781 569
internal_count=158276 8527 149749 1908 147841 89874 89387 57967 50475 7492 8173 1418 490 849 487 7973 1192 6781 569
is_linear=0
shrinkage=0.02


Tree=96
num_leaves=20
num_cat=0
split_feature=17 46 70 43 41 29 6 46 53 44 0 45 28 41 29 6 44 44 10
split_gain=19.9678 20.7132 19.2426 38.7606 22.8594 21.9413 15.566 44.68 80.7023 44.5154 19.9542 23.1109 21.0722 15.55 11.7499 11.0703 11.4255 17.9443 9.54649
threshold=-2.0499401959307448 0.0068844288215977661 -1.2417227077992512 0.0050476058442934244 -0.0045725356674610742 4.1421938397178781 0.010723025472992873 0.0099375979449127742 0.016333376488109296 0.077141766390349323 -0.029326788012918489 0.017937732423117535 -0.28321158375688088 -0.012718600068435169 1.6155918615631957 0.014073893259356681 0.025404107317105188 -0.14534054542079458 0.99496587696419148
decision_type=2 10 8 10 10 10 10 10 10 10 10 10 10 10 10 8 10 10 10
left_child=1 -1 3 5 -5 13 7 9 -9 -4 11 -8 -12 -2 -6 -3 17 -17 -18
right_child=2 15 6 4 14 -7 10 8 -10 -11 12 -13 -14 -15 -16 16 18 -19 -20
leaf_value=-0.0026023237328941552 -0.0050241788840620595 0.0056112648787721838 0.00013311874608881187 0.0044881668951468768 -0.0037018254524129879 -0.0053053220036421867 0.0020169856138804259 -0.0067744368278874383 0.0033146589142639547 0.0019930858192697535 0.0021661806670733278 -0.0011600264713011964 -0.00020783954428158779 -0.00035910888809691151 0.00049632173792048316 0.0037998304638444946 0.00088549343566227871 -0.0020296731968316496 0.0056768496335111527
leaf_weight=353 314 217 29622 204 329 292 4594 537 259 4019 2142 965 111665 492 819 266 214 420 397
leaf_count=353 314 217 29622 204 329 292 4594 537 259 4019 2142 965 111665 492 819 266 214 420 397
internal_value=-1.1624e-05 0.0020439 -3.62103e-05 -0.00179437 0.000471545 -0.00458417 -8.17924e-06 0.000366398 -0.00431368 0.00047732 -0.000116263 0.0010536 -0.000173432 -0.00287237 -0.000624891 0.00306139 0.00235593 0.00057933 0.00434314
internal_weight=158120 1867 156253 2450 1352 1098 153803 34437 796 33641 119366 5559 113807 806 1148 1514 1297 686 611
internal_count=158120 1867 156253 2450 1352 1098 153803 34437 796 33641 119366 5559 113807 806 1148 1514 1297 686 611
is_linear=0
shrinkage=0.02


Tree=97
num_leaves=15
num_cat=0
split_feature=17 46 38 6 10 15 45 27 46 57 28 45 10 46
split_gain=16.811 17.96 16.2729 15.742 14.0555 13.9795 13.9646 58.2423 30.2269 29.4675 27.2915 36.3513 30.9247 13.0883
threshold=-2.0499401959307448 0.0067549900937260024 1.6292706313043768 0.014693879811465435 0.8251903557364032 -0.068755711167311759 0.0044644464611294701 -0.028588101767150705 0.003497803715419317 0.54808720726270865 -0.022195282228428866 0.011930572666758116 1.59806129762523 0.0088523199585728591
decision_type=2 10 10 8 10 10 8 8 10 8 10 10 10 10
left_child=1 -1 6 -3 -5 -4 7 9 -9 -2 12 -12 -8 -6
right_child=2 3 5 4 13 -7 10 8 -10 -11 11 -13 -14 -15
leaf_value=-0.0027793955398719441 -0.0019626331209466031 0.0059521099810428257 0.00062073643145847516 -0.002941978582650473 -0.0021409865116422491 -0.0043900821121480062 -3.8718388448345102e-05 -0.0018221670620026326 0.0010606924704421813 0.000747917390711048 -0.00026527270454724812 -0.002039349405938536 0.001670202372355164 0.0041255621327786667
leaf_weight=325 6090 274 233 268 223 288 77893 1531 18797 3045 35976 3924 8549 773
leaf_count=325 6090 274 233 268 223 288 77893 1531 18797 3045 35976 3924 8549 773
internal_value=-1.14925e-05 0.00187661 -3.40184e-05 0.00277973 0.00183241 -0.00355939 -2.21943e-05 0.000369875 0.000966009 -0.000956436 -0.000113643 -0.000546302 8.60451e-05 0.00292678
internal_weight=158189 1863 156326 1538 1264 521 155805 29463 20328 9135 126342 39900 86442 996
internal_count=158189 1863 156326 1538 1264 521 155805 29463 20328 9135 126342 39900 86442 996
is_linear=0
shrinkage=0.02


Tree=98
num_leaves=22
num_cat=0
split_feature=9 50 19 54 50 42 43 70 49 54 34 53 58 14 10 30 46 43 69 33 50
split_gain=18.6529 30.4341 17.49 26.9877 20.6464 19.2913 25.6227 18.0709 30.5077 16.3112 15.1112 14.5904 18.5674 14.448 14.408 13.0593 12.4345 12.2638 9.06926 8.57108 5.50278
threshold=-0.26552305515814395 0.018531729222293406 1.9330776415161919 0.71600631152671512 0.11198429954846724 0.022983757134855235 0.0034507196432206348 -1.2417227077992512 -0.016455705772573045 0.44545917047553835 0.00092874445382220151 0.013131585799563675 0.64278380756820197 0.0052871708571462514 1.4375962210757993 0.70076889916839658 0.0062218053344738075 0.038866935596649672 0.14980520884015783 0.044684358137231775 0.036721532920917628
decision_type=8 10 8 10 10 8 8 10 10 8 10 10 10 8 10 10 8 10 10 10 10
left_child=1 11 4 5 7 6 -4 8 -2 -7 15 12 -1 -5 -9 17 -13 -3 19 -12 -20
right_child=2 10 3 13 -6 9 -8 14 -10 -11 18 16 -14 -15 -16 -17 -18 -19 20 -21 -22
leaf_value=-0.0072323486343083996 -0.0053854008271680617 0.00279058831376797 0.0010250497600818454 -0.0061655868230573452 0.0049587810391293801 0.0018512164777331496 -0.0013959130293727535 -2.2596620854584173e-05 -0.00044739751465272786 -0.00016945687596854719 -0.0016579533314905826 0.0051782057216911356 -0.0007352409576345466 -0.0018570536395144464 0.00062990465499195068 0.00017828784368502829 -0.0014809646595349119 0.0056264895493474973 0.00089154906876282719 0.002020868974892696 0.00535202412510435
leaf_weight=206 397 820 2048 241 213 1420 7161 114460 1778 3671 536 200 272 202 22685 303 335 389 329 357 255
leaf_count=206 397 820 2048 241 213 1420 7161 114460 1778 3671 536 200 272 202 22685 303 335 389 329 357 255
internal_value=1.06015e-05 0.00135848 -2.43588e-05 -0.000679463 4.48493e-05 -0.000528495 -0.0010747 3.52998e-05 -0.00177298 0.000459152 0.00237391 -0.00163511 -0.00417119 -0.00553604 6.40048e-05 0.00377925 0.000630597 0.00470909 0.000932341 -0.000333333 0.00286838
internal_weight=158278 4002 154276 14743 139533 14300 9209 139320 2175 5091 2989 1013 478 443 137145 1512 535 1209 1477 893 584
internal_count=158278 4002 154276 14743 139533 14300 9209 139320 2175 5091 2989 1013 478 443 137145 1512 535 1209 1477 893 584
is_linear=0
shrinkage=0.02


Tree=99
num_leaves=26
num_cat=0
split_feature=11 75 50 43 14 44 49 9 54 14 60 44 45 32 9 50 14 44 41 78 44 41 71 20 0
split_gain=16.2975 21.739 22.4538 16.5744 46.8278 37.7543 26.3251 26.0476 49.2631 100.372 51.5092 47.033 38.9007 32.3098 17.8544 16.4259 15.4746 14.458 14.2074 12.1639 12.0197 12.019 10.0513 17.1486 8.55957
threshold=0.058846989248984911 -0.71608162081355098 0.058484836743913589 0.052023794148548304 -0.11221417455768788 0.16428337884866476 0.038994654154270066 1.2557745046046709 0.57514222579460672 0.04771250702558117 0.67894769528321575 0.077141766390349323 0.009278518665059873 0.20498993656134371 2.1280161109286966 0.057981836503925195 0.11494753737093778 0.15576978428121704 0.0049380461480079694 -0.46812872295422581 0.074697369416932738 0.0048261167116420154 -0.016778285208587745 0.075263711088259536 0.016128081681613841
decision_type=10 10 10 10 8 10 10 10 8 10 10 8 10 10 10 10 10 8 10 8 10 10 10 10 10
left_child=3 15 17 7 14 6 -6 8 10 -10 -1 12 -9 -13 21 19 -7 18 -3 -2 -21 -5 24 -24 -4
right_child=1 2 22 4 5 16 -8 11 9 -11 -12 13 -14 -15 -16 -17 -18 -19 -20 20 -22 -23 23 -25 -26
leaf_value=0.00023318089136179363 0.0077681579604121503 0.00066790002042016851 -0.0067483711032429276 -0.0035776195819340289 0.0011231311009253907 0.0025560680136165171 -0.001472504939279587 0.00031785912279500467 5.0383403025221e-05 -0.0019586155340274199 -0.0012369537718441503 -0.0014543410419751545 0.0020153373659581053 0.001794105263618035 -0.0092829450730139689 0.0078851987419123921 0.008677197812883633 0.0024416740356920301 -0.0013600144249046376 0.00072747552001575734 -0.006600059411746957 -0.00030273113635802853 0.001293051251910371 -0.0083421386552379653 -0.0025459865858563015
leaf_weight=56204 300 1625 200 561 9280 410 1238 26126 15645 10639 9343 7315 7920 1689 213 203 201 220 5472 998 221 1248 257 201 201
leaf_count=56204 300 1625 200 561 9280 410 1238 26126 15645 10639 9343 7315 7920 1689 213 203 201 220 5472 998 221 1248 257 201 201
internal_value=-2.6328e-05 -0.000812001 -0.00124226 2.61969e-05 0.000703923 0.00121276 0.000931457 -3.98719e-05 -0.000230181 -0.000961689 6.31293e-05 0.000366031 0.000706024 -0.000919267 -0.00209491 0.00122925 0.00604248 -0.000882482 -0.00103945 0.000511842 -0.00037541 -0.00144641 -0.0043 -0.00226144 -0.00661194
internal_weight=157930 9898 8176 148032 13151 11129 10518 134881 91831 26284 65547 43050 34046 9004 2022 1722 611 7317 7097 1519 1219 1809 859 458 401
internal_count=157930 9898 8176 148032 13151 11129 10518 134881 91831 26284 65547 43050 34046 9004 2022 1722 611 7317 7097 1519 1219 1809 859 458 401
is_linear=0
shrinkage=0.02


Tree=100
num_leaves=29
num_cat=0
split_feature=70 46 54 46 46 72 41 45 45 42 41 46 45 6 0 9 46 75 45 36 6 41 60 42 46 57 19 54
split_gain=14.6067 52.5727 44.0581 53.4649 89.6665 39.7728 34.9542 29.827 32.5774 36.5644 33.4538 23.5155 22.6857 22.0539 32.7696 21.469 21.2517 35.0558 50.6961 33.3285 25.5477 21.2436 19.9307 32.1253 18.7611 16.8478 12.5768 7.83965
threshold=-0.70491811372144375 0.0071743218066912407 0.27512857992562395 0.0045607764343140013 0.0057736637568546563 -0.64967823244189749 0.0020216900283793753 0.017937732423117535 0.0053649681271666092 0.022553743943687258 -0.009897987522213712 0.014136544498704945 0.0077167530520087122 0.010723025472992873 -0.0089271254493347701 0.26808212335965947 0.0071360513986925972 -0.42027910400997742 0.015028688949343528 0.053014992598922596 0.012033397951718828 0.016066272946949293 0.064921893522299212 -0.0016803616662312002 0.0049488410761871398 0.19618228927694262 -1.3686247646701595 0.79657926166191084
decision_type=8 10 10 10 10 8 10 10 10 10 10 10 10 8 10 10 10 8 10 10 10 10 10 10 10 10 10 10
left_child=1 2 5 6 -5 -1 -4 8 10 -10 -3 -9 -7 14 15 -2 19 18 -18 24 -21 -19 23 -16 -15 -24 -17 -13
right_child=13 7 3 4 -6 12 -8 11 9 -11 -12 27 -14 16 22 26 17 21 -20 20 -22 -23 25 -25 -26 -27 -28 -29
leaf_value=-0.0084414256645225175 -0.0046171505997007686 0.0056952641967027672 0.00041239526838294724 -0.0018355873674319972 0.001241653356712071 0.0012249469938173435 0.0035027792515054225 0.006733925871118672 -0.0017262414972308965 -8.2770694496527231e-05 4.9875234743864198e-05 -0.00025735010448147875 -0.004695905071612271 -0.00013152295291448784 -0.0028686504414568203 -0.0024536461103699466 0.00151848470129835 0.00014849740904655532 -0.0014418821172109697 0.0025095614668741218 0.00015522445428052002 -0.00063963347304980659 -0.00054371840225645818 0.0045479151516731858 -0.00114816645956207 0.0010136029876590931 0.0004000418951655096 0.00228504666372674
leaf_weight=291 277 244 1346 3205 5898 451 1738 239 10756 4156 1371 862 312 13492 323 756 18206 33357 2857 1802 9297 13915 2046 945 18269 10299 1171 267
leaf_count=291 277 244 1346 3205 5898 451 1738 239 10756 4156 1371 862 312 13492 323 756 18206 33357 2857 1802 9297 13915 2046 945 18269 10299 1171 267
internal_value=-1.89568e-05 -0.000407168 0.000548105 0.000887594 0.000116213 -0.00337251 0.00316305 -0.0011141 -0.0013491 -0.00164139 0.00134777 0.00172243 -0.000965969 7.61969e-05 0.00077494 -0.00148662 -2.31843e-05 0.000195768 0.000874383 -0.00037232 0.000570991 -0.000106572 0.00114133 0.00352876 -0.000702034 0.000895675 -0.000735477 0.000511504
internal_weight=158148 31136 13241 12187 9103 1054 3084 17895 16527 14912 1615 1368 763 127012 15817 2204 111195 68335 21063 42860 11099 47272 13613 1268 31761 12345 1927 1129
internal_count=158148 31136 13241 12187 9103 1054 3084 17895 16527 14912 1615 1368 763 127012 15817 2204 111195 68335 21063 42860 11099 47272 13613 1268 31761 12345 1927 1129
is_linear=0
shrinkage=0.02


Tree=101
num_leaves=21
num_cat=0
split_feature=32 5 44 44 7 6 42 32 6 50 57 48 36 39 48 46 6 28 36 45
split_gain=17.7941 25.5321 33.6173 17.7184 36.5146 46.3023 39.9232 37.5142 26.1247 38.4586 48.3046 23.0327 24.5926 17.1553 13.2469 17.0485 11.27 10.6618 10.8661 7.00128
threshold=0.32248816140126663 0.042593097406731416 0.10184831294004694 0.11987758949867323 0.020129556318358815 0.018418157337256071 0.030353813172564584 0.15570853013066646 0.060421667068357159 0.071921925095346353 0.36747675891726 -0.15381370080476323 -0.2125594068656862 -0.060451665910618894 -0.021184191738708221 0.0090671738904043089 0.04482431517779429 -0.05510618457800847 0.23494592037074533 0.012773120662465052
decision_type=10 10 10 10 10 8 10 8 10 10 10 10 10 8 10 10 10 10 10 10
left_child=3 2 14 8 5 6 -5 -7 9 13 -11 -10 -13 -1 -2 -16 -6 19 -19 -4
right_child=1 -3 17 4 16 7 -8 -9 11 10 -12 12 -14 -15 15 -17 -18 18 -20 -21
leaf_value=-0.00079822205920891426 0.0044020229021942839 -0.0081873705711872254 0.012420920578636535 -0.0031635609632264094 -0.0023385642580274531 -0.00038748146496224678 0.00068622295962052411 0.0029671023514611056 -0.00063269644516107139 0.0028239332195221416 -0.0044229371544710558 0.01619795614159562 0.0026436838790592125 9.5772853877166826e-05 0.00045726861432781262 -0.0089343012162590007 -0.011454715391877802 -0.00040408564440392507 0.0078433955125163345 0.0035027446285344171
leaf_weight=7630 341 273 227 2503 256 2676 1088 1601 388 214 657 223 315 137813 556 210 200 206 397 202
leaf_count=7630 341 273 227 2503 256 2676 1088 1601 388 214 657 223 315 137813 556 210 200 206 397 202
internal_value=3.54355e-05 0.00173974 0.0024757 8.9866e-06 -0.000888649 -0.000569068 -0.00224332 0.000836372 5.97524e-05 3.85333e-05 -0.00414908 0.00340669 0.00608163 6.36534e-05 5.23466e-05 -0.00140548 -0.00638512 0.00507067 0.00334106 0.00748372
internal_weight=157976 2412 2139 155564 8324 7868 3591 4277 147240 146314 871 926 538 145443 1107 766 456 1032 603 429
internal_count=157976 2412 2139 155564 8324 7868 3591 4277 147240 146314 871 926 538 145443 1107 766 456 1032 603 429
is_linear=0
shrinkage=0.02


Tree=102
num_leaves=24
num_cat=0
split_feature=57 44 53 5 44 44 50 54 23 40 54 14 10 50 44 5 14 71 72 66 69 76 10
split_gain=18.1427 33.6714 54.1906 49.7271 46.2671 49.986 34.3062 23.8606 23.2618 21.4833 15.5553 15.7565 13.7909 35.577 68.3939 37.0342 15.3564 31.132 20.4033 13.1625 12.7888 9.42432 12.4836
threshold=0.79695973667084818 0.16428337884866476 0.020587867958909118 0.028290422535382522 -0.097151723298657608 -0.031313881838822215 0.049195753477018773 0.62685471620540212 0.12423334821633837 -0.00063144075968818013 0.62685471620540212 -0.049365569084228893 1.6263464685018609 0.0091548033069144292 0.043656047087019319 0.0090263736118525468 0.20654543798355332 -0.82343228058198548 0.47014682184871742 0.70503571277629862 -0.52471455635928144 0.24661945956961065 1.4549655585087196
decision_type=10 10 10 10 10 10 10 10 10 8 10 8 8 8 10 8 8 10 10 10 8 10 10
left_child=8 2 4 7 -2 -6 -3 -4 12 21 11 -11 16 14 -14 -15 18 -18 -1 -5 -12 22 -10
right_child=1 6 3 19 5 -7 -8 -9 9 10 20 -13 13 15 -16 -17 17 -19 -20 -21 -22 -23 -24
leaf_value=3.7615547638166225e-05 -0.0049919019173419402 -0.00022025779643341264 -0.0028268442396688215 0.0019253787670719669 0.0032507994505396364 0.00032519905904634564 0.0086148600909573773 -0.0054143998520889206 0.00037671515592811126 0.0032820139611198472 -0.010911618982363758 -0.0026767863665479851 0.0011384557640819249 0.0030790840585541829 0.010466894612123195 -0.00030539429274620316 -0.0021256952033478793 -0.00031295749777919226 -0.00060792807604233149 -0.0025795110470322787 -0.0019021511148620035 -0.0024187984607002846 0.0069682649029912704
leaf_weight=77356 321 240 371 608 2060 25597 324 540 353 215 200 1619 2425 888 537 11178 2048 9765 20762 308 257 286 212
leaf_count=77356 321 240 371 608 2060 25597 324 540 353 215 200 1619 2425 888 537 11178 2048 9765 20762 308 257 286 212
internal_value=-4.11306e-05 0.000398354 0.000306583 -0.00302954 0.000524608 0.000612409 0.0052354 -0.00633553 -0.000145337 -0.00184473 -0.00285253 -0.00202616 -0.000102577 0.000465633 0.00242929 -1.64084e-05 -0.000180275 -0.00086152 -9.82277e-05 0.000259542 -0.00615284 0.000866197 0.00236396
internal_weight=158470 30369 29805 1827 27978 27657 564 911 128101 3142 2291 1834 124959 15028 2962 12066 109931 11813 98118 916 457 851 565
internal_count=158470 30369 29805 1827 27978 27657 564 911 128101 3142 2291 1834 124959 15028 2962 12066 109931 11813 98118 916 457 851 565
is_linear=0
shrinkage=0.02


Tree=103
num_leaves=23
num_cat=0
split_feature=57 52 50 50 41 23 43 6 47 56 44 43 41 50 14 71 57 71 9 32 29 2
split_gain=16.1397 39.6178 53.1161 37.768 28.219 27.8814 26.3147 25.608 25.3226 21.8628 23.117 21.1526 23.5283 19.0021 13.6475 25.0387 16.5338 12.2896 11.8504 10.2849 8.80667 4.24524
threshold=0.79695973667084818 0.88789462569950384 0.055917013758482022 0.040238425747243907 0.011551704204020853 0.11906866239075865 0.053262718002088934 0.070717915228013475 -0.0018044692902551283 0.74898372304387351 0.097286830999414278 0.052023794148548304 0.015812499295069896 0.032903037304576117 0.19685204327001385 -0.82343228058198548 0.59959140915844489 -0.28115534386317914 1.372442727503753 0.051528171852445022 5.005173970736025 0.04436976891991385
decision_type=10 2 10 10 10 10 10 10 10 10 10 10 10 10 10 10 10 10 10 10 10 10
left_child=5 2 3 4 -2 7 21 14 -5 10 13 12 -3 -7 16 -16 -1 -11 -8 -13 -19 -4
right_child=1 11 6 8 -6 9 18 -9 -10 17 -12 19 -14 -15 15 -17 -18 20 -20 -21 -22 -23
leaf_value=-8.0535507393188663e-05 0.00057446198660351922 0.004155585143466394 -0.0088860041879321085 0.0051763251066638287 -0.0007492951054836294 -0.0007756571956425329 0.0013687630668730573 0.0098226258513217576 0.00077758687968153273 -0.0049934838078032192 -0.0063037279695993187 0.0042406646033941123 -0.002848818575918113 0.0047018391170870547 -0.0021047908666410424 -0.00029051584095403095 0.00046542345588727283 -0.0053806574730453282 -0.0065180503236427923 0.0080806012751451026 -0.0016764820660487027 -0.0073219454731118577
leaf_weight=93252 18881 220 223 1263 6618 1105 264 339 1613 227 241 280 235 415 1588 8292 20822 255 224 288 1198 246
leaf_count=93252 18881 220 223 1263 6618 1105 264 339 1613 227 241 280 235 415 1588 8292 20822 255 224 288 1198 246
internal_value=3.27535e-05 0.000447292 0.000312208 0.000468635 0.000223451 -6.57455e-05 -0.00431942 -1.65575e-05 0.00264095 -0.00184137 -0.000282633 0.00431445 0.00109211 0.000629849 -3.16082e-05 -0.000744661 3.01381e-05 -0.00347293 -0.0010593 0.00688576 -0.00279092 -0.00769787
internal_weight=158089 30355 29332 28375 25499 127734 957 124293 2876 3441 1761 1023 455 1520 123954 9880 114074 1680 488 568 1453 469
internal_count=158089 30355 29332 28375 25499 127734 957 124293 2876 3441 1761 1023 455 1520 123954 9880 114074 1680 488 568 1453 469
is_linear=0
shrinkage=0.02


Tree=104
num_leaves=26
num_cat=0
split_feature=45 7 10 63 53 44 27 46 45 72 58 44 53 69 45 14 15 42 69 32 51 50 69 4 52
split_gain=19.073 34.9242 27.0216 17.7099 43.9668 34.1673 46.7746 39.4332 30.4282 28.4326 25.9149 25.0998 35.7355 25.4289 21.7493 18.0829 16.3466 20.3443 16.7433 12.4549 16.8452 16.7367 16.5475 11.409 10.3458
threshold=0.003420358906767959 0.0064193952474409068 1.9911894467753306 0.28786263487756031 0.010900370658205363 0.17681011950591644 -0.13754901933271238 0.0071574745760132038 0.0053649681271666092 0.62546946732775954 0.32224489090217506 0.21061464899071672 0.020968546194878163 -0.049170379946936231 0.0042969253208843409 -0.22074147548304754 0.027790513553211164 0.0021009068289035153 -0.44953205291260218 0.067614834079087097 0.7851335656213706 0.019688993302219963 0.09910841159708654 0.012762143099887659 0.69126724763979674
decision_type=8 10 8 8 8 8 10 10 10 10 10 10 10 8 10 10 10 10 10 8 2 10 10 10 2
left_child=1 2 16 5 9 7 -7 8 -2 14 -9 12 -6 -13 -5 -8 17 -1 -18 20 24 -21 -23 -11 -3
right_child=3 19 -4 4 11 6 15 10 -10 23 -12 13 -14 -15 -16 -17 18 -19 -20 21 -22 22 -24 -25 -26
leaf_value=-0.0001381900045484329 0.00028989337745797427 -0.00096203319612509094 0.0083693184041527847 0.00076074170037479028 -0.00017931060382445665 -0.0088062025854878188 -0.0037940423137597422 -0.00064792427425608065 -0.0014488747454992168 -0.0049594678500634133 0.0014231980365309522 -0.00094696215004221138 -0.0014077290196909803 0.0043333963764012554 0.0029975398275038112 0.0045079986071840557 -0.0033181586420107391 0.0022287780135719646 0.00076172434382751981 -0.0078133735681273249 -0.0056815235616982374 -0.0062113605367293987 0.0013389390127513607 -0.00012766868172614358 0.0017837901042082086
leaf_weight=1061 9887 693 201 1353 96662 351 243 3238 6948 203 20579 313 5754 524 2136 204 314 3037 1243 313 237 296 446 540 1307
leaf_count=1061 9887 693 201 1353 96662 351 243 3238 6948 203 20579 313 5754 524 2136 204 314 3037 1243 313 237 296 446 540 1307
internal_value=-3.40325e-06 0.000882938 0.00180946 -5.78638e-05 -0.000193309 0.00029331 -0.00380225 0.000373847 -0.000366952 0.00180439 0.000897556 -0.000275224 -0.000303446 0.00317184 0.00256103 0.000486607 0.00155198 0.00221469 -0.000191271 -0.000764652 7.95353e-05 -0.00255492 -0.000912517 -0.00174462 0.000678661
internal_weight=158083 9148 5856 148935 107485 41450 798 40652 16835 4232 23817 103253 102416 837 3489 447 5655 4098 1557 3292 2237 1055 742 743 2000
internal_count=158083 9148 5856 148935 107485 41450 798 40652 16835 4232 23817 103253 102416 837 3489 447 5655 4098 1557 3292 2237 1055 742 743 2000
is_linear=0
shrinkage=0.02


Tree=105
num_leaves=29
num_cat=0
split_feature=21 52 50 54 54 59 46 28 57 46 52 57 57 44 43 41 5 24 9 4 46 38 29 34 43 57 37 44
split_gain=22.2102 26.5852 49.8846 43.8307 57.8859 72.6892 46.8892 35.9119 27.1897 40.2991 24.9561 36.7049 24.1906 51.929 25.4559 22.5325 18.5306 18.4604 16.8232 16.1209 38.6524 24.1903 15.3966 13.1729 12.8733 12.0951 11.9409 5.83081
threshold=0.020712925550159026 0.60896649527140501 0.0074238207632112427 0.57574027341050227 0.58346599610030381 0.42901455395783894 0.0076389235364306661 -0.0045169616543193061 0.47165691686578237 0.0081859706254185215 0.89779664779664792 0.80084301602529939 0.15231194475352799 0.13674071183368644 -0.0076121574876612521 -0.021414486278352348 0.016317998113349639 0.059198162209229674 -0.44381680235841231 -0.065904585637425281 0.03709626144380785 1.2773436801191003 0.75948751852795937 9.7104938559201055e-06 0.058559939930864953 0.52426171136085464 0.34566768713506185 0.060411507011390649
decision_type=8 2 10 8 8 8 8 8 10 10 2 10 8 10 10 10 10 10 10 10 10 10 10 10 10 10 10 8
left_child=10 3 7 8 5 -5 -6 26 15 -10 18 16 13 -4 -14 -2 17 -12 23 21 -21 -20 -18 27 -13 -25 -3 -1
right_child=1 2 12 4 6 -7 -8 -9 9 -11 11 24 14 -15 -16 -17 22 -19 19 20 -22 -23 -24 25 -26 -27 -28 -29
leaf_value=0.0020833125215245669 -0.0032992909373408888 -0.0026222391704474779 -0.0019787895410029849 -0.0077846764112250106 -0.004603268765733152 0.00025274443199120431 1.9469862993231475e-05 -0.0082251229754346407 0.00063024060100423803 0.0037388685350688983 0.00043614939523852224 0.0031224162617789863 -0.0044121676173237666 -0.011264525162284334 -0.00022597548392529844 0.00018808166261537245 0.00096523547954782967 0.0024187963162634598 0.00092015778479212062 4.818544914663922e-06 -0.0042261926227384929 -0.00082235621775021499 -0.00342720115500795 -8.3261596782337884e-06 0.0078357330975900169 0.0045190633256278322 0.0029951764803807781 0.0057097335337696091
leaf_weight=203 627 850 2550 640 275 566 8830 383 6359 2957 904 218 213 214 29231 3594 347 626 19384 72436 305 4382 349 899 246 328 208 231
leaf_count=203 627 850 2550 640 275 566 8830 383 6359 2957 904 218 213 214 29231 3594 347 626 19384 72436 305 4382 349 899 246 328 208 231
internal_value=3.09303e-05 -0.000282758 -0.000644814 0.000228018 -0.000754267 -0.00486993 -0.000208434 -0.00428433 0.000976363 0.00157969 0.000209778 0.00211 -0.000481791 -0.00227052 -0.000313737 -0.000354808 0.00104086 0.00227172 0.000157667 0.000123285 -2.44426e-05 0.000575504 -0.00166141 0.00215283 0.00722151 0.00108958 -0.00237771 0.00514483
internal_weight=158355 57497 33649 23848 10311 1206 9105 1441 13537 9316 100858 2690 32208 2764 29444 4221 2226 1530 98168 96507 72741 23766 696 1661 464 1227 1058 434
internal_count=158355 57497 33649 23848 10311 1206 9105 1441 13537 9316 100858 2690 32208 2764 29444 4221 2226 1530 98168 96507 72741 23766 696 1661 464 1227 1058 434
is_linear=0
shrinkage=0.02


Tree=106
num_leaves=22
num_cat=0
split_feature=23 57 6 47 53 50 68 50 32 75 7 54 20 32 6 0 43 55 17 24 0
split_gain=19.823 28.9445 20.8192 44.4671 40.3466 49.5928 44.5993 24.1529 51.5922 27.1016 21.45 26.5016 26.2695 18.0741 21.1161 15.4927 13.8023 11.249 11.4212 10.5412 6.60116
threshold=0.10050030630331587 0.72610080310163394 0.019798182724293744 -0.12747583129116555 0.021694370836547013 0.05154140508411665 0.48685519603481547 0.051343734652707369 -0.27617093460708475 0.94322827435458179 0.03477748638306543 0.56052014714107801 -0.04161684502264789 -0.32529597319631004 0.049269489246735625 -0.0077092414774866383 0.077817325431271303 0.94820215624986037 0.16858296569854647 -0.28792378352405273 0.015485141243493985
decision_type=10 10 10 8 10 10 10 10 10 10 10 10 10 8 10 10 10 10 2 10 10
left_child=2 13 3 -1 5 -5 -6 10 -9 -10 11 -4 -12 20 15 -15 17 19 -19 -3 -2
right_child=1 16 7 4 6 -7 -8 8 9 -11 12 -13 -14 14 -16 -17 -18 18 -20 -21 -22
leaf_value=-0.0040004849499047177 0.0060391290167099701 0.00027044876578475181 0.00032991869731394618 -8.0554250393880192e-05 -0.0014177538588323107 0.0015126836356840596 -0.0070856325948020771 0.008086359682412848 -0.00077065239603563824 -0.0075096334372743339 0.002048625953803636 0.0017232573347427485 -0.003364663746507126 0.00066111639367702956 -0.0092114441219442351 -0.0023090752527111058 0.0047811025329060454 0.0018199966413207534 -0.00038060078738667852 -0.0034188022573854262 -0.00027608956454818525
leaf_weight=377 202 578 12609 111571 897 4156 204 242 4547 219 621 11773 1011 699 244 3166 208 1669 2031 788 200
leaf_count=377 202 578 12609 111571 897 4156 204 242 4547 219 621 11773 1011 699 244 3166 208 1669 2031 788 200
internal_value=-1.28977e-05 -0.000884733 4.46474e-05 -7.72827e-05 -5.51062e-05 -1.882e-05 -0.00386388 0.000505367 -0.000766221 -0.00122467 0.000750259 0.000898905 -0.00146846 -0.00206073 -0.00245693 -0.00209467 0.000120948 -8.64417e-05 0.000485815 -0.00163716 0.00198015
internal_weight=158012 9785 148227 117205 116828 115727 1101 31022 5008 4766 26014 24382 1632 4511 4109 3865 5274 5066 3700 1366 402
internal_count=158012 9785 148227 117205 116828 115727 1101 31022 5008 4766 26014 24382 1632 4511 4109 3865 5274 5066 3700 1366 402
is_linear=0
shrinkage=0.02


Tree=107
num_leaves=25
num_cat=0
split_feature=33 69 41 45 54 59 53 45 53 41 41 53 53 41 41 45 17 46 59 46 7 43 37 29
split_gain=17.617 18.7954 41.8613 39.8014 74.0145 65.8536 37.3787 53.7452 36.0064 34.0495 52.1946 39.0069 36.9369 35.4524 18.627 29.7765 16.7038 16.6461 29.6987 17.4334 16.9174 17.1755 11.8883 7.16636
threshold=0.19703363745832725 -0.24936112690690584 0.026653010398889235 0.013277514541601062 0.60896216865746355 0.38159200787233138 0.013708591847781743 0.0040694575470957058 0.015585941308065832 0.046038674834005373 0.026653010398889235 0.020587867958909118 0.013741127638661458 0.049669818797121963 0.032236937256637239 0.011930572666758116 0.34050342958362506 0.0045607764343140013 0.55970960478298015 0.003925608863807376 0.020650673001638278 0.049940902833924168 0.13171744897402024 5.8643440433196803
decision_type=10 10 10 10 10 10 10 10 10 10 10 10 10 10 10 10 2 10 10 10 10 10 10 10
left_child=1 9 6 4 -4 -5 7 -3 -8 10 12 -12 -1 22 17 -16 -15 18 19 -2 21 -19 -11 -20
right_child=14 2 3 5 -6 -7 8 -9 -10 13 11 -13 -14 16 15 -17 -18 20 23 -21 -22 -23 -24 -25
leaf_value=0.00014664507610611638 -0.0014970921123506689 0.0012098929544438243 -0.0013735463585061358 -0.0043040324883648565 0.0031546921785063735 -0.00015002043273428697 0.0012666720753853826 -0.00050271571621744282 0.00015321004231869329 -0.0043450477942455646 0.0011687942338575673 0.0051268901564389922 -0.00082382295222966934 0.0026951314338749689 0.0073080271455522559 -0.0026750204761536328 -0.0033625535346075864 -0.0020602368719891714 -0.00011396240920457964 0.0041649851586059916 0.004266895501921871 4.6219439245853698e-05 -0.0082379120350060328 -0.0057878755908401308
leaf_weight=29913 228 8032 3820 1079 1244 1194 19345 25843 21859 247 3609 750 31920 283 333 228 269 5032 232 534 315 1563 203 232
leaf_count=29913 228 8032 3820 1079 1244 1194 19345 25843 21859 247 3609 750 31920 283 333 228 269 5032 232 534 315 1563 203 232
internal_value=-5.14061e-05 -5.21352e-07 0.000201876 -0.00123985 -0.00025232 -0.00343799 0.000342808 -0.000149309 0.000747434 -0.000248798 -0.000193344 0.00192156 -0.000342498 -0.00390628 -0.00092642 0.00259431 -0.000502712 -0.00116972 0.000976365 0.00340498 -0.00155086 -0.00176743 -0.00806652 -0.00300645
internal_weight=158307 149610 82416 7337 5064 2273 75079 33875 41204 67194 66192 4359 61833 1002 8697 561 552 8136 1226 762 6910 6595 450 464
internal_count=158307 149610 82416 7337 5064 2273 75079 33875 41204 67194 66192 4359 61833 1002 8697 561 552 8136 1226 762 6910 6595 450 464
is_linear=0
shrinkage=0.02


Tree=108
num_leaves=24
num_cat=0
split_feature=57 23 32 57 45 67 68 0 42 42 21 38 4 9 23 63 17 21 70 24 26 19 42
split_gain=15.9165 19.0602 15.3568 17.4142 20.641 13.9675 18.4707 13.7072 23.5816 20.5999 20.5058 15.4505 17.272 13.4605 11.6294 9.68029 10.9835 9.27394 8.59664 8.52455 10.0042 8.05771 10.405
threshold=0.96719734942567903 0.10698200977574902 -0.27617093460708475 0.18796074826410583 0.010276672700424325 0.27140850763825058 1.3250564762682477 -0.042467505520466901 -0.01346065179162753 -0.039688325992873301 -0.060801097110951101 1.5924390196807623 -0.30076636353637742 1.1882328786270768 0.1952425970134998 0.95737986393734043 -0.070790446551796435 0.010264794668195078 0.098843163822096403 0.42792972348313946 0.6551638894000178 1.7866407982227697 -0.011945528554004324
decision_type=10 10 8 8 10 10 10 10 10 10 8 10 8 10 10 10 2 10 10 10 10 10 10
left_child=1 7 14 4 -4 17 21 8 9 -1 -10 12 -9 -5 -3 16 -8 19 -13 20 -2 22 -7
right_child=5 2 3 13 -6 6 15 11 10 -11 -12 18 -14 -15 -16 -17 -18 -19 -20 -21 -22 -23 -24
leaf_value=0.0007570266491300512 -0.00035800912504896311 -4.2706182553395002e-05 -0.0025120027176254436 -0.0013535140262056157 -0.0091574313213677403 0.0023186429877508374 -0.00042502596972747111 0.003670455486823558 0.0022674034207674364 0.0063842427416026925 -0.0036237876932875258 -0.00021444859905990767 1.1567954241764886e-05 0.00010051816873320332 0.010591058171335795 -0.0015128744478989421 0.0032273129354003804 0.0054214812335053805 -0.0040699573532632354 -0.0005776737271925693 0.0051540348143339042 0.0023946119904440658 -0.0045873692322831762
leaf_weight=544 293 350 414 3400 214 214 615 1078 563 618 539 280 141998 2586 217 314 1591 246 445 305 646 210 613
leaf_count=544 293 350 414 3400 214 214 615 1078 563 618 539 280 141998 2586 217 314 1591 246 445 305 646 210 613
internal_value=3.17005e-05 -4.68525e-06 -0.00101058 -0.00128163 -0.00444833 0.00113669 0.00045475 4.47606e-05 0.00158852 0.00357524 -0.000505893 2.04309e-05 3.52118e-05 -0.000948388 0.00214437 0.00137961 0.00184776 0.0027619 -0.00288981 0.00205462 0.00299787 -0.00178998 -0.00267874
internal_weight=158293 153246 7181 6614 628 5047 3557 146065 2264 1162 1102 143801 143076 5986 567 2520 2206 1490 725 1244 939 1037 827
internal_count=158293 153246 7181 6614 628 5047 3557 146065 2264 1162 1102 143801 143076 5986 567 2520 2206 1490 725 1244 939 1037 827
is_linear=0
shrinkage=0.02


Tree=109
num_leaves=19
num_cat=0
split_feature=19 41 45 9 52 8 44 51 46 6 41 25 18 49 22 43 53 52
split_gain=16.537 35.0879 32.5916 32.2373 27.1743 21.2719 18.3052 20.827 28.8602 18.2879 36.4231 17.6001 16.0525 15.3564 22.7881 19.682 14.9204 10.4002
threshold=1.9539555212719026 0.030461029137736188 0.011930572666758116 1.1022681858312235 0.96823770491803296 0.014345487890496287 0.056900079495534446 0.80352387868727748 0.009711183688914788 0.070717915228013475 0.019092669222254725 0.27826935915359186 70.549341473746537 0.035945603628168905 -0.022663242758649445 0.052023794148548304 0.01040203178504904 0.31451246134255056
decision_type=8 10 10 10 2 8 8 2 10 10 8 8 10 10 10 10 10 2
left_child=4 6 3 12 9 -4 16 8 -8 13 -11 -9 -3 15 -15 -1 -2 -18
right_child=1 2 5 -5 -6 -7 7 11 -10 10 -12 -13 -14 14 -16 -17 17 -19
leaf_value=5.105887717432589e-08 0.0038079964890956942 -0.00042644307882760301 -0.0075288083007685686 -0.0045362178609476686 0.0050128414907423995 -0.0043557529009115034 0.00049432333565688918 0.0034634467123978952 -0.0037489850193769682 -0.00096817570105787044 0.011841148439648088 0.00034568433293198755 0.0035772373319889602 0.00047039170404903518 -0.0019461915006469925 0.00080698641901938623 -0.004058896838689775 -0.000883089121875895
leaf_weight=128303 265 356 208 330 225 353 4847 568 819 319 259 614 247 2025 2835 9806 210 5756
leaf_count=128303 265 356 208 330 225 353 4847 568 819 319 259 614 247 2025 2835 9806 210 5756
internal_value=-1.24916e-05 -0.000654453 -0.00355719 -0.00126124 5.2569e-05 -0.00736299 -0.000322477 0.000391006 -0.000112582 4.16446e-05 0.00358895 0.00280473 0.00148675 2.72645e-05 -0.00107756 6.61647e-05 -0.00110687 -0.00131356
internal_weight=158345 14573 1494 933 143772 561 13079 6848 5666 143547 578 1182 603 142969 4860 138109 6231 5966
internal_count=158345 14573 1494 933 143772 561 13079 6848 5666 143547 578 1182 603 142969 4860 138109 6231 5966
is_linear=0
shrinkage=0.02


Tree=110
num_leaves=28
num_cat=0
split_feature=23 70 44 5 78 53 32 48 69 44 54 44 59 44 44 48 42 0 43 48 59 57 54 36 14 44 54
split_gain=18.7689 25.4355 22.0306 25.1293 20.7238 22.738 19.6844 16.0677 15.7909 42.2603 89.1441 56.0031 48.7244 42.5183 40.7895 60.8593 33.7146 31.8215 30.5656 29.6139 26.9561 25.3783 17.1432 15.2244 16.445 12.2539 5.36079
threshold=0.074504892325537822 -0.19657143106083122 0.081187245259363064 0.045205033365411589 0.54878153960160592 0.012797159158465335 0.19931335736831882 -0.010366512319978925 0.065558047209543793 0.00083595413199644153 0.64116867211318629 -0.031313881838822215 0.33367071524966269 -0.050410923913992538 0.00083595413199644153 -0.034075730639950667 -0.010824748831383789 -0.022495824839018515 -0.013624658271896071 -0.020992524107077744 0.28601473762428792 0.16020828394053549 0.7072957654428581 -0.19008092172435073 0.11342677357162824 -0.084893261369471937 0.50305965423805354
decision_type=10 10 8 10 10 10 10 8 10 10 10 10 10 8 8 8 10 8 8 10 10 10 10 8 10 10 10
left_child=8 4 23 6 5 7 -4 -2 14 11 16 13 -13 -10 19 17 -11 -16 -17 21 -21 -1 -12 -3 -25 -7 -6
right_child=1 2 3 -5 26 25 -8 -9 9 10 22 12 -14 -15 15 18 -18 -19 -20 20 -22 -23 -24 24 -26 -27 -28
leaf_value=0.0019879031953490816 -0.0069602479983799483 0.0097866109986448676 -0.0022079151278971542 -0.011688563583426036 -0.0046508000883182373 -0.0024782474607747975 0.0037786540562192612 -0.0010867956175540509 -0.0004809126895826321 0.0016837973633518732 0.0031247012852416633 -0.0035256250970518623 -0.00059709681174288393 0.0026771369206648509 0.0015494250524680454 -0.001800065199905346 0.00020062917466285538 -0.002133015129671529 3.1794562779134947e-05 -0.00072318924536204649 0.0047145120255196911 -2.9535780680441731e-05 0.0078085914308430949 -0.00069299805173390471 0.00088018912283775209 -0.00025851458222141908 -0.0030728941451692994
leaf_weight=4415 245 245 1900 251 212 662 603 224 4277 6268 1418 2133 2886 1912 849 3600 35073 6616 59822 384 1353 9462 277 3621 5455 3324 372
leaf_count=4415 245 245 1900 251 212 662 603 224 4277 6268 1418 2133 2886 1912 849 3600 35073 6616 59822 384 1353 9462 277 3621 5455 3324 372
internal_value=2.95072e-05 -0.000595852 -9.75489e-05 -0.00166897 -0.00178929 -0.00132361 -0.0010615 -0.00548511 0.000105566 0.000373085 0.000657992 -0.000720671 -0.00229044 0.000552181 -6.2172e-05 -0.000266025 0.000473562 -0.00197402 -6.49291e-05 0.000863144 0.00332451 0.000554691 0.00515212 0.00036666 0.000233337 -0.000832205 -0.00532991
internal_weight=157859 17114 12075 2754 5039 4455 2503 469 140745 54244 43036 11208 5019 6189 86501 70887 41341 7465 63422 15614 1737 13877 1695 9321 9076 3986 584
internal_count=157859 17114 12075 2754 5039 4455 2503 469 140745 54244 43036 11208 5019 6189 86501 70887 41341 7465 63422 15614 1737 13877 1695 9321 9076 3986 584
is_linear=0
shrinkage=0.02


Tree=111
num_leaves=25
num_cat=0
split_feature=0 42 41 47 51 46 44 45 45 69 21 42 10 52 47 50 42 72 71 50 50 28 36 6
split_gain=23.5151 29.5803 27.929 21.05 20.4191 22.9868 20.0053 18.7137 17.9219 17.2034 21.3595 21.3084 26.2515 20.8354 50.8055 32.7152 17.143 15.2675 14.3309 9.84886 13.294 11.4045 10.0383 9.29984
threshold=-0.034281958134547423 -0.017696713909122138 -0.012718600068435169 -0.070380669704117813 0.35421166306695467 0.0099375979449127742 0.082341383070723154 0.015985169020956064 0.013605736263130656 1.6493751581776175 0.080376523679738368 0.047279301649295953 1.1825524143674995 0.60896649527140501 -0.0043677226222419976 0.0074238207632112427 0.0065143588825852259 0.7571833393156856 -0.26698911063232428 0.055917013758482022 0.040538273912769436 -0.020691818444234563 0.07179593135499629 0.028790627205666153
decision_type=8 8 10 10 2 10 8 10 10 10 10 10 8 2 10 10 10 8 10 10 10 10 10 10
left_child=1 2 3 8 17 6 -6 -7 -1 10 11 16 -13 14 -12 -15 -2 -3 -5 20 22 -22 -11 -4
right_child=9 4 23 18 5 7 -8 -9 -10 19 13 12 -14 15 -16 -17 -18 -19 -20 -21 21 -23 -24 -25
leaf_value=-0.0023894892431534525 -0.00019956573092521366 -0.00026922929090856981 -0.0044676304442372184 0.0023363205437432022 0.00081054632214916822 0.0056955388794883042 -0.0071693079066741505 -0.00095386678348504891 0.0037353699749068511 -0.0011093132329119439 -0.0002612271195352993 -0.0015920889854291959 0.0010189444797907346 -0.0078707598647218806 0.0090749158358747872 -0.0012533356922805555 0.00018049820430882663 -0.0055754924976463924 0.0075821902325064411 -0.0033721055410409675 0.01018911101499087 0.0019314616004388995 0.001433682895534959 0.0013548588250963114
leaf_weight=234 62639 280 205 216 858 569 264 216 384 1037 4678 3642 1469 353 221 7263 66661 254 628 368 264 478 4634 268
leaf_count=234 62639 280 205 216 858 569 264 216 384 1037 4678 3642 1469 353 221 7263 66661 254 628 368 264 478 4634 268
internal_value=-3.85744e-05 0.0014069 0.0032531 0.00461928 -5.65111e-05 0.000910901 -0.00092431 0.00353435 0.00180614 -7.97486e-05 -0.000125219 -5.16174e-05 -0.00131808 -0.000915468 0.000101633 -0.00156991 -1.53131e-06 -0.00351028 0.00667219 0.000905043 0.00108793 0.00360431 0.000757757 -0.000966245
internal_weight=158083 4376 1935 1462 2441 1907 1122 785 618 153707 146926 134411 5111 12515 4899 7616 129300 534 844 6781 6413 742 5671 473
internal_count=158083 4376 1935 1462 2441 1907 1122 785 618 153707 146926 134411 5111 12515 4899 7616 129300 534 844 6781 6413 742 5671 473
is_linear=0
shrinkage=0.02


Tree=112
num_leaves=17
num_cat=0
split_feature=17 46 34 10 50 42 46 20 43 43 5 10 2 71 46 32
split_gain=17.0028 23.4596 16.2519 19.3877 39.5923 40.1385 25.6275 35.408 25.3014 25.1599 13.3231 14.7593 12.4842 10.6379 13.8432 9.2707
threshold=-2.0499401959307448 0.0067549900937260024 -5.3708221553419377e-05 1.5598546220260385 0.0091548033069144292 0.0059133690802873904 0.0044955487679037938 -0.026070924323026653 0.051227593454310501 -0.053124800089148654 0.059352236758426845 -1.0000000180025095e-35 0.088563444345891154 1.4300342099977672 0.0077017608516100544 0.14475930407083207
decision_type=2 10 8 10 10 10 8 8 10 10 10 8 10 8 10 10
left_child=1 -1 10 6 9 -6 7 -4 -8 -5 11 -2 -13 14 -3 -16
right_child=2 13 3 4 5 -7 8 -9 -10 -11 -12 12 -14 -15 15 -17
leaf_value=-0.0029373691361607463 0.0040946715460757847 0.0060142906573806814 -0.001947450441050749 -0.0024269297009332854 -0.0024517230106063104 0.00066748354167229574 -0.00032140500040463274 0.00093552162671702694 0.00051524784754379831 0.0038551362709508138 -0.0044892042415216491 0.00035974019952056283 0.0052164257120734647 -0.0024901699949252186 0.0020191586779290129 0.0042389901077545039
leaf_weight=328 208 216 1471 419 2777 8086 98567 11592 12301 3600 224 16375 440 220 844 236
leaf_count=328 208 216 1471 419 2777 8086 98567 11592 12301 3600 224 16375 440 220 844 236
internal_value=1.9746e-05 0.00192846 -2.80659e-06 -7.47619e-05 0.00060727 -2.00663e-05 -0.000156683 0.000681108 -0.000255419 0.00230299 0.000576183 0.000640155 0.000574334 0.00297825 0.00366847 0.00273636
internal_weight=157904 1844 156060 138813 14882 10863 123931 13063 110868 4019 17247 17023 16815 1516 1296 1080
internal_count=157904 1844 156060 138813 14882 10863 123931 13063 110868 4019 17247 17023 16815 1516 1296 1080
is_linear=0
shrinkage=0.02


Tree=113
num_leaves=23
num_cat=0
split_feature=17 46 45 14 46 71 27 4 44 45 46 37 45 53 44 18 43 44 32 44 67 43
split_gain=17.9088 22.1945 18.8071 52.9528 28.783 56.4724 41.6846 28.289 39.9216 46.6542 42.7201 30.4227 26.927 21.0609 19.3615 17.2493 16.366 11.5283 16.5909 12.3224 11.2564 3.86445
threshold=-2.0499401959307448 0.0069213295397758381 0.0044644464611294701 -0.030532234142777667 0.003497803715419317 -0.77089008769369227 -0.027936230803756342 -0.060314860024324561 -0.097151723298657608 0.018769124172072955 0.036016059464893356 0.19173846677509698 0.0082894699117945052 0.01222555391037089 0.040677473588450981 46.440365787462817 0.017122757766654843 0.030881409916868944 0.014644202682493781 0.095771384149618291 -0.52933990308003243 0.0059730308891216008
decision_type=2 10 8 8 10 10 8 10 10 10 10 10 10 8 10 10 10 10 10 10 10 10
left_child=1 -1 3 14 5 -5 -6 11 9 -9 -10 13 -13 -4 16 -16 -2 18 -3 21 -20 -19
right_child=2 17 7 4 6 -7 -8 8 10 -11 -12 12 -14 -15 15 -17 -18 19 20 -21 -22 -23
leaf_value=-0.0026877986278209874 -0.0023923049681586692 -0.0030310093840888166 0.0018841792972085164 -0.0056698744083875183 -0.00038501592428866985 0.00025645927597136648 0.001261281592422032 -0.0068857538370096852 -0.00018038078586331537 -0.00021523666703338764 -0.0041552568361369795 0.00014452159049593575 0.0025129148099287376 -0.00016663388315348805 -0.002337029041091592 0.00053670134824419259 -0.0078358982385516567 0.0087778928063513891 -3.9328575030211259e-05 0.0012564383350671421 0.0051772284863866183 0.0034782975091906987
leaf_weight=363 744 206 2796 411 6040 1480 16758 501 95585 646 409 3206 3951 19565 1477 1914 590 202 259 257 349 227
leaf_count=363 744 206 2796 411 6040 1480 16758 501 95585 646 409 3206 3951 19565 1477 1914 590 202 259 257 349 227
internal_value=1.36637e-05 0.00196245 -9.59801e-06 0.000445963 0.000817254 -0.00155285 0.00101399 -0.000115411 -0.000280188 -0.0039878 -0.000235825 0.000426776 0.00156161 6.34111e-05 -0.00149344 -0.000689269 -0.00353408 0.00303664 0.00142086 0.00494614 0.00308374 0.0070186
internal_weight=157936 1863 156073 29414 24689 1891 22798 126659 97141 1147 95994 29518 7157 22361 4725 3391 1334 1500 814 686 608 429
internal_count=157936 1863 156073 29414 24689 1891 22798 126659 97141 1147 95994 29518 7157 22361 4725 3391 1334 1500 814 686 608 429
is_linear=0
shrinkage=0.02


Tree=114
num_leaves=30
num_cat=0
split_feature=23 44 5 48 75 47 10 63 20 52 41 50 52 36 41 48 63 50 48 44 45 53 56 54 43 38 60 29 10
split_gain=17.9579 25.3669 33.2437 35.3406 36.0325 29.9309 32.2713 27.5426 27.5223 21.2693 49.8999 42.2929 18.7111 27.5803 47.9672 18.584 17.8021 39.5319 38.164 35.4805 35.0706 31.8987 27.4128 16.0178 14.179 13.8706 19.5107 12.0163 8.46222
threshold=0.037515529057833182 -0.084893261369471937 0.025833533486080761 -0.10159605945532339 0.93241485893349918 -0.09501233209652786 0.64158941880196296 0.59348709791445753 0.0041490709925600675 0.60896649527140501 0.0089212906558461275 0.0074238207632112427 0.87837381916329293 0.012780824691015219 0.013802169303758884 -0.020700671948373158 0.27604105610045204 0.058484836743913589 -0.012679729507916735 0.030106085042433398 0.014715592134374353 0.024132713091028688 0.15628345824411136 0.79494434148730142 0.054432319829361371 0.77550256504848258 0.77729725180703746 3.0137249205710828 1.5366966346703286
decision_type=10 10 10 8 10 10 10 10 10 2 10 10 2 8 10 10 10 10 10 10 10 10 10 10 10 10 8 10 10
left_child=12 2 3 4 -2 6 -3 -5 27 10 -7 -11 16 25 15 -15 17 20 19 -18 -1 -20 -19 -10 -16 28 -27 -4 -14
right_child=1 5 8 7 -6 9 -8 -9 23 11 -12 -13 13 14 24 -17 18 22 21 -21 -22 -23 -24 -25 -26 26 -28 -29 -30
leaf_value=0.00052311756749632784 -0.00051622082326605869 0.0093602701830578713 0.0039965549013744744 -0.0029746429355433559 -0.007258666568763718 -0.00025546876084993288 0.0011055416150506144 0.0047215428330911217 0.00030439042147826763 -0.0041108489085882787 0.0023368600686317635 -0.00039954696965733958 0.00020728331994390443 0.001661251499177438 -0.0010411028607444151 0.005721182573335053 -6.6219640316876193e-05 0.0075058898304210678 0.0003352990587786574 -0.0011470324268065529 -0.0018135784983232257 -0.0041251652873070194 0.00052485476836333135 -0.0032926241083183041 0.001925245966234604 -0.00032772499784188545 -0.0078023934346238936 0.00050979651099279264 0.0057713673982357494
leaf_weight=38462 230 206 275 812 406 9848 386 212 526 1016 3057 21683 1296 421 805 633 22109 360 36202 13790 2568 270 321 389 605 815 212 219 204
leaf_count=38462 230 206 275 812 406 9848 386 212 526 1016 3057 21683 1296 421 805 633 22109 360 36202 13790 2568 270 321 389 605 815 212 219 204
internal_value=1.28711e-05 -0.00035802 -0.00210358 -0.00402047 -0.00772057 -0.000209907 0.00424621 -0.00171512 0.00015461 -0.000284174 0.000364017 -0.000652775 0.000135193 0.00133373 0.00283895 0.00606445 8.27292e-05 0.000411824 -0.00010692 -0.000569861 0.000332383 0.000348696 0.00518768 -0.00189738 0.000423813 -0.000133703 -0.00192412 0.00395556 0.00109127
internal_weight=158338 39265 3069 1660 636 36196 592 1024 1409 35604 12905 22699 119073 4991 2464 1054 114082 41711 72371 35899 41030 36472 681 915 1410 2527 1027 494 1500
internal_count=158338 39265 3069 1660 636 36196 592 1024 1409 35604 12905 22699 119073 4991 2464 1054 114082 41711 72371 35899 41030 36472 681 915 1410 2527 1027 494 1500
is_linear=0
shrinkage=0.02


Tree=115
num_leaves=20
num_cat=0
split_feature=28 50 46 60 0 45 46 60 50 34 46 57 44 54 44 16 42 40 4
split_gain=17.7234 31.3752 24.8595 24.6951 17.9145 15.9643 40.3949 27.9631 25.2537 18.5816 17.7977 15.3761 38.5543 74.2663 64.0908 24.0378 26.7929 14.0451 13.0089
threshold=-0.26959219551997288 0.061574248510383074 0.03709626144380785 0.68300265413566563 -0.010043067301396312 0.017937732423117535 0.011667000111237062 0.28786263487756031 0.050985020605297311 0.050169393540522238 0.0099684042768321043 0.71835397914624377 0.00083595413199644153 0.68686325633828671 -0.031313881838822215 0.1081495850056733 0.0066564436752099007 -0.0017397374618643457 -0.075990626145200399
decision_type=8 10 10 8 10 10 8 10 10 10 10 10 8 10 10 10 10 8 10
left_child=1 5 11 4 -4 6 10 -7 -8 -9 -1 15 14 -14 -13 16 -2 -17 -6
right_child=2 -3 3 -5 18 7 8 9 -10 -11 -12 12 13 -15 -16 17 -18 -19 -20
leaf_value=0.0016642874936861588 -0.00032304634736023119 0.0093116067589442773 0.00045109213588216847 0.00163733279578552 -0.0015863721213583235 0.004577195622809822 0.011547047844274665 -0.0028677343987797287 4.1245585229964244e-05 0.0028875267531594108 -0.0043625595017733497 0.00054286930785397915 0.00041861533703333164 0.00557656990983184 -0.0026881055350939467 0.0027195836651573327 0.00019947727317083026 -0.0021553620243358351 -0.0053061915660437163
leaf_weight=894 52340 204 261 326 522 201 525 964 226 465 278 4251 32573 660 3613 319 55618 3443 535
leaf_count=894 52340 204 261 326 522 201 525 964 226 465 278 4251 32573 660 3613 319 55618 3443 535
internal_value=-4.92988e-07 0.00135657 -3.35228e-05 -0.00247903 -0.00369826 0.000916714 0.00215073 -0.00053832 0.00576862 -0.00152308 -0.000168798 -7.18502e-06 0.000323568 0.000621592 -0.000935537 -0.000128875 -7.40837e-05 -0.00170024 -0.00485633
internal_weight=158218 3757 154461 1644 1318 3553 1923 1630 751 1429 1172 152817 41097 33233 7864 111720 107958 3762 1057
internal_count=158218 3757 154461 1644 1318 3553 1923 1630 751 1429 1172 152817 41097 33233 7864 111720 107958 3762 1057
is_linear=0
shrinkage=0.02


Tree=116
num_leaves=25
num_cat=0
split_feature=57 52 50 50 42 43 45 52 36 2 10 43 43 45 60 54 42 43 60 34 21 49 36 56
split_gain=15.3954 26.3315 52.1994 34.5042 27.2717 21.9255 23.5245 21.8402 20.7073 18.0996 17.3997 32.1655 63.0608 33.3186 22.3692 40.0623 26.6779 16.3629 16.0391 18.2235 18.135 9.25488 8.70561 7.39093
threshold=0.79695973667084818 0.88789462569950384 0.055917013758482022 0.039109424759590568 -0.010824748831383789 0.053262718002088934 0.0069203045823255553 0.71057480369196868 0.11711600078191459 -0.041450223703868465 1.6263464685018609 0.015317282313024318 0.018651011508638463 0.014293784901629065 0.69085146289890209 0.57574027341050227 0.01729465817500642 0.058559939930864953 0.084867306606437057 0.010325404613132335 0.018484586084616231 0.021695606534580473 0.16917173400629465 0.88260413818248118
decision_type=10 2 10 10 10 10 10 2 10 10 10 10 10 10 10 10 8 10 10 10 10 10 10 10
left_child=8 2 3 4 -2 23 -7 -5 10 22 14 13 -13 -12 16 -16 -1 21 20 -20 -11 -3 -10 -4
right_child=1 17 5 7 -6 6 -8 -9 9 18 11 12 -14 -15 15 -17 -18 -19 19 -21 -22 -23 -24 -25
leaf_value=-0.00016611939586274937 0.0011813062711427591 0.0030335324069040489 -0.0045130983615474345 -0.0030598347422467189 -0.0001775563950381539 -0.0069611075874574978 0.0034659590678384352 0.0027151937737387335 2.8541600019472493e-05 -0.005609012493312561 0.0030821294434273793 -0.0089640282275775269 0.00048546213601735508 -0.0068793896075908193 -0.0012396157323726756 0.00044266851367558813 0.00047122317289758459 0.0058526263960316958 -0.00041878780247244353 -0.003434859358479462 -0.0015210966668869773 -0.00078144985490399865 0.0057693104193126286 -0.0097186032606103121
leaf_weight=58353 6601 368 268 238 18456 230 243 3170 298 508 4135 529 4935 336 16127 8470 26032 386 6049 1010 707 223 254 200
leaf_count=58353 6601 368 268 238 18456 230 243 3170 298 508 4135 529 4935 336 16127 8470 26032 386 6049 1010 707 223 254 200
internal_value=-1.56709e-05 0.000388955 0.000281498 0.000434835 0.000177907 -0.00435032 -0.0013038 0.00232268 -0.000111927 -0.00104656 -4.25335e-05 0.000758655 -0.000270448 0.00201655 -0.000115596 -0.000646313 3.90823e-05 0.00361759 -0.00128073 -0.000914731 -0.00340296 0.00151689 0.0024557 -0.00741578
internal_weight=158126 30383 29406 28465 25057 941 473 3408 127743 8826 118917 9935 5464 4471 108982 24597 84385 977 8274 7059 1215 591 552 468
internal_count=158126 30383 29406 28465 25057 941 473 3408 127743 8826 118917 9935 5464 4471 108982 24597 84385 977 8274 7059 1215 591 552 468
is_linear=0
shrinkage=0.02


Tree=117
num_leaves=20
num_cat=0
split_feature=32 9 67 6 6 43 19 53 60 9 45 45 54 14 68 54 54 56 38
split_gain=15.9133 16.8488 16.1046 25.4228 21.628 21.2163 13.4551 12.9359 24.236 25.9749 21.2176 19.1752 22.1258 10.6496 22.3358 14.361 9.28515 8.62984 6.18882
threshold=0.32248816140126663 0.63788908549522649 0.86980700213986195 0.070717915228013475 0.039295345200480135 0.057674958098814406 1.7081905747563944 0.019586952087893923 0.75366882760136256 1.9328752616810945 0.014715592134374353 0.017195564800493179 0.60027756879472005 -0.22074147548304754 1.3591412137153638 0.45985602927661379 0.62128201999210197 0.98255177859596055 1.1680520604711078
decision_type=10 10 10 10 10 10 10 10 8 10 10 10 10 10 10 10 10 10 10
left_child=2 17 3 4 5 -1 -6 11 10 -10 -9 12 -4 -3 16 -16 -15 -2 -13
right_child=1 13 7 -5 6 -7 -8 8 9 -11 -12 18 -14 14 15 -17 -18 -19 -20
leaf_value=3.2026205777852042e-05 0.0079508285777172092 -0.0059494864605218068 -0.0004440892272654494 0.0096162846432646006 -0.00087467475686587844 0.0010504594331514896 -0.0033309405585044485 -0.0042375526940003081 0.0037884936135197428 -0.0024543269012367429 -7.7720586991523593e-05 -0.0057736607367319141 0.0014633941157363277 0.0089018636899932512 -0.0040511886878636504 0.0023744841393351884 0.0019590537512094125 0.0071093776367871465 -0.0015115733967348511
leaf_weight=120992 207 212 17581 303 3587 7741 409 952 400 327 589 284 2281 228 561 762 226 214 202
leaf_count=120992 207 212 17581 303 3587 7741 409 952 400 327 589 284 2281 228 561 762 226 214 202
internal_value=1.26408e-05 0.00162505 -1.23226e-05 7.15462e-05 5.82988e-05 0.000103298 -0.00139054 -0.000505726 -0.0019383 0.00106868 -0.00335798 -0.000345865 -0.00024961 0.000853266 0.00135996 4.38066e-05 0.00518242 0.00525592 -0.00426694
internal_weight=158058 2410 155648 133032 132729 128733 3996 22616 2268 727 1541 20348 19862 1989 1777 1323 454 421 486
internal_count=158058 2410 155648 133032 132729 128733 3996 22616 2268 727 1541 20348 19862 1989 1777 1323 454 421 486
is_linear=0
shrinkage=0.02


Tree=118
num_leaves=29
num_cat=0
split_feature=70 46 43 43 46 44 43 43 48 44 75 52 51 72 78 20 57 45 4 60 32 0 33 45 20 44 51 43
split_gain=15.3898 52.7271 56.0342 72.9669 44.497 41.3059 37.5053 42.7696 71.543 41.6131 30.0104 25.2551 28.7891 25.0418 17.1368 18.7109 17.9195 17.1857 17.0413 12.3523 12.1892 10.1924 10.1116 8.47643 7.42346 12.2842 10.4474 6.84794
threshold=-0.87428225671206927 0.0071743218066912407 0.015670882025268121 0.017122757766654843 0.0058169263451561199 0.048801836542329731 0.052023794148548304 -0.053124800089148654 -0.080661721708004772 -0.089159649383810533 0.74068058952144555 0.87837381916329293 0.84620509160123725 -0.80166656849413853 1.886259294010366 -0.090007963665283117 0.70637424090174339 0.053386703502384135 -0.18690598913568232 0.29184111412805475 0.12572508447483624 0.008335470893948373 -0.17664520872869857 0.014227904924871991 -0.014371571168503404 0.035014286716079875 0.75440093563198485 0.020680511330087418
decision_type=8 10 10 10 10 8 10 10 8 10 8 2 2 8 10 8 10 10 8 8 10 10 8 10 10 10 2 10
left_child=1 2 4 -4 13 -5 7 9 -9 -3 -6 12 -8 -1 15 19 24 18 -17 -2 21 -18 -19 -21 26 -26 -16 -22
right_child=14 6 3 5 10 -7 11 8 -10 -11 -12 -13 -14 -15 16 17 20 22 -20 23 27 -23 -24 -25 25 -27 -28 -29
leaf_value=-0.0033850229794408814 0.0069127194449789629 -0.0022812885874502736 0.0063206867119980905 -0.0013092836282644594 -0.00059069413763696206 0.0021302207708200275 0.0013875009924233753 -0.0047940634468125057 -0.0013804605346054101 0.0048570864791426718 0.0040484855654721614 0.0037787046258523885 -0.003527342946254093 -0.0010260357867905611 -0.0013700413112328837 0.0016462511263192717 0.00073163759187114686 7.9838340241783278e-05 4.8499046951872014e-05 0.0034203802780326132 0.0046577573197918521 -0.0025125901751174564 -0.0032467048992335886 -0.00060179206882320785 -0.00056146692354243409 -0.0031289227383927321 0.0017611833545824048 0.0018097219043465551
leaf_weight=752 245 402 378 1017 779 2361 799 821 7061 696 562 341 338 1077 951 4456 788 217 129234 797 205 363 369 482 780 1153 287 235
leaf_count=752 245 402 378 1017 779 2361 799 821 7061 696 562 341 338 1077 951 4456 788 217 129234 797 205 363 369 482 780 1153 287 235
internal_value=-6.82507e-06 -0.000568191 0.000785044 0.00243758 -0.0011725 0.00150281 -0.00146458 -0.00195056 -0.00246581 0.00174522 0.00159314 0.00148614 5.09666e-05 -0.00320109 6.25912e-05 0.000103961 -0.00111652 7.89264e-05 9.3933e-05 0.00230689 0.000614322 -0.000467014 -0.0033356 0.00151406 -0.0019855 -0.00276008 -0.000773204 0.00344218
internal_weight=157946 17384 6926 3756 3170 3378 10458 8980 7882 1098 1341 1478 1137 1829 140562 135800 4762 134276 133690 1524 1591 1151 586 1279 3171 1933 1238 440
internal_count=157946 17384 6926 3756 3170 3378 10458 8980 7882 1098 1341 1478 1137 1829 140562 135800 4762 134276 133690 1524 1591 1151 586 1279 3171 1933 1238 440
is_linear=0
shrinkage=0.02


Tree=119
num_leaves=21
num_cat=0
split_feature=66 40 7 47 32 43 6 46 43 14 32 52 45 45 61 34 69 27 29 46
split_gain=14.2696 15.1765 13.4182 29.0275 41.4517 37.7922 70.2983 34.6914 18.7238 32.0464 24.5792 23.8802 22.7783 18.6497 14.8708 12.832 12.429 6.17319 7.88366 3.06544
threshold=0.99369084475895642 -7.0873572985306849e-05 0.014575759294426897 -0.12747583129116555 -0.048886591077917201 -0.057004896860813108 0.014301352796985424 0.036016059464893356 0.05681796079759683 -0.095870449902268493 -0.22414548643421614 0.78744690560606601 0.014715592134374353 0.0081965139016101328 0.61481522956326995 0.0033795266138711192 -0.5440946623505748 -0.11344395507063597 3.3172270611070576 0.0077991396904174238
decision_type=10 10 10 8 10 8 8 10 10 8 8 2 10 10 10 10 8 10 10 10
left_child=2 19 3 4 15 6 -5 -7 10 11 16 -10 -12 -11 -6 -1 -4 -3 -19 -2
right_child=1 17 8 5 14 7 -8 -9 9 13 12 -13 -14 -15 -16 -17 -18 18 -20 -21
leaf_value=-0.0016512313677031572 -0.0050270920222287427 -0.0029289285510908946 0.0064924379699345062 0.0044719547229749431 -0.003367965414573668 -9.7416677829761277e-05 -0.00059447947421946402 -0.0033414527774269765 -0.001621928570429747 -0.00550257879106591 0.0013074848084142648 -0.0084253062934189337 -0.00068052837595764806 0.0027419870455747848 -0.0077674678333961942 0.0010846544146356418 -0.000155973897975583 0.0028335199074919835 -0.0014993054228821167 -0.0027328067664777723
leaf_weight=316 204 232 653 1377 200 133284 1719 410 908 258 11291 339 4416 914 200 327 216 216 235 232
leaf_count=316 204 232 653 1377 200 133284 1719 410 908 258 11291 339 4416 914 200 327 216 216 235 232
internal_value=-5.2283e-05 -0.00230179 -3.6205e-05 -0.000104894 -0.0034272 -7.95228e-05 0.00210462 -0.000130132 0.000462097 -0.00118099 0.000702057 -0.00341186 0.000520626 0.00119182 -0.00847382 -0.000276398 0.00397471 -0.000435673 0.000924779 -0.00521281
internal_weight=157947 1119 156828 137833 1043 136790 3096 133694 18995 2419 16576 1247 15707 1172 400 643 869 683 451 436
internal_count=157947 1119 156828 137833 1043 136790 3096 133694 18995 2419 16576 1247 15707 1172 400 643 869 683 451 436
is_linear=0
shrinkage=0.02


Tree=120
num_leaves=24
num_cat=0
split_feature=33 44 41 46 40 47 18 60 46 20 46 9 34 59 71 57 47 53 54 0 30 54 44
split_gain=17.9107 27.154 31.7752 26.6941 27.5594 23.0922 20.8291 20.1302 19.7996 18.8738 18.1284 14.3382 17.1927 14.3168 14.0145 11.9596 11.9473 11.8643 11.5618 11.4167 16.7327 15.6205 6.77418
threshold=0.15267833383724788 0.051015913869813197 0.032501961368657802 0.0072976106457494716 0.00083086104535701731 -0.15327845528716069 83.42153687882994 0.94050188118250755 0.013557143162633874 0.028004738957834122 0.0068321629575590235 -0.44381680235841231 1.6241978710204818e-05 0.30599465411031651 -0.058178917388959549 0.37956137678952184 -0.01635995931277506 0.01547478883257975 0.61427094393954118 -0.030752029086140494 0.80994940212015898 0.5475143567272901 0.067351241327204617
decision_type=10 8 10 10 10 10 10 8 10 10 10 8 10 10 10 8 8 10 8 8 10 10 8
left_child=6 5 3 10 -5 -2 11 8 -7 16 -3 12 22 -11 -4 -15 -8 -14 -18 21 -21 -13 -1
right_child=1 2 14 4 -6 7 9 -9 -10 13 -12 19 17 15 -16 -17 18 -19 -20 20 -22 -23 -24
leaf_value=0.001933033891436789 0.0027726463513618005 0.00063528135665270196 0.0082814622152330326 -0.0020631902073122983 0.004554800815244394 -0.0012495806079124555 -0.0014929550348923696 0.0080024498273773299 -0.004237055533900632 -0.0035665433427432038 0.0037667205577503384 -0.00042810806428047104 -0.00025362952008352009 -0.0038748823113822074 0.0022403677561035292 0.0013112340184889628 0.0018375665601019821 0.0029195248480624429 0.0043025626823158039 8.648581400942917e-06 -0.0011090106446571414 0.0017976903298013948 0.006896107312484908
leaf_weight=299 310 2227 220 2395 269 5094 253 200 1012 264 389 1931 1360 210 204 858 1928 560 207 130160 4342 3425 210
leaf_count=299 310 2227 220 2395 269 5094 253 200 1012 264 389 1931 1360 210 204 858 1928 560 207 130160 4342 3425 210
internal_value=8.45081e-06 -0.000723805 0.000287117 -0.000135959 -0.00154522 -0.00159559 7.02564e-05 -0.00185794 -0.00206288 0.00154743 0.00129843 3.16119e-05 0.00155473 -0.00035859 0.00554824 0.000671656 0.00261113 0.000686101 0.00309831 5.13374e-06 -3.09138e-05 0.000910584 0.00481961
internal_weight=158327 12320 5704 5280 2664 6616 146007 6306 6106 3720 2616 142287 2429 1332 424 1068 2388 1920 2135 139858 134502 5356 509
internal_count=158327 12320 5704 5280 2664 6616 146007 6306 6106 3720 2616 142287 2429 1332 424 1068 2388 1920 2135 139858 134502 5356 509
is_linear=0
shrinkage=0.02


Tree=121
num_leaves=19
num_cat=0
split_feature=39 0 44 5 37 31 38 28 30 33 57 50 72 57 44 57 50 30
split_gain=17.2719 17.3318 22.1939 28.0672 21.0946 21.3464 19.1758 16.519 13.9226 19.4841 15.2886 10.0136 9.8017 8.9817 8.93332 8.47174 7.85916 5.53889
threshold=-0.13985331144054278 -0.032353043915001982 -0.1588606586551711 0.018720087539042685 0.41501734328119139 0.014750273787000613 1.5277937895728757 -0.069282364915508807 0.80994940212015898 -0.0087658110910999159 0.016931235890636762 0.030296973199375857 1.171566571243899 0.479709466604261 -0.0060979626867422856 0.16419481539670075 -0.00036413462557566273 0.56066786706475835
decision_type=8 10 8 10 10 10 10 8 10 10 8 8 8 10 10 10 10 8
left_child=11 4 3 -3 7 15 -5 14 10 -10 -4 16 -13 -9 -2 -6 17 -1
right_child=1 2 8 6 5 -7 -8 13 9 -11 -12 12 -14 -15 -16 -17 -18 -19
leaf_value=0.00020048518963378678 0.0002366584872554605 -0.0060394695552518345 0.0028378900230142446 0.0030585995150817545 -0.0020386728286661375 0.0081395175219566747 -0.0027875634445391974 -0.0028555944800409084 -0.0013191561337984286 0.0017916338354553947 2.09494716542781e-06 -0.0025386104128066809 0.004074679138408561 2.2690151113529399e-05 0.0030980836248650418 0.0035251538493550785 -0.0062308285544691658 -0.0035147518336950045
leaf_weight=210 1533 203 1793 220 221 393 460 421 4146 778 144403 269 225 468 1412 474 284 244
leaf_count=210 1533 203 1793 220 221 393 460 421 4146 778 144403 269 225 468 1412 474 284 244
internal_value=-8.71281e-06 9.8008e-06 -2.80124e-05 -0.00318778 0.00117774 0.00363453 -0.00123054 0.00047927 -9.51555e-06 -0.00105543 2.5705e-05 -0.00236659 -0.000157576 -0.00190787 0.00120095 0.00152011 -0.00384032 -0.00219341
internal_weight=158157 156925 152003 883 4922 1088 680 3834 151120 4924 146196 1232 494 889 2945 695 738 454
internal_count=158157 156925 152003 883 4922 1088 680 3834 151120 4924 146196 1232 494 889 2945 695 738 454
is_linear=0
shrinkage=0.02


Tree=122
num_leaves=14
num_cat=0
split_feature=38 15 4 50 57 44 54 50 50 4 68 65 0
split_gain=12.9634 18.6525 14.3796 29.9627 14.2013 63.5586 106.916 62.7049 24.3141 17.9328 11.5438 11.9807 11.2447
threshold=1.6292706313043768 -0.10529160396431041 -0.30076636353637742 0.049603169445707647 0.60371526919832663 0.00083595413199644153 0.62375893356764867 0.013076173027836703 0.11198429954846724 0.0011813898209219744 -1.0543322603092358 0.012806844896397137 -0.0089271254493347701
decision_type=10 10 8 10 10 10 10 10 10 10 10 10 10
left_child=2 -2 3 10 8 7 -7 -6 9 -4 11 -1 -12
right_child=1 -3 4 -5 5 6 -8 -9 -10 -11 12 -13 -14
leaf_value=-0.0021495539333811955 0.0020873160293937926 -0.0036653868213980157 0.00014352330805959368 0.0076695928994362289 -0.00028558011611397511 0.00031450687371040094 0.0038011923491342177 -0.0034545698612457173 -0.0043058522040523252 -0.00032625740577493524 0.00081750375159849299 0.0042973466664071053 -0.0063314873973443356
leaf_weight=235 206 387 49928 260 9878 44351 2433 2119 233 47327 226 703 201
leaf_count=235 206 387 49928 260 9878 44351 2433 2119 233 47327 226 703 201
internal_value=2.30806e-05 -0.00292593 3.41873e-05 0.00190529 1.47053e-05 0.00026025 0.00059331 -0.00103834 -0.000133328 -0.000117813 0.000715959 0.0019574 -0.00200467
internal_weight=158487 593 157894 1625 156269 58781 46784 11997 97488 97255 1365 938 427
internal_count=158487 593 157894 1625 156269 58781 46784 11997 97488 97255 1365 938 427
is_linear=0
shrinkage=0.02


Tree=123
num_leaves=20
num_cat=0
split_feature=57 32 16 32 48 25 70 49 6 46 53 32 53 70 48 16 10 31 2
split_gain=19.7826 18.049 20.7574 21.7651 21.6954 17.0962 13.9663 26.619 14.4298 11.3057 20.5276 14.1086 13.4673 12.8502 9.90732 8.86394 8.02505 6.93737 5.77706
threshold=0.97080288796103009 0.35371105579485496 0.077584176301046318 -0.24621384492139956 -0.084044817865865859 -0.84288650658331044 -1.2417227077992512 -0.016455705772573045 0.010723025472992873 0.013090617864817838 0.017526162584594687 0.17195306561387172 0.013617060081730194 0.42531180444554212 -0.0031359207128864859 0.13122639593438726 0.94861021951754065 -0.047968311897734754 0.11548070112826271
decision_type=10 10 10 8 10 10 8 10 8 10 10 10 10 10 10 8 10 10 10
left_child=1 2 6 18 -5 -3 7 -1 -8 10 12 -11 14 -14 -2 17 -12 -7 -4
right_child=9 5 3 4 -6 15 8 -9 -10 11 16 -13 13 -15 -16 -17 -18 -19 -20
leaf_value=-0.0046356202818183447 -0.0014388458669201242 0.0081362194681500397 0.0028126961628159998 -0.0026270236314882927 -0.00055755406257783314 0.0038096027826799118 0.00036845403646636838 -0.00039965261929779606 -5.1669510407131758e-05 0.0022643777504196766 -0.00050061569784480813 0.0082530812024463277 0.0038818450048631746 0.0022162951562691795 0.002419016398319446 -0.0022891478469457614 -0.0082988735299177226 0.00091414767186433991 0.0061090912836500701
leaf_weight=403 1031 261 239 1269 16794 201 28067 1875 103488 340 200 201 670 1037 715 248 262 452 248
leaf_count=403 1031 261 239 1269 16794 201 28067 1875 103488 340 200 201 670 1037 715 248 262 452 248
internal_value=-3.65818e-06 -4.17985e-05 -6.07544e-05 -0.000687726 -0.000800376 0.00244024 2.61369e-05 -0.00152611 5.30421e-05 0.00130985 0.000934116 0.00401845 0.00146439 0.00272717 0.000227819 0.0011286 -0.00301944 0.00235168 0.00347951
internal_weight=158001 153545 152383 18550 18063 1162 133833 2278 131555 4456 3915 541 3453 1707 1746 901 462 653 487
internal_count=158001 153545 152383 18550 18063 1162 133833 2278 131555 4456 3915 541 3453 1707 1746 901 462 653 487
is_linear=0
shrinkage=0.02


Tree=124
num_leaves=18
num_cat=0
split_feature=78 17 46 6 10 67 18 54 46 52 34 10 52 59 58 40 8
split_gain=20.8798 17.117 19.5592 18.6601 15.0335 13.5428 26.0527 22.2126 24.5772 19.3444 16.4717 8.55229 11.6676 13.4541 12.2029 7.40859 6.15135
threshold=2.2522849675092065 -2.0499401959307448 0.0067549900937260024 0.014073893259356681 0.8800813896722004 0.072147989880732635 63.25405891575128 0.24510757149693599 0.0071743218066912407 0.87741425241425253 0.0014016773412283889 1.6568979562673891 0.76005008063831603 0.44467863012481684 0.90986224705554208 -0.0014825631025037055 0.020516410197288389
decision_type=10 2 10 8 10 8 10 8 10 2 10 10 2 10 10 10 10
left_child=1 2 -1 -4 -5 6 9 -7 -9 -3 -8 12 13 -2 -14 -15 -16
right_child=11 5 3 4 -6 7 10 8 -10 -11 -12 -13 14 15 16 -17 -18
leaf_value=-0.002504900326703766 -0.0040823381405143497 -1.4021287510754405e-05 0.0059999434650705478 -0.0013745562881019343 0.0032925328599422918 -0.0050747164526640607 0.0012811306142914542 0.00020846454101976629 -0.00041759388623809957 0.0015970222904558326 -0.00011915636206312308 -0.0056357497663688258 0.0031814520438805316 -0.0043671634585058829 -0.0037456766695533068 -0.00080393721070137715 0.0014298529323456971
leaf_weight=336 222 70873 204 319 925 352 7038 31728 38756 2636 2525 220 225 245 226 1053 233
leaf_count=336 222 70873 204 319 925 352 7038 31728 38756 2636 2525 220 225 245 226 1053 233
internal_value=-5.0469e-06 2.36234e-05 0.00197087 0.00297999 0.00205462 1.02658e-06 0.00017428 -0.000202126 -0.000177031 4.64971e-05 0.00115621 -0.0018466 -0.00146848 -0.00244444 0.00069781 -0.00166128 -0.00116957
internal_weight=158116 155692 1784 1448 1244 153908 83072 70836 70484 73509 9563 2424 2204 1520 684 1298 459
internal_count=158116 155692 1784 1448 1244 153908 83072 70836 70484 73509 9563 2424 2204 1520 684 1298 459
is_linear=0
shrinkage=0.02


Tree=125
num_leaves=28
num_cat=0
split_feature=57 44 46 36 41 10 50 46 48 16 51 25 42 6 44 53 10 46 69 28 42 44 76 46 17 20 14
split_gain=15.728 35.0542 50.2038 44.1248 46.7078 34.0414 41.7611 46.302 26.5312 24.2203 24.0791 21.7118 20.2343 25.5108 39.0031 26.8398 19.4169 30.7336 15.5997 20.1385 15.2104 15.0467 14.8649 13.0796 12.8985 12.0853 8.20365
threshold=0.80490309009866301 0.00083595413199644153 0.020108717395592213 -0.051695132375731888 0.026653010398889235 1.117725680589744 -0.031568550894966178 0.011835908005302669 -0.021151165086339404 0.11085596292207546 0.42241235159690099 -0.72487809149670213 0.0065143588825852259 0.018709703744029294 0.05603509247644068 0.012924722733100054 -1.0000000180025095e-35 0.0074111319495166151 -0.82247319162371979 -0.048512905422073864 0.010309072480018335 0.056365980722288829 -0.59847415137181537 0.012339698768921504 -0.23491989152869522 0.020568278454123793 -0.030532234142777667
decision_type=10 10 10 10 10 10 10 10 10 10 2 8 10 10 10 10 8 10 8 8 10 10 8 10 2 10 10
left_child=9 5 3 8 -5 6 7 -2 -3 12 -8 20 13 14 -1 -15 17 -14 21 -20 -11 -13 -18 24 -7 -25 -22
right_child=1 2 -4 4 -6 23 10 -9 -10 11 -12 18 16 15 -16 -17 22 -19 19 -21 26 -23 -24 25 -26 -27 -28
leaf_value=-0.00017442170354122345 0.0031473651329198098 0.002526105423604332 0.0098257699299540719 0.0010872017299204961 -0.0019983068882809081 0.0027035379244790816 -0.0060261408190408006 -0.0020519934349189084 -0.0053087946818141931 -0.0028079067453868423 -0.0025188510846005964 -0.0024780708576988757 0.0037298002040266308 0.0036706690187353948 -0.0014160887315162859 0.00010321702980847197 0.00065138236950880652 -0.0031532055200219956 0.00389550123810692 -0.002195424180088174 -0.00078753469162127696 -0.010871467683867873 -2.307363918375084e-05 0.0047162828740531229 -0.0013446934902536102 0.00043011793802366291 0.0024659992839873544
leaf_weight=36824 813 227 233 20013 1639 313 511 1110 1042 295 1823 220 909 1986 9855 11095 16283 267 277 2693 222 282 46990 415 701 272 629
leaf_count=36824 813 227 233 20013 1639 313 511 1110 1042 295 1823 220 909 1986 9855 11095 16283 267 277 2693 222 282 46990 415 701 272 629
internal_value=1.88679e-06 0.000421736 0.000773829 0.000679609 0.000892163 -0.000946132 -0.00190183 0.000279626 -0.00294331 -9.29767e-05 -0.00369936 -0.00151505 -4.00773e-05 -0.000305182 -0.00052395 0.00047531 0.00020571 0.00275106 -0.00230291 -0.00174958 0.000870096 -0.00556262 0.000158327 0.00144418 0 0.00357267 0.0022277
internal_weight=157939 29112 23154 22921 21652 5958 4257 1923 1269 128827 2334 4618 124209 59760 46679 13081 64449 1176 3472 2970 1146 502 63273 1701 1014 687 851
internal_count=157939 29112 23154 22921 21652 5958 4257 1923 1269 128827 2334 4618 124209 59760 46679 13081 64449 1176 3472 2970 1146 502 63273 1701 1014 687 851
is_linear=0
shrinkage=0.02


Tree=126
num_leaves=18
num_cat=0
split_feature=34 17 46 6 45 14 4 48 37 6 5 2 44 10 22 44 36
split_gain=17.5295 17.5228 21.1853 17.9514 16.0856 50.9454 27.6453 44.976 31.6915 22.2172 15.4195 15.1659 14.1972 12.8664 12.7387 30.497 14.3662
threshold=-0.00020569820466724567 -2.0499401959307448 0.0067549900937260024 0.01508774567624154 0.0044089297127562063 -0.063109573155590001 -0.065904585637425281 -0.10872575593379601 0.19566772068406182 0.011157502156012848 0.053312064010443951 0.088563444345891154 0.040677473588450981 0.8800813896722004 0.066682587376429583 0.10410270243662935 0.025729236183810438
decision_type=8 2 10 8 8 8 8 8 10 10 10 10 10 10 8 10 10
left_child=10 2 -2 -4 5 12 8 -8 -6 -7 11 14 -3 -5 16 -16 -1
right_child=1 4 3 13 6 9 7 -9 -10 -11 -12 -13 -14 -15 15 -17 -18
leaf_value=0.00077368364836782183 -0.0029183946733626755 -0.0050286266485641004 0.0055894069076878007 -0.0020153511672806653 -5.6541751209749148e-08 0.0011299760872486336 -0.0027121448619813649 -0.00021826773402826489 0.001798442749175253 9.6106037433690768e-05 -0.0033002280901216485 0.0058419984727978791 -0.0011508363692925205 0.0025641048926114745 -0.001343992096724212 0.0040826010497068055 0.0027052501551926441
leaf_weight=5363 321 877 288 276 15156 10948 1763 97230 5885 13165 324 370 2042 829 1972 334 1023
leaf_count=5363 321 877 288 276 15156 10948 1763 97230 5885 13165 324 370 2042 829 1972 334 1023
internal_value=9.98944e-07 -5.18749e-05 0.00195802 0.00302582 -7.53262e-05 0.000365405 -0.000174599 -0.000314544 0.000483699 0.000667579 0.000839246 0.000992828 -0.00212945 0.00186076 0.000823421 -0.000449935 0.00128354
internal_weight=158166 148780 1714 1393 147066 27032 120034 98993 21041 24113 9386 9062 2919 1105 8692 2306 6386
internal_count=158166 148780 1714 1393 147066 27032 120034 98993 21041 24113 9386 9062 2919 1105 8692 2306 6386
is_linear=0
shrinkage=0.02


Tree=127
num_leaves=27
num_cat=0
split_feature=0 54 54 37 9 49 48 7 6 69 46 54 56 13 50 22 19 5 44 44 14 14 52 66 66 24
split_gain=15.6239 19.887 28.7459 24.2171 14.4529 27.9664 21.6216 18.8169 18.2233 15.7871 14.1243 13.8791 18.748 18.6106 18.9585 13.0649 12.5273 17.457 15.0384 14.1074 49.4677 20.3983 10.8988 9.49376 9.32991 4.38429
threshold=-0.029326788012918489 0.57514222579460672 0.58606054304804067 0.50399594939453363 -0.26552305515814395 0.0033827858473303167 -0.0073846617464048405 0.0074830235499628106 0.012183636868441422 0.15851907200757256 0.011835908005302669 0.41303872162117189 0.26000017728846164 0.044280205134093149 0.037965003289028749 -0.039677528759261664 -2.1238663735299004 0.0082493056539533448 0.095771384149618291 0.11770524752808344 -0.21142568619244292 -0.25424008393302394 0.38345240073101849 0.6852625232198829 0.1886601094569253 1.4635513329913936
decision_type=10 10 10 10 8 10 8 10 10 10 10 8 8 8 8 8 8 10 10 10 8 8 2 10 10 8
left_child=1 11 15 10 5 7 8 -2 -7 -8 -4 12 -1 22 -15 -3 17 24 -19 21 -21 -18 -13 -14 -6 -17
right_child=4 2 3 -5 16 6 9 -9 -10 -11 -12 13 23 14 -16 25 19 18 -20 20 -22 -23 -24 -25 -26 -27
leaf_value=-0.0011182469166558043 -0.0053654113937299727 0.0092218466014805482 -0.0028230785354319055 0.0071979743869482575 -0.0012086855799816661 0.0076737704050259129 6.750236203490766e-05 0.0011663022472658685 0.0032119726984428548 0.0035682689192715125 0.0010385242435031672 -0.0021498287055371369 0.0067176549453880656 -0.0042233781787733163 0.0011523548397561556 0.0064430668606587707 0.0021514626920081529 -0.0007479125345871998 0.0045006919391334102 -0.0049108553155997013 -0.00022868140968520774 7.8392293635071167e-07 0.0024246301384100596 0.002109901812490289 -0.0039596584849191851 0.0010193187916193564
leaf_weight=274 374 279 473 317 208 216 1751 373 350 770 1533 496 229 692 284 218 2919 3467 208 881 7959 131757 1035 214 331 211
leaf_count=274 374 279 473 317 208 216 1751 373 350 770 1533 496 229 692 284 218 2919 3467 208 881 7959 131757 1035 214 331 211
internal_value=2.72336e-05 0.00100671 0.00216953 0.00109208 -1.31825e-05 0.00119896 0.00203951 -0.00227005 0.00556966 0.00124425 0.000278027 -8.62016e-05 0.0023649 -0.000788676 -0.00294575 0.00569535 -4.46623e-05 -0.00111934 -0.000625136 -1.30856e-05 -0.000787015 3.7705e-05 0.000586162 0.00490541 -0.00447778 0.00348372
internal_weight=157819 6255 3031 2323 151564 3834 3087 747 566 2521 2006 3224 717 2507 976 708 147730 4214 3675 143516 8840 134676 1531 443 539 429
internal_count=157819 6255 3031 2323 151564 3834 3087 747 566 2521 2006 3224 717 2507 976 708 147730 4214 3675 143516 8840 134676 1531 443 539 429
is_linear=0
shrinkage=0.02


Tree=128
num_leaves=27
num_cat=0
split_feature=69 44 46 52 60 44 48 41 44 6 47 26 50 44 44 44 5 48 29 69 42 46 65 17 9 26
split_gain=16.4316 51.764 63.6948 60.1076 69.9939 43.3563 50.3733 41.413 44.4495 36.8036 34.4833 31.6389 30.8422 30.7689 30.6327 45.2017 27.7097 26.0475 33.2075 29.545 24.7598 24.0252 22.0352 20.4709 14.3935 10.2008
threshold=-0.016548956142339307 0.00083595413199644153 0.016394563203530752 0.61515640900845103 0.34755447501170111 0.00083595413199644153 -0.034075730639950667 0.014204865160563964 0.025404107317105188 0.054967886072152423 -0.031183509242844461 0.40324583832656008 -0.018858606150425668 0.039895235558165883 -0.031313881838822215 -0.050410923913992538 0.011356015094218042 -0.020992524107077744 -0.28951482988653043 -1.1092546317771612 0.0082459995045206531 0.013694326666450006 0.33190116665436026 -0.19995539900928583 0.60776232080584747 1.1137243216114092
decision_type=10 10 10 2 10 8 8 10 10 10 8 10 10 10 10 10 10 10 10 10 8 10 10 2 10 10
left_child=5 3 7 14 21 11 9 8 -3 12 23 -1 -7 -9 15 -2 -16 19 -19 -13 -12 -5 -6 -8 -4 -26
right_child=1 2 24 4 22 6 10 13 -10 -11 20 17 -14 -15 16 -17 -18 18 -20 -21 -22 -23 -24 -25 25 -27
leaf_value=-0.0051626758862711722 -0.00035090666537855044 0.0018907200118150694 0.0091144412061384579 -0.0030121938050718723 0.0032237034346441085 0.0020391698286417693 -0.00077352759793399397 -0.0017437263141219178 0.0003492042381680817 -0.013002639999061066 -0.00063250551139126007 0.0024583021318396571 -0.0018601731849197153 3.6552598518558389e-05 -0.0027068154907131082 0.002856562590360206 -0.00039645436637463822 0.0052483899332170705 0.00024095466329837595 6.9622793165657006e-05 8.0178304268949517e-05 -0.0063496617264216307 -0.001753824788092383 0.0077781413972581315 0.00085349894402581158 0.0048550998462848216
leaf_weight=342 5594 7891 248 466 316 750 201 3854 33404 251 27066 3294 6741 9812 1511 2422 3098 936 794 10416 35618 792 1124 407 292 330
leaf_count=342 5594 7891 248 466 316 750 201 3854 33404 251 27066 3294 6741 9812 1511 2422 3098 936 794 10416 35618 792 1124 407 292 330
internal_value=1.75982e-06 0.000227082 0.000509708 -0.000802532 -0.00351167 -0.00018289 -0.000393581 0.000424621 0.000740459 -0.00191631 -0.000207258 0.000765254 -0.00166284 -0.000529597 -0.00022319 0.000523637 -0.00152234 0.000898776 0.00321086 0.000606666 -0.000253298 -0.00695631 -0.000498265 0.00452874 0.005876 0.00423435
internal_weight=157970 71154 55831 15323 2698 86816 71034 54961 41295 7742 63292 15782 7491 13666 12625 8016 4609 15440 1730 13710 62684 1258 1440 608 870 622
internal_count=157970 71154 55831 15323 2698 86816 71034 54961 41295 7742 63292 15782 7491 13666 12625 8016 4609 15440 1730 13710 62684 1258 1440 608 870 622
is_linear=0
shrinkage=0.02


Tree=129
num_leaves=23
num_cat=0
split_feature=69 30 51 66 30 60 30 46 19 14 50 14 28 54 26 53 46 53 54 46 16 28
split_gain=15.2933 14.2268 14.1984 19.4285 17.7296 14.3373 12.6627 16.2439 30.0469 16.9556 13.7455 23.4299 18.0969 11.8823 26.1631 19.5723 10.7371 19.6261 8.52205 26.3177 7.00482 6.07608
threshold=1.5860117299816829 0.8035890858151129 0.79809273413924597 0.95914193898418276 0.84302703351648045 0.11278211104444548 0.5311924963882545 0.0049488410761871398 -1.8382162944874401 0.53260261597366254 0.031376221355093999 0.35133107827030913 -0.31915462836768427 0.65574680014672626 0.96846860513792044 0.017588129546428539 0.010818978914666277 0.015066937119941589 0.5772039428110014 0.010035229406243937 -0.039876911932748053 -0.019171566484677934
decision_type=10 10 2 10 10 10 10 8 10 10 10 10 10 10 10 10 10 10 10 10 8 10
left_child=1 6 3 4 -3 -5 10 8 -8 -9 11 -1 -12 15 -15 16 17 -2 19 -17 -4 -18
right_child=13 2 20 5 -6 -7 7 9 -10 -11 12 -13 -14 14 -16 18 21 -19 -20 -21 -22 -23
leaf_value=-0.0002526749333597578 0.00086683416306390149 -0.0015426489349617566 0.0039710962835226094 0.0016229416168470556 0.00082951266709234449 -0.0034172988093677738 -0.0020679270862674422 4.7403074750650629e-05 0.0011860341898792142 0.0038385542582265266 0.0065012061330987627 -0.0026901154796619424 0.0001360326656034487 0.0070531546236677458 -0.00095947708243452419 -0.0062354851718434837 -0.0040686354958457292 0.0039994738368374074 -0.0057128769304477592 0.0047170330236738847 0.00014996320506353359 0.00054948130113633168
leaf_weight=36541 4268 2472 210 200 1850 1128 1055 72456 10557 610 224 1399 21441 357 264 414 262 1264 270 242 250 251
leaf_count=36541 4268 2472 210 200 1850 1128 1055 72456 10557 610 224 1399 21441 357 264 414 262 1264 270 242 250 251
internal_value=4.06239e-05 -3.57727e-06 -0.000948781 -0.00122421 -0.000573213 -0.00333935 3.6442e-05 0.000193649 0.000888487 8.31839e-05 -0.00018686 -0.000416383 0.000214991 0.00091637 0.00356592 0.000679575 0.00109461 0.00135153 -0.00202589 -0.000788432 0.00242516 -0.00166926
internal_weight=157985 150393 6110 5650 4322 1328 144283 84678 11612 73066 59605 37940 21665 7592 621 6971 6045 5532 926 656 460 513
internal_count=157985 150393 6110 5650 4322 1328 144283 84678 11612 73066 59605 37940 21665 7592 621 6971 6045 5532 926 656 460 513
is_linear=0
shrinkage=0.02


Tree=130
num_leaves=22
num_cat=0
split_feature=78 9 49 5 72 17 46 6 67 53 18 57 54 47 52 58 58 47 18 38 20
split_gain=13.9686 19.1708 15.5429 26.8758 18.6884 12.6929 19.7168 13.3252 12.0687 29.6207 25.0585 11.4067 10.7115 9.94645 7.517 13.7676 13.0883 8.81156 6.17236 4.99685 3.00814
threshold=2.2522849675092065 -0.44381680235841231 0.0091919111238235613 0.011904098251775238 -1.565562445942416 -2.0499401959307448 0.0067549900937260024 0.01508774567624154 0.10472095872879782 0.011202884930543821 68.590519034626013 0.053069890376532786 0.48983028942618301 -0.0011925195451574775 0.76005008063831603 0.90986224705554208 0.87090053763440867 -0.0067357388243423624 38.641056647237718 1.0208722548773592 -0.0007095244568481317
decision_type=10 8 10 10 8 2 10 8 10 10 10 10 10 10 2 10 10 10 8 10 10
left_child=1 2 3 -1 13 6 -3 -8 10 -10 -7 18 -6 -4 16 -16 -13 -18 -2 -5 -17
right_child=11 5 4 19 12 8 7 -9 9 -11 -12 14 -14 -15 15 20 17 -19 -20 -21 -22
leaf_value=-0.0046875231750451518 -0.0020382994545709858 -0.0028870278881242516 0.0067176181941236155 2.0206617396363037e-05 6.1828095396761554e-05 7.4751310844331926e-05 0.0046404383880627714 0.001803289948345932 0.0014334822995777732 -0.00021765387501645876 0.0011207422324604722 -0.0045588420069929726 0.005494098263713121 0.0023344396793156075 0.0029036962095822954 0.0005206547936388486 0.00087739168996716385 -0.0018318271268462616 -0.0064820357852941003 0.0034575604398905712 -0.0027800501670610838
leaf_weight=323 202 300 236 217 745 80465 289 1148 3627 62258 5345 258 260 308 206 202 637 515 211 316 201
leaf_count=323 202 300 236 217 745 80465 289 1148 3627 62258 5345 258 260 308 206 202 637 515 211 316 201
internal_value=4.13092e-05 6.47981e-05 0.00183624 -0.000324387 0.00303097 3.70064e-05 0.00173648 0.00271071 1.75219e-05 -0.000186049 0.000173847 -0.00146239 0.00140954 0.00601468 -0.000840594 0.00101311 -0.00164281 -0.0007268 -0.00448792 0.00243071 -0.00113366
internal_weight=158269 155837 2405 856 1549 153432 1737 1437 151695 65885 85810 2432 1005 544 2019 609 1410 1152 413 533 403
internal_count=158269 155837 2405 856 1549 153432 1737 1437 151695 65885 85810 2432 1005 544 2019 609 1410 1152 413 533 403
is_linear=0
shrinkage=0.02


Tree=131
num_leaves=21
num_cat=0
split_feature=32 14 0 54 48 6 54 31 22 38 33 41 7 46 54 16 46 72 16 1
split_gain=13.8779 22.6517 13.7897 20.1378 25.419 28.8184 16.948 21.1448 18.024 15.4579 14.2606 20.0525 15.8623 13.7299 18.7134 34.0414 20.5101 11.8049 7.65745 9.7329
threshold=0.32248816140126663 -0.28372556486100187 -0.030752029086140494 0.5053365038675085 -0.069558997314310964 0.012235284656485343 0.41303872162117189 -0.012729124000938561 -0.10200090442555486 1.6292706313043768 0.14734579120385247 0.032236937256637239 0.005767214898669268 0.0097516897359892756 0.42420217806967242 0.097347487541796798 0.0090394282231521846 0.80016819673579131 0.070516144767149749 0.032186474290189955
decision_type=10 10 8 10 8 10 8 10 10 10 10 10 8 10 10 10 8 10 10 10
left_child=2 -2 3 6 17 -6 7 -1 -8 10 12 -12 -4 14 15 -3 -16 -5 -15 -20
right_child=1 13 9 4 5 -7 8 -9 -10 -11 11 -13 -14 18 16 -17 -18 -19 19 -21
leaf_value=0.0048507034378106459 -0.0079340916479749089 0.010750792223388005 0.00029995162249703028 0.0010262562175375354 -0.0018416011071007072 0.0050882386618960364 0.0010448077532854685 -0.0010999313099816534 -0.0044382369027387977 -0.0032884188234028324 -0.00067703330542459117 0.0023173210251704107 -8.4754044713952276e-05 0.0014687986869503808 0.00097046017285270755 -0.0020855499656347821 -0.0091115823631723585 -0.0019461090454479771 0.0071293710599516988 0.0026656713334339962
leaf_weight=318 212 273 42463 1255 246 1631 458 264 621 388 11493 910 94858 340 453 245 220 625 413 256
leaf_count=318 212 273 42463 1255 246 1631 458 264 621 388 11493 910 94858 340 453 245 220 625 413 256
internal_value=3.56964e-05 0.00154082 1.23319e-05 0.00100351 0.00181426 0.00346006 -0.000829122 0.00191767 -0.00231296 -2.34357e-05 -1.30773e-05 -0.000662528 4.55717e-05 0.00214357 0.000686242 0.00354143 -0.00151039 0.000169059 0.00385941 0.00510149
internal_weight=157942 2412 155530 5418 3757 1877 1661 582 1079 150112 149724 12403 137321 2200 1191 518 673 1880 1009 669
internal_count=157942 2412 155530 5418 3757 1877 1661 582 1079 150112 149724 12403 137321 2200 1191 518 673 1880 1009 669
is_linear=0
shrinkage=0.02


Tree=132
num_leaves=28
num_cat=0
split_feature=69 41 44 53 45 53 45 7 54 54 6 54 26 44 48 43 6 69 37 45 48 78 52 53 53 22 18
split_gain=16.3538 43.4522 56.1474 44.6725 71.9466 46.1659 41.5669 82.1936 48.0706 36.9123 83.7921 71.4822 32.0961 29.9387 59.1954 71.7618 38.6385 36.9372 29.3327 28.3068 26.2423 26.1026 24.83 22.7614 21.9551 20.6932 18.3724
threshold=0.073917795364508904 0.026653010398889235 0.097286830999414278 0.013617060081730194 0.0042638229464741677 0.013305200395819812 0.011930572666758116 0.0089796516493254718 0.59844722048332744 0.57514222579460672 0.012847975854766684 0.58120763267692632 0.83690855975215439 0.00083595413199644153 -0.034075730639950667 -0.053124800089148654 0.04482431517779429 -0.8103116461440566 0.019385631451172673 0.014553915957230748 -0.022412187576179961 -2.0389498709535991 0.61515640900845103 0.018430910761229057 0.018028783666494241 -0.24907056864409285 31.110202831594076
decision_type=10 10 10 10 10 10 10 10 10 10 10 10 8 10 8 10 10 8 10 10 10 8 2 10 10 10 8
left_child=13 3 6 4 12 -6 8 -8 -3 10 -5 -11 -2 17 15 -15 -17 22 -4 23 21 -19 24 -16 -1 -24 -22
right_child=1 2 18 9 5 -7 7 -9 -10 11 -12 -13 -14 14 19 16 -18 20 -20 -21 26 -23 25 -25 -26 -27 -28
leaf_value=0.0022562681606570867 0.0029983715547804578 -0.0017577151428464837 0.0073123255338974381 0.0024370573675182527 -0.00049883816693749913 -0.0038880956520338872 -0.0075066340660059272 -0.0018021617238555159 0.0024109509313679218 -0.0040238784264200753 0.00047153590326514652 0.00040481356445365923 0.00033198943809240473 0.0093510767351229346 -0.0002699918536433128 -0.0017434676704176288 -0.0070645746869886453 -0.0045387117110732237 -0.0008916218846853187 0.0073343208143560809 0.0056225749494915678 -0.00015806976657245324 0.0097198440076999588 0.0010076120642444457 -0.00090793059680219419 0.0038751527156002507 0.0014915659150765779
leaf_weight=3132 2725 2304 356 7127 15735 1841 484 1608 1036 1172 14500 11135 4657 206 58300 7541 526 216 249 202 250 14448 232 4565 1506 761 1463
leaf_count=3132 2725 2304 356 7127 15735 1841 484 1608 1036 1172 14500 11135 4657 206 58300 7541 526 216 249 202 250 14448 232 4565 1506 761 1463
internal_value=-1.55296e-05 0.000228215 -0.00138755 0.000393901 -0.000248327 -0.000944302 -0.00203166 -0.00424176 -0.000645914 0.000866303 0.00136388 -7.9623e-06 0.00140837 -0.00018509 -0.000384043 -0.00197462 -0.00227293 0.000459721 0.00438614 -0.000175335 -2.06374e-05 -0.000294443 0.00185689 -0.00019944 0.00124122 0.00472636 0.00232089
internal_weight=158277 64929 6037 58892 24958 17576 5432 2092 3340 33934 21627 12307 7382 93348 71340 8273 8067 22008 605 63067 16377 14664 5631 62865 4638 993 1713
internal_count=158277 64929 6037 58892 24958 17576 5432 2092 3340 33934 21627 12307 7382 93348 71340 8273 8067 22008 605 63067 16377 14664 5631 62865 4638 993 1713
is_linear=0
shrinkage=0.02


Tree=133
num_leaves=25
num_cat=0
split_feature=32 44 14 44 6 20 14 9 44 6 50 14 48 48 45 41 36 53 48 52 75 14 46 21
split_gain=13.747 34.9981 34.1975 31.5288 29.5982 27.724 25.1403 32.5364 29.2073 24.8795 21.0079 54.0559 16.0111 15.3298 17.5044 14.6713 18.4709 14.1212 13.7206 13.3165 13.282 11.4533 10.2584 7.92379
threshold=0.21128816567500777 0.10184831294004694 -0.28372556486100187 0.12426041513643817 0.01094027435806713 -0.011373569065206033 -0.18776368615216063 1.7740834498376821 0.15576978428121704 0.060421667068357159 0.071921925095346353 -0.15280161575004478 -0.012513913727462909 -0.022926854672786264 0.0063824696578018746 0.016066272946949293 -0.19641039704367688 0.014833287004906749 -0.0082937591925366632 0.85552616108171675 -0.33186546214252521 0.44883151252855108 0.0090671738904043089 -0.021566087469876313
decision_type=10 10 8 10 8 10 8 10 10 10 10 10 10 10 10 10 10 10 10 2 10 10 10 10
left_child=3 12 -3 9 -5 20 7 -6 -8 10 19 -12 13 21 -15 23 -17 -7 -14 -1 -4 -2 -20 -11
right_child=1 2 5 4 6 17 8 -9 -10 15 11 -13 18 14 -16 16 -18 -19 22 -21 -22 -23 -24 -25
leaf_value=-3.2805243383806431e-05 -0.0010982861621816123 -0.0062271197626382621 0.011286654873171877 -0.0044415979428340654 -0.0011325246979129679 -0.00048106195494832026 -0.0011853392664844642 -0.011646527606425917 0.0012444445306083697 -0.0021475243932213197 0.0034402501619185078 -0.0035776805327007535 0.0063137168718953038 -0.0078674397947666036 -0.0016312723580295214 0.012870005375228769 0.0022313169565170571 0.0030844331852198869 0.001099076883268164 0.00061621519868559048 0.003639509434519217 0.0028182558836885919 -0.0034919913871403001 0.0048903024490430901
leaf_weight=134308 855 262 406 362 566 532 3010 250 1329 206 228 639 227 386 525 225 292 1297 1892 8730 553 454 378 201
leaf_count=134308 855 262 406 362 566 532 3010 250 1329 206 228 639 227 386 525 225 292 1297 1892 8730 553 454 378 201
internal_value=6.19806e-07 0.000821061 0.00249033 -4.17567e-05 -0.00152555 0.00314019 -0.00113615 -0.00435496 -0.000529493 1.47621e-05 -6.24018e-06 -0.00310829 -0.00025816 -0.00149392 -0.00348465 0.00328432 0.00551737 0.0016929 0.000839872 1.257e-05 0.00589375 -0.000105344 0.000369 0.000436275
internal_weight=158113 7767 3050 150346 5517 2788 5155 816 4339 144829 143905 867 4717 2220 911 924 517 1829 2497 143038 959 1309 2270 407
internal_count=158113 7767 3050 150346 5517 2788 5155 816 4339 144829 143905 867 4717 2220 911 924 517 1829 2497 143038 959 1309 2270 407
is_linear=0
shrinkage=0.02


Tree=134
num_leaves=11
num_cat=0
split_feature=39 50 28 45 46 54 53 6 35 54
split_gain=12.7521 18.6329 15.3415 22.3912 35.0676 23.3271 21.6947 57.4259 16.761 9.00784
threshold=-0.17818061665530646 0.11198429954846724 -0.19869186530094993 0.017937732423117535 0.011667000111237062 0.79494434148730142 0.020765563179641202 0.014693879811465435 -0.15114556791267997 0.68686325633828671
decision_type=8 10 8 10 10 10 10 8 8 10
left_child=9 2 3 4 -2 -5 8 -8 -4 -1
right_child=1 -3 6 5 -6 -7 7 -9 -10 -11
leaf_value=-0.0003195461330817065 0.00059527475577259741 0.0033383836880620764 -0.0029664725196507382 -0.0025275061692772403 0.0044534327819492278 0.001069196252420822 -0.00362967263798137 -0.00039728964740511286 2.3660561041928888e-05 -0.0044234454947968335
leaf_weight=292 3870 331 1041 1173 2179 1151 642 5880 141166 333
leaf_count=292 3870 331 1041 1173 2179 1151 642 5880 141166 333
internal_value=8.59173e-06 1.99322e-05 9.91706e-06 0.000842847 0.00148397 -0.000824946 -3.69663e-05 -0.0011648 1.4753e-05 -0.00284026
internal_weight=158058 157433 157102 8373 6049 2324 148729 6522 142207 625
internal_count=158058 157433 157102 8373 6049 2324 148729 6522 142207 625
is_linear=0
shrinkage=0.02


Tree=135
num_leaves=29
num_cat=0
split_feature=69 44 41 54 69 44 41 46 46 9 52 54 52 33 52 53 78 8 4 42 54 71 72 47 41 72 22 74
split_gain=13.7953 48.7626 76.8826 52.9557 38.915 37.0799 46.3023 43.2467 37.873 33.9297 33.0385 32.4358 32.307 41.4865 30.5997 28.7788 30.7068 27.2475 26.9661 24.3523 22.5438 22.4755 16.5087 15.95 15.3117 13.4982 6.76162 6.52692
threshold=-0.33557890163101367 0.00083595413199644153 -0.030760503075107633 0.64440326544690774 -0.61302650139370518 0.15576978428121704 0.014204865160563964 0.03709626144380785 0.012898997088880251 0.79930420716989226 0.87837381916329293 0.57514222579460672 0.58923790229013095 0.011936679420981861 0.42449234614183073 0.018028783666494241 -2.0389498709535991 0.0093498698941811929 -0.039892543913951965 -0.022413806143584066 0.45985602927661379 -0.77089008769369227 -0.870936313218167 -0.048358292843095833 0.018701717913247932 0.35241052565721409 -0.11243430282874466 -0.25440078927937754
decision_type=10 8 8 10 8 10 10 10 10 10 2 10 2 8 2 10 10 10 10 10 8 10 10 10 10 8 8 10
left_child=1 12 9 20 -5 6 10 14 -7 26 11 -2 15 25 -8 16 -1 -12 -9 -11 -4 27 -17 -15 -23 -14 -3 -10
right_child=5 2 3 4 -6 8 7 18 21 19 17 -13 13 23 -16 22 -18 -19 -20 -21 -22 24 -24 -25 -26 -27 -28 -29
leaf_value=-0.0037010289657630501 0.00051267088056125955 -0.0088580484683045708 0.00024432328416202151 -0.0074656458468665464 0.00031868050985743606 -0.0044601196683621046 0.0022261954628582182 -0.0016419857801272259 0.0033766807378565484 0.0027403710769336549 0.0035452565557057064 -0.00039561295909661397 0.0031050519309565594 0.0062184014974498618 -0.00054483596859038099 0.006990364016521187 0.0013039814545002465 5.0575965762414408e-06 -0.0066999539475609176 -0.0046540334969709342 -0.00056120181885118141 0.00038197446373643108 -0.0014898671538326124 -0.00029088528385916827 0.0032681110707849406 0.0079625006009191538 -0.0051976879753951877 0.0073137898874462452
leaf_weight=238 50459 203 20090 830 403 225 1273 420 291 203 1141 16313 554 242 20720 201 5983 757 319 379 30716 714 2608 1011 546 613 232 233
leaf_count=238 50459 203 20090 830 403 225 1273 420 291 203 1141 16313 554 242 20720 201 5983 757 319 379 30716 714 2608 1011 546 613 232 233
internal_value=1.22722e-05 -0.000212659 -0.000468138 -0.000361606 -0.00445543 0.000167623 0.000108508 -0.000673822 0.00285473 -0.00591159 0.00036752 0.000293502 0.00097092 0.00302272 -0.000513686 0.000420551 0.00117936 0.00296893 -0.00542973 -0.00274099 -0.000262129 0.00383081 -0.00125907 0.000492823 0.00237748 0.00573459 -0.010133 0.00731048
internal_weight=157917 64506 53056 52039 1233 93411 91402 22732 2009 1017 68670 66772 11450 2420 21993 9030 6221 1898 739 582 50806 1784 2809 1253 1260 1167 435 524
internal_count=157917 64506 53056 52039 1233 93411 91402 22732 2009 1017 68670 66772 11450 2420 21993 9030 6221 1898 739 582 50806 1784 2809 1253 1260 1167 435 524
is_linear=0
shrinkage=0.02


Tree=136
num_leaves=20
num_cat=0
split_feature=78 30 20 60 72 38 67 53 49 35 46 38 54 77 45 43 8 27 53
split_gain=12.6001 18.4107 14.7085 13.7051 13.2399 12.2655 12.2225 28.5253 26.1386 24.0664 31.2344 21.391 20.5707 11.3242 13.5399 10.3439 9.73877 8.69465 8.16442
threshold=2.0431398716923481 0.8035890858151129 -0.090007963665283117 0.29184111412805475 -1.0261763204838019 0.91869926377905486 0.10472095872879782 0.01121179493763527 -0.009530642283459732 0.0057016596929638473 0.0078843922265568241 0.88420629092107583 0.5669813713562647 -1.3892708737004058 0.011533931428661161 0.030747224297903889 0.006287395047388347 -0.14610503044454839 0.014618524104276888
decision_type=10 10 8 8 10 8 10 10 10 10 10 8 10 10 10 10 10 10 10
left_child=2 13 3 -1 -3 -5 9 8 -8 12 -11 -9 -4 -2 18 -7 -6 -18 -15
right_child=1 4 6 5 16 15 7 11 -10 10 -12 -13 -14 14 -16 -17 17 -19 -20
leaf_value=0.0059351141244692743 0.0041790917081787268 0.0011196107210657319 -0.00020998362308101892 0.0071541317834878052 -0.0010155865247616759 0.0016119970147651218 -0.0028256446342270836 -0.00063872723219536728 0.0016115669813958503 0.0015501875147908818 -4.3915150719403587e-05 -2.2353438022612997e-05 0.00047826022681557391 -0.00092280445217622924 -0.0048051043212616338 -0.003966257590562434 -0.003208045951877298 -0.0053175490216521926 0.0014089188248402223
leaf_weight=267 236 222 51204 247 275 844 336 25684 3618 5609 5996 36607 23677 1392 280 217 239 310 682
leaf_count=267 236 222 51204 247 275 844 336 25684 3618 5609 5996 36607 23677 1392 280 217 239 310 682
internal_value=-3.46834e-05 -0.00119824 -7.2453e-06 0.00191497 -0.00343649 0.00106799 -2.70932e-05 -0.000231531 0.00141542 0.000129476 0.000976908 -0.000336127 -1.8429e-06 -0.000292551 -0.000712527 0.000129944 -0.00460364 -0.00614182 -0.000153253
internal_weight=157942 3636 154306 1575 1046 1308 152731 66245 3954 86486 11605 62291 74881 2590 2354 1061 824 549 2074
internal_count=157942 3636 154306 1575 1046 1308 152731 66245 3954 86486 11605 62291 74881 2590 2354 1061 824 549 2074
is_linear=0
shrinkage=0.02


Tree=137
num_leaves=22
num_cat=0
split_feature=70 44 53 69 69 17 18 78 14 48 69 42 70 52 16 17 6 44 66 45 53
split_gain=15.9059 28.295 24.1204 20.9761 20.0201 14.5163 13.4477 12.8227 18.1797 14.7549 13.7488 14.3472 25.5434 13.665 12.4116 12.199 9.82057 9.09886 8.00833 7.82783 11.4144
threshold=-1.2417227077992512 0.034756918671103317 0.017062658395746989 0.36493775084523444 -0.30062698761359502 0.067624709130085461 55.426084462080432 2.0431398716923481 0.11494753737093778 -0.068583947577863888 -2.3446244291868226 0.065690263097342952 1.2781701436320982 0.56582008006058648 0.074446128064585851 0.019229910782141178 0.022954333583557283 0.057719783981174062 0.24046593051440887 0.0097281202836140401 0.014468504949544733
decision_type=8 10 10 10 8 2 10 10 10 8 8 10 10 2 8 2 10 10 10 10 10
left_child=1 2 3 5 6 -1 -3 10 9 -9 13 14 -13 -2 -12 -4 -11 -6 -15 20 -10
right_child=7 4 15 -5 17 -7 -8 8 19 16 11 12 -14 18 -16 -17 -18 -19 -20 -21 -22
leaf_value=-0.0012776665234209977 0.0099868752490304673 -0.0036911293928331267 -0.002193856960564441 -0.0060455023186704419 0.00010599986106261616 -0.0045442625983905379 0.0011294761633848572 0.0019000135394703355 -9.6668843872579213e-05 -0.0012396722171047203 0.00016140065337115123 -0.0012127357718856667 0.0039643498206790705 0.0072017353984552401 -0.0002631032129837778 0.0036237781176122318 -0.0053626107554430851 0.0028551723032633602 -0.0015218977874873331 -0.0020103463274244921 0.0033231350985849818
leaf_weight=433 376 281 200 296 275 207 208 244 877 1290 122703 2680 276 214 25157 207 556 389 488 252 404
leaf_count=433 376 281 200 296 275 207 208 244 877 1290 122703 2680 276 214 25157 207 556 389 488 252 404
internal_value=3.0491e-05 -0.00155306 -0.0035253 -0.00529136 0.000743501 -0.00324181 -0.00232245 5.59292e-05 -0.00111976 -0.00233286 8.39922e-05 6.78836e-05 -0.00131146 0.00233364 9.54816e-05 0.000534314 -0.00294423 0.00300451 0.000679943 0.000533246 0.00116849
internal_weight=158013 2496 1343 936 1153 640 489 155517 3623 2090 151894 150816 2956 1078 147860 407 1846 664 702 1533 1281
internal_count=158013 2496 1343 936 1153 640 489 155517 3623 2090 151894 150816 2956 1078 147860 407 1846 664 702 1533 1281
is_linear=0
shrinkage=0.02


Tree=138
num_leaves=28
num_cat=0
split_feature=3 57 44 36 38 44 69 45 68 10 46 44 18 46 41 45 46 77 54 45 69 9 59 32 78 18 42
split_gain=13.783 23.2532 44.8093 26.6438 17.9922 18.4831 26.8144 21.7661 16.0664 15.1798 37.1823 45.2482 59.9524 26.7315 20.9068 19.343 17.9556 42.3667 45.5311 21.8331 42.3065 21.2223 17.6897 12.1596 12.1258 12.5563 6.71576
threshold=0.06975741833565198 0.15231194475352799 0.13674071183368644 -0.22243012356279873 1.2272302927598984 0.15576978428121704 -0.1407948088248698 0.010189167900724475 -0.15247967091407852 1.6263464685018609 0.0045607764343140013 0.072777647585044472 39.392697458340471 0.0044238503613997912 -0.037459681943527494 0.0042638229464741677 0.0045607764343140013 -0.94560443601857924 0.27512857992562395 0.0054444812608994688 0.048835227636172616 0.44471190209026618 0.29001098404083486 0.02170462339072388 2.2522849675092065 86.716922103704789 0.0099161370900693342
decision_type=10 8 10 10 10 10 8 10 10 8 8 8 8 10 10 10 10 10 10 10 10 10 10 8 10 10 10
left_child=9 2 3 -2 5 7 -7 -3 -5 16 13 14 -13 15 -12 -11 17 22 -19 20 -18 -21 -1 -15 25 -6 -26
right_child=1 4 -4 8 24 6 -8 -9 -10 10 11 12 -14 23 -16 -17 19 18 -20 21 -22 -23 -24 -25 26 -27 -28
leaf_value=-0.0057866175835485254 0.0073578348193456015 -0.00017631410441285866 -0.012059691420379864 -0.0036653323810869744 0.0012675047486166672 -0.0012604045666162295 0.0035096418510740645 -0.0014892722841749429 0.00018113025579431812 0.00069626920696609206 -0.0047413546259691703 -0.0036667402271187755 0.00092894915941486259 -0.0076542817406272338 0.0031854493337968416 -0.0044030677536676388 -0.0010941954790222442 -0.001338593926360333 0.0013934297844056343 -0.00075750149790945157 0.0004260656755443873 0.00018267311273948748 -0.0011671832773020052 -0.0028680781220279915 0.00024658290501545528 0.0035350841782578043 -0.0029085227083134831
leaf_weight=254 275 17736 205 1368 3014 343 600 4727 735 1355 213 1296 5063 206 6020 442 15505 1815 9266 9959 9073 66051 1497 230 405 247 405
leaf_count=254 275 17736 205 1368 3014 343 600 4727 735 1355 213 1296 5063 206 6020 442 15505 1815 9266 9959 9073 66051 1497 230 405 247 405
internal_value=-5.67256e-06 -0.000391138 -0.00220511 -0.00142833 -0.000220467 -0.000433973 0.0023072 -0.000549234 -0.00219487 8.46654e-05 0.000686497 0.00110839 -7.83019e-05 -0.00169114 0.00231922 -0.000610679 5.97773e-06 0.000710512 0.00116748 -8.38859e-05 -0.000602059 8.36458e-05 -0.00217922 -0.00612815 0.00100639 0.00155058 -0.00118126
internal_weight=158305 30060 2583 2378 27477 23406 943 22463 2103 128245 14825 12592 6359 2233 6233 1797 113420 12832 11081 100588 24578 76010 1751 436 4071 3261 810
internal_count=158305 30060 2583 2378 27477 23406 943 22463 2103 128245 14825 12592 6359 2233 6233 1797 113420 12832 11081 100588 24578 76010 1751 436 4071 3261 810
is_linear=0
shrinkage=0.02


Tree=139
num_leaves=15
num_cat=0
split_feature=17 46 6 38 4 33 53 60 54 10 49 20 22 16
split_gain=12.9799 15.9917 15.8596 13.0134 17.6945 13.2703 13.01 40.9968 19.7486 11.5852 11.3277 11.3203 6.26082 5.28287
threshold=-2.0499401959307448 0.0069213295397758381 0.01508774567624154 1.5568594782786793 -0.42098620249127217 -0.17664520872869857 0.019811337062126514 0.68300265413566563 0.6076066476832781 0.87602675253295936 -0.013039515351115303 -0.0076586072760616011 -0.059516560608094009 -0.051980860752320661
decision_type=2 10 8 10 8 10 10 8 10 10 10 10 10 10
left_child=1 -1 -3 4 -2 12 8 -8 -6 -4 -11 -7 -5 -13
right_child=3 2 9 5 6 11 7 -9 -10 10 -12 13 -14 -15
leaf_value=-0.002132245765347934 0.0064857983403987709 0.0050136710625156089 -0.0019992992731696756 -0.0011091819929830067 -3.9951764726684298e-05 -0.00022989961357998344 -0.001145631841936545 0.0011232253931834834 0.00055126630816060653 0.00091656791395736961 0.0036358080773293143 -0.0039296784940993975 0.0022016226274951265 -0.0017674934663630796
leaf_weight=353 380 315 305 384 125144 351 8588 3657 16884 558 373 351 205 317
leaf_count=353 380 315 305 384 125144 351 8588 3657 16884 558 373 351 205 317
internal_value=-4.16019e-06 0.00163675 0.0025116 -2.41773e-05 -5.54787e-06 -0.00181355 -1.6192e-05 -0.000641679 3.77247e-05 0.00148585 0.00259442 -0.00319412 0.000572881 -0.00472048
internal_weight=158165 1904 1551 156261 154653 1608 154273 12245 142028 1236 931 1019 589 668
internal_count=158165 1904 1551 156261 154653 1608 154273 12245 142028 1236 931 1019 589 668
is_linear=0
shrinkage=0.02


Tree=140
num_leaves=24
num_cat=0
split_feature=55 52 50 50 42 42 44 6 50 34 4 69 54 49 46 30 78 52 47 50 49 50 4
split_gain=14.1595 23.8988 39.3522 38.7682 31.5654 33.2877 32.9656 28.6897 28.9597 22.3793 19.6836 19.5174 17.769 17.5525 16.797 23.1749 21.2232 17.9055 60.8752 59.4982 16.3848 13.9053 10.7514
threshold=0.47549497410904668 0.67781798799304283 0.02252188743419559 0.014940289537734632 0.010309072480018335 0.016675162457263751 0.062234904086478256 0.014415504449530582 0.021413638551473383 0.0036037758181485216 -0.27280421421896972 0.09910841159708654 0.24510757149693599 0.027726036046996642 0.0042285409138495206 0.5311924963882545 0.027697594630432174 0.60896649527140501 -0.0038235696042235863 0.0074238207632112427 0.0087090687477147117 0.055917013758482022 -0.049580994155359485
decision_type=8 2 10 10 10 10 8 10 10 10 10 10 8 10 8 10 8 2 10 10 10 10 8
left_child=1 3 7 4 6 -6 -1 8 -3 -9 -4 -12 -2 20 15 21 -17 18 -16 -19 -5 -14 -15
right_child=12 2 10 13 5 -7 -8 9 -10 -11 11 -13 14 22 17 16 -18 19 -20 -21 -22 -23 -24
leaf_value=0.00017474922089305239 -0.0047334326672141434 0.0027372651933147141 0.0065935545499700831 -0.00029055741561489552 0.0042249013491152624 0.00083693182635588884 -0.0018437684880349145 -0.00053665472347217812 0.0082115555848070679 0.00746239535412185 -5.5944067973040735e-05 0.00094272420197511885 0.00063653035955324097 0.0041280449872834668 -2.0130600265608478e-05 0.00087834706277352013 0.0056463280637080084 -0.0031720142367613921 0.003414741853110428 -0.00023605512315046068 -0.002125783677119737 -0.0035290793046682495 -0.0010211033985538364
leaf_weight=22319 399 3056 309 3034 1067 5027 3053 1790 218 288 19813 8529 3091 306 32046 484 516 1781 1602 43656 4962 379 414
leaf_count=22319 399 3056 309 3034 1067 5027 3053 1790 218 288 19813 8529 3091 306 32046 484 516 1781 1602 43656 4962 379 414
internal_value=3.83078e-05 0.000239641 0.000629867 -9.05358e-05 0.000236375 0.00152879 -7.40157e-05 0.002204 0.00337038 0.000364598 0.000335683 0.000280775 -0.000139575 -0.00127085 -0.000119417 0.00107314 0.00375425 -0.00018686 0.000162798 -0.000445838 -0.00154033 0.000299049 0.00171706
internal_weight=158139 74185 34003 40182 31466 6094 25372 5352 3274 2078 28651 28342 83954 8716 83555 4470 1000 79085 33648 45437 7996 3470 720
internal_count=158139 74185 34003 40182 31466 6094 25372 5352 3274 2078 28651 28342 83954 8716 83555 4470 1000 79085 33648 45437 7996 3470 720
is_linear=0
shrinkage=0.02


Tree=141
num_leaves=21
num_cat=0
split_feature=66 19 44 6 42 50 52 41 42 6 41 44 41 9 5 9 40 44 48 64
split_gain=11.9106 12.061 26.4 26.3401 26.9541 22.1939 26.7944 23.2481 20.246 18.7597 45.3462 43.1383 19.0488 27.3648 19.8285 17.4061 7.92092 8.5288 6.63652 8.3035
threshold=0.99369084475895642 1.6485049195539807 0.056900079495534446 0.01615545564380173 0.024424351612015619 0.0052404787379354287 0.25614754098360665 0.032782249207474974 0.0021536181952647175 0.019798182724293744 0.047384893400697077 -0.12309302849888985 0.047384893400697077 0.75762483127692404 0.0081193411362953365 0.79930420716989226 -6.6544389192725782e-05 0.04384267752158489 -0.023869455642173239 0.6852625232198829
decision_type=10 10 8 10 10 10 2 10 10 8 10 10 8 8 8 10 10 10 10 10
left_child=1 9 5 4 -4 6 -3 -7 -5 10 11 -1 14 -14 -11 -12 17 -2 -18 -20
right_child=16 2 3 8 -6 7 -8 -9 -10 12 15 -13 13 -15 -16 -17 18 -19 19 -21
leaf_value=-0.0038992234480613643 -0.00078934497682580491 -0.0039641477788323609 0.00027069241213361359 0.0045828240957448184 0.0021386477449368987 -0.00097967630764909464 0.00061179253411128103 -0.0043458881747048149 -0.0014582011282518212 0.00357020857868813 -0.0062661493469587867 2.3079268806217482e-05 0.0078594877350892465 0.0013452769926362268 0.00039270871078920031 -0.0016281005604976842 -0.0034643492060393256 -0.0045825659125721526 0.0038720136054873735 -0.0021073228435109599
leaf_weight=392 238 238 4508 304 2006 9337 3138 683 3739 440 268 96464 217 1302 33714 299 254 205 215 250
leaf_count=392 238 238 4508 304 2006 9337 3138 683 3739 440 268 96464 217 1302 33714 299 254 205 215 250
internal_value=2.33737e-05 3.8319e-05 -0.000374802 0.000372987 0.00116009 -0.000964246 0.000437667 -0.00143678 -0.000894659 0.000112685 -3.0978e-05 2.04425e-06 0.000505074 0.00269605 0.000407495 -0.00566549 -0.00199312 -0.00409459 -0.000691667 0.000725322
internal_weight=158211 157049 23953 10557 6514 13396 3376 10020 4043 133096 97423 96856 35673 1519 34154 567 1162 443 719 465
internal_count=158211 157049 23953 10557 6514 13396 3376 10020 4043 133096 97423 96856 35673 1519 34154 567 1162 443 719 465
is_linear=0
shrinkage=0.02


Tree=142
num_leaves=25
num_cat=0
split_feature=69 16 43 37 51 71 46 59 46 6 53 6 54 36 33 66 58 54 26 8 46 53 30 33
split_gain=12.2295 13.95 20.3838 20.6806 20.2581 16.6461 25.28 17.0207 14.0559 55.7799 38.7347 36.6376 33.5211 22.6554 10.6498 10.6113 16.2341 9.73947 10.4196 9.66931 9.24266 9.71037 8.20894 7.01725
threshold=1.6493751581776175 0.077584176301046318 0.072867180481927321 -0.28354465506069759 0.84318666408218657 -0.61222902001642843 0.0076389235364306661 0.46056764193260141 0.0098035601031225307 0.009062969735443259 0.020587867958909118 0.017309315387522856 0.46506699812190705 0.024728117094770793 0.0060202464037035774 0.85441005068712228 0.82419748330765297 0.66123078303459581 0.4855430837062788 0.015729535265838285 0.010818978914666277 0.01198796010456237 0.34457374623226616 -0.10861648003483913
decision_type=10 8 10 10 2 8 10 8 10 10 10 10 10 8 10 10 10 10 10 10 10 10 10 10
left_child=1 8 5 -4 -5 6 -3 -7 10 -10 13 -12 -11 -1 19 17 -17 18 -16 20 21 -2 -18 -21
right_child=14 2 3 4 -6 7 -8 -9 9 12 11 -13 -14 -15 15 16 22 -19 -20 23 -22 -23 -24 -25
leaf_value=-5.4118486819683882e-05 -0.00079117816708498465 0.00065548733485703366 0.0061075941813397818 0.0032616343316948849 -0.0011699822185935579 0.00055756864190887017 -0.0024707385250656213 -0.00063247724624425892 -0.0076881301716245189 -0.0037184095496961989 0.0076596972458686761 0.00011367115392356784 -0.00011544197497528958 0.00048138830877340172 0.0053561430922669743 -0.005677902781587715 0.0025282726498476005 0.0052172107956330403 0.00034439403173011488 0.0033936941795181044 -0.0020746038020176007 0.0036993649583162438 -0.0030456519298425965 0.00860378660830796
leaf_weight=59799 308 802 225 329 620 2525 1673 15948 228 783 280 257 34508 33139 239 200 385 296 3566 224 236 816 440 291
leaf_count=59799 308 802 225 329 620 2525 1673 15948 228 783 280 257 34508 33139 239 200 385 296 3566 224 236 816 440 291
internal_value=1.37745e-05 -2.40741e-05 -0.000488089 0.00207489 0.000776842 -0.000631916 -0.00217205 -0.000425355 5.54905e-05 -0.000283164 0.000184197 0.00553532 -0.000219256 0.000153197 0.000830905 0.000358494 -0.00146004 0.000813749 0.000540725 0.00212047 0.00123292 0.00198933 -0.000215496 0.00445349
internal_weight=158117 151116 22122 1174 949 20948 2475 18473 128994 35519 93475 537 35291 92938 7001 5126 1025 4101 3805 1875 1360 1124 825 515
internal_count=158117 151116 22122 1174 949 20948 2475 18473 128994 35519 93475 537 35291 92938 7001 5126 1025 4101 3805 1875 1360 1124 825 515
is_linear=0
shrinkage=0.02


Tree=143
num_leaves=30
num_cat=0
split_feature=67 35 46 46 41 60 21 44 51 37 7 50 41 0 50 44 5 50 54 75 58 20 57 44 54 5 32 56 34
split_gain=12.7713 25.7024 24.552 30.9202 28.6549 26.6893 21.1317 19.8452 45.0255 25.3508 24.2129 24.0543 21.4723 21.2351 18.5802 17.1188 52.4501 44.0249 43.3693 26.4426 24.0265 22.4307 20.9309 40.2593 18.9427 15.7634 15.0857 12.0662 11.8801
threshold=0.072147989880732635 0.0057016596929638473 0.0078843922265568241 0.0083857372547824268 0.015542439779485774 0.26409108364753531 -0.015304090522914813 0.04384267752158489 0.33119148401908388 0.17610063364432615 0.011253747352073715 0.071921925095346353 0.032501961368657802 -0.030752029086140494 0.060614384894817637 -0.075688170239417693 0.018479310966201049 -0.053801964445408072 0.56052014714107801 0.91493803320536216 0.10636122351303139 0.032388914672082721 0.15628345824411136 0.14724960889648589 0.24510757149693599 0.011737126572485088 -0.10835900045252848 0.61170234445405525 0.009059180623178396
decision_type=8 10 10 10 10 10 10 8 2 10 10 10 10 10 10 8 8 8 10 10 10 10 8 10 8 10 8 10 8
left_child=1 7 4 5 6 -4 -3 9 10 11 -9 -1 -10 -11 -5 16 18 20 -2 -20 -17 28 23 -19 -24 -6 -23 -22 -18
right_child=15 2 3 14 25 -7 -8 8 12 13 -12 -13 -14 -15 -16 17 21 22 19 -21 27 26 24 -25 -26 -27 -28 -29 -30
leaf_value=6.982404149997405e-06 0.0015695618062292849 0.0039435288899035146 -0.0067953429893232555 0.00011729094173599922 -0.0029087120357902097 -0.00034342397720345545 0.0014530412615086563 -0.0047168948633265467 -5.7401730397159748e-05 0.0042626331998066877 -0.00057608160108870267 -0.0033447370783389919 -0.0020438785674663546 0.00073094829820475162 0.0027886797684684361 0.0087893897602770565 3.2699413311818235e-05 -0.0012022226245797676 -0.0027636108462724481 -0.0061395093689539017 0.0052903778268617897 -0.00018281837668888856 -0.0051379305022208636 -0.010617417106596798 -7.590362876652338e-05 0.0026854437184636116 -0.0037195268133945335 0.00053588335202757714 0.0027236219119912554
leaf_weight=26658 256 818 202 4228 573 273 3395 845 32058 963 611 283 1831 12376 672 214 1137 5162 303 422 356 465 313 201 61841 231 441 661 582
leaf_count=26658 256 818 202 4228 573 273 3395 845 32058 963 611 283 1831 12376 672 214 1137 5162 303 422 356 465 313 201 61841 231 441 661 582
internal_value=-3.52209e-05 0.000129485 0.00106206 0.000122396 0.00206815 -0.0047437 0.00272852 1.29585e-06 -0.000344537 0.000304809 -0.00378723 -4.81776e-05 -0.000196459 0.00101784 0.000595389 -0.000231055 -0.00157416 -0.000160555 -0.00551731 -0.00801377 0.00358604 -9.82483e-05 -0.000228946 -0.00142767 -0.000125461 -0.00138882 -0.00264388 0.00229666 0.00124302
internal_weight=158371 86017 10392 5375 5017 475 4213 75625 35345 40280 1456 26941 33889 13339 4900 72354 3606 68748 981 725 1231 2625 67517 5363 62154 804 906 1017 1719
internal_count=158371 86017 10392 5375 5017 475 4213 75625 35345 40280 1456 26941 33889 13339 4900 72354 3606 68748 981 725 1231 2625 67517 5363 62154 804 906 1017 1719
is_linear=0
shrinkage=0.02


Tree=144
num_leaves=25
num_cat=0
split_feature=0 48 48 75 49 41 35 54 19 18 53 52 44 20 34 68 59 2 64 53 6 5 42 43
split_gain=18.6035 21.2423 29.5741 18.7898 17.8541 18.9583 16.4879 15.985 14.8201 14.5044 19.5401 12.369 11.7636 18.9477 12.4516 13.2891 10.6487 10.4579 8.66871 8.37337 7.73099 12.984 11.2698 9.11222
threshold=-0.030752029086140494 -0.024505980813748215 -0.056821410891407513 -0.045784982268669415 0.015048344705518081 0.0076887676581698381 -0.067158597029406825 0.52518227708888376 -2.5383447408383297 25.645692925321764 0.015066937119941589 0.11827235990415909 -0.1588606586551711 0.020961619313966621 -8.3744427911777711e-05 1.4376553431387582 0.46056764193260141 0.088563444345891154 0.94367775578631541 0.013665191397454925 0.01569921715287589 0.0084356677405217333 -0.014417560667211169 -0.018678049831782725
decision_type=10 8 10 8 10 8 8 10 8 10 10 2 8 10 8 8 10 10 8 10 8 10 10 10
left_child=1 2 9 7 5 6 -3 -4 20 11 -11 -1 13 16 17 -16 -10 -14 -6 -5 21 -2 -22 -23
right_child=8 4 3 19 18 -7 -8 -9 12 10 -12 -13 14 -15 15 -17 -18 -19 -20 -21 22 23 -24 -25
leaf_value=0.00072615040665131012 -0.0030050152523359154 0.0032225233154440447 0.0036352529863847931 0.0030764430350176688 0.0076866116550504127 -0.0070675802298272149 -0.0018917698624204566 0.0087301397297155654 -0.0021631838306644855 -0.0040652246716220922 0.0018051009809829594 -0.004439525635429961 0.00038698485102644386 -0.003877459844279021 -0.00013773277775819777 0.00049576874212473563 0.0026091275215064688 0.0040663128122519591 6.2633984272143575e-05 -0.0015471824668418872 -0.0071394685989091692 0.0014659860814690401 -0.0013369204633850184 -0.0011517104088925052
leaf_weight=226 204 430 351 254 231 286 779 636 244 244 1526 212 13619 372 122763 12971 279 425 212 229 206 330 203 460
leaf_count=226 204 430 351 254 231 286 779 636 244 244 1526 212 13619 372 122763 12971 279 425 212 229 206 330 203 460
internal_value=-3.39774e-05 0.00109631 0.00198913 0.00418627 -0.000597215 -0.00164305 -0.000543802 0.00576721 -7.57379e-05 0.000524219 0.00133145 -0.00272893 -5.66654e-05 -0.00234152 -4.29833e-05 -0.000101654 0.000110687 0.000523888 0.00292342 0.000946281 -0.00212108 -0.00116382 -0.00443415 0
internal_weight=157692 5616 3678 1470 1938 1495 1209 987 152076 2208 1770 438 150673 895 149778 135734 523 14044 443 483 1403 994 409 790
internal_count=157692 5616 3678 1470 1938 1495 1209 987 152076 2208 1770 438 150673 895 149778 135734 523 14044 443 483 1403 994 409 790
is_linear=0
shrinkage=0.02


Tree=145
num_leaves=26
num_cat=0
split_feature=53 72 44 14 44 14 28 46 38 45 19 34 70 1 54 6 41 41 58 14 50 74 44 38 24
split_gain=12.318 44.9464 53.5866 56.7258 53.4494 40.7586 35.765 55.6687 24.4608 27.5475 19.7241 17.6845 16.5529 15.3925 15.8668 44.5398 26.3667 18.0818 14.8564 12.7855 28.2566 15.8887 10.1931 11.104 10.7994
threshold=0.019811337062126514 0.41462882386653116 0.16428337884866476 -0.13953538867222884 0.16428337884866476 -0.073137278449328755 -0.11974036605142833 0.011835908005302669 1.5924390196807623 0.0083304609404307017 -1.8052866492626667 0.0042201118680731875 -0.075666203794715878 0.10685635926607863 0.71095087425225301 0.014360722999572981 0.0095565934590016183 0.0095565934590016183 0.26212661119825414 -0.28372556486100187 0.039551994688486476 -1.7786363828488183 0.0054263925454041137 1.3679387417343751 0.82442312606890678
decision_type=10 8 10 8 10 8 10 10 10 10 10 10 10 10 10 8 10 10 10 8 10 8 8 10 8
left_child=13 4 8 11 6 12 10 -8 9 -3 -2 -4 -6 14 19 17 -17 -16 -7 20 -1 -21 -15 24 -24
right_child=1 2 3 -5 5 18 7 -9 -10 -11 -12 -13 -14 22 15 16 -18 -19 -20 21 -22 -23 23 -25 -26
leaf_value=0.0044301828620732855 0.0043977925874342707 -0.0049013097599051635 -0.005377607855704335 0.0042083989358175844 0.00025359277942091086 0.0048703560852109201 -0.00034153345054698485 -0.0034925249583989009 -0.0026856526361572538 0.0032160868595016347 -0.00056083446853469983 -0.011233668130910235 -0.0047830386497927152 -0.0054516237012388761 0.011954857666468839 -0.0033162151452135065 0.0027942017109501027 0.0020884392556905942 0.0019642976071663162 -0.0017945663898978473 -0.0050480291366799979 2.4010246178845716e-05 -0.000579081857042982 0.00255414874339692 -0.0057564712960804145
leaf_weight=1473 257 222 287 209 359 472 2114 3039 353 2983 2649 217 226 267 225 536 845 259 578 3011 315 136089 504 255 341
leaf_count=1473 257 222 287 209 359 472 2114 3039 353 2983 2649 217 226 267 225 536 845 259 578 3011 315 136089 504 255 341
internal_value=-3.27543e-05 -0.000599885 0.00110908 -0.00389076 -0.00135307 0.00194254 -0.00202208 -0.00302251 0.00211239 0.00266313 -0.00024699 -0.00752079 -0.00228328 2.21897e-05 4.24366e-05 0.0018746 4.19682e-05 0.00708866 0.00429876 1.81561e-05 0.00169816 -3.43635e-06 -0.00208918 -0.00123342 -0.00233806
internal_weight=158085 13965 4271 713 9694 1635 8059 5153 3558 3205 2906 504 585 144120 142753 1865 1381 484 1050 140888 1788 139100 1367 1100 845
internal_count=158085 13965 4271 713 9694 1635 8059 5153 3558 3205 2906 504 585 144120 142753 1865 1381 484 1050 140888 1788 139100 1367 1100 845
is_linear=0
shrinkage=0.02


Tree=146
num_leaves=17
num_cat=0
split_feature=38 15 69 44 54 41 69 44 53 41 24 45 48 53 59 9
split_gain=12.5679 17.3386 11.7069 53.0614 62.5914 52.1949 40.8241 31.3595 38.6942 35.5861 39.9718 29.9479 30.444 26.0022 24.4156 17.9026
threshold=1.6292706313043768 -0.079667703905671114 -0.33557890163101367 0.00083595413199644153 0.66790733293739635 -0.030760503075107633 -0.66441883798954871 0.15576978428121704 0.018914673440471239 0.014204865160563964 -1.7302185780730401 0.018619044111080962 -0.10872575593379601 0.019917946071911129 0.13431293943505615 0.88505775561876232
decision_type=10 10 10 8 10 8 8 10 10 10 8 10 8 10 10 8
left_child=2 -2 3 11 5 -5 -6 9 -9 10 -4 12 -1 -11 -10 -13
right_child=1 -3 7 4 6 -7 -8 8 14 13 -12 15 -14 -15 -16 -17
leaf_value=0.0042241417068041324 0.0011136996058590403 -0.0036166984864210907 0.0033340631916437468 -0.0046202825154284281 -0.010264120417240808 -0.00026872530620168189 -8.7619379904540703e-05 -0.0058682835239291997 0.0058518433353386317 -0.00023258439756470545 0.00019054633220188751 0.0032171440397104857 0.00096563103454713739 -0.0017226571831231985 0.0018944485358624813 -0.0022874855535759669
leaf_weight=1093 277 329 1224 873 598 51345 346 237 343 19200 67339 264 8554 3543 1406 1268
leaf_count=1093 277 329 1224 873 598 51345 346 237 343 19200 67339 264 8554 3543 1406 1268
internal_value=-2.38751e-05 -0.00289621 -1.28018e-05 -0.000220354 -0.000483758 -0.00039139 -0.00558519 0.000130321 0.002616 7.62045e-05 0.000303629 0.00103202 0.00144465 -0.000609304 0.00364457 -0.00156425
internal_weight=158239 606 157633 64341 53162 52218 944 93292 1986 91306 68563 11179 9647 22743 1749 1532
internal_count=158239 606 157633 64341 53162 52218 944 93292 1986 91306 68563 11179 9647 22743 1749 1532
is_linear=0
shrinkage=0.02


Tree=147
num_leaves=19
num_cat=0
split_feature=66 69 53 48 45 42 38 0 22 53 42 71 58 6 42 48 45 16
split_gain=16.216 13.9388 26.2467 26.0669 41.9949 30.8731 21.3805 14.8905 12.5292 13.241 13.1841 17.3608 11.8283 11.6997 11.289 5.97087 5.67475 2.74367
threshold=0.99369084475895642 0.75644238436003886 0.01244194020250909 -0.10872575593379601 0.018769124172072955 -0.061221554084063039 0.72827645621438208 0.0065149017665968598 -0.34519108244699315 0.021231719632595906 0.065690263097342952 -0.08344057328505998 0.9896587273069487 0.015508496065654716 0.0082459995045206531 -0.026276136665708435 0.0054897545019691211 -0.0051274350789233805
decision_type=10 10 10 10 10 10 10 10 8 10 10 8 10 10 8 10 10 10
left_child=1 8 6 4 -4 -5 13 -8 9 -1 14 -12 15 -3 -10 -2 -17 -14
right_child=12 2 3 5 -6 -7 7 -9 10 -11 11 -13 17 -15 -16 16 -18 -19
leaf_value=0.00043959523508879216 -0.0033911221104756181 -0.00066287299666303227 -0.0054519077702400789 0.0057185286956436846 0.0012624970247254485 0.00078718277618856133 -0.00068889984901049166 -0.0033126304017246011 -0.00021864396730869696 0.0090510866945710828 -0.0021157621541038054 0.00031012310365603453 -0.0062059456694030703 0.0029711056921440881 0.00011121200202772673 -0.0014681590207961737 0.0022234488817245699 -0.0025154941417557986
leaf_weight=325 272 576 585 381 650 19353 2526 1168 65860 230 1418 1026 201 698 62211 204 250 201
leaf_count=325 272 576 585 381 650 19353 2526 1168 65860 230 1418 1026 201 698 62211 204 250 201
internal_value=-1.90848e-05 -1.89799e-06 0.000421698 0.000731426 -0.00208576 0.00090793 -0.000885088 -0.00165575 -8.57398e-05 0.00291007 -9.85167e-05 -0.00155337 -0.00240744 0.00134745 -7.07258e-05 -0.000877579 0.000523077 -0.00515633
internal_weight=158135 157007 25937 20969 1235 19734 4968 3694 131070 555 130515 2444 1128 1274 128071 726 454 402
internal_count=158135 157007 25937 20969 1235 19734 4968 3694 131070 555 130515 2444 1128 1274 128071 726 454 402
is_linear=0
shrinkage=0.02


Tree=148
num_leaves=25
num_cat=0
split_feature=0 45 54 37 28 53 42 19 45 0 69 32 33 41 18 69 18 9 66 33 10 64 20 7
split_gain=16.0937 17.097 27.9188 21.2096 19.1098 17.5162 19.9591 16.8741 25.083 18.1226 16.6479 12.7842 14.0757 27.0093 17.5683 12.2495 12.1288 12.0294 15.0315 11.952 12.5399 11.868 8.51989 7.32734
threshold=-0.029326788012918489 0.0049534945289445012 0.41024177497415332 0.41501734328119139 -0.050859151582385069 0.013264219481505598 1.0000000180025095e-35 -2.0748976612939587 0.0061033538753718043 -0.010043067301396312 -0.38737551345565063 0.32248816140126663 0.14734579120385247 0.032236937256637239 80.000005643703958 -0.67493190493157873 28.220716249296114 0.63788908549522649 0.100635664552274 -0.057299897171618472 0.80236160921033928 0.4916492329149233 -0.036550719043246964 0.010353216682090677
decision_type=10 10 10 10 8 10 10 8 10 10 8 10 10 10 10 10 10 10 10 10 10 10 8 8
left_child=1 2 22 4 16 -5 -7 8 19 10 -10 12 14 -14 -9 -11 -3 -13 -19 20 -2 -21 -1 -6
right_child=7 3 -4 5 23 6 -8 11 9 15 -12 17 13 -15 -16 -17 -18 18 -20 21 -22 -23 -24 -25
leaf_value=0.0043409411953368249 -0.0019990008057453258 -0.00059862133965115239 -0.0068167192115107843 0.0077572258204252047 -0.00041883438127903767 -0.00085580514059912128 0.0079645378017097947 -1.0055173475192122e-05 0.0011532978990484541 -0.0014122926744848047 -0.0019536576778373636 0.0070669486044866473 -0.0007627714886501352 0.0024247587180847036 0.00071514594939705862 0.003777055234881328 0.0019368033673650882 -0.0020793383442076589 0.0024063211084313411 -0.0037785644467940725 -0.0058173537814398277 -0.00064497579840444238 -0.0013792075947817973 -0.005329791474840636
leaf_weight=217 278 1033 259 380 327 400 284 126253 723 331 1103 374 11441 894 6133 603 2910 383 1367 394 317 1060 208 247
leaf_count=217 278 1033 259 380 327 400 284 126253 723 331 1103 374 11441 894 6133 603 2910 383 1367 394 317 1060 208 247
internal_value=5.43313e-06 0.000998723 -0.00198248 0.00136474 0.000765383 0.00390423 0.00198248 -3.55939e-05 -0.00120125 4.27381e-05 -0.00111549 2.57413e-06 -2.00246e-05 -0.00066618 4.01701e-05 0.00230802 0.00126217 0.00154259 0.000844089 -0.00287707 -0.0052651 -0.00189553 0.00116901 -0.00264
internal_weight=157919 6265 684 5581 4517 1064 684 151654 4809 2760 1826 146845 144721 12335 132386 934 3943 2124 1750 2049 595 1454 425 574
internal_count=157919 6265 684 5581 4517 1064 684 151654 4809 2760 1826 146845 144721 12335 132386 934 3943 2124 1750 2049 595 1454 425 574
is_linear=0
shrinkage=0.02


Tree=149
num_leaves=25
num_cat=0
split_feature=42 10 6 46 38 60 75 65 43 71 49 9 52 57 7 4 49 35 10 46 46 37 20 54
split_gain=16.1421 26.2399 34.1419 22.3296 23.3673 32.9496 14.055 16.2633 13.9811 50.314 65.1142 32.816 28.435 21.9087 21.6328 18.7898 24.8897 17.272 15.5387 36.2955 17.0402 11.9024 10.1436 8.93276
threshold=0.050075289202389912 0.6282294538746328 0.014129960362821348 0.0090863908733531899 1.2773436801191003 0.53538510101010106 -1.4257477624166788 0.47171862182116492 0.052023794148548304 -0.42798145601889231 0.038994654154270066 2.2918411108645071 0.89779664779664792 0.15231194475352799 0.0071129735253543146 -0.30076636353637742 0.014076461059317371 0.16041743000572936 2.1457213304527802 0.0045607764343140013 0.0044955487679037938 0.011119202856117118 -0.0081916833546302175 0.57574027341050227
decision_type=10 8 10 10 8 10 10 10 10 8 10 10 2 10 10 8 10 8 10 10 10 10 10 10
left_child=8 2 22 4 5 -3 -5 -8 15 10 12 17 -10 -13 -12 16 23 -11 20 -20 -17 -4 -2 -1
right_child=1 3 21 6 -6 -7 7 -9 9 11 14 13 -14 -15 -16 18 -18 -19 19 -21 -22 -23 -24 -25
leaf_value=-0.0025696710088301145 -0.0036583115098005347 -0.00011092787934145088 0.00138586908328084 0.0033653005145439243 -0.0016136400218873482 0.0072906854384593442 -0.0019141297266005556 -0.00028033331117678612 0.0016405148300431386 -0.00012323237981204645 -0.0070868069675849056 -0.01651102226742511 0.0039782279341165263 -0.003550622187645648 -0.00053939675654603224 0.00041205497577499024 0.0095005161398011261 0.0036101574506281729 -0.0023566862082053854 0.0042107838859775579 -0.00016307900518795326 -0.0031942029675980179 -0.0087016774937896217 0.0030510794871440052
leaf_weight=253 202 287 225 351 258 369 1631 1999 3468 7245 224 222 795 437 202 20624 204 374 939 2327 114366 220 200 793
leaf_count=253 202 287 225 351 258 369 1631 1999 3468 7245 224 222 795 437 202 20624 204 374 939 2327 114366 220 200 793
internal_value=-2.43844e-05 -0.0010653 -0.00431368 -0.000502042 0.00231475 0.00431963 -0.00114967 -0.00151969 1.48091e-05 0.000642967 0.00229808 -0.00029448 0.00304362 -0.00457273 -0.00514754 -4.35677e-05 0.00239648 7.5853e-05 -6.56603e-05 0.00129721 -9.86584e-05 -0.000488789 -0.00853102 0.00114422
internal_weight=158215 5742 847 4895 914 656 3981 3630 152473 12967 4689 8278 4263 659 426 139506 1250 7619 138256 3266 134990 445 402 1046
internal_count=158215 5742 847 4895 914 656 3981 3630 152473 12967 4689 8278 4263 659 426 139506 1250 7619 138256 3266 134990 445 402 1046
is_linear=0
shrinkage=0.02


Tree=150
num_leaves=25
num_cat=0
split_feature=32 50 14 51 46 0 28 22 71 68 22 59 26 54 54 54 24 14 5 14 45 16 14 6
split_gain=15.8854 26.2408 31.4898 20.5866 22.785 17.8088 13.8625 13.1175 25.2138 24.3103 17.3891 17.2305 16.5648 15.534 12.6161 17.4376 12.6516 12.1457 11.3885 12.2168 11.0751 11.0302 10.8683 9.16552
threshold=0.21128816567500777 0.039109424759590568 -0.2679573375709432 0.59289271667340071 0.0090394282231521846 -0.015914344509080965 -0.030483429469451481 0.22372948357651948 -0.70193623171615827 1.6197116814280625 0.16449504684983376 0.4764891720413193 0.58029915583213698 0.53852524411904246 0.51183616142414545 0.43222225140174991 0.42792972348313946 0.36804567324122089 0.015512566469809528 0.28607043134940818 0.004650063739846849 0.082134919161744105 0.06931481229577309 0.018325275403859743
decision_type=10 10 8 2 10 10 10 10 10 10 10 10 10 10 10 10 10 10 10 8 10 10 10 10
left_child=7 3 -3 18 22 -4 -6 9 -9 10 17 13 -12 -11 15 -10 -16 -1 21 -20 -7 -2 -5 -13
right_child=1 2 5 4 6 20 -8 8 14 11 12 23 -14 -15 16 -17 -18 -19 19 -21 -22 -23 -24 -25
leaf_value=1.4450361722906091e-05 0.00075456728682891548 -0.0064499697633613419 0.008941624356341351 -0.0061277323944387927 -0.0087841266820701848 -0.0018610526291233224 -0.0017621696276522874 -0.0060923590311957286 0.00057963563256418409 0.0063678273022783815 0.0019139631702551807 -0.00027864547844777993 -0.0019754965980871187 0.0007207691814508485 0.0022119385035050806 -0.0055300108309119366 -0.0040575523724990133 -0.0008164765854633872 0.00052380994433786428 0.0047972856700798615 0.0030116528292164334 -0.0040365572483312814 0.00059993547685428317 0.0024635468861709869
leaf_weight=138503 676 203 305 209 376 217 387 218 428 277 326 764 2325 227 682 510 286 5111 777 789 2185 203 1518 685
leaf_count=138503 676 203 305 209 376 217 387 218 428 277 326 764 2325 227 682 510 286 5111 777 789 2185 203 1518 685
internal_value=6.94111e-06 0.000884272 0.00239024 -3.64668e-06 -0.00128382 0.00296086 -0.00415969 -3.88312e-05 -0.00159906 -1.64486e-05 -4.60668e-05 0.00219959 -0.00165083 0.00538218 -0.000858941 -0.00251118 0.00074097 -1.64189e-05 0.00129926 0.00232163 0.00237953 -0.000520455 -1.04167e-05 0.00108828
internal_weight=158187 7845 2910 4935 2490 2707 763 150342 2124 148218 146265 1953 2651 504 1906 938 968 143614 2445 1566 2402 879 1727 1449
internal_count=158187 7845 2910 4935 2490 2707 763 150342 2124 148218 146265 1953 2651 504 1906 938 968 143614 2445 1566 2402 879 1727 1449
is_linear=0
shrinkage=0.02


Tree=151
num_leaves=23
num_cat=0
split_feature=43 9 8 57 41 33 46 20 46 49 46 44 71 59 18 6 42 78 44 47 42 69
split_gain=12.788 58.3724 27.4633 27.2594 36.2389 25.3579 30.1256 29.9779 24.0508 23.7471 27.0078 23.1409 21.8149 20.5196 18.7914 18.1935 16.7651 16.0268 15.5617 14.543 12.3118 11.3953
threshold=0.052023794148548304 2.3972174810779969 0.0064124132546203982 0.44766867423298656 0.048511285866492233 0.14734579120385247 0.007071556310002604 -0.017426609465368611 0.012113770685284778 0.036523364992630543 0.0075069440817183402 0.050038367292533421 -0.46622796727255161 0.50050505050505067 83.42153687882994 0.070717915228013475 -0.0053991682415385203 2.0431398716923481 0.082514668280038519 -0.022692114710380681 0.0075588812953925064 -1.2320496414526096
decision_type=10 10 10 10 10 10 10 10 8 10 8 8 8 8 10 10 8 10 8 8 10 10
left_child=5 2 9 8 -5 14 11 20 -4 10 -2 16 -9 -13 15 17 -7 -1 -3 -16 -8 -21
right_child=1 18 3 4 -6 6 7 12 -10 -11 -12 13 -14 -15 19 -17 -18 -19 -20 21 -22 -23
leaf_value=-1.4925629952659004e-05 0.00094257415200228397 -0.0043464310278541083 0.0008130195110701724 0.00064706686518587939 0.0057111463829108743 0.002367646325696401 -0.0015947476020020468 -0.0034410610630083807 -0.0015774513461760647 -0.0038421391595110594 0.0034344447058744978 0.0026016130927281013 -0.0014399964716436367 -0.00039837494997781387 -0.0025184634708334919 0.0077746335422638896 -0.0016466542536813969 -0.0011917056818585585 -0.011382181725580925 -0.0025432084807747602 0.0029093625380331584 0.0018318386655885703
leaf_weight=127245 965 313 2627 6122 421 340 272 2130 2887 222 1116 1176 2569 1207 279 313 1559 2659 318 230 569 2500
leaf_count=127245 965 313 2627 6122 421 340 272 2130 2887 222 1116 1176 2569 1207 279 313 1559 2659 318 230 569 2500
internal_value=-1.5553e-05 0.000540155 0.000802033 0.000419473 0.00129248 -7.38069e-05 -0.00105446 -0.00202815 -0.000616138 0.00280295 0.00346686 0.000204996 -0.00265064 0.00151762 -1.48619e-06 -3.76138e-05 -0.00144105 -4.92514e-05 -0.00540823 0.0015608 0.00144656 0.00200586
internal_weight=158039 14991 14360 12057 6543 143048 9822 5540 5514 2303 2081 4282 4699 2383 133226 130217 1899 129904 631 3009 841 2730
internal_count=158039 14991 14360 12057 6543 143048 9822 5540 5514 2303 2081 4282 4699 2383 133226 130217 1899 129904 631 3009 841 2730
is_linear=0
shrinkage=0.02


Tree=152
num_leaves=22
num_cat=0
split_feature=32 44 14 63 28 45 46 9 54 57 22 45 46 11 55 18 60 35 6 14 72
split_gain=18.6417 21.9865 26.6774 19.3709 13.7956 16.6054 39.3414 22.2164 18.2891 15.1497 15.8683 15.013 14.3506 13.9662 13.0807 12.1584 11.1604 10.4949 10.6114 9.53745 8.42657
threshold=0.32248816140126663 0.10184831294004694 -0.22074147548304754 0.31969845845808736 -0.26959219551997288 0.017937732423117535 0.011509024397268062 0.98581528834703136 0.79494434148730142 0.97080288796103009 0.27194227094433893 0.0044010251167310123 0.010245030462431805 0.0089602274020965673 0.16474657425533043 69.555116179911025 0.76947193841350947 -0.039522745513532596 0.03347549212562196 0.15261499846699847 0.52804499271820327
decision_type=10 10 10 10 8 8 8 10 10 10 10 8 10 10 10 8 10 10 10 10 10
left_child=4 17 -3 -4 5 6 12 -7 -9 10 11 -6 -1 -8 -11 -12 -16 -2 20 -5 -19
right_child=1 2 3 19 9 7 13 8 -10 14 15 -13 -14 -15 16 -17 -18 18 -20 -21 -22
leaf_value=0.0012493133974656541 0.0044250212410651274 -0.0044307183747193278 0.013047723765516167 0.00062326245433859981 0.00033676979098640203 0.00336096734482979 0.0051697191293160636 -0.0033333389614087871 0.00070633738252909252 0.011571349732846011 -0.0041316263620536165 -0.00013786505662461779 -0.0033884295863992778 0.0081552627311876763 -3.2130321632062914e-05 -0.00075716175505358911 0.0029719521110364452 0.0037111029429558718 -0.0074756217156401418 0.0054389463067405263 -0.0021043430934754382
leaf_weight=889 305 204 240 295 26045 275 646 578 790 205 479 120858 238 298 2064 639 1403 321 303 463 302
leaf_count=889 305 204 240 295 26045 275 646 578 790 205 479 120858 238 298 2064 639 1403 321 303 463 302
internal_value=-3.78862e-06 0.00173295 0.00365586 0.005003 -3.10023e-05 0.00117308 0.0023639 -0.000327251 -0.0013718 -6.05034e-05 -9.19998e-05 -7.39122e-05 -0.000157801 0.00537354 0.00120828 -0.0024647 0.000916378 -0.000144481 -0.00120604 0.00342292 0.000285256
internal_weight=157840 2433 1202 998 155407 3714 2071 1643 1368 151693 148021 146903 1127 944 3672 1118 3467 1231 926 758 623
internal_count=157840 2433 1202 998 155407 3714 2071 1643 1368 151693 148021 146903 1127 944 3672 1118 3467 1231 926 758 623
is_linear=0
shrinkage=0.02


Tree=153
num_leaves=24
num_cat=0
split_feature=0 54 54 37 44 7 52 47 6 31 4 16 32 44 54 31 35 57 14 60 9 9 35
split_gain=13.7105 21.0338 30.854 27.3674 16.7534 23.4094 16.2807 27.0578 21.1209 16.0946 15.3813 14.5122 13.8943 15.8712 13.7524 13.5288 15.8632 12.9649 12.9449 9.66162 6.17472 5.5828 5.38655
threshold=-0.029326788012918489 0.57514222579460672 0.58606054304804067 0.50399594939453363 -0.1588606586551711 0.013029337019600891 0.38345240073101849 -0.035987989344137099 0.016859709817031231 0.030864729195608401 -0.34331206254764313 -0.11808839160700195 0.32248816140126663 0.11770524752808344 0.41303872162117189 0.10740812646784016 -0.025388840824959593 0.1484626119839734 0.017216207993438707 0.82425510333460139 1.6427553611269132 1.343045323863769 -0.16209517407741117
decision_type=10 10 10 10 8 10 2 8 10 10 8 10 10 10 10 10 10 10 10 8 8 10 10
left_child=1 6 9 19 5 -2 18 8 -8 21 11 22 13 -12 -9 -7 -17 -14 20 -4 -1 -3 -6
right_child=4 2 3 -5 10 15 7 14 -10 -11 12 -13 17 -15 -16 16 -18 -19 -20 -21 -22 -23 -24
leaf_value=0.0016454242376229822 -0.0056181554628676926 0.0015264266718182768 0.00072769177226306451 0.0083989573638675544 -0.001593748478879222 0.0022022193473424847 -0.00079036452076507115 0.0020094669274344961 0.0072359848513439641 0.010638515150161986 1.7070150814481322e-06 0.0071215691183307197 -0.0042598277703788066 -0.00075937371846436269 -0.0018160188997272725 0.00083231089626383426 -0.0041704872812308499 0.0024969846971434968 -0.0055398930613096151 -0.0023040313424400188 -0.0027386398352500451 0.0053031737689061935 0.0046564354301167317
leaf_weight=289 203 257 1440 326 215 202 211 557 339 228 140035 200 203 8252 1358 233 249 1948 259 547 213 236 202
leaf_count=289 203 257 1440 326 215 202 211 557 339 228 140035 200 203 8252 1358 233 249 1948 259 547 213 236 202
internal_value=8.83675e-06 0.00092605 0.00212125 0.000993086 -2.89451e-05 -0.00276802 -0.000197707 0.000591241 0.00449728 0.0057313 -1.28297e-05 0.00313592 -2.57779e-05 -4.89453e-05 -0.000531315 -0.000989781 -0.00281159 0.0015697 -0.00275328 0.000109658 -0.000870775 0.00368016 0.001
internal_weight=158202 6260 3034 2313 151942 887 3226 2465 550 721 151055 617 150438 148287 1915 684 482 2151 761 1987 502 493 417
internal_count=158202 6260 3034 2313 151942 887 3226 2465 550 721 151055 617 150438 148287 1915 684 482 2151 761 1987 502 493 417
is_linear=0
shrinkage=0.02


Tree=154
num_leaves=26
num_cat=0
split_feature=18 44 53 72 44 19 52 23 44 1 6 3 6 44 7 28 52 6 78 35 8 53 44 74 54
split_gain=11.695 28.2699 33.2899 25.9413 22.8798 29.0733 19.0882 17.1386 17.5018 16.873 14.3209 13.918 17.3074 37.1443 36.0965 35.2285 29.9163 24.2918 20.8305 15.3957 14.9976 19.5944 16.749 13.3026 7.51739
threshold=71.606924261642249 0.0027441435902724192 0.012947251127851998 0.36230146915816869 0.025404107317105188 1.7239036918892376 0.61652236652236658 0.077869787707348995 0.059948603276570929 0.053987609332822879 0.04482431517779429 0.048258582342509022 0.020723423792448833 -0.12309302849888985 0.00546213330015598 -0.14214102422875138 0.23099646237003255 0.039295345200480135 -1.514979884798451 -0.086751005086833796 0.017759230756699888 0.020054294547259193 0.074067882119761466 1.1016450906951276 0.49570021689197957
decision_type=10 8 10 8 8 10 2 10 8 10 10 8 8 10 10 10 2 8 8 8 10 10 8 8 10
left_child=11 2 -2 6 5 23 -4 8 -6 -5 -9 12 13 15 18 -1 -15 -16 -14 -13 21 -21 -22 -3 -7
right_child=1 4 3 9 7 24 -8 10 -10 -11 -12 19 14 16 17 -17 -18 -19 -20 20 22 -23 -24 -25 -26
leaf_value=5.6653126930196755e-05 -0.0056907885680987274 0.0019802251517782466 -0.00036371175095264107 0.0048923705228714831 -9.7690251993216155e-06 -0.0025379644808341383 -0.0035130493222521454 -0.00028446248151977108 0.0010132275526696117 -0.00076863470625688991 -0.0050845532517375556 -0.0058881997787464122 -0.00015440086574239418 0.0013418485441457032 0.00083813289732889403 -0.0066713144739293977 -0.00015153038469921444 -0.00094829880431589663 0.004478404377544533 -0.00041873292229075527 0.001458050033582306 -0.0018930996274496052 -0.0012044819932988424 0.0061843257762624997 0.00050019999085054137
leaf_weight=203 232 1587 1216 373 6082 322 741 5401 6622 235 224 336 237 4768 15577 228 79569 4838 597 20904 3474 1730 1420 506 683
leaf_count=203 232 1587 1216 373 6082 322 741 5401 6622 235 224 336 237 4768 15577 228 79569 4838 597 20904 3474 1730 1420 506 683
internal_value=-2.13654e-05 0.000382993 -0.00150751 -0.000848792 0.000629923 0.00221943 -0.00197038 0.000361047 0.000768044 0.00275534 -0.000557768 -9.45459e-05 9.97944e-06 -0.000117944 0.000520376 -0.00596759 -8.79556e-05 0.000353546 0.00459641 -0.000492302 -0.00044019 -0.000657301 0.000563432 0.0035616 -0.000574553
internal_weight=158105 24224 2797 2565 21427 3098 1957 18329 12704 608 5625 133881 106017 84768 21249 431 84337 20415 834 27864 27528 22634 4894 2093 1005
internal_count=158105 24224 2797 2565 21427 3098 1957 18329 12704 608 5625 133881 106017 84768 21249 431 84337 20415 834 27864 27528 22634 4894 2093 1005
is_linear=0
shrinkage=0.02


Tree=155
num_leaves=26
num_cat=0
split_feature=30 45 7 46 41 54 59 54 69 44 28 46 44 45 50 6 44 53 50 78 42 45 78 47 68
split_gain=14.8599 22.5523 37.6266 62.6906 37.4334 22.3778 21.7158 20.2023 16.7323 23.949 26.572 20.6985 28.2644 20.7572 14.5651 14.2251 39.5669 37.0835 32.4741 18.2825 15.0982 22.1679 21.8456 14.1532 13.2706
threshold=0.52508524091407149 0.0087471497494089837 0.0048601200196059791 0.0085617405860593989 0.031543811603286127 0.48983028942618301 0.52807788475891937 0.43338024060299113 -0.67493190493157873 0.060411507011390649 -0.0012745422754237288 0.0057736637568546563 0.085195260925888375 0.0037916494529791596 0.014283906510516144 0.019798182724293744 -0.12309302849888985 0.024132713091028688 0.051908077306145224 2.2522849675092065 0.02371055905941322 0.0099662269948415615 -1.665758131515654 -0.0064681651703525902 -1.3599234756772856
decision_type=10 8 8 8 10 8 8 10 10 8 10 10 10 10 8 10 8 10 10 10 10 10 10 10 10
left_child=1 8 3 23 -5 7 -7 -4 9 10 -1 13 -13 -10 -11 16 -2 18 -18 20 22 -22 -17 -3 -21
right_child=15 2 5 4 -6 6 -8 -9 11 14 -12 12 -14 -15 -16 19 17 -19 -20 24 21 -23 -24 -25 -26
leaf_value=-0.0011739876239832605 -0.0039619516855966099 -0.0038268148149500519 0.00059096451249993315 -0.0021324038592876061 0.0052340205170208522 -0.00083138518130308899 0.00041850777487917882 -0.0032081881123278578 0.00068151441929748511 0.0033576331310843002 -0.0044480140963290109 0.00075960458594085713 -0.00056578032326576582 -0.00082779850996836477 -2.6151488831204808e-06 -0.0014678058997048685 4.1960853450216748e-06 -0.0067677433788238296 0.0023957981535860789 -0.0050914323374283092 -0.0025572166906594538 0.0006637043623396471 0.0014122388532348434 -0.0086470257180722761 0.00017822319060413372
leaf_weight=4635 371 509 641 1336 226 5009 7461 1784 4400 344 647 16714 5026 8703 3974 1597 72558 272 1601 302 1718 3103 14522 221 285
leaf_count=4635 371 509 641 1336 226 5009 7461 1784 4400 344 647 16714 5026 8703 3974 1597 72558 272 1601 302 1718 3103 14522 221 285
internal_value=-1.83464e-05 -0.000260875 -0.000876076 -0.00326123 -0.000996801 -0.000508727 -0.000166627 -0.00226628 -2.29052e-05 -0.000762212 -0.00166534 0.000180748 0.00055922 -0.000447039 0.000342209 0.000136801 6.39012e-06 3.89349e-05 6.60464e-05 0.000589836 0.000687551 -0.000294069 0.000981266 -0.00809576 -0.00288776
internal_weight=157959 61630 17187 2292 1562 14895 12470 2425 44443 9600 5282 34843 21740 13103 4318 96329 74802 74431 74159 21527 20940 4821 16119 730 587
internal_count=157959 61630 17187 2292 1562 14895 12470 2425 44443 9600 5282 34843 21740 13103 4318 96329 74802 74431 74159 21527 20940 4821 16119 730 587
is_linear=0
shrinkage=0.02


Tree=156
num_leaves=23
num_cat=0
split_feature=6 53 50 44 9 41 50 75 54 57 6 5 6 54 10 46 29 32 10 19 27 6
split_gain=14.4058 37.39 34.2712 35.2316 59.1528 32.6252 26.6384 29.3677 26.3109 32.7178 28.5324 24.413 35.152 29.639 27.2636 23.8986 34.6513 23.7173 22.1319 21.8371 19.0381 5.87857
threshold=0.021007743477873236 0.024132713091028688 0.050985020605297311 0.12426041513643817 0.89046443510038753 0.047384893400697077 0.051343734652707369 0.94322827435458179 0.62053604108539195 0.58787244833269947 0.016719763559126109 0.010437581735697693 0.047002483707524516 0.57514222579460672 1.2661655608792859 0.0097516897359892756 0.66235534313367983 -0.27617093460708475 0.82973693381578906 1.2245427909450595 -0.012675107338369183 0.016936342002906817
decision_type=8 10 10 10 10 10 8 10 10 8 10 10 8 10 8 8 10 8 10 10 10 10
left_child=1 2 3 5 -5 -1 11 15 9 -4 -10 14 13 -13 -2 16 -8 -17 21 -14 -16 -3
right_child=6 18 8 4 -6 -7 7 -9 10 -11 -12 12 19 -15 20 17 -18 -19 -20 -21 -22 -23
leaf_value=-4.1366845638235106e-05 -0.0014367770199743635 -0.0076349503529120647 0.0018468068325298204 -0.0041654130708283369 0.00049368989503572648 -0.0028657439101136347 0.0029262126622602992 -0.0056345742958301198 0.0036729218617522074 -0.001695456193560696 0.0004632337862872725 0.00026334854439249072 -0.002535960394845741 0.0016875002656833052 0.0026520125409104168 0.004900726263011624 -0.0091724126128156312 -0.0002699404251521344 0.00017246903323204813 0.002202822912077405 0.0071260406617398679 -0.0070090021551307419
leaf_weight=112949 273 204 1982 1235 1161 747 203 316 908 1295 872 13436 2405 9928 502 402 420 7783 200 602 298 201
leaf_count=112949 273 204 1982 1235 1161 747 203 316 908 1295 872 13436 2405 9928 502 402 420 7783 200 602 298 201
internal_value=1.3883e-05 -9.06575e-05 -6.58522e-05 -0.000136081 -0.00253567 -8.54728e-05 0.000362001 -0.000574027 0.00154567 0.000481391 0.00350253 0.000673274 0.000552783 0.000814808 0.00362942 -0.000358497 -0.00413141 -7.06084e-05 -0.0050462 -0.00148205 0.00549064 -0.00772906
internal_weight=158322 121754 121149 116092 2396 113696 36568 9124 5057 3277 1780 27444 26371 23364 1073 8808 623 8185 605 3007 800 405
internal_count=158322 121754 121149 116092 2396 113696 36568 9124 5057 3277 1780 27444 26371 23364 1073 8808 623 8185 605 3007 800 405
is_linear=0
shrinkage=0.02


Tree=157
num_leaves=22
num_cat=0
split_feature=72 49 53 54 49 10 49 49 43 71 9 42 43 34 7 2 68 22 48 6 45
split_gain=12.9923 36.7883 82.2134 58.5694 34.4347 30.1496 25.4672 33.1943 24.8766 24.2378 24.0151 20.9374 18.8685 11.5974 14.5397 15.8289 14.1476 17.6501 15.9944 10.8406 5.45132
threshold=-1.8353486864856075 0.010155074781886932 0.016477175572364649 0.57423636069098871 0.018105820426894684 0.045296600186699225 0.0091919111238235613 0.016685699596740159 0.01886120288509208 -0.36282016807326639 0.42299568016177197 -0.00030175071107790824 0.044095192764344267 -2.129575158174688e-05 0.03477748638306543 0.11029412434708942 1.4376553431387582 0.11767463573616511 -0.10872575593379601 0.017968953912868183 0.0063824696578018746
decision_type=8 10 10 10 10 8 10 10 10 10 10 10 10 8 10 10 10 10 8 10 10
left_child=1 2 8 4 9 6 11 -8 10 -3 -1 -2 -5 14 15 -7 17 -15 -18 -4 -6
right_child=5 3 19 12 20 13 7 -9 -10 -11 -12 -13 -14 16 -16 -17 18 -19 -20 -21 -22
leaf_value=-0.0049768066364103639 0.0036942683743819184 0.006663075186229237 0.008676625412895109 -0.006448680864940908 0.00086620747928868288 0.00041909050145312398 0.0060933598600819332 0.0003596465191211743 -0.0092963625582410843 0.0018280409003595133 0.0014615348980927035 -0.0038668839479316518 -7.7991614278095701e-06 -1.6257283461870025e-05 -0.0037645324832613239 0.0062607846507312286 -0.0022457740785363691 -0.0007451347845612641 0.00089543504001712956 0.0026121194374723322 -0.0036170092461564568
leaf_weight=1119 263 420 208 296 201 20066 394 279 220 253 287 280 235 113976 237 228 275 10396 8066 206 200
leaf_count=1119 263 420 208 296 201 20066 394 279 220 253 287 280 235 113976 237 228 275 10396 8066 206 200
internal_value=2.31364e-05 -0.00115688 -0.00293876 0.0011071 0.00379349 5.10032e-05 0.00318652 0.00578338 -0.00496497 0.0065549 -0.00397868 -3.30882e-05 -0.00431955 2.60889e-05 0.00046844 0.000526139 -4.23316e-05 -9.58247e-05 0.000754975 0.00500723 -0.000840796
internal_weight=158105 3645 2040 1605 1074 154460 1216 673 1626 673 1406 543 531 153244 20531 20294 132713 124372 8341 414 401
internal_count=158105 3645 2040 1605 1074 154460 1216 673 1626 673 1406 543 531 153244 20531 20294 132713 124372 8341 414 401
is_linear=0
shrinkage=0.02


Tree=158
num_leaves=24
num_cat=0
split_feature=33 44 54 34 30 44 45 69 44 54 41 57 45 41 44 50 55 48 38 50 14 30 22
split_gain=12.8136 16.0745 23.3519 31.906 18.0339 14.9132 21.3143 14.7886 36.5372 58.7904 47.1008 46.7051 41.8856 31.9155 38.9383 34.148 36.8404 31.1691 30.5216 25.6867 16.7348 13.711 13.402
threshold=0.19703363745832725 0.15576978428121704 0.59034837493232761 0.0087060913709056699 0.58688106195735312 -0.014955213198698079 0.0098047391137094809 -0.33557890163101367 0.00083595413199644153 0.65166981912155275 -0.027381365786593444 0.21189928157913093 0.019248110395275408 0.014204865160563964 0.16428337884866476 0.040768487561594909 0.49150739271547067 -0.10872575593379601 0.91869926377905486 0.067212761852046957 0.046267038760035024 0.66348420875344105 -0.016714390132981701
decision_type=8 10 10 10 10 8 10 10 8 10 10 8 10 10 10 10 10 8 10 10 10 10 8
left_child=7 2 5 4 -4 -2 -7 8 12 10 -10 -11 17 15 19 18 -17 -1 -9 -15 -16 -14 -5
right_child=1 -3 3 22 -6 6 -8 13 9 11 -12 -13 21 14 20 16 -18 -19 -20 -21 -22 -23 -24
leaf_value=0.0040043175259176066 0.0067131643852031036 0.0028663910440629428 -0.0047291062988979336 0.0057330916341855123 0.0002175895321154471 -5.5892512308078622e-05 -0.0024916178756070545 -0.00019261027109219897 -0.0044789932903948823 -0.0094429038105586054 -0.00022064523689165655 -4.5563746276379212e-05 -0.0029681410194482929 -0.00035334202173200729 0.0010192637274299328 0.0027988726588514348 0.00038125773131020307 0.00086673728308786307 0.00060091069988460672 -0.0026740768802260913 0.0055232089117827404 0.00060048225887893321 -0.0012531663756102196
leaf_weight=1179 250 237 903 208 202 6929 947 26135 853 648 47206 440 918 19780 507 2775 3334 8426 33597 1063 409 465 599
leaf_count=1179 250 237 903 208 202 6929 947 26135 853 648 47206 440 918 19780 507 2775 3334 8426 33597 1063 409 465 599
internal_value=-7.8349e-06 -0.000690736 -0.000812631 -0.00280084 -0.00500723 -0.000344284 -0.000497397 3.96518e-05 -0.000201842 -0.000434972 -0.000330795 -0.0050303 0.000840659 0.000205454 -0.000458548 0.000424926 0.0018491 0.00130939 0.000279209 -0.000636058 0.0035747 -0.00241185 0.000220297
internal_weight=158010 10275 10038 1912 1105 8126 7876 147735 60135 49147 48059 1088 10988 87600 21759 65841 6109 9605 59732 20843 916 1383 807
internal_count=158010 10275 10038 1912 1105 8126 7876 147735 60135 49147 48059 1088 10988 87600 21759 65841 6109 9605 59732 20843 916 1383 807
is_linear=0
shrinkage=0.02


Tree=159
num_leaves=25
num_cat=0
split_feature=57 44 6 54 54 10 48 43 44 53 54 72 54 59 44 10 53 59 44 57 9 54 78 9
split_gain=12.2075 36.4545 46.7285 36.9781 47.0889 68.5019 37.721 44.3285 29.2414 38.8484 35.6609 93.4985 98.5758 46.5994 47.1866 35.3045 22.8711 21.3018 18.3528 18.1173 16.6741 16.8128 13.7719 7.0163
threshold=0.37956137678952184 0.16428337884866476 0.028790627205666153 0.57574027341050227 0.58346599610030381 1.1446137516819987 -0.02925606580016232 0.015670882025268121 0.15576978428121704 0.018914673440471239 0.57514222579460672 -0.29876288659535094 0.58346599610030381 0.48050614683058218 0.040677473588450981 1.4456963644480569 0.019740411233197957 0.058572867787872469 0.027688202355814599 0.1760937927262784 0.92829732153889555 0.7072957654428581 0.14294560499442219 2.0657742780898629
decision_type=10 10 10 10 10 10 8 10 10 10 10 10 10 10 10 10 10 8 10 8 10 10 10 10
left_child=1 3 -3 6 5 -5 17 -8 10 -10 13 12 -12 14 -2 -13 -15 -1 -6 23 21 -11 -22 -4
right_child=8 2 19 4 18 -7 7 -9 9 20 11 15 -14 16 -16 -17 -18 -19 -20 -21 22 -23 -24 -25
leaf_value=-0.005741831744956372 0.0014377340999297667 0.002829613984264988 -0.0056553358308190464 0.00048738478362015308 0.00059429833161120469 0.0076726777055807832 0.00047064854639145438 -0.00077980411710538403 -0.0044117594238185847 0.0023181152186734005 -0.0051268533603226387 9.5462496435397146e-05 -0.00092414640656914547 -0.00036137653988771017 0.0001425537412812098 0.0031373312727993262 0.0024344771142917883 -0.0017704480164464492 -0.0010161515031140564 -0.0026706773209725964 -0.00055611237858134183 0.0074099597372474625 0.003072409438954652 -0.014296858405698028
leaf_weight=283 14060 253 206 1401 11104 967 18571 22741 244 588 1594 12476 9812 29783 18617 1918 1870 6098 3797 383 478 231 399 204
leaf_count=283 14060 253 206 1401 11104 967 18571 22741 244 588 1594 12476 9812 29783 18617 1918 1870 6098 3797 383 478 231 399 204
internal_value=-2.32668e-05 -0.000230847 -0.00393314 -0.000171144 0.000621772 0.00324103 -0.000458297 -0.000237165 0.000125534 0.00255435 7.32046e-05 -0.00055494 -0.00190743 0.000325162 0.000854948 0.000516707 -0.00022171 -0.00188938 0.000205207 -0.0063199 0.00362876 0.00568049 0.00170615 -0.00924088
internal_weight=158078 66008 1046 64962 17269 2368 47693 41312 92070 1940 90130 25800 11406 64330 32677 14394 31653 6381 14901 793 1696 819 877 410
internal_count=158078 66008 1046 64962 17269 2368 47693 41312 92070 1940 90130 25800 11406 64330 32677 14394 31653 6381 14901 793 1696 819 877 410
is_linear=0
shrinkage=0.02


Tree=160
num_leaves=19
num_cat=0
split_feature=66 70 44 44 53 46 53 53 47 72 52 44 44 9 46 24 40 51
split_gain=12.8908 13.9687 45.335 73.5241 60.1221 52.406 40.5367 107.519 56.5974 12.6642 22.8112 31.9636 14.495 31.629 18.4788 7.75626 13.6023 3.6587
threshold=0.99369084475895642 -0.70491811372144375 0.074697369416932738 0.085397370877142623 0.013170367965835298 0.014136544498704945 0.020765563179641202 0.017392014665839839 -0.15327845528716069 -1.2099928500945036 0.23099646237003255 0.0072405465228722052 0.05603509247644068 1.7915274827223777 0.003925608863807376 0.34619740090603318 -6.6544389192725782e-05 0.61040087992535075
decision_type=10 8 8 8 10 8 10 10 10 8 2 10 8 10 8 10 10 2
left_child=1 2 6 4 -4 -5 7 -1 -8 10 -3 -12 13 -11 -14 16 -2 -18
right_child=15 9 3 5 -6 -7 8 -9 -10 12 11 -13 14 -15 -16 -17 17 -19
leaf_value=-0.00073223228856428269 -0.0042742570324199956 0.0076581969130538052 -0.0030289776824814346 -0.0010456664253078026 0.0045304542550915015 0.0024504647493593717 0.0010834069221166362 0.0029937709146320673 -0.0036538781588606861 1.4449514083556478e-05 -0.0027684489583638073 0.00098907572213984755 0.0014014985871754963 0.0015005355798660257 -0.00035035560154357255 0.00059951615060419244 -0.0023040850325851438 0.00029745045442045341
leaf_weight=19912 357 302 258 4147 1559 1246 590 2176 1164 61783 1072 7051 2690 9777 43232 290 242 274
leaf_count=19912 357 302 258 4147 1559 1246 590 2176 1164 61783 1072 7051 2690 9777 43232 290 242 274
internal_value=-4.90631e-05 -3.3499e-05 -0.000413422 0.000976009 0.00445435 -0.000196144 -0.000833704 -0.000601114 -0.00375954 6.01868e-05 0.000809162 0.000607829 6.452e-06 0.00018443 -0.000270845 -0.00214605 -0.00308696 -0.00100193
internal_weight=158122 156959 31052 7210 1817 5393 23842 22088 1754 125907 8425 8123 117482 71560 45922 1163 873 516
internal_count=158122 156959 31052 7210 1817 5393 23842 22088 1754 125907 8425 8123 117482 71560 45922 1163 873 516
is_linear=0
shrinkage=0.02


Tree=161
num_leaves=25
num_cat=0
split_feature=72 44 50 20 5 17 42 48 6 6 46 52 46 0 10 41 46 41 14 42 72 47 29 30
split_gain=12.9622 22.8276 24.2997 23.1585 19.5097 13.0876 13.7694 11.4394 27.5001 26.6992 63.2809 78.3782 65.4367 19.4771 18.4888 18.0499 17.7369 18.5634 17.398 20.2017 18.1605 10.0431 9.83807 10.7289
threshold=2.0737796302702192 0.077840464822706359 0.050985020605297311 -0.018872341029965097 0.018479310966201049 -0.88966298838986158 -0.022413806143584066 -0.016922285815210044 0.0080119505178032156 0.010723025472992873 0.0078665738142540773 0.685349178277186 0.0057736637568546563 -0.042467505520466901 1.6738368424205394 -0.002980017934074874 0.0070878599805929959 -0.0060701709315129073 -0.13953538867222884 0.011818693273117466 -0.75004232126292181 -0.0026920819070475051 4.8094119774699253 0.63638059210165132
decision_type=10 10 10 10 10 2 10 10 8 10 10 2 10 8 10 10 10 10 10 10 10 10 10 10
left_child=7 4 3 -3 22 -6 -7 8 16 10 12 -12 -9 15 -15 -10 17 -1 20 -20 -11 -5 23 -2
right_child=1 2 -4 21 5 6 -8 9 13 18 11 -13 -14 14 -16 -17 -18 -19 19 -21 -22 -23 -24 -25
leaf_value=0.00041794694248327164 -0.0047963352509936439 0.0076713920588665973 -0.012055450476965643 -0.0087770899706010683 -0.0025682715070590488 0.011100362317915367 0.0040083819918491073 0.00019576263463419365 0.0029938171394396696 0.0019647794606881732 -0.0068969707188361465 -0.00038346038559367192 0.0019610471438397952 -0.00024606501968016338 0.0016601001117711508 -0.00098368229594133876 -0.0046128851737079419 -0.0027850707231841399 -0.00036606345922339702 0.00027234565004052662 -0.0024373344390570153 0.00053857676170866861 0.00412673686172455 0.0007909588486545412
leaf_weight=594 348 238 216 238 206 278 2046 13173 1199 645 502 1672 6870 66464 2494 556 313 507 24654 31114 3163 247 203 219
leaf_count=594 348 238 216 238 206 278 2046 13173 1199 645 502 1672 6870 66464 2494 556 313 507 24654 31114 3163 247 203 219
internal_value=-2.05994e-05 0.00107028 -0.00167872 8.01105e-05 0.00185338 0.0027017 0.00313032 -5.06624e-05 -0.000234278 0.000111231 0.000702944 -0.00253701 0.00105458 -0.000179003 -0.000231993 0.00190091 -0.00299505 -0.00179492 -0.000109405 -2.0047e-05 -0.00141717 -0.00242387 -0.000931258 -0.00228521
internal_weight=158159 4239 939 723 3300 2530 2324 153920 72127 81793 22217 2174 20043 70713 68958 1755 1414 1101 59576 55768 3808 485 770 567
internal_count=158159 4239 939 723 3300 2530 2324 153920 72127 81793 22217 2174 20043 70713 68958 1755 1414 1101 59576 55768 3808 485 770 567
is_linear=0
shrinkage=0.02


Tree=162
num_leaves=19
num_cat=0
split_feature=0 25 53 55 51 53 58 52 50 6 51 49 46 69 51 65 76 65
split_gain=17.9525 17.6016 13.7973 11.647 25.4131 23.9491 21.111 20.7527 30.3135 45.5153 29.2501 28.8055 24.1087 20.4521 19.4632 10.6941 8.55452 8.16251
threshold=-0.042467505520466901 -0.25748937224681417 0.01244194020250909 0.44758944921819982 0.017455980570734674 0.010900370658205363 0.86708213610830687 0.67781798799304283 0.02252188743419559 0.013743552798636838 0.72080650082043596 0.0087090687477147117 0.03709626144380785 0.09910841159708654 0.065313084626389364 0.1807630193304792 1.868481354529373 0.39958375564160548
decision_type=8 10 10 10 2 10 10 2 10 10 2 10 10 10 2 10 10 10
left_child=1 -1 -3 7 -5 6 -6 10 9 -9 11 -2 -12 -10 -7 16 -4 -17
right_child=3 2 15 4 5 14 -8 8 13 -11 12 -13 -14 -15 -16 17 -18 -19
leaf_value=-0.0046973946311585921 -5.3731983970360897e-05 0.0056297847837150699 0.0058831943802717061 -0.0048521051702274135 0.0017320180793071135 0.0027240663625492652 -0.0034150742611703585 0.0033471442858980928 -7.0232178988309798e-05 -0.00019949771285472997 0.001969705547224236 -0.0012903782219148134 -0.002973479205455402 0.001018504230842206 -0.00021154219113303998 -0.0014961642026446113 0.0011753999316256828 0.001071526451111499
leaf_weight=289 27852 350 455 298 2824 835 465 2815 18861 2169 3332 6536 359 7804 81334 398 360 645
leaf_count=289 27852 350 455 298 2824 835 465 2815 18861 2169 3332 6536 359 7804 81334 398 360 645
internal_value=-9.48209e-06 0.00167254 0.00228067 -3.6518e-05 -0.000192614 -0.000172223 0.00150091 0.00015543 0.000533902 0.0019655 -0.000159086 -0.000340748 0.0015325 0.000266182 -0.000239236 0.00159118 0.00330637 0.000247126
internal_weight=157981 2497 2208 155484 85756 85458 3289 69728 31649 4984 38079 34388 3691 26665 82169 1858 815 1043
internal_count=157981 2497 2208 155484 85756 85458 3289 69728 31649 4984 38079 34388 3691 26665 82169 1858 815 1043
is_linear=0
shrinkage=0.02


Tree=163
num_leaves=28
num_cat=0
split_feature=0 48 47 54 58 42 54 32 18 29 48 4 69 14 32 41 7 73 18 77 7 42 9 42 41 46 54
split_gain=12.0315 20.1682 40.009 29.4785 20.2464 18.4744 15.4514 19.2977 13.6303 22.2531 17.396 13.3986 10.9059 18.2608 44.3673 25.0404 20.5797 14.5758 19.1693 13.9289 16.9706 13.3978 30.4987 15.1469 13.0772 9.39591 7.10559
threshold=-0.029326788012918489 -0.022926854672786264 -0.06681580268107222 0.58788043065563678 0.40942334184456913 -0.027812717491578317 0.40770738334914108 0.047934483187518924 28.220716249296114 -3.53626781290331 -0.12301630737048767 0.021771295156161278 1.5860117299816829 0.35133107827030913 0.12950147927683067 0.017426662430904408 0.014414451493317009 0.27140850763825053 82.761811038885881 -0.032005584709585769 0.0088256098125657403 -0.016853892639032749 0.31130579889555171 -0.014689185781223022 0.0077662708702387348 0.0085617405860593989 0.44764324880002609
decision_type=10 10 10 10 10 10 10 10 10 8 8 8 10 10 10 10 10 10 8 10 10 10 8 10 10 10 10
left_child=1 2 8 6 -4 -6 11 -8 10 -10 -1 -3 13 21 16 -16 -15 19 24 20 -14 22 -2 -23 -19 -21 -20
right_child=12 3 4 -5 5 -7 7 -9 9 -11 -12 -13 17 14 15 -17 -18 18 26 25 -22 23 -24 -25 -26 -27 -28
leaf_value=0.0012689780718962887 -0.0031827450130580428 -0.00095382729696081301 -0.0019013711915683823 0.0076452149794753316 0.00057044890883427648 0.0060708891711324219 -0.00038131980521652163 -0.0054146773897159692 0.0034923473589354571 -0.00057197594300121147 -0.0040226878232550263 0.0056515013045730011 -0.0016539446945016067 -0.0028838045739043843 0.0016619372890373802 -0.0032163807015443205 0.0023081921112859207 0.00067466032563032294 0.0010224135897043021 0.0018673774150622965 0.0030396611863954116 0.0011672476546814013 -0.00022797471276987384 1.9347620614677785e-05 -0.0018431370168330145 0.0056407470747909215 0.004556934741005359
leaf_weight=223 1393 207 217 200 387 1443 629 609 540 1199 420 208 535 2405 2092 561 359 2556 243 397 1061 3288 18548 116022 1745 329 377
leaf_count=223 1393 207 217 200 387 1443 629 609 540 1199 420 208 535 2405 2092 561 359 2556 243 397 1061 3288 18548 116022 1745 329 377
internal_value=2.0595e-05 0.000878243 0.00161129 -0.000872708 0.00366113 0.00434626 -0.00175212 -0.00287167 -0.000150231 0.000768966 -0.00263665 0.00158173 -1.48639e-05 -5.27964e-05 -0.00119195 0.000654861 -0.00296492 0.000742408 0.000125559 0.00204821 0.00100063 -8.45948e-06 -0.000488316 7.17285e-05 -0.00034821 0.00434388 0.00341063
internal_weight=158193 6282 4429 1853 2047 1830 1653 1238 2382 1739 643 415 151911 144668 5417 2653 2764 7243 4921 2322 1596 139251 19941 119310 4301 726 620
internal_count=158193 6282 4429 1853 2047 1830 1653 1238 2382 1739 643 415 151911 144668 5417 2653 2764 7243 4921 2322 1596 139251 19941 119310 4301 726 620
is_linear=0
shrinkage=0.02


Tree=164
num_leaves=24
num_cat=0
split_feature=32 44 54 0 48 44 47 3 54 19 45 45 33 43 53 24 25 49 37 0 5 34 69
split_gain=13.6111 21.4806 14.5144 13.7129 25.4326 27.4354 24.6131 15.1848 14.527 14.4095 18.4952 16.6082 13.9666 21.9672 14.9402 12.4868 12.3438 12.0854 10.5661 7.54965 6.88105 6.23474 6.14946
threshold=0.32248816140126663 0.1062109515439026 0.47271521736197358 -0.032353043915001982 -0.024505980813748215 0.082341383070723154 -0.056821410891407513 -0.10576149486106821 0.52518227708888376 -2.1238663735299004 0.0061328673242853453 0.00650469559953493 0.14734579120385247 0.067346497821808363 0.020841569645630654 -0.4672152558603499 0.66986652719782847 -0.078011489997306657 -0.29010420874337356 -0.010043067301396312 0.02227317623383723 0.0018089123930932506 -0.20823059230748422
decision_type=10 10 10 8 8 8 10 8 10 8 10 10 8 10 10 8 8 10 10 10 10 10 8
left_child=3 15 -3 4 6 7 17 -6 -8 10 16 -12 14 -14 -11 21 -5 -1 -4 -17 -21 -2 -20
right_child=1 2 18 9 5 -7 8 -9 -10 12 11 -13 13 -15 -16 19 -18 -19 22 20 -22 -23 -24
leaf_value=0.0032733660758250504 0.0040361648263147502 0.01161877463997554 0.0076783933747311172 -0.0010172915183467403 0.005017231504776367 -0.0048056435201145296 0.00099718091246705316 -0.00056149827508217038 0.0056067193219990451 5.0385479753638806e-05 0.0032145600458172376 -0.00068142296007716989 -0.00080547052950460723 0.0012137876335140425 -0.00069336328906233452 -0.0066038559453868049 -0.0036846099544454369 -0.00017649244699045031 -0.0033706989025538239 0.0026054305339075039 -0.0057732609969988529 -0.00025524122230917884 0.0020624555448724748
leaf_weight=370 298 267 249 992 208 393 384 1007 946 125579 399 2313 12054 1817 6906 233 930 1468 201 239 232 226 422
leaf_count=370 298 267 249 992 208 393 384 1007 946 125579 399 2313 12054 1817 6906 233 930 1468 201 239 232 226 422
internal_value=-2.76854e-05 0.0014772 0.00345439 -5.05755e-05 0.0010044 -0.00104288 0.00204418 0.000442434 0.0041157 -8.39653e-05 -0.00118188 -0.000117213 -4.91811e-05 -0.00065297 1.40241e-05 -0.000356387 -0.00268227 0.000542686 0.00219702 -0.00209645 -0.000631356 0.00197714 0.000798077
internal_weight=158133 2367 1139 155766 4776 1608 3168 1215 1330 150990 4634 2712 146356 13871 132485 1228 1922 1838 872 704 471 524 623
internal_count=158133 2367 1139 155766 4776 1608 3168 1215 1330 150990 4634 2712 146356 13871 132485 1228 1922 1838 872 704 471 524 623
is_linear=0
shrinkage=0.02


Tree=165
num_leaves=28
num_cat=0
split_feature=33 46 71 46 20 68 18 42 52 45 2 42 71 60 78 9 42 50 50 48 30 18 51 69 26 14 32
split_gain=11.4355 26.6471 29.3253 27.8654 27.5664 23.6825 22.1545 16.9567 16.2793 15.3817 15.3222 14.7614 14.4798 14.2751 13.9089 16.6941 14.3976 14.0779 13.6449 13.5069 11.0907 9.96076 9.8095 8.82645 8.72714 8.71496 4.43004
threshold=0.12283097897120086 0.0045607764343140013 -0.2461520413982303 0.003925608863807376 -0.017426609465368611 1.4376553431387582 83.42153687882994 0.053456757705160791 0.76005008063831603 0.0077167530520087122 0.045823441904603864 0.055434037997193826 -0.8158354079276523 0.10062247362235742 2.0431398716923481 -0.44381680235841231 0.0065143588825852259 0.055229490138811184 0.019688993302219963 -0.070227093881554278 0.8035890858151129 47.225721691087337 0.71737246946451971 0.19285042897278901 0.95737190821166818 0.14699960045036789 0.032976389519289891
decision_type=8 8 8 10 10 10 10 10 2 10 10 10 8 10 10 10 10 8 10 8 10 10 2 10 8 8 8
left_child=6 2 3 -2 7 11 14 19 24 -7 18 -6 -12 -5 15 16 -1 -17 -8 -3 21 -16 -22 -20 -4 -14 -10
right_child=1 4 8 13 5 9 10 -9 26 -11 12 -13 25 -15 20 17 -18 -19 23 -21 22 -23 -24 -25 -26 -27 -28
leaf_value=-0.00070183554970837793 -0.0024731892595019436 -0.002399310694588902 -0.0015165219068719452 0.0064281483250309482 -0.0010405765936762248 0.0028565374700781406 -0.00014949383890568109 0.0044919369267999287 -0.0016112122916450834 -0.00064924076221779749 -0.0022322008449894831 -0.0031508382597620148 -8.1910797411244789e-05 0.0028462105335107495 0.0013782394129614945 5.8657005957853986e-05 0.0026824350934767987 -0.00068866159721025556 0.0029214727967010459 0.00090715159297168643 -0.003459433543818953 -0.0010867349278405433 0.00014476784831733935 0.0044123017532408061 0.0035834448204891934 0.0019228517750118001 -0.0053446942686887298
leaf_weight=694 204 223 293 216 10842 982 212 311 204 1016 225 644 883 605 615 124196 1387 7672 352 2379 652 1348 228 360 220 1103 200
leaf_count=694 204 223 293 216 10842 982 212 311 204 1016 225 644 883 605 615 124196 1387 7672 352 2379 652 1348 228 360 220 1103 200
internal_value=4.03116e-06 -0.00046554 0.00174884 0.00407212 -0.000728016 -0.00110923 6.55909e-05 0.00103569 -0.000847495 0.00089945 0.00172768 -0.00145887 0.000821881 0.00571533 2.74722e-05 5.6872e-05 0.00183381 2.88013e-05 0.00388973 0.000506339 -0.00135654 -0.00051833 -0.00322134 0.00521459 0.00151362 0.00136789 -0.00384691
internal_weight=158266 18339 1942 1025 16397 13484 139927 2913 917 1998 3135 11486 2211 821 136792 133949 2081 131868 924 2602 2843 1963 880 712 513 1986 404
internal_count=158266 18339 1942 1025 16397 13484 139927 2913 917 1998 3135 11486 2211 821 136792 133949 2081 131868 924 2602 2843 1963 880 712 513 1986 404
is_linear=0
shrinkage=0.02


Tree=166
num_leaves=28
num_cat=0
split_feature=0 54 54 37 54 45 31 37 9 31 52 57 43 41 5 71 31 37 6 41 47 10 46 10 46 46 66
split_gain=13.2082 19.472 33.7137 20.7227 18.7162 25.8889 22.2035 16.4644 13.899 15.8787 13.6169 37.4747 35.9567 27.6633 26.0428 22.623 18.3849 14.8314 12.7007 45.6287 37.1358 18.5602 17.6034 19.2623 16.3546 10.8271 4.35822
threshold=-0.029326788012918489 0.57514222579460672 0.58606054304804067 0.50399594939453363 0.41303872162117189 0.0049818087455437065 -0.012729124000938561 0.39781771859201193 1.1822956293552656 0.002752572533641862 0.88789462569950384 0.47564842984582073 0.052023794148548304 0.015812499295069896 0.016317998113349639 -0.16803296276801202 0.0043855857731901491 -0.41008409456991246 0.019910709692244181 0.047384893400697077 -0.14112847084721039 0.66090461862246885 0.0044955487679037938 1.2175533667883058 0.0036476436852288228 0.011835908005302669 0.70895624181580108
decision_type=10 10 10 10 8 8 10 10 10 10 2 8 10 10 10 8 10 10 10 10 8 8 10 10 8 10 10
left_child=1 4 8 25 6 -6 26 -7 -3 -10 18 14 13 -13 17 -14 -16 -12 19 20 -2 -21 24 -24 -20 -4 -1
right_child=10 2 3 -5 5 7 -8 -9 9 -11 11 12 15 -15 16 -17 -18 -19 22 21 -22 -23 23 -25 -26 -27 -28
leaf_value=0.0063651761021101174 -0.003489077789072377 0.0017895578391710068 -0.0028437526247801527 0.0075539212350247157 -0.0066682642935812541 -0.0014331428599673845 -0.0012954438147773112 0.0030749278135329306 0.0043480493064378071 0.012026455002965716 -0.0030074835375778074 0.0023037205628768953 0.0044677974170628373 -0.0018251706798990399 -0.0053862502644985277 0.0018683279689032954 0.0014339225606707757 0.0015155306377754375 0.0040336684857482175 -0.005966279359142521 -5.7991104347509814e-05 -0.0021095550023650877 -9.7555610048933878e-05 0.0010104684329702229 -0.0041856051845020077 0.00078669872950581053 0.003917698719348931
leaf_weight=205 388 287 463 325 226 1795 320 509 226 209 210 591 819 603 689 579 299 1055 243 215 115025 493 13685 15503 1172 1504 201
leaf_count=205 388 287 463 325 226 1795 320 509 226 209 210 591 819 603 689 579 299 1055 243 215 115025 493 13685 15503 1172 1504 201
internal_value=3.78738e-05 0.000937331 0.00209552 0.000906236 -0.00013448 -0.000947452 0.00269326 -0.000311497 0.00586169 0.00811468 6.46566e-07 0.00104375 0.00268338 0.000132218 -0.000842059 0.00485919 -0.00327401 0.00105687 -3.37911e-05 -0.000129329 -9.82376e-05 -0.00518759 0.00032865 0.000434342 -0.00184887 0.000131098 0.00579361
internal_weight=157839 6270 3014 2292 3256 2530 726 2304 722 435 151569 4845 2592 1194 2253 1398 988 1265 146724 116121 115413 708 30603 29188 1415 1967 406
internal_count=157839 6270 3014 2292 3256 2530 726 2304 722 435 151569 4845 2592 1194 2253 1398 988 1265 146724 116121 115413 708 30603 29188 1415 1967 406
is_linear=0
shrinkage=0.02


Tree=167
num_leaves=25
num_cat=0
split_feature=32 50 34 51 28 47 8 57 38 50 6 45 46 34 72 38 47 35 50 26 71 78 0 4
split_gain=11.413 13.5487 18.1447 16.9289 12.9278 18.1773 53.8847 21.2143 17.3469 16.7942 53.0743 16.3175 42.8992 28.1677 24.7882 22.8033 18.2336 15.273 10.7334 10.0338 8.16379 7.21531 12.0659 5.22714
threshold=0.32248816140126663 0.039332976696293438 0.0021459308681759377 0.63665315576143611 -0.19869186530094993 -0.12747583129116555 0.016246760485905048 0.63538281766464011 0.69995949669017621 -0.055131984735716004 0.014189347193580242 0.017937732423117535 0.011509024397268062 0.021142159949618246 -0.53665646985986537 0.56075864661266206 -0.09501233209652786 -0.15114556791267997 0.049195753477018773 1.2753723001395019 1.0812384487080815 -1.1572494674198841 -0.011576566100858996 0.43328264884592432
decision_type=10 10 10 2 8 8 8 8 8 8 8 10 10 10 10 10 10 8 10 10 10 10 10 10
left_child=4 3 18 21 11 6 7 -6 -8 10 -7 12 16 14 -13 -14 -1 -11 -3 -15 -4 -2 -23 -5
right_child=1 2 20 23 5 9 8 -9 -10 17 -12 13 15 19 -16 -17 -18 -19 -20 -21 -22 22 -24 -25
leaf_value=-0.0059530136864903464 -0.00071472854447336503 0.0095507179593118073 0.0042483139113527833 -0.0011018715435546812 -0.0015821651479216384 0.003997502318781411 0.0029152350025600359 -0.0047573290380233633 -0.00046579508431338567 -0.0029891658997273298 -0.00066134508494214515 0.0017533663492328121 -0.0015680557271949525 0.0029918174012378215 -0.0031153529353749989 0.0049493110862643963 0.00034352317087845476 -6.1921648341521846e-05 0.0019179064269876755 -0.0022298041598572071 -0.0065587286294813011 -1.3473210949198188e-05 0.0064599073591730914 -0.0057242498898727812
leaf_weight=236 266 306 261 213 296 921 217 479 967 1058 1484 228 251 838 1162 1917 3429 142158 289 242 250 254 273 301
leaf_count=236 266 306 261 213 296 921 217 479 967 1058 1484 228 251 838 1162 1917 3429 142158 289 242 250 254 273 301
internal_value=-3.15736e-05 0.00133306 0.00296116 -4.43425e-05 -5.27187e-05 -9.59338e-05 -0.00200918 -0.00610567 0.000673418 -7.0168e-05 0.00158687 0.000715077 0.00129208 -0.000646702 -0.00252912 0.00352144 -2.67321e-05 -9.80191e-05 0.00533221 0.00177428 0.000191406 0.00178589 0.00314015 -0.0028699
internal_weight=158296 2413 1106 1307 155883 147580 1959 775 1184 145621 2405 8303 5833 2470 1390 2168 3665 143216 595 1080 511 793 527 514
internal_count=158296 2413 1106 1307 155883 147580 1959 775 1184 145621 2405 8303 5833 2470 1390 2168 3665 143216 595 1080 511 793 527 514
is_linear=0
shrinkage=0.02


Tree=168
num_leaves=22
num_cat=0
split_feature=32 44 14 63 42 44 5 0 43 14 45 46 70 43 58 45 72 27 8 60 0
split_gain=14.5082 36.4496 33.3778 26.181 24.4193 17.6106 22.7459 24.6843 27.2589 17.6333 24.2149 30.6831 14.2766 27.0731 13.6986 12.6452 11.6508 11.7963 10.5838 9.2831 7.56279
threshold=0.25377911881932386 0.10184831294004694 -0.2679573375709432 0.31969845845808736 0.03108295675117401 0.11987758949867323 0.038688058690428344 -0.026917332432280557 0.051227593454310501 -0.25424008393302394 0.018438701294419196 0.014122439800125645 -1.2417227077992512 0.0050476058442934244 0.041972763948346641 0.031286419310944731 0.14287104566711675 -0.05322239844473136 0.0072738247015345665 0.16419481539670075 -0.0095868877534841506
decision_type=10 10 8 10 10 10 10 10 10 8 10 10 8 10 8 10 10 10 10 10 10
left_child=5 4 -3 20 16 9 7 -7 -9 10 11 -1 13 -11 -14 -12 19 -18 -5 -2 -4
right_child=1 2 3 18 -6 6 -8 8 -10 12 15 -13 14 -15 -16 -17 17 -19 -20 -21 -22
leaf_value=0.0020621059614455393 -0.000270667854459838 -0.0055143262500512843 0.016459424916017543 -0.0016189722514967648 -0.006516813160183375 0.0038408238826138897 -0.0080585417093563729 -0.0017480066404687812 0.00043407605293119961 -0.0027450568583413004 -0.0046969918853949685 0.0055006778046158677 0.00086112150351175113 0.00027938581215513459 -4.5151004630303304e-06 0.00066973166907135259 0.0021292218744600696 -0.0023090140854967155 0.0030637659721445961 0.0031910796360106277 0.0072525945910664868
leaf_weight=2293 293 214 211 228 337 330 243 4349 2696 1068 354 529 3668 1209 135818 726 537 911 1273 551 242
leaf_count=2293 293 214 211 228 337 330 243 4349 2696 1068 354 529 3668 1209 135818 726 537 911 1273 551 242
internal_value=2.12423e-05 0.00110421 0.00302351 0.00384552 -0.000478327 -1.26432e-05 -0.000949993 -0.000750813 -0.0010017 3.63709e-05 0.00136254 0.00233723 -1.26972e-07 -0.00157068 2.55078e-05 -0.00118224 0.000260794 -0.000826777 0.00256858 0.00212781 0.00805727
internal_weight=158080 4797 2168 1954 2629 153283 7618 7375 7045 145665 3902 2822 141763 2277 139486 1080 2292 1448 1501 844 453
internal_count=158080 4797 2168 1954 2629 153283 7618 7375 7045 145665 3902 2822 141763 2277 139486 1080 2292 1448 1501 844 453
is_linear=0
shrinkage=0.02


Tree=169
num_leaves=23
num_cat=0
split_feature=9 49 53 48 45 50 46 60 0 48 49 46 54 46 23 56 36 9 18 20 47 54
split_gain=17.1676 27.7201 26.49 20.9897 14.1362 13.9436 29.4543 12.9482 11.1691 20.4619 33.3548 28.0469 23.1249 18.1599 10.691 14.6527 15.0379 12.5727 12.4391 18.3894 12.6505 10.4988
threshold=-0.26552305515814395 0.0032320902334455064 0.013131585799563675 -0.0073846617464048405 0.0053969277387888792 0.055229490138811184 0.0080154235139374523 0.080881963450163338 -0.029326788012918489 -0.022926854672786264 0.017568464436558243 0.010593719277359382 0.41024177497415332 0.0099375979449127742 0.10698200977574902 0.93650786541011222 0.18869087822684733 1.1882328786270768 71.331456706341228 -0.0051852752534169424 -0.0029794367717161925 0.57113454450380607
decision_type=8 10 10 8 10 10 10 10 8 10 10 8 10 10 10 8 8 10 10 10 10 8
left_child=1 2 -1 7 -4 6 -5 -3 9 11 12 13 -11 -2 18 17 -17 -16 20 -20 -10 -13
right_child=8 3 4 5 -6 -7 -8 -9 14 10 -12 21 -14 -15 15 16 -18 -19 19 -21 -22 -23
leaf_value=-0.0060074921551317344 0.0025549214872264405 0.0076817117246523849 0.0047556051712998792 0.0012573385805511367 -0.0037484477052654613 0.0053199274504924102 -0.006013779183845212 0.0030755448319969509 1.9165824524517774e-05 0.0018212366713897441 0.0042884371173327815 -0.0042831369879502354 -0.0041938404173789117 0.0072170910657007193 -0.0021647746956368007 0.0025326636395809235 -0.00032475000625100406 -0.0003995282455277255 0.0014574265079551547 0.00012505222105944607 -0.00036672311986973182 0.00047699372525872644
leaf_weight=337 1550 328 205 2125 222 256 262 270 82611 331 378 257 1033 495 2525 590 2326 2424 2807 16544 38177 2022
leaf_count=337 1550 328 205 2125 222 256 262 270 82611 331 378 257 1033 495 2525 590 2326 2424 2807 16544 38177 2022
internal_value=-9.98254e-06 0.00128258 -0.00214118 0.00209068 0.00116355 0.001323 0.000845059 0.00547245 -4.36033e-05 0.000797429 -0.00103155 0.0015348 -0.00248938 0.0032346 -7.8092e-05 -0.000795576 0.00032842 -0.00145818 -3.78051e-05 0.000432927 -0.000113239 7.89474e-06
internal_weight=158075 4005 764 3241 427 2643 2387 598 154070 6066 1742 4324 1364 2045 148004 7865 2916 4949 140139 19351 120788 2279
internal_count=158075 4005 764 3241 427 2643 2387 598 154070 6066 1742 4324 1364 2045 148004 7865 2916 4949 140139 19351 120788 2279
is_linear=0
shrinkage=0.02


Tree=170
num_leaves=24
num_cat=0
split_feature=19 53 14 42 54 22 51 1 18 43 71 48 44 52 4 45 48 7 45 10 44 35 44
split_gain=10.3235 24.2711 17.5492 21.0207 32.2529 19.4063 15.2025 19.9139 11.5088 33.4934 19.6258 17.4266 25.9383 11.9044 11.0123 31.6547 23.5824 47.006 31.2437 21.158 13.6819 8.77415 10.2474
threshold=2.0666093175395828 0.01121179493763527 -0.056201939860985477 0.022983757134855235 0.57423636069098871 0.12194151872976906 0.90394738527351215 0.062583914851478864 78.581799854620868 -0.0033064686172787901 -0.1751136644006778 -0.068583947577863888 0.027968604964057623 0.61771370526644798 -0.065904585637425281 0.0044089297127562063 -0.10872575593379601 0.0097194512283439363 0.018619044111080962 1.59806129762523 0.040677473588450981 0.040245195343904548 0.063232366629696127
decision_type=10 10 8 10 8 10 2 10 10 8 8 10 10 2 8 10 8 8 10 10 10 10 10
left_child=8 21 6 4 -4 -5 7 -3 14 10 -10 13 -13 -11 15 20 17 -16 -18 -17 -1 22 -2
right_child=1 2 3 5 -6 -7 -8 -9 9 11 -12 12 -14 -15 16 19 18 -19 -20 -21 -22 -23 -24
leaf_value=-0.0039533937310853775 -0.0010251037328767832 -0.0046418621789629712 -0.00034880839247538708 0.001190566400300932 -0.0032283886809511054 -0.0022381001013455897 -0.0080997905557773555 0.0016028199435672407 -0.0045500735410999313 0.00038712433824311014 0.00078546554034610418 0.0030152880295267804 0.00060141212909373967 -0.0033074547509494034 -0.0046938168522361792 0.00033796062216176481 -5.5024187272112172e-05 -0.00054072475698753344 0.0052292235594959676 0.0034166657878028635 -0.00040508421452161629 0.0041495157226354466 0.0031609677302280371
leaf_weight=1048 245 355 4328 1930 1312 659 204 301 358 302 217 1652 5942 518 405 20279 111371 1505 586 2634 1577 291 221
leaf_count=1048 245 355 4328 1930 1312 659 204 301 358 302 217 1652 5942 518 405 20279 111371 1505 586 2634 1577 291 221
internal_value=9.84574e-06 -0.000617244 -0.00090407 -0.000619441 -0.00130438 0.000871815 -0.00362137 -0.00212785 5.14707e-05 0.00074505 -0.00392014 0.00106453 0.00136379 -0.0017028 6.72855e-06 0.000382082 -7.74405e-05 -0.00228048 -3.98185e-05 0.000620494 -0.00169764 0.00282058 0.00110921
internal_weight=158240 9846 9089 8229 5640 2589 860 656 148394 8989 575 8414 7594 820 139405 25538 113867 1910 111957 22913 2625 757 466
internal_count=158240 9846 9089 8229 5640 2589 860 656 148394 8989 575 8414 7594 820 139405 25538 113867 1910 111957 22913 2625 757 466
is_linear=0
shrinkage=0.02


Tree=171
num_leaves=15
num_cat=0
split_feature=22 30 6 44 69 36 9 6 53 68 44 20 50 22
split_gain=11.3693 23.323 11.4379 18.7009 44.3663 25.525 16.319 12.6332 40.2891 41.0347 40.6757 21.2117 19.8593 16.5583
threshold=-0.34519108244699315 0.67736481949312821 0.047002483707524516 0.15576978428121704 -0.78667009092234585 -0.2125594068656862 1.7740834498376821 0.019798182724293744 0.021694370836547013 0.48685519603481547 -0.12918327945539967 -0.036550719043246964 0.051908077306145224 0.085852982252289725
decision_type=8 10 10 10 8 10 10 10 10 10 8 10 10 10
left_child=1 -1 7 5 -5 -4 -7 8 10 -10 -2 13 -13 -9
right_child=2 -3 3 4 -6 6 -8 11 9 -11 -12 12 -14 -15
leaf_value=0.0090828360522290739 -0.0036771000189441756 -0.0048163774591489378 0.0051700025564426931 -0.011041791110062293 0.0011405484022467651 -0.001957536301722229 0.0013128011867052803 0.0010211965309347656 -0.0013862284542747096 -0.0057753792844279193 1.1871621102440177e-05 0.00042473874880280277 -0.0011989418890836696 0.0038260135597547994
leaf_weight=331 390 256 335 268 252 1828 698 4645 920 257 119786 23814 3498 1103
leaf_count=331 390 256 335 268 252 1828 698 4645 920 257 119786 23814 3498 1103
internal_value=4.38055e-05 0.00281973 3.34485e-05 -0.00111709 -0.00460269 -0.000481481 -0.00117056 5.86605e-05 -3.57467e-05 -0.00371647 3.162e-07 0.000405251 0.000172738 0.00150948
internal_weight=158381 587 157794 3381 520 2861 2526 154413 121353 1177 120176 33060 27312 5748
internal_count=158381 587 157794 3381 520 2861 2526 154413 121353 1177 120176 33060 27312 5748
is_linear=0
shrinkage=0.02


Tree=172
num_leaves=26
num_cat=0
split_feature=0 49 10 41 26 53 10 43 59 59 49 4 45 6 48 49 46 53 54 54 52 53 71 42 20
split_gain=12.6221 13.0566 50.9959 42.7841 29.0439 25.4978 22.7583 19.6003 133.454 29.354 23.5057 15.6344 19.8655 12.7744 18.1902 20.2054 19.536 17.9824 17.6055 15.3569 12.1027 9.88119 8.74936 6.44889 6.76408
threshold=-0.034281958134547423 -0.0098971465723630119 1.6738368424205394 -0.0064431948969487221 1.9367465618008453 0.011791383011281712 0.43161558759342439 -0.030878419575338097 0.27812512211324297 0.59918614374539481 -0.0022538874578417185 -0.34331206254764313 0.013277514541601062 0.037879804488164193 -0.024505980813748215 0.015442926101243872 0.010695490078669895 0.020968546194878163 0.52518227708888376 0.46905587540081789 0.58923790229013095 0.017251240471833355 1.4300342099977672 -0.011945528554004324 -0.016688978335436696
decision_type=10 8 10 10 8 10 10 8 8 8 10 8 10 8 10 10 10 10 10 10 2 8 10 8 10
left_child=13 2 4 21 5 -2 -6 8 10 -10 -3 20 -13 14 16 19 18 -18 -1 -16 -9 -4 23 24 -15
right_child=1 7 3 -5 6 -7 -8 11 9 -11 -12 12 -14 22 15 -17 17 -19 -20 -21 -22 -23 -24 -25 -26
leaf_value=0.0010163366842593819 -0.0024486942671951561 0.012853239527777657 0.0027181493317090699 0.011669825026528063 -0.0049764427950685884 -0.00028244615145871596 -0.0019962478838890713 0.00030494538598442312 0.0014584790816443863 -0.0032378599723862289 0.0046765447759129523 3.4942682800541e-05 -0.0009026161149765159 0.0010654043791519421 0.00043299918783485395 0.0036179102421946751 -0.0017166362124735885 0.0032816631928298135 0.0054261874801674707 -0.0059944469927419829 0.0056945213930661084 -0.0066366621600058686 0.0023182437247070355 -0.0039251802445333947 -0.0019078530737401261
leaf_weight=419 1180 200 687 354 235 21169 1288 231 844 1025 516 117804 7827 234 524 271 577 297 919 339 254 208 319 210 248
leaf_count=419 1180 200 687 354 235 21169 1288 231 844 1025 516 117804 7827 234 524 271 577 297 919 339 254 208 319 210 248
internal_value=-2.0091e-05 -5.01746e-05 -0.00046724 0.0034704 -0.000673481 -0.000491186 -0.00334514 3.12194e-05 0.00175483 -0.00105775 0.00909066 -4.1073e-06 -1.79731e-05 0.0010413 0.00163669 -0.000421145 0.00269227 0.000363429 0.0042106 -0.00191898 0.00357613 0.00113616 -0.000926877 -0.00219048 -0.000906832
internal_weight=158179 153822 25121 1249 23872 22349 1523 128701 2585 1869 716 126116 125631 4357 3346 1134 2212 874 1338 863 485 895 1011 692 482
internal_count=158179 153822 25121 1249 23872 22349 1523 128701 2585 1869 716 126116 125631 4357 3346 1134 2212 874 1338 863 485 895 1011 692 482
is_linear=0
shrinkage=0.02


Tree=173
num_leaves=27
num_cat=0
split_feature=33 20 26 46 43 41 32 48 18 72 54 54 41 52 52 46 9 18 40 2 45 10 40 32 46 0
split_gain=14.2493 21.7256 18.8493 16.9613 27.4198 15.9297 15.7362 15.4407 14.5192 12.2 40.4284 83.3988 32.8094 31.8255 52.0584 31.4872 23.2666 15.68 21.2445 16.8143 11.5954 21.7845 19.1736 7.91982 7.77951 8.13289
threshold=0.19703363745832725 -0.018516126517602923 0.84311398538238613 0.0071743218066912407 0.052023794148548304 -0.010205917641141591 -0.12679452580558223 -0.0018044692902551283 53.640289891433333 -1.364139884978534 0.57514222579460672 0.58494636763893593 -0.013610763243886269 0.7169427045306076 0.79529539088362633 0.0057991106797307497 0.43396107114585947 82.761811038885881 -0.0019752963985362015 0.037939797126795301 0.0068845295677401859 1.3531424951895297 -0.0012130077263567132 0.0074490222364250189 0.0071360513986925972 0.0065149017665968598
decision_type=8 10 10 8 8 10 10 10 10 8 10 10 10 2 2 10 10 10 8 10 10 10 8 10 8 10
left_child=9 2 24 5 6 -3 -5 -7 -6 10 13 16 -13 15 -15 -1 -12 20 -19 -20 22 -22 -11 -4 -2 -26
right_child=1 3 23 4 8 7 -8 -9 -10 17 11 12 -14 14 -16 -17 -18 18 19 -21 21 -23 -24 -25 25 -27
leaf_value=-0.002134373669822132 -0.0038200472507155065 0.0069992618236085812 0.0055749853328341302 0.00080931748502837558 -0.0024655302362629394 -0.0014367762411167917 -0.0029039218318136391 0.0013567177116651152 0.00095372632020618287 -0.0014523937830398582 -0.011878936250930708 0.0047746667292100729 -0.0009267790236808654 0.0053194757944374079 -9.6150247554037395e-06 0.0014018902656323534 -0.0042494517345214866 -0.0050631832710996607 0.0029561562699409859 0.00061645602177129422 -8.7058467451357762e-06 0.00099202769581868059 -9.9688822905044018e-05 0.0015355992190034574 -0.00043609527570561703 0.0034846118364859359
leaf_weight=1129 237 238 351 345 864 1391 2786 1225 1366 5673 284 463 1832 1451 1003 3091 235 248 797 3334 53135 12072 63231 396 801 218
leaf_count=1129 237 238 351 345 864 1391 2786 1225 1366 5673 284 463 1832 1451 1003 3091 235 248 797 3334 53135 12072 63231 396 801 218
internal_value=2.263e-06 -0.000720031 0.00114671 -0.00117551 -0.00183849 6.9352e-05 -0.00304534 -0.000381353 -0.000142537 5.2156e-05 0.000745916 -0.00126394 0.000373693 0.00159371 0.00340448 0.000539683 -0.00849615 4.6068e-06 0.00118219 0.0015242 -3.38374e-05 0.000157312 -0.000214759 0.00366043 -0.000348449 0.000409804
internal_weight=158196 10218 2003 8215 5361 2854 3131 2616 2230 147978 9488 2814 2295 6674 2454 4220 519 138490 4379 4131 134111 65207 68904 747 1256 1019
internal_count=158196 10218 2003 8215 5361 2854 3131 2616 2230 147978 9488 2814 2295 6674 2454 4220 519 138490 4379 4131 134111 65207 68904 747 1256 1019
is_linear=0
shrinkage=0.02


Tree=174
num_leaves=19
num_cat=0
split_feature=19 52 44 14 63 71 49 54 16 70 53 15 72 30 37 54 45 69
split_gain=11.3336 21.0902 18.1191 22.47 19.585 35.1397 20.509 17.2808 17.4613 15.1962 16.0771 15.0206 14.1151 10.7525 10.6878 25.8197 19.898 8.78362
threshold=1.9330776415161919 0.96823770491803296 0.055703942813936098 -0.098702178433272433 0.93683647019046556 -0.33560859129883364 0.011332332952429526 0.6347130796384689 0.095389379885484141 -0.55174313167381117 0.014559209588940875 0.14176398920074609 0.78565041995016427 0.39905279518261022 0.12481120930734153 0.26539476357806663 0.003420358906767959 -0.90283376319590725
decision_type=8 2 8 8 10 8 10 10 8 10 10 10 10 10 8 8 10 8
left_child=1 11 4 -4 5 6 -2 8 -5 10 -6 14 -13 -11 16 -16 -1 -7
right_child=2 -3 3 7 9 17 -8 -9 -10 13 -12 12 -14 -15 15 -17 -18 -19
leaf_value=0.0011026819727216336 -0.0040136425078710521 0.0038659778164418859 -0.005034814165557875 0.00090592612384136244 0.00019950336030942495 -0.003654081015573428 -0.0012547282118477384 0.0030424434210126338 -0.00088027656395897407 0.0020316348217789362 0.0064120861322621448 -9.7600515300786363e-05 0.0073045428059776906 -0.0019040653101169533 -0.0029685621763553762 0.00026320661629559045 -0.00015047435704039789 1.77578471115572e-05
leaf_weight=4516 1022 221 337 3924 341 390 1591 261 3361 372 237 282 305 624 950 54708 81705 2769
leaf_count=4516 1022 221 337 3924 341 390 1591 261 3361 372 237 282 305 624 950 54708 81705 2769
internal_value=-7.83956e-06 4.75022e-05 -0.000526461 0.000139269 -0.00124105 -0.00178036 -0.00349579 0.000365443 0.00018364 0.000735238 0.00331261 3.78895e-05 0.00322789 -0.000760281 2.46546e-05 0.000240716 -0.000114797 -0.000360127
internal_weight=157916 142687 15229 7883 7346 5772 2613 7546 7285 1574 578 142466 587 996 141879 55658 86221 3159
internal_count=157916 142687 15229 7883 7346 5772 2613 7546 7285 1574 578 142466 587 996 141879 55658 86221 3159
is_linear=0
shrinkage=0.02


Tree=175
num_leaves=23
num_cat=0
split_feature=78 14 48 7 44 20 46 54 14 54 68 44 44 20 60 45 45 58 25 45 8 17
split_gain=12.776 16.4755 13.1723 12.6099 48.9564 29.3505 20.8684 30.2115 17.6825 22.3208 22.4648 20.8032 21.8495 21.192 16.3742 9.48499 10.17 9.44521 8.58243 8.4404 7.31553 7.19476
threshold=2.0431398716923481 0.14887508188843671 -0.068583947577863888 0.012160011830045484 -0.12918327945539967 0.0050745840877395318 0.036016059464893356 0.68686325633828671 0.1507384718549192 0.40253637636326006 -1.1768220906660869 0.12547988852472428 0.077141766390349323 -0.010549161310482945 0.31969845845808736 0.0098047391137094809 0.0062567248761571355 0.9896587273069487 -0.20599116054580033 0.0070605245176202846 0.013722036854571336 -0.098300132062639309
decision_type=10 10 8 10 8 10 10 10 10 8 8 10 10 10 8 10 10 10 10 10 10 2
left_child=3 2 -2 4 5 -1 7 -6 9 14 -11 12 -10 -13 -5 16 21 18 -4 -18 -8 -3
right_child=1 15 17 8 6 -7 20 -9 11 10 -12 13 -14 -15 -16 -17 19 -19 -20 -21 -22 -23
leaf_value=-0.00088125912851388379 0.0010569195442348468 -0.0021441607297545992 -0.003030363152914778 0.0018602830809572837 -2.754124673712291e-05 -0.0058117717833825137 -0.0030252113428245703 0.0018539199667932233 0.0020131570960713581 0.0019437777595005179 -3.8579744837536657e-05 0.011943652085108947 -0.0016711966715885385 0.0029678450450171755 -0.0039079260510726955 -0.0029429518590842851 0.0062027795748312679 -0.0053081262297195418 -0.00059096453079693757 0.0012413064926506811 -0.0020001052104233474 0.00093022658536369288
leaf_weight=216 265 206 609 257 121311 264 236 2900 5027 4922 16348 208 1518 234 1017 200 200 365 1071 229 204 497
leaf_count=216 265 206 609 257 121311 264 236 2900 5027 4922 16348 208 1518 234 1017 200 200 365 1071 229 204 497
internal_value=2.92979e-05 -0.00114137 -0.0021627 5.6885e-05 -3.08314e-05 -0.00639917 -6.24138e-06 9.16176e-06 0.00042862 0.000156043 0.000310188 0.00130767 0.00102322 0.00550339 -0.00241412 0.000628657 0.00133981 -0.00270674 -0.00206901 0.00376279 -0.00434921 -0.000139205
internal_weight=158304 3642 2310 154662 125131 480 124651 124211 29531 22544 21270 6987 6545 442 1274 1332 1132 2045 1680 429 440 703
internal_count=158304 3642 2310 154662 125131 480 124651 124211 29531 22544 21270 6987 6545 442 1274 1332 1132 2045 1680 429 440 703
is_linear=0
shrinkage=0.02


Tree=176
num_leaves=29
num_cat=0
split_feature=0 48 48 75 54 42 42 18 24 48 36 42 45 65 71 54 4 48 28 45 10 38 54 54 5 17 56 52
split_gain=12.8774 23.3253 24.0902 32.1458 21.9878 19.4676 24.3217 16.1947 15.0259 14.9599 16.4232 14.5306 14.2362 36.868 22.7634 49.7021 20.0825 35.2875 43.5404 32.6264 23.4184 18.4485 17.6914 20.3875 14.416 14.0279 10.9316 8.07149
threshold=-0.029326788012918489 -0.021151165086339404 -0.063597869116123071 -0.045784982268669415 0.57667792130208972 0.0065143588825852259 0.0014880799092826804 25.645692925321764 0.82442312606890678 -0.0067528554628317186 0.028686718579838563 -0.0052413906117119149 0.0044644464611294701 0.14889156519024047 -0.35628012608404941 0.27512857992562395 -0.065904585637425281 -0.10872575593379601 -0.084559775205971896 0.018619044111080962 2.2177777899753495 1.3107627894768403 0.26539476357806663 0.48367932063008001 0.010592932156148739 0.1206888057019926 0.63936092659757049 0.14462555537712116
decision_type=8 8 10 8 10 10 8 8 10 8 10 10 10 8 8 10 8 8 10 10 10 10 10 10 8 2 8 2
left_child=1 2 7 4 -4 6 11 27 -9 -7 -11 -3 13 22 15 -15 20 18 -18 -19 21 -14 -2 -24 -16 -22 -5 -1
right_child=12 5 3 26 -6 9 -8 8 -10 10 -12 -13 16 14 24 -17 17 19 -20 -21 25 -23 23 -25 -26 -27 -28 -29
leaf_value=-0.00037792116510317579 0.0039001335534325551 -0.0037679164233244567 0.0031611891590324426 0.0031317497680167683 0.0098548179724921164 0.0060915507700140892 -0.0069328559195045323 -0.00016454310804114248 0.0032633834307533595 -0.0025506653545349805 0.0039116759346716264 0.0017922127142090704 0.00061356042679319559 -0.002112019201084751 0.00086774635352741966 0.0013663755755607718 0.00052840955833382891 -0.00016904699019991998 -0.0037245466646606464 0.00507069192549348 0.015326330141508478 -0.00097595066359066566 -0.0024639134319171464 0.001119738016027096 -0.00031664491261390544 0.0012198954649819227 -0.0015562207954238944 -0.004475066391766422
leaf_weight=260 312 324 780 295 525 263 328 1205 719 512 204 262 17288 1288 4494 10490 709 97866 1154 573 300 3320 3126 763 10178 200 371 231
leaf_count=260 312 324 780 295 525 263 328 1205 719 512 204 262 17288 1288 4494 10490 709 97866 1154 573 300 3320 3126 763 10178 200 371 231
internal_value=7.06071e-06 0.000894586 0.00169546 0.0033357 0.00515926 -0.000959873 -0.00305792 0.000355132 0.00118338 0.000997959 -0.000499303 -0.000609881 -2.958e-05 0.00035554 0.000632037 0.00128687 -0.000126825 -0.000244838 -0.00297103 -0.000193194 0.000433843 0.000329856 -0.00138458 -0.0017527 0.000106181 0.00470659 -0.000236882 -0.00288211
internal_weight=158340 6279 4386 1971 1305 1893 914 2415 1924 979 716 586 152061 30651 26450 11778 121410 100302 1863 98439 21108 20608 4201 3889 14672 500 666 491
internal_count=158340 6279 4386 1971 1305 1893 914 2415 1924 979 716 586 152061 30651 26450 11778 121410 100302 1863 98439 21108 20608 4201 3889 14672 500 666 491
is_linear=0
shrinkage=0.02


Tree=177
num_leaves=19
num_cat=0
split_feature=32 14 56 78 14 41 6 17 43 9 50 66 16 46 8 17 25 21
split_gain=12.9524 14.1463 19.4844 13.6145 12.5782 27.0402 12.9709 16.5787 13.5148 35.2716 25.729 11.6265 10.812 9.94022 9.48924 8.63888 7.05309 12.7089
threshold=0.32248816140126663 -0.28372556486100187 0.95557904627672086 -1.1979588198988338 -0.3910626287351241 0.030117361374297661 0.047002483707524516 1.4883873245244834 0.051227593454310501 1.7570160080423631 0.071921925095346353 0.29610179582189294 0.090500386901118959 0.037911510647675388 0.015984995161098338 -0.17077452177002025 -0.61293610445604874 0.016749111124699349
decision_type=10 10 10 10 8 10 10 2 10 10 10 10 10 10 10 2 10 10
left_child=4 -2 16 12 5 14 8 13 10 -10 -6 -5 -4 -8 -1 -16 -3 -18
right_child=1 2 3 11 6 -7 7 -9 9 -11 -12 -13 -14 -15 15 -17 17 -19
leaf_value=0.0072373133758713059 -0.006098824889525338 0.0069714267932063784 0.00072490370270029579 0.0064628653072446186 -3.5034552516270132e-05 0.010466544642667859 -0.0023972551199542822 0.0014038817522841144 0.00072865053564063478 -0.0029452186785138648 -0.0034762675712071336 0.00090614692937795516 -0.004676062404959833 0.00030621679729882781 -0.0045457001764007644 0.00090078440613354017 0.0055337539488613174 -0.0011561490132102458
leaf_weight=226 211 261 204 291 137935 226 1760 394 12528 1526 442 714 215 385 202 447 356 205
leaf_count=226 211 261 204 291 137935 226 1760 394 12528 1526 442 714 215 385 202 447 356 205
internal_value=1.51266e-05 0.00145566 0.00192167 0.00050386 -7.5478e-06 0.0021216 -2.2701e-05 -0.00144016 9.05322e-07 0.000591818 -5.9099e-05 0.0017674 -0.00251905 -0.00213327 0.000522831 -0.000704615 0.00437181 0.00309253
internal_weight=158528 2457 2246 1424 156071 1101 154970 2539 152431 14054 138377 1005 419 2145 875 649 822 561
internal_count=158528 2457 2246 1424 156071 1101 154970 2539 152431 14054 138377 1005 419 2145 875 649 822 561
is_linear=0
shrinkage=0.02


Tree=178
num_leaves=17
num_cat=0
split_feature=25 69 55 18 41 52 47 58 43 69 53 46 8 54 72 39
split_gain=15.3523 22.4668 9.82198 24.756 27.6017 22.5968 33.5704 38.1303 31.8323 31.3644 26.082 19.831 16.7621 16.7457 16.9446 14.5529
threshold=-1.8989603227860805 0.18398599884355465 0.47549497410904668 60.883439348287311 0.013470206973696166 0.60896649527140501 -0.0023128652848943272 0.5873833975181858 -0.0076121574876612521 0.4143737507000283 0.017062658395746989 0.0078665738142540773 0.0033124575136032242 0.24510757149693599 -1.2923363116210653 -0.052419548620375671
decision_type=8 10 10 10 10 2 10 10 10 8 10 10 10 8 8 10
left_child=1 -1 3 13 12 6 10 -8 9 -7 -4 -10 -5 -2 -15 -6
right_child=2 -3 5 4 15 8 7 -9 11 -11 -12 -13 -14 14 -16 -17
leaf_value=-4.7276648382740957e-05 0.0055424914206401287 0.0078419738408928713 -0.00021214689192428486 0.0047177711065969786 -0.0028109586296605604 -0.0006608841557228756 0.004543739366251966 -0.0013354977119786804 -8.7258120140543331e-05 -0.006412993182411693 0.00096933015892658903 -0.000721815229145831 0.0013499967732698737 0.00084018596219038295 -0.0001620451097455393 0.00017504291521385634
leaf_weight=360 300 248 24154 251 507 428 924 521 26829 378 7057 21887 4807 5320 61609 2950
leaf_count=360 300 248 24154 251 507 428 924 521 26829 378 7057 21887 4807 5320 61609 2950
internal_value=-8.55227e-05 0.00308374 -9.77565e-05 6.65126e-05 0.00108243 -0.000249188 0.00015917 0.00313831 -0.000518507 -0.00445849 2.10816e-05 -0.000453189 0.00202372 -6.21449e-05 -8.33408e-05 -0.00029439
internal_weight=158530 608 157922 75744 8515 82178 32656 1445 49522 806 31211 48716 5058 67229 66929 3457
internal_count=158530 608 157922 75744 8515 82178 32656 1445 49522 806 31211 48716 5058 67229 66929 3457
is_linear=0
shrinkage=0.02


Tree=179
num_leaves=26
num_cat=0
split_feature=32 44 14 53 42 14 72 30 44 14 50 50 58 14 43 71 37 53 45 30 46 0 69 15 48
split_gain=18.6596 25.7255 32.0746 22.4609 15.4877 14.5049 20.7374 14.0271 13.3781 19.7397 24.7773 22.4953 20.1256 19.5606 25.8113 38.5978 22.1209 19.2192 16.6967 14.9101 13.3395 8.0896 12.5443 10.5935 7.67655
threshold=0.23307934719532422 0.1062109515439026 0.26892024607550097 0.020054294547259193 0.014501779233529135 -0.28372556486100187 1.1479901422317351 0.65526956575881912 0.11987758949867323 -0.30180265298752351 0.063223190861558379 0.071921925095346353 0.50050505050505067 -0.2679573375709432 0.051227593454310501 -0.34240162631514143 0.68351906228351689 0.013131585799563675 0.011533931428661161 0.79207956956140424 0.0057991106797307497 -0.0023095795190880559 1.144812597019145 0.037193806278015946 -0.021767665230918661
decision_type=10 10 8 10 10 10 10 10 10 8 10 10 10 8 10 8 10 10 10 10 10 10 8 10 10
left_child=8 7 5 4 -4 -3 -7 21 9 10 17 19 -13 18 15 -15 -16 -1 -10 -11 -9 23 -23 -2 -22
right_child=1 2 3 -5 -6 6 -8 20 13 11 -12 12 -14 14 16 -17 -18 -19 -20 -21 24 22 -24 -25 -26
leaf_value=0.0076309599502872288 -0.0014041588828882106 -0.0060844382639263419 0.0071432022074101736 0.012214095886510252 -0.00083388454540977714 0.00060769017044190465 0.0075674201299704624 0.0057923287652163662 -0.00018702666020009139 1.2663655666347168e-05 0.007429896488481089 -0.0030450988832121111 0.00014607304527601252 -0.0028638030277601456 0.00099859341115781991 0.0003310026554724832 -0.0029145424155862421 0.00063810792592068264 -0.0075840697316564244 -0.00075993505967919626 0.0026047932101843029 0.0028373399820348149 -0.0010934323132340538 -0.0063177853755689278 -0.0014490205254382676
leaf_weight=216 800 210 474 223 204 1107 218 203 200 134575 202 578 394 2309 2339 1938 288 1992 277 6805 291 622 1081 263 284
leaf_count=216 800 210 474 223 204 1107 218 203 200 134575 202 578 394 2309 2339 1938 288 1992 277 6805 291 622 1081 263 284
internal_value=-1.93429e-05 0.00107641 0.00265819 0.00565188 0.00382622 0.000897135 0.0016727 -1.07193e-05 -6.244e-05 -2.01571e-05 0.00177437 -5.05644e-05 -0.00308119 -0.000894723 -0.000622255 -0.00158616 0.000935312 0.00115799 -0.00480753 -2.96928e-05 0.00235944 -0.000678713 0.000174883 -0.00204699 0.000795139
internal_weight=158093 5980 2436 901 678 1535 1325 3544 152113 144762 2410 142352 972 7351 6874 4247 2627 2208 477 141380 778 2766 1703 1063 575
internal_count=158093 5980 2436 901 678 1535 1325 3544 152113 144762 2410 142352 972 7351 6874 4247 2627 2208 477 141380 778 2766 1703 1063 575
is_linear=0
shrinkage=0.02


Tree=180
num_leaves=26
num_cat=0
split_feature=78 57 60 5 54 54 59 44 57 44 72 50 54 5 28 27 44 54 60 18 34 42 28 63 2
split_gain=11.4533 19.4487 14.949 14.5534 30.8677 37.2243 36.0264 29.0737 56.1032 17.0937 15.4044 26.4023 14.3859 13.0963 12.7254 11.6857 10.741 19.4746 10.6009 8.44966 11.1909 9.50075 7.39585 7.31665 5.06349
threshold=1.886259294010366 0.70637424090174339 0.15231194475352799 0.027812382080419785 0.77040259723844406 0.68686325633828671 0.20634938409854425 0.15576978428121704 0.41133294574667695 -0.12918327945539967 1.3022064575410484 -0.037802603134491956 0.51985975434911535 0.02227317623383723 -0.060919959423314012 -0.13754901933271238 0.078370844407397736 0.45447256676581332 0.33956392339544522 82.155759998448886 0.0036037758181485216 0.0099161370900693342 -0.050260162220800091 0.87881899072864178 0.0020867388090113352
decision_type=10 10 10 10 10 10 8 10 8 8 8 8 10 10 8 10 10 10 10 10 10 10 10 10 10
left_child=3 2 13 4 5 9 -7 10 15 -1 12 -12 -5 -2 24 -9 18 -18 -4 20 22 -22 -3 -16 -6
right_child=1 19 16 7 14 6 -8 8 -10 -11 11 -13 -14 -15 23 -17 17 -19 -20 -21 21 -23 -24 -25 -26
leaf_value=-0.0019421460977333636 -0.0015724169444117 0.004295199398917939 -0.002928146989626896 -0.0020264469952453097 -0.001924136051028303 0.003719561323138677 0.0007737854714773007 -0.0090073997639986813 0.0037602045930773612 9.3462539533087364e-07 -0.0020908288917856912 0.0042034022869458319 0.0007831833654217391 0.0040558296151179101 -0.0045186524401094851 -0.0027981906477040968 -0.00095569274749034735 -0.0073556165698345543 -0.00053845842755301926 0.004264684884550062 0.00054906210503091822 -0.0039864729519359732 0.00031151003029993317 -0.0032323139293522997 0.00045800713864354567
leaf_weight=665 383 294 536 1590 258 1048 3159 265 250 136000 615 3194 5194 274 206 403 268 269 1494 204 315 347 453 225 206
leaf_count=665 383 294 536 1590 258 1048 3159 265 250 136000 615 3194 5194 274 206 403 268 269 1494 204 315 347 453 225 206
internal_value=4.48911e-05 -0.000913187 -0.00181023 7.5144e-05 1.95954e-05 4.31452e-05 0.00189591 0.000759034 -0.00265288 -1.38879e-05 0.00105513 0.00207297 0.000483125 0.000878419 -0.0036808 -0.00567713 -0.00249922 -0.00501487 -0.00183063 0.000878563 0.000324823 -0.00156561 0.00200267 -0.00615278 -0.00137204
internal_weight=158115 4837 3224 153278 141767 140872 4207 11511 918 136665 10593 3809 6784 657 895 668 2567 537 2030 1613 1409 662 747 431 464
internal_count=158115 4837 3224 153278 141767 140872 4207 11511 918 136665 10593 3809 6784 657 895 668 2567 537 2030 1613 1409 662 747 431 464
is_linear=0
shrinkage=0.02


Tree=181
num_leaves=17
num_cat=0
split_feature=70 49 41 21 19 43 56 41 6 32 50 6 8 54 57 10
split_gain=12.6156 28.2095 17.1496 12.6676 14.1799 19.7622 15.1297 13.3077 13.1972 13.508 34.2511 15.1042 11.9785 12.2451 9.13938 9.13005
threshold=-1.2417227077992512 -0.016455705772573045 -0.0082575622127922781 0.1254807214083781 1.9330776415161919 0.082894945459941152 0.94397445986550299 0.025593103753755123 0.070717915228013475 0.23307934719532422 0.039109424759590568 0.035539652476200896 0.0031096277746376108 0.5772039428110014 0.59585481099656368 0.73880309578761805
decision_type=8 10 10 10 10 10 10 10 10 10 10 10 10 8 8 10
left_child=1 14 -3 8 5 6 -5 15 9 11 -11 -2 -4 -14 -1 -6
right_child=3 2 12 4 7 -7 -8 -9 -10 10 -12 -13 13 -15 -16 -17
leaf_value=-0.0054168953359823146 1.4213253627888764e-05 0.0026167665450524263 -0.0037923748239581151 -0.0015829721095586059 0.0023182489642365588 0.0041807520857414428 0.00067415273777245545 -0.0056530614871736651 0.0066049122200018242 -0.00031254587369407646 0.0030489077613608884 -0.0010834538966581157 0.00081589699151857599 -0.0017233742830707994 -0.0022585059344616587 -0.0029622398100137741
leaf_weight=210 138655 325 373 2689 216 384 1705 319 375 3264 2073 5060 730 616 217 749
leaf_count=210 138655 325 373 2689 216 384 1705 319 375 3264 2073 5060 730 616 217 749
internal_value=-2.98681e-05 -0.00144741 -0.00046846 -7.3188e-06 -0.000903513 -0.000401339 -0.000782253 -0.00276887 2.90307e-05 1.95769e-05 0.00100749 -1.71032e-05 -0.00126628 -0.000384558 -0.00611682 -0.00159213
internal_weight=157960 2471 2044 155489 6062 4778 4394 1284 149427 149052 5337 143715 1719 1346 427 965
internal_count=157960 2471 2044 155489 6062 4778 4394 1284 149427 149052 5337 143715 1719 1346 427 965
is_linear=0
shrinkage=0.02


Tree=182
num_leaves=23
num_cat=0
split_feature=9 53 37 14 2 49 28 0 42 42 42 44 53 37 53 34 45 10 56 58 49 2
split_gain=14.4779 22.4651 20.7198 17.9936 26.0809 13.1868 13.1192 11.9923 14.4584 27.1518 27.9131 22.8809 15.1264 28.1608 14.2816 10.1909 13.2611 20.8361 14.148 10.104 13.0355 12.5361
threshold=-0.34212968508068548 0.011382915358150428 -0.52466080237925705 0.14887508188843671 0.036226632020340939 0.010648332109308491 -0.03646621112897918 -0.029326788012918489 -0.01346065179162753 0.0064261104393029686 0.0025661642537345712 0.12323099548745077 0.013264219481505598 0.30110263252220643 0.013931050615275895 -8.3744427911777711e-05 0.0035439085689753058 2.1457213304527802 0.94031386278484141 0.66700268817204311 -0.030166017704436495 0.054122172587006474
decision_type=8 10 10 10 10 10 10 10 8 10 8 10 8 10 8 8 8 10 10 10 10 10
left_child=1 -1 3 4 -3 -4 -5 8 12 10 -10 -11 13 -2 -14 19 17 -17 -18 20 -9 -21
right_child=7 2 5 6 -6 -7 -8 15 9 11 -12 -13 14 -15 -16 16 18 -19 -20 21 -22 -23
leaf_value=-0.0055237076800205695 0.0012562534887801402 0.00096132235889772851 0.0024667119519779161 -9.9623764537413729e-05 -0.0037029580660395077 0.0065174716899307822 0.0040158454467685801 -0.0025800631604575553 -0.00065178953465899942 0.00078031374413337659 -0.0063642368571013774 0.010795417941720616 -0.0033936536229727155 0.0093272916255063738 0.0014733909959112872 0.00038131959580815528 -0.00019776225831415474 0.0064308582375394363 0.00059406519778137728 -0.0005343886480551188 0.00086372782939554238 0.0023284050010847299
leaf_weight=218 424 1407 216 266 457 289 541 285 1112 1332 303 205 271 272 2212 8684 118275 411 7456 5120 7495 1008
leaf_count=218 424 1407 216 266 457 289 541 285 1112 1332 303 205 271 272 2212 8684 118275 411 7456 5120 7495 1008
internal_value=-2.00809e-05 0.00127187 0.00169909 0.00099476 -8.47185e-05 0.00541107 0.00348762 -4.84161e-05 0.00081833 -0.00018896 -0.00218785 0.0016502 0.00175409 0.00435868 0.00102174 -8.41631e-05 -0.000137346 0.000600044 -0.000190707 0.000431232 0.000909652 -0.000175885
internal_weight=158259 3394 3176 2671 1864 505 807 154865 6131 2952 1415 1537 3179 696 2483 148734 134826 9095 125731 13908 7780 6128
internal_count=158259 3394 3176 2671 1864 505 807 154865 6131 2952 1415 1537 3179 696 2483 148734 134826 9095 125731 13908 7780 6128
is_linear=0
shrinkage=0.02


Tree=183
num_leaves=19
num_cat=0
split_feature=17 37 38 78 34 6 51 4 36 2 41 20 57 38 72 5 32 7
split_gain=10.5588 13.0179 11.7212 15.2047 10.7439 17.7833 14.6919 11.5839 16.3691 10.6373 11.0777 10.6715 10.5062 10.0248 11.6875 10.5655 6.41293 6.99944
threshold=-2.0499401959307448 -0.023916583172754632 0.90914981201919276 0.46161962591047062 -0.00020569820466724567 0.049269489246735625 0.67557264784266113 -0.42098620249127217 -0.28722226067580137 0.029780648232202615 -0.0013927959639087881 0.033928241868625038 0.21189928157913093 1.5032996243305472 0.613953256304276 0.028290422535382522 0.15860849414555891 0.019605092258105247
decision_type=2 10 8 10 8 8 2 8 10 10 10 10 10 10 10 10 10 10
left_child=1 2 -1 -4 5 9 -7 8 -6 11 -11 -2 -3 15 -15 -9 17 -14
right_child=4 12 3 -5 7 6 -8 13 -10 10 -12 -13 16 14 -16 -17 -18 -19
leaf_value=0.0019355958715846729 0.0005591205481763373 -0.0020522834333443606 -0.0064819978587617013 0.0023792980915274355 0.012968828854969342 -0.0042986674563258416 0.00017564138496853462 -9.7498823436103084e-05 -0.00056021218946051838 -0.00074986096750771726 0.0023548695470008763 -0.0030015564546996419 0.0011783448860566861 -0.00040893219569992407 -0.0029526064731989401 0.00052875275488143759 0.006356689260473356 0.0056479587433239864
leaf_weight=329 5556 212 250 203 241 318 336 135651 261 456 2070 454 443 1633 574 8648 203 235
leaf_count=329 5556 212 250 203 241 318 336 135651 261 456 2070 454 443 1633 574 8648 203 235
internal_value=-3.19977e-05 0.00145949 -0.000508301 -0.00259471 -4.99235e-05 0.000613426 -0.00256183 -9.14094e-05 0.00293837 0.00085721 0.00194618 0.000398935 0.00286837 -0.000101824 -0.00143931 -8.13444e-05 0.00382993 0.00288365
internal_weight=158073 1875 782 453 156198 9190 654 147008 502 8536 2526 6010 1093 146506 2207 144299 881 678
internal_count=158073 1875 782 453 156198 9190 654 147008 502 8536 2526 6010 1093 146506 2207 144299 881 678
is_linear=0
shrinkage=0.02


Tree=184
num_leaves=31
num_cat=0
split_feature=70 44 54 44 43 49 54 54 43 52 44 48 6 0 45 45 52 69 54 54 14 36 6 69 43 18 66 20 52 43
split_gain=13.0889 40.2334 59.3998 116.729 57.0118 38.5108 32.3971 59.4559 76.5754 65.1111 53.7832 49.5376 21.3406 26.0392 28.7463 61.2389 31.1522 19.6587 18.8989 31.0013 80.5831 19.8951 24.4601 18.7364 18.716 17.2163 16.6922 19.7688 14.3919 11.7831
threshold=-0.70491811372144375 0.074067882119761466 0.27512857992562395 0.085397370877142623 0.005364094625119443 0.022171512301717215 0.57514222579460672 0.58346599610030381 -0.041568662658542747 0.76274002622550352 0.066739856546055978 -0.070227093881554278 0.010723025472992873 -0.0089271254493347701 0.0053649681271666092 0.0044644464611294701 0.67781798799304283 -0.065728498435873375 0.57667792130208972 0.58470889931856196 0.046267038760035024 0.051858329739897034 0.01463832329694323 1.7141006135769687 0.015317282313024318 44.237249592114267 0.045027076366764097 -0.00023978285286768705 0.7544792758541049 -0.0065996135389039248
decision_type=8 8 10 10 10 10 10 10 10 2 10 10 8 10 10 10 2 8 8 8 8 10 10 10 10 8 10 10 2 10
left_child=1 6 26 5 -5 -4 10 9 -9 -8 11 -1 13 25 15 -15 -16 -12 21 20 -20 24 -23 -21 -14 29 27 -3 -27 -2
right_child=12 2 3 4 -6 -7 7 8 -10 -11 17 -13 18 14 16 -17 -18 -19 19 23 -22 22 -24 -25 -26 28 -28 -29 -30 -31
leaf_value=-0.0024666540148725719 -0.00010045307338522821 0.001294338931784848 0.0045098100503885314 -0.0059612362058650975 0.000290321589028177 -0.0011213261942578797 -0.006014261152395812 0.0024987804660734666 -0.0015502410760711532 0.0021711647894114413 -0.0044764787414140099 0.00041076089858165535 -1.1787948017049146e-05 0.0013462994874594665 0.0010898855199396478 -0.0014593987945918018 0.0044333384072528662 -0.00092630123639490282 0.0053946899506789594 5.4068128589065365e-05 -0.00041046430371494857 0.0009612634634079925 -0.00012481067501307744 0.0026273621980233792 -0.00078432360864815647 -0.00041324239138102711 -0.0079124584458304687 -0.0051777144683729306 0.0033226026876810233 -0.0039780822302900153
leaf_weight=1202 358 211 1822 424 4328 230 845 1380 5636 204 715 13110 25291 5945 4020 2812 862 594 1734 31720 2238 7886 15266 1294 25933 907 200 208 224 658
leaf_count=1202 358 211 1822 424 4328 230 845 1380 5636 204 715 13110 25291 5945 4020 2812 862 594 1734 31720 2238 7886 15266 1294 25933 907 200 208 224 658
internal_value=1.22458e-05 -0.000355448 0.000929149 0.00146921 -0.000252051 0.00545446 -0.000758137 -0.0017875 -0.0011227 -0.00622667 -0.000226475 0.000128415 0.000102227 0.000790397 0.00111276 0.00042681 0.00234241 -0.00410534 4.65146e-06 0.000374131 0.00204329 -0.000179061 0.000307433 0.000173194 -0.000398985 -0.00125605 -0.00499677 -0.00270952 0.000439929 -0.00314454
internal_weight=158257 31109 7423 6804 4752 2052 23686 8065 7016 1049 15621 14312 127148 15786 13639 8757 4882 1309 111362 36986 3972 74376 23152 33014 51224 2147 619 419 1131 1016
internal_count=158257 31109 7423 6804 4752 2052 23686 8065 7016 1049 15621 14312 127148 15786 13639 8757 4882 1309 111362 36986 3972 74376 23152 33014 51224 2147 619 419 1131 1016
is_linear=0
shrinkage=0.02


Tree=185
num_leaves=30
num_cat=0
split_feature=69 44 54 52 10 41 53 10 44 42 54 69 41 44 46 41 41 53 65 71 47 5 37 17 17 32 72 65 17
split_gain=10.7772 35.235 78.2776 53.8926 68.8625 43.2985 41.3622 31.5707 30.7803 37.3904 34.6477 34.8288 30.6847 29.9258 28.7758 26.0007 51.8856 26.2665 23.5331 22.8247 22.3765 43.2022 29.0582 19.8193 19.2762 18.6859 17.9563 17.1833 9.1626
threshold=-0.016548956142339307 0.00083595413199644153 0.64440326544690774 0.61515640900845103 0.99890034808107464 0.014204865160563964 0.012554480194296903 0.82059730853385759 0.00083595413199644153 0.0066564436752099007 0.59545590515554714 -0.50579319417869428 -0.01902662743689881 0.039408399670769485 0.0042756488728756068 0.026653010398889235 0.029177672225621735 0.015107953638773134 0.58002196808166973 -0.85550280411943624 -0.030879472947539285 0.0095280823394904464 0.19173846677509698 0.2955188771031394 0.18181283284685876 0.054252277805029787 0.67615362494174736 0.32778350470811429 -0.006766135808437739
decision_type=8 8 10 2 8 10 10 8 10 10 10 10 10 8 10 10 10 10 10 8 10 10 10 2 2 10 10 8 2
left_child=8 3 5 6 18 12 7 -2 20 10 14 -12 -3 -7 -10 17 -17 -11 -5 28 21 -1 -23 -8 -21 26 -22 -6 -4
right_child=1 2 19 4 27 13 23 -9 9 15 11 -13 -14 -15 -16 16 -18 -19 -20 24 25 22 -24 -25 -26 -27 -28 -29 -30
leaf_value=-0.0056205089564608825 -0.0056046315607066032 0.0017750892116888185 0.0065668450278710726 -0.0023618783994088059 0.0034332626425912149 -0.0018344009049253874 0.00053737909819963879 -0.0012821271856910004 0.0014785457758476573 0.00025495632880923714 -0.0068830962757402891 -0.00064279639899790064 0.00031194592701849793 -7.4037072168652574e-05 -0.00086033344420203552 0.0044580756135403831 -3.2679709549648166e-05 -0.0008676923211703273 -0.0057171182588881984 0.0013643741670604644 0.0006451772538337545 -0.00018054010664925638 0.0018019663811784635 -0.0011639166254064585 0.0042897464553121687 0.0067503860754148694 0.0046028406619807371 -0.00046947901824875892 0.0044330147766997443
leaf_weight=383 364 3835 238 729 235 4435 9641 935 1930 20753 1015 905 45117 9899 22413 1290 2638 10700 871 962 2548 8471 2794 2243 463 231 834 893 203
leaf_count=383 364 3835 238 729 235 4435 9641 935 1930 20753 1015 905 45117 9899 22413 1290 2638 10700 871 962 2548 8471 2794 2243 463 231 834 893 203
internal_value=-1.21416e-05 0.000148747 0.000354826 -0.000694947 -0.00325321 0.00023572 -0.0001652 -0.00355231 -0.000181754 -0.000380858 -0.000952559 -0.00353878 0.000518824 -0.000730938 -0.000748357 4.34684e-05 0.0015775 -0.000148089 -0.00592005 0.004391 0.00062233 0.000195553 0.000420557 0.000205133 0.00315428 0.00199723 0.00161927 0.000529672 0.00836652
internal_weight=157968 81063 65152 15911 2728 63286 13183 1299 76905 61644 26263 1920 48952 14334 24343 35381 3928 31453 1600 1866 15261 11648 11265 11884 1425 3613 3382 1128 441
internal_count=157968 81063 65152 15911 2728 63286 13183 1299 76905 61644 26263 1920 48952 14334 24343 35381 3928 31453 1600 1866 15261 11648 11265 11884 1425 3613 3382 1128 441
is_linear=0
shrinkage=0.02


Tree=186
num_leaves=19
num_cat=0
split_feature=32 2 43 9 8 0 14 50 37 43 57 25 69 9 14 35 2 30
split_gain=15.5497 17.0482 16.3172 53.189 25.1079 20.5683 19.1576 16.7098 26.1528 15.283 20.0313 14.4181 31.2436 14.0061 11.076 7.45617 7.08878 6.54418
threshold=-0.27617093460708475 0.15016833530615073 0.052023794148548304 2.7016181494572549 0.0054244770460803067 0.0052567524512766592 -0.17459246597593051 0.071921925095346353 0.16448232175790786 0.053765172951862568 0.46349243327031464 -1.8989603227860805 0.18398599884355465 1.445786486469123 -0.35275334335723491 -0.039522745513532596 0.015461425530009733 0.48892559039455197
decision_type=8 10 10 10 10 10 10 10 8 10 10 8 10 10 8 10 10 10
left_child=1 9 7 4 5 -4 -6 11 16 14 17 12 -2 -13 -1 -10 -9 -11
right_child=2 -3 3 -5 6 -7 -8 8 15 10 -12 13 -14 -15 -16 -17 -18 -19
leaf_value=0.010053736007432946 -0.0020969356616413128 0.0047725064189471332 0.0036828069484876459 -0.009992420438232761 -0.0020969165506543154 -4.3938942007557826e-05 0.00066871897549588145 -0.0043947788146539348 0.0026758131726079904 -0.0058145916785803733 0.0028492852509273028 -0.00013280545383043057 0.0091947191809780369 0.00030666673995873381 0.0010032237049739396 -0.0011794397284916596 -0.0022333953268486978 -0.0008761974349560137
leaf_weight=234 315 377 778 354 1225 397 11206 200 208 305 203 109073 222 31780 399 208 300 277
leaf_count=234 315 377 778 354 1225 397 11206 200 208 305 203 109073 222 31780 399 208 300 277
internal_value=3.04817e-05 0.00188085 9.2022e-06 0.0006617 0.000861174 0.00365476 0.000596686 -5.4797e-05 -0.00274591 0.000872445 -0.000989822 -3.73291e-05 0.00323048 -4.98246e-05 0.00318297 0.000954436 -0.00582435 -0.00287822
internal_weight=158061 1795 156266 13960 13606 1175 12431 142306 916 1418 785 141390 537 140853 633 416 500 582
internal_count=158061 1795 156266 13960 13606 1175 12431 142306 916 1418 785 141390 537 140853 633 416 500 582
is_linear=0
shrinkage=0.02


Tree=187
num_leaves=23
num_cat=0
split_feature=30 27 29 23 53 53 35 48 52 71 51 51 6 53 19 69 33 33 24 22 32 18
split_gain=11.4471 14.7135 15.2999 13.0823 24.164 26.1564 25.4689 25.0705 22.6174 17.1863 16.2276 15.3887 23.9173 14.859 14.1517 11.8848 15.0167 11.6542 9.96216 9.21931 8.27967 4.73434
threshold=0.80994940212015898 -0.19262529582208185 -5.4231577789088465 -0.013491318993328725 0.011611669440587153 0.013786337102622845 -0.013902692763843453 -0.024505980813748215 0.82753119741423842 0.13785196036602046 0.017455980570734674 0.065313084626389364 0.01628892433255413 0.011136522128909738 -1.4374946193639124 -0.12412475664078047 -0.0087658110910999159 -0.072101216545340255 -0.62461439439793209 0.042631157294557583 0.022556541975717551 31.478185600634529
decision_type=10 10 10 10 8 8 8 10 2 8 2 2 10 10 8 10 10 10 10 10 8 8
left_child=3 2 20 4 7 6 -6 9 -7 -1 -5 12 -12 -13 -9 16 17 -3 -17 -20 -2 -18
right_child=1 15 -4 10 5 8 -8 14 -10 -11 11 13 -14 -15 -16 18 21 -19 19 -21 -22 -23
leaf_value=0.00026204945912556465 0.0013816109453621687 -0.0011818858240711524 -0.004549899179048301 -0.0028580379269325974 0.00074803391660274059 -0.00013980069764400228 0.0022272299909073807 -0.0031913782144029159 0.0013581492630032194 0.0061050182978279579 0.0053379031133726782 0.00062439218338941724 -0.00087863238463248175 -0.00015777986863261832 -0.00091372997118091884 0.0036687808589391641 0.0026708087869324226 -0.0029453286137908516 -0.00092966295696587226 0.002500220768855387 0.008603799655772475 -0.00061069568640794315
leaf_weight=454 200 1780 203 386 16125 30224 2219 1235 3170 232 409 5449 367 89086 3000 205 233 1263 922 220 200 305
leaf_count=454 200 1780 203 386 16125 30224 2219 1235 3170 232 409 5449 367 89086 3000 205 233 1263 922 220 200 305
internal_value=-3.50755e-05 -0.000928778 0.00201656 -2.61229e-06 0.000238228 0.000365643 0.000972363 -0.00110077 3.22803e-05 0.0024425 -0.000145228 -0.000128609 0.00267439 -0.000151667 -0.00167564 -0.00128992 -0.00189224 -0.00243693 0.000310089 -0.000418198 0.00428429 0.00118367
internal_weight=157887 5531 603 152356 56659 51738 18344 4921 33394 686 95697 95311 776 94535 4235 4928 3581 3043 1347 1142 400 538
internal_count=157887 5531 603 152356 56659 51738 18344 4921 33394 686 95697 95311 776 94535 4235 4928 3581 3043 1347 1142 400 538
is_linear=0
shrinkage=0.02


Tree=188
num_leaves=31
num_cat=0
split_feature=69 53 45 5 53 44 45 7 44 44 48 41 41 26 49 52 72 5 31 0 54 52 10 59 48 71 37 7 9 25
split_gain=10.68 30.9635 75.4416 37.9907 58.4692 36.6443 48.4877 67.7957 47.142 28.8079 43.4511 29.6428 41.514 28.0744 26.3501 26.3337 34.8459 37.9579 25.3964 24.1052 28.5488 24.8792 21.196 17.9808 15.2292 18.7459 18.5428 14.8431 14.089 12.1081
threshold=-0.016548956142339307 0.013639970853982417 0.0042638229464741677 0.015909089417996201 0.013305200395819812 0.16428337884866476 0.013277514541601062 0.0096606290937709411 0.066739856546055978 0.00083595413199644153 -0.034075730639950667 0.026653010398889235 0.030461029137736188 0.83690855975215439 0.014239799815179756 0.60057639833257792 0.36230146915816869 0.0096339553319831298 -0.04589555363777386 -0.022495824839018515 0.45051090905523267 0.35859310910582448 1.59806129762523 0.52807788475891937 -0.05560384532419848 -0.0084511833015104999 0.19173846677509698 0.0064193952474409068 0.51426227819788062 0.78329911696901411
decision_type=10 10 10 10 10 10 10 10 10 10 8 10 10 8 10 2 10 8 10 8 10 2 8 10 10 8 10 10 10 10
left_child=9 2 13 4 -4 6 8 -8 -3 15 19 22 -13 23 -5 24 17 -17 -18 21 -21 -11 -12 -2 26 -26 -1 -15 -7 -30
right_child=1 5 3 14 -6 28 7 -9 -10 10 11 12 -14 27 -16 16 18 -19 -20 20 -22 -23 -24 -25 25 -27 -28 -29 29 -31
leaf_value=-0.0004863215506893426 0.0035684324709695228 0.0011268635537296529 -0.00074146230992657141 0.0016180759142742532 -0.0042688859505687132 0.0068110930134863768 -0.003077327932410502 1.1845882720823709e-05 -0.00026027145246209374 0.0070802749193774467 -0.00035794265314614213 0.0037353474379359674 -6.1955926675181101e-05 0.00092544074306384822 -0.0038672342225074042 0.0036495102394214387 0.00080237676103398381 -0.00048520573098719298 0.0060051791813844528 -0.0070403683722897693 -0.0017978694840325802 -0.0011275974441285444 0.00090643972655382544 0.0013159931598658906 4.4006326299652898e-05 0.0033055819729440727 0.0012679860319857747 -0.0013084165495008311 0.0011330230952355175 0.0052125053821739332
leaf_weight=10975 1498 22579 14348 3613 1954 220 1716 5984 11297 294 47443 1686 2794 3812 647 572 534 2290 911 272 6581 602 6579 1522 2059 1452 1771 1281 662 202
leaf_count=10975 1498 22579 14348 3613 1954 220 1716 5984 11297 294 47443 1686 2794 3812 647 572 534 2290 911 272 6581 602 6579 1522 2059 1452 1771 1281 662 202
internal_value=1.23806e-05 0.000193703 -0.000314479 -0.000958907 -0.00139839 0.000535337 0.00044058 -0.000991819 0.000766243 -0.000136588 -0.000339582 -0.00015312 0.00140995 0.00131846 0.000722366 0.000517287 0.00190761 0.000628013 0.00443845 -0.00174684 -0.00215028 0.00133556 -0.000282805 0.00284608 0.000148727 0.00131492 -0.000172433 0.000411857 0.00416406 0.00300347
internal_weight=158150 71335 28675 20562 16302 42660 41576 7700 33876 86815 66251 58502 4480 8113 4260 20564 4307 2862 1445 7749 6853 896 54022 3020 16257 3511 12746 5093 1084 864
internal_count=158150 71335 28675 20562 16302 42660 41576 7700 33876 86815 66251 58502 4480 8113 4260 20564 4307 2862 1445 7749 6853 896 54022 3020 16257 3511 12746 5093 1084 864
is_linear=0
shrinkage=0.02


Tree=189
num_leaves=23
num_cat=0
split_feature=33 41 55 45 58 37 36 18 37 18 47 9 43 69 42 54 54 42 8 45 32 52
split_gain=13.1058 18.5637 27.5884 26.8898 25.3918 21.1716 16.7246 14.4962 13.8837 12.7875 14.8784 12.1227 15.9985 12.5868 11.9444 14.0551 11.4471 9.33192 9.20379 37.5514 29.2379 8.50527
threshold=0.14734579120385247 0.032236937256637239 0.94820215624986037 0.011930572666758116 0.16224473220570537 -0.32711884771638922 0.15071297733665889 28.220716249296114 -0.52466080237925705 83.42153687882994 -0.021503340663058531 -0.44381680235841231 0.038866935596649672 -0.24056110546373369 0.034429965100681977 0.61614792896391213 0.59804442026255344 0.041176270621940299 0.0079318406977609557 0.018619044111080962 -0.051807804853587484 0.70463811982551416
decision_type=10 8 10 10 10 8 10 8 8 10 8 8 10 8 10 8 10 10 8 10 8 2
left_child=9 4 3 -3 5 16 -7 -6 -9 11 -11 12 21 -14 15 -12 -2 -16 19 -13 -20 -1
right_child=1 2 -4 -5 7 6 -8 8 -10 10 14 18 13 -15 17 -17 -18 -19 20 -21 -22 -23
leaf_value=0.0017347514188614389 0.00082149424877500437 0.0054521773244436567 -0.0049382019447480018 -0.00021986392406159517 0.0033425426276970593 -0.0027090867721483126 0.00015556544838541154 -0.001328115836792495 5.5113074757707768e-05 -0.0024195692626495314 0.0013332819252342429 9.4611024300459979e-05 0.00078666862335350252 0.0063092496108763845 -0.0033769513212573267 0.0042603540605317073 -0.0035157574898320386 0.00065826864548162219 0.0004505788500354912 0.0079414017299600723 -0.00041850426517106121 -0.0011433381141305839
leaf_weight=911 712 396 209 325 327 1835 318 2618 6044 341 2540 72189 320 334 224 252 201 235 16999 231 49631 859
leaf_count=911 712 396 209 325 327 1835 318 2618 6044 341 2540 72189 320 334 224 252 201 235 16999 231 49631 859
internal_value=-8.71865e-06 -0.000617434 0.00210311 0.00395845 -0.000827638 -0.00239909 -0.00348097 -0.000291212 -0.000447651 4.57582e-05 0.00122405 1.5819e-05 0.00141773 0.00408855 0.00164145 0.00213319 0.000150985 -0.00134348 -8.61554e-06 0.000147443 -0.000178265 0.000428007
internal_weight=158051 12985 930 721 12055 3066 2153 8989 8662 145066 3592 141474 2424 654 3251 2792 913 459 139050 72420 66630 1770
internal_count=158051 12985 930 721 12055 3066 2153 8989 8662 145066 3592 141474 2424 654 3251 2792 913 459 139050 72420 66630 1770
is_linear=0
shrinkage=0.02


Tree=190
num_leaves=11
num_cat=0
split_feature=39 50 49 16 53 27 24 59 46 9
split_gain=9.7929 14.9854 14.2375 10.8709 21.4194 16.7236 9.82435 8.33654 14.5158 3.4528
threshold=-0.13985331144054278 0.11198429954846724 0.10254354559243763 -0.057877695372666786 0.010989559495124484 -0.18022907068839353 1.7199510196073378 0.8551968087450964 0.010538723293117809 1.2685609979287975
decision_type=8 10 10 8 10 8 8 8 8 10
left_child=6 2 3 4 -2 -5 7 9 -9 -1
right_child=1 -3 -4 5 -6 -7 -8 8 -10 -11
leaf_value=-0.0012590621556535675 -0.0041454950549534263 0.0028068414666733077 0.0038447296941334142 -0.0083414279787102572 0.00054665305753082735 -5.8501976865981133e-05 -0.005801010026627698 -0.0035152253282370494 0.0038022058317733923 -0.0029847994006564778
leaf_weight=206 418 308 220 222 16364 139543 232 286 310 226
leaf_count=206 418 308 220 222 16364 139543 232 286 310 226
internal_value=-1.93134e-05 -5.20767e-06 -1.38931e-05 -2.1067e-05 0.00045987 -7.88318e-05 -0.00177478 -0.000931001 0.000599665 -0.00304388
internal_weight=158335 157075 156767 156547 16782 139765 1260 1028 596 432
internal_count=158335 157075 156767 156547 16782 139765 1260 1028 596 432
is_linear=0
shrinkage=0.02


Tree=191
num_leaves=23
num_cat=0
split_feature=72 42 45 5 10 0 49 52 1 54 54 51 49 41 49 10 43 54 14 52 24 4
split_gain=13.1707 28.3122 33.6699 23.6777 23.1534 28.0077 22.4901 16.6485 19.8877 16.596 25.2374 12.7334 12.7189 12.5429 10.8493 10.5128 45.1207 34.1136 10.5224 31.3056 25.139 3.54723
threshold=-1.8353486864856075 0.012776128740270233 0.0061328673242853453 0.0096339553319831298 0.045296600186699225 0.0052567524512766592 0.0091919111238235613 0.60809578262408459 0.00093608514332399484 0.56052014714107801 0.41119808322121021 0.64265313743963215 0.018105820426894684 0.0010449016021018 0.014407591467871185 2.1457213304527802 0.049309829597586126 0.40253637636326006 -0.009234888741587231 0.88789462569950384 -1.6708894943512773 0.052924502254318447
decision_type=8 10 10 10 8 10 10 2 10 10 10 2 10 10 10 10 10 10 8 2 8 10
left_child=1 3 12 9 5 6 21 -4 -9 10 -1 13 -3 -5 -8 18 17 -17 20 -20 -6 -2
right_child=4 2 7 11 15 -7 14 8 -10 -11 -12 -13 -14 -15 -16 16 -18 -19 19 -21 -22 -23
leaf_value=-0.0078421370611370285 -0.00066844999788447654 0.0063322925317516425 0.002143280160668727 -0.0021076123306660046 -0.0023526855648766478 0.0069613591558054244 0.00427843719130859 0.00043172346518658355 -0.0059627409566179622 -0.0071794093791525369 0.00041326749237072079 -0.0040010367367421164 0.00048337683503652944 0.0029052704498081718 0.00052932233889114988 -0.0012416067650253115 -0.010291143456933974 0.0046613065896943711 1.169283633006571e-05 0.0016185092635871896 -0.00022015078518374269 -0.0033305667095230342
leaf_weight=231 200 294 237 788 925 373 229 252 342 277 301 308 211 375 210 1105 277 2244 105084 3132 40355 200
leaf_count=231 200 294 237 788 925 373 229 252 342 277 301 308 211 375 210 1105 277 2244 105084 3132 40355 200
internal_value=-1.18898e-05 -0.00120487 0.00110546 -0.0025594 1.6056e-05 0.00276834 0.000735714 -0.00136779 -0.0031563 -0.00530617 -0.00322326 -0.00104484 0.00517391 -8.41924e-05 0.00385909 -5.73395e-06 0.00105817 0.0017009 -3.15592e-05 7.20589e-05 -0.000303239 -0.00268828
internal_weight=157950 3616 1336 2280 154334 1212 839 831 594 809 532 1471 505 1163 439 153122 3626 3349 149496 108216 41280 400
internal_count=157950 3616 1336 2280 154334 1212 839 831 594 809 532 1471 505 1163 439 153122 3626 3349 149496 108216 41280 400
is_linear=0
shrinkage=0.02


Tree=192
num_leaves=28
num_cat=0
split_feature=33 44 32 45 46 45 46 6 75 54 26 65 6 6 50 54 5 46 7 20 45 33 46 10 35 50 50
split_gain=11.7557 31.3373 25.1601 26.4759 31.2308 18.1384 26.3062 27.4347 21.7551 17.7909 12.7768 12.6424 11.0811 15.3488 19.133 18.5595 36.69 15.3048 15.1695 17.1934 15.818 17.0538 12.9251 12.3928 11.2046 9.66808 9.06415
threshold=0.15267833383724788 0.051015913869813197 -0.14238399869210736 0.0074529989177442605 0.0079319643554904683 0.011908652628936825 0.0072976106457494716 0.011521309896337923 0.85626145639785911 0.45447256676581332 0.70391272405832062 0.92124435847840125 0.035539652476200896 0.024491337813363111 0.05154140508411665 0.68686325633828671 0.019842842383607749 0.0097516897359892756 0.013806450344919265 -0.035685800983110409 0.016248102843130916 -0.23223096784543246 0.012571284836160303 1.7504316592954472 0.049920545155469197 0.02923174239088944 0.051908077306145224
decision_type=10 8 10 10 10 10 10 8 10 10 10 10 10 10 10 10 8 10 10 10 10 8 10 10 10 10 10
left_child=12 2 10 9 -5 6 8 -8 -3 -4 -2 -7 13 15 24 17 -17 -1 19 -14 22 -22 -20 -16 -15 -12 -21
right_child=1 5 3 4 -6 11 7 -9 -10 -11 25 -13 18 14 23 16 -18 -19 20 26 21 -23 -24 -25 -26 -27 -28
leaf_value=0.00011508083568398088 0.0055651848225775962 0.00071681790765309593 -0.0018811034324776239 -0.0061574172858254771 -0.002065996244137142 0.0053746168801411054 -0.0049258865363198054 -0.00034509179815308898 0.003897644701473503 0.00079513408359100951 -0.00090285842352954757 0.00077808587078107179 0.0031082729056776015 0.0017662522489369432 -0.00039996120297853974 0.0023497526294434102 -0.0017817460470831614 -0.00035813046989992991 -0.00056750757397686026 -0.0020403820227922137 0.002162273055088048 -0.0014504160200560191 0.0024201522464582154 -0.007969161962471126 -5.1000233232886414e-05 0.0027244732772824711 -0.0028089724513741567
leaf_weight=98401 245 2231 1106 410 2250 218 341 2360 465 1621 562 201 205 7677 1158 2394 935 25829 1295 572 467 2367 1176 205 2471 280 641
leaf_count=98401 245 2231 1106 410 2250 218 341 2360 465 1621 562 201 205 7677 1158 2394 935 25829 1295 572 467 2367 1176 205 2471 280 641
internal_value=4.41411e-05 -0.000549833 -0.00150703 -0.00206719 -0.00348666 0.000515386 0.000203409 -0.00119097 0.00160104 -0.000681085 0.00126654 0.00451905 9.42288e-05 0.00013258 0.000832001 6.94418e-05 0.00154294 2.99281e-05 -0.000698691 -0.00253559 -0.000206936 -0.00122681 0.000961974 -0.0013915 0.00113095 9.25267e-05 -0.00344152
internal_weight=158083 12290 6474 5387 2660 5816 5397 2701 2696 2727 1087 419 145793 139070 11511 127559 3329 124230 6723 1418 5305 2834 2471 1363 10148 842 1213
internal_count=158083 12290 6474 5387 2660 5816 5397 2701 2696 2727 1087 419 145793 139070 11511 127559 3329 124230 6723 1418 5305 2834 2471 1363 10148 842 1213
is_linear=0
shrinkage=0.02


Tree=193
num_leaves=12
num_cat=0
split_feature=22 6 59 32 50 14 42 45 10 38 13
split_gain=12.3591 16.3689 11.9139 11.8793 20.6697 16.3906 15.0354 12.5676 23.0144 13.3864 4.34623
threshold=-0.34519108244699315 0.051829731077108039 0.99787007213174261 0.23307934719532422 0.039109424759590568 0.23673708805001517 0.02663964615849557 0.0035439085689753058 2.1457213304527802 0.88420629092107583 0.25610359883110351
decision_type=8 10 10 10 10 8 10 8 10 8 10
left_child=1 -1 3 7 6 -6 -5 8 -2 -9 -4
right_child=2 -3 10 4 5 -7 -8 9 -10 -11 -12
leaf_value=-0.000654588727792598 0.00038353974728369712 0.010448806836647947 -0.0026192170042738001 0.00026258926282599169 0.0006611638904335228 0.0045513329892923641 -0.0061977159264600965 -0.00028515872883227961 0.006223064749178454 4.587831478634598e-05 -0.0073771512187984448
leaf_weight=320 9999 282 218 3251 1057 1252 255 53309 415 87526 223
leaf_count=320 9999 282 218 3251 1057 1252 255 53309 415 87526 223
internal_value=-8.71556e-06 0.00284909 -1.96691e-05 -1.04288e-05 0.000876547 0.00234545 -9.06758e-05 -4.45488e-05 0.000625828 -9.41379e-05 -0.00329864
internal_weight=158107 602 157505 157064 5815 2309 3506 151249 10414 140835 441
internal_count=158107 602 157505 157064 5815 2309 3506 151249 10414 140835 441
is_linear=0
shrinkage=0.02


Tree=194
num_leaves=20
num_cat=0
split_feature=78 57 73 53 44 37 49 10 30 22 38 68 59 53 55 51 43 43 28
split_gain=13.3287 15.6577 15.4296 22.8342 24.0106 24.866 20.2271 13.4652 15.2528 13.4313 13.0951 42.4067 16.9091 9.47227 9.38594 8.0877 11.5118 6.61968 4.86733
threshold=1.886259294010366 0.032955750710618993 -1.3991677014524539 0.010900370658205363 0.064480487896289365 -0.27694168962671611 -0.051527325845772125 0.5857637372382537 0.8035890858151129 -0.34519108244699315 1.2428034140120034 -0.23686625745767245 0.99787007213174261 0.014468504949544733 0.077081220419202179 0.62579569431033877 0.029966135125269137 0.01290748596382141 -0.043055447072339263
decision_type=10 10 8 10 8 8 10 10 10 8 10 10 10 10 10 2 10 10 10
left_child=2 17 3 -1 6 -6 -5 15 14 -4 12 -12 -11 -10 -9 18 -17 -2 -3
right_child=1 7 9 4 5 -7 -8 8 13 10 11 -13 -14 -15 -16 16 -18 -19 -20
leaf_value=-0.005587060392437445 -0.0014458602798017035 0.0020658748481373551 0.0056745073592238881 -0.0041439087988136185 0.0031968359232943618 -0.002459893699869516 0.0023436650729360313 0.0030230187011349749 -0.0010377918769418004 -8.0140171846312044e-05 -0.00087680755437386101 0.0011787843993882059 -0.0073632668218421449 -0.0046675163363880971 -0.00071299214094764144 0.0041131343550876685 0.00030275719528756191 -0.0055245861198456895 -0.0026044268730101637
leaf_weight=294 229 213 236 207 683 1684 5221 205 456 130053 5177 9051 276 325 2315 280 288 315 204
leaf_count=294 229 213 236 207 683 1684 5221 205 456 130053 5177 9051 276 325 2315 280 288 315 204
internal_value=-2.50962e-05 -0.00105941 7.57442e-06 0.000857602 0.00106439 -0.000615709 0.00179738 -0.000652671 -0.00126529 -3.9905e-05 -4.77179e-05 0.000528358 -0.000110627 -0.00370588 -0.000506942 0.00139757 0.00294903 -0.00425321 -0.000712919
internal_weight=157712 4830 152882 8089 7795 2367 5428 4286 3301 144793 144557 14228 130329 781 2520 985 568 544 417
internal_count=157712 4830 152882 8089 7795 2367 5428 4286 3301 144793 144557 14228 130329 781 2520 985 568 544 417
is_linear=0
shrinkage=0.02


Tree=195
num_leaves=17
num_cat=0
split_feature=59 46 46 46 53 41 46 38 2 72 46 54 71 18 69 78
split_gain=15.9135 16.9352 26.0881 42.64 27.242 29.1727 19.3846 11.3219 12.7821 10.0161 37.728 97.3015 29.425 13.2566 25.3131 14.0591
threshold=0.050358845607628329 0.0040265091675481387 0.0045607764343140013 0.0049262266871549646 0.012924722733100054 0.0023069462973470682 0.0098035601031225307 1.6292706313043768 -0.095151971409657851 -1.1128415914777741 0.003925608863807376 0.31492629123173094 -0.44103621867342124 78.581799854620868 -0.94611247465825354 1.886259294010366
decision_type=8 10 10 10 10 10 10 10 10 8 10 10 10 10 10 10
left_child=1 -1 4 -4 5 -3 -5 9 -9 10 12 -12 -2 15 -15 -11
right_child=7 2 3 6 -6 -7 -8 8 -10 13 11 -13 -14 14 -16 -17
leaf_value=-0.0033275445169779864 -0.0091232658779371451 -0.0034813159293125419 -0.0052153309319321476 5.15615270760687e-05 0.0055685482182202938 0.0031574735280562459 -0.0014346979438431687 0.00099772741759477702 -0.0035480772686043217 -1.0901728229484598e-05 0.010784916365899719 0.0003734707605861219 -0.00040860165044684805 -0.0019446738024769923 0.00084217379713967544 -0.00088947107350430754
leaf_weight=235 226 208 252 4010 214 218 2164 232 339 122454 366 14374 240 1014 8253 3553
leaf_count=235 226 208 252 4010 214 218 2164 232 339 122454 366 14374 240 1014 8253 3553
internal_value=5.54457e-06 -0.000906327 -0.000729871 -0.00111374 0.003117 0.00018267 -0.000783482 4.96385e-05 -0.00275874 6.03266e-05 0.000546985 0.000724374 -0.00504925 5.6034e-06 0.00073565 -4.80763e-05
internal_weight=158352 7301 7066 6426 640 426 6174 151051 571 150480 15206 14740 466 135274 9267 126007
internal_count=158352 7301 7066 6426 640 426 6174 151051 571 150480 15206 14740 466 135274 9267 126007
is_linear=0
shrinkage=0.02


Tree=196
num_leaves=12
num_cat=0
split_feature=25 57 72 32 19 46 52 53 18 49 6
split_gain=12.8262 26.6235 11.5967 11.083 9.80563 20.1418 21.4794 17.1877 15.5313 29.0345 11.9637
threshold=-1.8989603227860805 0.62742998698408703 3.285980170149482 -0.067794308236300713 1.9539555212719026 0.0042285409138495206 0.27938314052796748 0.012994424958927954 78.581799854620868 -0.010867108319930706 0.070717915228013475
decision_type=8 10 10 10 10 10 2 10 10 8 10
left_child=1 -1 4 -4 8 7 -7 -6 10 -10 -2
right_child=2 -3 3 -5 5 6 -8 -9 9 -11 -12
leaf_value=-0.0014014157342258069 -1.8973157578596675e-05 0.0082211185073712573 0.0013086971279188775 -0.007850556505819872 0.0028339268014139687 -0.0042344922111153694 -0.00046432890457059092 -0.00038784459043616668 -0.0059348288528582151 0.00079409154593541853 0.0052537526709626834
leaf_weight=377 135650 244 206 394 746 234 11281 690 210 7962 486
leaf_count=377 135650 244 206 394 746 234 11281 690 210 7962 486
internal_value=-7.81166e-06 0.00285852 -1.91182e-05 -0.00279201 -8.5082e-06 -0.00053567 -0.000814345 0.00169659 3.87918e-05 0.000885599 -1.2032e-05
internal_weight=158480 621 157859 600 157259 12951 11515 1436 144308 8172 136136
internal_count=158480 621 157859 600 157259 12951 11515 1436 144308 8172 136136
is_linear=0
shrinkage=0.02


Tree=197
num_leaves=17
num_cat=0
split_feature=17 46 8 9 38 20 22 19 53 45 0 32 50 8 35 20
split_gain=12.0424 15.6994 14.3064 14.3046 12.1086 14.0498 11.426 11.3161 20.268 11.0952 10.5182 10.4441 17.6712 12.9334 8.70065 7.24669
threshold=-2.0499401959307448 0.0067549900937260024 0.0085030220095460175 1.0696364699609573 1.5568594782786793 -0.040530438368428838 -0.06739857920508667 2.2480184057716821 0.011136522128909738 0.010276672700424325 -0.00052778281253085247 0.21128816567500777 0.039109424759590568 0.042600829505271574 0.027955675109766098 -0.027779137224908764
decision_type=2 10 8 10 10 10 10 10 10 10 10 10 10 10 10 10
left_child=1 -1 15 -4 7 -6 -7 11 -9 -5 -10 13 -13 -2 -8 -3
right_child=4 2 3 9 5 6 14 8 10 -11 -12 12 -14 -15 -16 -17
leaf_value=-0.0025131596257854517 2.6234737381377895e-05 0.0018083002116788822 -0.0013208654232068195 -0.00088959966703316463 0.00130418877406002 -0.0036788145784694935 0.0012877187737157948 0.0030504628575802497 -0.0040052807837998652 0.0054246917386474225 -0.00075053371962219013 8.8361207008661314e-05 0.0021388016992090466 0.0034796082741249735 -0.0021178496536995999 0.0050143556853266156
leaf_weight=324 140591 262 397 216 399 382 247 335 238 372 5556 4520 2635 634 570 274
leaf_count=324 140591 262 397 216 399 382 247 335 238 372 5556 4520 2635 634 570 274
internal_value=5.06353e-05 0.00165655 0.00250854 0.00107302 3.16319e-05 -0.00169981 -0.00278167 4.95631e-05 -0.000792496 0.00305263 -0.00106954 8.43639e-05 0.000829793 4.65778e-05 -0.0014401 0.00513594
internal_weight=157952 1845 1521 985 156107 1598 1199 154509 6129 588 5794 148380 7155 141225 817 536
internal_count=157952 1845 1521 985 156107 1598 1199 154509 6129 588 5794 148380 7155 141225 817 536
is_linear=0
shrinkage=0.02


Tree=198
num_leaves=15
num_cat=0
split_feature=25 69 33 41 44 7 46 69 1 33 53 75 0 75
split_gain=13.2802 23.4302 10.8904 23.2586 25.3354 17.9082 14.8882 9.27957 12.0554 8.74967 8.34758 8.32873 8.00365 3.80258
threshold=-1.8989603227860805 0.18398599884355465 0.19703363745832725 0.032236937256637239 0.05207707518073413 0.020129556318358815 0.0044955487679037938 1.5860117299816829 0.17877213928798888 0.036328484093677553 0.014236748906263913 1.4434614857236971 0.0069160841900683953 0.12513193746985954
decision_type=8 10 10 10 10 10 10 10 10 10 10 10 10 8
left_child=1 -1 7 5 -5 6 -4 8 11 10 -9 -2 -11 -10
right_child=2 -3 3 4 -6 -7 -8 9 13 12 -12 -13 -14 -15
leaf_value=-0.0010993003669890087 9.6675560214404267e-06 0.0075572762840989162 0.00095970744687293608 -0.00075173538477704249 0.007875139145636258 0.0047936530800486345 -0.0012443767194109977 0.00082206929264046799 -0.0014228673903818115 0.00097457776484418215 0.0028944694209971202 -0.0016446447409285414 -0.00093287884697043394 -0.0058299661109670643
leaf_weight=356 141699 267 1153 296 267 342 6542 1940 228 1880 1489 350 1401 200
leaf_count=356 141699 267 1153 296 267 342 6542 1940 228 1880 1489 350 1401 200
internal_value=1.50242e-06 0.00291346 -1.00008e-05 -0.000702011 0.0032234 -0.000977606 -0.00117698 2.98818e-05 -4.33751e-06 0.000756668 0.00146297 5.75854e-06 1.76722e-05 -0.00335198
internal_weight=158410 623 157787 8600 563 8037 7695 149187 142477 6710 3429 142049 3281 428
internal_count=158410 623 157787 8600 563 8037 7695 149187 142477 6710 3429 142049 3281 428
is_linear=0
shrinkage=0.02


Tree=199
num_leaves=21
num_cat=0
split_feature=78 20 68 66 41 25 69 17 46 70 78 3 72 30 55 68 57 57 75 72
split_gain=13.8139 20.4117 14.3305 12.0378 11.7612 11.6994 20.4395 11.8138 11.1319 9.92056 9.51656 9.43127 9.96938 9.91445 9.03888 6.62408 9.48376 11.1206 5.9142 5.2204
threshold=1.886259294010366 -0.090007963665283117 0.21100328431022966 0.54638136015962757 0.0054255806394362125 -1.8989603227860805 0.17526015661225533 -2.0499401959307448 0.0067549900937260024 -1.2417227077992512 0.71431909174576258 0.085435017033061347 -1.0766858316546821 0.8035890858151129 0.036999011331660205 0.5089694581182459 0.97486908239256875 0.95553201506591356 -1.7719088399880276 -1.4410232318207365
decision_type=10 8 10 8 10 8 10 2 10 8 10 10 10 10 10 10 10 8 10 10
left_child=1 3 11 14 10 6 -3 8 -7 -9 -5 12 19 -14 -1 -4 17 -17 -6 -2
right_child=2 5 15 4 18 7 -8 9 -10 -11 -12 -13 13 -15 -16 16 -18 -19 -20 -21
leaf_value=0.002808431310254138 -0.0013493132293121673 -0.00068117972957840471 0.002328944653017528 -0.0028974718802057776 0.0074005347807204755 -0.0016015745480378611 0.0074919701816733445 -0.00086971904343543962 0.0022453339118923468 4.6717321980185854e-06 0.0014161150158037428 -0.0054794810945933718 -0.00058529668654269836 -0.0025613434114255176 0.0063811535113161956 -0.0001430235496364725 0.0035790850034304812 -0.0034059237806831617 0.00034789132476049548 0.0021775440686030039
leaf_weight=208 231 364 376 239 208 280 262 2461 1248 147047 334 227 1116 1019 353 1070 289 207 208 237
leaf_count=208 231 364 376 239 208 280 262 2461 1248 147047 334 227 1116 1019 353 1070 289 207 208 237
internal_value=4.03836e-06 3.70595e-05 -0.00105552 0.00231979 0.000987879 1.37014e-05 0.00274003 2.37028e-06 0.00175147 -1.55041e-05 -0.000867596 -0.00196326 -0.00161982 -0.00219944 0.00465836 0.000266598 -0.000305041 -0.00104695 0.00354436 0.00101919
internal_weight=157984 153212 4772 1550 989 151662 626 151036 1528 149508 573 2830 2603 2135 561 1942 1566 1277 416 468
internal_count=157984 153212 4772 1550 989 151662 626 151036 1528 149508 573 2830 2603 2135 561 1942 1566 1277 416 468
is_linear=0
shrinkage=0.02


end of trees

feature_importances:
spy_return_60d=289
spy_vol_60d=276
return_dispersion_20d=225
avg_corr_to_spy_60d=225
spy_vol_20d=169
vol_60d=167
spy_price_to_sma_50d=152
spy_return_5d=138
spy_return_10d=136
spy_return_20d=124
spy_drawdown_120d=113
momentum_120d=112
breadth_above_sma_50d=108
cs_rank_momentum_120d=107
cs_z_momentum_120d=104
beta_60d_spy=95
mom_60_20_divergence=90
beta_20d_spy=83
spy_price_to_sma_20d=76
vol_20d=71
cs_z_vol_20d=68
return_1d=65
breadth_above_sma_20d=61
downside_vol_20d=57
return_60d=54
beta_instability=54
cs_rank_vol_60d=54
cs_z_vol_60d=54
excess_return_5d_vs_spy=52
cs_z_beta_60d_spy=52
spy_drawdown_60d=50
cs_rank_beta_60d_spy=48
rsi_14=47
distance_to_60d_high=46
relative_momentum_20d_vs_spy=45
vol_compression=45
residual_momentum_60d=43
excess_return_60d_vs_spy=38
excess_return_20d_vs_spy=37
mom_beta_adjusted=36
cs_z_distance_to_60d_high=36
cs_z_vol_compression=36
bollinger_z_20d=35
downside_ratio=35
upside_vol_20d=34
cs_rank_vol_20d=34
macd_hist=32
mom_vol_ratio=29
trend_strength=28
price_to_sma_50d=27
cs_rank_distance_to_60d_high=27
cs_z_momentum_60d=26
dollar_volume_ratio_20d=24
return_10d=23
cs_rank_vol_compression=22
volume_zscore_20d=21
mom_divergence=21
distance_to_20d_high=20
volume_zscore_60d=19
residual_momentum_20d=19
cs_rank_momentum_60d=15
cs_rank_residual_momentum_20d=15
cs_z_momentum_20d=15
return_5d=13
drawdown_reversal_setup=13
cs_rank_momentum_20d=12
short_reversal_5d=11
cs_z_residual_momentum_20d=10
price_to_sma_20d=9
return_20d=8
momentum_60d=8
cs_z_volume_zscore_60d=7
cs_z_excess_return_60d_vs_spy=6
momentum_20d=5
cs_rank_volume_zscore_60d=4
cs_z_excess_return_20d_vs_spy=4
momentum_5d=3
cs_rank_excess_return_60d_vs_spy=3
cs_rank_excess_return_20d_vs_spy=2

parameters:
[boosting: gbdt]
[objective: regression_l1]
[metric: l1]
[tree_learner: serial]
[device_type: cpu]
[data_sample_strategy: bagging]
[data: ]
[valid: ]
[num_iterations: 200]
[learning_rate: 0.02]
[num_leaves: 31]
[num_threads: 0]
[seed: 42]
[deterministic: 0]
[force_col_wise: 0]
[force_row_wise: 0]
[histogram_pool_size: -1]
[max_depth: 5]
[min_data_in_leaf: 200]
[min_sum_hessian_in_leaf: 0.001]
[bagging_fraction: 0.8]
[pos_bagging_fraction: 1]
[neg_bagging_fraction: 1]
[bagging_freq: 1]
[bagging_seed: 42]
[bagging_by_query: 0]
[feature_fraction: 0.75]
[feature_fraction_bynode: 1]
[feature_fraction_seed: 42]
[extra_trees: 0]
[extra_seed: 12879]
[early_stopping_round: 0]
[early_stopping_min_delta: 0]
[first_metric_only: 0]
[max_delta_step: 0]
[lambda_l1: 0.1]
[lambda_l2: 1]
[linear_lambda: 0]
[min_gain_to_split: 0]
[drop_rate: 0.1]
[max_drop: 50]
[skip_drop: 0.5]
[xgboost_dart_mode: 0]
[uniform_drop: 0]
[drop_seed: 17869]
[top_rate: 0.2]
[other_rate: 0.1]
[min_data_per_group: 100]
[max_cat_threshold: 32]
[cat_l2: 10]
[cat_smooth: 10]
[max_cat_to_onehot: 4]
[top_k: 20]
[monotone_constraints: ]
[monotone_constraints_method: basic]
[monotone_penalty: 0]
[feature_contri: ]
[forcedsplits_filename: ]
[refit_decay_rate: 0.9]
[cegb_tradeoff: 1]
[cegb_penalty_split: 0]
[cegb_penalty_feature_lazy: ]
[cegb_penalty_feature_coupled: ]
[path_smooth: 0]
[interaction_constraints: ]
[verbosity: -1]
[saved_feature_importance_type: 0]
[use_quantized_grad: 0]
[num_grad_quant_bins: 4]
[quant_train_renew_leaf: 0]
[stochastic_rounding: 1]
[linear_tree: 0]
[max_bin: 255]
[max_bin_by_feature: ]
[min_data_in_bin: 3]
[bin_construct_sample_cnt: 200000]
[data_random_seed: 175]
[is_enable_sparse: 1]
[enable_bundle: 1]
[use_missing: 1]
[zero_as_missing: 0]
[feature_pre_filter: 1]
[pre_partition: 0]
[two_round: 0]
[header: 0]
[label_column: ]
[weight_column: ]
[group_column: ]
[ignore_column: ]
[categorical_feature: ]
[forcedbins_filename: ]
[precise_float_parser: 0]
[parser_config_file: ]
[objective_seed: 16083]
[num_class: 1]
[is_unbalance: 0]
[scale_pos_weight: 1]
[sigmoid: 1]
[boost_from_average: 1]
[reg_sqrt: 0]
[alpha: 0.9]
[fair_c: 1]
[poisson_max_delta_step: 0.7]
[tweedie_variance_power: 1.5]
[lambdarank_truncation_level: 30]
[lambdarank_norm: 1]
[label_gain: ]
[lambdarank_position_bias_regularization: 0]
[eval_at: ]
[multi_error_top_k: 1]
[auc_mu_weights: ]
[num_machines: 1]
[local_listen_port: 12400]
[time_out: 120]
[machine_list_filename: ]
[machines: ]
[gpu_platform_id: -1]
[gpu_device_id: -1]
[gpu_use_dp: 0]
[num_gpu: 1]

end of parameters

pandas_categorical:[]
