tree
version=v4
num_class=1
num_tree_per_iteration=1
label_index=0
max_feature_idx=78
objective=lambdarank
feature_names=return_1d return_5d return_10d return_20d return_60d vol_20d vol_60d downside_vol_20d upside_vol_20d beta_20d_spy beta_60d_spy momentum_5d momentum_20d momentum_60d momentum_120d price_to_sma_20d price_to_sma_50d macd_hist rsi_14 bollinger_z_20d excess_return_5d_vs_spy excess_return_20d_vs_spy excess_return_60d_vs_spy relative_momentum_20d_vs_spy volume_zscore_20d volume_zscore_60d dollar_volume_ratio_20d distance_to_20d_high distance_to_60d_high mom_vol_ratio downside_ratio mom_divergence mom_60_20_divergence mom_beta_adjusted trend_strength residual_momentum_20d residual_momentum_60d beta_instability vol_compression short_reversal_5d drawdown_reversal_setup spy_return_5d spy_return_10d spy_return_20d spy_return_60d spy_vol_20d spy_vol_60d spy_drawdown_60d spy_drawdown_120d spy_price_to_sma_20d spy_price_to_sma_50d breadth_above_sma_20d breadth_above_sma_50d return_dispersion_20d avg_corr_to_spy_60d cs_rank_momentum_20d cs_rank_momentum_60d cs_rank_momentum_120d cs_rank_vol_20d cs_rank_vol_60d cs_rank_beta_60d_spy cs_rank_excess_return_20d_vs_spy cs_rank_excess_return_60d_vs_spy cs_rank_distance_to_60d_high cs_rank_volume_zscore_60d cs_rank_residual_momentum_20d cs_rank_vol_compression cs_z_momentum_20d cs_z_momentum_60d cs_z_momentum_120d cs_z_vol_20d cs_z_vol_60d cs_z_beta_60d_spy cs_z_excess_return_20d_vs_spy cs_z_excess_return_60d_vs_spy cs_z_distance_to_60d_high cs_z_volume_zscore_60d cs_z_residual_momentum_20d cs_z_vol_compression
feature_infos=[-0.43452090331350879:0.52290083351866889] [-0.61014499786032883:0.88260863646066867] [-0.76666670795573144:1.0566034133703051] [-0.82992956002177165:1.6011328544898928] [-0.85304846129940903:3.1843478105994496] [0:0.22421856781514868] [0:0.15098312624435092] [0:0.14329584310333965] [0:0.16337929811143656] [-13.695037798663515:20.575205365344527] [-4.0149274431247379:4.8863263853067735] [-0.61014499786032883:0.88260863646066867] [-0.82992956002177165:1.6011328544898928] [-0.85304846129940903:3.1843478105994496] [-0.83371665409748386:3.8670393633078328] [-0.69421673038056464:0.66131114246219425] [-0.79930206832555228:0.90110352904013702] [-132.53715276993563:80.364006761273146] [0:99.861064002984776] [-4.3588989435444114:4.3588989435883247] [-0.61785372931017601:0.89255912114692015] [-0.76226676485515399:1.4709261398977567] [-0.82324954741436951:2.9093527779374631] [-0.77334040331749898:1.3346611088982128] [-3.1806480089076707:4.3588989435433447] [-3.1101259120259019:7.6809377036926092] [0:20] [-0.81943928948557032:0] [-0.85817267691977117:0] [-18.434164617079603:32.856245653518116] [0:1.000000000000042] [-1.3570366224156163:1.3461280008699332] [-2.0207628673232545:2.8009791764398404] [-1453.7642854441774:10803.162489620385] [-0.10473655208396172:1.0402577970351286] [-0.74485170073586715:1.5881473142128861] [-0.82942612636861368:2.9338428769512812] [-14.198964143960437:17.446146326974887] [0:1.7062872448354571] [-0.88260863646066867:0.61014499786032883] [-0.64546675664435349:0.50171155426150693] [-0.14545734432145407:0.10760484981852825] [-0.22629793900100381:0.13822858534601501] [-0.3098674839759894:0.19880920041384464] [-0.28352722298927002:0.27499503266198677] [0.0021730140768461124:0.057214790451066776] [0.0032232185571641754:0.038131002927157237] [-0.31978067271172672:0] [-0.31978067271172672:0] [-0.18100568915232662:0.10411797460671401] [-0.25990196507381258:0.12386824524671169] [0:0.98360655737704916] [0:0.96926229508196726] [0.009867952331218819:0.048661980569911334] [0.24489108561846168:0.82571605166733542] [0.0020161290322580645:1] [0.0020161290322580645:1] [0.0020202020202020202:1] [0.0020161290322580645:1] [0.0020161290322580645:1] [0.0020161290322580645:1] [0.0020161290322580645:1] [0.0020161290322580645:1] [0.0020161290322580645:1] [0.0020161290322580645:1] [0.0020161290322580645:1] [0.0020161290322580645:1] [-10.036419127683077:15.738424952473304] [-8.1746382519581609:16.457532645463687] [-5.9157233637200122:14.200215155348952] [-2.7783658620320599:17.573692755422847] [-2.9782850486284764:14.693670814366223] [-6.3974491418552946:8.9620500168724586] [-10.036419127683077:15.738424952473304] [-8.1746382519581609:16.457532645463687] [-11.877286787638962:2.8116905715835778] [-3.6952301696231564:12.409992861481406] [-10.270548291498804:16.015521325695076] [-7.1400433713186926:5.6178315661714455]
tree_sizes=3571 3579 3566 3550 3510 3539 3555 3545 3546 3542 3561 3557 3530 3556 3542 3597 3562 3560 3551 3537 3585 3573 3555 3557 3562 3567 3572 3543 3545 3569 3569 3522 3559 3582 3563 3566 3585 3578 3573 3566 3565 3589 3583 3563 3602 3597 3562 3551 3597 3574 3521 3573 3556 3569 3536 3554 3547

Tree=0
num_leaves=31
num_cat=0
split_feature=59 59 59 57 44 41 42 14 63 22 14 26 13 78 45 50 44 57 72 38 44 53 38 3 21 50 6 6 10 26
split_gain=39.3511 6.8254 5.97297 2.76665 3.69293 4.12806 2.62395 2.59591 2.59518 2.63239 2.50993 2.4477 2.3394 2.1253 1.969 1.87708 1.85303 1.84619 1.76358 2.84677 1.7175 2.09573 2.3602 1.65481 1.62295 1.58555 1.38948 1.42814 1.33778 1.33196
threshold=0.70228240328197722 0.86292912896318308 0.42901455395783894 0.82027195848548928 0.048801836542329731 -0.00067011015897150406 -0.013029648079008969 0.20889892649820244 0.39527376271436748 -0.054659893449810974 0.24340391658286678 1.0139817858570233 0.074365323762094052 -1.1025314612847315 0.0045304645304149434 -0.0012107427944896274 0.039895235558165883 0.28004149377593368 0.78565041995016427 0.78133782666242524 0.15576978428121704 0.020765563179641202 1.3414688661188223 -0.075329858478381681 0.011827620127192852 0.017963755745504021 0.019798182724293744 0.014693879811465435 1.0354680357608161 0.51937052291945218
decision_type=10 10 8 10 10 10 10 8 10 10 10 10 10 10 10 10 10 8 10 8 10 10 10 10 10 10 10 10 8 8
left_child=2 23 3 7 5 6 -5 18 10 -10 -4 -6 17 16 -13 -7 -9 -11 28 -20 21 22 -3 -2 -15 -14 27 -25 -1 -29
right_child=1 20 8 4 11 15 -8 13 9 12 -12 14 25 24 -16 -17 -18 -19 19 -21 -22 -23 -24 26 -26 -27 -28 29 -30 -31
leaf_value=-0.0053439803202963241 0.012111504738475318 0.014743293898236028 0.0013527568352912124 -0.0070632381164358942 -0.00074839594822791243 0 0.014360273895066725 -0.018641584452402722 0.010711390448927138 0.0017747919564648721 0.017864714169820384 -0.003752120111764564 0.0041042196101434246 -0.009509978221709757 0.02270887628812546 -0.020509540547388582 0.012147451332800967 -0.010680548569531689 0.026541872079952258 -0.0054309921934204792 -0.0081785243266127572 0.029600489061724057 0.0010406166854120466 0.0094914754326981248 -0.022497087713004193 -0.0040597100546892351 0.0075935815165773307 0.011391219625318983 -0.010367648073019663 -0.0020103135945488187
leaf_weight=236.00567744142609 23.316581213090103 114.96905337023782 132.60066674771952 9.1414472512551601 13.277496933354998 5.15145115554333 9.3695630509755556 1.5754645741544653 10.515345589315983 12.471371143416034 7.9173874249681822 2.708645880338735 34.072854392288718 21.640817044535652 10.106885159388183 14.782240461034233 4.4638692785520107 54.28881308430573 2.9264712503645542 5.9421666878624828 2.291449340293183 7.8534130380721754 13.2385073309415 14.137430593895258 19.360597146791406 53.530352746194694 46.196727710601408 6.4047779542161143 63.789540657307953 64.779564713942818
leaf_count=40500 3420 17566 21411 1598 1945 747 1090 237 1673 1785 1115 355 4755 3102 1045 2411 405 7653 98 495 443 1120 2117 2145 2727 8576 7495 923 8707 10594
internal_value=-6.83976e-06 0.00924723 -0.00375757 -0.00607427 -0.000304823 -0.00620113 0.00380699 -0.00710886 -0.000550448 -0.00310282 0.00242397 0.00818013 -0.00412605 -0.0136968 0.0170323 -0.0153762 0.00218222 -0.00831766 -0.00605416 0.00643585 0.0140846 0.0145384 0.0133706 0.00484288 -0.0161035 -0.000840045 0.00344994 0.00110967 -0.00645379 -0.000621854
internal_weight=1018.83 293.188 725.639 420.242 64.5377 38.4447 18.511 355.705 305.397 164.879 140.518 26.093 154.363 47.0407 12.8155 19.9337 6.03933 66.7602 308.664 8.86864 138.352 136.061 128.208 154.835 41.0014 87.6032 131.519 85.3218 299.795 71.1843
internal_count=158253 45823 112430 65462 9191 5846 2688 56271 46968 24442 22526 3345 22769 6471 1400 3158 642 9438 49800 593 21246 20803 19683 24577 5829 13331 21157 13662 49207 11517
is_linear=0
shrinkage=0.03


Tree=1
num_leaves=31
num_cat=0
split_feature=59 32 53 63 53 6 45 71 8 42 43 32 36 14 63 6 0 52 10 5 1 71 47 77 78 52 45 63 28 34
split_gain=173.775 16.6891 22.3359 13.0922 8.96849 6.90827 6.4272 6.18159 6.12915 5.95899 9.53881 5.33153 5.77421 4.60563 7.4422 3.76736 3.88244 3.5828 3.78964 3.44656 3.39103 2.94712 2.86041 2.8456 2.72237 2.63519 2.54158 2.35002 3.30316 2.83261
threshold=0.86292912896318308 0.1220984974061964 0.020765563179641202 0.18000124207621915 0.010900370658205363 0.070717915228013475 0.017937732423117535 -0.14493425697199655 0.0089106388183973189 -0.015890011651909727 -0.054272879783843035 0.26586613746216742 0.22484723336110904 0.38675983251765561 0.3713386557417232 0.018056374815497305 0.050866671463632336 0.89779664779664792 1.2661655608792859 0.013762615300323303 -0.12604589715496869 0.19081898722944293 -0.0011081967614572361 0.47451904102069481 -0.23237567083330554 0.22103004291845499 0.010343468166322031 0.35974956912310024 -0.042040218501146358 -0.00068988113645195937
decision_type=10 8 10 10 10 10 10 8 10 10 8 10 10 10 10 10 10 2 10 10 10 8 10 10 10 2 10 10 10 10
left_child=1 2 7 4 -2 6 8 9 -6 25 -11 12 13 24 -15 -5 17 18 -17 -13 -4 -21 -19 -18 -3 -1 -22 28 -9 -29
right_child=3 11 20 15 5 -7 -8 27 -10 10 -12 19 -14 14 -16 16 23 22 -20 21 26 -23 -24 -25 -26 -27 -28 29 -30 -31
leaf_value=-0.0063890139332053375 -0.0095872816532820166 -0.00042922326448479616 0.0025167730472839957 -0.0065051447454728423 0.0074870794173040748 0.03237752781012395 -0.0041419515146455385 -0.0042629735922544362 0.016975855997925036 0.02454635203715182 -0.01028742860441895 -0.0080184068485656401 -0.021438155359085154 0.023482691864807718 -0.0032021708069762617 0.0040758414448730535 0.0090481883567728443 -0.021818369899188589 0.010397053760015261 0.023156019826999715 0.0042590775437988974 -0.00011983583588110966 0.0052285141005995722 -0.01551857987998673 -0.0080396868342795386 -0.022429024342647048 -0.03500755021830957 0.015668987446453918 0.01199211477060437 -0.0093227563407295502
leaf_weight=12.971485369256696 13.115636575035749 101.6022868565633 2.1758003777358672 18.056341558462009 83.789078036090359 19.222158855292946 16.273544381372631 154.48265597992577 271.45623996609356 6.2322293042670935 401.30675442016218 5.9848918898496803 13.143435850506647 14.97836278262548 21.985614541335963 133.85577316838317 5.686345110647383 5.6066682958044112 254.66679258469958 15.204451967147174 1.190013184910639 6.6356260975590038 6.6015553579200041 10.670505100395529 72.745288981939666 53.465845233527943 37.300665606278926 3.2544573019258669 11.089195034699513 125.70356949756388
leaf_count=2306 323 11587 380 510 2116 408 386 17634 6603 1010 57156 501 1313 335 1705 3841 134 118 6164 743 250 763 216 351 6845 8563 6586 236 734 18294
internal_value=3.44378e-06 -0.00805699 -0.0101558 0.010202 0.0140985 0.0149236 0.013928 -0.00897649 0.0147735 -0.0111059 -0.00968862 -0.00129982 -0.00285878 -0.00159349 0.00786564 0.00655484 0.00714161 0.00773262 0.00824299 0.0108346 -0.03162 0.0162572 -0.00767718 -0.00677602 -0.00364948 -0.019483 -0.0336405 -0.00551351 -0.00309082 -0.00855325
internal_weight=1900.45 1061.45 809.173 839.001 403.857 390.741 371.519 768.506 355.245 473.976 407.539 252.28 224.455 211.312 36.964 435.144 417.088 400.731 388.523 27.825 40.6665 21.8401 12.2082 16.3569 174.348 66.4373 38.4907 294.53 165.572 128.958
internal_count=158111 136941 113149 21170 9836 9513 9105 105933 8719 69035 58166 23792 21785 20472 2040 11334 10824 10339 10005 2007 7216 1506 334 485 18432 10869 6836 36898 18368 18530
is_linear=0
shrinkage=0.03


Tree=2
num_leaves=31
num_cat=0
split_feature=59 32 14 63 53 7 14 44 56 69 16 53 38 31 54 22 2 54 57 25 39 53 48 10 41 1 63 50 37 53
split_gain=247.713 28.5899 19.691 16.5746 15.5848 12.7741 11.4717 10.4493 8.23909 6.88427 7.01742 5.89403 5.79094 5.47828 5.19162 5.51891 5.18015 6.04795 4.8592 4.83616 4.49625 4.47393 4.65123 4.44195 4.40324 4.17777 3.66721 3.65624 3.41447 3.39931
threshold=0.86292912896318308 0.13803088866045291 -0.35275334335723491 0.33956392339544522 0.019811337062126514 0.011961845052013581 0.28607043134940818 0.15576978428121704 0.0085745007398149112 2.0762328077916892 0.0076359734400317522 0.010900370658205363 1.5032996243305472 -0.027061272020030388 0.48188332359935759 -0.29597965989792574 -0.010270678617942784 0.45985602927661379 0.82414171085924248 -0.6640977943299321 0.040865887017391474 0.012419287377629483 -0.001594836672013433 1.6568979562673891 0.013802169303758884 -0.067087268284727594 0.025130917607431389 0.02923174239088944 -0.14767065168515672 0.011079519972622654
decision_type=8 10 8 10 10 10 8 10 10 10 10 10 8 10 10 10 10 10 10 10 10 10 10 10 10 10 8 10 10 10
left_child=1 4 8 6 11 13 -3 25 -2 12 -11 -1 20 23 24 -16 17 -8 -9 -10 -7 22 -13 26 -15 -5 -4 28 -21 -25
right_child=2 3 5 7 -6 9 16 18 19 10 -12 21 -14 14 15 -17 -18 -19 -20 27 -22 -23 -24 29 -26 -27 -28 -29 -30 -31
leaf_value=-0.001575228269802024 0.035972731356949297 -0.0093131009370925645 -0.022501520313817212 0.022527267799484482 -0.03189484108233015 0.0084446543497003635 -0.0074992095540558331 -0.0077017078428752665 0.028131344887544471 0.033784457511460274 0.011694360848253029 -0.024851229564709997 -0.0090588263244372955 0.0061480817999042493 -0.0077020299123470937 0.015254495845348921 0.034265545690373406 0.024043888784617665 0.021845041432793276 0.030681813883838848 0.014960537701655537 -0.013483188401572376 -0.010655550677946622 -0.012747086029829335 -0.0096953576455777787 -0.014951524758443038 -0.0014511064554412788 -0.0035504709577601785 0.0079858410870467713 0.0080955021599202343
leaf_weight=32.761082421871834 29.197074856143445 14.115662501659243 6.9994995179586104 1.8627944188192476 48.018378524691798 309.81263094686437 8.7260074737714621 7.2613294094335314 19.683395283529535 22.914986301446334 33.36329872184433 72.380642598727718 13.066937764408065 66.653096228954382 9.8207618825836089 83.006066746893339 16.004381893668324 11.760506642051039 12.092278126627205 8.4148087967187184 145.17885541310534 473.59084086806979 33.465315524023026 6.7804407984949639 19.534309217473492 68.477809360483661 119.97924646525644 12.344065488083286 20.901337048970163 73.484038329566829
leaf_count=4918 298 1956 127 108 9828 6353 232 877 278 230 859 13036 1084 2363 798 1899 202 209 346 109 2421 83822 5990 121 714 10456 6230 223 399 1832
internal_value=-0.000410997 -0.0128439 0.0095304 -0.000517815 -0.015454 0.00818043 0.0130364 -0.00825778 0.0228369 0.0112309 0.021174 -0.0141097 0.00998637 0.00401343 0.0078437 0.0127376 0.0217797 0.0107451 0.0107782 0.01606 0.0105586 -0.0148093 -0.0205328 0.000668704 0.00245275 -0.0136151 -0.00280167 0.00976053 0.0153965 0.00616269
internal_weight=1801.65 800.517 1001.13 140.301 660.216 910.594 50.6066 89.6942 90.5407 524.337 56.2783 612.198 468.058 386.257 179.014 92.8268 36.4909 20.4865 19.3536 61.3436 454.991 579.437 105.846 207.243 86.1874 70.3406 126.979 41.6602 29.3161 80.2645
internal_count=158318 131980 26338 14386 117594 25031 2599 11787 1307 10947 1089 107766 9858 14084 5774 2697 643 441 1223 1009 8774 102848 19026 8310 3077 10564 6357 731 508 1953
is_linear=0
shrinkage=0.03


Tree=3
num_leaves=31
num_cat=0
split_feature=59 59 57 63 57 3 57 44 57 29 44 63 59 36 48 52 30 44 30 0 42 57 58 30 43 41 16 22 22 52
split_gain=276.29 37.4232 19.9961 17.7257 12.0105 8.70394 7.32207 6.60624 6.63208 8.54325 6.42066 6.37271 6.22639 6.03482 5.56336 9.14964 5.46351 5.27295 5.1729 4.67035 4.37101 3.47806 3.45928 3.32669 3.077 2.87609 2.74235 2.72647 2.65722 2.47074
threshold=0.86292912896318308 0.95937565144882231 0.9095668413226653 0.36741172733048927 0.0085745007398149112 0.033874387973240612 0.91354117830911086 0.074067882119761466 0.68300265413566563 0.61610576798539318 0.10410270243662935 0.077081220419202179 0.90179360784418805 0.064464237673403188 -0.078025985393679761 0.23099646237003255 0.68488103426117408 0.15576978428121704 0.63638059210165132 -0.00030554726911713454 -0.089224177365008303 0.97080288796103009 0.89778829910198288 0.73882739915678564 -0.009411771763099817 0.028528501236542162 0.090500386901118959 -0.26904070523110363 0.04807868334663818 0.79529539088362633
decision_type=8 10 10 10 8 8 10 10 8 10 10 10 10 10 10 2 10 10 10 10 10 8 10 8 10 10 10 8 10 2
left_child=2 5 7 13 16 12 11 14 10 28 -9 23 29 -4 20 -16 -3 -5 21 -20 -1 -14 -8 -6 -17 -22 -24 -7 -10 -2
right_child=1 4 3 17 6 27 22 8 9 -11 -12 -13 18 -15 15 24 -18 -19 19 -21 25 -23 26 -25 -26 -27 -28 -29 -30 -31
leaf_value=-0.00038881089596703549 0.0043918787526334747 0.033304014147775771 -0.0036623342023682391 -0.013659102115736841 0.018012444120595092 0.021387269108279417 0.0065999105154975228 -0.008433887212961429 0.00046271478817987339 -0.011270213375959286 -0.024218625837855237 0.004657263352252701 0.012898083552492515 0.02874783631463711 0.011662883611686204 -0.022528033781990035 0.016016739934403678 0.012750937831575614 0.011436437451367567 -0.00026461806234187352 -0.023666633523064397 0.027671394745914277 0.026875942462070798 0.005592048011417724 -0.015436357380198412 -0.04182779414495176 0.013922495639465899 -0.00039594984369732618 0.021601259530978075 -0.0088030264610120951
leaf_weight=6.0569704491645089 149.07139400672168 53.93410661444068 6.5068450151011374 43.876557230367325 98.294032212113962 4.3131568040698767 14.357164610642938 61.461063964641653 9.8057896968675795 32.694165863562375 39.07535111240577 84.068319360958412 108.22360023879446 18.785907728015445 9.6374304214259592 75.806023676064797 29.242359081283212 7.0910914700943968 69.880801967461593 53.212025956367142 54.861715398728848 17.476810452528298 62.790861334186047 26.510737281525508 339.05889186367858 12.099300265603231 25.557585097849369 189.49718009668868 11.762271708808838 12.898803789401425
leaf_count=1212 5252 379 478 8268 1441 92 347 12081 1227 5200 7701 2169 2206 361 1810 14452 233 216 1387 1200 10950 233 577 509 64757 2404 745 9221 587 389
internal_value=-8.43513e-05 0.010153 -0.0141248 0.000368947 0.0173314 0.00543994 0.0145215 -0.0158217 -0.0102467 -0.00168396 -0.0147766 0.0111713 0.00790764 0.0204737 -0.0175263 -0.0161115 0.0275244 -0.00975231 0.0108863 0.00639262 -0.0253819 0.015178 0.0211324 0.0154634 -0.0167905 -0.0275595 0.0233601 0.000180722 0.01257 0.0032751
internal_weight=1727.91 999.329 728.579 76.2604 394.755 604.574 311.579 652.319 154.799 54.2622 100.536 208.873 410.763 25.2928 497.52 424.502 83.1765 50.9676 248.793 123.093 73.018 125.7 102.706 124.805 414.865 66.961 88.3484 193.81 21.5681 161.97
internal_count=158084 26380 131704 9323 6400 19980 5788 122381 26796 7014 19782 4119 10667 839 95585 81019 612 8484 5026 2587 14566 2439 1669 1950 79209 13354 1322 9313 1814 5641
is_linear=0
shrinkage=0.03


Tree=4
num_leaves=31
num_cat=0
split_feature=71 32 71 75 69 44 23 53 66 69 7 60 14 30 42 44 63 44 51 6 41 63 8 14 69 36 28 19 4 2
split_gain=270.258 34.1723 29.6624 12.6815 11.1972 10.7604 10.6103 9.72985 8.95743 8.3798 8.12755 7.36923 5.68151 5.66268 4.92992 5.4512 4.74603 4.50026 4.46212 4.03698 4.31848 3.96464 3.02596 2.869 2.64892 2.37638 2.36905 2.36775 2.36322 1.80644
threshold=0.77651816251249084 0.19393925181185448 1.9988914454482816 -0.23319118475657472 -2.3446244291868226 0.15576978428121704 0.032600781452970191 0.020765563179641202 0.95914193898418276 1.7889566112783 0.011961845052013581 0.97116371812820856 0.53260261597366254 0.71437723378589746 0.017838747365710454 0.061421842166587422 0.33159543028538668 0.043656047087019319 0.16188524590163936 0.047002483707524516 0.0048261167116420154 0.1323369911956106 0.009101654744377163 0.33660500814243272 0.54565501941146299 -0.19008092172435073 -0.15848181172572087 -0.74861255254876735 0.20159871944563804 0.070702494383557149
decision_type=8 10 10 10 8 10 8 10 10 10 10 10 10 10 10 10 10 10 2 10 8 8 10 8 8 8 8 10 10 10
left_child=1 7 6 23 13 -5 9 12 10 21 29 -12 14 19 17 -16 -14 -1 -9 20 -4 22 -2 -3 -7 -8 -10 -23 -11 -6
right_child=2 3 4 5 8 24 25 18 26 28 11 -13 16 -15 15 -17 -18 -19 -20 -21 -22 27 -24 -25 -26 -27 -28 -29 -30 -31
leaf_value=-0.014492734577749468 0.0031625395551730289 0.0023142291760557942 0.030908446036083552 -0.015801584962978031 0.0028056223182505655 -0.0085202494734037387 0.013883175916438178 0 -0.019641138718515187 0.028184505981748664 0.012266921575232492 0.022732686693070648 0.02194505812361542 0.010969049933114405 -0.01525501205171108 -0.0038127672614828743 -0.01518726921909321 -0.021088424545916567 -0.035033098869232809 0.038891677836420488 0.011823296929833006 -0.0019216384979437021 0.011756166788017702 0.029558054130325993 0.021128198898328027 -0.0025977732093686178 0.0020729869946027185 0.0056597292244310897 0.010277704604586298 0.01316508226235643
leaf_weight=236.2824511093786 51.636735796928406 4.7750454262131825 26.592208549380302 23.694272149237804 55.28025694959797 2.6393853856716287 7.3547353128669783 3.6971413609571746 7.0052788257598877 21.598616028088145 138.87042195233516 117.53149401280098 6.0630860035307688 22.313779584132135 102.22843900020234 61.417314309859648 4.515272019780241 179.22698862070683 31.774881641147658 27.281009375117719 21.651095868553966 52.905468249577098 147.83735419006553 18.057711671106521 12.626781999133526 128.42282403324498 9.5128487168112787 116.16862250305712 12.674972123000769 20.931326954858378
leaf_count=46984 1880 611 164 3884 1308 518 239 770 257 290 2024 1450 131 201 20177 11786 857 35516 6784 128 164 2335 3340 195 348 8880 441 5279 267 489
internal_value=0.000337556 -0.0140929 0.0104035 0.00706073 0.0161144 -0.00333599 0.00563758 -0.0161964 0.0135107 0.00807846 0.0145856 0.0171456 -0.0152185 0.0251448 -0.0156188 -0.0110281 0.00589357 -0.0173887 -0.0315087 0.0290958 0.0228182 0.00670759 0.00957342 0.0243226 0.0156091 -0.00158813 -0.00756016 0.00327243 0.0221264 0.00582333
internal_weight=1672.57 686.999 985.569 61.7932 446.97 38.9604 538.599 625.206 349.132 402.822 332.613 256.402 589.734 97.8381 579.155 163.646 10.5784 415.509 35.472 75.5243 48.2433 368.548 199.474 22.8328 15.2662 135.778 16.5181 169.074 34.2736 76.2116
internal_count=157697 128561 29136 5556 6626 4750 22510 123005 5969 13391 5271 3474 115451 657 114463 31963 988 82500 7554 456 328 12834 5220 806 866 9119 698 7614 557 1797
is_linear=0
shrinkage=0.03


Tree=5
num_leaves=31
num_cat=0
split_feature=59 32 59 63 36 53 30 61 69 44 33 54 44 53 52 41 50 41 46 53 69 58 47 53 54 54 52 77 6 47
split_gain=248.128 30.8533 23.6617 12.3605 10.6778 10.0925 10.0533 7.97079 6.7882 6.04612 6.01299 5.63554 5.28981 5.12558 6.37185 5.76648 5.09977 5.04816 4.39478 4.26274 4.11204 4.29467 3.50564 3.44 3.27285 2.83331 2.69886 2.61463 2.73514 2.50065
threshold=0.86292912896318308 0.19393925181185448 0.95557904627672086 0.29578900709219863 -0.23407664367581646 0.019858296365560999 0.6868450664428285 0.71044447296372359 2.0762328077916892 0.15576978428121704 0.022837032124543181 0.51183616142414545 0.077840464822706359 0.017194055094707238 0.60809578262408459 0.0078590350882393762 0.041798985817246732 0.010649409591326655 0.0076389235364306661 0.018097690716036615 inf 0.90589410546671123 -0.0044363047203828656 0.014959543248514113 0.81184718771275188 0.43507755479464671 0.22103004291845499 2.3663086562239406 0.031190360989073383 -0.013118174139542081
decision_type=8 10 10 10 10 10 10 8 10 10 8 10 10 10 2 10 10 10 10 10 8 10 10 10 10 10 2 10 10 10
left_child=1 5 7 -3 6 13 12 8 18 -5 20 -8 29 15 19 26 -16 -17 23 -15 21 -6 -10 -2 25 -7 -1 -12 -29 -4
right_child=2 3 4 9 10 24 11 -9 22 -11 27 -13 -14 14 16 17 -18 -19 -20 -21 -22 -23 -24 -25 -26 -27 -28 28 -30 -31
leaf_value=-0.0049620720801176023 0.0043902084487899735 0.021911524991967708 0.034742574063725239 -0.014432386569943759 0.006271730861806467 -0.0045664217303763134 0.019998432249241992 -0.0019915172560184065 0.0085691646571083094 0.0096362297331855241 0.0032143954409611492 -0.0024414851717027963 0.010713080659378343 -0.006402073606176395 -0.02451271979062521 -0.0011790969853088197 -0.0024840314222510113 -0.01390536826555277 0.0096783053901014389 0.016378484925642717 -0.0025844928533479243 0.017730632385801928 0.030920823815007575 -0.007604265867985867 0.007799256815540067 -0.033308106347766847 -0.019031416004746945 -0.0011614146699276582 0.018358974540731061 0.022267307836977484
leaf_weight=14.279540632967835 154.93611283251084 25.127727755228989 47.649288373766467 22.514422695967369 38.708853249205276 3.9711994002573183 17.93569588009268 108.75457785598701 12.981437566224486 14.614955674856899 86.194918080465868 20.672552025876939 18.083566867513582 15.123992065666245 20.279730685753748 35.200740849599242 18.072169163031504 152.65793807490263 155.26426534401253 12.600037116790189 11.277978356927632 163.51757010386791 14.887603620067239 23.881594164762646 1.5425605033524323 40.942509505141061 297.09813675400801 8.2412717719562369 23.462312186602503 36.539211221504956
leaf_count=2896 5612 845 351 4096 809 832 239 8088 176 918 1829 286 231 3128 4072 7315 3879 30932 4558 2631 155 2048 152 690 334 9108 60791 266 440 302
internal_value=-4.86133e-05 -0.013939 0.00988097 0.00606412 0.014624 -0.0159861 0.0215838 0.0050948 0.0072319 -0.0048755 0.0116003 0.00814909 0.0264984 -0.0148202 -0.00674577 -0.0158673 -0.0145355 -0.0115555 0.00599184 0.00405657 0.0146119 0.0155937 0.0212708 0.00273825 -0.0294987 -0.030987 -0.0184138 0.00604422 0.0133126 0.0296883
internal_weight=1617.01 674.026 942.989 62.2571 472.283 611.769 140.88 470.706 361.951 37.1294 331.403 38.6082 102.272 565.312 66.0759 499.236 38.3519 187.859 334.082 27.724 213.504 202.226 27.869 178.818 46.4563 44.9137 311.378 117.899 31.7036 84.1885
internal_count=158009 131777 26232 5859 6956 125918 1409 19276 11188 5014 5547 525 884 115644 13710 101934 7951 38247 10860 5759 3012 2857 328 6302 10274 9940 63687 2535 706 653
is_linear=0
shrinkage=0.03


Tree=6
num_leaves=31
num_cat=0
split_feature=71 32 71 75 75 53 21 57 46 66 56 14 5 53 14 14 53 49 49 49 69 78 51 44 75 54 33 54 52 52
split_gain=218.963 38.0104 20.6312 15.1948 10.2579 8.2834 7.88956 7.84633 5.42932 5.1092 5.30608 4.85403 5.17617 4.80248 4.34019 4.32824 4.15665 5.68629 4.71563 4.1847 4.01349 3.53562 3.42543 3.14358 3.33714 3.13324 2.91207 2.83756 2.53563 2.42744
threshold=0.82330371849983119 0.19393925181185448 1.9988914454482816 -0.24609800257803846 -0.89694298842732112 0.019858296365560999 0.031009040364318067 0.96719734942567903 0.012898997088880251 0.83471938863722828 0.02098638197417332 -0.35275334335723491 0.015909089417996201 0.015066937119941589 0.15640976420698907 0.33660500814243272 0.017194055094707238 0.012914304624734864 -0.010867108319930706 -0.006128473535711664 2.3617364200331212 -0.46812872295422581 0.16188524590163936 0.064480487896289365 -0.89694298842732112 0.65166981912155275 -0.030427248232633236 0.43507755479464671 0.23099646237003255 0.67414139568871045
decision_type=10 8 10 8 10 10 10 10 8 10 10 8 10 10 10 8 10 10 10 10 10 10 2 10 10 10 10 10 2 2
left_child=1 5 6 15 9 16 7 23 -5 11 13 21 -13 -11 -10 -3 18 -18 28 -20 26 -4 -7 24 -2 -19 -6 -24 -1 -25
right_child=2 3 4 8 20 22 -8 -9 14 10 -12 12 -14 -15 -16 -17 17 25 19 -21 -22 -23 27 29 -26 -27 -28 -29 -30 -31
leaf_value=-0.012532638522649549 0.0096618716536062271 -0.0020228049574417921 0.033038951339805674 -0.015804319267121395 -0.0088415545757871833 2.6440631460344623e-05 -0.0033469629769960125 0.020007868157149538 -0.0021977635268341069 0.0034853532930814138 -0.0005783134581710186 -0.00107734548132963 0.01776551689595279 0.028775893501487501 0.018721289654770757 0.02690418296102505 0.001734747907907613 -0.019316173970430311 -0.0034542920837352829 -0.015234832241347534 0.014478675891874914 0.017341820347027036 -0.004077725697490331 -0.010650513697556683 0.0019596878880739346 0.0070144684310109017 0.0058695698146665563 -0.033217590439114625 -0.026968680458282872 0.0026555719196281794
leaf_weight=18.830172018148005 149.58817345520947 5.3514006899204105 35.134505888447165 21.9463049932383 13.097159097203983 3.3277327812975264 82.367037056828849 36.192054573330097 53.915917257603724 12.844990768702703 27.868526689242572 13.699027967173604 180.97046604752541 14.848849123110993 9.6401555610354972 23.459582482115369 31.553468100959435 28.588535130722448 30.661058343597688 382.0088153264951 47.437989164376631 28.795832984615117 3.8532219300977877 14.577535452204755 78.817603571573272 4.0127192609943441 83.000519685912877 36.990409758873284 48.496810433221981 58.285811609239317
leaf_count=3870 3915 588 211 4165 335 786 6128 435 5302 211 505 295 1929 141 372 297 6606 5974 6573 80082 794 255 825 561 3042 886 1952 8564 10315 2097
internal_value=-0.000233624 -0.0127058 0.00975257 0.00307919 0.0141572 -0.015778 0.00492129 0.00695218 -0.00328483 0.0172011 0.008621 0.0189928 0.0164255 0.0176804 0.00116961 0.021543 -0.0147 -0.00727351 -0.0156692 -0.0143773 0.00740111 0.0263907 -0.0283725 0.00531285 0.00703723 -0.0158737 0.00376328 -0.0307034 -0.0232176 -7.40695e-05
internal_weight=1580.16 702.636 877.526 114.313 457.698 588.323 419.828 337.461 85.5024 314.162 55.5624 258.6 194.669 27.6938 63.5561 28.811 544.152 64.1547 479.997 412.67 143.536 63.9303 44.1714 301.269 228.406 32.6013 96.0977 40.8436 67.327 72.8633
internal_count=158011 135205 22806 10724 6628 124481 16178 10050 9839 3547 857 2690 2224 352 5674 885 114306 13466 100840 86655 3081 466 10175 9615 6957 6860 2287 9389 14185 2658
is_linear=0
shrinkage=0.03


Tree=7
num_leaves=31
num_cat=0
split_feature=59 32 59 75 57 36 53 54 23 30 46 29 24 35 53 14 52 51 45 25 21 30 23 54 37 52 53 45 7 57
split_gain=212.583 28.9161 22.1343 10.0632 9.34901 9.21103 8.05828 6.74739 5.62174 5.46746 4.11517 3.95661 4.26291 5.91556 3.91516 3.86647 3.70654 4.12842 3.61547 3.2489 3.16515 3.64237 3.04288 2.7363 2.61809 2.49487 2.41756 2.38379 2.27321 2.22785
threshold=0.86292912896318308 0.19393925181185448 0.95937565144882231 -0.24609800257803846 0.96719734942567903 -0.31802788338412408 0.020765563179641202 0.58660398453632578 0.031946876700333034 0.67377663249241382 0.0076389235364306661 2.5526196926352172 -0.98689076742649462 -0.030010617692019587 0.010900370658205363 0.35133107827030913 0.23099646237003255 0.36422161529457669 0.0042969253208843409 -0.58384375004752975 0.031009040364318067 0.58409598129637275 0.094913666560492618 0.81184718771275188 0.50399594939453363 0.23099646237003255 0.01502146470158441 0.0042969253208843409 0.020650673001638278 0.82414171085924248
decision_type=8 10 10 10 10 10 10 10 8 10 10 8 10 8 10 8 2 2 10 10 10 10 10 10 10 2 10 10 10 8
left_child=1 6 4 15 8 9 14 -5 10 28 26 12 13 -7 27 -3 17 -16 -18 -14 21 -6 24 -8 -13 -12 -2 -1 -4 -9
right_child=2 3 5 7 20 11 23 29 -10 -11 25 22 19 -15 16 -17 18 -19 -20 -21 -22 -23 -24 -25 -26 -27 -28 -29 -30 -31
leaf_value=-0.013590359189689611 0.0027841577239160094 -0.0019425146384123885 0.020560266991791053 -0.017593031986567614 0.029369970750960213 -0.0070701835120686105 -0.031827770298173033 -0.010167498794768172 -0.0043221641936751808 0.010860889047019234 -0.0029182131123617924 -0.0068371479871428961 0.022766442515310556 0.016753458161104347 -0.0097857556368144034 0.023993707060768414 -0.010017986878883008 0.017725735133103483 -0.016952683239899149 0.013364675907515023 0.0022999586313577473 0.01042445099447112 0.010014785533527032 0.0058184312199283748 0.011660369772009684 0.0094925936053974046 -0.0084006169464076498 0.0047951749795759968 0.035080329005041377 0.01449653324369924
leaf_weight=9.5208489920478332 166.1105211363174 6.1526936457958072 27.05768783763051 17.627507011813577 20.022708653472364 19.295238460879773 31.305026844609529 3.4429425494745347 74.954023781639989 25.387733004754409 15.383670257171614 21.552881876006726 45.185439561028033 16.392722095828503 22.598649438819852 22.92267148336396 90.767263204557821 5.1820535208098581 401.67621180333663 179.48726796742994 11.889315268490462 20.356535453815013 72.596008546417579 1.3966083966661234 8.8793572410941106 141.75906718336046 18.342515800963156 14.833630850305779 28.107997727114707 12.303816635394469
leaf_count=1926 6076 650 217 3766 188 279 7487 675 7251 283 531 506 522 234 4773 203 19704 996 87657 2496 882 235 1497 317 159 4079 624 3142 179 568
internal_value=-0.000131735 -0.0133822 0.00915634 0.00589555 0.0045859 0.013955 -0.0154794 -0.00523731 0.00305552 0.0231822 0.004691 0.0118433 0.0138297 0.00394945 -0.0145482 0.0185234 -0.0150993 -0.0041121 -0.0157035 0.0153613 0.0164396 0.0203741 0.00671018 -0.030006 -0.00114533 0.00824788 0.00161644 -0.00252646 0.0285048 0.00863962
internal_weight=1552.49 639.73 912.761 62.4496 468.818 443.942 577.28 33.3743 416.55 80.5534 341.596 363.389 260.361 35.688 544.579 29.0754 520.224 27.7807 492.443 224.673 52.2686 40.3792 103.028 32.7016 30.4322 157.143 184.453 24.3545 55.1657 15.7468
internal_count=158102 131864 26238 5862 19866 6372 126002 5009 18561 679 11310 5693 3531 513 118198 853 113130 5769 107361 3018 1305 423 2162 7804 665 4610 6700 5068 396 1243
is_linear=0
shrinkage=0.03


Tree=8
num_leaves=31
num_cat=0
split_feature=59 59 57 57 23 63 57 44 57 53 53 3 33 44 53 38 34 53 44 78 49 39 53 44 46 63 57 6 53 46
split_gain=204.566 26.3592 13.0072 12.3814 8.646 7.60065 7.0571 5.61317 6.32537 5.98505 7.86227 5.42598 5.11127 5.01472 4.91313 4.67784 4.53484 4.18797 4.17328 4.16134 3.62406 3.33449 3.24424 3.09721 3.06755 3.29942 2.00145 1.96405 1.92453 1.88263
threshold=0.86292912896318308 0.95557904627672086 0.94031386278484141 0.0085745007398149112 0.031946876700333034 0.20423292273236285 0.96719734942567903 0.074067882119761466 0.80846584546472566 0.020765563179641202 0.017194055094707238 0.006101916096833416 0.033475806621703692 0.1062109515439026 0.010900370658205363 1.3107627894768403 0.011349241559360334 0.010900370658205363 0.032267285317920787 -0.4048087650063999 0.017568464436558243 0.098726584185554259 0.013544352289675687 0.12547988852472428 0.0076389235364306661 0.1323369911956106 0.18407474908232155 0.031190360989073383 0.016186362910680121 0.003925608863807376
decision_type=8 10 10 8 8 10 10 10 8 10 10 8 8 10 8 10 10 10 10 10 10 8 10 10 10 8 8 10 10 10
left_child=2 4 7 18 6 -4 24 9 13 10 14 -10 15 29 -1 17 -14 -5 -3 -20 -12 -11 -8 -7 26 -26 -2 -18 -17 -9
right_child=1 3 5 12 -6 23 22 8 11 21 20 -13 16 -15 -16 28 27 -19 19 -21 -22 -23 -24 -25 25 -27 -28 -29 -30 -31
leaf_value=-0.0027066759868733135 -0.0030801389729958779 0.030535107731907887 0.028801999070563463 -0.0017617499046330978 -0.0052210573230741008 -0.0078141561045108453 0.0067304139006400688 -0.022662025244463108 0.017342703759628906 -0.032906832819900117 0.002088555649493791 -0.0075377123762565435 0.00033089444899668573 -0.020289293020254232 -0.017173759475262854 0.0069872152080445267 0.0018027970040896298 0.016034821858935022 0.025590106917645739 0.0053788434932979827 -0.01486704791009856 0.0013260881765164584 0.02492909589597048 0.012434144481277616 0.011094845820947514 0.0016909509257070363 0.0038622313694672058 0.015788448248008322 -0.011450433865123712 -0.0050408954770784732
leaf_weight=23.474550533341244 53.457655326812528 48.967464832123369 7.3487404199549919 11.991309923119841 74.127827304473612 27.164174602134153 16.29750793799758 5.2990319482050827 13.043558689998461 24.222056673257612 34.00220975530101 16.925505243358206 56.697442839271389 40.428019589744508 343.91205976950005 12.457165639381858 12.615607244893907 244.98444263683632 19.57769769616425 18.56012409273535 15.718754344619809 2.5798052749596563 23.081512793898582 7.9242827547714105 91.050595860462636 54.806295455200598 116.63265988999046 39.795407871250063 7.1997042607981703 62.535161077044904
leaf_count=4932 1657 311 134 153 7921 5162 178 1087 921 5711 7340 3122 1371 8988 76415 307 345 3209 132 185 3458 564 222 299 2266 2122 4912 719 192 13538
internal_value=0.000295476 0.00942942 -0.0128891 0.0143124 0.00402539 0.00302384 0.00597203 -0.0140575 -0.00862688 -0.0157186 -0.0147525 0.00340456 0.0119338 -0.0119856 -0.0162674 0.0141142 0.00630046 0.0151891 0.0245565 0.0162195 -0.00340006 -0.0295747 0.0178248 -0.00294037 0.00443367 0.0076173 0.00165753 0.012575 0 -0.00677022
internal_weight=1526.88 902.3 624.578 472.846 429.454 42.4372 355.326 582.141 138.231 443.909 417.108 29.9691 385.741 108.262 367.387 276.633 109.108 256.976 87.1053 38.1378 49.721 26.8019 39.379 35.0885 315.947 145.857 170.09 52.411 19.6569 67.8342
internal_count=157873 26202 131671 6924 19278 5595 11357 126076 27656 98420 92145 4043 6296 23613 81347 3861 2435 3362 628 317 10798 6275 400 5461 10957 4388 6569 1064 499 14625
is_linear=0
shrinkage=0.03


Tree=9
num_leaves=31
num_cat=0
split_feature=59 32 59 59 63 69 69 53 7 60 73 69 69 46 55 30 53 52 48 3 50 42 46 58 52 4 30 33 69 2
split_gain=182.484 21.2478 15.4547 12.8834 11.1222 10.1429 9.34873 7.2353 6.72924 4.50458 4.29023 3.99944 3.98899 3.69506 3.6727 3.39757 3.35836 5.58275 4.53336 3.191 2.91357 2.55512 2.47551 2.46713 2.40924 1.9122 1.9051 1.46129 1.43067 1.42465
threshold=0.89016505466778817 0.19393925181185448 0.95557904627672086 0.85898826408587803 0.29578900709219863 1.7889566112783 -2.3446244291868226 0.019858296365560999 0.011508729360373867 0.93677693299542053 0.056078182187664388 2.0762328077916892 1.3636163132634282 0.012304429972765547 0.69085146289890209 0.66855742427526244 0.017194055094707238 0.60809578262408459 -0.030513491869173012 -0.15952734747367622 0.0040635870714840214 -0.056626428025286217 0.0076389235364306661 0.21820107858243454 0.23099646237003255 -0.15083339333839049 0.55795957087892545 -0.072101216545340255 0.65634861373791953 0.086095446777293541
decision_type=8 10 10 10 10 10 8 10 10 10 8 10 8 10 10 10 10 2 10 10 10 10 10 10 2 10 10 8 8 10
left_child=1 3 5 7 12 10 15 16 29 11 22 -10 -3 -6 26 20 18 -18 -1 -11 -4 -9 23 -2 -24 27 -7 -5 -15 -8
right_child=2 4 6 25 13 14 8 21 9 19 -12 -13 -14 28 -16 -17 17 -19 -20 -21 -22 -23 24 -25 -26 -27 -28 -29 -30 -31
leaf_value=-0.019546896534629939 0.016746543835341677 0.0050410821208626624 0.034059258619033507 -0.0031785993231521117 -0.01310010923218621 0.030823954784905874 0.0010978964712391509 -0.0025126883863475155 0.0049435179503551276 0.0042347216262669379 -0.0027472216325601421 0.017886962153566815 0.02725588962195254 -0.010013559013378378 0.0023921626282482869 0.012542913452714346 0.0038153739910334007 -0.014133472505938445 -0.012337687184851225 0.017648494879112415 0.019438940979074719 -0.028666698460944315 -0.0047994223775403013 0.00058122379494077788 0.010338525846309775 -0.0035650947565425656 0.014902134725797189 0.014961682946870294 0.010281135003989923 0.0099169342785501401
leaf_weight=110.3150322252186 8.3608199649024737 13.74195023300126 26.444415524601936 5.7184907565824687 23.694069250719622 15.126398383639751 60.433544900501147 4.1772117237560442 83.007977657834999 19.151171583682299 85.944721467618365 29.191145886667073 17.053770713740963 3.1297787483781558 11.433708567055872 28.810512118041515 26.493348178802989 35.083653693785891 340.89216608728748 165.05878151603974 37.840524688363075 38.217787333298475 9.7570698522031289 98.768136977450922 85.237813974032179 63.97939239628613 20.458964983932674 9.1440320559777302 11.728636300656943 22.359832411631942
leaf_count=24900 427 824 147 225 4276 118 1531 998 1538 281 7290 374 151 657 721 280 5728 7911 76656 2082 265 9350 327 3757 2343 3586 227 319 484 498
internal_value=0.000208603 -0.0109519 0.00993655 -0.0126761 0.00472511 0.00497324 0.0134336 -0.0142856 0.0112715 0.0133834 0.00282229 0.00846581 0.0179077 -0.00591578 0.0177556 0.0219954 -0.0132392 -0.00642552 -0.0141462 0.0163005 0.0259287 -0.0262761 0.00520713 0.00201379 0.00871863 -0.00126802 0.0224096 0.00803254 0.00545521 0.00360536
internal_weight=1510.75 703.369 807.386 634.021 69.3482 335.088 472.298 555.179 379.202 296.409 288.069 112.199 30.7957 38.5525 47.0191 93.0955 512.784 61.577 451.207 184.21 64.2849 42.395 202.124 107.129 94.9949 78.8419 35.5854 14.8625 14.8584 82.7934
internal_count=158271 136065 22206 129673 6392 15210 6996 125543 6304 4275 14144 1912 975 5417 1066 692 115195 13639 101556 2363 412 10348 6854 4184 2670 4130 345 544 1141 2029
is_linear=0
shrinkage=0.03


Tree=10
num_leaves=31
num_cat=0
split_feature=59 32 59 63 63 21 69 46 43 48 42 42 24 63 17 54 70 78 28 41 8 7 69 69 69 15 45 48 42 28
split_gain=164.514 21.231 20.1476 9.46562 9.02251 5.93884 6.5269 4.97936 4.06852 6.72326 4.65179 4.615 3.93917 3.89881 3.79881 3.41471 3.40828 4.09333 2.91713 2.83388 2.67327 2.22706 2.21998 2.20976 2.17354 1.81207 1.60486 1.58561 1.56924 1.44083
threshold=0.86292912896318308 0.19393925181185448 0.95937565144882231 0.080881963450163338 0.31969845845808736 0.031009040364318067 1.7889566112783 0.032323685809241144 -0.053124800089148654 -0.066023517209084101 -0.015890011651909727 -0.039688325992873301 -0.022082597872849673 0.1323369911956106 -0.56034438811407827 0.59545590515554714 0.59725531790865305 -0.32245152643410691 -0.46118929380695295 0.0085958177452964985 0.0090031612061497145 0.0084320303422426284 1.3636163132634282 1.3267014105295998 -2.1360658857514445 -0.0052814249223053769 0.017937732423117535 -0.0047998130743245873 -0.089224177365008303 -0.28321158375688088
decision_type=8 10 10 10 10 8 10 10 10 10 10 8 10 8 2 10 10 10 10 10 10 10 8 10 8 10 10 8 10 8
left_child=1 7 5 16 22 6 13 8 10 26 28 -11 -8 20 -5 -6 -4 24 -19 23 -2 -21 -3 -16 -18 -15 -10 29 -1 -7
right_child=2 4 3 14 15 27 12 -9 9 11 -12 -13 -14 25 19 -17 17 18 -20 21 -22 -23 -24 -25 -26 -27 -28 -29 -30 -31
leaf_value=0.00304025732875431 0.000777432957207437 0.006117213566489579 0.0036173638945556125 -0.0076672176279175049 -0.01540442655863032 0.012905492117450658 0.021519236893876643 -0.030688913694964886 -0.025310128462902023 0.022024021974628879 0.015515198455568705 -0.012734450173897965 0.0025159220411051326 -0.0037661163779407541 0.0075337823835985888 0.0045432547223658625 0.028364942882716317 0.024337844969313061 0.011807032356999661 -0.0082514765100397645 0.0092369091118187138 0.0063157816791078077 0.023715933909178238 0.016409503845775386 0.01819780700614634 0.0030727872562656667 -0.0027146521971622367 0.00018569328942366715 -0.013517392819960727 -0.0098994085781167092
leaf_weight=6.2181990749668321 47.238874132512137 12.357762171770444 17.568026312161237 12.328294632490723 15.834033355931753 1.7373134177178142 32.628573954571038 14.753387159667907 49.570344542618841 2.5323979917448014 8.2862885734066349 446.22352405509446 14.808845009654759 58.618004624731839 57.11711594555527 13.287195819313636 39.848879028111696 21.149158999789506 110.93675126484595 10.25405574403703 124.81716747255996 56.318239114014432 16.910112071316693 52.796539567410946 63.499244017526507 82.839889612630941 3.5863729026168576 43.893276236194652 18.332835432607684 32.20560839085374
leaf_count=1341 1555 831 290 261 3725 89 358 3579 11456 624 1650 102197 185 2944 1207 1169 232 194 1368 286 3059 1077 146 767 690 3530 981 5014 4189 3263
internal_value=0.000209845 -0.0117811 0.00849475 0.0130141 0.005305 0.00391812 0.00553995 -0.0136085 -0.0130752 -0.0137454 -0.00263927 -0.0124831 0.0158232 0.0039291 0.00783699 -0.0063546 0.0168199 0.0177729 0.0140038 0.00897402 0.00694957 0.0039387 0.0168319 0.0119338 0.0223811 0.000211247 -0.0239193 -0.00353966 -0.00925146 -0.0083104
internal_weight=1488.5 607.892 880.604 441.816 58.3891 438.788 360.951 549.503 534.75 501.913 32.8373 448.756 47.4374 313.514 188.814 29.1212 253.002 235.434 132.086 176.486 172.056 66.5723 29.2679 109.914 103.348 141.458 53.1567 77.8362 24.551 33.9429
internal_count=158257 131888 26369 6372 5871 19997 11631 126017 122438 115258 7180 102821 543 11088 3598 4894 2774 2484 1562 3337 4614 1363 977 1974 922 6474 12437 8366 5530 3352
is_linear=0
shrinkage=0.03


Tree=11
num_leaves=31
num_cat=0
split_feature=71 32 71 75 36 53 54 8 23 78 30 41 53 44 48 41 54 44 37 65 48 26 41 23 5 44 30 52 53 54
split_gain=139.048 22.0781 15.6531 9.13132 7.19213 6.3543 6.09414 4.57856 4.56565 4.29902 4.14984 3.96154 3.13054 4.63365 3.85491 4.09211 3.80607 2.97728 2.81119 2.67757 2.4895 2.26047 2.25949 2.18088 2.08969 1.85196 2.72528 1.92616 1.80097 1.74546
threshold=0.92502976554175376 0.19393925181185448 1.7621210817302921 -0.24609800257803846 -0.31802788338412408 0.019858296365560999 0.65166981912155275 0.0064757965946964013 0.031946876700333034 2.1354544646887428 0.66855742427526244 0.0082653114082525975 0.017194055094707238 0.024185861372650001 -0.030513491869173012 -0.009897987522213712 0.59917946996019633 0.011389885697380754 -0.17523616921451776 0.53241330694357847 -0.013118174139542081 0.81850362723104197 -0.033876785672737435 0.0024804426569361442 0.011959886856211948 0.077141766390349323 0.52667161742797408 0.49467967090934623 0.013665191397454925 0.43507755479464671
decision_type=8 10 10 10 10 10 10 10 10 10 10 10 10 10 10 10 10 8 10 10 10 10 10 8 8 10 10 2 10 10
left_child=1 5 8 -3 10 12 -5 24 18 11 20 -9 14 17 16 -16 -1 -14 19 28 -4 -12 -7 -21 -6 27 -27 -20 -2 -24
right_child=2 3 4 6 7 22 -8 9 -10 -11 21 -13 13 -15 15 -17 -18 -19 25 23 -22 -23 29 -25 -26 26 -28 -29 -30 -31
leaf_value=-0.021599820350281403 0.0024888165050477975 0.018612387267786641 0.029262374362374249 -0.013839590299196182 -0.019877649346368799 -0.0028926670778670607 0.013078133134642176 0.013152552490741097 -0.0054016238856386591 -0.0039720683746410322 0.017584722116892579 0.006774752583224436 -0.0018550713789601376 -0.013696467812591305 -0.00092406117099801599 -0.01197105337305069 -0.0094943555731608308 0.020247308863608388 0.0025514546590750982 0.020557603533228545 0.01434078137146649 0 -0.0041443190638334078 0.0024264487083785766 0.0041405403751276527 0.014024779722705816 -0.0068727871900727822 0.010291325614443623 -0.0057332067520370284 -0.02846452336191297
leaf_weight=72.56000360660255 47.092567858519033 28.100863637286238 34.735428303014487 20.796457319171171 5.7452065641991767 4.7038096585310987 10.575728843919931 247.51926098344848 49.479072565794922 17.716632102383301 12.417091090232136 145.37228638934903 28.248427962767892 29.779294852167368 34.282488746568561 309.26111957977992 39.573132045683451 5.7249505108920848 42.654561040690169 8.7104856716468912 20.147013639565557 13.28662509145215 3.6008129015099248 17.53414989402518 5.4390891329385349 6.9587387794163105 17.991378923412412 103.9170919903554 46.405421187868342 33.601726916618645
leaf_count=16331 3096 842 256 4337 174 1153 727 4097 5640 567 148 2678 5673 6895 7748 69411 8920 1316 1392 221 167 181 861 963 135 202 635 2914 2128 8409
internal_value=-2.01087e-05 -0.0107873 0.00790783 0.00647183 0.0112721 -0.0126295 -0.00454912 0.00964666 0.00292047 0.0101698 0.0195203 0.0108235 -0.0116683 -0.00524555 -0.0125468 -0.0108833 -0.0174759 0.00225612 0.00435811 0.00079098 0.0241931 0.0088984 -0.0239239 0.0090879 -0.00856985 0.00681198 -0.000612874 0.00809179 -0.00157772 -0.0263592
internal_weight=1463.93 620.809 843.122 59.473 502.379 561.336 31.3722 421.792 340.743 410.608 80.5862 392.892 519.429 63.7527 455.677 343.544 112.133 33.9734 291.264 119.743 54.8824 25.7037 41.9063 26.2446 11.1843 171.522 24.9501 146.572 93.498 37.2025
internal_count=158217 132623 25594 5906 8403 126717 5064 7651 17191 7342 752 6775 116294 13884 102410 77159 25251 6989 11551 6408 423 329 10423 1184 309 5143 837 4306 5224 9270
is_linear=0
shrinkage=0.03


Tree=12
num_leaves=31
num_cat=0
split_feature=71 32 69 69 60 71 53 14 44 70 43 42 53 67 55 38 55 17 17 74 30 54 60 24 67 46 17 78 46 40
split_gain=129.984 20.3857 10.8687 8.93448 6.87479 6.468 5.93407 5.40516 4.31479 4.30882 3.71398 4.83242 3.93821 3.58598 3.56618 3.56392 4.011 3.41963 3.34256 3.28362 3.04085 2.53647 2.50372 2.35543 2.19469 2.11939 1.92972 1.85433 1.80641 2.15749
threshold=1.0478102848375366 0.19393925181185448 -2.3446244291868226 1.2915360392881925 0.98581558827635496 0.41520352645416292 0.019858296365560999 0.34385068010322167 0.090415435247257495 1.8757520774758178 -0.053124800089148654 -0.015890011651909727 0.010900370658205363 0.72231058103969459 0.68685814301680692 0.81988442976350495 0.084867306606437057 -0.88966298838986158 0.010257322321804737 -0.25440078927937754 0.67196178206048407 0.37784365361390432 0.98274000148953611 1.3136646825266121 -0.08168983744366734 0.006326529553643258 -0.051786476948928691 -0.46812872295422581 0.014136544498704945 0.000340959827441526
decision_type=10 8 8 10 10 10 10 10 10 10 8 10 10 10 10 10 10 2 2 10 8 10 10 10 8 10 2 10 8 8
left_child=1 5 15 4 14 6 10 28 20 25 11 -1 -12 17 21 -2 18 -5 -17 -11 27 -4 -19 26 -10 -6 -15 -9 -3 -30
right_child=2 7 3 13 9 -7 -8 8 24 19 12 -13 -14 23 -16 16 -18 22 -20 -21 -22 -23 -24 -25 -26 -27 -28 -29 29 -31
leaf_value=-0.0093065760009311219 0.024724818286604288 -0.0091801396597452362 -0.0032708638031907823 0.00163027010555205 -0.011140395217472425 -0.0047167606682193605 -0.024713310987568279 0.0041503027480812669 0.028200965784155603 0.021842945213429266 0 0.017062830120227468 -0.013374998550499046 -0.0019035884388252612 -0.0020659669419539574 0.0096895592628606295 0.0012628556956622459 0.014903431218679253 0.028528921571004191 0.0064871895357099833 0.016130000880769744 0.0057853934281525462 0.026754345513304811 -0.0090622754850374927 0.005197256423627377 0.0073243372124771298 0.011762224278039924 -0.019052305639341034 0.013741211382318427 -0.0017697857623731467
leaf_weight=19.320206416305158 41.836043943534605 22.436856827058364 30.020086481934413 13.750914167147128 6.8257992239668992 105.21439961902797 36.576251591439359 4.7794711660826588 12.425443734973667 40.448956361273304 20.541532732895575 8.019128446117973 397.79936382500455 11.077086386736481 85.855967360548675 21.897716828156263 19.501579029718414 79.188593243365176 15.781119111925362 20.485247974283993 5.9389140205457798 263.63429121428635 24.014856392052025 6.518882196629419 6.3952495593111989 18.337945739040151 42.08657395967748 5.8926358085591355 8.5475281011313182 50.592700585897546
leaf_count=4395 303 3381 794 203 178 16191 9281 452 323 460 4501 1490 92992 392 4488 261 248 1168 121 343 166 6838 219 248 661 440 1241 672 683 5040
internal_value=-6.25355e-05 -0.00928511 0.00869907 0.00724353 0.00503487 -0.0115602 -0.0130342 0.00211314 0.011738 0.0126547 -0.0120158 -0.00113692 -0.0127152 0.0129875 0.00326958 0.0179432 0.0125903 0.0160604 0.0181912 0.0169171 0.000260669 0.00484144 0.0179201 0.00675097 0.0211923 0.00196666 0.00887688 -0.00893875 -0.00212247 0.000613343
internal_weight=1445.74 704.48 741.262 642.245 465.608 587.471 482.256 117.009 35.4317 86.0979 445.68 27.3393 418.341 176.637 379.51 99.0165 57.1804 116.954 37.6788 60.9342 16.611 293.654 103.203 59.6825 18.8207 25.1637 53.1637 10.6721 81.5771 59.1402
internal_count=158173 140228 17945 17012 13541 128850 112659 11378 2274 1421 103378 5885 97493 3471 12120 933 630 1590 382 803 1290 7632 1387 1881 984 618 1633 1124 9104 5723
is_linear=0
shrinkage=0.03


Tree=13
num_leaves=31
num_cat=0
split_feature=71 32 71 63 57 57 53 70 53 3 78 9 53 16 41 41 52 53 51 14 50 0 38 16 42 42 54 14 52 46
split_gain=120.847 18.7512 15.1225 9.09186 7.68091 6.60656 5.76 5.17176 4.84789 3.99528 3.87924 4.50293 3.82783 3.71781 3.52233 5.14238 3.35919 3.15946 2.90782 2.88063 2.79859 2.70645 2.11122 2.87421 2.0665 2.05588 1.75559 1.59563 1.59519 1.53651
threshold=0.82330371849983119 0.19393925181185448 1.9988914454482816 0.28387054992228561 0.0043243293783250597 0.96719734942567903 0.019656344513484667 0.33275075778642943 0.020474418579577658 0.04323753836414191 1.9636663802051564 2.8104942996244193 0.017194055094707238 0.051300617487750284 0.0083481539330804173 0.010649409591326655 0.57588735318928053 0.015585941308065832 0.64503281285358693 0.35133107827030913 0.041798985817246732 -0.005652974112060615 1.3414688661188223 -0.10141027762034281 -0.015890011651909727 -0.056626428025286217 0.43507755479464671 0.11182549676757537 0.75293665253655373 0.0095149286764732444
decision_type=8 8 10 10 8 10 10 10 10 8 10 10 10 10 10 10 2 10 2 8 10 10 10 8 10 10 10 10 2 10
left_child=1 6 5 19 21 9 12 -6 -5 22 11 -9 14 18 17 -16 24 -1 -7 -3 -18 -4 23 -2 -14 -8 29 -10 -12 -27
right_child=2 3 4 8 7 13 25 10 27 -11 28 -13 16 -15 15 -17 20 -19 -20 -21 -22 -23 -24 -25 -26 26 -28 -29 -30 -31
leaf_value=-0.012794991551387545 0.011402533124973583 0.0010132282950301985 0.028166619599211719 -0.014013646639570474 -0.0048466438946457302 0.010092514418439493 -0.0010318734941417598 0.0092871785483329486 -0.0090599935133193216 -0.004033194736446837 0.0032507128221397341 0.017708999654492675 -0.0045245345241317191 0.00410018855456829 0.0046501600540638649 -0.010586314072518865 -0.017019396530200504 -0.022835667813994293 0.030540781604959048 0.024534722782880068 0.00023717866602078794 0.013495070383179195 -0.0049998138278310291 0.002827492316713311 0.012997294556451277 -0.018966016516602048 -0.026808127275819681 0.014891315983507779 -0.014210110660516797 0.0098475263693935163
leaf_weight=242.7741754661547 41.553413468878716 6.5943543647881597 29.164591073989868 19.168313136440705 20.123543962603435 15.138284195680173 4.026948688318952 264.16691902885213 2.37929415074177 81.263885019230656 13.705940150190147 76.309281972469762 10.002412558998914 24.372136344085447 22.67781689169351 128.41843812103616 18.380373760359362 34.539476897683926 13.012912946520371 18.954288500826809 14.360799030284396 25.376579198986292 23.266895303153433 223.14833990880288 12.408851816202512 2.3610790568636721 35.631806871271692 9.5019082250073534 5.8669096638914189 2.2764863953925669
leaf_count=57044 1151 561 171 4112 597 239 986 4112 481 8275 412 946 2235 976 5345 30590 4154 8013 114 167 3540 186 1056 9577 2516 534 9300 400 195 603
internal_value=0.000125735 -0.0103793 0.00730161 0.00591003 0.0112256 0.00323295 -0.0121394 0.00965329 -0.00489433 0.00179044 0.0104832 0.0112298 -0.0111344 0.0130947 -0.0120948 -0.00826423 -0.0035386 -0.0141339 0.0203711 0.0188434 -0.00957877 0.0217602 0.0034525 0.00422276 0.00518972 -0.0225559 -0.0245584 0.00953101 -0.00227362 -0.005052
internal_weight=1440.93 584.457 856.47 56.5982 434.714 421.756 527.859 380.173 31.0495 369.233 360.049 340.476 483.562 52.5233 428.41 151.096 55.1524 277.314 28.1512 25.5486 32.7412 54.5412 287.969 264.702 22.4113 44.2963 40.2694 11.8812 19.5728 4.63757
internal_count=158588 130581 28007 5721 6619 21388 124860 6262 4993 20059 5665 5058 113437 1329 100992 35935 12445 65057 353 728 7694 357 11784 10728 4751 11423 10437 881 607 1137
is_linear=0
shrinkage=0.03


Tree=14
num_leaves=31
num_cat=0
split_feature=59 36 69 63 22 75 16 44 30 44 8 43 9 43 44 46 45 24 21 43 44 59 76 63 71 45 5 44 44 5
split_gain=112.37 13.7232 9.07703 8.21864 9.85136 6.94729 6.61333 5.03233 4.83082 4.35264 4.07538 3.84051 3.38935 5.83674 3.32069 3.2256 3.71613 2.96327 2.892 2.77685 2.38007 2.08981 2.05607 1.94029 1.89886 4.15592 1.79809 1.76098 1.70781 1.52937
threshold=0.87863095545568826 -0.31802788338412408 1.7889566112783 0.28387054992228561 0.088825377421668308 -0.92127445128703445 0.078628997251808844 0.21061464899071672 0.66855742427526244 0.071648716325692488 0.0074494845807880237 0.010815702670425755 2.4591801711154369 0.047820640939425181 0.14199908989674739 0.034133762393146715 0.018188372896679614 0.49893466300957184 -0.058429828697505841 0.047151862252197814 0.081187245259363064 0.85898826408587803 -0.3966823710265211 0.18000124207621915 3.3700344880054778 0.0062283462858557194 0.02356080318651017 0.059948603276570929 0.11670501535813806 0.0081852818789430876
decision_type=8 8 10 8 10 8 10 10 10 10 10 10 10 10 8 10 10 10 8 10 10 10 10 10 10 10 10 10 10 8
left_child=3 8 5 4 21 10 17 15 9 -2 27 22 29 -14 -12 16 19 23 -6 -5 -13 -1 -8 -4 25 -10 -9 -3 -20 -7
right_child=1 2 6 7 18 12 11 26 24 -11 14 20 13 -15 -16 -17 -18 -19 28 -21 -22 -23 -24 -25 -26 -27 -28 -29 -30 -31
leaf_value=-0.008197538636962317 0.027722419639425122 0.00073947414930677728 0.025949573892858659 -0.013066877160292962 0.025182022137963785 0.0089186822649076711 0.0053931606006558464 0.020460649019476876 0.015183823090101982 0.0089005090425504918 0.0086599490273122984 0.013601862509867136 0.012645936773052304 -0.018273184963784016 -0.011025805099451159 -0.028102961878381062 0.0046391223454260704 0.0053568078287391917 -0.0071774424372369741 -0.0047080472503293995 -0.0019530875118188924 0.0012082300242629072 -0.013712304265201395 0.014423009794980518 0.016511769379174177 -0.012401437170015994 -0.0064309351120933923 -0.015408851748359468 0.016648799308410143 -0.0019433714991031375
leaf_weight=128.89664024033118 45.577480925247073 25.453133512521163 35.388458457542583 373.86631303717149 10.697257432038894 11.35982882871758 7.6652485962258678 4.9845333771081632 8.6367657417431527 16.838057082146406 284.10057315253653 34.668289515422657 35.410952520556748 5.4950978660490355 6.973713948391377 11.048826229525728 11.338699164567513 15.001806628424672 5.8438880143221485 42.47111047396902 11.044465158134697 24.492242358624935 11.20258962002117 31.921087495982647 11.700191915966569 9.0035377363674325 2.7444164020707831 6.8326068776659659 3.4398868419229984 191.71233777998714
leaf_count=30440 347 774 290 86102 198 463 196 410 139 226 5702 766 1123 222 261 2690 2352 202 361 9874 305 1345 374 490 114 179 423 260 117 11607
internal_value=-6.83028e-05 0.00731142 0.00588515 -0.00966566 -0.0040642 0.0041426 0.0125216 -0.0118202 0.018198 0.0229125 0.0070197 0.00515455 0.000304052 0.0080839 0.0081419 -0.0122517 -0.0117706 0.0181344 0.0152213 -0.0122347 0.00981812 -0.00667815 -0.00591874 0.0208183 0.00764547 0.0010335 0.0109254 -0.00294811 0.00211957 -0.00128032
internal_weight=1425.81 805.986 714.23 619.824 173.37 567.338 146.892 446.454 91.756 62.4155 323.36 64.5806 243.978 40.9061 291.074 438.725 427.676 82.3114 19.981 416.337 45.7128 153.389 18.8678 67.3095 29.3405 17.6403 7.72895 32.2857 9.28377 203.072
internal_count=158352 24040 23035 134312 32461 20412 2623 101851 1005 573 6997 1641 13415 1345 5963 101018 98328 982 676 95976 1071 31785 570 780 432 318 833 1034 478 12070
is_linear=0
shrinkage=0.03


Tree=15
num_leaves=31
num_cat=0
split_feature=6 58 36 46 69 67 69 31 8 66 43 78 57 54 52 50 54 52 45 45 45 47 46 46 26 53 6 45 47 75
split_gain=83.0302 17.0263 9.13787 8.05293 6.13617 5.76483 5.70991 4.33633 3.62682 3.58708 3.38766 3.11294 3.07612 3.03287 4.0875 7.89064 3.59493 4.08147 3.39922 3.2489 3.02856 3.91648 4.31825 3.19997 2.96591 2.91015 2.85329 2.71656 2.6063 2.54945
threshold=0.018418157337256071 0.87090053763440867 -0.28722226067580137 0.034133762393146715 1.3636163132634282 0.72231058103969459 1.6493751581776175 -0.046577113650129891 0.042600829505271574 0.95914193898418276 0.047820640939425181 -0.18265126259147366 0.045027076366764097 0.56052014714107801 0.60809578262408459 0.01642059579430644 0.51533516738383678 0.26987778544356539 0.0063824696578018746 0.0044354796085307137 0.017937732423117535 -0.0080155829504829339 0.0087237539001491626 0.0099132902068781673 1.0224800155565255 0.014884104280206764 0.060421667068357159 0.0094090381837638199 -0.0018044692902551283 -0.23319118475657472
decision_type=8 10 8 10 10 10 10 8 10 10 10 10 8 10 2 10 10 2 10 10 10 10 10 10 10 10 10 8 10 10
left_child=13 3 8 6 9 24 7 -2 11 10 -4 -3 -9 14 15 16 17 -1 -17 28 21 -15 -23 -24 -6 -13 -5 -18 -16 -21
right_child=1 2 4 26 5 -7 -8 12 -10 -11 -12 25 -14 20 19 18 27 -19 -20 29 -22 22 23 -25 -26 -27 -28 -29 -30 -31
leaf_value=0.010599195905622841 -0.0085387408572107724 0.021094666255045032 0.0061537870570599817 -0.027147535881544452 0.019233732462862231 0.0034464030579171205 0.010653366949004412 0.0092647587248778952 0.029481308263182838 -0.0050167235916003172 -0.0040903752363869745 0.00084764581039360591 -0.00060549436369318759 -0.018924661181180639 -0.012707160139070563 0.02809487012062848 -0.0030045204021292918 -0.012938141510865926 -0.0053955419880475112 -0.0069044567564825986 0.005709214421885443 -0.01717281427665163 0.015043019245567264 -0.007366547321905113 0.0063659985663762171 0.015326231664875737 0.0011506070392415179 0.017541699904180599 -0.002124687282388829 -0.016765965395207486
leaf_weight=6.4612598933745167 54.038821252761409 29.965866392944008 285.48125562095083 12.262470631161706 67.831548624671996 52.802897334215231 42.83511661645025 32.366888617980294 16.071702319895849 33.74995071196463 31.278531625634059 24.435602794517763 188.53184264933225 87.45791750214994 36.126229492016137 8.0043970406986755 30.82831297791563 66.627829567180015 3.3112193972337982 35.134117719368078 5.7700084210373452 19.553846981143579 8.754367356537843 12.826508815400301 23.798227133462206 25.888145672739483 3.8622031476115799 6.0667774652829385 51.137046946678311 99.073925009812228
leaf_count=1222 7978 263 9242 3077 767 1702 1693 1182 136 2081 1308 387 18877 20661 7867 1887 6750 15055 905 7135 1258 4622 2229 3032 355 433 336 1435 11087 23151
internal_value=-0.000309476 0.00492969 0.00798396 -0.000477889 0.00630469 0.0115048 0.000591033 -0.000998728 0.0164251 0.00412672 0.00512309 0.0134441 0.000862446 -0.010464 -0.0088917 -0.00437323 -0.00688892 -0.0107019 0.0184088 -0.0113222 -0.0143575 -0.0153182 -0.00731192 0.00185473 0.0160289 0.00850784 -0.020523 0.000668542 -0.00663406 -0.0142767
internal_weight=1402.33 925.201 591.304 333.897 494.942 144.433 317.773 274.938 96.3613 350.51 316.76 80.2896 220.899 477.134 342.771 121.3 109.984 73.0891 11.3156 221.471 134.363 128.593 41.1347 21.5809 91.6298 50.3237 16.1247 36.8951 87.2633 134.208
internal_count=158113 49817 16674 33143 15455 2824 29730 28037 1219 12631 10550 1083 20059 108296 76494 27254 24462 16277 2792 49240 31802 30544 9883 5261 1122 820 3413 8185 18954 30286
is_linear=0
shrinkage=0.03


Tree=16
num_leaves=31
num_cat=0
split_feature=59 32 14 69 63 71 53 32 54 16 38 58 53 53 53 14 53 44 14 37 56 49 3 38 43 17 77 15 54 63
split_gain=92.3378 15.7755 8.52487 8.84042 7.21615 6.34473 5.1297 4.44233 4.88059 4.20593 3.98834 4.69971 5.08461 3.63032 3.31669 3.15093 3.12067 2.93428 3.13998 2.89673 2.86465 2.8088 2.40304 2.35546 2.33602 2.26246 1.72526 1.68871 1.40692 1.38525
threshold=0.89379644373673051 0.19393925181185448 -0.35275334335723491 1.5860117299816829 0.28387054992228561 0.41520352645416292 0.019858296365560999 -0.14238399869210736 0.63987059554610359 0.060400058736399982 1.2838541523119407 0.90589410546671123 0.010989559495124484 0.010900370658205363 0.017635968449793909 0.34385068010322167 0.013708591847781743 0.16428337884866476 0.11494753737093778 0.56601189677732311 0.012806844896397137 0.0072250365446434603 0.00908642371345947 0.83606322333277094 -0.0062751531280672559 -0.086739032092460408 0.906152154118263 -0.11749037957456042 0.43507755479464671 0.20423292273236285
decision_type=10 8 8 10 8 10 10 10 10 10 10 10 10 10 10 10 10 8 10 10 10 10 10 10 8 2 10 10 10 10
left_child=1 5 7 10 15 6 13 20 21 16 11 26 -13 24 -15 -3 22 -6 -19 25 -2 -9 -5 -22 -1 -11 -4 -8 -29 -7
right_child=2 4 3 9 17 29 27 8 -10 19 -12 12 -14 14 -16 -17 -18 18 -20 -21 23 -23 -24 -25 -26 -27 -28 28 -30 -31
leaf_value=0.011770878035839833 0.026033002824385688 0.001224706296757361 0.0018908695320775718 0.0039803532254124863 -0.010099457592943282 -0.00031861529906441615 0.0027422063066750405 0.0027549670419623287 -0.010048545646404098 -0.0074355304868862441 -0.0039921164273962386 -0.010926357320024008 0.008676530249056966 -0.011754382816833681 -0.0022849458533872814 0.021635363056059616 0.022553284211183206 -0.0012841770824338972 0.017257051548538429 0.01560750221645785 0.02007085834471781 0.022114358689325635 0.019570532402896267 0.00025739792262237024 -0.0077349315266078194 0.0065513277658653104 -0.0092639778265676074 -0.0032068144531288271 -0.025854415573482937 -0.0067052862558376683
leaf_weight=10.012827349710276 38.398735558148474 10.829830954782667 132.35158636374399 24.033372204750776 26.699401328514796 62.571928750956431 1.8761190104996774 12.809069234877827 9.6255208968650532 12.850805342197416 47.292811782797799 11.590092417434787 231.02365899365395 372.93311891739722 38.023521188413724 19.625648738816381 44.664221391314641 49.333067275991198 8.7943612707313132 23.943702337564901 11.329012412577869 15.152841146104036 14.485778878675772 10.210844462504609 10.006099632708358 40.143805574974976 12.724489587941205 3.3501650239340952 29.960388955194503 60.964532046229579
leaf_count=2279 250 802 4359 265 5004 6623 433 170 250 323 1867 244 5086 90057 8736 222 448 5257 270 484 161 172 170 198 2249 1015 916 819 7998 10951
internal_value=-1.7281e-05 -0.00765732 0.0077545 0.00637852 0.00245409 -0.00963993 -0.0112435 0.0159703 0.00747607 0.0123972 0.00413276 0.00513933 0.00768674 -0.0102854 -0.0108932 0.0147425 0.0170887 -0.00204323 0.00171469 0.00713215 0.0210377 0.0137509 0.0102661 0.0112396 0.00197437 0.00302916 0.00083523 -0.0222879 -0.023824 -0.00352302
internal_weight=1397.61 704.981 692.63 595.104 115.282 589.699 466.162 97.526 37.5874 160.122 434.983 387.69 242.614 430.976 410.957 30.4555 83.1834 84.8268 58.1274 76.9383 59.9386 27.9619 38.5192 21.5399 20.0189 52.9946 145.076 35.1867 33.3106 123.536
internal_count=158078 141700 16378 15177 11555 130145 112571 1201 592 2705 12472 10605 5330 103321 98793 1024 883 10531 5527 1822 609 342 435 359 4528 1338 5275 9250 8817 17574
is_linear=0
shrinkage=0.03


Tree=17
num_leaves=31
num_cat=0
split_feature=71 32 69 69 63 72 55 78 37 48 28 48 42 32 42 44 49 52 14 78 50 31 71 51 57 34 21 71 34 17
split_gain=89.6321 16.5445 12.1206 8.4748 7.19738 5.42909 4.36955 4.12006 3.85407 3.78907 3.48676 3.46367 3.36613 3.16617 3.15685 6.22087 3.35165 3.00354 2.74433 2.59818 2.48831 2.42127 2.33777 2.33705 2.33177 2.21625 2.16695 1.81672 1.63196 2.448
threshold=1.0478102848375366 0.19393925181185448 -2.3446244291868226 1.2915360392881925 0.29578900709219863 1.6190514471426323 0.67492267975359777 -0.65853857948046846 0.49277184956151115 -0.0010872669240630237 -0.17401146173634527 -0.02182976198692221 0.058451684361164331 0.2803473246804839 0.024424351612015619 0.057719783981174062 0.017568464436558243 0.6695100602478119 0.28161218452585085 -1.6246316092897668 0.046356359337549564 0.061391061150297861 -0.32885392981413031 0.64503281285358693 0.0043243293783250597 0.0010303726249777641 0.0040001087834072866 0.25825544838085396 0.0098846981988663547 0.1206888057019926
decision_type=8 10 8 10 10 10 10 10 10 10 8 10 10 10 10 10 10 2 8 10 10 10 10 2 10 8 10 10 10 2
left_child=1 12 7 5 18 10 19 -2 9 -7 23 -9 14 -6 16 -16 20 -17 -3 -5 -1 -13 -15 -4 -10 -12 -21 -18 29 -8
right_child=2 4 3 6 13 8 28 11 24 -11 25 21 -14 22 15 17 27 -19 -20 26 -22 -23 -24 -25 -26 -27 -28 -29 -30 -31
leaf_value=-0.0091647625710375609 0.024222451420203125 -0.00073749407409293317 0.0014556913201202322 0.0017604687446671785 -0.011819507496573414 0.0070294924210463679 0.0051726412398480377 0.018433971738788996 -0.00099244335506024767 -0.0056300231333049466 0.001710761943343389 -0.0062836633589630399 -0.024635991675342792 0.018312675461889388 -0.010472750104153104 0.03185352581422906 -0.021234660291143893 0.0023813468376533897 0.020668595626402352 0.013931851064016662 -0.025504453370173871 0.011329224973649452 -0.0041735296418875393 0.011027666577356895 0.016284735709781541 -0.0045424090900939183 0.025909944905878144 -0.006032958320744612 0.01013188286820418 -0.011698282962934951
leaf_weight=395.57254696590826 41.6098179705441 6.4014293742366135 53.482037625391968 12.657509922049938 17.943922480859328 108.28722835343797 34.517526421579532 27.217977450229228 7.6593966092914334 25.360465086065233 106.34244418580784 12.317188591696324 13.231409898842683 6.6986652424093327 56.093477166024968 2.5043291046167715 37.28307846293319 33.307560676243156 24.641088297823448 76.443125349702314 8.150496239657512 13.73727631010115 8.0703547236043942 40.875338684534654 49.642978382413276 95.65330359415384 19.469881149707362 10.641042155562898 36.887954793404788 8.8591276416555029
leaf_count=90899 305 613 1504 237 3789 2648 998 272 120 740 4775 190 3185 271 12933 680 8940 8021 313 855 2047 158 1245 994 1014 6889 199 1996 957 273
internal_value=0.000248672 -0.00822878 0.00707727 0.00564469 0.00614198 0.00353189 0.0110338 0.0170893 0.00746516 0.00458102 0.000970882 0.0111189 -0.00988777 -0.0035826 -0.00947867 -0.00429041 -0.010516 0.00533315 0.0162755 0.0149615 -0.00956425 0.00296739 0.00634965 0.00570586 0.0139465 -0.00124338 0.0166366 -0.0181129 0.00556529 0.0014734
internal_weight=1391.56 620.539 771.021 676.138 63.7555 487.303 188.835 94.8823 190.95 133.648 296.353 53.2724 556.784 32.7129 543.553 91.9054 451.647 35.8119 31.0425 108.571 403.723 26.0545 14.769 94.3574 57.3024 201.996 95.913 47.9241 80.2646 43.3767
internal_count=158060 134932 23128 22203 6231 18684 3519 925 4522 3388 14162 620 128701 5305 125516 21634 103882 8701 926 1291 92946 348 1516 2498 1134 11664 1054 10936 2228 1271
is_linear=0
shrinkage=0.03


Tree=18
num_leaves=31
num_cat=0
split_feature=59 32 69 69 6 54 57 71 53 55 53 78 67 26 23 16 23 44 16 42 44 44 54 2 62 32 2 40 26 62
split_gain=80.2161 12.1737 10.22 7.65291 5.10745 5.42371 4.22418 4.14694 4.39173 3.97175 3.58419 3.51106 3.3363 2.99763 4.12914 2.8864 2.86848 3.17647 2.84157 2.77668 5.06622 3.62256 2.6335 2.56975 2.09657 1.75011 1.70604 1.70381 1.64982 1.62901
threshold=0.89016505466778817 0.19393925181185448 -2.3446244291868226 2.3617364200331212 0.028790627205666153 0.46506699812190705 0.95553201506591356 0.23509591226372359 0.020765563179641202 0.14480319125490371 0.01244194020250909 -1.1204638740358057 -0.41466270020721691 0.77499615998395399 -0.044102334894790922 0.071472743017946053 -0.0026076459089553468 0.064480487896289365 0.0035707629925100241 0.024424351612015619 0.061421842166587422 0.11987758949867323 0.5053365038675085 -0.0047300618063048075 0.95557904627672086 0.29953390238644689 -0.052907611316742813 0.0187886870670874 1.1188238860993347 0.91354117830911086
decision_type=8 10 8 10 10 10 8 10 8 10 10 10 10 10 10 10 8 10 10 8 10 10 10 10 10 10 10 8 10 8
left_child=1 7 10 4 16 11 18 8 19 -5 -2 -6 -11 -12 -15 -14 17 -4 23 21 -21 -1 -7 26 -8 -20 -3 -10 -18 -27
right_child=2 6 3 9 5 22 24 -9 27 12 13 -13 15 14 -16 -17 28 -19 25 20 -22 -23 -24 -25 -26 29 -28 -29 -30 -31
leaf_value=-0.010452665876345267 0.026342865030368257 0.011639068904601115 0.0053511124099938686 0.025009721037130419 0.00057388435273701796 -0.0044366424148502993 0.021852622011752081 -0.004632026054921007 -0.025747966031007121 -0.0067632756140887139 0.018868977101458451 0.016810299155225524 0.019322495621927054 0.013821701016926254 -0.0049542532125464072 0.0069213697588225188 -0.00020563914074766263 -0.0047952174004435646 -0.010653594937709258 -0.010479174450224307 0.005897247170387262 -0.027660432892178222 0.0056380567308140376 0.028861993173103107 0.00088762927498312277 0.012320560423395277 -0.012755003753442755 0.00035888624673045057 -0.0081513600282352473 -0.0092206139972254905
leaf_weight=323.95812021731399 22.07994321314618 4.8163141686236477 156.63543065835256 18.864071609452367 15.408475056756286 27.092678133631125 13.494944151258098 134.72163822769653 21.534776180866174 9.0671646408736688 33.223992131184787 61.336356780957431 27.950821533799171 25.807382157072425 16.396462473552674 48.16695146181155 91.726297415443696 32.583568886155263 20.522794447781056 44.606887429836206 26.039593800727744 11.083923024358226 134.5792795579182 3.6472502977121612 6.658697522012516 6.7377774594351623 3.6166818935307665 2.2184432018548277 31.046262459014542 4.2870896288659432
leaf_count=78219 195 347 4944 147 409 687 388 24697 5827 102 296 1129 282 278 200 1120 6075 948 3450 10945 6582 2662 3396 108 778 420 336 544 1955 538
internal_value=0 -0.00790744 0.00660693 0.00523403 0.00380167 0.0071009 0.00442686 -0.00931257 -0.0107598 0.0126742 0.0156445 0.0136383 0.00964922 0.0121698 0.00651185 0.0117055 0.00125625 0.00357212 -0.000823969 -0.00996435 -0.00440305 -0.0111115 0.00391442 0.0109279 0.0154371 -0.00561366 0.000615996 -0.0232725 -0.00228879 0.00362445
internal_weight=1379.91 627.945 751.965 654.457 550.408 238.417 63.7815 564.163 429.442 104.049 97.5078 76.7448 85.1849 75.4278 42.2038 76.1178 311.992 189.219 43.6279 405.689 70.6465 335.042 161.672 12.0802 20.1536 31.5477 8.433 23.7532 122.773 11.0249
internal_count=158004 135841 22163 21194 19543 5621 6365 129476 104779 1651 969 1538 1504 774 478 1402 13922 5892 5199 98408 17527 80881 4083 791 1166 4408 683 6371 8030 958
is_linear=0
shrinkage=0.03


Tree=19
num_leaves=31
num_cat=0
split_feature=59 32 69 57 57 59 63 53 30 75 60 55 60 38 3 33 42 44 44 53 53 3 44 43 9 7 44 43 51 19
split_gain=76.5256 15.482 7.33182 7.04046 6.51815 6.45148 6.10565 4.67367 4.41975 4.19475 4.18091 4.12499 3.38793 3.15645 2.89002 2.86173 2.83108 4.87678 3.16887 2.67599 3.85984 2.67556 2.50973 2.39092 2.67099 2.15428 2.06104 2.00925 1.99149 1.86635
threshold=0.90179360784418805 0.19393925181185448 -2.3446244291868226 0.94397445986550299 0.9095668413226653 0.78835933789197288 0.14040715040669091 0.020765563179641202 0.67560897626964012 -0.4828042240704194 0.98274000148953611 0.70637424090174339 0.94820215624986037 0.74472030678256151 0.032578151164201603 0.030628068188247353 0.024424351612015619 0.061421842166587422 0.11987758949867323 0.01568734686406487 0.012703871441594192 -0.060096119635854532 0.15576978428121704 0.046569218802461128 2.5290764987037901 0.011778647441719111 0.05207707518073413 0.014664766727408131 0.58732752360203355 -1.4374946193639124
decision_type=10 8 8 10 10 10 10 10 8 10 10 10 10 10 10 10 10 10 10 10 10 10 8 10 10 10 10 10 2 8
left_child=1 5 13 6 14 7 8 16 10 -6 -4 12 27 -2 15 25 18 -18 -1 20 -15 -10 -11 24 -8 -3 -25 -5 -22 -9
right_child=2 4 3 11 9 -7 23 29 21 22 -12 -13 -14 19 -16 -17 17 -19 -20 -21 28 -23 -24 26 -26 -27 -28 -29 -30 -31
leaf_value=-0.010141726707065731 0.022825016875775116 -0.0044865742055852555 0.0064687919435409058 0.0027208452772117192 0.025676728738529862 -0.00268901515161361 -0.0017559018397820042 0 0.0038491055594913493 -0.0020457155932259957 0.017121499812882402 0.0055024944553277748 0.021917449124021212 0.017837714282172634 -0.012800497557231852 0.018185302138876269 -0.0099960083069399238 0.0053488349663600955 -0.025936103035971908 0.018318275906592282 0.0062071889399502233 -0.0090011982147175235 0.018666317994960335 -0.0012884847626735258 0.0085184598189119165 0.0077944578866390238 -0.022545305530890927 0.014835979093066033 -0.010220236890692767 -0.025418660724442845
leaf_weight=352.14083813707111 32.072096604853868 44.797518922830932 117.56824875751045 22.112760609947145 14.186565330019219 126.31627965107327 104.34261623874772 2.7879702211357653 77.754731497494504 15.303723239456305 47.616444606566802 67.586718327365816 41.159919649362564 13.253707714378832 15.661115755385252 6.8433061764808363 48.616761570447125 28.776010076398961 11.58213015180081 24.835744142066687 12.748899801634254 16.83550597447902 6.7451198343187562 9.3168731976766157 28.013800145592541 16.805870137584861 7.0381415286101392 30.800377247855067 11.74862204689998 23.151324812322859
leaf_count=86212 231 4759 2741 312 125 15458 4520 725 1874 1772 600 1674 351 140 3152 390 12128 7274 2860 229 148 426 161 385 737 1331 396 330 167 6385
internal_value=4.11085e-05 -0.00677401 0.0073613 0.00604881 0.00299841 -0.00876273 0.00392355 -0.0103897 0.00669149 0.0134593 0.00964216 0.0113434 0.0154062 0.0150894 -0.00157829 0.00109359 -0.00960719 -0.0042568 -0.0107226 0.0107816 0.00540116 0.00146034 0.00469525 -0.000903965 0.000443785 -0.00101731 -0.0113809 0.009973 -0.00164533 -0.0227352
internal_weight=1378.52 713.715 664.805 570.146 120.343 593.371 408.486 467.055 259.775 36.2354 165.185 161.66 94.0731 94.6591 84.1078 68.4467 441.116 77.3928 363.723 62.587 37.7512 94.5902 22.0488 148.711 132.356 61.6034 16.355 52.9131 24.4975 25.9393
internal_count=157993 142732 15261 14346 11690 131042 11679 115584 5641 2058 3341 2667 993 915 9632 6480 108474 19402 89072 684 455 2300 1933 6038 5257 6090 781 642 315 7110
is_linear=0
shrinkage=0.03


Tree=20
num_leaves=31
num_cat=0
split_feature=59 63 14 57 57 63 13 55 53 33 8 26 44 45 53 0 49 36 59 70 50 14 44 50 37 50 13 52 0 5
split_gain=66.1494 10.6268 10.3094 7.4153 6.13622 4.55863 3.79622 3.43849 3.29853 3.03768 3.03974 3.02177 2.4889 2.45229 2.67756 2.36401 2.22358 2.15139 2.14973 2.09487 2.04862 2.07559 1.94861 1.93323 1.87275 1.66421 1.56964 1.51718 1.51132 1.9778
threshold=0.89379644373673051 0.28387054992228561 0.35133107827030913 0.0085745007398149112 0.91354117830911086 0.12447695082024618 0.36719754178487513 0.65846146077911605 0.019858296365560999 -0.076569208323256199 0.0088170790475005662 1.0182548602003172 0.066036221105635909 0.018619044111080962 0.017392014665839839 0.014896829989032192 0.0061929510625945436 0.057556790035273496 0.85898826408587803 -0.63275353886794572 -0.0016022448666883069 -0.35275334335723491 -0.0094050536699515335 0.0025962899102245367 -0.41008409456991246 0.062818320548155851 0.31403952571346222 0.53348461517681078 0.012216994226446511 0.0079834297258396334
decision_type=10 10 10 8 10 10 8 10 10 10 10 8 10 10 10 10 10 10 8 10 10 10 10 10 10 8 10 2 8 8
left_child=1 2 18 20 5 9 8 11 13 23 -11 15 22 14 -3 -6 -13 -4 -1 -8 -2 -22 -9 -5 27 -26 -10 -7 29 -20
right_child=3 6 17 4 7 24 19 12 26 10 -12 16 -14 -15 -16 -17 -18 -19 28 -21 21 -23 -24 -25 25 -27 -28 -29 -30 -31
leaf_value=-0.006498546052461431 0.021415640273342553 -0.010452363334196546 -6.5559917731803665e-05 -0.0053179954567359562 0.019048079604130099 0.006043286895072734 0.018428976523084721 -0.0059811901072889233 -0.020742438887854105 -0.0021902247436462077 0.0088462583525955856 -0.0050402815450580679 -0.0038729069803349033 0.0088037658920928491 -0.0020441266374278621 0.0047612542719042694 0.012235492866203748 0.020714488285179203 0.010054702129996677 -0.0033160063731374209 0.01508980621134837 0.0029212044563848923 0.0098657922414279453 0.0052314775092355019 0.0014437739796061748 -0.016530099810800818 0.0023986412739918288 -0.010209615268632507 0.0072153158574275403 -0.0041639876761186316
leaf_weight=121.76237650134135 28.030818683560938 343.98587161087198 5.3839704752899733 31.750020902603865 60.705667985137552 5.4089572208467862 5.2701295660808674 7.0375817302847272 32.615310407592915 25.008197510382161 168.28784150269348 11.775930888950827 20.136783611145802 5.7201504079857832 39.442707274050917 14.227148661389945 12.993830061051993 19.240651231841184 9.0728164367610571 9.8547510351054353 37.325867464765906 20.669248551595956 56.056347975507379 28.863722423790023 120.59532403515186 3.8068498566281042 2.4018388520926228 26.62875271809753 17.632584369392134 66.351731895992998
leaf_count=30471 216 82084 449 815 651 237 225 195 8466 777 3378 201 624 1269 9343 166 172 276 305 1419 311 325 1339 667 4877 179 277 1294 1249 5805
internal_value=-0.000238543 -0.00685948 -0.00174948 0.00637274 0.00515426 0.00309328 -0.00962766 0.00971914 -0.0101573 0.00556929 0.00739902 0.0134823 0.00506907 -0.00930267 -0.00960279 0.0164734 0.00402903 0.0162288 -0.00388987 0.0047478 0.0145858 0.0109268 0.00798565 -0.000242366 -0.000916218 0.000742399 -0.0190494 -0.00727495 -0.000411799 -0.00230518
internal_weight=1358.04 678.735 239.444 679.309 593.283 410.35 439.291 182.933 424.166 253.91 193.296 99.7026 83.2307 389.149 383.429 74.9328 24.7698 24.6246 214.82 15.1249 86.0259 57.9951 63.0939 60.6137 156.44 124.402 35.0171 32.0377 93.0571 75.4245
internal_count=158062 141638 38555 16424 15572 12224 103083 3348 101439 5637 4155 1190 2158 92696 91427 817 373 725 37830 1644 852 636 1534 1482 6587 5056 8743 1531 7359 6110
is_linear=0
shrinkage=0.03


Tree=21
num_leaves=31
num_cat=0
split_feature=59 57 69 7 44 14 45 78 67 48 46 38 44 69 22 59 77 44 44 53 45 53 53 33 40 6 7 72 45 46
split_gain=62.7612 9.84084 9.75299 6.64407 6.3371 4.071 3.93296 3.3578 3.3205 3.1786 3.0517 3.02352 3.02645 2.85654 3.09491 2.78833 2.71826 2.62203 4.51991 4.50198 3.23779 3.06821 2.65013 2.35758 2.17438 2.00652 1.86605 1.82003 1.77298 1.60458
threshold=0.87863095545568826 0.94397445986550299 -2.3446244291868226 0.011961845052013581 0.10091986081461791 0.052378526226431472 0.0053649681271666092 -0.71950814323838053 -0.7939043446163615 -0.02182976198692221 0.0069969547242819804 1.1442538151646435 -0.0010240895500782663 2.2046455762204746 0.22372948357651948 0.62685002659657696 0.20739155189317782 0.074067882119761466 0.085623221586974788 0.013708591847781743 0.0044354796085307137 0.010900370658205363 0.020765563179641202 0.023511545641411117 -0.00050067254723755764 0.031866196903324172 0.0072765194226886354 1.2755436822945372 0.0042969253208843409 0.012981598906515427
decision_type=8 10 8 10 10 8 10 10 8 10 8 10 10 10 10 10 8 10 10 10 10 10 10 10 8 10 8 10 10 10
left_child=1 15 7 13 8 11 23 -2 -3 -9 -8 12 -5 24 16 17 -15 21 19 -19 -20 28 -23 -7 -4 -11 -26 -16 -1 -13
right_child=2 4 3 5 -6 6 10 9 -10 25 -12 29 -14 14 27 -17 -18 18 20 -21 -22 22 -24 -25 26 -27 -28 -29 -30 -31
leaf_value=-0.010191011538837473 0.021133884979776665 0.017821106245776566 0.0042923646119983087 0.012512884515298597 0.023350962661139674 0.018321452939058954 -0.0015479242191010127 0.016198994835274413 -0.0070238431984188587 0.0085157890937737762 0.0087417765041865967 -0.0048105134110107469 0.0027442905765277669 0.023630232715506929 0.005148342299973567 -0.0049769503430784415 0.0025226961257260325 -0.011503451351349678 0.0085839690134430161 0.013191317077686086 -0.012218916069386295 -0.011002115662188556 -0.023344655849674698 0.0048269755624886475 -0.007254254714535141 -0.0078269820330187125 -0.00031909838997806837 -0.012119423223640218 0.0089460761016481784 0.0068291367548720385
leaf_weight=6.1481357556767788 41.4328389223665 5.1909149753628299 55.319136590114795 42.175594584434293 12.998852956923654 54.469761815387756 31.437507277936675 27.531720496714115 20.977769317978531 14.636141287162902 129.63612431380898 45.859867564518936 90.010638518258929 12.816349601838736 15.978389184921982 162.7520266091451 10.12831175059546 9.0700745817739534 6.8134161094203582 18.447670423425734 52.257111064274795 262.46337906533154 17.21909798309207 16.699206956895068 50.64502426981926 10.836268214508889 111.18987508921418 7.1055724618490776 10.045243201311676 12.695069281617178
leaf_count=1392 312 191 2072 1150 556 792 637 279 4552 234 3412 1440 2249 121 410 36103 273 2110 1621 4502 12238 64222 4538 359 3415 131 6073 184 2300 395
internal_value=0.000120787 -0.00730482 0.00568589 0.004422 0.00704169 0.006747 0.00941724 0.0146952 -0.00151054 0.00930849 0.00671782 0.00344796 0.00595415 0.000662531 0.0073728 -0.00835195 0.0149326 -0.00976358 -0.00502321 0.00482856 -0.00966654 -0.0111192 -0.0118532 0.0153074 -0.000773323 0.00141702 -0.00253905 -0.000324876 0.00133568 -0.0021643
internal_weight=1364.99 584.384 780.603 686.166 39.1675 422.984 232.243 94.437 26.1687 53.0041 161.074 190.741 132.186 263.183 46.0286 545.216 22.9447 382.464 86.5883 27.5177 59.0705 295.876 279.682 71.169 217.154 25.4724 161.835 23.084 16.1934 58.5549
internal_count=158263 134325 23938 22982 5299 10434 5200 956 4743 644 4049 5234 3399 12548 988 129026 394 92923 20471 6612 13859 72452 68760 1151 11560 365 9488 594 3692 1835
is_linear=0
shrinkage=0.03


Tree=22
num_leaves=31
num_cat=0
split_feature=71 71 32 53 78 63 69 16 37 70 30 44 14 33 41 52 53 44 76 53 41 16 52 71 13 53 14 29 47 38
split_gain=56.8466 11.5433 8.55268 4.47229 4.29366 4.67425 4.03087 3.92511 3.66471 3.27722 3.80224 3.14941 2.91644 2.81694 2.79635 5.04575 4.15918 3.31962 2.73298 2.65544 2.53984 2.52358 2.49892 2.24089 2.11578 2.09372 2.15626 1.84112 1.75075 1.66849
threshold=0.64763619336835376 2.0887260939343331 0.2803473246804839 0.019858296365560999 1.9636663802051564 0.045027076366764097 2.0762328077916892 0.051300617487750284 -0.35226532816977024 1.2781701436320982 0.66692446285963281 0.047844005333540947 -0.35275334335723491 0.023511545641411117 0.0083481539330804173 0.60545601888554168 0.017251240471833355 0.061421842166587422 -0.19102545259345419 0.010900370658205363 -0.0085046880219657433 0.031757694180002967 0.7422405514781536 4.672238715197806 0.39506112745364347 0.015232817652768392 0.34385068010322167 -4.5771920722175166 -0.010696572367920485 1.4838459156685748
decision_type=8 10 10 10 10 10 10 10 10 10 10 10 8 10 10 2 10 10 10 10 10 10 2 10 10 10 8 8 8 10
left_child=2 6 3 14 5 9 12 -8 11 18 -11 -7 -2 -10 16 17 19 -16 -3 -1 -18 29 -17 -6 28 -4 -27 -5 -9 -14
right_child=1 4 25 27 23 8 7 24 13 10 -12 -13 21 -15 15 22 20 -19 -20 -21 -22 -23 -24 -25 -26 26 -28 -29 -30 -31
leaf_value=0.0011190224719160879 0.010498097481587962 0.010448677252927446 -0.010494267280061685 0.0021317762125578521 -0.0092439948187087694 0.0068384817454354716 0.016866206527228186 -0.017288078472348506 0.012207108272053747 0.018762602117839377 0.0078610265286727325 -0.0078970504350377412 0.0016798843885931383 0.0032294543121272053 -0.00013469700235942917 -0.011795496433895531 0.01160073126673352 0.020182612771393094 -0.0087408753577221648 -0.011459227515938001 -0.0063059236067865478 -0.0043173377232610423 -0.0035288891544499189 0.011073920529518316 0.012424073844870754 0 0.023319702420549641 -0.020118568885190615 0.0012724455293426985 -0.012839149130573871
leaf_weight=15.457082333043216 24.042882135254331 16.839191582053903 2.3625046629458692 3.2114189133280888 16.838463853346187 24.484790342394263 27.952325038379058 5.5039845611900091 82.808214290533215 90.072227027732879 47.070495334919542 25.692265172954649 284.64085006318055 53.555838765227236 25.264517115312628 59.37654221476987 11.740087920916269 8.9779798625386302 9.6159066802356374 244.15079787204741 15.073701618937774 93.904584412928671 78.326777475187555 5.689155686646699 9.0034246158320439 5.3340193200856421 10.326075705699623 36.542161868303083 14.176831092219805 6.2748735833447418
leaf_count=3602 733 263 328 777 532 463 356 277 1227 852 614 592 15559 1215 6294 14849 2872 2166 181 60702 3733 8512 19048 90 319 562 435 9741 505 456
internal_value=-2.13424e-05 0.00479788 -0.00784723 -0.00859104 0.00872742 0.00954599 0.00163361 0.0090649 0.00621586 0.0132641 0.0151266 -0.000654842 0.000577285 0.00875223 -0.00770984 -0.0046099 -0.00953786 0.00552866 0.00330007 -0.0106974 0.00156163 -6.03771e-05 -0.00717435 -0.00373278 0.0010495 0.0119237 0.0159127 -0.0182393 -0.00435813 0.00131353
internal_weight=1354.31 838.166 516.144 498.121 372.667 350.139 465.5 56.6366 186.541 163.598 137.143 50.1771 408.863 136.364 458.367 171.946 286.422 34.2425 26.4551 259.608 26.8138 384.82 137.703 22.5276 28.6842 18.0226 15.6601 39.7536 19.6808 290.916
internal_count=157855 32746 125109 123784 6029 5407 26717 1457 3497 1910 1466 1055 25260 2442 113266 42357 70909 8460 444 64304 6605 24527 33897 622 1101 1325 997 10518 782 16015
is_linear=0
shrinkage=0.03


Tree=23
num_leaves=31
num_cat=0
split_feature=59 32 36 69 14 16 63 30 44 9 32 59 8 53 53 44 3 53 70 49 70 31 3 63 24 42 15 54 48 4
split_gain=53.5995 9.22467 7.51164 5.6113 4.98204 4.70041 4.55373 4.40677 3.86527 3.71586 4.11982 3.71045 3.37972 3.28596 3.56405 3.94004 2.8331 2.82939 3.02546 2.5101 2.28335 2.15108 2.04354 1.77849 1.56156 1.36517 1.36157 1.30608 1.23525 1.05165
threshold=0.90179360784418805 0.19393925181185448 -0.31802788338412408 2.2046455762204746 0.32969390002533178 0.079760935026495297 0.14436256873561995 0.66855742427526244 0.1062109515439026 1.9328752616810945 0.35371105579485496 0.5914195923273402 0.009101654744377163 0.019656344513484667 0.017635968449793909 0.043656047087019319 -0.19589685508905755 0.016751997380925188 0.035262657312998789 -0.010867108319930706 2.6236598104073305 0.12514816378026875 0.0012673661352055057 0.12447695082024618 0.55401274531141786 -0.056626428025286217 -0.004554731957630064 0.56826563459463031 -0.0025932231242120625 -0.15692509951110237
decision_type=8 10 8 10 8 10 8 10 10 10 8 10 10 10 10 10 10 10 10 8 10 8 10 10 10 10 8 10 8 10
left_child=1 11 7 6 -3 20 12 22 17 26 -11 13 27 14 19 -16 -14 18 -6 -1 23 -9 -2 -5 28 -15 -8 -4 -7 -13
right_child=2 4 3 5 8 24 9 21 -10 10 -12 29 16 25 15 -17 -18 -19 -20 -21 -22 -23 -24 -25 -26 -27 -28 -29 -30 -31
leaf_value=-0.016152924553740775 0.023700035188755096 -0.0058699372543686958 -0.004113936045073755 0.028654990649120627 -0.010672990669104331 0.0013817577008214603 -0.006931168761215291 0.012319906125917365 0.021982904969566803 0.0026645628802197331 0.022433973648165167 0.0010646556721458104 -0.0041603886027705844 0.00071638170030039004 0.013223006577588653 -0.0096742869992696087 0.0083013761925043936 -0.012643383758725665 0.016705838097402167 -0.008140770826093234 0.0060253853632185935 -0.0041467582765757436 0.0097911156657245601 0.014468573968556537 -0.0061309227133443276 -0.020955131529930348 -0.00068893442114322868 0.0076611775352058813 0.011627730254223726 -0.0051414988705983109
leaf_weight=42.84843555954285 34.899115498177707 24.305833035032265 36.546043163398281 14.748427676036952 4.0913312929915326 23.13318347313907 42.612178861629218 13.200406583957372 16.046523619443178 67.987850752542727 10.216883715474976 26.770741785876453 16.863556706812233 2.5232322011142996 13.119447108241731 11.923094564583151 212.22656433680095 6.4580808700993648 12.179527581902219 254.31502333300887 16.768722740933299 13.243901853449644 17.069222252350301 29.844792510848492 10.129220414673908 26.746936338604428 118.60267156898044 9.8709542914293689 20.345310885342769 199.3514434415265
leaf_count=10590 304 3878 1094 96 689 541 2232 202 687 2152 377 3535 387 681 2934 3021 4033 686 585 62957 150 199 217 347 271 7412 7184 264 381 40056
internal_value=2.67425e-05 -0.00625357 0.00571245 0.00460025 0.00455247 0.0105797 0.00324146 0.0144386 0.0111444 0.000198736 0.0055358 -0.00744475 0.0058645 -0.00938213 -0.00844063 0.00225323 0.00735692 0.00276203 0.00942833 -0.00935642 0.0162056 0.00411312 0.0194593 0.0197519 0.00390625 -0.0190259 -0.00238993 -0.00143783 0.00639733 -0.00439209
internal_weight=1348.99 640.68 708.309 629.896 63.0813 114.97 514.927 78.4126 38.7755 239.42 78.2047 577.598 275.507 351.476 322.206 25.0425 229.09 22.7289 16.2709 297.163 61.3619 26.4443 51.9683 44.5932 53.6077 29.2702 161.215 46.417 43.4785 226.122
internal_count=158142 137711 20431 19509 6525 1786 17723 922 2647 11945 2529 131186 5778 87595 79502 5955 4420 1960 1274 73547 593 401 521 443 1193 8093 9416 1358 922 43591
is_linear=0
shrinkage=0.03


Tree=24
num_leaves=31
num_cat=0
split_feature=59 63 14 14 14 16 72 54 46 57 44 59 73 70 46 45 45 46 53 53 44 24 43 45 41 43 40 70 34 54
split_gain=49.0083 8.57274 7.02542 6.70083 4.83317 5.48107 4.63435 4.32366 7.77508 3.8691 3.96259 3.35114 3.49866 3.09969 2.755 4.2391 5.90326 4.00754 2.59508 2.4347 2.42062 2.36489 2.34623 3.45431 2.51515 2.11628 1.80699 2.46803 1.69624 3.34999
threshold=0.90179360784418805 0.28387054992228561 0.33660500814243272 -0.35275334335723491 0.44883151252855108 0.059630782589706229 1.1479901422317351 0.65055136033837868 0.034133762393146715 0.95933218432826739 0.15576978428121704 0.97481634163099218 0.8064075266067573 0.90750984764471598 0.0071080678410755356 0.0053649681271666092 0.0044354796085307137 0.0057604119973242102 0.014656032632865643 0.01289134570937352 0.091090520008495171 -0.25396239000876281 -0.027805872081546553 0.012310979767650991 -0.0095484229702992845 0.038620292262384955 -0.0014825631025037055 2.4506067413423991 0.0012640035985605291 0.81184718771275188
decision_type=10 10 10 8 10 10 10 10 10 10 10 10 10 8 10 10 10 8 10 10 10 10 10 10 10 10 10 10 8 8
left_child=1 2 13 7 6 18 -5 21 -9 14 -11 25 -13 -1 15 16 -3 -17 19 -6 -4 -2 24 -24 -16 -8 -7 -28 29 -15
right_child=3 9 20 4 5 26 11 8 -10 10 -12 12 -14 28 22 17 -18 -19 -20 -21 -22 -23 23 -25 -26 -27 27 -29 -30 -31
leaf_value=-0.005083750272769496 0.023061376073240381 -0.0037401240116880065 0.0036791087809365289 -0.00054322259978561993 0.017235792603562804 -0.0082706735279014145 0.0044440392311759424 -0.016021881365104546 0.016756324046687806 -0.0029435626422137837 0.024415370029515816 0.013219280366166366 0.00045210276103022307 0.0024266991843991613 -0.010600482684503211 -0.014496956861459005 -0.018045153559276682 0.0038886650886932887 0.022186823338115114 0.00095155896001306961 0.023070765287107116 0.010515714542097095 -0.010283603071704129 -0.020942311887419653 0.0036706309317951318 -0.0050032211578111812 0 0.012681967387668887 -0.00084129921109559174 0.029086822900856926
leaf_weight=161.21165367186768 34.947995404712856 67.919178465148434 12.114073816861493 177.15280254581012 16.676995195448399 8.9568656061310303 124.88630137685686 10.403291031601841 14.14191998564638 20.986408249998934 5.063146509230136 75.336469417670742 26.619967820122838 19.135567045654174 24.031659833388403 12.302513834089039 42.484133958583698 52.81900466105435 31.276489640586078 16.525020070374012 11.903706078650428 28.346637843642384 158.98280113009969 34.929492496768944 18.874895451474003 24.550944531336427 32.361346738762222 23.710612587397918 49.062523121130653 4.6553133560810229
leaf_count=31937 298 16378 581 5855 149 205 3523 262 257 3584 94 1015 563 1850 6017 2961 9922 12513 390 178 262 323 39536 8322 4484 930 880 454 4451 77
internal_value=3.94219e-06 -0.00551014 -0.00115197 0.00595381 0.00471663 0.00978812 0.00315782 0.0136384 0.00266276 -0.0080605 0.0029692 0.00576959 0.00995178 -0.00276691 -0.00877005 -0.00582924 -0.00938432 0.000203234 0.015936 0.00948345 0.0139479 0.0177404 -0.0109034 -0.0123165 -0.00431358 0.00284907 0.0034978 0.00554222 0.00231865 0.00872732
internal_weight=1342.37 696.476 258.083 645.894 558.054 129.507 428.546 87.8398 24.5452 438.393 26.0496 251.394 101.956 234.065 412.344 175.525 110.403 65.1215 64.4785 33.202 24.0178 63.2946 236.819 193.912 42.9066 149.437 65.0288 56.072 72.8534 23.7909
internal_count=158251 142969 39158 15282 14142 2256 11886 1140 519 103811 3678 6031 1578 38315 100133 41774 26300 15474 717 327 843 621 58359 47858 10501 4453 1539 1334 6378 1927
is_linear=0
shrinkage=0.03


Tree=25
num_leaves=31
num_cat=0
split_feature=59 32 69 14 69 16 38 7 36 53 44 16 38 53 53 70 70 10 54 53 44 60 54 34 71 45 34 59 41 41
split_gain=49.8625 9.23208 7.07112 5.77082 5.72962 6.72007 4.64163 4.34111 4.35942 3.22865 2.95132 3.86774 2.90576 3.33806 5.53499 2.82798 3.61643 2.75884 2.69251 2.50735 2.56839 2.49613 2.90814 2.39127 2.38063 3.14869 2.15631 2.01965 1.72242 1.7571
threshold=0.90179360784418805 0.19393925181185448 -2.3446244291868226 0.32969390002533178 1.7889566112783 0.078628997251808844 1.2968780337584414 0.016408336087127488 -0.28722226067580137 0.019656344513484667 0.15576978428121704 0.040766195111501931 0.78974514699402976 0.014853279802050765 0.012797159158465335 0.90750984764471598 -0.63275353886794572 2.0876939073984579 0.56140996490292094 0.017194055094707238 0.087426539331118117 0.98274000148953611 0.48367932063008001 0.0098846981988663547 0.33339238159830448 0.017937732423117535 0.0018089123930932506 0.86292912896318308 0.030117361374297661 0.027173147263614975
decision_type=10 8 8 10 10 10 10 10 10 10 10 8 10 10 10 10 10 10 10 8 10 10 10 10 10 8 10 10 10 10
left_child=1 9 12 15 6 21 7 17 -9 19 11 -5 -2 14 -14 16 18 -4 -3 24 -21 22 -6 -7 25 -1 -17 28 29 -11
right_child=2 3 4 10 5 23 -8 8 -10 27 -12 -13 13 -15 -16 26 -18 -19 -20 20 -22 -23 -24 -25 -26 -27 -28 -29 -30 -31
leaf_value=-0.0086529718375520492 0.020305420962037388 -0.0041980807615492055 -0.00063142829530826673 0.016697413710280121 0.0050353324104507203 -0.0032369130742975296 -0.0061408892770515771 0.017544382351219606 0.0052097176066798626 -0.014200275692234294 0.028151776584012238 -0.0037294627469363554 0.014539789195580247 0.015345258410097961 -0.014039691240305692 0.016471554158437467 -0.012562091059714932 0.0070106665446597024 0.012612439548760434 0.0030824024562829525 -0.011430663129954041 0.02422064662746232 0.018346628800981507 0.008295213019014841 -0.0031977579130802454 0.012297998633298014 -0.0054506089690949883 1.7767665049876654e-05 -0.026371611350620026 0.009611275125468657
leaf_weight=343.19406506873202 37.833835346624255 25.574604788562283 160.27390460774768 16.408948714321014 30.992932138033211 32.002631820039824 43.247180321253836 32.982142781838775 119.71894529997371 26.420733085018586 6.9431733014062038 15.07727934967261 11.096109641715886 29.993791304528713 11.299104880541561 10.094645336852407 30.436662269232329 56.535053349798545 11.61613395414315 44.626858965842985 13.432423913152887 22.262859832961112 30.8273692172952 30.503620085772127 114.36047729424899 5.6237121947342521 5.4627641771221525 7.0169291945639989 12.538632260984739 2.255940285511314
leaf_count=86827 290 2388 5709 473 361 763 1717 469 2708 7761 96 2053 132 307 184 336 5011 1381 860 9702 3206 165 329 699 17708 1376 500 466 3250 626
internal_value=0.000183863 -0.0054192 0.00614881 0.00205121 0.00486642 0.00995305 0.00303298 0.00412845 0.00799023 -0.00702062 0.0115229 0.00700989 0.0139257 0.00896827 8.51667e-06 -0.00237373 -0.00506142 0.00137059 0.00116672 -0.00629995 -0.000361194 0.0154491 0.0119073 0.00238563 -0.00703553 -0.00827243 0.00872842 -0.0144617 -0.0169399 -0.0119652
internal_weight=1340.65 691.084 649.569 121.614 559.347 146.589 412.757 369.51 152.701 569.47 38.4294 31.4862 90.2228 52.389 22.3952 83.1848 67.6274 216.809 37.1907 521.238 58.0593 84.0832 61.8203 62.5063 463.178 348.818 15.5574 48.2322 41.2153 28.6767
internal_count=157853 142639 15214 11717 14301 2317 11984 10267 3177 130922 2622 2526 913 623 316 9095 8259 7090 3248 118819 12908 855 690 1462 105911 88203 836 12103 11637 8387
is_linear=0
shrinkage=0.03


Tree=26
num_leaves=31
num_cat=0
split_feature=59 32 59 69 13 3 55 53 75 40 57 30 27 23 9 42 44 44 53 43 41 24 50 26 7 58 50 48 40 44
split_gain=41.7321 8.06783 7.85504 5.23748 4.78929 3.84263 3.83377 3.52518 3.36055 3.33509 3.91722 3.26111 3.82468 2.8936 2.69174 2.41157 2.95879 2.45282 2.82118 2.31606 2.27775 2.15474 2.13653 2.08731 2.07148 2.72264 2.03251 1.99882 1.77879 1.73838
threshold=0.89379644373673051 0.23307934719532422 0.97481634163099218 2.2046455762204746 1.0000000180025095e-35 0.033227675604162073 0.87090053763440867 0.019858296365560999 -0.7592631934669154 -0.0030871975767468225 0.95183240791908996 0.71202750788693769 -0.01575548273825866 -0.063902278468942517 2.0657742780898629 0.024424351612015619 0.061421842166587422 0.1062109515439026 0.016926752438845592 0.045505096983081479 0.0083481539330804173 -0.044098073483441809 0.036374677705069532 0.73015363402992917 0.0041826112514800886 0.74203807299954483 0.037626038984589501 -0.026485031438137348 0.013296053318210536 0.042522476688261264
decision_type=8 10 10 10 10 10 10 10 10 10 10 8 10 10 8 10 10 10 10 8 10 8 10 8 8 8 10 10 10 10
left_child=1 7 3 5 11 24 21 15 -3 -6 19 12 27 -12 23 17 -17 18 -1 -11 29 -5 -18 -13 -2 -26 -22 -4 -9 -7
right_child=2 8 4 6 9 20 -8 28 -10 10 13 14 -14 -15 -16 16 22 -19 -20 -21 26 -23 -24 -25 25 -27 -28 -29 -30 -31
leaf_value=-0.0073301231362998438 0.017630059197724562 0.021506918973681559 0.02234115400013028 0.019953993995984274 0.014796887340561102 -0.00453866717843224 -0.00031901046319386179 -0.01720756658257238 0.0017287965571792382 -0.00094582619724462426 0.021553858636536465 0.019116933204055938 0.0011487893512866932 0.0041136463683475611 -0.0077381177570525058 -0.005695092507168288 0.015805104894350001 -0.017282571542017171 0.00014576324450731661 -0.019185154344817282 -0.013515073350539933 0.0043753719473382836 5.1193357614687487e-06 0.00015890978486723031 -0.004516823495550013 0.00364651495862658 -0.0009424707272777847 0.012752450966015317 0.00079758685968522945 0.0065653506161633748
leaf_weight=359.14073083637049 7.4412748129107049 9.93529264628887 44.132747294846922 29.408340170048177 22.709244507597759 26.099541457137093 19.390264304820448 37.507763145957142 28.463651954312809 44.299748888122849 10.270858131349085 10.232130479067566 15.60131013789214 41.758626640308648 10.598727096570657 56.654242732794955 10.693148011981974 19.332711201626807 51.047090191685129 6.4103751298971465 28.344636080204509 12.491051448509095 23.695292815566063 10.414082003757356 41.90448199515231 249.927514025243 20.264492639573291 50.136243737768382 5.2039189166389397 22.765809213509783
leaf_count=84208 219 245 428 304 322 1708 612 9959 3326 1000 81 138 265 695 180 13377 2382 4716 11453 170 2075 174 5512 182 2541 7820 926 542 1145 1161
internal_value=4.21873e-05 -0.00579029 0.00489063 0.0024894 0.00898072 0.0012079 0.0105843 -0.00670201 0.0073383 0.00462347 0.00222489 0.0127733 0.0152025 0.00795452 0.00393195 -0.00598988 -0.00149288 -0.00693043 -0.00639438 -0.00363594 -0.0039259 0.0155899 0.00531071 0.0101421 0.00289749 0.00245267 -0.00845885 0.0174604 -0.0149772 0.000602323
internal_weight=1326.28 601.674 724.602 458.037 266.564 396.748 61.2897 563.275 38.3989 125.449 102.74 141.115 109.87 52.0295 31.2449 520.563 91.0427 429.521 410.188 50.7101 97.4745 41.8994 34.3884 20.6462 299.273 291.832 48.6091 94.269 42.7117 48.8654
internal_count=157866 136323 21543 17540 4003 16450 1090 132752 3571 2268 1946 1735 1235 776 500 121648 21271 100377 95661 1170 5870 478 7894 320 10580 10361 3001 970 11104 2869
is_linear=0
shrinkage=0.03


Tree=27
num_leaves=31
num_cat=0
split_feature=58 69 63 69 69 44 63 59 46 72 44 54 72 50 9 41 42 54 50 58 7 38 41 53 51 42 53 17 57 69
split_gain=36.6746 6.78403 5.75274 6.3906 5.08821 4.08091 3.79321 3.52046 2.94244 2.82001 3.25042 2.54076 2.49382 3.58119 2.39967 2.16257 3.49033 2.10553 2.49977 2.04861 2.00607 2.54466 1.99791 1.9895 1.82351 2.01373 1.81711 1.75751 1.73151 1.71459
threshold=0.78897105791116762 1.6493751581776175 0.18407474908232155 1.7889566112783 -2.3446244291868226 0.15576978428121704 0.23227040277249486 0.97860960120060769 0.012026607345245589 1.7189232035382791 0.00083595413199644153 0.57253979244754216 0.81533841018807685 0.057981836503925195 2.0361841111359946 -0.009114559424345468 -0.019649725780291668 0.58346599610030381 0.032903037304576117 0.97870072131742514 0.0087282507599845665 0.83859535715262934 0.0057156386665291334 0.010900370658205363 0.065313084626389364 -0.015890011651909727 0.019447971045763061 -0.18518551978914174 0.98578678738105852 -1.792133019482939
decision_type=8 10 10 10 8 10 8 10 10 8 10 8 10 10 10 10 10 10 10 10 10 8 10 10 2 10 10 2 10 8
left_child=1 6 3 4 7 8 29 22 -6 10 -3 24 28 15 -9 16 -14 18 -13 -5 27 -22 -2 -17 -8 -26 -19 -12 -4 -1
right_child=2 9 12 19 5 -7 11 14 -10 -11 20 17 13 -15 -16 23 -18 26 -20 -21 21 -23 -24 -25 25 -27 -28 -29 -30 -31
leaf_value=0.0072464519769789588 0.009485101358352831 -0.010776533456616579 -0.0047793363437663248 0.02096291933558251 0.0027229884674063922 -0.023594349193215659 0.022861082978689998 0.022894362082493874 0.010452943248650351 -0.019388740164098136 -0.010390695548025972 -0.021111065421550175 0.0086141199876305224 -0.01814793127905668 0.008186477959094992 -0.012381605643537586 -0.011671216353251069 -0.0063719834480613583 -0.00024526657323069393 0.0076862417213275315 0.028794933228787224 0 -0.0064221475834650814 0.0064111156777956089 -0.012992509269664032 -0.0053052393230450618 -0.015799184648362125 0.009971346688553458 0.0047788090504406449 -0.0031427442890996486
leaf_weight=15.464934492250903 17.865539327031005 5.7643798593198872 80.313978303631302 32.456162667949684 282.7852327854489 3.8931549780536434 0.94133152882568438 27.505436958745122 52.451265081530437 2.6001393148908383 3.963831814529839 29.585807296680287 12.103385912021624 5.7940217352006576 19.118001628667116 4.2724287963937959 17.16394145967206 79.898890512413345 6.5983121800236395 18.947465698700398 9.1045587324770132 3.6837926627486022 10.311739899218081 127.65487219631905 35.66581241262611 249.32125246524811 25.306504508829676 15.313481040764602 20.429134594043717 103.75027404626599
leaf_count=816 290 833 9934 281 12199 320 248 189 1883 122 413 5528 691 397 184 239 974 18972 1721 190 179 372 231 6237 8538 58334 6369 1590 608 19284
internal_value=-3.6542e-05 -0.00562187 0.00443309 0.00644663 0.00517104 0.00357515 -0.00650294 0.0122242 0.00396883 0.00608543 0.00836782 -0.00782289 0.000911319 0.00316165 0.0172249 0.00405327 -0.00317574 -0.0111502 -0.0174957 0.0163664 0.0121219 0.0210126 0.00354029 0.00569138 -0.00613398 -0.00631985 -0.00879529 0.00533057 -0.00278369 -0.001721
internal_weight=1320.03 586.963 733.066 465.334 413.93 339.13 546.533 74.8007 335.236 40.4302 37.83 427.318 267.732 166.989 46.6234 161.195 29.2673 141.39 36.1841 51.4036 32.0657 12.7884 28.1773 131.927 285.928 284.987 105.205 19.2773 100.743 119.215
internal_count=158166 123319 34847 15767 15296 14402 119810 894 14082 3509 3387 99710 19080 8538 373 8141 1665 32590 7249 471 2554 551 521 6476 67120 66872 25341 2003 10542 20100
is_linear=0
shrinkage=0.03


Tree=28
num_leaves=31
num_cat=0
split_feature=71 57 32 7 30 53 60 37 46 66 56 46 14 40 57 68 31 27 5 57 26 41 52 53 44 46 41 53 41 11
split_gain=34.4546 8.51016 6.29406 5.61136 3.46652 3.32618 3.14871 3.00806 2.74053 2.62337 2.41247 2.34667 2.25761 2.21725 2.19099 2.29356 2.09522 2.05013 2.0231 2.249 1.92751 1.92209 3.96468 3.5178 3.51558 2.99266 2.3275 2.21653 1.14621 1.08524
threshold=0.64763619336835376 0.0085745007398149112 0.2803473246804839 0.0084802528375248123 0.67026072120318514 0.019858296365560999 0.92894269776876282 0.35910137956350391 0.010245030462431805 0.33978521478521484 0.92099640125955917 0.0084702597343813812 0.24998182083102452 0.001035783833806189 0.98578678738105852 -1.0014192796686672 -0.060429783406092334 -0.010445942787195349 0.0090263736118525468 0.97080288796103009 0.73015363402992917 0.0083481539330804173 0.60809578262408459 0.017392014665839839 0.061421842166587422 0.013664586086939835 0.0084451204967276334 0.010900370658205363 -0.0038749227587807074 -0.070424951606078631
decision_type=8 8 10 10 10 10 10 10 10 10 10 10 10 10 10 10 10 10 8 10 10 10 2 10 10 10 10 10 10 10
left_child=2 4 5 13 8 21 14 11 9 -2 12 -8 -4 18 15 -5 -16 -9 28 -20 -6 23 24 27 -23 -25 -24 -1 -3 -7
right_child=1 3 10 6 20 29 7 17 -10 -11 -12 -13 -14 -15 16 -17 -18 -19 19 -21 -22 22 26 25 -26 -27 -28 -29 -30 -31
leaf_value=0.0021006544299747229 0.017679590434101906 -0.0059821417484334834 -0.0025234293747814439 0.0039455834136235979 0.012607110566944824 0 0.0068603856127227242 0.011978357309962044 0.025284913064901111 0 -0.0036683911947062394 -9.1326126753233085e-05 0.025383302841112468 -0.013418256407460926 -0.00048655763385906271 -0.0015238456420077825 0.014000773852877161 8.9335413520051735e-05 -0.0052114472159909032 0.0055226224001623265 -0.0031512174197490324 -0.00026528707442781402 0.024733931916295648 0.0095919216498220848 0.020744712452719822 -0.0144316204329939 -0.0064863068356215813 -0.0094262187051758154 0.011772162289576846 -0.01707674957947564
leaf_weight=15.206517799873835 18.445970579516146 3.309726262465122 3.0866416629869518 122.57418130722363 11.240182768786328 3.7366226594895116 96.011175923864357 89.444262215227354 22.50484423013404 12.640202607843092 6.2893079394125371 77.954189470794518 8.6674378470052016 14.791483195731415 13.667000910500063 154.47471289767418 22.900007771677338 15.868936799932269 83.353637790190987 21.063543119118549 15.088053356390445 27.294893110403791 1.1846784984227259 17.136106549762193 8.5806451262906176 5.2562382551841429 130.75710804504342 241.68668599793455 13.41283524467144 34.38494792196434
leaf_count=3628 196 292 450 5101 148 961 2323 1807 185 189 709 2303 227 996 365 8542 329 484 7787 680 251 6840 325 4422 2156 1253 33011 61817 783 9500
internal_value=-0.000145149 0.00368618 -0.0063031 0.00265211 0.01293 -0.00695931 0.00391372 0.00623025 0.0172679 0.0107633 0.0106252 0.00374545 0.0181965 -0.00281719 0.00182805 0.000890681 0.00863743 0.0102328 -0.00139895 -0.00298581 0.00368177 -0.00619554 -0.00359169 -0.00773105 0.00510478 0.00344867 -0.00599948 -0.00872677 0.00794969 -0.015453
internal_weight=1312.01 808.745 503.268 728.826 79.9193 485.224 592.894 279.279 53.591 31.0862 18.0434 173.965 11.7541 135.931 313.616 277.049 36.567 105.313 121.14 104.417 26.3282 447.103 167.817 279.286 35.8755 22.3923 131.942 256.893 16.7226 38.1216
internal_count=158060 32761 125299 31792 969 123913 21254 6917 570 385 1386 4626 677 10538 14337 13643 694 2291 9542 8467 399 113452 42332 71120 8996 5675 33336 65445 1075 10461
is_linear=0
shrinkage=0.03


Tree=29
num_leaves=31
num_cat=0
split_feature=70 63 57 72 63 66 73 30 57 3 49 26 46 46 46 51 54 78 14 14 53 78 47 16 64 30 47 30 32 30
split_gain=35.2917 7.2594 6.78039 5.58438 4.05761 3.64696 4.01792 4.81318 3.38723 3.61576 2.98709 2.75458 2.74122 2.29485 4.21343 2.4219 2.22991 2.18459 2.19729 2.13817 2.12386 1.99584 2.0189 1.93764 1.93313 2.89885 1.96065 1.76569 1.72022 1.60317
threshold=0.85447281087145488 0.016931235890636762 0.96719734942567903 2.4202603413856472 0.23227040277249486 0.24439881359799229 -0.66870960126836421 0.67377663249241382 0.98274000148953611 0.035859272162012575 0.024855111324049054 0.57535297391564499 0.0071574745760132038 0.0057736637568546563 0.0044955487679037938 0.28050519827748305 0.66123078303459581 2.0431398716923481 0.60315287854408983 -0.35275334335723491 0.014460730104495464 -1.8854992265588837 -0.013118174139542081 0.10119243485287112 0.48383613181913193 0.57987755767421945 -0.021184191738708221 0.44390383991419818 -0.10835900045252848 0.54132842243837032
decision_type=10 10 10 10 8 10 10 10 10 10 10 10 10 10 10 2 10 8 10 8 10 10 10 8 10 10 10 10 10 10
left_child=2 5 4 8 19 24 7 20 17 -10 11 -5 13 14 -6 -15 21 18 -3 -1 -7 -4 -23 -24 25 26 -2 -13 -9 -11
right_child=1 3 16 10 12 6 -8 28 9 29 -12 27 -14 15 -16 -17 -18 -19 -20 -21 -22 22 23 -25 -26 -27 -28 -29 -30 -31
leaf_value=0.011732763602796551 -0.012047741833646699 0.0019637884754045562 -0.0093392980069745852 -0.0030496751530197674 -0.0025665119945977302 0.0085574532342575296 -0.0065238258111379281 -0.0060530083957957091 0.015946101220439303 0.00446133364069317 -0.0041266032011204132 0.0039097897830056415 -0.0088305205342497761 0.01922223363929184 -0.013030614844388212 -0.0016519821191899983 0.021292567224321705 -0.0078414273593106591 -0.011112591528539646 -0.0021135655807698337 0.025083501120708864 -0.004892080090683721 0.016993278684697622 -0.0023376321190200313 0.027748520502780673 0.019893350514174776 0.012808586710057905 0.015883699585316831 0.0073141950579526478 -0.012114152056537618
leaf_weight=9.6558690679958072 5.0758455402683467 277.9125259591965 7.5374153814045703 9.3027725381543842 93.875837694853544 13.745550069725139 13.592190576717256 11.278509609168394 28.649999138200656 25.891751986811872 11.172950143460183 15.218122670776209 251.90405274479417 4.3087030809838316 55.403029954526573 84.136134389962535 6.9537679847562677 23.852265651687048 11.024136306019498 163.07908244634746 20.048059829510748 8.2986886735889147 15.676901284838094 5.8172418008907725 15.103149638511239 17.936178434174508 4.3812110037542897 62.880087031866424 27.871393972542137 5.4934354696888468
leaf_count=418 303 13566 242 179 16338 168 223 249 299 727 236 328 60343 1041 12375 19250 306 2336 386 24187 203 1007 804 520 127 249 113 954 602 154
internal_value=5.98567e-05 0.00540514 -0.00447895 0.00365529 -0.00524315 0.0116976 0.00794871 0.0107378 0.0019537 0.00842322 0.00997659 0.0118397 -0.00663709 -0.00427299 -0.00653097 -0.000397991 0.00674834 0.000679529 0.00141792 -0.00125921 0.0188869 0.00347599 0.00701362 0.0117568 0.0189043 0.0131168 -0.00012188 0.0136673 0.00333373 0.00118297
internal_weight=1307.08 600.43 706.647 471.398 662.363 129.032 86.5357 72.9435 372.824 60.0352 98.5739 87.401 489.628 237.724 149.279 88.4448 44.284 312.789 288.937 172.735 33.7936 37.3302 29.7928 21.4941 42.4964 27.3932 9.45706 78.0982 39.1499 31.3852
internal_count=158233 21402 136831 19165 133952 2237 1445 1222 17468 1180 1697 1461 109347 49004 28713 20291 2879 16288 13952 24605 371 2573 2331 1324 792 665 416 1282 851 881
is_linear=0
shrinkage=0.03


Tree=30
num_leaves=31
num_cat=0
split_feature=59 32 69 69 55 44 14 53 17 0 71 53 44 42 30 48 32 33 71 60 32 77 53 28 18 5 7 11 78 25
split_gain=27.9584 6.4657 4.67805 5.14457 5.03182 4.0282 4.20616 3.74057 3.49447 2.9318 2.77517 2.6638 4.65743 2.66722 2.64887 2.90863 2.6431 3.55106 3.12706 2.50963 2.18042 2.17421 1.90386 1.55663 1.50389 1.40223 1.43732 1.42265 1.35754 1.25799
threshold=0.89016505466778817 0.23307934719532422 -2.3446244291868226 1.2915360392881925 0.70637424090174339 0.095771384149618291 0.34385068010322167 0.019656344513484667 -0.88966298838986158 -0.010788797450936026 0.2820541605904448 0.018097690716036615 0.01915309540888133 0.01729465817500642 0.64250630764093508 -0.020700671948373158 -0.24621384492139956 0.034161766758937819 4.672238715197806 0.98581558827635496 0.20498993656134371 -1.3892708737004058 0.013821985815533759 -0.21557252363352661 66.986968320145635 0.0079168296358348329 0.014575759294426897 0.00093608514332399484 -0.19296087945854976 1.0000000180025095e-35
decision_type=10 10 8 10 10 10 10 10 2 10 8 10 8 10 10 8 10 8 10 10 10 10 10 10 8 8 10 10 10 10
left_child=1 7 9 16 8 -3 -7 10 -5 28 11 13 -13 -1 15 -11 19 18 -18 22 -10 -19 -4 -9 29 27 -27 -12 -2 -6
right_child=2 5 3 4 24 6 -8 23 20 14 25 12 -14 -15 -16 -17 17 21 -20 -21 -22 -23 -24 -25 -26 26 -28 -29 -30 -31
leaf_value=-0.0082911414363711806 0.02343634669933049 -0.0064334450118183426 -0.0093811335397450887 -0.0024024448816868573 0.00071888312258034021 -0.0022629611368878162 0.02214975361042686 -0.0022221729582566898 0.01796623928170132 0.020079047960583376 0.017898945536261691 0.017209133872720099 -0.0091112440796682279 -0.0025277858276053274 -0.0030510313760491936 0.0015495527397517085 0.0024989483348242724 0.011176732845331759 -0.016955926847692798 0.021731652752885855 0.0081859730517842653 -0.0069948548779494354 0.0080922348896485113 -0.016257141462437584 0.0051641163997473453 -0.0036442290835523058 0.0030950715703462338 -0.0032096040000470427 0.010116582071526756 -0.011301622894565457
leaf_weight=259.50381146324798 17.625106340274215 12.388379457814152 6.336973906960341 13.296349791809915 22.550672250334173 9.2249047018121946 17.005525602726266 9.8242230280302447 50.198643088340759 15.030939333140848 5.5675143972039205 10.848916239861863 11.314644572325053 103.93072885909351 18.151788091287017 15.611133286729457 284.24335913051618 5.4889087930787346 6.612491507548838 9.1066282819956523 41.770704064518213 66.039666619384661 22.397379867266864 36.823440161067992 41.811629561474547 124.40628284035483 35.548475586110726 4.2811979715479538 16.916665507480502 10.604149486403911
leaf_count=66460 131 1529 164 183 589 1375 621 2292 546 136 304 2513 2899 26754 269 200 8095 140 127 129 590 3491 588 10091 1133 21777 3864 425 201 324
internal_value=-0.000109691 -0.00457885 0.00419966 0.0032263 0.00742412 0.00715685 0.0136861 -0.00534724 0.0116277 0.0108252 -0.00463639 -0.00604351 0.00382963 -0.0066627 0.00580781 0.011081 0.00131464 0.000507241 0.00198979 0.00875729 0.0136923 -0.00542418 0.00395193 -0.0134729 0.00140679 -0.00140681 -0.00211792 0.00899655 0.0174656 -0.00325622
internal_weight=1304.46 640.668 663.793 580.458 180.232 38.6188 26.2304 602.049 105.266 83.3356 555.402 385.598 22.1636 363.435 48.7939 30.6421 400.225 362.384 290.856 37.841 91.9693 71.5286 28.7344 46.6477 74.9665 169.803 159.955 9.84871 34.5418 33.1548
internal_count=157940 140904 17036 16099 3365 3525 1996 137379 1319 937 124996 98626 5412 93214 605 336 12734 11853 8222 881 1136 3631 752 12383 2046 26370 25641 729 332 913
is_linear=0
shrinkage=0.03


Tree=31
num_leaves=31
num_cat=0
split_feature=59 32 57 69 14 68 9 38 14 17 59 29 17 70 54 45 48 49 26 34 7 30 60 66 60 26 29 14 42 44
split_gain=30.3013 5.11609 4.91963 4.16753 3.88671 2.98367 2.79919 2.83612 2.7247 3.37487 2.29264 2.20767 2.67592 2.20678 2.19321 2.53416 1.98617 1.93624 1.90505 1.90502 2.14066 1.86197 1.75486 1.71701 1.68101 1.67468 2.21882 1.84644 1.61772 1.60092
threshold=0.90179360784418805 0.19393925181185448 0.012806844896397137 1.2915360392881925 0.34385068010322167 0.58690138337820363 2.9502219094540405 1.059589530034301 -0.28372556486100187 -0.17077452177002025 0.46865087613074641 2.0093011324749654 -0.88966298838986158 1.7213047724359538 0.57514222579460672 0.017937732423117535 -0.02575869664184632 0.027726036046996642 0.86531721222777802 0.00053609798255788751 0.0042616699028920546 0.67026072120318514 0.91773521836812988 0.045027076366764097 0.98581558827635496 0.52701680270403817 0.99364071036872759 -0.060767435134440544 0.012776128740270233 0.12426041513643817
decision_type=10 8 8 10 10 10 10 10 10 2 10 10 2 10 10 10 10 10 10 10 8 10 8 10 10 10 10 8 10 10
left_child=1 10 8 6 13 -6 25 24 9 -2 14 12 -5 19 29 -16 -7 23 -14 20 -3 28 -21 -13 -8 27 -27 -4 -11 -1
right_child=2 4 3 11 5 16 7 -9 -10 21 -12 17 18 -15 15 -17 -18 -19 -20 22 -22 -23 -24 -25 -26 26 -28 -29 -30 -31
leaf_value=-0.0052596504891171672 0 0.013275600905687811 -0.014997284523992425 -0.0015681633070324715 0.024350675913946754 0.014425132550897635 0.0053037633253330222 -0.00010195792325027433 -0.0014874279733982497 0.023112843394483371 -0.0036776359520694192 -0.007966336815677549 0.015981995574224177 0.012385487754835185 -0.013848464375582636 0.0023446233354916875 -0.0019718399547330109 -0.009740164052818169 0.0064117147846848429 -0.0022113118912973633 -0.0032083427417903942 0.0061912601589351815 -0.018502016204337484 0.0068655646403088764 0.020227423797419434 0.003198736161312925 -0.002531974427274093 0 0.010988257493137987 -0.021650146876353429
leaf_weight=189.11330717825331 14.661573478486387 7.5213980172993606 11.272902261407578 13.963257928146048 8.2712108972482365 9.508936118858399 13.752427785191687 21.478119544917718 12.966868199408053 30.791280875913799 286.06394812616054 6.9689507933799169 51.390747628640383 7.2580745947780079 68.501728512812406 9.2861301425145921 16.887398288701664 7.9607583575416347 34.457232251530513 12.637990523769988 40.930811898666434 16.488502060994506 11.741883480863178 56.802771009854041 16.469021932920441 191.34030195488594 87.499314104323275 18.745159699115906 20.852103805169463 4.7867411270271978
leaf_count=47978 214 344 392 188 213 507 314 507 288 249 61692 200 561 338 17775 2725 1745 214 488 2037 4663 206 1840 1450 222 4981 3884 643 214 1257
internal_value=1.22615e-05 -0.00440714 0.00475019 0.00360184 0.00133082 0.00959085 0.00175041 0.00814627 0.0109969 0.0129824 -0.00559337 0.00744317 0.0103281 -0.00228178 -0.00757858 -0.0118721 0.00413638 0.00330095 0.0122933 -0.00393203 -0.000372112 0.0157551 -0.0105953 0.00510046 0.0139198 0.000647295 0.00138711 -0.00595133 0.018576 -0.00578868
internal_weight=1300.37 672.51 627.861 532.101 114.758 34.6675 360.557 51.6996 95.7603 82.7935 557.752 171.544 99.8112 80.0902 271.688 77.7879 26.3963 71.7325 85.848 72.8321 48.4522 68.1319 24.3799 63.7717 30.2214 308.858 278.84 30.0181 51.6434 193.9
internal_count=158329 143114 15215 14044 11687 2465 10943 1043 1171 883 131427 3101 1237 9222 69735 20500 2252 1864 1049 8884 5007 669 3877 1650 536 9900 8865 1035 463 49235
is_linear=0
shrinkage=0.03


Tree=32
num_leaves=31
num_cat=0
split_feature=71 69 60 7 32 53 69 43 43 55 6 53 52 44 53 44 38 32 8 67 65 41 75 6 44 41 41 44 36 44
split_gain=25.1342 6.5319 4.71939 5.87808 4.70178 3.06675 2.83287 4.96649 5.08138 2.64289 2.5906 2.57342 3.41735 2.63149 3.17266 3.1545 2.49707 2.46788 2.34919 2.05041 3.39398 1.73969 1.67434 1.41941 1.29049 1.22409 1.64481 1.27394 1.21722 1.16415
threshold=0.70914014763015676 -2.3446244291868226 0.98581558827635496 0.0098359845487809849 0.2803473246804839 0.019656344513484667 1.2915360392881925 0.0091400810683671691 -0.0013371485254227709 0.83188714049088996 0.051829731077108039 0.017635968449793909 0.57588735318928053 0.074067882119761466 0.010989559495124484 0.11987758949867323 1.5568594782786793 0.013745469210837304 0.015984995161098338 -1.1637468386505827 0.025130917607431389 0.017080045435265204 -0.057302684045244849 0.025630258802715907 0.083866247419492793 0.030117361374297661 0.027173147263614975 -0.089159649383810533 0.066865620914085142 0.040405949497475564
decision_type=8 8 10 10 10 8 10 10 10 10 10 10 2 10 10 10 10 10 10 10 10 10 10 10 10 10 10 10 10 10
left_child=4 10 6 28 5 11 9 8 -8 16 18 13 -13 14 -1 -15 -3 -9 23 20 -5 -14 -21 -2 -6 26 27 -7 -4 -11
right_child=1 2 3 19 24 25 7 17 -10 29 -12 12 21 15 -16 -17 -18 -19 -20 22 -22 -23 -24 -25 -26 -27 -28 -29 -30 -31
leaf_value=0.0037076115201814842 0.0021747079966621761 0.001429348894501485 -0.018283160887681112 0.011949018252973603 -0.0091915251189362765 -0.00085019568016974007 0.0038386784101732217 -0.0023388079404099231 -0.015172427198221308 -0.0094464173525386115 0.021388544991448481 0.013701527809642801 -0.0094456976712699644 0.0018678865079221404 -0.0076967045507976865 -0.013307171618295499 -0.014861351870274382 0.010768813798486638 0.00046090464897731816 0.015908938605515389 -0.0086698938094087463 0.0097707486941230933 0.0050911112643158155 0.015465487078818696 0.012574626344975665 -0.021748006054840719 0.011038263702821941 -0.015514594342213948 0 -0.0012361848260028835
leaf_weight=22.711917852866463 10.449927547946571 368.2186504972633 6.8061553416773659 15.816220041364433 1.9716669827466855 7.8946501837344867 38.091238666442223 14.435360537609084 17.658138469792902 32.201970119669568 17.584094287827611 14.01248346432112 16.35205422714353 67.869895414449275 303.96032320091035 13.989065334200857 7.6464501491282126 84.30236645473633 23.645285695092753 52.687074644607492 11.480558415874837 4.5839538383297613 19.789996524341404 31.82726286817342 15.573177343467249 11.907943311263805 2.270673715742304 20.073327532387342 5.8511751834303141 31.667021416709758
leaf_count=5538 259 18252 246 205 284 2537 1065 396 550 2844 129 3207 4090 16959 79409 3370 417 2030 292 744 226 1229 428 341 1122 3102 630 5564 155 2520
internal_value=1.25463e-05 0.00335081 0.0023989 0.0080127 -0.00522002 -0.00578035 0.00132001 0.00480088 -0.00229131 8.2186e-05 0.0112469 -0.00501203 0.00268025 -0.00568234 -0.00688577 -0.00081851 0.00105142 0.00881818 0.0082177 0.0104757 0.00317111 -0.00484787 0.0131054 0.0123758 0.00960307 -0.0134918 -0.00955239 -0.011651 -0.0105285 -0.00550374
internal_weight=1293.33 790.159 706.652 112.431 503.171 485.626 594.221 154.487 55.7494 439.734 83.5066 443.48 34.9485 408.531 326.672 81.859 375.865 98.7377 65.9225 99.7738 27.2968 20.936 72.4771 42.2772 17.5448 42.1466 30.2387 27.968 12.6573 63.869
internal_count=158140 31099 30078 2004 127041 125635 28074 4041 1615 24033 1021 113802 8526 105276 84947 20329 18669 2426 892 1603 431 5319 1172 600 1406 11833 8731 8101 401 5364
is_linear=0
shrinkage=0.03


Tree=33
num_leaves=31
num_cat=0
split_feature=70 69 57 38 5 67 60 9 52 44 69 53 25 42 75 41 42 42 53 53 53 61 52 60 53 26 18 41 70 42
split_gain=22.0654 5.22502 4.76175 4.63289 3.77467 2.98728 3.19934 2.81549 2.74917 2.48065 2.44884 2.33829 2.24482 2.27307 2.14478 2.04798 2.3691 4.13864 2.21734 2.66395 2.19573 2.04709 2.02742 1.64577 1.55219 1.47663 1.40159 1.38726 1.0831 1.75325
threshold=0.56252707768404975 -2.3446244291868226 0.90572098097046594 1.2773436801191003 0.030558364495882877 0.76402694940682736 0.9445014830025098 3.3869842561602632 0.74868851596150654 0.15576978428121704 1.4014402183754338 0.021231719632595906 -0.092257339942041286 -0.0015008571920669953 -0.53362846651641049 0.0086491656434745118 0.012402299721344769 0.02371055905941322 0.017251240471833355 0.01544344657314217 0.019447971045763061 0.67492267975359777 0.61049359953642746 0.98274000148953611 0.011136522128909738 0.47576863343437109 73.883520293723038 0.022339254620963315 3.0997350581075223 0.016415795833337524
decision_type=8 8 10 10 10 10 8 10 2 10 10 10 10 10 10 10 10 10 10 10 10 10 2 10 10 8 10 10 10 8
left_child=2 8 11 4 7 6 -6 21 12 14 28 15 -2 -14 -4 18 22 -18 19 -1 -20 -3 -17 -9 -16 -26 -7 -13 -5 -30
right_child=1 3 9 10 5 26 -8 23 -10 -11 -12 27 13 -15 24 16 17 -19 20 -21 -22 -23 -24 -25 25 -27 -28 -29 29 -31
leaf_value=-0.0061525588670772319 0.01943995425785441 0.0025739170794668929 0.014117583526018003 -0.0039695768013350684 0.0034983898797725003 -0.0025253743668914356 0.013920736969415671 0.0027742941061767996 0.00059885914393807021 0.018062317294408537 0.0041071627988079991 -0.0074938690779876114 -0.00054334412938217931 0.015958728432632019 0.013417483229907795 0.0095270596849091303 -0.011426983514516624 -0.00040125287414559375 0.0062131714666991489 -0.01484095910377616 -0.0097060212336818243 -0.0026712726757262065 -0.0017534473955981211 0.02058822145302491 0.013992607894711373 -0.0045067005871068403 0.0090191813048892643 -0.023341978068430615 -0.019058570344993427 -0.00031496996021939777
leaf_weight=241.57774322613841 30.717476375866681 248.76191831717733 8.1982224023668078 48.669426255684812 45.096165696857497 32.323591676424257 70.002927048830315 9.4726565966848302 19.253992110025138 7.3738756357925004 25.466532555583399 13.989275866537357 15.395295893307777 12.965332978172226 4.6527687105117357 21.657411537482403 50.034462232608348 78.353801501682028 22.027834378590342 37.27908475685399 10.753030724241396 90.116362297849264 37.557723477599211 10.04051000671461 3.1800046311109318 48.921086789399851 12.163844885537399 9.3700896644731966 12.173908302327616 7.3684257195564014
leaf_count=53628 324 11910 232 5657 1500 1121 1090 303 280 229 953 3882 211 151 381 4758 10707 17492 4943 8538 2633 6625 8275 125 386 7826 386 2446 549 262
internal_value=-0.000245489 0.00340031 -0.00447749 0.00244982 0.00356292 0.0073932 0.00992838 0.00183318 0.01066 0.00267932 -0.00364578 -0.00547692 0.0138245 0.00718515 0.000640046 -0.00501225 -0.00249074 -0.00477641 -0.00650776 -0.00737367 0.000769688 0.00116651 0.00241218 0.0126435 -0.0014656 -0.00307885 0.000694094 -0.0146714 -0.00660117 -0.0124967
internal_weight=1284.91 689.988 594.926 611.656 517.978 159.587 115.099 358.391 78.3321 72.326 93.6783 522.6 59.0781 28.3606 64.9521 499.241 187.603 128.388 311.638 278.857 32.7809 338.878 59.2151 19.5132 56.7539 52.1011 44.4874 23.3594 68.2118 19.5423
internal_count=157803 31447 126356 30481 23060 4097 2590 18963 966 9054 7421 117302 686 362 8825 110974 41232 28199 69742 62166 7576 18535 13033 428 8593 8212 1507 6328 6468 811
is_linear=0
shrinkage=0.03


Tree=34
num_leaves=31
num_cat=0
split_feature=58 57 71 69 68 78 63 44 44 53 53 57 44 36 9 53 49 71 47 37 35 38 23 14 9 40 45 60 2 53
split_gain=22.7668 6.27567 5.0662 3.2601 2.81981 2.6788 2.6603 2.55816 3.41286 3.07004 3.19411 2.49577 2.39973 4.52597 3.27191 2.3115 2.19541 2.07686 1.88025 1.86781 1.96036 1.83151 1.82988 2.58822 1.72691 1.65631 1.5965 1.99435 1.569 1.54547
threshold=0.80490309009866301 0.97080288796103009 1.9988914454482816 1.3636163132634282 1.9942943827664117 1.9636663802051564 0.59749732508677167 0.077141766390349323 0.084656299703340113 0.021231719632595906 0.017251240471833355 0.0043243293783250597 0.077141766390349323 -0.016335014706717898 1.5958757133780754 0.010989559495124484 0.017568464436558243 4.672238715197806 -0.008595211709674087 0.48152082879270119 -0.0020763230266276429 0.7783526277391507 -0.0031108549917910895 0.31160910201557007 2.0361841111359946 0.0096357416073785344 0.0055173551960329649 0.54363933496904271 -0.0097841787397409657 0.016333376488109296
decision_type=10 10 8 8 8 10 10 8 8 10 10 8 10 10 10 10 10 10 10 10 10 10 10 10 10 10 10 10 8 10
left_child=1 7 3 18 21 11 -5 9 26 10 15 -4 14 -14 -13 -1 -12 24 19 29 -21 -3 23 -10 28 -11 -9 -28 -7 -2
right_child=2 4 5 6 -6 17 -8 8 22 25 16 12 13 -15 -16 -17 -18 -19 -20 20 -22 -23 -24 -25 -26 -27 27 -29 -30 -31
leaf_value=0.0020025687779782809 0.0023244336318325137 0.020915323704780046 0.014591547699675885 0.0098829150940817675 -0.0030824670380345627 0.01174683299222315 -0.0019534687686786423 -0.00056073436266857802 -0.0026350937918578738 -0.021437110372124576 0.0064445850233358212 0.0025581843591666971 -0.008963750149153276 0.00825769364542581 0.0098410391170477528 -0.0071592950127013786 -0.0069116086455434916 0.010182492738793536 -0.0034481873343567633 0.012439463030249526 -0.0040099042132775977 0.00025857360185168335 -0.0078179981711335046 0.013004983510182175 -0.018518581342968233 0 0.023814892919872363 -6.3478781636840218e-05 -0.011052659974961149 -0.0054905663866281476
leaf_weight=25.811963774613105 68.763037757016718 13.891548851621339 34.122725784778595 55.097163237223867 10.827890185522849 4.3800738815916702 23.604385391343385 8.2430265987059119 68.899152398225851 16.138130512554202 30.720581671979744 89.312483603251167 24.853862422052771 28.285618280991912 155.83705104910769 333.30709723266773 15.919605871895326 6.064030614681541 115.17834586993558 22.986704241717238 8.0668740164255706 5.6514821096207006 50.001934435218573 10.010008539073167 7.7136509006377301 3.7769394868519148 8.1104380032047612 4.4222862662281832 4.4821784307714605 32.768513286893722
leaf_count=5311 5567 462 267 1874 667 127 1744 1805 11407 4494 6731 2009 518 565 2588 75883 3585 99 9985 1361 896 928 11127 967 268 974 1878 1164 179 2575
internal_value=-8.93334e-06 -0.00423951 0.00374751 0.00103373 0.00882098 0.00622445 0.00631531 -0.00494823 -0.00153498 -0.00613504 -0.00552962 0.00690754 0.00597269 0.000130849 0.00722112 -0.00648872 0.00177338 -0.00354607 -0.000650534 0.00176498 0.00808098 0.0153912 -0.00338492 -0.000475613 -0.00903272 -0.0174725 0.00943421 0.0157854 0 -0.000197488
internal_weight=1287.25 605.732 681.517 326.465 30.3709 355.052 78.7015 575.361 149.687 425.674 405.759 332.412 298.289 53.1395 245.15 359.119 46.6402 22.6399 247.763 132.585 31.0536 19.543 128.911 78.9092 16.5759 19.9151 20.7758 12.5327 8.86225 101.532
internal_count=158005 127383 30622 24002 2057 6620 3618 125326 28348 96978 91510 5947 5680 1083 4597 81194 10316 673 20384 10399 2257 1390 23501 12374 574 5468 4847 3042 306 8142
is_linear=0
shrinkage=0.03


Tree=35
num_leaves=31
num_cat=0
split_feature=6 63 8 57 46 57 26 14 57 43 8 63 9 42 15 74 66 5 64 45 46 46 46 42 46 60 43 49 44 43
split_gain=19.3742 5.84155 4.09431 3.69417 3.55546 3.46947 3.17827 2.94708 3.56717 2.94609 2.9066 2.85671 2.82818 4.7011 2.07222 2.04439 2.57534 1.99822 1.75123 1.68952 2.57989 3.87134 3.3489 2.72241 1.62055 2.40404 1.55985 2.078 1.38404 1.36563
threshold=0.020426402610824932 0.1323369911956106 0.009299920255712267 0.97080288796103009 0.032323685809241144 0.9095668413226653 0.52701680270403817 0.31160910201557007 0.0085745007398149112 0.0098298393783823341 0.020516410197288389 0.27987496043051602 2.4591801711154369 0.03108295675117401 -0.037020012199351297 2.239195581214128 0.073119812617750399 0.0079834297258396334 0.25670114488077173 0.017937732423117535 0.0098035601031225307 0.0090042252663953045 0.0076389235364306661 -0.015890011651909727 0.0061687140134705377 0.94820215624986037 -0.030878419575338097 0.024747607308354905 -0.097151723298657608 0.0093529945004973154
decision_type=8 8 10 10 10 10 10 10 8 10 10 10 10 10 10 10 10 8 10 10 10 10 10 10 10 10 10 10 8 10
left_child=5 2 -2 4 12 19 9 8 -8 18 -9 -7 17 -14 -11 24 -17 -3 -4 20 21 22 -1 -23 -5 -26 28 -28 -22 -18
right_child=1 3 6 15 -6 11 7 10 -10 14 -12 -13 13 -15 -16 16 29 -19 -20 -21 26 23 -24 -25 25 -27 27 -29 -30 -31
leaf_value=-0.0039553772704046808 -0.0015850648020769408 0.011315732173749326 0 0.00082340911956643823 -0.015188604165779411 0.015650055501558895 0.013700823618391299 0.019501422948130891 0.0046761841480999836 0.016538209178786921 0.0019774932863503535 -0.00092950420353799619 0.0091590948872244966 -0.019569307245342032 -0.0023042018597742883 -0.013132634108135569 -0.0039255846904431022 -0.002308474401449961 -0.020756284581358801 0.0094919567320739823 -0.019282935529145926 -0.012941716928483293 -0.011650847955704417 0.0085747134481607545 0.006301108722983304 0.022023039138149129 -0.015416223595350569 -0.0024191364183810127 0.0017350633088095047 0.008521533355669934
leaf_weight=272.14371216366999 57.600447147036903 9.0673163640312833 5.9471835928270576 15.554121107328681 14.381019129417835 11.034470710495951 50.497514106798917 33.646114196628332 187.50878887833096 7.9329083918128154 12.144243299029766 40.332462740421761 45.26499809930101 4.7653564222855485 11.708566163782963 8.6749550155363959 10.876349912723525 231.0468236215529 7.5254789933096617 5.8025503118988118 2.4098383088130504 5.3844548854976884 63.140969549072906 29.543206952221226 25.134735545143485 14.334169653709976 49.783170954906382 15.429538902826605 14.70898227801081 22.478396323043853
leaf_count=61981 2205 434 143 268 3578 426 533 434 5560 140 170 7788 1363 225 310 247 305 21503 212 1499 577 1387 16232 7665 793 205 13025 4158 4022 532
internal_value=3.10651e-05 0.00301641 0.00570705 0.000491722 -0.0011274 -0.00450555 0.00704269 0.00806787 0.0066528 -0.00163432 0.0150595 0.00280561 -0.000370378 0.00603408 0.00559317 0.00556238 0.000473921 -0.00173675 -0.0120368 -0.00533577 -0.00555301 -0.00444869 -0.00544385 0.00490634 0.00931784 0.0124882 -0.0103697 -0.0124694 -0.00195905 0.00437932
internal_weight=1285.8 776.089 374.511 401.578 304.526 509.713 316.911 283.797 238.006 33.1141 45.7904 51.3669 290.144 50.0304 19.6415 97.0527 42.0297 240.114 13.4727 458.346 452.544 370.212 335.285 34.9277 55.023 39.4689 82.3315 65.2127 17.1188 33.3547
internal_count=157920 39160 9707 29453 27103 118760 7502 6697 6093 805 604 8214 23525 1588 450 2350 1084 21937 355 110546 109047 87265 78213 9052 1266 998 21782 17183 4599 837
is_linear=0
shrinkage=0.03


Tree=36
num_leaves=31
num_cat=0
split_feature=71 32 71 66 58 69 24 50 53 78 57 53 53 41 53 52 45 14 44 44 10 52 10 55 32 3 14 46 76 11
split_gain=19.3858 5.31122 4.94698 3.11534 3.36761 3.08651 2.90289 2.82754 2.73192 2.50037 2.98333 2.48776 2.05578 2.48847 3.62842 3.41015 2.40222 1.92013 2.05799 1.67081 2.35433 1.58772 1.74376 1.58124 1.92209 1.54717 1.50627 1.21231 1.0992 1.08201
threshold=0.64763619336835376 0.26586613746216742 1.9988914454482816 0.95914193898418276 0.90185970260127835 2.2046455762204746 -0.47483100892088198 0.03975087242924414 0.019656344513484667 -0.38415034069016168 0.0043243293783250597 0.017062658395746989 0.010900370658205363 0.0083481539330804173 0.016926752438845592 0.60545601888554168 0.0039897985847384045 -0.30180265298752351 0.026389213536526793 0.060411507011390649 1.9911894467753306 0.67414139568871045 0.90485376835106435 0.71044447296372359 0.20498993656134371 0.04323753836414191 0.24998182083102452 0.0071360513986925972 -0.6534345744692448 -0.070424951606078631
decision_type=8 10 10 10 10 10 8 10 10 10 8 10 10 10 10 2 10 8 10 10 10 2 8 10 8 10 10 10 8 10
left_child=1 8 5 4 17 19 -5 -3 12 10 -6 -11 16 14 -14 -15 -1 -4 -19 20 25 27 -23 24 -7 -2 -9 -21 -25 -10
right_child=2 7 3 6 9 23 -8 26 29 11 -12 -13 13 15 -16 -17 -18 18 -20 21 -22 22 -24 28 -26 -27 -28 -29 -30 -31
leaf_value=-0.011370263731539794 0.0010545574062488499 -0.0074919040342297768 0.010657938064903318 -0.019420018973662353 0.023574547065524566 0.01951415920265381 0.0017483327332031944 -0.002117678081172076 0.001756995927465781 0.0072041683235284457 0.0090007495481059189 -0.0015479077901079013 -0.0082272039155009153 0.0064964095385354114 0.0030084788007644003 -0.0043436614253291568 0.010586362702654143 0.005894914134507735 -0.0068693296050699989 -0.018781420762738855 0.0086165244565759736 0.0079526024759627185 -0.0036572838239162528 -0.011921385013916092 0.0032202257236643821 -0.0049761004257475074 0.020497057253238457 -0.003844930016454565 0.0046114802061880608 -0.014340454863800429
leaf_weight=5.2233452403452274 206.01613457308849 5.3797862411593114 10.920810183975844 7.0624899622052908 15.060529433190821 14.554635307984425 19.840094474784568 2.7980851822067043 3.5837210649624458 136.17215127323288 86.359287246945314 36.071948569850065 225.65623825130751 31.783094588201493 28.267159459413961 125.80684892938007 14.868314157356506 15.748413745546712 33.864114842261188 8.7668133482802677 30.682696172618307 13.221877808682619 61.719848743989132 3.5537302462616935 12.894634775817396 45.961389150470495 12.352443995187057 12.447298581246285 16.177620685659353 36.742556581040844
leaf_count=1198 11754 785 128 237 92 173 569 446 954 2135 1346 678 59364 7731 7153 32472 3622 422 1000 664 1291 872 4184 179 186 5182 487 950 676 10701
internal_value=-6.19638e-05 -0.00472712 0.00285536 0.00543468 0.00622927 0.000654351 -0.00419812 0.00983943 -0.00538661 0.00764114 0.0114032 0.00535561 -0.00465622 -0.0051187 -0.00695777 -0.00211132 0.00446748 -0.00012532 -0.00272191 -0.000246965 0.000908201 -0.00364797 -0.00149171 0.00780826 0.0123476 -4.89142e-05 0.0162622 -0.0107201 0.0010577 -0.0128294
internal_weight=1279.56 492.462 787.097 361.1 334.197 425.997 26.9026 20.5303 471.931 273.664 101.42 172.244 431.605 411.513 253.923 157.59 20.0917 60.5333 49.6125 378.816 282.66 96.1558 74.9417 47.1806 27.4493 251.978 15.1505 21.2141 19.7314 40.3263
internal_count=157631 124913 32718 6607 5801 26111 806 1718 123195 4251 1438 2813 111540 106720 66517 40203 4820 1550 1422 24897 18227 6670 5056 1214 359 16936 933 1614 855 11655
is_linear=0
shrinkage=0.03


Tree=37
num_leaves=31
num_cat=0
split_feature=71 36 69 30 69 31 32 10 43 14 45 53 45 54 50 9 10 48 52 41 43 49 48 43 43 50 54 25 45 76
split_gain=20.2443 4.81954 4.34071 3.69208 3.5449 3.3763 2.70306 2.51225 4.43903 2.79575 2.76486 2.23776 2.23356 2.10871 2.08889 2.07677 1.987 1.9031 3.47028 2.77784 2.3802 2.37335 2.22403 1.78588 1.74301 2.33288 1.72488 1.7044 1.53697 1.51142
threshold=0.64763619336835376 -0.31802788338412408 2.3617364200331212 0.66855742427526244 1.6493751581776175 -0.060429783406092334 0.22547938744235416 2.0347838804291949 0.047151862252197814 -0.32459048273431573 0.012833877126917833 0.010989559495124484 0.0072707947653023229 0.49930487130591822 0.03975087242924414 2.4591801711154369 1.3332366628763528 -0.00013129309555437449 0.61049359953642746 0.0023069462973470682 -0.053124800089148654 -0.0090298748307634496 -0.063597869116123071 0.045505096983081479 -0.0062751531280672559 -0.0019790961127074676 0.46905587540081789 -0.1600678984827639 0.0068405055056146155 -0.45395920791241645
decision_type=8 8 10 10 10 10 10 10 10 8 10 10 8 10 10 10 10 10 2 10 10 10 10 8 8 10 10 8 10 10
left_child=4 3 7 23 11 13 -7 9 10 16 -9 24 -11 27 -6 -10 -3 20 -19 -20 21 -13 -22 -2 25 -1 -5 -4 -15 -8
right_child=1 2 5 26 14 6 29 8 15 12 -12 17 -14 28 -16 -17 -18 18 19 -21 22 -23 -24 -25 -26 -27 -28 -29 -30 -31
leaf_value=-0.0011672371494431768 0.018355187387838857 0.014051784235864354 -0.011239467285559416 0.010690635395867471 -0.0011852025297613277 0.018332936489230341 -0.0030990198691497849 0.0077429221035531801 0.00068268604310251673 -0.0025099007004301854 -0.012039516271751791 -0.0031925054975285097 0.0017948826187697507 0.017641656616625749 0.016450932149668685 -0.026379723157424779 0.0013288635818423649 0.018790966665779018 0.025058359238871553 -0.0043423136922043542 -0.012861544181378486 0.01603776658994388 -0.0061957815565875721 0.0040528724740354089 -0.0034346505142874659 0.025798538250086388 -0.0046937222895566911 0.0035054290162077379 0.00017132297527419979 0.010372035006322711
leaf_weight=5.1947186922188848 37.044663675595075 20.590580378309824 13.019600493251344 9.4801541210617888 12.763550980365837 32.356624489184469 10.834499189164491 113.15631781728007 4.2349790821317566 218.10389058565488 5.7460519042797378 23.186104268534113 213.3968541873619 8.5217705185059476 9.8217678859364224 4.5690207786392421 24.290083802770823 5.8265229320968492 1.980458001140504 86.233894406468607 56.473163278074935 6.5588828152976921 265.51772642164724 11.480487443739547 12.312520127044992 4.7902555732289311 16.373948413878679 13.051066391752103 9.3614043779671174 19.325202288571745
leaf_count=1230 415 403 366 175 2798 436 174 2973 159 12422 159 6152 12712 177 651 153 673 1559 619 22401 14840 1202 69815 216 2992 1180 305 327 271 298
internal_value=0.000161023 0.00315002 0.00237553 0.0103794 -0.00461124 0.00793802 0.0123695 0.00137869 0.00509958 0.000366335 0.00666946 -0.00517802 -0.000374824 0.00143341 0.00672942 -0.0143141 0.00741038 -0.00564555 -0.00178696 -0.00337515 -0.00666069 0.00133398 -0.00741036 0.0151822 0.00388134 0.0126673 0.00102372 -0.00389048 0.00914862 0.0054923
internal_weight=1275.6 784.937 710.558 74.3793 490.66 106.47 62.5163 604.088 127.706 476.381 118.902 468.074 431.501 43.9538 22.5853 8.804 44.8807 445.777 94.0409 88.2144 351.736 29.745 321.991 48.5252 22.2975 9.98497 25.8541 26.0707 17.8832 30.1597
internal_count=158253 32814 31703 1111 125439 2049 908 29654 3444 26210 3132 121990 25134 1141 3449 312 1076 116588 24579 23020 92009 7354 84655 631 5402 2410 480 693 448 472
is_linear=0
shrinkage=0.03


Tree=38
num_leaves=31
num_cat=0
split_feature=71 59 69 69 33 45 38 78 61 50 36 38 54 52 50 50 45 54 45 42 48 10 29 42 45 38 41 49 56 46
split_gain=18.4235 4.5944 3.25228 2.95 2.8159 4.00741 3.71384 2.9098 2.14365 2.11545 2.89153 2.04461 1.91503 3.96879 4.98225 3.26434 2.99686 2.89823 2.37692 2.38383 3.13172 1.91161 2.81043 1.90158 1.83536 1.81438 1.78967 1.5952 1.53396 1.5119
threshold=0.64763619336835376 0.95557904627672086 1.7889566112783 1.6493751581776175 0.032790275365164982 0.017708630719593211 1.059589530034301 0.54878153960160592 0.66248689727463328 0.021413638551473383 -0.16411854808749929 1.1031887535850702 0.56052014714107801 0.60809578262408459 0.01642059579430644 0.0098492531586915639 0.0062567248761571355 0.51533516738383678 0.018188372896679614 0.021973708461754397 -0.066023517209084101 2.2928969562241432 6.1785657799724367 0.031861074997023626 0.020798456146339465 0.83606322333277094 -0.10310595724483383 0.0072250365446434603 0.95557904627672086 0.0076389235364306661
decision_type=8 10 10 10 8 10 10 10 10 10 10 10 10 2 10 10 8 10 10 10 10 10 10 10 10 10 10 10 10 8
left_child=3 2 29 12 5 6 7 -3 27 10 -6 -8 13 14 17 -15 -16 -1 19 26 -21 -11 -23 -17 -20 28 -14 -4 -5 -2
right_child=1 4 8 25 9 -7 11 -9 -10 21 -12 -13 18 15 16 23 -18 -19 24 20 -22 22 -24 -25 -26 -27 -28 -29 -30 -31
leaf_value=-0.0046511945610128377 -0.0027431563971195838 0.008728528237437902 0.002049999145925204 0.020065613453793169 0.017972027554621774 -0.011062421352894881 -0.010789886103535522 0.022272404998561358 0.00048095715723897196 0.00052097603192704221 0.0014036393421189418 0.0038581765138780287 0.015152655568349712 -0.024297425391969392 0.02956507461577821 -0.0062272053670661418 -0.0031125477051742482 0.0062962442604339057 0.013884868546741811 -0.019331915830898602 0.0014077365833511562 -0.023474376128938122 0.0017733109140052579 0.0029414434797249375 -0.0055036896204029781 -0.0015446203683339341 -0.011607388794586566 0.015923783291958767 -0.0056049977524861138 0.0012774108726635329
leaf_weight=64.925234558875673 140.02267300325911 171.45153588149697 11.76286800066009 8.2024482293054479 11.988918919814749 9.6205777297727746 8.836313830688594 15.599392098840324 27.389630029385444 43.380461239023134 37.626485478831455 63.779806664737407 1.3795365495607246 7.5575011058244845 7.216798567795192 166.25145185436122 3.1660374884959319 31.395806583401281 6.9576656358549362 7.0235247343080109 34.154080339241773 7.3734871316701156 6.9063852173276246 22.110573294456117 8.6946286133024824 12.831711212056687 105.16169897245709 24.463510420639068 2.0161040326347566 207.08746867335867
leaf_count=16485 9324 2680 225 722 167 200 150 181 1256 1118 992 1150 311 1818 1864 43225 938 8132 1819 1853 9249 181 138 5541 2681 2341 28013 323 384 14776
internal_value=0.000166988 0.00300874 0.000802134 -0.0043985 0.0053991 0.00703423 0.00775608 0.00998642 0.00698424 0.00123974 0.00574242 0.00191261 -0.00492263 -0.00347191 0.00115413 -0.00599969 0.0199391 -0.00102403 -0.00755419 -0.00873343 -0.0024331 -0.00261541 -0.0117502 -0.00512527 0.0032509 0.00583706 -0.0110953 0.0116756 0.0146853 -0.000339071
internal_weight=1276.33 787.29 410.726 489.045 376.563 269.288 259.667 187.051 63.616 107.276 49.6154 72.6161 465.995 302.623 106.704 195.92 10.3828 96.321 163.371 147.719 41.1776 57.6603 14.2799 188.362 15.6523 23.0503 106.541 36.2264 10.2186 347.11
internal_count=158237 32861 25904 125376 6957 4361 4161 2861 1804 2596 1159 1300 121929 78003 27419 50584 2802 24617 43926 39426 11102 1437 319 48766 4500 3447 28324 548 1106 24100
is_linear=0
shrinkage=0.03


Tree=39
num_leaves=31
num_cat=0
split_feature=70 6 57 43 9 36 30 57 44 59 41 30 60 17 25 44 33 54 28 43 16 10 27 38 60 29 59 52 38 38
split_gain=18.7011 4.31559 3.61795 3.53094 4.00472 3.88059 4.79752 2.77738 2.31978 2.26087 2.05219 3.11634 2.28492 1.99421 1.96366 2.98691 2.4473 1.72709 1.82649 1.97165 1.6975 1.63457 2.03391 1.519 2.6872 1.90658 1.41293 1.74671 1.39027 1.35001
threshold=0.78208255312331099 0.028790627205666153 0.90572098097046594 0.053765172951862568 2.3972174810779969 -0.31802788338412408 0.66855742427526244 0.045027076366764097 0.00083595413199644153 0.97860960120060769 -0.009114559424345468 0.42095436984497975 0.98274000148953611 0.23355452930398565 -0.37241595281622691 0.061421842166587422 0.010111783554636733 0.65574680014672626 -0.067135971876009323 0.0093529945004973154 0.07342520824287159 1.0804133292017006 -0.015993866407195852 1.0424999682401501 0.57950930255877353 -6.1280007223452531 0.45265323803335505 0.23099646237003255 0.92829398579751476 0.76667684715176831
decision_type=8 8 10 10 10 8 10 8 10 10 10 8 10 2 10 10 8 8 10 10 8 10 8 10 10 10 8 2 8 10
left_child=2 13 7 5 9 6 -3 21 -4 -5 11 -7 -12 14 15 -2 -17 18 19 -10 26 -1 29 24 -16 -25 27 -9 -6 -23
right_child=1 3 8 4 28 10 -8 20 17 -11 12 -13 -14 -15 23 16 -18 -19 -20 -21 -22 22 -24 25 -26 -27 -28 -29 -30 -31
leaf_value=-0.0031854410162096658 0.0086637302080562247 0.020637563504461449 -0.0087504811210264363 -0.0040588529339349319 -0.029739669682531087 -0.017954029877071901 0.00093775951328172206 0.0038587406369002806 -0.0040639605265855644 0.013282051864188441 0.0047303906228577768 0.0030454095020404567 0.011899116934459759 -0.0043138768659318136 -0.0099267057471118629 -0.012480152233490483 0.0067085949476116801 0.017957786535047534 6.5183879988270989e-05 0.019528562466243564 -0.0092869876361719433 0.01797209815835259 -0.0088288349141194718 0.010196509887484785 0.006316367773090018 -0.0044029181718659533 -0.0025134182535788952 -0.006612560561677706 -0.006166440090730709 -0.00072848558791871617
leaf_weight=17.588875975459814 68.804540422162972 35.314910283079371 13.44180098781362 14.415945956949146 4.1420090654864881 6.1559526009950778 16.653375549474731 14.362742952653205 3.9618733276147315 10.968693432398139 134.3016656372929 55.549623848579358 59.433027692255564 50.706268665438984 10.075255624833515 12.107897431706077 9.9262840470764804 6.6657109437510362 52.245175950927667 9.0149804791435582 71.292553782695904 12.571168959140779 3.7774676590925109 8.0113027087645587 51.088405276881531 70.96896829031175 223.36088096175808 212.7462629385991 5.9602084029465923 4.1623973100213325
leaf_count=2161 2943 362 2328 686 174 245 269 3444 244 161 4162 1844 850 3722 467 658 618 226 7004 230 15720 391 257 440 1692 5353 45220 55653 197 551
internal_value=6.95881e-05 0.00376917 -0.00350748 0.00602634 -0.00280769 0.00706165 0.0145182 -0.00438552 0.00220284 0.00353985 0.00548224 0.00064968 0.0069948 0.000999345 0.00219223 0.00560199 -0.00378952 0.00438405 0.00270128 0.0123356 -0.00495908 0.00331838 0.00892389 -2.06946e-05 0.0034758 -0.00277556 -0.00424844 -0.00592317 -0.0179101 0.0133725
internal_weight=1269.78 624.584 645.192 342.895 35.4869 307.409 51.9683 559.862 85.3295 25.3846 255.44 61.7056 193.735 281.689 230.983 90.8387 22.0342 71.8877 65.222 12.9769 521.762 38.0999 20.511 140.144 61.1637 78.9803 450.47 227.109 10.1022 16.7336
internal_count=158272 24843 133429 8950 1218 7732 631 123397 10032 847 7101 2089 5012 15893 12171 4219 1276 7704 7478 474 120037 3360 1199 7952 2159 5793 104317 59097 371 942
is_linear=0
shrinkage=0.03


Tree=40
num_leaves=31
num_cat=0
split_feature=59 69 57 60 43 44 70 38 69 4 19 37 63 69 53 63 44 30 17 45 53 45 41 53 4 45 41 5 37 17
split_gain=14.4354 4.62436 3.9698 3.5304 3.02211 3.97722 2.97589 4.19085 2.77063 2.79462 3.33654 2.54088 2.53982 3.11966 2.15901 1.96771 2.04844 1.84362 2.11232 1.81006 1.74806 2.43951 1.64179 1.5538 2.68971 2.76151 1.19986 1.15628 1.13663 1.05417
threshold=0.90179360784418805 -2.3446244291868226 0.96719734942567903 0.94050188118250755 0.047820640939425181 0.065681575553060659 1.9630186824311118 0.94823032268639473 2.3617364200331212 0.20980790202131264 0.71091261677196094 0.45064991633575702 0.25607297403619206 0.016131979414882619 0.010900370658205363 0.27604105610045204 0.15576978428121704 0.25403162758939063 -0.11704119837573267 0.0039897985847384045 0.021231719632595906 0.018188372896679614 0.016066272946949293 0.012967524839490183 -0.42098620249127217 0.0069925703976831738 0.022339254620963315 0.01402379474834629 0.052152238890979037 -0.27608459723051332
decision_type=8 8 10 10 10 10 10 10 10 10 10 10 10 8 10 10 10 8 2 10 10 10 10 10 10 10 10 10 8 2
left_child=2 23 12 8 6 22 11 -8 17 -10 -11 -5 13 -1 19 -4 -17 -3 -19 -14 21 -16 -6 -2 -25 -26 -22 -15 -27 -29
right_child=1 3 15 4 5 -7 7 -9 9 10 -12 -13 14 27 20 16 -18 18 -20 -21 26 -23 -24 24 25 28 -28 29 -30 -31
leaf_value=-0.0031198495270447876 0.016351093342784884 -0.016581497897036796 0.018933328001030272 -0.00010988645467373804 -0.0054384498372992427 -0.020625050019087789 0.016500141409367092 0.0047718121168209768 0.014822583409644645 -0.011492344240071744 0.0073732238761953454 0.011042022496586083 -0.0096670659913356497 -0.0025173073086537669 -0.0054389266675989537 -0.002200173657597219 0.018466632692474852 -0.0046330960208984901 0.0010708735424510699 0.010396164293079043 -0.0069129197650146558 0.010729312988547729 0.012452703168450752 0.017461937777391391 0.011498064079485427 -0.010495328892026779 -0.021967744115986228 0.0015221977829471003 0.0023808123154675808 0.01298770036508968
leaf_weight=124.62020727945492 23.888627614825964 5.7852904594037673 7.919814876746389 86.02157665474806 8.0842486235778832 8.3406269650440645 43.68265372980386 77.067381918663159 20.118473341222852 11.748992398148401 23.830063831293955 22.205306810559705 4.6334109646268216 9.5300869677448627 362.22773676679935 19.407509611744903 4.44318082043901 83.989238786976784 184.80602445214754 13.185421873582525 13.59964684979059 7.5787388406461096 8.2747651641257089 14.406559893861411 16.4185621291399 11.496921494603157 8.9077047684695554 12.381357008591293 11.011085642501712 20.125805617542937
leaf_count=24827 268 448 137 2350 199 323 556 1447 249 252 504 451 1024 2145 92506 2748 79 3372 9147 3045 3723 1818 187 123 204 149 2390 1207 154 2158
internal_value=3.43373e-05 0.00310325 -0.00329461 0.00217487 0.00482928 -0.00492455 0.00591131 0.00913998 0.000118611 0.00616591 0.000917514 0.00223087 -0.00386951 -0.000719794 -0.00513724 0.00685064 0.00211733 -0.0011151 -0.000710867 0.00478326 -0.00560647 -0.00507145 0.00363452 0.00996783 0.00680515 0.00244741 -0.0136798 0.00623268 -0.00423529 0.008886
internal_weight=1269.74 661.176 608.561 583.955 253.677 24.6996 228.977 120.75 330.278 55.6975 35.5791 108.227 576.79 166.657 410.133 31.7705 23.8507 274.581 268.795 17.8188 392.314 369.806 16.359 77.2218 53.3331 38.9266 22.5074 42.0372 22.508 32.5072
internal_count=158190 20383 137807 19485 5513 709 4804 2003 13972 1005 756 2801 134843 30337 104506 2964 2827 12967 12519 4069 100437 94324 386 898 630 507 6113 5510 303 3365
is_linear=0
shrinkage=0.03


Tree=41
num_leaves=31
num_cat=0
split_feature=70 3 66 32 53 2 24 42 32 6 6 75 43 32 53 45 48 22 68 54 48 20 0 46 53 70 15 48 49 52
split_gain=13.828 3.44711 4.5125 2.73128 2.66328 2.53661 2.61872 2.21566 2.09806 2.011 1.82389 2.25228 2.12284 2.03176 1.82059 2.01798 1.90894 1.70899 1.70624 1.5978 2.32432 1.41442 1.37412 1.35252 1.29789 1.25827 1.55616 1.07676 0.975286 1.57633
threshold=0.96482509546570328 0.038538802375635901 0.95914193898418276 0.29953390238644689 0.019656344513484667 0.088563444345891154 -1.279029176407285 0.0023925355764610194 -0.1800620052472475 0.017309315387522856 0.054967886072152423 -3.0554758928361916 0.051227593454310501 -0.24621384492139956 0.010900370658205363 0.0042969253208843409 -0.00013129309555437449 0.29166373476074808 -1.5442909358817603 0.48983028942618301 -0.02130230069803379 -0.070213858462650033 -0.03644371962209441 0.0036476436852288228 0.010989559495124484 3.447116393408626 -0.096141466441345733 -0.030513491869173012 0.017644628358513773 0.72244714349977512
decision_type=10 10 10 10 10 10 10 8 10 10 10 8 8 8 10 10 10 8 10 10 8 10 10 10 10 10 8 10 10 2
left_child=3 2 5 4 9 6 7 -2 -8 14 11 -3 -12 -13 15 -1 -16 -5 -14 23 -21 -6 -4 -11 -15 -24 -27 -19 29 -23
right_child=1 10 22 17 21 -7 8 -9 -10 19 12 13 18 24 16 -17 -18 27 -20 20 -22 28 25 -25 -26 26 -28 -29 -30 -31
leaf_value=-0.0025302242830239938 0.0074352658422814563 -0.018178079157915351 0.0084353113727384937 0.01223256875633596 0.0059741569377161864 0.01616656002485764 0.012400602067934738 -0.01528016610027059 0.0051187189880488298 0.012692735083935262 0.014983008004310704 0.010944238725109228 0.009233630665680918 -0.014868352040568725 -0.0056353426989278494 0.011269330951178934 -0.00033743639978366493 0.0076295539348196295 -0.015574184969761394 -0.00170312023472555 0.0061897531965552201 -0.010386671668302625 -0.0019605362337808967 -0.0040801917349087332 -0.00064944555790823612 -0.00066387093379749506 -0.023058285763104161 -0.0078007782797601417 -0.015504196848736964 0.0074912242343078399
leaf_weight=27.026955751469359 5.3794239148264733 5.5702474936842918 4.7615114811342201 16.365950903447811 3.8519952490460119 21.555008600698784 42.135084241395816 8.8400069196941313 260.35894821136026 3.5082535690162322 13.641355712548828 12.361881923628969 3.8016046029515573 5.0903037921525529 286.53663147095358 13.357721555279566 79.490896029514261 5.8273890530690577 4.1342958891764301 74.208013641939033 59.269183215801604 16.539874072535898 17.412845670653045 89.84870575851528 132.17275763943326 4.8762852607760578 6.8322818863671255 8.9094993864418921 23.8762102490291 4.9401019795332095
leaf_count=3342 140 106 176 878 670 404 728 265 7228 171 276 293 63 298 72480 3127 20649 279 250 10148 6151 4478 1582 8864 6787 130 243 628 5949 1369
internal_value=4.56234e-05 0.00362403 0.00525909 -0.00270419 -0.00310557 0.00630898 0.00557987 -0.00656557 0.00618043 -0.00256704 0.000154722 -0.000981081 0.00813851 -0.000204519 -0.00382816 0.00212367 -0.00449701 0.00583183 -0.00365114 -0.000287468 0.00179929 -0.00978688 -0.00501675 -0.00329025 -0.00130216 -0.00752286 -0.0147538 -0.00141145 -0.0112901 -0.00599121
internal_weight=1262.48 548.924 372.151 713.557 682.455 338.268 316.713 14.2194 302.494 633.246 176.772 155.195 21.5773 149.625 406.412 40.3847 366.028 31.1028 7.9359 226.834 133.477 49.2082 33.8829 93.357 137.263 29.1214 11.7086 14.7369 45.3562 21.48
internal_count=158152 18969 10896 139183 137398 8765 8361 405 7956 124932 8073 7484 589 7378 99598 6469 93129 1785 313 25334 16299 12466 2131 9035 7085 1955 373 907 11796 5847
is_linear=0
shrinkage=0.03


Tree=42
num_leaves=31
num_cat=0
split_feature=70 57 78 57 63 45 43 29 16 56 14 46 3 48 52 60 14 69 78 32 46 46 60 42 9 72 45 45 7 27
split_gain=12.3051 4.2856 2.85202 2.93006 2.66199 2.24426 2.76177 2.18544 3.28757 2.60375 3.54372 2.17968 1.89089 1.83427 3.23227 1.87748 1.77745 1.72471 2.24083 1.70353 1.69007 4.15122 1.86875 1.67819 2.10214 1.57245 1.93708 1.56178 1.50155 1.4748
threshold=1.1214016497662718 0.96719734942567903 -0.38415034069016168 0.0043243293783250597 0.27987496043051602 0.015985169020956064 0.011955540535556365 0.90033164849030622 0.030687438550391802 0.91354117830911086 0.33660500814243272 0.0071743218066912407 0.06975741833565198 -0.016604270860123057 0.36509039710155328 0.66251293995859217 0.0035347782825172484 -2.1360658857514445 -0.82038282842067722 0.18399374321671516 0.0057736637568546563 0.0044955487679037938 0.27987496043051602 0.033045850472539169 2.8104942996244193 0.19783814268654903 0.013277514541601062 0.017937732423117535 0.0066087903590709646 -0.039861046769601331
decision_type=8 10 8 8 8 10 10 8 8 8 10 10 8 10 2 10 10 8 8 10 8 10 8 10 10 10 8 10 10 8
left_child=1 4 3 -2 17 6 28 8 9 10 -4 20 -8 14 -5 -15 -17 18 -1 -19 21 -6 -22 24 29 -25 -27 -13 -3 -9
right_child=2 5 7 13 11 -7 12 23 -10 -11 -12 27 -14 15 -16 16 -18 19 -20 -21 22 -23 -24 25 -26 26 -28 -29 -30 -31
leaf_value=0.012689604717337776 0.019723264441482768 0.006036974996636758 0.0018835360089602092 -0.0018552563603349526 0.0010655801142207776 0.021138454470130828 0.013223122889717477 -0.0073316660571713021 0.012453674030533775 -0.010467430193808625 0.013766017641950299 -0.0072575314611039009 -0.0016563158931179292 -0.010298724425504661 0.014331129671649795 -0.0052101042385313328 0.0085178712030329184 -0.0024108176833563476 -0.0083443086189103361 0.0059818932823828925 0.0069556622583997743 -0.010908884118980841 -0.0020092640758241471 0.0059058740956459714 0.0067346598509698237 -0.021139332517260599 0.0034193310184488569 0.0024658947170792846 -0.012369282758843919 0.00055390447131259532
leaf_weight=16.141171845258214 14.968256205320357 4.880285952123816 184.44342744181631 15.199973804992622 49.629224404576235 6.2229826550465068 20.786532459431328 28.151085005374625 34.622169173671864 11.9317104635993 25.010883631766774 217.22476777160773 11.050263205193916 9.089511279948054 35.566368323750794 11.329133073100818 25.841236880514771 195.13178380328463 5.2447724591475007 23.363459472195245 26.929506960208528 52.548051315592602 82.198822711245157 3.7795553106116158 35.835942721925676 8.9549882065039093 3.4475764262024322 15.002208888414314 11.511481690627987 77.175770659931004
leaf_count=277 99 444 6088 293 11536 248 720 1371 752 250 410 53263 920 200 555 219 433 31670 343 1213 6258 11980 16679 253 956 496 141 4097 898 4924
internal_value=-7.42547e-05 -0.00257361 0.00342869 0.00766775 -0.00322335 0.00543809 0.00296308 0.00225718 0.00396338 0.00257208 0.00337534 -0.00459902 0.00807408 0.00559511 0.00948458 0.00115288 0.00422826 -0.000658798 0.00725484 -0.00147656 -0.00235557 -0.00510965 0.000218834 -0.000507457 0.000546229 -0.00937059 -0.0143431 -0.00660864 -0.00668471 -0.00157462
internal_weight=1263.21 737.865 525.348 111.994 683.414 54.4515 48.2286 413.353 256.008 221.386 209.454 443.533 31.8368 97.0262 50.7663 46.2599 37.1704 239.881 21.3859 218.495 211.306 102.177 109.128 157.345 141.163 16.1821 12.4026 232.227 16.3918 105.327
internal_count=157986 140546 17440 1799 137316 3230 2982 15641 7500 6748 6498 103813 1640 1700 848 852 652 33503 620 32883 46453 23516 22937 8141 7251 890 637 57360 1342 6295
is_linear=0
shrinkage=0.03


Tree=43
num_leaves=31
num_cat=0
split_feature=70 57 38 19 17 44 71 8 51 53 71 16 0 33 14 54 48 3 5 45 44 32 42 55 64 9 51 27 5 46
split_gain=11.8956 5.31524 3.18021 3.44945 3.68188 3.19059 3.10848 2.79092 2.64286 2.6263 2.62145 2.28583 1.94511 1.93743 1.75294 1.71449 2.33705 1.67296 1.64145 1.58469 1.77968 1.57787 1.40962 1.37823 1.28496 1.2452 1.23588 1.57607 1.49917 1.18195
threshold=0.99427414053742214 0.96719734942567903 1.2773436801191003 -1.1274043672073024 -0.53754593208147738 0.11630471601359872 4.672238715197806 0.009299920255712267 0.37118932790584497 0.010989559495124484 1.9988914454482816 0.037871103502801436 0.0027172429813890901 -0.42168992855809778 -0.35275334335723491 0.66123078303459581 -0.0044363047203828656 0.06975741833565198 0.017735826509459093 0.0097751149759627703 0.079672692141138271 0.26586613746216742 0.019772350259638197 0.93677693299542053 0.5352254731086713 1.0644520935332566 0.63443242803707933 -0.011342179208724766 0.03591420767890912 0.0044955487679037938
decision_type=8 10 10 8 2 8 8 8 2 8 8 8 8 10 8 10 10 8 10 10 10 8 10 10 8 8 2 8 10 10
left_child=1 11 3 5 12 7 13 -2 -9 18 -11 14 -5 -4 24 16 -3 -18 -6 22 -21 29 -13 -19 -1 -23 28 -28 -15 -16
right_child=2 15 6 4 9 -7 -8 8 -10 10 -12 19 -14 26 21 -17 17 23 -20 20 -22 25 -24 -25 -26 -27 27 -29 -30 -31
leaf_value=0.015870841263905092 -0.0010128417137065626 -0.0032801694686950891 0.014216946367114604 -0.021447887381902897 0.0039577562525935917 -0.008806950494048298 0.012638434085802298 0.0049804294807599819 0.016230319066551133 0.00011104476188505921 0.0058451450835733899 -0.0066508944239638979 -0.00087770943756967121 -0.0021485470779498139 0.0014439172027741161 0.018954019934154225 0.015875531075589866 -0.012867979836791301 -0.017413739620220275 -0.014648743440465357 -0.00080050203457254483 0.013448936926889084 -0.00074253770527704535 0.010970226108302061 -0.0047509858956172723 -0.0023251690888958453 0.0019197131542405819 -0.011699914635452127 -0.013959624921002852 -0.0035634276645086292
leaf_weight=7.1138143558055136 16.35307814180851 20.314160498324782 4.0317328086821353 7.2230609494727105 4.3155237728496996 7.7491007714997968 10.683860322926192 31.48747695190832 54.880322507233359 111.39499226323096 206.49986589094624 110.46531111613149 9.1546910428442079 19.178618706937414 46.598400822258554 7.530934046721085 14.871380987926385 3.5911861822241944 7.7712590120499954 32.983618477242999 11.855082825524731 8.6837979736737889 56.128414649749175 3.1180729486513883 3.2386118251597518 7.4370161407277946 32.513745050644502 8.8569883422460389 21.104044331703335 360.94537834217772
leaf_count=264 612 1712 188 275 207 240 149 690 1016 5856 4977 24713 287 1768 9448 325 475 328 218 7870 2458 590 11815 199 274 694 1814 764 786 76914
internal_value=-0.00021698 -0.00283069 0.00305989 0.00410523 0.00260642 0.00871202 -0.00185589 0.0101347 0.0122672 0.00331331 0.00385189 -0.003562 -0.0108346 -0.00382271 -0.00229596 0.0065412 0.0038501 0.0105428 -0.00983457 -0.0061237 -0.0111501 -0.00260775 -0.00469447 -0.00141429 0.0093051 0.00628588 -0.00491097 -0.0011326 -0.00859729 -0.00298141
internal_weight=1248.07 694.875 553.198 456.829 346.359 110.47 96.369 102.721 86.3678 329.982 317.895 645.449 16.3778 85.6851 434.017 49.4257 41.8948 21.5806 12.0868 211.432 44.8387 423.665 166.594 6.70926 10.3524 16.1208 81.6534 41.3707 40.2827 407.544
internal_count=157926 138079 19847 14378 11820 2558 5469 2318 1706 11258 10833 135040 562 5320 88184 3039 2714 1002 425 46856 10328 87646 36528 527 538 1284 5132 2578 2554 86362
is_linear=0
shrinkage=0.03


Tree=44
num_leaves=31
num_cat=0
split_feature=70 57 38 70 53 42 41 22 78 54 33 46 46 46 9 50 66 71 33 41 57 63 72 60 17 44 59 1 10 16
split_gain=11.6226 4.45504 2.99017 3.21801 2.64336 3.05278 2.76989 2.04906 1.92997 1.80868 1.64527 1.63807 2.41766 2.68352 1.82138 1.63372 1.51667 1.47808 1.43316 1.57641 1.71437 1.52643 1.41089 2.68928 1.92689 1.34524 1.23605 0.992725 0.969777 0.89907
threshold=0.56252707768404975 0.97080288796103009 0.95082559795684995 1.2781701436320982 0.010989559495124484 0.018436572346360317 -0.0085046880219657433 0.25722651429653715 -0.42584393146499017 0.77040259723844406 -0.021310893003420945 0.0044955487679037938 0.0057604119973242102 0.0068631031364890941 0.93875869918984678 0.027100754493900817 0.33617932479839635 0.19081898722944293 -0.17664520872869857 0.016273787228823448 0.032955750710618993 0.073119812617750399 1.0401212240785118 0.42331950867243512 0.32185580728985203 0.00083595413199644153 0.93262013729977122 -0.098209990876853767 1.6420084639461634 0.099137935697545268
decision_type=8 10 10 10 10 10 10 10 10 8 8 10 10 10 10 10 10 10 8 10 8 8 10 10 2 10 8 10 8 8
left_child=1 9 3 18 -5 6 -6 -7 10 11 -4 14 17 -14 15 -1 -10 -13 -2 21 -21 -20 23 -18 -24 -3 -16 -11 29 -27
right_child=2 25 8 4 5 7 -8 -9 16 27 -12 12 13 -15 26 -17 22 -19 19 20 -22 -23 24 -25 -26 28 -28 -29 -30 -31
leaf_value=0.0093832985388288097 -0.013049838341492835 -0.0061038702047628689 0.01541530825826757 -0.0083926291281333915 0.002544106524334214 -0.0016758017849872262 0.013336848379406151 0.013213894704331373 -0.019297820587045284 0.0043368075471479058 -0.00075466919340213309 -0.012491378653999288 0.0016223883385126491 -0.0045600818761268201 -0.0011941143635212483 -0.0028334623241316787 0.0032899030512129196 -0.0021151478041488499 0.0087135370315726806 -0.023529785679201009 -0.0013288330114714921 0.0011133207802224369 0.0034797798734199246 -0.0050118977873337004 -0.0042296798020770125 0.016570538822959315 -0.014880247319041744 -0.014893818598058703 -0.0029288857049326886 0.0027155017876385351
leaf_weight=25.276204502675682 4.9853584486991167 4.4380965895252329 13.071129393065346 8.1591124399565143 29.683418646454811 36.874851444852538 89.698802737868391 9.6077193685341609 2.6137306217569849 2.0584562330041107 8.7597595397382992 45.540613956050947 77.917941284249537 310.20131197519368 26.436357767204754 14.664838445140047 54.65282040432794 18.473822930362076 32.599847003002651 2.8903009239584234 18.659816227736883 86.817582360934466 149.97704781813081 93.346229214337654 34.961127176764421 15.217476631631138 6.9801166539546093 17.879463221877813 3.5294382262509343 7.0637495357077631
leaf_count=4591 203 569 253 163 629 831 1626 175 120 487 231 11655 17663 72636 6449 3298 4377 2394 885 84 1084 5116 5513 8688 1582 798 837 4563 183 524
internal_value=-0.000153979 -0.00328728 0.00250547 0.00460874 0.0073563 0.00819464 0.0107217 0.00155212 0.000606364 -0.00391611 0.00904675 -0.00355552 -0.00422969 -0.00331021 0.000560313 0.00486484 2.30706e-05 -0.00962165 0.00128458 0.001901 -0.00535086 0.00326815 0.000241068 -0.00192458 0.00199132 0.00771774 -0.00448937 -0.0126528 0.0103453 0.0126123
internal_weight=1253.04 575.678 677.359 319.977 174.024 165.865 119.382 46.4826 357.382 545.429 21.8309 525.491 452.134 388.119 73.3575 39.941 335.551 64.0144 145.953 140.968 21.5501 119.417 332.937 147.999 184.938 30.2488 33.4165 19.9379 25.8107 22.2812
internal_count=158207 126647 31560 10796 3424 3261 2255 1006 20764 124573 484 119523 104348 90299 15175 7889 20280 14049 7372 7169 1168 6001 20160 13065 7095 2074 7286 5050 1505 1322
is_linear=0
shrinkage=0.03


Tree=45
num_leaves=31
num_cat=0
split_feature=71 57 57 61 75 36 38 53 60 52 40 32 53 53 48 45 41 52 10 34 53 74 37 27 9 0 0 41 41 45
split_gain=12.8017 3.73535 4.83039 3.06528 2.74241 2.60549 2.35395 3.48024 2.35009 2.28288 2.24197 2.14127 2.61191 2.03438 2.07133 3.27373 2.58252 1.97444 2.25345 1.90147 1.75684 1.59152 1.53346 1.49594 1.38692 1.73613 1.29464 1.23914 1.34817 1.43863
threshold=0.62790454813189756 0.0085745007398149112 0.94397445986550299 0.70637424090174339 -1.4257477624166788 0.07179593135499629 0.82791218485142426 0.015656709494205306 0.98274000148953611 0.52535896507161428 -0.00092174456811659202 0.29953390238644689 0.019656344513484667 0.017635968449793909 -0.031183509242844461 0.018438701294419196 -0.009897987522213712 0.60809578262408459 0.63515775143923736 0.011958497669115048 0.019391975326251903 -0.4078626782254921 0.013932510728518562 -0.0032762024220066572 3.3869842561602632 -0.0040302400239077265 0.011798928308686009 0.030117361374297661 0.027173147263614975 0.016248102843130916
decision_type=8 8 10 10 10 10 10 10 10 2 10 10 8 10 10 10 10 2 8 10 8 10 10 10 10 10 10 10 10 10
left_child=11 6 4 8 5 21 -2 9 10 -8 -4 12 13 14 15 -1 -16 18 -15 -5 -19 -3 -11 -21 26 -26 -6 28 29 -14
right_child=1 2 3 19 24 -7 7 -9 -10 22 -12 -13 27 17 16 -17 -18 20 -20 23 -22 -23 -24 -25 25 -27 -28 -29 -30 -31
leaf_value=-0.0093493587307914312 0.014796974246359665 0.002480575544605929 -0.0023554670980085804 -0.0024623867331026372 -0.0038405757420092801 0.014871794268589339 0.0078280045774369901 0.013444549072394956 0.018792271352567363 -0.00016005960352990495 0.0099653514956764746 0.0076541234865151542 -0.013698627396300253 0.027030768236425026 0.0053084278163020703 0.012163107134707765 -0.0036441602579222452 0.0016788533090821057 0.0031164228899488691 0.013727854895412421 -0.01948751508005106 -0.0058724724077801422 -0.019396088924738455 0.00083401203874145402 0.017437877621884229 -0.0020886983182514117 0.00099058606533924758 -0.019776752013292945 0.011054948702827125 0.00095802576977456781
leaf_weight=86.990443719201721 33.134786176262423 248.73570698150434 16.44936749804765 42.035335131862666 165.32022664468968 13.575208338676019 8.6939864945597964 18.134801217122003 20.598261150997132 7.3133901846595091 55.702487894450314 13.501228832872583 19.158786272979349 4.3701586996903643 31.394969067419879 5.8986838364507994 265.87962518958375 14.039372574072333 12.469495343160817 14.923952421871943 3.5774346897378555 21.239194771274924 7.4012008489808068 17.847893039055634 6.3819262918550512 8.2721831661183369 69.579161017842125 10.977907322347162 2.2527050513308486 7.8943540792679405
leaf_count=23238 355 10806 279 1601 11625 261 130 227 204 142 949 1056 5566 839 8656 1560 70053 3714 2971 388 903 611 161 542 146 293 4588 3095 634 2502
internal_value=0.000177402 0.00255984 0.00186749 0.00629573 0.000460878 0.00247988 0.00890553 0.00389866 0.00991827 -0.00362153 0.00712161 -0.00367478 -0.00402594 -0.00330611 -0.00392759 -0.00783632 -0.002674 0.00355879 0.0106581 0.00169313 -0.00327413 0.00179312 -0.010645 0.00702719 -0.00182194 0.00679428 -0.0023987 -0.0112769 -0.00744636 -0.00943305
internal_weight=1253.74 775.339 700.661 167.557 533.104 283.55 74.6782 41.5434 92.7501 23.4086 72.1519 478.405 464.904 424.62 390.164 92.8891 297.275 34.4565 16.8397 74.8072 17.6168 269.975 14.7146 32.7718 249.553 14.6541 234.899 40.2838 29.3058 27.0531
internal_count=158095 33308 32293 3963 28330 11678 1015 660 1432 433 1228 124787 123731 111934 103507 24798 78709 8427 3810 2531 4617 11417 303 930 16652 439 16213 11797 8702 8068
is_linear=0
shrinkage=0.03


Tree=46
num_leaves=31
num_cat=0
split_feature=58 78 57 72 57 33 44 54 38 54 6 54 75 23 40 9 57 40 54 44 5 54 43 54 56 66 14 10 58 58
split_gain=10.9161 5.12919 3.22259 3.17843 2.56648 3.81133 2.65137 2.85407 2.67967 2.20058 2.49939 2.35963 2.13917 1.9441 2.71667 2.1575 2.10458 2.75148 1.74824 1.96968 1.62052 1.53323 1.51987 1.63671 1.38792 1.94676 1.57064 1.47591 1.32325 1.31185
threshold=0.90185970260127835 -0.33202681289476249 0.97080288796103009 2.4202603413856472 0.98274000148953611 0.031318620099750422 0.00083595413199644153 0.64983079766868557 1.3034684370247966 0.46630504308690285 0.030498647723762741 0.57574027341050227 0.3306231872667888 -0.10661809355163208 0.012172972492405379 1.74212993016829 0.012806844896397137 -1.2363587607902743e-05 0.57514222579460672 0.008778622831303597 0.033789852543578976 0.5457716960660749 0.051227593454310501 0.58346599610030381 0.98255177859596055 0.1608471537427163 0.60315287854408983 1.4120474028639405 0.97486908239256875 0.5873833975181858
decision_type=10 10 10 10 10 10 10 8 10 10 10 10 10 10 10 8 8 10 10 10 10 10 10 10 10 10 10 8 10 8
left_child=2 13 12 4 6 -6 8 -8 -3 10 -5 20 29 15 16 -2 -15 -18 19 21 -11 -14 23 -20 25 -4 -27 -26 -7 -1
right_child=1 3 24 9 5 28 7 -9 -10 11 -12 -13 18 14 -16 -17 17 -19 22 -21 -22 -23 -24 -25 27 26 -28 -29 -30 -31
leaf_value=-0.00354747047512661 0.0077587623561611542 0.0087599625428045162 0.015631427166890002 0.0026988623741120744 0.015349953041709542 -0.013444924567034342 -0.0021575388798731453 -0.02703917797555944 -0.005259067392023674 0.003755626464669694 0.0198606495975263 0.0089576771416253424 0.010076522692191666 0.018842769005038642 0.023962703268814105 -0.0092141976595190231 0.010567608481442854 -0.00069341348379230768 -0.022509562267940608 -0.0044168567361179576 -0.011479198976650696 -0.0058205039790296077 -0.00081264208406788853 -0.0084714653640374574 0.0031466393860666822 0.0075890364431768697 -0.0094094389311120581 -0.017120553921127209 0.0030476462198159465 -0.00013392215726633683
leaf_weight=166.74955852341373 15.971820916049181 39.978362478199415 15.909692410146816 14.026441199239342 21.362275038962252 6.1531185428611961 187.11476943513844 3.2828257719520471 16.449548375094309 11.0934136568103 18.194656189996749 24.116196568240412 15.222841389360839 14.212206190451978 11.13107818411663 10.132945040706547 50.252407659194432 30.585939012235031 9.0564815695397538 175.30392531183315 11.93751025944948 7.1784171171020708 17.907465685624629 50.280440108035691 9.963706275681032 12.508079197607005 6.6146487379446617 3.5429625090910113 10.07409892301075 260.98852796689607
leaf_count=38750 232 1350 479 280 322 248 8562 248 884 202 241 399 3392 119 124 151 1081 635 2182 43338 229 1562 4269 13057 533 1192 392 165 238 33171
internal_value=-1.68904e-05 0.00343046 -0.00229885 0.00157088 7.13635e-05 0.00727754 -0.00103891 -0.00274125 0.00460056 0.00683929 0.0127862 0.00253159 -0.00281967 0.00847158 0.0102634 0.0009629 0.00839509 0.00631383 -0.00488493 -0.00333581 -0.00416521 0.00482313 -0.00871823 -0.0110013 0.00508502 0.00819224 0.00138469 -0.0027766 -0.00344938 -0.00147683
internal_weight=1247.3 496.07 751.227 363.783 284.415 37.5895 246.826 190.398 56.4279 79.3682 32.2211 47.1471 702.688 132.286 106.182 26.1048 95.0506 80.8383 274.95 197.705 23.0309 22.4013 77.2444 59.3369 48.5391 35.0324 19.1227 13.5067 16.2272 427.738
internal_count=158027 15545 142482 13203 11852 808 11044 8810 2234 1351 521 830 139721 2342 1959 383 1835 1716 67800 48292 431 4954 19508 15239 2761 2063 1584 698 486 71921
is_linear=0
shrinkage=0.03


Tree=47
num_leaves=31
num_cat=0
split_feature=70 32 14 17 14 50 38 16 44 41 41 43 33 44 63 14 76 47 59 63 74 46 44 24 43 49 43 25 72 59
split_gain=9.93333 3.67796 3.02262 2.91137 2.17482 2.84176 2.85028 2.65839 3.11441 2.64226 2.19056 2.02921 1.93161 1.81681 2.14566 1.78334 2.97628 1.77758 1.70774 1.58634 1.58478 1.57943 1.41103 1.38871 1.57805 1.51639 1.36481 2.16572 1.25742 2.07903
threshold=1.1214016497662718 -0.27617093460708475 0.38675983251765561 0.23970188611661708 0.052378526226431472 0.043447316101035589 1.0235143499922561 -0.018041811355338829 -0.007642150956498949 0.016705869907945318 0.017426662430904408 0.053765172951862568 0.12653353922915761 0.15576978428121704 0.4110889242127666 -0.32459048273431573 -0.14783014029499805 -0.00090717036338344703 0.89379644373673051 0.02098638197417332 2.4146214857526256 0.034133762393146715 0.10410270243662935 -1.2400707949521477 0.049309829597586126 0.017336140039997731 0.039700757024008222 -0.30833931810288001 -1.2294148049806126 0.26624057284434649
decision_type=10 10 10 2 10 10 10 10 10 10 8 10 10 8 10 8 10 8 10 8 8 10 8 10 10 10 10 8 8 8
left_child=2 11 15 4 5 6 -3 9 -9 -6 -7 26 -13 14 17 16 19 22 -16 -1 -20 28 -4 -5 25 -25 27 -2 -17 -30
right_child=1 3 13 23 7 10 -8 8 -10 -11 -12 12 -14 -15 18 21 -18 -19 20 -21 -22 -23 -24 24 -26 -27 -28 -29 29 -31
leaf_value=0.022982835459421813 -0.0032712190855133504 0.0068761978009980089 -0.0036719651174176196 -0.016290337253125248 0.013235354023049166 -0.017976030077350932 -0.0010288640982950635 -0.017262017824330816 0.0042936698843747496 -0.0047486818651186523 0.0022280305596962726 -0.013080308090213088 0.01111011323397792 0.020079064459893471 -0.0081913137041999574 0.0010822211806215531 -0.0097863727757231175 0.015580729272119538 0.0099329056092924955 0.0010115419043156032 -0.0064048369309985505 -0.014656274022604542 0.013593540051034469 -0.0028598948416989536 -0.013195191568589493 0.0063726687412010126 0.023153364206365382 0.01381969744755703 -0.0070080295371735867 -0.0024335120621361834
leaf_weight=6.8601813141722241 8.0039501774590445 72.45759905455634 13.443735343753362 5.2153740883804849 53.927272348082624 10.576729827094821 91.336502627993468 5.3467139871790996 113.41347355709877 7.7057763643097124 7.5360801992937949 5.1772447524126601 4.6821598275564611 4.4949234670493743 21.301547685754485 62.871431280684192 6.0347049003466955 13.687868863809852 12.726914632599799 5.3735629876609901 7.6633108868263689 9.6559144183993322 4.9998715783003709 50.183568816632032 8.1468671725597215 22.297173341154121 9.8280888689914701 26.72700950934086 111.89612204825971 465.55551779130474
leaf_count=75 148 1442 600 197 1188 458 3726 216 3644 228 253 184 126 81 4789 13562 518 462 351 422 241 3013 197 2048 436 879 175 563 29770 87819
internal_value=1.58365e-05 0.00327519 -0.00217568 0.00235894 0.00353801 0.00119198 0.0024704 0.00586757 0.00316212 0.0108991 -0.00973614 0.0105878 -0.00135098 0.00335214 0.00203884 -0.00283206 0.00613709 0.00776815 -0.00238495 0.0143645 0.00364003 -0.0030978 0.00131265 -0.00256624 -0.00145305 0 0.013267 0.00981572 -0.00289624 -0.00333571
internal_weight=1249.13 502.562 746.566 448.143 362.3 181.907 163.794 180.393 118.76 61.633 18.1128 54.4185 9.8594 78.3182 73.8232 668.247 18.2684 32.1315 41.6918 12.2337 20.3902 649.979 18.4436 85.843 80.6276 72.4807 44.559 34.731 640.323 577.452
internal_count=157811 15911 141900 14715 11155 5879 5168 5276 3860 1416 711 1196 310 6721 6640 135179 1015 1259 5381 497 592 134164 797 3560 3363 2927 886 711 131151 117589
is_linear=0
shrinkage=0.03


Tree=48
num_leaves=31
num_cat=0
split_feature=6 57 57 24 69 38 70 60 19 45 30 67 46 30 13 50 67 59 45 46 46 60 46 0 49 19 42 60 66 48
split_gain=7.96181 3.24489 3.45278 2.73013 2.61927 2.59259 2.79849 3.85728 2.43564 2.31249 2.08317 3.16683 2.61602 1.81957 1.55038 1.55796 1.49455 1.44775 1.43309 2.20481 3.99256 3.70775 3.06203 1.48861 1.5932 1.31394 1.09081 0.909575 0.761487 0.614543
threshold=0.021007743477873236 0.0085745007398149112 0.96719734942567903 0.36233878220133914 2.2046455762204746 1.2838541523119407 2.0640157980596787 0.94050188118250755 -1.212545449062278 0.0058209042163207452 0.67736481949312821 -1.0964677469623638 0.0077991396904174238 0.50650212090411306 0.15246459594472231 0.035619981482497572 0.40169926385451665 0.98960494467496563 0.017937732423117535 0.0098035601031225307 0.0090042252663953045 0.2119627955340542 0.0076389235364306661 -0.012699622604575798 0.024747607308354905 -0.7104464122586398 0.015369695825155795 0.95197418202040296 0.32016580794633293 -0.10431888538859695
decision_type=8 8 10 10 10 10 10 8 10 10 10 10 10 10 8 10 8 10 10 10 10 10 8 10 10 10 10 8 10 10
left_child=4 10 5 8 18 6 9 -8 -4 -3 11 -2 -12 -13 -5 -16 -6 -10 19 20 22 -22 -1 -21 -25 27 -27 -7 -18 -20
right_child=1 2 3 14 16 25 7 -9 17 -11 12 13 -14 -15 15 -17 28 -19 29 23 21 -23 -24 24 -26 26 -28 -29 -30 -31
leaf_value=-0.0022435755296698308 0.021612021006379878 0.002840197036422448 0.020278974891905728 -0.014572133239371624 0.014262765939447038 0.0032708961378942582 -0.0028687797995035277 0.0083895874070233599 0.0081235768816757935 -0.0022739408216821879 0.0097511593962577824 -0.0030907150836807485 -0.010612610562052146 0.011569908165516382 -0.0034063629408762012 0.013528538429609578 0.008163220332478344 -0.0010053025178648587 -0.0010263131314715479 0.00081986035170304576 0.020342553948970048 0.00019630112358975379 -0.0093101777358972435 -0.011738825584050878 -0.0010103179864527005 -0.01492173181737321 -0.0034046424904954887 -0.0092078978786893535 -0.0089634411662187601 0.015392029723242787
leaf_weight=303.25558526604436 17.102277787402272 121.54422376316506 12.101801562355829 6.1779124485328794 11.239678589859976 16.844431556994099 39.357093161903322 83.785431337077171 67.037055994383991 225.12981740955729 11.155126051045956 12.634486098773779 9.6452067168429476 16.161662083351985 16.043341694050476 5.8119026176864272 2.8177648640703437 19.305274883285165 2.6684881260152906 14.37203395704273 11.07058695249725 26.816816578037106 67.429628914571367 59.263059067190625 16.748331863665953 16.669536691275425 15.458913333481176 6.4274179828353217 4.8379871330689639 4.1895248868968329
leaf_count=66798 148 6476 127 141 436 1406 1100 1437 1555 19557 157 170 172 201 421 137 245 303 679 3750 2405 7512 17534 16157 4416 1355 1359 208 682 1036
internal_value=-0.000137919 0.00191042 0.00125349 0.00568324 -0.00294636 0.000172291 0.000905625 0.00477306 0.00802443 -0.000469279 0.00817147 0.0116773 0.000117115 0.00514894 -0.0024282 0.00136071 0.00771074 0.00605996 -0.00336482 -0.00356322 -0.00260199 0.00653186 -0.00355869 -0.00779951 -0.00945768 -0.00589927 -0.00974078 -0.000289373 -0.0020984 0.00930417
internal_weight=1243.1 718.393 651.694 126.477 524.709 525.217 469.817 123.143 98.4441 346.674 66.6988 45.8984 20.8003 28.7961 28.0332 21.8552 18.8954 86.3423 505.814 498.956 408.573 37.8874 370.685 90.3834 76.0114 55.4003 32.1285 23.2718 7.65575 6.85801
internal_count=158080 36430 35582 2684 121650 32898 28570 2537 1985 26033 848 519 329 371 699 558 1363 1858 120287 118572 94249 9917 84332 24323 20573 4328 2714 1614 927 1715
is_linear=0
shrinkage=0.03


Tree=49
num_leaves=31
num_cat=0
split_feature=59 72 3 29 25 57 69 69 44 5 41 47 5 37 65 66 42 42 33 46 71 45 34 26 44 45 57 38 64 58
split_gain=9.04569 2.68261 3.50405 3.91678 2.69136 2.48149 3.00575 2.38402 2.5054 2.1812 2.16296 2.13708 2.10789 2.08954 2.80234 1.87202 1.78472 1.75137 1.69152 1.55332 1.53737 1.72782 1.45324 1.45296 1.94541 1.44647 1.42147 1.27546 1.16256 1.05759
threshold=0.90179360784418805 2.0737796302702192 -0.030391944245477528 -3.1461016244158797 1.0000000180025095e-35 0.0043243293783250597 2.3617364200331212 1.6493751581776175 0.11630471601359872 0.0079834297258396334 -0.013610763243886269 -0.008595211709674087 0.034799660155240691 0.45064991633575702 0.19656273651954001 0.75643788682581803 0.055434037997193826 0.03149768765508177 -0.031392983088150729 0.0076389235364306661 0.95272659206060639 0.0062567248761571355 0.027000195143582671 1.1342349741769111 0.034916503492238189 0.0097281202836140401 0.59181469564067546 0.76046844445114281 0.81139985216763511 0.59541176265908136
decision_type=8 10 10 10 10 8 10 10 10 8 10 10 10 10 10 10 10 10 8 10 10 10 10 10 8 10 8 10 10 10
left_child=7 5 3 10 13 -2 9 16 28 -7 -3 -12 27 14 -4 -15 17 18 26 -11 21 -19 -14 -6 -25 -20 -1 -8 29 -9
right_child=1 2 4 -5 23 6 12 8 -10 19 11 -13 22 15 -16 -17 -18 20 25 -21 -22 -23 -24 24 -26 -27 -28 -29 -30 -31
leaf_value=-0.0024552036526222149 0.010185674201148196 -0.0084748223829575597 -0.015232777638318406 0.016780612748126877 -0.01623469582787478 0.013777513632449188 0.002597743158075008 -0.0068994851797505655 0.016065416818953147 -0.0025523157992567913 0.012957820883807409 -0.0034678821998431991 -0.0093401145890903477 0.017476216651803135 0.0042097088714950727 0.00082728021348730835 -0.012825003069859673 0.015985123882111062 -0.0034578173661421415 0.0014186236709689056 -0.011941779994013853 0.0012361610905338627 0.0068280830348061358 -0.010900900387957149 0.005604971365992235 -0.0083908358392707962 0.0041448062437842654 0.01329078480674268 -0.012547440125152317 0.0058099479432598524
leaf_weight=98.209205160907004 25.488851083442569 9.4449781575240177 6.8478114597965023 40.215283151250333 7.2084125415422049 8.5429562601493654 16.501570162829012 7.0472539162728962 10.625519562279804 194.30459887848701 19.34667277848348 10.052902439376341 9.9876224081963318 16.73775966628455 42.847413527080789 9.9994199266657215 15.834606869611887 8.6768397747655381 289.76466517167864 160.52367382496595 4.5028834954136974 30.24116311990656 8.0838759047910553 10.176310188602653 13.990677723195407 67.41202672268264 40.593111533555202 31.40733892202843 4.6959616822423405 20.289429093827493
leaf_count=21799 295 184 148 566 179 409 323 1465 372 9588 303 180 196 232 989 208 3978 2246 71585 5404 331 7777 153 241 306 17121 8138 485 763 1881
internal_value=4.79862e-05 0.00252215 0.00554367 0.01031 0.00195812 0.00126476 0.000705757 -0.00260226 0.00413365 -0.000361882 0.00328273 0.00731321 0.00654794 0.00499958 0.0012238 0.0116122 -0.00313167 -0.00281835 -0.00332736 -0.000748501 0.00287231 0.0049177 -0.00197154 -0.00528397 -0.00138314 -0.00441806 -0.000487713 0.00979747 -9.99367e-05 0.0022998
internal_weight=1239.6 641.708 186.868 79.0598 107.808 454.84 429.352 597.893 42.6582 363.371 38.8446 29.3996 65.9804 76.4324 49.6952 26.7372 555.235 539.4 495.979 354.828 43.4209 38.918 18.0715 31.3754 24.167 357.177 138.802 47.9089 32.0326 27.3367
internal_count=157845 20389 3536 1233 2303 16853 16558 137456 4481 15401 667 483 1157 1577 1137 440 132975 128997 118643 14992 10354 10023 349 726 547 88706 29937 808 4109 3346
is_linear=0
shrinkage=0.03


Tree=50
num_leaves=31
num_cat=0
split_feature=70 69 28 72 10 41 41 69 10 36 54 48 28 41 28 45 40 66 21 45 3 9 0 38 28 31 16 59 72 7
split_gain=8.26062 3.12907 3.11573 3.29047 2.8962 2.44941 2.6741 2.22823 3.90626 2.27349 2.15064 3.88958 4.0206 2.07973 2.13801 1.95132 1.93089 1.8318 1.77584 1.76225 1.81856 1.71257 1.65301 1.48619 1.45108 1.25996 1.23887 1.19045 1.60587 1.33215
threshold=1.1568927647950564 1.4897532789203687 -0.1275632540063926 2.0737796302702192 0.81132365796809613 0.020789061397282097 -0.010663220415670136 2.3617364200331212 2.4008649182581672 0.17823283096822209 0.51533516738383678 -0.024865420475417895 -0.18149108993232685 0.019448456182446176 -0.098274755315178028 0.010654894527551471 -0.0029178157735200139 0.95914193898418276 0.048430541156176961 0.0044354796085307137 -0.10576149486106821 2.5290764987037901 -0.0051835681882990139 1.1481238736425605 -0.10049873400616875 -0.10277799730152891 0.095389379885484141 0.41311176389033316 -1.2294148049806126 0.0044149834439313083
decision_type=10 10 10 8 10 10 10 10 10 10 10 8 8 10 10 10 10 10 10 10 10 8 10 10 10 10 10 8 10 10
left_child=1 18 3 4 17 6 -6 13 9 -9 19 15 -13 14 21 -12 -16 -2 27 -5 -21 -4 -3 -7 -15 -26 -24 28 29 -1
right_child=2 22 7 10 5 23 -8 8 -10 -11 11 12 -14 24 16 -17 -18 -19 -20 20 -22 -23 26 -25 25 -27 -28 -29 -30 -31
leaf_value=-0.0067216150723004202 0.014853463976335581 -0.0028627432951919716 -0.011274958765624749 0.0017117111728643893 0.0053680031156566835 0.015595175866621137 -0.0045966418824382512 0.017021795512310277 -0.012140966611081196 0.0035679233829101868 0.020806563158824294 -0.014116086759591129 0.01055290022653407 0.0033031577756163421 0.012054980519647485 0.0054502713071745241 0.00030775019794269595 -0.0028953011198609171 -0.006354690714449154 0.0050929563142123793 0.020064990426165188 0.0033732272136498299 0.0092858555807793387 0 0 -0.018932276540569604 -7.8973899154848197e-05 -0.00096325768213260444 -0.0050863501951467893 0.0056160347078074617
leaf_weight=10.199029888608491 22.115330168977383 23.926569944014773 22.158341956674121 9.9075738980900478 34.673882334842347 12.844649064005354 73.989500276278704 17.637447707122192 8.7193583375774306 32.560455853585154 11.795687809353693 13.984525712206958 8.8257249556481856 4.8554499733727452 13.6716789342463 22.240308416308835 93.62833009834867 6.0458250953815869 98.316575285280123 11.36163186887279 30.576594253303483 9.4645833825925383 38.939823735971004 9.349225174635647 4.1379815430846074 11.792982740211297 17.701252915896475 373.32138970453525 164.97612402192317 24.978417803533375
leaf_count=2690 399 1709 974 128 1051 278 2204 297 148 739 140 209 190 170 428 402 4990 303 22895 189 495 242 3007 355 250 690 1595 60749 44372 6071
internal_value=6.86003e-06 -0.00195955 0.00305282 0.00521746 0.00241663 0.000483573 -0.00136967 0.000376849 0.0053237 0.00859379 0.00922837 0.00497988 -0.00440285 -0.00145116 -7.73372e-05 0.0112998 0.00192972 0.0109715 -0.00263274 0.0136475 0.0162918 -0.00682986 0.00358034 0.00935441 -0.0100702 -0.0142777 0.00635655 -0.00197948 -0.00384578 0.00186912
internal_weight=1238.7 752.359 486.337 267.71 159.018 130.857 108.663 218.627 58.9173 50.1979 108.692 56.8462 22.8103 159.709 138.923 34.036 107.3 28.1612 671.792 51.8458 41.9382 31.6229 80.5676 22.1939 20.7864 15.931 56.6411 573.475 200.154 35.1774
internal_count=158359 143088 15271 6343 4590 3888 3255 8928 1184 1036 1753 941 399 7744 6634 542 5418 702 136777 812 684 1216 6311 633 1110 940 4602 113882 53133 8761
is_linear=0
shrinkage=0.03


Tree=51
num_leaves=31
num_cat=0
split_feature=70 57 36 30 63 32 5 44 56 16 53 54 17 13 44 3 45 68 41 55 23 70 60 60 60 44 52 50 45 50
split_gain=8.2721 3.63095 2.73603 3.23942 2.53393 2.32061 2.91786 2.48899 2.32545 1.94527 1.84739 2.29603 1.89129 1.62616 1.97596 1.59026 1.52199 1.45195 1.67747 1.47017 1.31728 1.22087 1.10774 1.17075 1.1049 1.10367 0.981661 2.81519 1.95117 1.55997
threshold=1.4231002003258915 0.96719734942567903 -0.31802788338412408 0.67377663249241382 0.1206720259502151 0.35371105579485496 0.042593097406731416 0.074067882119761466 0.036999011331660205 0.037871103502801436 0.010989559495124484 0.50772671277683135 0.46281380066388539 0.16119167202148724 0.12547988852472428 0.2748429342344047 0.0062283462858557194 2.239195581214128 0.00034386849221934584 0.33190116665436026 -0.046719884642310854 -0.44165359050733594 0.98581558827635496 0.83583701363592422 0.89028225489425283 0.083204900209581836 0.60896649527140501 0.01642059579430644 0.0059147204782871313 0.0098492531586915639
decision_type=8 10 8 10 10 10 10 10 8 8 8 10 2 8 10 8 10 10 10 8 10 10 10 10 10 10 2 10 10 10
left_child=1 9 3 20 -3 7 25 10 -9 13 11 -4 -12 14 21 -10 -5 18 19 -6 -2 -1 23 -15 -20 -7 27 28 -11 -28
right_child=2 4 5 16 17 6 -8 8 15 26 12 -13 -14 22 -16 -17 -18 -19 24 -21 -22 -23 -24 -25 -26 -27 29 -29 -30 -31
leaf_value=-0.003953045507688724 0.019143946271018002 0.021412411595907548 0.0016502340527875957 0.0082265707571158812 -0.017014805274215568 0.0077190194021596161 -0.0047875490535597585 -0.024652581806030235 -0.00035730396034262991 0.0062836684395635688 0.0041208027804038733 -0.021931879711872729 -0.0034195848909281661 0.0018886925241432253 -0.014788301780425648 -0.018394458582241112 -0.0081981416184953443 -0.0043006212030450479 0.0041986945552129167 0.0029039839833150689 0.006318672744427877 -0.00053176788050769567 -0.014793026271531045 0.013632721505608295 0.016325883826063849 0.020871257583350605 -0.020547116631403524 0.01635750619723347 -0.0070825146019679831 -0.0052026930834529568
leaf_weight=134.02219477185281 22.445686041610315 6.3745546829886726 8.8101769614731875 8.3674127106787655 3.5625026904745001 15.364705880638214 8.9236165662296099 3.7283791662193826 42.025047146249563 12.138920372235587 245.57226630405057 5.0328567296965039 32.870596247375943 24.665320380125195 9.4821029994636756 3.9723847103305152 10.030853268224744 18.01204949838575 18.057973020244393 11.094038694980554 13.617489637341349 318.0787777567748 1.4837572146207083 10.89121750066988 12.007665046607142 12.319039086345581 5.4884214135818175 6.1948555209673932 37.278586163301952 170.95612437522504
leaf_count=34121 221 64 273 150 146 223 205 146 1607 2065 8054 178 1329 3132 2382 214 205 872 1239 946 191 52064 50 584 316 211 1242 1328 7602 36646
internal_value=-9.75591e-06 -0.00181995 0.00332278 0.00957125 0.00469291 0.00239324 0.00948737 0.00159973 -0.00452243 -0.00244561 0.00266337 -0.00762127 0.00321086 -0.00137623 -0.00186872 -0.00233709 -0.000534626 0.00263763 0.0055306 -0.00252349 0.0146832 -0.00155909 0.00456992 0.00584255 0.00950826 0.0141998 -0.00471478 -0.00114565 -0.00368023 -0.00581
internal_weight=1232.87 799.789 433.081 54.4614 69.1088 378.619 36.6074 342.012 49.7258 730.68 292.286 13.843 278.443 498.623 461.583 45.9974 18.3983 62.7342 44.7222 14.6565 36.0632 452.101 37.0403 35.5565 30.0656 27.6837 232.057 55.6124 49.4175 176.445
internal_count=158006 144799 13207 767 3583 12440 639 11801 1967 141216 9834 451 9383 92333 88567 1821 355 3519 2647 1092 412 86185 3766 3716 1555 434 48883 10995 9667 37888
is_linear=0
shrinkage=0.03


Tree=52
num_leaves=31
num_cat=0
split_feature=63 69 58 8 57 44 38 48 32 22 46 42 78 53 60 5 52 20 38 52 40 53 5 41 34 41 43 5 47 9
split_gain=7.95413 5.00284 3.1761 3.11278 3.02827 2.55671 2.63022 2.90169 2.09967 2.07439 2.43901 1.7614 1.58529 1.54655 2.39635 1.51164 2.09116 1.51313 1.48736 1.42553 1.40671 1.20963 1.81129 1.47696 1.20698 1.0934 1.09217 1.05749 1.1274 1.00799
threshold=0.1323369911956106 1.2915360392881925 0.97870072131742514 0.0094013806987268671 0.96719734942567903 0.15576978428121704 0.95337450429060899 -0.0018044692902551283 0.2803473246804839 0.061941749050631996 0.0061687140134705377 -0.089224177365008303 -2.1377157929300075 0.019447971045763061 0.92528186428601378 0.0079168296358348329 0.1960167714884696 -0.011946647053560187 1.0369544544983009 0.40245463756102057 -0.0020651657783935591 0.017635968449793909 0.029905092696411895 0.0083481539330804173 0.0021040715417020672 0.016786076953157262 0.015078202802461972 0.01615466924306929 -0.013072899891119647 2.0657742780898629
decision_type=10 10 10 8 10 10 8 10 10 10 10 8 10 10 10 10 2 10 10 2 10 10 8 10 8 10 10 10 10 8
left_child=1 3 24 15 8 6 7 -5 13 10 -6 -8 -11 21 19 17 -17 -1 27 -15 -14 23 -23 -2 -3 -16 -22 -10 -29 -7
right_child=4 2 -4 5 9 29 11 -9 18 12 -12 -13 20 14 25 16 -18 -19 -20 -21 26 22 -24 -25 -26 -27 -28 28 -30 -31
leaf_value=0.021024294851614271 -0.0043002657440355868 0.023855347218810212 0.0015060150398690483 0.0096070464440220875 -0.0046929448388344629 0 -0.016114007561442406 -0.0011641447078958027 -0.0045861418336302457 -0.01307057326352625 0.020198544174031257 0.0019422846151040593 -0.0090896480356199832 -0.0007845675207171749 0.01348368566259122 -0.016291878046580149 -0.0019085247952072778 -0.0024685006661867115 -0.010711724525840209 -0.013104227367582459 -0.0009071227349278728 0.0057283049436712054 -0.012446100619865577 -0.00094904834755225919 0.010101664248769461 -0.0058125699976863537 0.0056820811649523351 0.00090426016664447778 0.014158973759449658 -0.027644572919663199
leaf_weight=3.811177953495644 329.1819572118111 15.56515054637566 17.113923437893391 96.548010824248195 4.4705344021785995 2.1315138071076936 3.982045182492584 28.379257142893039 5.2199132007081088 5.9059162968769661 10.125180225935763 171.57710611080984 8.6311494830297288 11.58934445097111 5.4058245441410673 9.2250272979726997 95.615719606401399 4.279521720716728 4.1297915147151789 38.598418472218327 37.515036014607176 28.525837982597295 4.8868972881464279 189.61865834228229 14.236677052336747 3.4842532770708203 52.720636206679046 10.039629530627282 15.05272982700262 2.2222393329720944
leaf_count=247 67711 171 220 2425 176 197 162 828 612 210 287 7520 225 2800 280 1596 10682 455 224 10231 1871 6619 328 37877 208 238 1999 676 629 153
internal_value=-0.000132385 0.00295716 0.0121539 0.00189065 -0.00201416 0.00346785 0.00383055 0.00714656 -0.00282742 0.00234728 0.0125701 0.00142679 0.00078942 -0.00323765 -0.00784773 -0.0023335 -0.00334444 0.00936332 0.00425479 -0.0103889 0.00176999 -0.00272573 0.00269854 -0.00308537 0.0179237 0.0057946 0.00292985 0.00666663 0.00920855 -0.0170443
internal_weight=1229.79 464.687 46.9158 417.772 765.102 304.84 300.486 124.927 645.733 119.368 14.5957 175.559 104.773 611.291 59.0778 112.931 104.841 8.0907 34.4421 50.1878 98.8668 552.213 33.4127 518.801 29.8018 8.89008 90.2357 30.3123 25.0924 4.35375
internal_count=157857 24864 599 24265 132993 11285 10935 3253 128225 4768 463 7682 4305 126084 13549 12980 12278 702 2141 13031 4095 112535 6947 105588 379 518 3870 1917 1305 350
is_linear=0
shrinkage=0.03


Tree=53
num_leaves=31
num_cat=0
split_feature=70 38 69 40 39 72 72 43 0 60 45 78 76 7 16 69 65 5 59 60 60 0 8 44 44 53 53 50 18 19
split_gain=7.32315 2.9732 2.40043 2.09063 2.8035 2.15206 2.6594 1.91885 1.76185 1.80041 1.74321 1.58874 2.21472 2.05956 1.58039 1.55447 1.42108 1.35933 1.35173 1.84265 1.31924 1.30102 1.30866 1.29163 1.69311 1.47476 1.31107 1.23301 1.21345 1.37355
threshold=1.2781701436320982 1.2773436801191003 1.3267014105295998 0.0096357416073785344 0.048446622253398137 1.6190514471426323 -0.2250567485458442 0.015317282313024318 -0.03644371962209441 0.10471182365432881 0.014770818854618414 -0.37315419136521794 -0.25315694096422858 0.016408336087127488 0.032834106041844564 1.8728196096185827 0.092762720319255088 0.032025328651806871 0.97080288796103009 0.93292043769494315 0.064921893522299212 -0.019850606446934312 0.011944593461886808 0.077141766390349323 0.085623221586974788 0.019586952087893923 0.017194055094707238 0.034942070764403262 27.257028680260245 -1.2338084311052115
decision_type=8 10 10 10 10 10 8 10 10 10 10 10 10 10 8 10 10 10 10 10 10 10 10 10 10 10 10 10 10 10
left_child=2 3 14 4 11 6 -5 10 -3 -10 21 13 -13 -2 20 27 -9 -8 19 -6 -1 -4 -23 25 -25 26 -16 -11 -7 -30
right_child=1 8 7 5 18 28 17 16 9 15 -12 12 -14 -15 23 -17 -18 -19 -20 -21 -22 22 -24 24 -26 -27 -28 -29 29 -31
leaf_value=0.0040467283837766939 0.0030559912002938532 0.0085867971185227578 -0.01905261577938791 0.015943992537066399 -0.010282319153165482 0.0032053062196802829 0.0034470504408471666 0.016808656466593921 0.0099561079746253046 -0.009589948604222142 0.010506636122191859 0.0052505925199665456 -0.0012092430769604116 0.01203711100150078 -0.005894489153165784 0.0029438522523272453 0.0037607448939512367 -0.010102983099914217 -0.01715048097773117 0.010211453032900329 -0.0019463365689793095 0.00053974606035701335 -0.013666680787341672 0.0082795986290467843 -0.0035239183454415343 -0.015695112701914697 0.003834858234828294 0.001817635165883477 0.021352434988263953 0.0071349320737158885
leaf_weight=34.77525937941391 57.775340310065076 11.111407635500653 4.2220793538726857 8.9891929321456683 8.1507520498707908 9.762438507517798 14.748479710542599 8.3873685735743475 6.8176072513451791 45.019398622796871 6.819801067467778 95.882583869737573 92.461987337563187 39.720177224138752 137.23179944173899 15.460817254148422 49.74411330325529 10.413324784021823 7.0895464015193275 5.8977974960580459 404.19741378939943 25.400572153739635 6.4199855505721635 13.313906707684508 44.888283280539326 12.392512934398836 12.638322146085555 9.5970232032705081 18.159181208582595 12.231924674939366
leaf_count=6277 2309 339 371 139 429 150 362 153 338 2793 477 2570 3004 563 30313 422 4152 264 147 139 78312 2718 714 3111 10320 3214 2790 613 233 197
internal_value=-3.09718e-05 0.00290996 -0.0018513 0.00405798 0.00293218 0.00856848 0.00279494 0.00242302 -0.00201978 -0.00368151 -0.00231386 0.00372487 0.00207385 0.00683047 -0.00251314 -0.00517189 0.00594649 -0.00221784 -0.0073355 -0.00137252 -0.00145663 -0.00503882 -0.00256415 -0.00458716 -0.000678913 -0.0059579 -0.00503416 -0.00753486 0.0132188 0.0161353
internal_weight=1229.72 469.289 760.431 381.283 306.978 74.3045 34.151 100.994 88.0063 76.8948 42.8624 285.84 188.345 97.4955 659.437 70.0772 58.1315 25.1618 21.1381 14.0485 438.973 36.0426 31.8206 220.465 58.2022 162.263 149.87 54.6164 40.1535 30.3911
internal_count=157933 15011 142922 10506 9161 1345 765 8585 4505 4166 4280 8446 5574 2872 134337 3828 4305 626 715 568 84589 3803 3432 49748 13431 36317 33103 3406 580 430
is_linear=0
shrinkage=0.03


Tree=54
num_leaves=31
num_cat=0
split_feature=70 78 72 57 10 52 71 42 56 52 43 53 53 49 48 75 43 50 52 47 48 37 51 29 52 66 70 69 32 43
split_gain=7.33068 4.18891 2.61781 2.34825 2.41781 2.35934 2.31044 2.05772 2.0509 2.87821 1.96568 2.09705 1.84104 3.17882 3.17368 2.30429 1.76405 1.74251 1.70195 2.73473 1.84547 1.63971 1.61651 1.5916 1.56796 1.4654 1.39364 1.34885 2.71033 1.53405
threshold=1.2781701436320982 -0.33202681289476249 2.4202603413856472 0.0043243293783250597 1.3332366628763528 0.6695100602478119 0.035114942903349537 0.012906257829893632 0.81210179594818233 0.52535896507161428 0.047820640939425181 0.010900370658205363 0.017194055094707238 0.017568464436558243 -0.063597869116123071 -0.36012803518197728 -0.0062751531280672559 -0.0019790961127074676 0.23099646237003255 -0.12747583129116555 -0.031464981314429812 -0.38904801659025451 0.83442187203341567 -6.1280007223452531 0.89779664779664792 0.96690792738223574 2.0640157980596787 2.2046455762204746 0.23307934719532422 0.015317282313024318
decision_type=10 10 10 8 8 2 8 10 10 2 10 10 10 10 8 10 10 10 2 10 10 8 2 10 2 10 10 10 10 10
left_child=6 3 12 -2 5 -5 10 8 9 -4 11 16 14 25 -3 -15 17 -1 19 -13 -20 26 -12 -16 -24 -14 -6 -8 29 -29
right_child=1 2 7 4 21 -7 27 -9 -10 -11 22 18 13 15 23 -17 -18 -19 20 -21 -22 -23 24 -25 -26 -27 -28 28 -30 -31
leaf_value=0 0.019238926125955156 0.013000019153512716 0.014407512002326874 -0.011499102151472755 -0.0064845972531842088 0.0081615345839321143 -0.00079210949062058272 0.01187148752629421 -0.0078217313471096468 -0.0025851080045654262 0.0068207032544687889 -0.014033221216349598 -0.01507818535654225 0.0085811767839047114 0.010529438542832063 -0.010561001485867388 -0.0043450213893302912 0.026555051301824447 -0.0095885840407678447 0.0090935658648101676 -0.0039847449890455713 0.01096338637310381 -0.012955041277693032 -0.00070442075641849867 0.005006369284627301 0.003303357792222027 0.0089094850501058327 0.00017199870829697378 -0.0043984397849181726 0.015730044945989403
leaf_weight=4.1000691317021838 14.101945597678421 17.542193291010335 16.58521676948294 11.412168812472379 10.138367858715357 8.7805121026467514 372.89778384956298 32.029613293940201 12.772366610588504 17.295669130515307 27.279728162102401 5.2087103318190229 22.494336753385145 16.976854557869959 11.110227552009745 7.209263172815553 6.9437247621826819 4.1492192400619379 73.054532708018087 16.531560802715831 210.92665091471281 60.334666021168232 8.6319230139488337 179.95061432453804 6.9567187265492967 3.9921715609962112 9.0246778987348062 8.940172644681299 16.640362248988822 17.085238720639609
leaf_count=971 100 571 255 259 200 155 46630 532 267 284 6816 1435 900 526 296 455 1667 951 19637 3939 56932 1095 2397 7214 1678 265 123 448 585 530
internal_value=1.88659e-05 0.003058 0.00136108 0.00801589 0.00622321 -0.00282667 -0.0017406 0.00611737 0.00193773 0.00582161 -0.00348345 -0.00429195 -8.87486e-05 -0.00517095 0.00115026 0.0025635 0.00621338 0.014934 -0.00484236 0.00304729 -0.00546545 0.00856574 0.00246054 0 -0.00493999 -0.0121791 0.000698649 -0.00020301 0.00477723 0.0107007
internal_weight=1231.1 451.751 337.959 113.792 99.6904 20.1927 779.346 78.6829 46.6533 33.8809 363.783 320.914 259.276 50.6726 208.603 24.1861 15.193 8.24929 305.721 21.7403 283.981 79.4977 42.8684 191.061 15.5886 26.4865 19.163 415.564 42.6658 26.0254
internal_count=158113 13497 11565 1932 1832 414 144616 1338 806 539 96423 85532 10227 2146 8081 981 3589 1922 81943 5374 76569 1418 10891 7510 4075 1165 323 48193 1563 978
is_linear=0
shrinkage=0.03


Tree=55
num_leaves=31
num_cat=0
split_feature=70 57 53 70 48 44 78 44 7 52 41 70 53 14 37 14 12 44 15 44 43 41 2 63 0 64 22 4 14 76
split_gain=6.28274 2.28855 1.75661 2.24337 1.70553 2.92815 2.16503 3.58753 2.47684 1.83021 1.78996 1.7261 1.55166 2.00776 2.12519 1.49684 2.77644 2.64208 1.38674 1.29149 1.1363 1.09443 1.0632 1.20487 1.14991 1.38929 1.14079 1.01419 1.29871 0.975865
threshold=1.1214016497662718 0.97080288796103009 0.010989559495124484 2.4506067413423991 -0.00013129309555437449 0.027688202355814599 -0.30163145511064265 0.01915309540888133 0.025026871997952806 0.6513878278584162 0.019448456182446176 1.4231002003258915 0.021231719632595906 -0.28372556486100187 -0.55666647680617021 0.29101166270754492 -0.051905629395624923 0.062009596207282865 0.016150331965830492 -0.12918327945539967 -0.053124800089148654 0.022339254620963315 -0.055686118120612464 0.18796074826410583 0.003505701987804311 0.1848394388556244 0.1826712848467387 -0.067814082252462479 0.31742903900276181 -0.14783014029499805
decision_type=10 10 10 10 10 10 8 10 10 2 10 10 10 8 8 10 10 10 10 8 8 10 10 10 10 10 10 8 10 10
left_child=1 12 3 27 6 -6 7 8 -4 18 -11 -9 13 14 -1 17 -17 -8 -7 -15 -21 -14 -3 -24 26 -26 -25 -2 -29 -16
right_child=2 22 4 -5 5 9 15 11 -10 10 -12 -13 21 19 29 16 -18 -19 -20 20 -22 -23 23 24 25 -27 -28 28 -30 -31
leaf_value=0.01780015185367374 0.010611499736635279 -0.011187355426992941 -0.0063981198079867607 -0.020358430487381219 0.014156306166567526 -0.022388738624406511 0.0026853744521228061 0.0025516903215997986 0.011616419122277974 0.0015814983840827909 -0.0091938385139014693 0.014457465173005186 -0.0038888032474339524 -0.020375630504406092 0.0051169760880124164 0.016869286282184273 0.0026996233482119588 -0.0058619610336399256 0 0.0034159013196700208 -0.002548538855387277 -0.0158514525071775 0.018294970678494313 0.0059107345502614084 -0.0085052311963746945 0.010962090264143718 -0.0078960151256795199 -0.016903413812922746 0.0057411630976915021 -0.0098693223520941332
leaf_weight=8.1847658695187402 4.845375747885555 2.7212539741303763 21.204330975888301 5.7692052663769564 9.488597897347061 5.8244930671062303 179.34889822767582 15.600338635500519 8.9188991673290712 57.962540274835192 17.07470380468294 47.840549807297066 19.053681415971372 2.6246531419456005 9.2788125366205332 15.874485196312888 52.34740452672122 38.602849469636567 3.7869826920796186 28.931988799595274 598.90883799793664 11.70645047968719 4.8895250875502816 8.6126014963956568 2.9941341284429681 19.320343043305911 11.050053387763908 3.4926077276468295 3.6084247743710876 5.280758440843786
leaf_count=202 111 120 412 179 279 237 6755 357 121 1979 658 648 4675 618 442 224 1697 1773 160 5921 124004 2971 56 635 216 1076 681 245 93 367
internal_value=-0.000162564 -0.00192256 0.00245621 -0.00653277 0.00281162 -0.000770352 0.00370717 0.0076628 -0.000766112 -0.00262431 -0.000919638 0.0116614 -0.00237792 -0.00205347 0.00648996 0.00238125 0.00623615 0.00113794 -0.0143092 -0.00237622 -0.00226392 -0.00889167 0.00422176 0.00539418 0.00343095 0.00796854 -0.00170984 0.000969034 -0.00573787 -0.000410705
internal_weight=1225.15 733.558 491.591 17.7156 473.875 94.1373 379.738 93.5641 30.1232 84.6487 75.0372 63.4409 683.97 653.21 22.7443 286.174 68.2219 217.952 9.61148 630.465 627.841 30.7601 49.5879 46.8667 41.9771 22.3145 19.6627 11.9464 7.10103 14.5596
internal_count=157912 141984 15928 628 15300 3313 11987 1538 533 3034 2637 1005 139200 131554 1011 10449 1921 8528 397 130543 129925 7646 2784 2664 2608 1292 1316 449 338 809
is_linear=0
shrinkage=0.03


Tree=56
num_leaves=31
num_cat=0
split_feature=59 36 69 55 22 30 3 66 66 40 72 34 18 59 72 17 17 53 39 36 7 69 46 55 53 53 44 49 54 43
split_gain=6.9604 2.27854 2.693 2.93194 2.86158 2.27857 2.36473 1.87284 1.93742 1.97196 1.80026 1.63358 1.56875 1.56689 1.56747 1.49154 1.46659 1.32665 1.23883 1.13855 1.11945 1.11425 1.09649 1.07584 1.05666 1.73795 1.18664 0.99957 1.34594 1.09966
threshold=0.90179360784418805 -0.31802788338412408 2.3617364200331212 0.87090053763440867 0.22372948357651948 0.66692446285963281 -0.0038155535618429877 0.036999011331660205 0.98183651026392971 -0.0025102523907084089 1.77884452689987 0.011958497669115048 59.769707482591919 0.41311176389033316 -1.2294148049806126 -0.063490908937278864 -0.27608459723051332 0.010900370658205363 0.025816382565234445 0.27961611513350487 0.0045719017754043134 3.2376139196343092 0.0058836617058301626 0.33190116665436026 0.019391975326251903 0.018097690716036615 0.15576978428121704 0.018105820426894684 0.56052014714107801 0.04852961532303169
decision_type=10 10 10 10 10 10 10 10 10 10 8 10 8 8 10 2 2 10 10 10 10 10 10 10 10 10 8 8 10 10
left_child=13 5 7 4 23 6 -2 12 9 -9 -6 19 15 14 20 -3 -7 22 -10 -5 -1 -13 -16 -4 25 -19 -26 28 -22 -29
right_child=1 2 3 11 10 16 -8 8 18 -11 -12 21 -14 -15 17 -17 -18 24 -20 -21 27 -23 -24 -25 26 -27 -28 29 -30 -31
leaf_value=-0.0055193335532110728 0.016693197932574979 -0.0090249214348278751 0.0090598356817878853 -0.014187005607572561 -0.0052720340988578222 0.0094157351520487119 0.0014247974501603174 0.0056693158527270577 -0.014427196346760457 0.00055950346677768978 0.011675265094763758 0.012726269221915535 -0.015696827253093092 -0.00093652716458999836 -0.0029147570148447466 0.0041533823083809776 -0.0055869937457893688 -0.0055430045245564111 0.0023542632395216314 0.001438969145438521 0.013364761686613906 -0.00019455729719073403 0.015814123006198128 0.021440014625019977 -0.015264859304678021 0.0088550608187909184 0.0019046543307941388 -0.013476856712918208 -0.00073783387717700607 0.0065360331784403303
leaf_weight=14.930523690651169 28.008066471666098 13.030398117844015 14.989621255546806 8.3721289818640781 12.192926729097961 8.4081422691233474 14.270700456108896 89.941035328549333 10.130413684411904 276.91217695001978 8.772607000544669 8.8472413029521704 9.1598075652727839 412.46288487646962 5.6349389513488841 15.998609632719308 14.564642879180608 154.02871418523137 5.3288898267783216 6.7226449855370438 12.965417504659856 14.195364692015573 3.8444755687378347 17.682248014956713 17.445617849589325 6.9015260562300673 3.879729749052788 4.3242003193590817 9.9464239772642014 3.5485971556045115
leaf_count=3873 297 511 149 245 240 146 233 2224 573 8242 101 178 480 79814 1356 483 285 41962 227 184 2906 298 845 178 5172 1779 793 1128 2304 794
internal_value=5.78082e-05 0.00245446 0.00176582 0.00639686 0.0108526 0.00770729 0.0117608 0.000735199 0.00137847 0.00183243 0.00189134 0 -0.00549897 -0.0020678 -0.00400814 -0.00176568 0 -0.00519553 -0.0086687 -0.00738437 0.0009123 0.00496461 0.00517891 0.0162869 -0.00577681 -0.00485614 -0.0120614 0.00420153 0.0073423 -0.00439813
internal_weight=1227.44 577.528 512.276 91.7748 53.6374 65.2516 42.2788 420.501 382.313 366.853 20.9655 38.1374 38.1888 649.913 237.45 29.029 22.9728 191.735 15.4593 15.0948 45.7152 23.0426 9.47941 32.6719 182.256 160.93 21.3253 30.7846 22.9118 7.8728
internal_count=158000 15274 14313 1573 668 961 530 12740 11266 10466 341 905 1474 142726 62912 994 431 51907 800 429 11005 476 2201 327 49706 43741 5965 7132 5210 1922
is_linear=0
shrinkage=0.03


end of trees

feature_importances:
return_dispersion_20d=116
spy_return_60d=96
cs_z_momentum_120d=66
cs_rank_momentum_120d=63
cs_rank_vol_60d=54
momentum_120d=50
spy_return_5d=50
spy_vol_20d=50
spy_vol_60d=50
avg_corr_to_spy_60d=47
cs_rank_distance_to_60d_high=46
mom_60_20_divergence=45
breadth_above_sma_50d=42
spy_return_20d=39
spy_return_10d=38
cs_z_vol_60d=38
vol_compression=36
cs_z_vol_20d=34
cs_rank_beta_60d_spy=33
downside_ratio=32
spy_drawdown_120d=29
spy_price_to_sma_50d=28
cs_z_vol_compression=28
price_to_sma_50d=23
vol_20d=21
residual_momentum_60d=21
return_20d=20
downside_vol_20d=20
beta_20d_spy=20
vol_60d=19
macd_hist=19
spy_price_to_sma_20d=19
cs_z_beta_60d_spy=19
mom_beta_adjusted=17
cs_rank_vol_compression=17
beta_60d_spy=16
cs_z_distance_to_60d_high=16
return_1d=15
dollar_volume_ratio_20d=15
beta_instability=15
drawdown_reversal_setup=15
cs_rank_momentum_20d=15
cs_rank_vol_20d=15
upside_vol_20d=14
spy_drawdown_60d=13
relative_momentum_20d_vs_spy=12
trend_strength=12
excess_return_60d_vs_spy=11
volume_zscore_20d=11
distance_to_60d_high=11
breadth_above_sma_20d=11
mom_vol_ratio=10
cs_rank_momentum_60d=9
cs_z_momentum_20d=9
return_10d=8
volume_zscore_60d=8
momentum_60d=7
bollinger_z_20d=7
excess_return_20d_vs_spy=7
mom_divergence=7
cs_z_volume_zscore_60d=7
return_60d=6
price_to_sma_20d=6
distance_to_20d_high=6
cs_rank_volume_zscore_60d=5
cs_z_momentum_60d=5
cs_z_residual_momentum_20d=5
rsi_14=4
short_reversal_5d=4
cs_rank_excess_return_20d_vs_spy=4
cs_rank_residual_momentum_20d=4
cs_z_excess_return_60d_vs_spy=4
return_5d=3
momentum_5d=3
cs_z_excess_return_20d_vs_spy=3
excess_return_5d_vs_spy=2
residual_momentum_20d=2
cs_rank_excess_return_60d_vs_spy=2
momentum_20d=1

parameters:
[boosting: gbdt]
[objective: lambdarank]
[metric: ndcg]
[tree_learner: serial]
[device_type: cpu]
[data_sample_strategy: bagging]
[data: ]
[valid: ]
[num_iterations: 57]
[learning_rate: 0.03]
[num_leaves: 31]
[num_threads: 0]
[seed: 101]
[deterministic: 0]
[force_col_wise: 0]
[force_row_wise: 0]
[histogram_pool_size: -1]
[max_depth: 6]
[min_data_in_leaf: 150]
[min_sum_hessian_in_leaf: 0.001]
[bagging_fraction: 0.8]
[pos_bagging_fraction: 1]
[neg_bagging_fraction: 1]
[bagging_freq: 1]
[bagging_seed: 101]
[bagging_by_query: 0]
[feature_fraction: 0.75]
[feature_fraction_bynode: 1]
[feature_fraction_seed: 101]
[extra_trees: 0]
[extra_seed: 15181]
[early_stopping_round: 0]
[early_stopping_min_delta: 0]
[first_metric_only: 0]
[max_delta_step: 0]
[lambda_l1: 0.1]
[lambda_l2: 1]
[linear_lambda: 0]
[min_gain_to_split: 0]
[drop_rate: 0.1]
[max_drop: 50]
[skip_drop: 0.5]
[xgboost_dart_mode: 0]
[uniform_drop: 0]
[drop_seed: 23279]
[top_rate: 0.2]
[other_rate: 0.1]
[min_data_per_group: 100]
[max_cat_threshold: 32]
[cat_l2: 10]
[cat_smooth: 10]
[max_cat_to_onehot: 4]
[top_k: 20]
[monotone_constraints: ]
[monotone_constraints_method: basic]
[monotone_penalty: 0]
[feature_contri: ]
[forcedsplits_filename: ]
[refit_decay_rate: 0.9]
[cegb_tradeoff: 1]
[cegb_penalty_split: 0]
[cegb_penalty_feature_lazy: ]
[cegb_penalty_feature_coupled: ]
[path_smooth: 0]
[interaction_constraints: ]
[verbosity: -1]
[saved_feature_importance_type: 0]
[use_quantized_grad: 0]
[num_grad_quant_bins: 4]
[quant_train_renew_leaf: 0]
[stochastic_rounding: 1]
[linear_tree: 0]
[max_bin: 255]
[max_bin_by_feature: ]
[min_data_in_bin: 3]
[bin_construct_sample_cnt: 200000]
[data_random_seed: 368]
[is_enable_sparse: 1]
[enable_bundle: 1]
[use_missing: 1]
[zero_as_missing: 0]
[feature_pre_filter: 1]
[pre_partition: 0]
[two_round: 0]
[header: 0]
[label_column: ]
[weight_column: ]
[group_column: ]
[ignore_column: ]
[categorical_feature: ]
[forcedbins_filename: ]
[precise_float_parser: 0]
[parser_config_file: ]
[objective_seed: 2051]
[num_class: 1]
[is_unbalance: 0]
[scale_pos_weight: 1]
[sigmoid: 1]
[boost_from_average: 1]
[reg_sqrt: 0]
[alpha: 0.9]
[fair_c: 1]
[poisson_max_delta_step: 0.7]
[tweedie_variance_power: 1.5]
[lambdarank_truncation_level: 50]
[lambdarank_norm: 1]
[label_gain: 0,1,2,3,5,8,13,21,34,55]
[lambdarank_position_bias_regularization: 0]
[eval_at: 5,10,25]
[multi_error_top_k: 1]
[auc_mu_weights: ]
[num_machines: 1]
[local_listen_port: 12400]
[time_out: 120]
[machine_list_filename: ]
[machines: ]
[gpu_platform_id: -1]
[gpu_device_id: -1]
[gpu_use_dp: 0]
[num_gpu: 1]

end of parameters

pandas_categorical:[]
