tree
version=v4
num_class=1
num_tree_per_iteration=1
label_index=0
max_feature_idx=78
objective=regression_l1
feature_names=return_1d return_5d return_10d return_20d return_60d vol_20d vol_60d downside_vol_20d upside_vol_20d beta_20d_spy beta_60d_spy momentum_5d momentum_20d momentum_60d momentum_120d price_to_sma_20d price_to_sma_50d macd_hist rsi_14 bollinger_z_20d excess_return_5d_vs_spy excess_return_20d_vs_spy excess_return_60d_vs_spy relative_momentum_20d_vs_spy volume_zscore_20d volume_zscore_60d dollar_volume_ratio_20d distance_to_20d_high distance_to_60d_high mom_vol_ratio downside_ratio mom_divergence mom_60_20_divergence mom_beta_adjusted trend_strength residual_momentum_20d residual_momentum_60d beta_instability vol_compression short_reversal_5d drawdown_reversal_setup spy_return_5d spy_return_10d spy_return_20d spy_return_60d spy_vol_20d spy_vol_60d spy_drawdown_60d spy_drawdown_120d spy_price_to_sma_20d spy_price_to_sma_50d breadth_above_sma_20d breadth_above_sma_50d return_dispersion_20d avg_corr_to_spy_60d cs_rank_momentum_20d cs_rank_momentum_60d cs_rank_momentum_120d cs_rank_vol_20d cs_rank_vol_60d cs_rank_beta_60d_spy cs_rank_excess_return_20d_vs_spy cs_rank_excess_return_60d_vs_spy cs_rank_distance_to_60d_high cs_rank_volume_zscore_60d cs_rank_residual_momentum_20d cs_rank_vol_compression cs_z_momentum_20d cs_z_momentum_60d cs_z_momentum_120d cs_z_vol_20d cs_z_vol_60d cs_z_beta_60d_spy cs_z_excess_return_20d_vs_spy cs_z_excess_return_60d_vs_spy cs_z_distance_to_60d_high cs_z_volume_zscore_60d cs_z_residual_momentum_20d cs_z_vol_compression
feature_infos=[-0.43452090331350879:0.52290083351866889] [-0.61014499786032883:0.88260863646066867] [-0.76666670795573144:1.0566034133703051] [-0.82992956002177165:1.6011328544898928] [-0.85304846129940903:3.1843478105994496] [0:0.22421856781514868] [0:0.15098312624435092] [0:0.14329584310333965] [0:0.16337929811143656] [-13.695037798663515:20.575205365344527] [-4.0149274431247379:4.8863263853067735] [-0.61014499786032883:0.88260863646066867] [-0.82992956002177165:1.6011328544898928] [-0.85304846129940903:3.1843478105994496] [-0.83371665409748386:3.8670393633078328] [-0.69421673038056464:0.66131114246219425] [-0.79930206832555228:0.90110352904013702] [-132.53715276993563:80.364006761273146] [0:99.861064002984776] [-4.3588989435444114:4.3588989435883247] [-0.61785372931017601:0.89255912114692015] [-0.76226676485515399:1.4709261398977567] [-0.82324954741436951:2.9093527779374631] [-0.77334040331749898:1.3346611088982128] [-3.1806480089076707:4.3588989435433447] [-3.1101259120259019:7.6809377036926092] [0:20] [-0.81943928948557032:0] [-0.85817267691977117:0] [-18.434164617079603:32.856245653518116] [0:1.000000000000042] [-1.3570366224156163:1.3461280008699332] [-2.0207628673232545:2.8009791764398404] [-1453.7642854441774:10803.162489620385] [-0.10473655208396172:1.0402577970351286] [-0.74485170073586715:1.5881473142128861] [-0.82942612636861368:2.9338428769512812] [-14.198964143960437:17.446146326974887] [0:1.7062872448354571] [-0.88260863646066867:0.61014499786032883] [-0.64546675664435349:0.50171155426150693] [-0.14545734432145407:0.10760484981852825] [-0.22629793900100381:0.13822858534601501] [-0.3098674839759894:0.19880920041384464] [-0.28352722298927002:0.27499503266198677] [0.0021730140768461124:0.057214790451066776] [0.0032232185571641754:0.038131002927157237] [-0.31978067271172672:0] [-0.31978067271172672:0] [-0.18100568915232662:0.10411797460671401] [-0.25990196507381258:0.12386824524671169] [0:0.98360655737704916] [0:0.96926229508196726] [0.009867952331218819:0.048661980569911334] [0.24489108561846168:0.82571605166733542] [0.0020161290322580645:1] [0.0020161290322580645:1] [0.0020202020202020202:1] [0.0020161290322580645:1] [0.0020161290322580645:1] [0.0020161290322580645:1] [0.0020161290322580645:1] [0.0020161290322580645:1] [0.0020161290322580645:1] [0.0020161290322580645:1] [0.0020161290322580645:1] [0.0020161290322580645:1] [-10.036419127683077:15.738424952473304] [-8.1746382519581609:16.457532645463687] [-5.9157233637200122:14.200215155348952] [-2.7783658620320599:17.573692755422847] [-2.9782850486284764:14.693670814366223] [-6.3974491418552946:8.9620500168724586] [-10.036419127683077:15.738424952473304] [-8.1746382519581609:16.457532645463687] [-11.877286787638962:2.8116905715835778] [-3.6952301696231564:12.409992861481406] [-10.270548291498804:16.015521325695076] [-7.1400433713186926:5.6178315661714455]
tree_sizes=2780 2535 2621 2421 2714 2728 2820 2710 2737 2146 2895 2809 2626 3020 2793 2714 2815 2239 2710 2505 2531 2798 2712 2993 3017 2740 2804 2742 2447 2704 2443 2843 2157 2804 2718 2626 2174 2729 2039 2623 2304 2122 2260 2042 2359 2220 2831 2602 2530 2521 2910 2713 2199 2228 2935 2627 2325 2325 2364 2509 2302 2703 2627 2292 2542 2619 2321 1956 2417 2600 2033 1491 2132 2512 2033 2539 2060 2231 2501 2660 2412 2054 2126 2147 2533 2908 2868 3129 2726 1655 2212 1829 2432 2807 2164 2314 2804 3094 2123 2305 2587 1569 2726 1937 2531 2123 2915 2613 2713 2420 1970 1940 2582 2227 3006 2138 2738 2342 2136 2135 1857 2225 2165 2116 2113 2315 2698 2121 1656 2038 2791 2123 2041 1667 2884 2926 2317 2435 2421 2134 2346 3013 2497 2313 2061 2225 1582 1856 2822 2504 2521 2819 2348 2157 1962 1935 2299 2154 2154 2626 2532 1965 2304 3006 1286 2695 3146 2232 1471 1864 2494 1568 2325 2254 2712 1874 1573 2347 1672 2511 2228 2270 2305 1609 1557 2624 2235 2326 2120 2707 2113 2511 2605 2272 1970 2486 1683 2527 2852 1575

Tree=0
num_leaves=28
num_cat=0
split_feature=21 46 6 6 50 46 70 44 46 46 59 5 37 45 44 57 6 47 45 44 7 15 50 42 61 26 28
split_gain=140.961 58.9909 129.235 69.9773 62.977 57.2085 84.4072 87.7214 71.257 54.5519 53.0116 48.2819 46.2268 43.5848 42.0842 49.0795 41.5989 37.8531 28.0187 35.5026 65.2301 31.7424 26.4899 25.1068 21.2403 14.1779 11.7276
threshold=0.034365520119617472 0.034948848981301156 0.054967886072152423 0.019798182724293744 0.060614384894817637 0.0071743218066912407 -0.21706629662203134 -0.084893261369471937 0.0090042252663953045 0.0097516897359892756 0.15822142912162687 0.02227317623383723 0.45064991633575702 0.018619044111080962 0.076579197281208891 0.19210327191838897 0.060421667068357159 -0.15327845528716069 0.0053649681271666092 0.061421842166587422 0.0055628897138654135 0.012824093344889322 0.050985020605297311 -0.0052413906117119149 0.96335109558255505 0.82465771681633371 -0.1309882119408636
decision_type=8 10 8 10 10 8 8 8 10 10 10 10 8 10 10 8 10 10 10 10 8 8 10 10 10 10 10
left_child=1 3 11 4 9 18 7 13 -9 -1 -5 -3 -6 -7 16 -16 -8 -4 21 23 -21 25 -12 -20 -23 -2 -13
right_child=5 2 17 10 12 6 14 8 -10 -11 22 26 -14 -15 15 -17 -18 -19 19 20 -22 24 -24 -25 -26 -27 -28
leaf_value=-0.018961622044444085 -0.020449762791395189 -0.028301761448383332 -0.020203174948692323 -0.010750792920589447 -0.015150617957115173 -0.029252876341342927 -0.019522281810641289 -0.022484623491764069 -0.02005623832345009 -0.0201032754778862 -0.017192527204751968 -0.021792087256908416 -0.021972219944000244 -0.022095111012458802 -0.031281065046787265 -0.020957652479410172 -0.0093285027146339412 -0.0091385266184806826 -0.016611824929714202 -0.012513836920261383 -0.019277783632278441 -0.019121063780039547 -0.019843802936375141 -0.019962936900556089 -0.022085165530443193 -0.024754393398761749 -0.024784769415855407
leaf_weight=72081 531 339 293 240 1235 624 12145 4162 6821 17236 18085 975 200 641 534 3009 363 388 1485 614 769 7031 2844 3314 1468 511 348
leaf_count=72081 531 339 293 240 1235 624 12145 4162 6821 17236 18085 975 200 641 534 3009 363 388 1485 614 769 7031 2844 3314 1468 511 348
internal_value=-0.0192966 -0.0189262 -0.0220662 -0.0188604 -0.0191019 -0.0202582 -0.0207956 -0.0220459 -0.0214708 -0.0191688 -0.0178249 -0.0250725 -0.0149468 -0.027032 -0.0198412 -0.0217651 -0.0192959 -0.0147344 -0.0192908 -0.0182421 -0.01542 -0.0199705 -0.0179325 -0.0190565 -0.0195661 -0.0232635 -0.0233388
internal_weight=158286 114264 2343 111921 90752 44022 28299 12248 10983 89317 21169 1662 1435 1265 16051 3543 12508 681 15723 6182 1383 9541 20929 4799 8499 1042 1323
internal_count=158286 114264 2343 111921 90752 44022 28299 12248 10983 89317 21169 1662 1435 1265 16051 3543 12508 681 15723 6182 1383 9541 20929 4799 8499 1042 1323
is_linear=0
shrinkage=1


Tree=1
num_leaves=25
num_cat=0
split_feature=23 70 44 6 72 6 44 53 50 44 63 37 53 59 44 44 53 53 53 44 28 45 6 50
split_gain=123.167 46.5671 75.6465 39.9523 78.8711 71.3965 63.753 55.3216 84.1373 56.863 51.6332 36.4595 33.6572 64.6657 44.0616 34.715 33.7327 33.3483 31.5469 30.4772 28.1621 27.9469 24.128 20.9852
threshold=0.037515529057833182 -1.1075959291977788 0.063232366629696127 0.019798182724293744 0.37252804675420542 0.035539652476200896 0.17681011950591644 0.024132713091028688 0.050985020605297311 0.12426041513643817 0.2484008237973786 0.45064991633575702 0.019586952087893923 0.57157287157287173 0.043656047087019319 0.18808128120253378 0.017392014665839839 0.019858296365560999 0.016996572066686661 0.16428337884866476 -0.14214102422875138 0.0093198503990113476 0.013743552798636838 0.051908077306145224
decision_type=8 8 10 10 10 10 10 10 10 10 10 10 10 8 10 10 10 10 10 10 10 10 8 10
left_child=3 2 18 7 5 19 17 8 9 -1 -7 -10 16 15 -15 -14 23 -6 21 -5 -8 -2 -18 -3
right_child=1 12 -4 4 6 10 20 -9 11 -11 -12 -13 13 14 -16 -17 22 -19 -20 -21 -22 -23 -24 -25
leaf_value=7.1173788607120514e-05 -0.0025300435602664951 -0.00068107540756463998 0.0040924156844615936 0.00023485324713401498 0.0025594115912914279 0.0018186370939016342 -0.011243819886073472 -0.006543592220544815 0.0031998243443667885 -0.0030310592114925383 -0.0042332751393318177 -0.0014558911383152006 -0.0044105984866619112 0.0027995132371783256 -0.0032654797285795213 0.0021707110464572908 0.0044661082584410905 0.0052701211109757434 -0.00088097867816686634 0.0038441169172525407 -0.00022852641493082047 -0.010680725115537644 0.00050814688038080939 -0.0033609906973317261
leaf_weight=87291 333 29413 227 7212 11194 722 208 396 3150 1835 1690 521 2457 1329 1450 218 578 2078 368 758 200 507 2894 1162
leaf_count=87291 333 29413 227 7212 11194 722 208 396 3150 1835 1690 521 2457 1329 1450 218 578 2078 368 758 200 507 2894 1162
internal_value=-4.2341e-05 -0.000986833 -0.00452507 0.000287388 0.00101392 -0.000300299 0.0020114 9.97704e-05 0.000131662 9.40231e-06 -0.00331455 0.00309858 -0.000858134 -0.00231677 -0.000179137 -0.00453587 -0.000624354 0.00225104 -0.00651613 0.000611968 -0.00576528 -0.00865398 0.00124331 -0.000836538
internal_weight=158191 40936 1435 117255 24062 10382 13680 93193 92797 89126 2412 3671 39501 5454 2779 2675 34047 13272 1208 7970 408 840 3472 30575
internal_count=158191 40936 1435 117255 24062 10382 13680 93193 92797 89126 2412 3671 39501 5454 2779 2675 34047 13272 1208 7970 408 840 3472 30575
is_linear=0
shrinkage=0.02


Tree=2
num_leaves=26
num_cat=0
split_feature=23 70 44 32 4 53 5 50 50 44 50 44 14 50 50 4 45 53 40 53 70 51 72 63 56
split_gain=118.843 53.7284 66.4831 43.749 41.3725 90.9682 48.7193 46.5324 38.0664 36.4672 55.2026 35.4853 31.9241 37.2957 30.9668 34.9167 37.517 29.9209 25.0606 22.6831 22.2937 21.0894 18.7839 15.0798 6.61296
threshold=0.033287673314118423 -0.86573739752490819 0.074067882119761466 0.22547938744235416 -0.25000552441017354 0.024132713091028688 0.026966952827073527 0.056053115292138085 0.05154140508411665 -0.084893261369471937 -0.040003270572231235 0.087426539331118117 -0.22074147548304754 0.03975087242924414 0.055229490138811184 -0.11272413521498496 0.012773120662465052 0.027883404369793714 0.0019274873888597869 0.011281329824295734 -0.18949031994468327 0.62579569431033877 -0.99276335729766318 0.2119627955340542 0.65887345957862031
decision_type=8 8 10 10 8 10 10 10 10 10 10 10 10 10 10 10 10 10 10 8 10 2 8 10 10
left_child=3 2 9 4 7 8 -7 23 -6 17 -11 -4 -5 18 19 -16 -17 -2 -14 22 -21 -15 -3 -1 -13
right_child=1 14 11 12 5 6 -8 -9 -10 10 -12 24 13 21 15 16 -18 -19 -20 20 -22 -23 -24 -25 -26
leaf_value=0.0031140681409803218 -0.010633682696893812 -0.0035929902307987216 0.0055670001350604003 -0.0046791263470500714 0.00019511767414212228 -0.0052260604991051359 -0.0010447946174144745 0.012775900453060865 0.0017139830702180042 0.0053233235622346395 -0.0028649178219884632 -0.0023776398229598998 0.00012504191633407025 0.0079325430886745454 0.0063252823157310487 -0.0020662944249473514 -0.0073760279813706872 -0.0008368189548552035 0.0059266101615428925 -0.0010767700293771924 -0.00017806282937526702 0.0046378778117150063 0.0021774664716869593 -0.0012454175564348697 0.00058893627628870304
leaf_weight=1888 414 258 290 330 98889 1252 1425 309 5117 315 3032 211 1789 495 204 1741 481 206 635 14864 20597 944 1870 513 202
leaf_count=1888 414 258 290 330 98889 1252 1425 309 5117 315 3032 211 1789 495 204 1741 481 206 635 14864 20597 944 1870 513 202
internal_value=-7.44288e-06 -0.000881216 -0.00291115 0.000336288 0.000259411 0.000197387 -0.00344212 0.00269937 0.000291115 -0.00391583 -0.00308781 0.00275284 0.00234096 0.00285145 -0.000644192 -0.00283395 -0.00356185 -0.00837037 0.00133526 -0.00050274 -0.000623146 0.00540139 0.00150211 0.00175604 -0.00100966
internal_weight=158271 44685 4670 113586 109393 106683 2677 2710 104006 3967 3347 703 4193 3863 40015 2426 2222 620 2424 37589 35461 1439 2128 2401 413
internal_count=158271 44685 4670 113586 109393 106683 2677 2710 104006 3967 3347 703 4193 3863 40015 2426 2222 620 2424 37589 35461 1439 2128 2401 413
is_linear=0
shrinkage=0.02


Tree=3
num_leaves=24
num_cat=0
split_feature=23 70 53 72 44 44 51 32 4 53 60 52 45 45 53 38 14 44 5 44 33 53 68
split_gain=105.701 50.0113 43.957 46.684 82.9971 39.1806 37.9381 36.4413 35.6263 84.9741 55.3043 37.0522 35.9397 48.2999 31.6297 29.0324 26.9788 35.4791 22.8671 22.2277 19.8915 17.2191 13.5054
threshold=0.037515529057833182 -1.2417227077992512 0.020109398955297661 0.56408570603886299 0.085219017604033179 0.17681011950591644 0.36250455800385484 0.22547938744235416 -0.25000552441017354 0.024132713091028688 0.67894769528321575 0.88789462569950384 0.018619044111080962 0.013103853991238265 0.01502146470158441 1.2428034140120034 -0.2309426261610176 0.1062109515439026 0.011240431800406821 -0.097151723298657608 -0.26059419475176315 0.015107953638773134 0.21975442805619522
decision_type=8 8 10 8 10 10 2 10 8 10 8 2 10 10 10 10 10 10 10 8 10 10 10
left_child=7 6 15 5 -5 -4 -2 8 12 11 -11 -10 13 -1 -8 19 -9 21 -19 -3 -14 -18 -17
right_child=1 2 3 4 -6 -7 14 16 9 10 -12 -13 20 -15 -16 22 17 18 -20 -21 -22 -23 -24
leaf_value=0.0017792108529031928 -0.010559400394943208 -0.005748396531909704 -0.0043023955940125133 0.0050329424939375743 -0.011229859126643016 0.0019487462136330456 -0.0058006580919960143 -0.0048355316235086324 0.00018568541629374025 -0.0039330695208042209 0.0027863394793832303 0.0021764425118244997 0.0039788587551534823 0.010731542456650469 0.0029848420857450366 -0.0011038333534119278 0.0025362077659196965 -0.00033477972475793211 0.0069242375302419066 -0.00072167908497348411 -0.0022538654867588822 -0.0013425839500365965 0.0012731664467155934
leaf_weight=858 222 357 2745 772 409 409 222 322 104706 2266 473 2895 427 694 201 985 1398 231 1358 30584 716 1017 3953
leaf_count=858 222 357 2745 772 409 409 222 322 104706 2266 473 2895 427 694 201 985 1398 231 1358 30584 716 1017 3953
internal_value=-8.33012e-06 -0.000884435 -0.000795673 -0.00269788 0.000692047 -0.00396767 -0.00640557 0.000296672 0.000227697 0.000172175 -0.00330584 0.000260757 0.00249926 0.00448036 -0.00287264 -0.000565719 0.00209799 0.00254632 0.00486667 -0.000793032 -0.000190559 0.00101738 0.000858068
internal_weight=158220 40859 40214 4335 1181 3154 645 117361 113035 110340 2739 107601 2695 1552 423 35879 4326 4004 1589 30941 1143 2415 4938
internal_count=158220 40859 40214 4335 1181 3154 645 117361 113035 110340 2739 107601 2695 1552 423 35879 4326 4004 1589 30941 1143 2415 4938
is_linear=0
shrinkage=0.02


Tree=4
num_leaves=27
num_cat=0
split_feature=23 46 70 44 46 46 6 6 5 41 50 29 6 71 36 42 44 14 42 32 31 71 65 5 4 45
split_gain=100.917 65.817 70.036 69.8851 68.7919 52.3319 151.056 73.4877 67.2534 48.431 46.8196 37.9549 36.8556 34.7605 34.2767 32.9708 30.6685 27.3828 28.645 23.7854 22.7924 18.7581 17.3753 14.105 11.7651 7.59506
threshold=0.037515529057833182 0.0071743218066912407 -0.19657143106083122 -0.084893261369471937 0.0090042252663953045 0.034133762393146715 0.054967886072152423 0.021007743477873236 0.023820186078215639 0.047384893400697077 0.050985020605297311 2.3559044447987394 0.023573700352622729 -0.77089008769369227 -0.23407664367581646 0.044644858356760693 -0.097151723298657608 -0.020452167084477942 0.03108295675117401 -0.41652676295783864 -0.051827031847674614 -0.55986264963138976 0.19656273651954001 0.020576038790865395 -0.039892543913951965 0.022730855217487033
decision_type=8 8 8 10 10 10 8 8 10 10 10 8 8 8 10 10 8 10 10 8 10 10 10 8 10 10
left_child=5 15 3 12 -5 7 8 9 24 10 -1 20 -3 -9 -8 17 -15 23 -19 -13 -4 -11 -10 -2 -7 -16
right_child=1 2 11 4 -6 6 14 13 22 21 -12 19 -14 16 25 -17 -18 18 -20 -21 -22 -23 -24 -25 -26 -27
leaf_value=7.7888925401318058e-05 -0.0028998100713893381 -0.009386292457366649 0.0049215316982076738 -0.0030120198089105248 -0.00072640677742554698 -0.0055880999098824229 0.01775512959440512 0.0075569830163589834 0.00055496534850114725 -0.0058432473957260971 0.001741274005560159 0.0061022399374444846 -0.0030570230361361694 0.0054348911544700373 0.0049925137177736934 0.0059399876586133243 0.0015513187293688391 0.00071683613737698803 -0.0039282665270186576 -0.0011740371129281434 0.00062388753806505502 -0.0017015077475213342 -0.0033777285467432683 0.00077771988687753675 -0.011309729475902754 0.00019459875008261075
leaf_weight=89372 1589 621 652 3511 6341 226 233 244 340 274 4285 299 945 925 223 351 18866 11181 673 12395 1755 284 1183 503 201 297
leaf_count=89372 1589 621 652 3511 6341 226 233 244 340 274 4285 299 945 925 223 351 18866 11181 673 12395 1755 284 1183 503 201 297
internal_value=1.83685e-05 -0.000837837 -0.00142753 -0.00260951 -0.00198498 0.000317202 -0.00243269 0.000382299 -0.00537058 0.000148361 0.000183412 -0.000533572 -0.0065335 0.00148223 0.00516976 0.00025584 0.00138935 0.000103105 0.00047558 -0.000970303 0.00176827 -0.00572093 -0.00339764 -0.00200573 -0.0123785 0.00229942
internal_weight=157769 40816 26519 11418 9852 116953 2703 114250 1950 94215 93657 15101 1566 20035 753 14297 19791 13946 11854 12694 2407 558 1523 2092 427 520
internal_count=157769 40816 26519 11418 9852 116953 2703 114250 1950 94215 93657 15101 1566 20035 753 14297 19791 13946 11854 12694 2407 558 1523 2092 427 520
is_linear=0
shrinkage=0.02


Tree=5
num_leaves=27
num_cat=0
split_feature=23 46 70 54 54 46 6 5 6 50 46 9 59 53 46 47 57 44 5 52 45 50 42 51 68 18
split_gain=104.178 44.5212 68.7316 57.1839 56.1265 44.3976 138.489 78.2585 75.9657 51.8875 53.1837 52.3634 49.8029 42.6701 38.2059 37.2904 35.5981 31.894 28.3397 28.0722 32.7376 29.4725 21.337 18.6883 16.3639 10.9558
threshold=0.037515529057833182 0.0071743218066912407 -0.86573739752490819 0.57574027341050227 0.66004857915868043 0.034133762393146715 0.054967886072152423 0.022072080779426882 0.020576492669561474 0.060614384894817637 0.0097516897359892756 1.3960840077077514 0.16216146114773589 0.017392014665839839 0.0057201087159316133 -0.15327845528716069 0.073119812617750399 -0.097151723298657608 0.01049136773236343 0.58753704404664098 0.0056005298291365432 -0.011434513726389981 0.03108295675117401 0.71002037178507782 0.033910502315354932 66.352591996562481
decision_type=8 8 8 8 10 10 8 10 10 10 10 10 10 10 10 10 10 10 10 2 10 10 10 2 10 10
left_child=5 14 3 13 -5 8 7 -7 9 10 -1 -11 -10 -3 22 -8 25 -14 -18 21 -21 -4 23 -2 -9 -16
right_child=1 2 19 4 -6 6 15 24 12 11 -12 -13 17 -15 16 -17 18 -19 -20 20 -22 -23 -24 -25 -26 -27
leaf_value=0.00029604232524821063 -0.0012719613963071666 -0.0029174228472067078 -0.00092678939577118472 -0.0072609804264123848 -0.00062618047500872186 -0.0090740504284694407 0.00055574132822806485 -0.0010688155193423813 0.0095690838005200295 0.0037415475313474882 -0.00076195409085854423 -0.0047974982980827346 0.0053087151633699247 0.0051111782249554137 0.00027437538167147192 0.011107940653750632 0.0032628793420370898 0.0016118213341443008 0.00069234231749843432 0.00056480888884334331 -0.0019267730077701232 0.0013641946036250401 -0.0063176642729065339 0.00075255053838848705 -0.0040979265217445399 -0.0040421827179222321
leaf_weight=75383 4773 768 6758 1288 512 339 384 825 216 1400 18663 205 970 491 292 371 1701 17631 4679 2350 11136 3222 355 2064 747 536
leaf_count=75383 4773 768 6758 1288 512 339 384 825 216 1400 18663 205 970 491 292 371 1701 17631 4679 2350 11136 3222 355 2064 747 536
internal_value=-1.63229e-06 -0.000870302 -0.00135633 -0.00417582 -0.00646197 0.000301857 -0.00224897 -0.00511402 0.000361303 0.000132752 7.18577e-05 0.00369738 0.0015229 -0.000903175 2.48594e-05 0.00499735 0.00105396 0.00141157 0.00156057 -0.000988537 -0.0015836 -0.00018415 -0.00100626 -0.000757239 -0.00322823 -0.00284439
internal_weight=158059 40925 26525 3059 1800 117134 2666 1911 114468 95651 94046 1605 18817 1259 14400 755 7208 18601 6380 23466 13486 9980 7192 6837 1572 828
internal_count=158059 40925 26525 3059 1800 117134 2666 1911 114468 95651 94046 1605 18817 1259 14400 755 7208 18601 6380 23466 13486 9980 7192 6837 1572 828
is_linear=0
shrinkage=0.02


Tree=6
num_leaves=28
num_cat=0
split_feature=23 46 9 5 6 41 50 59 46 59 44 46 52 44 50 36 45 14 46 44 45 45 60 4 24 5 4
split_gain=100.109 59.2637 143.131 83.067 64.7825 56.2959 53.5322 50.1075 37.3553 62.4835 57.4723 66.1023 38.3062 39.8289 35.4826 35.1527 32.2789 29.8527 43.0841 28.6515 26.3047 18.596 17.9976 14.5638 12.1106 9.7895 8.62198
threshold=0.037515529057833182 0.034948848981301156 1.7740834498376821 0.024599482418494127 0.019798182724293744 0.047384893400697077 0.060614384894817637 0.15822142912162687 0.0071743218066912407 0.40128071949919364 -0.084893261369471937 0.0090042252663953045 0.68986766234201624 0.054539199639882859 0.050985020605297311 -0.19641039704367688 0.045801080308854943 0.020502072885399739 0.0057736637568546563 0.069399915838272888 0.0087471497494089837 0.0036153816991523684 0.43123074948665302 -0.032475703312557329 -0.88318359304317728 0.015995420031364092 0.21395292835577887
decision_type=8 10 10 10 8 10 10 8 8 8 10 10 2 10 8 10 10 10 10 8 10 10 10 10 10 8 8
left_child=1 4 3 23 5 6 -1 -6 17 10 16 -12 13 -11 -9 -5 -10 24 21 -14 -20 -19 -7 -3 25 -2 -26
right_child=8 2 -4 15 7 22 -8 14 9 12 11 -13 19 -15 -16 -17 -18 18 20 -21 -22 -23 -24 -25 26 -27 -28
leaf_value=0.00011654161599626629 -0.00083998495856280921 -0.0058252702923213178 0.011069638728812756 0.0067488117460003105 0.0080123346523378446 -0.0058754434673008093 0.0028894088985611461 0.002029122557114372 -0.0078978242165013476 -0.00038116903176402511 -0.0032728813918278575 -0.00062439734014512697 -0.0005091373282603783 0.0031120298920452555 -0.00046859608266001593 -0.0032241171501981455 -0.001044429327168007 0.0013503651082916429 0.0019916246109632214 -0.0033131534012124258 -0.0051126261683950179 -0.0011352462267338068 -0.0015730136780219717 -0.011541216683458708 -0.0020646882052487814 0.003797733385890672 -0.0094983998227636118
leaf_weight=88480 398 259 337 201 242 298 1520 19486 764 8598 2633 4652 4340 1674 4460 1379 272 1442 4941 3671 201 4825 211 214 2153 230 203
leaf_count=88480 398 259 337 201 242 298 1520 19486 764 8598 2633 4652 4340 1674 4460 1379 272 1442 4941 3671 201 4825 211 214 2153 230 203
internal_value=4.22431e-05 0.000340069 -0.00277624 -0.00476047 0.000405046 0.000159297 0.000196864 0.00132449 -0.000808283 -0.00125232 -0.00268902 -0.00206121 -0.000598228 0.000210065 0.00123264 -0.00255408 -0.00709547 1.23663e-05 0.000478352 -0.0016348 0.00183512 -0.000634652 -0.00646667 -0.0121055 -0.00176817 0.000696343 -0.00242597
internal_weight=158084 117087 2390 2053 114697 90509 90000 24188 40997 26604 8321 7285 18283 10272 23946 1580 1036 14393 11409 8011 5142 6267 509 473 2984 628 2356
internal_count=158084 117087 2390 2053 114697 90509 90000 24188 40997 26604 8321 7285 18283 10272 23946 1580 1036 14393 11409 8011 5142 6267 509 473 2984 628 2356
is_linear=0
shrinkage=0.02


Tree=7
num_leaves=27
num_cat=0
split_feature=23 46 70 54 54 45 46 36 5 6 53 43 4 71 54 43 6 46 44 71 6 43 44 15 51 5
split_gain=91.2453 45.5854 59.7402 47.928 58.5194 49.4808 43.5584 134.442 83.4595 67.3419 51.1855 49.3205 33.4052 30.4242 29.1785 26.4421 26.0551 25.621 49.3525 47.7223 25.0724 20.3001 23.9272 19.329 16.5844 13.8023
threshold=0.038993298789766213 0.0071743218066912407 -0.86573739752490819 0.57574027341050227 0.58470889931856196 0.011071390549612202 0.034133762393146715 -0.19641039704367688 0.024075679924352684 0.021321769165451573 0.024132713091028688 0.052023794148548304 -0.30076636353637742 -0.8158354079276523 0.45794707453857358 0.045926452869683672 0.017390494490453597 0.00603620810576295 0.061421842166587422 -0.18214347864712438 0.060421667068357159 0.045006127462353447 0.099831668351761951 0.013147704851132815 0.79809273413924597 0.019324586444447719
decision_type=8 8 8 8 10 10 10 10 10 10 10 10 8 10 8 10 10 10 10 8 10 10 10 8 2 10
left_child=6 17 3 5 -5 -3 9 -8 25 10 11 -1 -4 -11 -14 -15 -12 21 24 -20 -10 23 -23 -2 -19 -9
right_child=1 2 12 4 -6 -7 7 8 20 13 16 -13 14 15 -16 -17 -18 18 19 -21 -22 22 -24 -25 -26 -27
leaf_value=2.811150496892248e-05 -0.0023576646374355533 -0.0033669074296769331 0.014936895607271699 -0.012504549680032577 -0.0031871437166273789 0.0033692669685770789 0.01239295410047607 -0.0096373888242903185 -0.0023225270348542584 0.0086028177099349446 -0.0077031398389226262 0.0014778116154047049 -0.0029227460785130701 0.0023080496087350489 -0.00078364571146365223 -0.00041834481190363164 -0.0015803402090185919 0.00059133873186570894 0.0072519045732665445 0.0012685751033511704 0.0052840859508990357 0.0004327905896541223 -0.0081911050576068869 7.7692378750171197e-06 -0.003581772602250934 -0.0058434439655306774
leaf_weight=90985 1030 682 209 393 1336 522 381 210 1627 220 273 7195 2523 13798 20169 2974 209 3450 508 653 228 206 251 7352 418 243
leaf_count=90985 1030 682 209 393 1336 522 381 210 1627 220 273 7195 2523 13798 20169 2974 209 3450 508 653 228 206 251 7352 418 243
internal_value=-1.45401e-05 -0.000844218 -0.00134074 -0.00402795 -0.00616069 -0.000960996 0.00026379 -0.00225204 -0.00407016 0.000322321 0.000122011 0.000153981 -0.000996332 0.0014852 -0.00106985 0.00138783 -0.00637267 8.06114e-05 0.00122028 0.00483477 -0.00218642 -0.000567647 -0.00466812 -0.000343314 0.000133885 -0.0117577
internal_weight=158045 39702 25834 2933 1729 1204 118343 2689 2308 115654 98662 98180 22901 16992 22692 16772 482 13868 5029 1161 1855 8839 457 8382 3868 453
internal_count=158045 39702 25834 2933 1729 1204 118343 2689 2308 115654 98662 98180 22901 16992 22692 16772 482 13868 5029 1161 1855 8839 457 8382 3868 453
is_linear=0
shrinkage=0.02


Tree=8
num_leaves=27
num_cat=0
split_feature=21 46 70 54 44 44 46 6 6 50 46 47 5 59 14 46 58 47 29 10 50 43 68 54 24 68
split_gain=82.2062 56.1715 87.5134 57.253 65.6496 43.0857 37.5709 99.9258 55.911 65.719 61.6119 49.0278 47.1656 38.4482 37.1173 50.6585 42.7894 36.4059 31.1875 33.7722 25.8116 21.4939 21.0542 20.2033 13.6001 11.5988
threshold=0.024283314032409135 0.0071743218066912407 -0.70491811372144375 0.57514222579460672 0.045101921088091419 -0.021721362596239687 0.034948848981301156 0.054967886072152423 0.019798182724293744 0.050985020605297311 0.0099684042768321043 -1.0000000180025095e-35 0.022872146599098187 0.15822142912162687 0.018937876745976915 0.00603620810576295 0.15432751285464466 -0.14112847084721039 2.5060404828833969 1.3602187616988433 0.050985020605297311 0.026721273857377995 1.4376553431387582 0.53852524411904246 -0.9982812298019873 0.059270243829631135
decision_type=8 8 8 8 10 10 10 8 10 10 10 10 10 10 10 10 10 10 8 10 10 10 10 10 8 10
left_child=6 14 3 5 -5 -3 8 12 9 10 -1 -11 -8 -10 23 21 -17 -9 19 -4 -15 -16 -20 24 -2 -14
right_child=1 2 18 4 -6 -7 7 17 13 11 -12 -13 25 20 15 16 -18 -19 22 -21 -22 -23 -24 -25 -26 -27
leaf_value=0.00025166892786352113 0.00078094293168137329 0.004704989375192664 -5.7057616439159103e-05 -0.0049767295348880046 0.00072357190899294992 -0.0014862786248461355 -0.0075546080180396219 -7.5895927610248112e-05 0.0081152170632489799 0.0043431489253048143 -0.0010995345101872272 0.0010827622880210863 -0.0013264452005281398 0.0019972175094514948 -0.00073448196837122256 0.0048866291797238417 0.0014177018817912567 0.011029223462852825 -0.0011914509455882097 0.0040174925628127488 -0.00078406485795091269 0.00097947369309927352 0.00063170682690400859 0.0045088016112658728 -0.0022417876671426075 -0.0044941387436537349
leaf_weight=66330 612 482 5158 3150 652 2443 335 325 218 1059 12558 2400 667 16952 7468 737 4350 304 17779 1081 2588 3239 2965 232 3476 572
leaf_count=66330 612 482 5158 3150 652 2443 335 325 218 1059 12558 2400 667 16952 7468 737 4350 304 17779 1081 2588 3239 2965 232 3476 572
internal_value=-2.76982e-06 -0.000637585 -0.00113666 -0.00317747 -0.00479569 -0.00107245 0.000324785 -0.00225862 0.000380565 0.000151285 3.29323e-05 0.00284913 -0.00495111 0.001336 0.000198757 0.00064818 0.00229127 0.00447302 -0.000627705 0.000611859 0.00124241 -0.000132424 -0.00100063 -0.00144365 -0.00177011 -0.00314355
internal_weight=158132 53824 33710 6727 3802 2925 104308 2203 102105 82347 78888 3459 1574 19758 20114 15794 5087 629 26983 6239 19540 10707 20744 4320 4088 1239
internal_count=158132 53824 33710 6727 3802 2925 104308 2203 102105 82347 78888 3459 1574 19758 20114 15794 5087 629 26983 6239 19540 10707 20744 4320 4088 1239
is_linear=0
shrinkage=0.02


Tree=9
num_leaves=21
num_cat=0
split_feature=23 46 36 7 57 46 44 70 44 53 9 4 53 10 53 44 51 50 63 4
split_gain=91.9023 54.7848 136.955 61.1831 38.5325 65.2093 45.4335 38.1398 58.7738 43.3695 38.121 31.2418 35.0401 38.6138 36.272 28.6862 25.8241 23.9621 20.7563 7.71959
threshold=0.037515529057833182 0.034133762393146715 -0.19641039704367688 0.012798435258363265 0.76550929407497204 0.020108717395592213 -0.084893261369471937 -1.1512975625949617 0.055033523087073218 0.017062658395746989 1.7740834498376821 -0.30076636353637742 0.019586952087893923 0.43161558759342439 0.017392014665839839 0.00083595413199644153 0.72080650082043596 -0.017451826180338522 0.64180649547294599 -0.036826298475850165
decision_type=8 10 10 10 10 10 8 8 10 10 10 8 10 10 10 10 2 8 10 10
left_child=1 4 -3 19 6 15 18 8 9 17 -5 -9 14 -14 -13 -6 -8 -2 -1 -4
right_child=7 2 3 10 5 -7 16 11 -10 -11 -12 12 13 -15 -16 -17 -18 -19 -20 -21
leaf_value=0.0036044821537566437 -0.011880270720090822 0.013009305280594444 -0.0048947592248036985 -0.0029031367793290841 -0.00057061345949281595 0.014557243096296022 -6.616942670097384e-05 0.012634547124255968 0.0028636183132042361 -0.00012069271055527991 0.004712124304840859 -0.00071757277156631603 0.0035702294572333847 -0.0026538659506760245 0.0013727019437787234 0.0014268923360624681 0.00062873793566859825 -0.0040953450057261516 -0.0026144343780019276 -0.01035067471262535
leaf_weight=1967 214 380 202 1685 3178 212 67102 231 246 281 205 30640 403 4943 3499 15952 25857 384 246 222
leaf_count=1967 214 380 202 1685 3178 212 67102 231 246 281 205 30640 403 4943 3499 15952 25857 384 246 222
internal_value=2.61816e-05 0.000310881 -0.00250761 -0.00433607 0.000377226 0.00119103 0.000211804 -0.000790804 -0.00442096 -0.00683864 -0.00279112 -0.000687816 -0.000730841 -0.00223639 -0.000494962 0.00106832 0.000144342 -0.0098798 0.00304336 -0.0111953
internal_weight=158049 117208 2694 2314 114514 19342 95172 40841 1125 879 1890 39716 39485 5346 34139 19130 92959 598 2213 424
internal_count=158049 117208 2694 2314 114514 19342 95172 40841 1125 879 1890 39716 39485 5346 34139 19130 92959 598 2213 424
is_linear=0
shrinkage=0.02


Tree=10
num_leaves=29
num_cat=0
split_feature=21 6 50 53 41 47 44 63 53 71 44 44 57 60 41 48 29 45 45 7 10 53 37 28 6 71 41 59
split_gain=87.0703 46.2491 62.8528 53.6617 52.2504 49.122 46.6896 44.0108 42.5899 50.0279 93.6881 75.5935 86.614 50.6316 42.839 34.3032 40.7716 35.5875 33.1216 32.6987 38.827 32.5521 21.6458 20.8485 15.5327 13.02 12.4509 9.86722
threshold=0.025427861892701745 0.019677118371704081 0.050985020605297311 0.026707023441458044 0.047384893400697077 -1.0000000180025095e-35 0.12426041513643817 0.18407474908232155 0.020109398955297661 -0.08344057328505998 0.085219017604033179 0.085219017604033179 0.16836741069011338 0.83583701363592422 -0.007334478907707275 -0.13097370721215904 2.2057734176341106 0.0083304609404307017 0.010343468166322031 0.0046806881141153696 1.0804133292017006 0.01289134570937352 0.2269788991098515 -0.1101106527251091 0.01628892433255413 -0.56644153234155292 0.030117361374297661 0.5675936580999873
decision_type=8 8 10 10 10 10 10 10 10 8 10 10 8 10 10 8 8 10 10 10 10 10 10 10 10 10 10 10
left_child=1 2 4 19 6 24 -1 26 15 10 14 13 -13 -11 -10 -2 21 -18 -7 27 -21 -17 -12 -9 -4 -6 -5 -3
right_child=8 3 5 7 25 18 -8 23 9 11 22 12 -14 -15 -16 16 17 -19 -20 20 -22 -23 -24 -25 -26 -27 -28 -29
leaf_value=9.3790098009059739e-05 -0.0058765978615583367 0.0059535005990494399 0.0047430463048095482 0.00013525974436072411 -0.0060213311172794583 0.0016474415240430168 -0.0028272061575262677 -0.0023462843443703067 -0.0028416756351216715 -0.00030987388740917387 0.0041693861409438813 -0.021621482530069951 -0.0011334359769449227 0.0085389484138048317 -0.0071549244164888825 -0.0018039856019898784 -0.00026135227207360639 -0.001616923015679413 -0.0055497160741944142 0.00026745173217376789 0.0025028819716765892 0.0017523591816707117 -0.0013616745746938619 -0.0087932818872489896 0.0034225563199519475 -0.0024457942336850776 0.010777776150328338 0.0028034843831840129
leaf_weight=75379 369 390 622 235 232 2143 1685 1356 1067 1003 402 206 550 543 1123 1149 29772 10953 250 8377 13727 5326 204 224 455 210 220 200
leaf_count=75379 369 390 622 235 232 2143 1685 1356 1067 1003 402 206 550 543 1123 1149 29772 10953 250 8377 13727 5326 204 224 455 210 220 200
internal_value=9.3324e-06 0.000340359 0.000109142 0.00109737 -8.7476e-06 0.00274215 3.05975e-05 -0.00201277 -0.000655009 -0.00239223 -0.00418949 -0.000207555 -0.00538705 0.00232579 -0.00611502 -0.000468741 -0.000421135 -0.000655552 0.00114369 0.00137643 0.00125211 0.00105281 0.00276442 -0.0035914 0.00628757 -0.00685779 0.00346053 0.0060203
internal_weight=158372 105705 80976 24729 77506 3470 77064 2035 52667 5098 2796 2302 756 1546 2190 47569 47200 40725 2393 22694 22104 6475 606 1580 1077 442 455 590
internal_count=158372 105705 80976 24729 77506 3470 77064 2035 52667 5098 2796 2302 756 1546 2190 47569 47200 40725 2393 22694 22104 6475 606 1580 1077 442 455 590
is_linear=0
shrinkage=0.02


Tree=11
num_leaves=28
num_cat=0
split_feature=23 46 59 46 46 4 46 5 6 53 59 52 48 52 9 4 46 53 6 63 46 57 53 7 44 28 20
split_gain=79.3945 45.5796 61.4425 48.3421 89.7434 40.6919 96.0669 76.149 56.305 53.9123 44.8362 40.917 42.4132 37.2477 32.2043 27.3792 25.1531 25.0982 27.8689 22.7207 18.6718 15.2659 18.4466 16.089 11.9203 9.75126 6.7394
threshold=0.037515529057833182 0.0071743218066912407 0.39742205238965506 0.0090042252663953045 0.011835908005302669 -0.27280421421896972 0.034133762393146715 0.023820186078215639 0.021007743477873236 0.024132713091028688 0.32183830151887449 0.61049359953642746 -0.017955129932880506 0.41778655136723325 1.428015777639333 -0.30076636353637742 0.034948848981301156 0.01502146470158441 0.0095827590677053428 0.2119627955340542 0.0068844288215977661 0.1484626119839734 0.011281329824295734 0.0093024080770010703 -0.047785137046568109 -0.076092651091714023 -0.044090937205893514
decision_type=8 8 8 10 10 8 10 10 10 10 10 2 8 2 10 8 10 10 8 8 10 10 10 10 10 10 10
left_child=5 17 3 13 -5 11 8 25 9 -7 -10 16 -13 -3 -9 -4 24 21 -19 -17 -20 23 -23 -2 -1 -8 -18
right_child=1 2 15 4 -6 6 7 14 10 -11 -12 12 -14 -15 -16 19 26 18 20 -21 -22 22 -24 -25 -26 -27 -28
leaf_value=0.004720250023280699 -0.0032131906775999448 -0.0065632588907201727 0.012537128859619218 0.00077812857411257129 -0.0037991282212767618 0.00015872302481488007 -0.0049326464081611201 -0.0031239464104021774 0.0053500998405239444 -0.0058846461165719833 0.0015531459098000458 0.013943335988736011 0.0021103923136537271 -0.0027704281220151737 0.0025841556289162536 -0.0040862562775704856 0.00025183538963245342 0.0048753915325838075 -0.00017819649390634335 -0.00049188098387421874 0.0036735198065868092 0.0021193893708916895 -0.00025899425787213404 0.0013934112636420437 -0.0015510365579368102 -0.0099631164927956664 -0.0050213537237648962
leaf_weight=839 1222 618 219 2928 2719 96357 214 1015 486 453 15841 313 202 2022 412 1298 202 338 1458 16823 803 1499 8866 313 301 226 275
leaf_count=839 1222 618 219 2928 2719 96357 214 1015 486 453 15841 313 202 2022 412 1298 202 338 1458 16823 803 1499 8866 313 301 226 275
internal_value=3.43605e-05 -0.000721618 -0.00121293 -0.00264213 -0.00159667 0.000299803 0.000249015 -0.00424946 0.000323304 0.000140046 0.00140973 0.00303704 0.00794186 -0.00487618 -0.0020014 -0.000566927 0.00146972 0.000180552 0.00196077 -0.000652136 0.00115738 -0.000208218 6.73355e-05 -0.00206901 0.00308326 -0.0115147 -0.00238075
internal_weight=158262 41126 26627 8287 5647 117136 115004 1867 113137 96810 16327 2132 515 2640 1427 18340 1617 14499 2599 18121 2261 11900 10365 1535 1140 440 477
internal_count=158262 41126 26627 8287 5647 117136 115004 1867 113137 96810 16327 2132 515 2640 1427 18340 1617 14499 2599 18121 2261 11900 10365 1535 1140 440 477
is_linear=0
shrinkage=0.02


Tree=12
num_leaves=26
num_cat=0
split_feature=23 70 46 9 5 44 47 41 44 57 69 46 44 42 45 45 53 35 36 43 36 9 53 47 26
split_gain=73.0075 58.5721 49.97 123.069 71.0347 47.153 45.2209 43.0226 41.5316 53.2474 41.2836 100.969 50.2511 65.4824 47.9088 40.8054 39.0085 36.3626 31.2367 29.2449 24.9673 21.3401 18.6744 13.5238 11.8104
threshold=0.05653184541981527 -0.19657143106083122 0.034133762393146715 1.7740834498376821 0.021189650097529381 -0.084893261369471937 -0.09501233209652786 -0.012718600068435169 0.074697369416932738 0.19210327191838897 0.073917795364508904 0.017801606881185223 0.00083595413199644153 0.0065143588825852259 0.0044089297127562063 0.018619044111080962 0.019611754375943254 -0.020337667533974913 -0.19641039704367688 -0.0041732030637175446 -0.22243012356279873 0.82860233889583679 0.014884104280206764 -0.10882297289682062 0.90414132422193694
decision_type=8 8 10 10 10 8 8 10 8 8 10 10 8 10 10 10 10 10 10 8 8 10 10 10 10
left_child=2 5 10 4 -4 15 -7 -8 20 16 12 14 17 -14 -12 23 -10 -1 -6 -11 -3 -13 -22 -2 -17
right_child=1 8 3 -5 18 6 7 -9 9 19 11 21 13 -15 -16 24 -18 -19 -20 -21 22 -23 -24 -25 -26
leaf_value=0.0021713771977347213 -0.012060382989091121 0.015135165871318168 -0.0084762534912464303 0.010042875883630172 0.0071571151790077179 0.0066253502054066781 -0.0041359363248458635 -0.0010834526631115621 -0.0041244325052263234 0.0048359671605297033 0.0017187338292641834 0.010799257329396794 -0.00097102504300697139 0.00022214721295525997 0.00024231020795459677 0.00018546905046476354 -0.020611995773513494 3.3647502234491962e-05 -0.0027999827272301102 -0.0016694443070438454 -0.00060618543021696218 0.0054032720359667701 0.001202845200968562 -0.0059970649173073758 -0.0041771201477482488
leaf_weight=6717 226 217 318 397 222 253 1422 6646 322 342 9295 298 27734 39042 37696 253 200 6648 1933 4852 6824 359 5382 201 250
leaf_count=6717 226 217 318 397 222 253 1422 6646 322 342 9295 298 27734 39042 37696 253 200 6648 1933 4852 6824 359 5382 201 250
internal_value=-2.49162e-05 -0.000963747 0.000171881 -0.00243748 -0.00409782 -0.00225875 -0.00178058 -0.00204214 -0.000303087 -0.00171384 0.000230519 0.00069672 -4.66422e-05 -0.000270722 0.000587717 -0.00652846 -0.00779732 0.00107272 -0.00279128 -0.00110067 0.000345943 0.0084772 0.000225936 -0.0110701 -0.00265476
internal_weight=158049 27390 130659 2870 2473 9251 8321 8068 18139 5716 127789 47648 80141 66776 46991 930 522 13365 2155 5194 12423 657 12206 427 503
internal_count=158049 27390 130659 2870 2473 9251 8321 8068 18139 5716 127789 47648 80141 66776 46991 930 522 13365 2155 5194 12423 657 12206 427 503
is_linear=0
shrinkage=0.02


Tree=13
num_leaves=30
num_cat=0
split_feature=21 46 58 44 50 46 69 48 6 50 53 5 46 50 6 27 38 58 14 46 7 50 45 44 43 34 50 37 3
split_gain=77.0541 52.9986 71.4151 41.4906 57.8264 37.7716 100.068 59.6438 58.8836 57.9785 59.9673 49.0403 42.1942 37.1247 33.8088 31.0181 29.8284 29.2783 26.9491 28.4559 37.6691 25.0621 23.9105 21.8023 13.0455 14.3242 12.2435 11.3782 7.75445
threshold=0.033678663020144557 0.0071743218066912407 0.3975025338496323 -0.084893261369471937 -0.040003270572231235 0.034133762393146715 -0.58318220757728889 -0.15381370080476323 0.019798182724293744 0.050985020605297311 0.024132713091028688 0.021189650097529381 0.0099684042768321043 0.051343734652707369 0.024013952364725054 -0.033898276715701774 0.52449094038828969 0.1821990034038671 -0.009234888741587231 0.0057736637568546563 0.0045719017754043134 0.092433492158557021 0.0044010251167310123 0.24022869278368389 0.016330288525755802 0.00072253221807314679 0.022846446858305395 0.2086602208275217 -0.19589685508905755
decision_type=8 8 8 10 10 10 10 10 8 10 10 10 10 8 8 8 8 10 10 10 10 10 10 8 10 10 10 10 10
left_child=5 18 3 14 -5 8 7 28 9 12 -11 -8 -1 17 -3 23 -15 -10 24 22 -21 -17 -20 -4 25 -2 -26 -13 -7
right_child=1 2 15 4 -6 6 11 -9 13 10 -12 27 -14 16 -16 21 -18 -19 19 20 -22 -23 -24 -25 26 -27 -28 -29 -30
leaf_value=0.00015070236015949056 -0.0026083911229378715 -0.0083754894589521088 0.0016278191063532244 0.0033514422357788687 -0.0019731637874206317 0.0009928980325215359 -0.0081217674837936495 0.01034753810219307 0.0041878353673544619 0.0025337095939578324 -0.0056881784218274127 -0.0032005764676895148 -0.00088073081586851959 0.0044008034122238618 -0.0024126110953587936 -0.00081359064978484474 -0.001180055996789746 0.0018835691740141181 0.00064447697037531835 0.0030887264394221549 0.00055039991830598727 -0.0061171124134492662 -0.0014604310976131256 -0.0036897567707103495 -0.0049081040375121435 0.0022529276289430765 -0.0019935419944644294 -0.00046364732219412167 -0.0053944021204102603
leaf_weight=70039 340 560 3643 795 7687 200 292 368 705 3559 256 1109 13824 320 811 14466 3841 18491 4119 1947 4124 228 3132 347 569 771 982 450 200
leaf_count=70039 340 560 3643 795 7687 200 292 368 705 3559 256 1109 13824 320 811 14466 3841 18491 4119 1947 4124 228 3132 347 569 771 982 450 200
internal_value=-1.65512e-05 -0.000721845 -0.00123828 -0.00261599 -0.00209336 0.000259716 -0.00211374 0.00395059 0.000315735 7.7989e-05 0.00248899 -0.00463175 -3.16942e-05 0.00120807 -0.00584402 -0.000511533 -0.000504085 0.00157931 0.000200063 0.00056729 0.0015774 -0.000936237 -0.000278268 0.00105187 -0.0016365 1.61871e-05 -0.00282088 -0.00321667 -0.00139152
internal_weight=158175 44521 28537 9853 8482 113654 2619 768 111035 87678 3815 1851 83863 23357 1371 18684 4161 19196 15984 13322 6071 14694 7251 3990 2662 1111 1551 1559 400
internal_count=158175 44521 28537 9853 8482 113654 2619 768 111035 87678 3815 1851 83863 23357 1371 18684 4161 19196 15984 13322 6071 14694 7251 3990 2662 1111 1551 1559 400
is_linear=0
shrinkage=0.02


Tree=14
num_leaves=28
num_cat=0
split_feature=23 46 6 7 6 53 41 59 58 54 54 10 44 14 44 43 53 52 40 14 32 6 54 4 42 47 2
split_gain=78.6295 42.8007 117.942 61.0912 60.7034 64.2421 50.6582 48.3574 39.1343 56.7948 68.5372 43.8015 39.2337 59.8071 37.447 37.0656 34.2877 32.3712 28.0691 27.1801 22.2934 21.7206 20.1967 18.2713 13.8361 12.7888 10.2643
threshold=0.05653184541981527 0.034133762393146715 0.060421667068357159 0.010558037490438994 0.021166156251801117 0.024132713091028688 0.047384893400697077 0.3375394740333838 0.51214594807238412 0.57253979244754216 0.58346599610030381 0.64158941880196296 0.074697369416932738 -0.19498572290762314 -0.075688170239417693 0.045926452869683672 0.013206960619416954 0.8124345353882988 0.00096222675831240175 0.00881537321505599 -0.32529597319631004 0.017309315387522856 0.52376253655580474 -0.036826298475850165 0.025019495525566485 -0.15327845528716069 0.1292165698665986
decision_type=8 10 8 10 10 10 10 10 8 8 8 8 10 8 10 10 10 2 10 10 8 8 10 10 10 10 10
left_child=1 4 3 -3 5 6 -1 19 9 17 11 -11 16 -14 -12 -9 26 22 -15 -6 -18 -7 -2 -5 -19 -4 -10
right_child=8 2 25 23 7 21 -8 15 12 10 14 -13 13 18 -16 -17 20 24 -20 -21 -22 -23 -24 -25 -26 -27 -28
leaf_value=0.00015346140159228978 -0.00072888637193141458 -0.0084424057035597973 0.0040585788123383816 -0.0017549076382392431 0.002204543011598521 -0.0098221319936772251 -0.0041463592953969132 0.0020439666772271957 -0.001143416222667427 -0.018311069263239537 -0.0051908030597930168 -0.0040259120616083057 -0.01543068830632083 -0.0023760251827742835 -0.0010252894906701347 -0.0010187363276770349 0.0073370244787997578 -0.006876414092788225 0.0051393048842321822 0.0092218584190322701 0.00067497869384171804 -0.0027122177951091103 0.0024588405649392381 -0.0062348640801484769 -0.0016903897216464024 0.012765450424852455 -0.0053829191995125722
leaf_weight=107785 3850 263 236 1821 355 272 621 15200 4880 283 989 308 268 3323 2140 3270 487 261 333 262 8754 236 1070 319 217 267 268
leaf_count=107785 3850 263 236 1821 355 272 621 15200 4880 283 989 308 268 3323 2140 3270 487 261 333 262 8754 236 1070 319 217 267 268
internal_value=2.22182e-05 0.00022625 -0.00217337 -0.00401747 0.000280761 9.8407e-05 0.000131707 0.00132114 -0.000951371 -0.00202193 -0.00392314 -0.0101655 -0.00041815 -0.00219057 -0.00274058 0.00113681 6.51842e-05 -0.000710872 -0.00151982 0.00682524 0.000793984 -0.00699018 -0.00022719 -0.00289491 -0.00567432 0.00662302 -0.00124257
internal_weight=158338 130907 2906 2403 128001 108914 108406 19087 27431 9118 3720 591 18313 3924 3129 18470 14389 5398 3656 617 9241 508 4920 2140 478 503 5148
internal_count=158338 130907 2906 2403 128001 108914 108406 19087 27431 9118 3720 591 18313 3924 3129 18470 14389 5398 3656 617 9241 508 4920 2140 478 503 5148
is_linear=0
shrinkage=0.02


Tree=15
num_leaves=27
num_cat=0
split_feature=23 46 5 22 6 59 53 41 70 54 49 54 44 14 52 43 45 44 54 44 6 38 70 28 41 41
split_gain=63.3519 44.4826 113.337 72.3505 59.525 50.9478 49.7174 46.8654 39.7961 55.5144 39.6931 35.4383 34.1369 31.8536 30.7434 40.7648 29.6572 27.6272 27.6003 25.9304 19.9675 19.5064 18.7056 17.3243 16.8706 16.2438
threshold=0.05653184541981527 0.034133762393146715 0.024599482418494127 -0.23278273096337179 0.021007743477873236 0.33367071524966269 0.024132713091028688 0.047384893400697077 -0.86573739752490819 0.57253979244754216 -0.016115049835654646 0.66004857915868043 0.17681011950591644 0.0071139791371858116 0.60896649527140501 -0.0065996135389039248 0.013277514541601062 0.085219017604033179 0.50305965423805354 0.050038367292533421 0.017309315387522856 0.81175972229468074 -0.18949031994468327 -0.094066610535698522 0.0099017267777047353 0.031543811603286127
decision_type=10 10 8 10 10 10 10 10 10 8 10 10 10 10 2 10 10 8 10 10 8 10 10 10 10 10
left_child=1 4 23 21 6 13 7 -1 9 10 -2 16 -7 -6 19 -16 -11 -17 -12 22 -8 -4 -10 -3 -21 -5
right_child=8 2 3 25 5 12 20 -9 14 11 18 -13 -14 -15 15 17 -18 -19 -20 24 -22 -23 -24 -25 -26 -27
leaf_value=0.00010386427505110812 -0.0040447949369445046 -0.003376254624117757 0.015042625966909331 -0.0030230756433589565 0.0023684424122787989 0.0017090761184985869 -0.0085314815463810451 -0.0039286789724663233 -0.0014374015187446415 -0.0055789990243765653 -0.0002122877107097719 -0.00091914752715757024 -0.002859907912891313 0.0092422419627574033 -0.0085198205899278401 -0.0005290408195310777 -0.01144824163869586 -0.002578980255518172 0.0065965123115086692 0.0013179900665788197 -0.0024921232235956552 0.0035205934627630052 0.00057972999899564843 -0.0097998860517894779 0.0060975527191198323 -8.8533552559638682e-07
leaf_weight=108563 362 218 200 1038 366 17919 259 615 2799 543 504 337 980 259 386 10100 252 3874 254 1086 246 204 4892 315 436 899
leaf_count=108563 362 218 200 1038 366 17919 259 615 2799 543 504 337 980 259 386 10100 252 3874 254 1086 246 204 4892 315 436 899
internal_value=2.26716e-06 0.000179419 -0.00228104 -0.000383433 0.000234181 0.00125163 5.30433e-05 8.20487e-05 -0.000903663 -0.00344341 -0.000283675 -0.00656487 0.0010655 0.00686581 -0.000660813 -0.00123933 -0.00886683 -0.00106175 0.00231621 0.000240721 -0.00620158 0.0073037 -0.000231149 -0.0105955 0.00262508 -0.00199071
internal_weight=157906 132081 2874 2341 129207 19524 109683 109178 25825 2252 1120 1132 18899 625 23573 14360 795 13974 758 9213 505 404 7691 533 1522 1937
internal_count=157906 132081 2874 2341 129207 19524 109683 109178 25825 2252 1120 1132 18899 625 23573 14360 795 13974 758 9213 505 404 7691 533 1522 1937
is_linear=0
shrinkage=0.02


Tree=16
num_leaves=28
num_cat=0
split_feature=23 57 44 54 52 46 71 53 44 50 44 57 6 53 4 50 53 6 6 50 52 55 50 50 17 71 6
split_gain=69.5539 32.6371 63.0129 69.3834 56.6336 31.5936 55.4834 48.6733 44.779 39.6087 36.6275 49.8979 35.6557 33.7614 30.2311 46.799 42.1915 44.9383 24.83 23.4124 23.2619 22.897 22.4804 21.3693 20.0074 17.276 9.20231
threshold=0.037515529057833182 0.76550929407497204 0.00083595413199644153 0.64440326544690774 0.61652236652236658 0.0071743218066912407 -0.04165013692154472 0.012316468269828263 -0.084893261369471937 -0.00067490822405585893 0.079007279764532048 0.16020828394053549 0.060421667068357159 0.017456738612436771 -0.25000552441017354 0.056053115292138085 0.024132713091028688 0.017390494490453597 0.019340302507060935 -0.0056164637882277204 0.83473909131803881 0.48366680005335477 0.053295237879255171 0.040090011546018552 0.22248676260924208 -1.0219798394725796 0.016574962899218278
decision_type=8 10 10 10 2 8 8 10 10 10 8 8 10 10 8 10 10 8 8 10 2 10 10 10 2 10 10
left_child=1 14 4 19 25 13 7 9 -9 -7 12 -12 -8 22 15 24 18 -18 -16 -4 -6 -5 23 -2 -1 -3 -15
right_child=5 2 3 21 20 6 10 8 -10 -11 11 -13 -14 26 16 -17 17 -19 -20 -21 -22 -23 -24 -25 -26 -27 -28
leaf_value=0.0032891094855315283 -0.00021870958442395507 -0.0039432328441786103 0.0044063445337476307 0.0096440890258473206 -0.0070546149114728007 -0.0069906249945432732 0.00041114474122315865 -0.0044706117776539111 -0.001131687436416012 -0.0024988353844845219 -0.013047401059297333 -0.0012728160572514635 0.0087101604880029451 0.0067314295513742082 -4.9040383911024205e-05 0.010984654895974687 -0.0091132189826399063 -0.0015501658013407143 0.00086363601715297293 0.001060796845644133 -0.0021764923217511274 0.0032105259227998939 -0.0065391691764502295 0.0025124286344135795 -0.001420066969786096 0.00028324194855451547 0.0028649734427082393
leaf_weight=1620 12811 231 969 299 365 395 8449 1403 10499 367 363 4712 378 281 73877 304 241 1981 18653 14480 317 220 269 742 782 2788 202
leaf_count=1620 12811 231 969 299 365 395 8449 1403 10499 367 363 4712 378 281 73877 304 241 1981 18653 14480 317 220 269 742 782 2788 202
internal_value=4.29117e-06 0.000252186 0.000995323 0.00154036 -0.00135548 -0.000706058 -0.00111409 -0.00207169 -0.00175737 -0.00696986 -0.000241531 -0.00159535 0.000536701 5.15867e-05 0.000102176 0.00218618 4.26161e-05 -0.00268016 0.00010805 0.00129825 -0.00655637 0.00872692 -0.000130073 -1.60838e-05 0.00124761 -0.000178146 0.0052438
internal_weight=157998 117127 19669 15968 3701 40871 26566 12664 11902 762 13902 5075 8827 14305 97458 2706 94752 2222 92530 15449 682 519 13822 13553 2402 3019 483
internal_count=157998 117127 19669 15968 3701 40871 26566 12664 11902 762 13902 5075 8827 14305 97458 2706 94752 2222 92530 15449 682 519 13822 13553 2402 3019 483
is_linear=0
shrinkage=0.02


Tree=17
num_leaves=22
num_cat=0
split_feature=21 53 22 48 57 46 52 29 46 13 52 53 51 6 13 7 54 69 53 18 46
split_gain=66.0968 37.898 44.5552 40.0959 37.515 48.6799 34.2519 33.2522 36.747 30.6702 39.0136 30.7299 33.9303 32.9549 30.2353 23.9396 36.9464 26.4996 23.7393 21.0419 15.0737
threshold=0.02367547446820845 0.020109398955297661 -0.21072266585862801 -0.13097370721215904 0.75767106336809464 0.03709626144380785 0.88789462569950384 2.3559044447987394 0.0078665738142540773 -0.30076636353637742 0.58787244833269947 0.024132713091028688 0.72080650082043596 0.017471491754389151 0.054951453489469955 0.0077404990599004081 0.62685471620540212 -0.8621687752277436 0.013305200395819812 44.643236202192703 0.011895288936271177
decision_type=8 10 10 8 10 10 2 8 8 8 2 10 2 8 10 10 10 8 10 10 10
left_child=4 3 -3 -2 9 6 14 18 -9 10 19 12 -11 -13 -6 16 -4 -17 -5 -1 -8
right_child=1 2 15 7 5 -7 20 8 -10 11 -12 13 -14 -15 -16 17 -18 -19 -20 -21 -22
leaf_value=0.0033122997536105632 -0.0062692064676129738 0.010663126215197832 -0.0019674747375698961 -0.0010107952164731613 -0.00018106363434449007 -0.0074258564132378812 0.0020690207324085648 1.5674960366675456e-05 -0.001129355257547378 -6.5023986683632737e-05 0.011671136305675628 -0.009139927605571441 0.0007685804189923104 -0.0012275593540874606 0.0015944284533155764 -0.0085645992702859351 -0.0086535821856649001 -0.0012465924430691919 0.0015146520708493839 -0.0022653218856270255 0.0062527028708887255
leaf_weight=797 380 217 654 2155 4788 239 313 22333 18773 61139 362 208 22070 2053 11093 389 307 3581 5550 375 344
leaf_count=797 380 217 654 2155 4788 239 313 22333 18773 61139 362 208 22070 2053 11093 389 307 3581 5550 375 344
internal_value=3.84389e-05 -0.000526647 -0.00215925 -0.000355708 0.000334335 0.00120026 0.00133007 -0.000305212 -0.000531248 0.000167324 0.00296938 0.000116975 0.000179522 -0.00218302 0.00114457 -0.00255028 -0.00538254 -0.00186301 0.000900337 0.00119182 0.00580243
internal_weight=158120 54339 5148 49191 103781 16777 16538 48811 41106 87004 1534 85470 83209 2261 15881 4931 961 3970 7705 1172 657
internal_count=158120 54339 5148 49191 103781 16777 16538 48811 41106 87004 1534 85470 83209 2261 15881 4931 961 3970 7705 1172 657
is_linear=0
shrinkage=0.02


Tree=18
num_leaves=27
num_cat=0
split_feature=21 53 44 32 14 44 50 0 51 69 46 44 53 63 50 60 58 49 46 37 48 54 56 50 4 60
split_gain=73.5688 48.6064 51.4819 44.5332 48.1625 54.6101 41.6334 34.9226 35.4411 36.4622 46.0189 44.5077 33.7656 44.7806 30.7739 25.938 24.6063 23.3564 22.8183 39.0944 22.0877 19.8392 33.1082 12.9669 9.51233 7.74058
threshold=0.020712925550159026 0.020109398955297661 -0.12918327945539967 -0.27617093460708475 -0.2679573375709432 0.17681011950591644 -0.053801964445408072 -0.029326788012918489 0.72080650082043596 0.082448706549106035 0.028220276164352211 0.00083595413199644153 0.024132713091028688 0.22818037848693701 0.029886193737194925 0.11278211104444548 0.29837050311960711 0.062510994838400738 0.0075069440817183402 0.50399594939453363 -0.069558997314310964 0.40689730906944027 0.14841379599363005 0.0069652027590909613 0.021771295156161278 0.83583701363592422
decision_type=8 10 8 8 8 10 8 10 2 10 10 8 10 10 10 10 10 10 10 10 8 8 8 10 10 10
left_child=7 2 -2 17 -5 -6 16 18 9 11 -11 -9 14 -14 -10 -8 -4 25 21 20 -20 24 -23 -21 -1 -3
right_child=1 3 6 4 5 -7 15 8 12 10 -12 -13 13 -15 -16 -17 -18 -19 19 23 -22 22 -24 -25 -26 -27
leaf_value=0.0011907348609768718 -0.0082313318606377917 0.0030456797219150155 0.006368855033971714 -0.014495885603503544 -0.0032186555949738982 0.0023587596627995607 -0.0014170919179122827 0.001006189628738332 0.00175259223814455 0.00070061115683502486 -0.0050552178375479449 -0.00057746828349208293 0.0029232436312623491 -0.0035998071920071094 0.00040885223230491442 -0.00019457480735962554 0.00090415625185545612 -0.0023606977600784469 0.00012572336919819933 0.014161198121985135 0.0047471214306994119 0.0053056877312808283 -0.0041280344300664105 0.0077092573053893741 0.0070311478382604599 0.011738587773436683
leaf_weight=259 279 203 466 202 3833 629 8211 9199 10574 21625 322 37410 593 1260 14740 42661 619 277 1495 256 1564 277 589 229 205 204
leaf_count=259 279 203 466 202 3833 629 8211 9199 10574 21625 322 37410 593 1260 14740 42661 619 277 1495 256 1564 277 589 229 205 204
internal_value=1.57919e-05 -0.000554276 -0.000368283 -0.00237016 -0.00306924 -0.00263455 -0.000322145 0.000342134 0.000258013 1.57241e-05 0.000687899 -0.000300751 0.000869332 -0.00173571 0.00106016 -0.000404891 0.00355249 0.00239124 0.00199344 0.00283159 0.00199281 -0.000238918 -0.00202768 0.00810288 0.00309247 0.00543627
internal_weight=158181 57584 52236 5348 4664 4462 51957 100597 95723 68556 21947 46609 27167 1853 25314 50872 1085 684 4874 3544 3059 1330 866 485 464 407
internal_count=158181 57584 52236 5348 4664 4462 51957 100597 95723 68556 21947 46609 27167 1853 25314 50872 1085 684 4874 3544 3059 1330 866 485 464 407
is_linear=0
shrinkage=0.02


Tree=19
num_leaves=25
num_cat=0
split_feature=21 53 72 32 48 42 29 49 42 69 28 54 58 45 53 69 43 68 29 9 7 15 27 14
split_gain=68.9954 34.1719 43.5365 34.136 32.1824 34.5667 31.8977 30.2677 36.8906 30.0862 26.8152 56.2007 67.7889 47.0153 40.9582 33.3536 24.6791 21.6877 19.6747 18.1695 16.9958 11.1051 9.38613 7.71787
threshold=0.034365520119617472 0.020109398955297661 0.90819905614744345 0.1648791378959599 -0.13097370721215904 -0.061221554084063039 4.5694841046287218 0.0051400825980549856 0.033601176102106341 1.9664499208695785 -0.25745112520956182 0.77040259723844406 0.50050505050505067 0.017937732423117535 0.021694370836547013 -0.10755985071018008 0.051227593454310501 1.4376553431387582 -2.7671223575072612 0.71981203826266527 0.0094194825149728611 0.01251635472363122 -0.08786886319691066 0.53260261597366254
decision_type=8 10 8 10 8 8 10 10 10 10 8 10 10 10 10 10 10 10 10 10 10 10 10 10
left_child=9 4 3 6 -2 19 -3 -4 -9 10 13 15 -13 14 -1 -12 -5 -7 -15 -6 21 -11 -22 -24
right_child=1 2 7 16 5 17 -8 8 -10 20 11 12 -14 18 -16 -17 -18 -19 -20 -21 22 -23 23 -25
leaf_value=0.0036724345433801638 -0.0059241346086102778 -0.0015401555494629039 -0.006013178812170325 -0.0027890772652671026 0.0074613484618898272 -0.00068032480392542173 -0.0045422086815483081 0.011019742975613289 -0.0012652177278767815 -0.0024010540398977944 -8.3044116863914487e-05 -0.0049365281874681781 0.0022198232164832737 0.00071098024127290633 0.010932495993846145 0.00053912578652831351 0.004850077525880246 0.00059816349408483758 -0.0036409284268538568 0.0014668616760421117 0.003669838610997676 0.0047570999498289445 0.0083496405469618024 0.005196785281304188
leaf_weight=1890 309 1590 215 261 269 32620 1663 292 306 367 60887 1009 480 874 375 46563 246 5870 590 415 309 284 306 407
leaf_count=1890 309 1590 215 261 269 32620 1663 292 306 367 60887 1009 480 874 375 46563 246 5870 590 415 309 284 306 407
internal_value=5.16421e-06 -0.000667272 -0.00230389 -0.00321138 -0.000477611 -0.000426752 -0.00396374 0.00188943 0.00420367 0.000264277 0.000224711 0.000167597 -0.00368993 0.00189223 0.00369726 0.000221105 0.00161024 -0.00050604 -0.000899659 0.00402628 0.00292593 0.000395706 0.00453372 0.00579552
internal_weight=158397 44056 4573 3760 39483 39174 3253 813 598 114341 112668 108939 1489 3729 2265 107450 507 38490 1464 684 1673 651 1022 713
internal_count=158397 44056 4573 3760 39483 39174 3253 813 598 114341 112668 108939 1489 3729 2265 107450 507 38490 1464 684 1673 651 1022 713
is_linear=0
shrinkage=0.02


Tree=20
num_leaves=25
num_cat=0
split_feature=21 70 44 46 9 28 69 46 44 42 41 53 4 10 52 50 53 53 43 53 36 8 38 7
split_gain=51.5798 43.7394 54.6998 38.9814 94.4577 61.4101 42.1232 88.5774 51.169 45.0483 37.7497 32.7822 36.7259 40.2133 30.7427 62.3894 36.1605 27.1599 41.6014 33.9734 25.25 20.6571 14.957 14.4437
threshold=0.02600941157268916 -1.1075959291977788 0.077141766390349323 0.034133762393146715 1.7740834498376821 -0.091117833435163373 0.073917795364508904 0.016394563203530752 -0.097151723298657608 0.0072732266117424569 0.015003910868281458 0.020109398955297661 -0.30076636353637742 0.43161558759342439 0.60896649527140501 0.0074238207632112427 0.018097690716036615 0.016996572066686661 0.013165374487288274 0.020109398955297661 -0.19641039704367688 0.026910147165300352 0.53486471419058546 0.013669042649694433
decision_type=8 8 10 10 10 10 10 10 8 10 10 10 8 8 2 10 10 10 10 10 10 10 10 10
left_child=3 2 17 6 5 20 8 10 21 -10 -8 14 -13 -14 16 -16 -3 18 -2 -19 -5 -1 -7 -9
right_child=1 11 -4 4 -6 22 7 23 9 -11 -12 12 13 -15 15 -17 -18 19 -20 -21 -22 -23 -24 -25
leaf_value=0.0058641420997138363 -0.0061748242929221247 0.00013989825398831493 0.0035876425502746347 0.0067019725292123489 0.0094025277670899254 -0.009767239008261059 0.0010040971355885289 0.008558202308130803 -0.00051222045770672102 0.00040684778603275641 -0.00047148973583176006 0.01052238200065298 0.00533745415686958 -0.0024892603842659156 -0.0045501366449985457 -0.00047334797051393543 0.0034456707081995208 0.0050360628323955102 0.00012196826091323578 -0.005621166099310476 -0.0022424649397615581 -0.0013869383706964214 -0.0055589336214336947 0.0057121423268111605
leaf_weight=827 931 16963 264 229 330 202 26368 313 32623 35004 7930 205 257 4343 1080 25547 1537 227 264 235 1500 212 211 346
leaf_count=827 931 16963 264 229 330 202 26368 313 32623 35004 7930 205 257 4343 1080 25547 1537 227 264 235 1500 212 211 346
internal_value=1.36626e-05 -0.000503298 -0.0034641 0.000266344 -0.00221512 -0.00375082 0.000325581 0.000890726 3.78348e-05 -2.98397e-05 0.000750984 -0.000389282 -0.00195963 -0.00232949 -0.000221991 -0.000657128 0.000404194 -0.00481182 -0.00640301 -0.000686825 -0.00209133 0.00444038 -0.0106715 0.00814848
internal_weight=157948 51853 1921 106095 2472 2142 103623 34957 68666 67627 34298 49932 4805 4600 45127 26627 18500 1657 1195 462 1729 1039 413 659
internal_count=157948 51853 1921 106095 2472 2142 103623 34957 68666 67627 34298 49932 4805 4600 45127 26627 18500 1657 1195 462 1729 1039 413 659
is_linear=0
shrinkage=0.02


Tree=21
num_leaves=28
num_cat=0
split_feature=23 6 50 44 59 41 72 54 7 44 59 54 44 50 4 7 54 70 43 59 32 44 44 28 20 14 29
split_gain=58.6885 30.3149 50.1567 48.7885 56.2407 46.7334 43.336 53.7962 72.4344 48.0458 35.2852 33.6551 43.5325 30.0088 31.2972 39.5071 28.3537 27.4323 39.0398 23.3435 21.4784 30.9575 22.3204 20.506 18.0869 15.0766 13.806
threshold=0.037515529057833182 0.019798182724293744 0.050985020605297311 0.11987758949867323 0.19830323967864119 0.047384893400697077 0.37252804675420542 0.77040259723844406 0.015723846065324436 0.17681011950591644 0.18201060808328781 0.62053604108539195 0.089624477650003045 0.058484836743913589 -0.10975187018219189 0.0058387872849672015 0.57514222579460672 -1.2417227077992512 0.0045155340655611562 0.29393448366471059 0.2803473246804839 0.095049019146041594 0.10184831294004694 -0.14025230567244959 0.027437244731783553 0.11811190291951502 4.1421938397178781
decision_type=8 8 10 10 10 10 8 10 10 10 10 10 10 10 10 10 10 8 10 10 10 10 10 10 10 10 10
left_child=1 2 3 5 -5 -1 7 10 -9 16 -3 12 -4 17 -15 25 -8 18 26 -13 21 -19 -22 -11 -17 -16 -2
right_child=13 6 11 4 -6 -7 9 8 -10 23 -12 19 -14 14 15 24 -18 20 -20 -21 22 -23 -24 -25 -26 -27 -28
leaf_value=8.4314241900399769e-05 -0.003186574483690289 0.007612937833437459 -0.004422603298532694 -0.005338606157596344 -0.00044793545572037203 -0.0041069697342561509 0.0013443990642461818 -0.0050389797484024631 -0.00036728212047394448 -0.0096413522281410102 0.00043256313805776548 0.0045066007800470152 0.0017035173884679977 0.0053225370084089276 0.0022312391388698721 -0.0032937674689481268 0.0031513318876740825 -0.0003616696781238719 0.0016903478326222169 0.0012714659485167379 -0.00018005416181871641 -0.0023104639067102134 0.005779670774747097 -0.00029295945860681032 -0.009553689158114621 -0.0019036853655405451 -0.0088806178674274792
leaf_weight=83555 212 222 436 869 1705 506 9433 684 1473 217 7994 726 2260 211 250 520 6425 34050 208 527 747 3058 586 202 552 247 252
leaf_count=83555 212 222 436 869 1705 506 9433 684 1473 217 7994 726 2260 211 250 520 6425 34050 208 527 747 3058 586 202 552 247 252
internal_value=2.59157e-05 0.000253491 7.90197e-05 -2.14461e-05 -0.0027332 6.15974e-05 0.000846422 -0.000163678 -0.00297405 0.00149023 0.000574175 0.00228304 0.00102262 -0.000626449 -0.00316564 -0.00413885 0.00166707 -0.000510763 -0.00451412 0.00499043 -0.000440612 -0.000530276 0.00205247 -0.00518571 -0.00629823 0.000518072 -0.00773763
internal_weight=158127 117234 90584 86635 2574 84061 26650 10373 2157 16277 8216 3949 2696 40893 1780 1569 15858 39113 672 1253 38441 37108 1333 419 1072 497 464
internal_count=158127 117234 90584 86635 2574 84061 26650 10373 2157 16277 8216 3949 2696 40893 1780 1569 15858 39113 672 1253 38441 37108 1333 419 1072 497 464
is_linear=0
shrinkage=0.02


Tree=22
num_leaves=27
num_cat=0
split_feature=21 70 45 44 53 44 14 32 6 53 39 48 52 7 52 44 14 27 53 44 48 43 14 6 48 72
split_gain=69.7806 45.7163 50.3559 51.925 57.0074 40.2381 39.9595 30.7953 33.8881 55.1049 61.4963 37.7091 32.946 28.5942 26.1054 24.7466 46.669 31.39 18.7483 22.0694 17.7343 14.4841 12.9427 12.4516 10.2359 8.75809
threshold=0.06277847494966439 -0.19657143106083122 0.0087471497494089837 0.074697369416932738 0.013486821267546393 0.074697369416932738 -0.13953538867222884 0.23307934719532422 0.060421667068357159 0.024132713091028688 0.090153571346551789 -0.15381370080476323 0.88789462569950384 0.020650673001638278 0.68986766234201624 0.095771384149618291 -0.13953538867222884 -0.045763793983848604 0.012797159158465335 0.088579226193906027 -1.0000000180025095e-35 0.042826534782344002 0.24340391658286678 0.010669806966554098 -0.01179702429097451 0.81533841018807685
decision_type=8 8 10 10 10 10 8 10 10 10 10 10 2 10 2 10 8 10 10 8 10 10 10 10 10 8
left_child=7 2 18 4 -4 13 -7 8 9 12 -11 -10 -1 20 -8 21 -17 -18 23 -20 -3 24 -5 -2 -9 -15
right_child=1 5 3 22 -6 6 14 15 11 10 -12 -13 -14 25 -16 16 17 -19 19 -21 -22 -23 -24 -25 -26 -27
leaf_value=9.1999962229751022e-05 -0.00024800136652186535 -0.00048992297346337128 -0.0091827097230464238 0.0033955415594748729 -0.0032646598922684471 -0.010421435775444202 0.0024194958124408392 -0.00034146288375769913 -0.00047237203897943685 -0.0027554988722549318 0.003425977244560785 0.012325975505858684 0.0018465909389888244 0.0019234396724749103 -0.0025608430411608141 -0.0041072883843036988 0.0093978622982862081 0.0033449352058748795 0.0012128310866245922 -0.0018774159975654121 0.0017766106651740195 -0.0039572182305866828 -0.0014351088954864899 -0.0029809489088791297 0.0026042354360622357 0.0086828064026332127
leaf_weight=121159 334 10515 398 290 3319 378 578 1098 282 3406 635 347 3345 245 2654 342 683 1068 1997 558 1894 336 242 413 1050 365
leaf_count=121159 334 10515 398 290 3319 378 578 1098 282 3406 635 347 3345 245 2654 342 683 1068 1997 558 1894 336 242 413 1050 365
internal_value=-2.18955e-05 -0.00101063 -0.00230111 -0.00374071 -0.00457719 -0.000424414 -0.00229244 0.000156843 9.96942e-05 7.69997e-05 -0.00222118 0.00472698 0.000151624 9.35484e-05 -0.00157068 0.00176889 0.00337058 0.00469064 -0.000447472 0.00036698 -0.000114263 0.000417706 0.00209756 -0.00323262 0.0010228 0.00431751
internal_weight=157931 24180 7551 4249 3717 16629 3610 133751 129174 128545 4041 629 124504 13019 3232 4577 2093 1751 3302 2555 12409 2484 532 747 2148 610
internal_count=157931 24180 7551 4249 3717 16629 3610 133751 129174 128545 4041 629 124504 13019 3232 4577 2093 1751 3302 2555 12409 2484 532 747 2148 610
is_linear=0
shrinkage=0.02


Tree=23
num_leaves=30
num_cat=0
split_feature=21 58 42 43 45 53 7 4 9 6 50 41 50 42 52 50 9 9 45 74 41 6 7 53 45 53 32 15 77
split_gain=59.1678 32.8579 39.5531 64.8309 35.7715 31.1297 59.0879 65.77 42.1571 34.7397 53.2886 48.3848 39.5744 33.5704 29.8388 36.3673 29.0711 28.5452 25.4478 25.3471 24.7371 24.0012 21.9252 18.227 27.2146 17.3342 16.2776 14.4264 9.36141
threshold=0.059346082682885 0.35379839520293926 -0.018481773686967514 -0.053124800089148654 0.0087471497494089837 0.024132713091028688 0.013806450344919265 0.16119167202148724 1.7740834498376821 0.020723423792448833 0.050985020605297311 0.047384893400697077 0.051908077306145224 0.014501779233529135 0.60896649527140501 0.0074238207632112427 0.59977123850928604 0.70017149177968807 0.012868982299612629 -0.016764730417070283 0.048511285866492233 0.037879804488164193 0.03477748638306543 0.013274044109080776 0.0056700211514698956 0.019586952087893923 -0.20620856964540904 0.03503879034390512 1.1284205359849953
decision_type=8 8 10 10 10 10 10 8 10 10 10 10 10 10 2 10 10 10 10 10 10 10 10 10 10 8 10 8 8
left_child=5 2 16 -4 -5 9 7 19 21 10 11 -1 22 -12 23 27 18 -14 -2 -7 -17 -8 -11 28 -25 -18 -10 -16 -3
right_child=1 14 3 4 -6 6 8 -9 26 12 13 -13 17 -15 15 20 25 -19 -20 -21 -22 -23 -24 24 -26 -27 -28 -29 -30
leaf_value=3.4357190361610294e-05 -0.0041787401342797369 -0.004291172124852638 0.0073117606267549956 -4.5827471757464053e-05 -0.0033355832485850324 -0.0032458002591805924 0.0017613728826886732 0.0039309482319808643 0.011377658518374667 0.0019109783660108785 0.0048438515680459477 -0.0036746570512087048 0.0024020660570972826 0.0012546392142904516 -0.002135028499734095 -0.00079966638361069517 2.4619807254344163e-05 -0.0033518453516606108 -0.010335293480626801 -0.0069811428492945974 -0.0068697258189121006 -0.0019166859650046819 -0.0041925568819863512 0.0062498271918279766 0.00074890683959231042 -0.0048592408377674213 0.001966870316254362 -0.0096966743000607356 -0.00045048198272034696
leaf_weight=103105 463 200 250 2040 1919 630 827 242 248 16831 516 614 626 3898 204 11743 462 1393 244 529 214 2003 442 552 4665 214 201 289 2851
leaf_count=103105 463 200 250 2040 1919 630 827 242 248 16831 516 614 626 3898 204 11743 462 1393 244 529 214 2003 442 552 4665 214 201 289 2851
internal_value=2.63862e-06 -0.000863441 -0.00222385 -0.00125843 -0.00188333 0.000175147 -0.00142662 -0.00486305 4.20732e-05 0.000234002 9.44939e-05 2.87312e-06 0.00101581 0.00224643 -0.000496066 -0.00111461 -0.00515751 -0.00163267 -0.00799153 -0.0068431 -0.000894631 -0.00086118 0.00132558 0.000435119 0.00115332 -0.00218316 0.00572889 -0.0064332 -0.000792267
internal_weight=158415 26310 5592 4209 3959 132105 4680 1401 3279 127425 108133 103719 19292 4414 20718 12450 1383 2019 707 1159 11957 2830 17273 8268 5217 676 449 493 3051
internal_count=158415 26310 5592 4209 3959 132105 4680 1401 3279 127425 108133 103719 19292 4414 20718 12450 1383 2019 707 1159 11957 2830 17273 8268 5217 676 449 493 3051
is_linear=0
shrinkage=0.02


Tree=24
num_leaves=30
num_cat=0
split_feature=21 46 70 57 44 54 70 36 29 49 54 38 50 44 70 46 0 41 46 42 43 30 63 77 43 46 46 76 59
split_gain=49.8573 38.5825 70.6256 32.7985 35.9488 56.1809 36.6924 36.0772 31.7374 33.7654 33.5194 31.1526 37.1019 28.9863 55.755 31.5849 26.908 27.7779 27.0185 25.7309 28.0303 22.4107 25.4512 22.3249 21.2691 18.7157 14.4178 14.4129 11.4893
threshold=0.024283314032409135 0.0071743218066912407 -1.0411708948418663 0.80490309009866301 0.0072405465228722052 0.64440326544690774 -0.63899538684779789 -0.057893610021631348 2.5060404828833969 0.0025194277346591858 0.49930487130591822 1.1641056456011756 -0.017451826180338522 0.064480487896289365 -0.91057108157887434 0.0068321629575590235 -0.032353043915001982 -0.012817826760980975 0.009284338594784414 -0.0044573610504397001 0.026721273857377995 0.8035890858151129 0.23632527809743001 0.34313936876155515 -0.053124800089148654 0.010245030462431805 0.0060454731887708375 -0.27915473375731925 0.89379644373673051
decision_type=8 8 8 10 10 10 10 10 10 10 10 10 10 10 8 10 10 10 10 10 10 8 10 10 10 10 10 10 10
left_child=3 13 11 16 6 7 27 -6 9 -4 -10 12 -3 19 26 -16 17 25 -19 23 -21 22 -18 -2 -23 -1 -15 -5 -8
right_child=1 2 8 4 5 -7 28 -9 10 -11 -12 -13 -14 14 15 -17 21 18 -20 20 -22 24 -24 -25 -26 -27 -28 -29 -30
leaf_value=0.0061399865384596441 -0.0042126227750567532 -0.0082823191471786944 -0.00028490919198166707 -0.0049046969923311704 -0.003265225189801082 0.0083224169403796708 -0.00014334774212412644 0.0018286034891961654 -0.0020891884679106101 0.0026472290306012521 -0.00050389939635897812 0.0014529115506607742 -0.0025046359883159142 0.0024709519368099841 0.00050845797564758131 0.0072780698471606687 0.00080436914295543447 -0.0030735155564824536 0.0024115755217415718 -0.0011542568130977916 0.0010358266994379614 0.0028509288715390219 -6.0928245777890908e-05 0.0018281168499814471 -0.0011940597611110766 0.0012851645463463853 0.0080766338058595941 -0.0015968827304779231 0.0048955953906581473
leaf_weight=945 244 589 7121 410 858 335 1603 9157 6824 1960 15812 244 1258 229 4979 366 26754 871 911 8233 2738 443 55997 3239 4803 724 209 340 344
leaf_count=945 244 589 7121 410 858 335 1603 9157 6824 1960 15812 244 1258 229 4979 366 26754 871 911 8233 2738 443 55997 3239 4803 724 209 340 344
internal_value=4.06078e-05 -0.00045254 -0.000865982 0.000295686 0.00123375 0.00176968 -0.00082209 0.0014994 -0.000631124 0.00036754 -0.00103185 -0.00442543 -0.00531277 0.000238067 0.00143465 0.000871306 0.000161817 0.00189397 0.000155917 -0.000240609 -0.000716187 9.3843e-05 0.000174231 0.0012566 -0.00117362 0.00374731 0.00828702 -0.0045779 0.000625257
internal_weight=158540 54045 33808 104495 13047 10350 2697 10015 31717 9081 22636 2091 1847 20237 5783 5345 91448 3451 1782 14454 10971 87997 82751 3483 5246 1669 438 750 1947
internal_count=158540 54045 33808 104495 13047 10350 2697 10015 31717 9081 22636 2091 1847 20237 5783 5345 91448 3451 1782 14454 10971 87997 82751 3483 5246 1669 438 750 1947
is_linear=0
shrinkage=0.02


Tree=25
num_leaves=27
num_cat=0
split_feature=23 58 54 54 44 46 5 56 69 46 44 45 45 47 49 43 44 69 49 53 19 53 4 28 33 45
split_gain=54.6663 32.2884 42.4688 64.0653 35.1138 28.9866 97.9266 55.5532 40.8899 88.4276 54.3821 48.142 47.1237 36.4219 28.7813 56.8936 25.0927 36.6643 34.1149 26.0014 26.6496 24.5529 21.611 20.8177 18.6906 18.5222
threshold=0.05653184541981527 0.30230150705378211 0.57253979244754216 0.58346599610030381 -0.075688170239417693 0.034133762393146715 0.024599482418494127 0.10471182365432881 -0.10755985071018008 0.017801606881185223 0.00083595413199644153 0.014770818854618414 0.0042033387028573236 -0.020992524107077744 -0.029703444396402986 -0.026610048530141425 0.083204900209581836 -0.82247319162371979 0.0013368287303113793 0.012947251127851998 1.8548878306096179 0.018276204263818843 0.047434601232920544 -0.094066610535698522 0.048994506411561833 0.022730855217487033
decision_type=10 10 8 8 10 10 10 10 10 10 10 10 10 10 10 10 8 8 10 10 10 10 10 8 10 10
left_child=5 2 14 -4 -5 8 23 -8 10 12 13 -12 -10 -1 -2 -16 19 21 -19 24 -21 -18 -11 -7 -3 -9
right_child=1 16 3 4 -6 6 7 25 9 22 11 -13 -14 -15 15 -17 17 18 -20 20 -22 -23 -24 -25 -26 -27
leaf_value=0.00064860339413072153 -0.004082962636871486 0.00064258312140589918 -0.01146773096453681 -0.0050724271953319798 -0.00052856795963648765 -0.002598969712083041 0.011660211533798665 0.0014828288213300795 0.0016686799304852097 0.0024076120368485012 -0.00028570004641127007 -0.0035183196707918806 0.00024719668064445988 0.0037596358308551706 0.0064071188546527096 -0.0007751521387273409 -0.0037410753596510155 0.0024275124893891253 -0.0022860036937353669 0.00083789163398882759 -0.0015746014474385549 -0.017538258340610055 0.0074047215683862326 -0.0082620317331235909 -0.0022041854934364571 -0.0019283435326718054
leaf_weight=13670 285 1164 386 685 1240 211 320 558 9223 283 53638 1404 48277 1928 360 2258 243 733 3141 9882 2557 208 546 337 2703 1459
leaf_count=13670 285 1164 386 685 1240 211 320 558 9223 283 53638 1404 48277 1928 360 2258 243 733 3141 9882 2557 208 546 337 2703 1459
internal_value=2.31959e-05 -0.000817844 -0.00222397 -0.00424654 -0.00275078 0.00018807 -0.00179418 -7.69889e-06 0.000232442 0.000624344 -9.11369e-05 -0.00038657 0.000530739 0.000951215 -0.000612259 4.50554e-05 -0.000462292 -0.00181646 -0.00118658 -0.000102901 0.000342283 -0.00720796 0.00710602 -0.00939526 -0.00153516 -0.00123786
internal_weight=157699 25845 5214 2311 1925 131854 2885 2337 128969 58329 70640 55042 57500 15598 2903 2618 20631 4325 3874 16306 12439 451 829 548 3867 2017
internal_count=157699 25845 5214 2311 1925 131854 2885 2337 128969 58329 70640 55042 57500 15598 2903 2618 20631 4325 3874 16306 12439 451 829 548 3867 2017
is_linear=0
shrinkage=0.02


Tree=26
num_leaves=28
num_cat=0
split_feature=23 46 9 28 6 53 41 70 54 54 44 53 10 44 52 50 28 14 59 43 50 57 7 43 9 36 7
split_gain=64.0669 34.5988 97.7878 50.116 46.2292 45.4272 45.6833 31.0748 71.2691 48.322 38.1821 33.7437 66.1452 42.7779 31.4571 50.8426 34.5242 31.8468 28.2409 32.4669 26.9486 25.3977 25.1553 24.5622 21.2085 15.8969 14.5847
threshold=0.031946876700333034 0.034133762393146715 1.7740834498376821 -0.12119058928199915 0.021321769165451573 0.024132713091028688 0.047384893400697077 -1.0001467864784932 0.56052014714107801 0.66004857915868043 0.035014286716079875 0.01502146470158441 0.38457866282074527 0.040132428129007088 0.60896649527140501 0.0076275591635123216 -0.0033389899398131302 -0.028344781058370124 0.30599465411031651 0.045926452869683672 -0.011434513726389981 0.65089304680308724 0.0049351235356814563 -0.019281307973706915 0.76967762084276881 -0.19641039704367688 0.013950697686096405
decision_type=8 10 10 10 10 8 10 8 8 10 10 10 8 10 2 10 8 10 10 10 10 10 8 10 10 10 10
left_child=1 4 3 25 5 6 -1 8 11 10 -10 13 -13 -2 20 16 -16 -17 21 -20 22 -6 -9 -22 -7 -3 -5
right_child=7 2 -4 26 18 24 -8 14 9 -11 -12 12 -14 -15 15 17 -18 -19 19 -21 23 -23 -24 -25 -26 -27 -28
leaf_value=0.00020390035356791802 -0.0050302083011527074 0.0048702421822634061 0.0090630015673646962 -0.0071456296388734209 0.0020218718473180063 -0.0076844200243875284 -0.0037743406846343407 -0.0047459708539775939 -0.007797840362977454 0.00039699733423591884 -0.0009682303095439013 0.008816966430345536 -0.0011195328961216913 0.0012681143620664555 -0.0024514775627108754 -0.0022797325909697055 -0.0097973606094408725 -0.00038385325017689642 0.0021196321396713298 -0.00099326837522060616 0.0038212189093577852 0.0086274133200356998 -0.00037085484674978037 0.00065293670897575388 -0.0017045734376464202 -0.0022770003562681434 -0.0050428583985346262
leaf_weight=92581 365 227 360 323 270 242 558 497 788 367 236 282 356 342 846 4393 332 19669 12944 2734 907 206 7917 8522 200 1432 231
leaf_count=92581 365 227 360 323 270 242 558 497 788 367 236 282 356 342 846 4393 332 19669 12944 2734 907 206 7917 8522 200 1432 231
internal_value=2.31332e-05 0.00028028 -0.00201166 -0.00358537 0.000334056 0.000163472 0.00019388 -0.000607115 -0.00267373 -0.00584626 -0.0080761 0.000607727 0.00394053 -0.00239831 -0.000475768 -0.000930153 -0.00498558 -0.00073133 0.00132207 0.00117597 0.000166891 0.0061174 -0.000655734 0.000901166 -0.00622573 -0.00184217 -0.00878919
internal_weight=158127 112308 2573 2213 109735 93581 93139 45819 2736 1391 1024 1345 638 707 43083 25240 1178 24062 16154 15678 17843 476 8414 9429 442 1659 554
internal_count=158127 112308 2573 2213 109735 93581 93139 45819 2736 1391 1024 1345 638 707 43083 25240 1178 24062 16154 15678 17843 476 8414 9429 442 1659 554
is_linear=0
shrinkage=0.02


Tree=27
num_leaves=27
num_cat=0
split_feature=67 46 70 45 45 5 5 46 57 44 50 50 45 28 38 50 36 44 57 51 14 45 46 42 32 10
split_gain=53.2201 40.3891 67.2201 38.3133 43.5833 48.8316 40.0527 51.9342 35.1119 65.9 56.7146 46.7379 34.5942 35.6682 30.3275 35.9566 27.1735 24.7284 48.0035 48.7374 30.037 40.4705 36.6963 22.1834 21.103 20.3917
threshold=0.10472095872879782 0.0071743218066912407 -1.012802794240945 0.0053649681271666092 0.0048573026601447722 0.014150961875036583 0.012470783855595068 0.0057991106797307497 0.71835397914624377 0.15576978428121704 0.067212761852046957 0.061574248510383074 0.0056005298291365432 -0.031401939411651307 1.1936349421777595 -0.017451826180338522 0.041226000171590553 0.12547988852472428 0.28393773035387515 0.44665125402830325 -0.30180265298752351 0.019248110395275408 0.036016059464893356 -0.0053991682415385203 0.23307934719532422 2.0876939073984579
decision_type=8 8 8 10 10 8 10 10 8 10 10 10 8 10 10 10 8 10 10 2 10 10 10 10 10 10
left_child=8 3 14 4 16 -6 7 -5 17 10 11 -10 25 -14 15 -3 -2 20 19 -19 21 -1 -22 -8 -20 -4
right_child=1 2 12 6 5 -7 23 -9 9 -11 -12 -13 13 -15 -16 -17 -18 18 24 -21 22 -23 -24 -25 -26 -27
leaf_value=0.0066554393973442894 -0.00076322773131266754 -0.0070962872591434781 0.00065998624647007969 -0.0011080737377835309 -0.0025084620651697732 0.0017112807839391451 0.0024550935162552861 0.0027043720247998055 0.00085970669206889396 0.0084592538529334061 -0.0082489017109463394 0.006574678514144696 -0.00012676786842001742 -0.0011935856696365186 0.0017452381558628347 -0.0022049373431768343 0.00093672976903913172 -0.010899840569568288 -0.00045699418926810955 -0.0026440692313150975 0.000189098566596611 -0.0014603746918638713 -0.0024096418507249771 -0.00095084685077235782 0.0043964905335575856 0.008004513357034268
leaf_weight=1378 6702 765 4316 1190 3026 1166 1168 4619 19401 382 204 275 16123 17430 281 2044 6945 329 1579 1085 61438 601 1137 3856 353 239
leaf_count=1378 6702 765 4316 1190 3026 1166 1168 4619 19401 382 204 275 16123 17430 281 2044 6945 329 1579 1085 61438 601 1137 3856 353 239
internal_value=1.44147e-05 -0.000397847 -0.000799 0.000178495 -0.000391143 -0.00217458 0.00111667 0.0022475 0.000341164 0.00107181 0.000913334 0.00102241 -0.000568842 -0.000790904 -0.00363572 -0.00426263 0.000156653 0.000123091 -0.00155303 -0.00435194 0.000210022 0.00263535 0.000133246 -0.000190647 0.000495603 0.00106629
internal_weight=158032 69870 41198 28672 17839 4192 10833 5809 88162 20262 19880 19676 38108 33553 3090 2809 13647 67900 3346 1414 64554 1979 62575 5024 1932 4555
internal_count=158032 69870 41198 28672 17839 4192 10833 5809 88162 20262 19880 19676 38108 33553 3090 2809 13647 67900 3346 1414 64554 1979 62575 5024 1932 4555
is_linear=0
shrinkage=0.02


Tree=28
num_leaves=24
num_cat=0
split_feature=70 43 23 52 50 46 47 9 70 44 35 45 51 53 51 54 46 52 23 48 23 7 57
split_gain=44.312 55.9727 37.3129 38.795 72.0861 46.916 43.3655 37.2317 35.0336 32.2974 29.5659 49.0317 30.1094 30.2768 24.949 24.9312 29.6957 24.5793 20.9363 17.9211 14.0941 12.6302 8.81724
threshold=-1.2417227077992512 0.0050476058442934244 0.0090995455996218961 0.60896649527140501 0.0074238207632112427 0.0083314998401078783 -0.0038235696042235863 1.372442727503753 -0.051483934876247257 -0.084893261369471937 0.006247676567965205 0.0065557242615534401 0.72080650082043596 0.024285944449000278 0.71353216750706305 0.66004857915868043 0.0095598339226051088 0.89779664779664792 -0.015111539244186676 -0.080661721708004772 0.017127683494706506 0.0034694993286392517 0.52426171136085464
decision_type=8 10 8 2 10 10 10 10 8 8 10 10 2 10 2 8 10 2 10 10 10 10 8
left_child=1 15 10 6 7 -6 9 -5 -8 -4 12 18 14 -14 -2 16 21 -13 -12 -3 22 -1 -21
right_child=2 19 3 4 5 -7 8 -9 -10 -11 11 17 13 -15 -16 -17 -18 -19 -20 20 -22 -23 -24
leaf_value=-0.0053307434527311605 1.09000442448522e-05 -0.0035688856091524784 -0.0019516755703823678 -0.0050380597660217696 4.3070577516039574e-05 -0.0012492148369850921 0.0056762553980871889 0.00042021510628012976 -0.00025877986603289454 0.00028017830561216927 0.0039383831329684723 -0.00078558817232563254 0.0010384095933064297 -0.0018317915091568598 -0.0023476550419360264 0.00019255156227156734 -0.008828607357661335 0.0042446314527119109 0.0015138956102389717 -0.0015835897159339829 0.0029649199073876974 -0.00041025371918552734 0.0022612886616840146
leaf_weight=291 55656 202 2568 1297 22836 16585 659 407 430 24512 1041 3933 18590 1412 1461 206 363 272 4146 544 336 226 311
leaf_count=291 55656 202 2568 1297 22836 16585 659 407 430 24512 1041 3933 18590 1412 1461 206 363 272 4146 544 336 226 311
internal_value=-1.61607e-05 -0.00266855 2.60452e-05 -0.000319763 -0.000711423 -0.000537213 0.00025197 -0.00473783 0.0041633 9.44574e-05 0.000303056 0.0013625 0.000173989 0.000841774 -5.9841e-05 -0.00606992 -0.00753462 -0.000242035 0.00266345 -1.29125e-05 0.000921141 -0.00443629 -0.000441589
internal_weight=158284 2479 155805 69294 41125 39421 28169 1704 1089 27080 86511 9392 77119 20002 57117 1086 880 4205 5187 1393 1191 517 855
internal_count=158284 2479 155805 69294 41125 39421 28169 1704 1089 27080 86511 9392 77119 20002 57117 1086 880 4205 5187 1393 1191 517 855
is_linear=0
shrinkage=0.02


Tree=29
num_leaves=27
num_cat=0
split_feature=23 52 14 43 41 70 6 54 41 5 38 51 71 51 38 44 6 48 52 43 41 6 54 60 60 7
split_gain=46.8727 34.1124 51.4235 51.417 42.0816 30.2211 30.16 44.0865 43.1086 29.5982 27.9699 27.183 27.1742 26.9005 24.0719 21.0809 46.8235 61.8827 34.0972 47.6113 30.728 23.8967 17.2216 15.6115 10.8602 10.3918
threshold=0.037515529057833182 0.88789462569950384 0.044732398833998717 0.052023794148548304 0.015812499295069896 -1.2417227077992512 0.019798182724293744 0.66790733293739635 0.047384893400697077 0.010060801266065305 0.52449094038828969 0.36250455800385484 -0.16047072506790297 0.83369723435225629 0.79263351368166157 -0.084893261369471937 0.019798182724293744 -0.10159605945532339 0.60896649527140501 0.00076209512082248143 0.0095565934590016183 0.060421667068357159 0.5772039428110014 0.80490309009866301 0.40345209611499544 0.0095979027260059326
decision_type=10 2 8 10 10 10 8 8 10 8 8 2 10 2 10 10 8 10 2 10 10 10 8 10 10 10
left_child=1 6 14 4 -4 11 8 9 13 -8 -9 -2 -5 -1 23 16 17 -7 20 -20 -17 -18 -13 -3 -16 -10
right_child=5 2 3 12 -6 15 7 10 25 -11 -12 22 -14 -15 24 18 21 -19 19 -21 -22 -23 -24 -25 -26 -27
leaf_value=9.5862431579900532e-05 -0.0079706788350473092 1.7388500401684279e-06 0.0039129557587593176 0.0059617070164117757 -0.0032791018125252576 -0.0084412530313249384 0.0040117336445631086 -0.0040075900163526433 -0.0060443096047837356 0.0013781163343699917 -0.00024769209229110465 0.0014252182939702926 0.0022251598617853766 -0.0010224142310547978 -0.00049945348011496218 -7.1852422401188221e-05 -0.0013002952139624913 0.0014285401611412898 -0.0036686407053368253 -0.00055769123373404408 0.0019817809435001984 0.0056573546264884183 -0.0050127806652194929 0.0074936176442044183 -0.0081457372836639605 -0.0018238574931887309
leaf_weight=81860 244 854 432 760 340 386 961 407 226 18347 7265 203 289 5993 233 10473 2041 209 1625 20893 2837 244 203 254 305 294
leaf_count=81860 244 854 432 760 340 386 961 407 226 18347 7265 203 289 5993 233 10473 2041 209 1625 20893 2837 244 203 254 305 294
internal_value=2.09762e-05 0.000219136 0.00217359 0.00448847 0.000566624 -0.0005772 0.000160359 0.000745636 -1.83086e-05 0.00125527 -0.000536687 -0.004851 0.00736952 1.56851e-05 -0.000387371 -0.000505257 -0.00215134 -0.0071443 -0.000372826 -0.000847196 0.00042957 -0.000847769 -0.00166585 0.00129666 -0.00385529 -0.00575432
internal_weight=158178 118820 3467 1821 772 39358 115353 26980 88373 19308 7672 650 1049 87853 1646 38708 2880 595 35828 22518 13310 2285 406 1108 538 520
internal_count=158178 118820 3467 1821 772 39358 115353 26980 88373 19308 7672 650 1049 87853 1646 38708 2880 595 35828 22518 13310 2285 406 1108 538 520
is_linear=0
shrinkage=0.02


Tree=30
num_leaves=24
num_cat=0
split_feature=70 51 23 53 45 53 35 45 6 72 51 44 44 70 42 43 45 43 23 44 4 46 24
split_gain=44.1265 54.206 39.5321 41.9228 38.3008 41.5477 33.7605 49.4862 32.6978 44.7241 35.5929 30.7894 25.2521 24.8651 23.9234 32.6252 20.4259 20.1347 16.8196 17.5385 13.9785 12.435 11.0683
threshold=-1.2417227077992512 0.29845360824742273 0.0090995455996218961 0.010900370658205363 0.0044010251167310123 0.013639970853982417 0.0051873179893512636 0.0089298117069970488 0.019340302507060935 1.059442915227536 0.72080650082043596 0.099831668351761951 0.034756918671103317 1.0237815160142894 0.010060007137235429 0.0064453929227689119 0.0071250012082413666 0.068429566223258145 0.0070379869606049814 0.07353699575509888 0.1464445816042779 0.0095798543940596882 -0.24467696538812858
decision_type=8 2 10 10 10 10 10 10 10 10 2 10 10 10 10 10 10 10 10 10 10 8 10
left_child=1 -1 6 13 11 -6 8 17 10 -10 -2 -5 14 16 21 -16 -4 -8 22 -20 -9 -3 -14
right_child=2 12 3 4 5 -7 7 20 9 -11 -12 -13 18 -15 15 -17 -18 -19 19 -21 -22 -23 -24
leaf_value=-0.0077955743980660129 -0.00031263803518732382 0.0022208036800007293 0.0019207452694379823 0.00079687573576779581 -0.0012131020614981267 -0.00026590215041512289 0.0015130990401552202 -0.0016482951743098432 0.00024801468008012732 0.0034381476900117104 0.00076524972796780417 -0.0046715431731999277 -0.0026300768946008507 -0.0045749499277900956 -0.0084882452579744354 -0.0017890730707087763 0.0053222756337495559 0.0042296205626364816 0.00010335819343506452 0.0043333165978215963 0.0018652369825436061 -0.0028532293467329597 0.00061566288829285724
leaf_weight=387 44863 267 1847 10049 17705 36818 7020 2351 12610 6285 13950 477 347 320 223 324 297 555 260 201 313 204 321
leaf_count=387 44863 267 1847 10049 17705 36818 7020 2351 12610 6285 13950 477 347 320 223 324 297 555 260 201 313 204 321
internal_value=-3.26466e-05 -0.0026501 1.00218e-05 -0.000353971 -0.000451007 -0.000664258 0.000289467 0.00136895 0.00014719 0.000870978 -8.53198e-05 0.000653368 -0.00140503 0.00220609 -0.00368793 -0.0065292 0.00298275 0.00219351 0.000653097 0.00358874 -0.000974859 -0.000377119 -0.0013722
internal_weight=157994 2534 155460 67513 65049 54523 87947 10239 77708 18895 58813 10526 2147 2464 1018 547 2144 7575 1129 461 2664 471 668
internal_count=157994 2534 155460 67513 65049 54523 87947 10239 77708 18895 58813 10526 2147 2464 1018 547 2144 7575 1129 461 2664 471 668
is_linear=0
shrinkage=0.02


Tree=31
num_leaves=28
num_cat=0
split_feature=21 46 5 36 69 46 45 4 53 54 46 70 46 46 52 52 14 42 69 45 42 10 73 5 31 28 63
split_gain=45.0751 29.0542 72.9876 58.9323 38.5971 71.8996 43.0602 30.2132 45.0112 35.2982 29.0039 43.7103 28.4397 47.0928 43.6693 26.6983 25.7054 26.4806 21.5184 19.9235 19.1888 19.0966 10.9784 10.5937 16.9026 9.57106 4.12952
threshold=0.037185255255801471 0.034133762393146715 0.024075679924352684 -0.22243012356279873 0.073917795364508904 0.016394563203530752 0.0042638229464741677 0.0011813898209219744 0.020765563179641202 0.57574027341050227 0.0071743218066912407 -0.21706629662203134 0.0090042252663953045 0.011835908005302669 0.41778655136723325 0.55468639887244553 -0.051602850771713886 0.044644858356760693 -0.88919294710387586 0.022730855217487033 0.034429965100681977 1.4287262829129446 -0.26906777085907901 0.020576038790865395 -0.079390983274245305 -0.07687109986335787 0.33159543028538668
decision_type=10 10 10 10 10 10 10 10 10 10 8 10 10 10 2 2 10 10 10 10 10 10 10 10 10 8 10
left_child=1 4 25 -4 7 6 -6 9 -9 -1 16 12 14 -14 -12 21 23 20 -17 -5 -18 -13 -7 24 -2 -3 -25
right_child=10 2 3 19 5 22 -8 8 -10 -11 11 15 13 -15 -16 18 17 -19 -20 -21 -22 -23 -24 26 -26 -27 -28
leaf_value=-1.9524957491771357e-05 -0.0055642982476835834 -0.0040830424152363369 0.011846360026647984 0.0013043027617387832 0.0018961014739637533 0.0084345220586235642 0.00027467445947926934 -0.00028693659675120304 -0.003733283894274627 0.0012824384901579172 -0.0048953305732184326 0.0006360507135051408 0.00027271786424962191 -0.0024617211123447755 -0.0013355104404844166 -0.0041351221694737499 0.00041342298265196803 0.0060917588178894134 -0.00045082522668527235 -0.002343356125207397 -0.0055373500426589709 0.0040861558075320327 0.0040506185087759031 0.0051475439727693842 -0.0018264348087939108 -0.0080508291989316132 -0.0009786782307797386
leaf_weight=30467 400 226 289 527 7053 355 32457 31624 968 12432 985 3415 4060 3505 2863 1513 12290 311 8305 1398 305 661 342 201 863 228 200
leaf_count=30467 400 226 289 527 7053 355 32457 31624 968 12432 985 3415 4060 3505 2863 1513 12290 311 8305 1398 305 661 342 201 863 228 200
internal_value=2.43801e-05 0.000220315 -0.00184264 -0.000342212 0.000267919 0.000768454 0.000655969 1.29815e-06 -0.000457706 0.00035007 -0.000557149 -0.000966414 -0.00188348 -0.00117076 -0.00328345 -0.000212882 0.000153593 0.000455412 -0.00077788 -0.00160852 0.000312639 0.00114741 0.00713181 -0.00218498 -0.00308386 -0.00913846 0.000641791
internal_weight=158243 118366 2668 2214 115698 40207 39510 75491 32592 42899 39877 25307 11413 7565 3848 13894 14570 12906 9818 1925 12595 4076 697 1664 1263 454 401
internal_count=158243 118366 2668 2214 115698 40207 39510 75491 32592 42899 39877 25307 11413 7565 3848 13894 14570 12906 9818 1925 12595 4076 697 1664 1263 454 401
is_linear=0
shrinkage=0.02


Tree=32
num_leaves=21
num_cat=0
split_feature=53 6 22 47 32 69 75 36 57 48 53 22 53 45 6 20 53 41 4 53
split_gain=38.2906 103.812 56.5314 38.7826 30.3002 116.952 62.3628 28.4393 28.1171 48.7537 45.3405 41.9607 33.3065 42.9726 31.9019 23.6362 43.6525 28.3933 22.6597 5.46881
threshold=0.020765563179641202 0.014974875662310457 -0.23278273096337179 -0.15327845528716069 0.15272141582685497 -0.4960595530519899 0.11566669112113738 0.083661752876824369 0.80490309009866301 -0.13097370721215904 0.020587867958909118 0.020419819457033087 0.013786337102622845 0.0042638229464741677 0.014805224598209113 -0.0059240040649430883 0.010900370658205363 0.047384893400697077 -0.34331206254764313 0.021694370836547013
decision_type=10 8 10 10 10 8 10 10 10 10 10 8 10 10 10 10 8 10 8 10
left_child=8 7 3 -3 6 -6 -4 19 10 -10 15 -12 13 -11 -14 17 -17 -1 -5 -2
right_child=1 2 4 18 5 -7 -8 -9 9 12 11 -13 14 -15 -16 16 -18 -19 -20 -21
leaf_value=0.00024379743033789655 -0.0033546637637072835 -0.00024742039541257534 0.00046030158572570766 0.018418160701739392 -0.011510093907968493 0.0043623959794327838 -0.0025991352459488436 -0.0093622318104293906 -0.0071536711211069364 0.0018970456561643392 0.0065952198399646944 -0.00026689749614791349 0.0020259681661607019 -0.00076850574983132502 0.00078309683124681254 0.0017021319472198082 -0.00040871944058135822 -0.0038399181831365332 0.0055406921592357017 -0.0042840039666286189
leaf_weight=49223 239 340 3243 242 274 1150 3916 229 218 3549 370 256 5333 8913 9146 2952 67634 370 200 254
leaf_count=49223 239 340 3243 242 274 1150 3916 229 218 3549 370 256 5333 8913 9146 2952 67634 370 200 254
internal_value=-2.28912e-05 -0.00121511 -0.000651078 0.00449298 -0.00112046 0.00154246 -0.00165056 -0.00851729 5.83787e-05 0.000639838 -7.23308e-05 0.00529187 0.000716279 -4.1563e-05 0.00136865 -0.000100333 -0.000335444 0.000234262 0.00839278 -0.00578543
internal_weight=158051 10087 9365 782 8583 1424 7159 722 147964 27159 120805 626 26941 12462 14479 120179 70586 49593 442 493
internal_count=158051 10087 9365 782 8583 1424 7159 722 147964 27159 120805 626 26941 12462 14479 120179 70586 49593 442 493
is_linear=0
shrinkage=0.02


Tree=33
num_leaves=28
num_cat=0
split_feature=23 32 44 6 46 69 45 58 44 54 54 44 69 36 40 48 6 46 45 44 48 69 44 63 45 18 8
split_gain=41.325 31.7789 31.712 31.4978 59.6739 30.8839 60.5451 27.5335 34.8378 28.1119 57.992 27.8873 42.8032 29.9949 29.9831 25.806 25.1535 24.6424 23.5443 23.3834 20.6199 20.3388 29.3327 21.1661 15.9424 18.8019 15.0753
threshold=0.064544487055222213 0.23307934719532422 0.12547988852472428 0.060421667068357159 0.034948848981301156 -0.18350539156424397 0.010037095526989189 0.29837050311960711 0.074067882119761466 0.57253979244754216 0.58346599610030381 0.083204900209581836 -0.75134792203257883 -0.19008092172435073 0.00074315657814444911 -0.15381370080476323 0.034432586446250406 0.011239254919104691 0.011285514140760759 0.08892282737866998 -1.0000000180025095e-35 -0.15811518548440859 0.10410270243662935 0.31969845845808736 0.012502295554754005 53.640289891433333 0.0057152557341879637
decision_type=8 10 10 10 10 8 10 8 10 8 8 10 8 8 8 10 10 10 10 10 10 10 10 10 10 10 10
left_child=1 2 3 4 -1 16 -7 8 9 18 -11 13 17 -9 -14 -5 -4 -13 -2 -10 -15 24 26 -24 25 -3 -23
right_child=7 21 5 15 -6 6 -8 11 19 10 -12 12 14 20 -16 -17 -18 -19 -20 -21 -22 22 23 -25 -26 -27 -28
leaf_value=0.00015153460262782537 -0.0024005332947994581 0.0046900975991384522 -0.0019677235582696568 0.00045378129170966261 -0.0025457168769596238 -0.0026276538803278373 0.0028517855018879764 0.012752377325675924 0.0051695323967211283 -0.01414376423109133 -0.0028460990168182967 -0.0044733714955472424 -0.0024686268005375189 -0.0005844787006166111 0.0036942049337600892 0.010525879186271181 -0.0062821399155862561 -0.017654365829287307 0.0022873464375797294 -0.00096995561918076123 0.0014245140789627805 0.0044245924671830542 0.014851554557994749 0.0035204095546766236 -0.0069811196643240845 -0.0037947437622376013 0.00063338449063650697
leaf_weight=122852 1089 481 1907 293 2178 1183 1014 272 251 274 1368 242 2469 13145 367 322 402 200 528 348 2444 221 289 1055 242 239 2093
leaf_count=122852 1089 481 1907 293 2178 1183 1014 272 251 274 1368 242 2469 13145 367 322 402 200 528 348 2444 221 289 1055 242 239 2093
internal_value=-6.83277e-06 0.000126866 6.89809e-05 0.000128122 0.000105878 -0.00157932 0.000117379 -0.000790417 -0.00233169 -0.00314663 -0.00498965 -0.000479519 -0.00215858 -0.000132266 -0.00125414 0.00463961 -0.00319394 -0.00794131 -0.00127194 0.00209667 -0.000247466 0.00175676 0.00243728 0.00478662 -0.00082866 0.000662968 0.00107041
internal_weight=157768 134771 130151 125645 125030 4506 2197 22997 3858 3259 1642 19139 3278 15861 2836 615 2309 442 1617 599 15589 4620 3658 1344 962 720 2314
internal_count=157768 134771 130151 125645 125030 4506 2197 22997 3858 3259 1642 19139 3278 15861 2836 615 2309 442 1617 599 15589 4620 3658 1344 962 720 2314
is_linear=0
shrinkage=0.02


Tree=34
num_leaves=27
num_cat=0
split_feature=23 0 42 48 32 45 6 6 54 45 42 14 44 53 44 59 52 22 75 37 42 44 54 48 16 41
split_gain=53.1343 29.0102 28.4396 25.725 41.8326 47.5832 30.3881 28.6226 65.963 40.3792 24.6068 24.2063 41.7259 35.6025 51.8882 38.6683 35.0285 29.0839 24.3003 22.6279 18.2709 16.5785 16.0486 14.825 14.3974 9.28421
threshold=0.037515529057833182 -0.032353043915001982 -0.01346065179162753 -0.016922285815210044 -0.13646837651932422 0.019248110395275408 0.035539652476200896 0.010723025472992873 0.58660398453632578 0.010687146621193739 -0.027812717491578317 -0.018600907366146387 0.16428337884866476 0.020587867958909118 -0.097151723298657608 0.49258471247806168 0.88789462569950384 -0.24907056864409285 0.91493803320536216 0.41501734328119139 0.0065143588825852259 0.037438016530551906 0.5493791690613633 -0.02182976198692221 0.12322560425380148 -0.0219892392660575
decision_type=8 10 10 8 8 10 8 10 10 10 10 8 10 10 8 8 2 10 10 10 10 10 10 10 10 10
left_child=1 2 10 4 5 -3 -6 8 -5 -9 25 16 13 14 -13 -15 17 -2 -19 20 -4 -18 -12 -21 -14 -1
right_child=11 3 19 7 6 -7 -8 9 -10 -11 22 12 24 15 -16 -17 21 18 -20 23 -22 -23 -24 -25 -26 -27
leaf_value=0.0036008997580716617 0.011797437251285655 0.0038555686972480386 -0.0037903558026290236 0.00097815106507064572 -0.00026277405524200077 -0.0021159951548023227 -0.0029086000764458005 -1.1007469209840613e-05 -0.0034372482219510794 0.0024999064112800075 0.0024821691369230339 -0.0084392899559041657 0.0016756204254855141 -0.0045920311780405414 -0.00024742304332330543 -0.0002430389102125503 -0.0033226059077624995 -0.0010014416795944075 -0.0039000709620310753 0.0080028114694935017 0.0012135350733874326 -0.0091113436793773556 0.0080341004187608166 0.00052322430064019479 0.0086864206100922409 -0.00063440569694413109
leaf_weight=624 200 2350 661 21849 38491 854 1980 44326 752 2282 317 247 204 1015 31736 1045 278 4953 808 263 806 203 672 309 206 487
leaf_count=624 200 2350 661 21849 38491 854 1980 44326 752 2282 317 247 204 1015 31736 1045 278 4953 808 263 806 203 672 309 206 487
internal_value=7.83946e-06 0.000224723 0.00186908 0.000164397 -0.000215633 0.00198378 -0.00038985 0.000404248 0.00098832 0.000120964 0.00350214 -0.000612725 -0.000402217 -0.000478733 -0.00031447 -0.00302669 -0.00173801 -0.00131801 -0.00157897 0.000185294 -0.00112943 -0.00692531 0.00579596 0.00355672 0.00593187 0.00145504
internal_weight=157918 117023 4139 112884 43675 3204 40471 69209 22601 46608 2100 40895 34453 34043 31983 2060 6442 5961 5761 2039 1467 481 989 572 410 1111
internal_count=157918 117023 4139 112884 43675 3204 40471 69209 22601 46608 2100 40895 34453 34043 31983 2060 6442 5961 5761 2039 1467 481 989 572 410 1111
is_linear=0
shrinkage=0.02


Tree=35
num_leaves=26
num_cat=0
split_feature=21 70 54 54 52 50 50 46 28 51 45 57 46 52 28 53 43 45 46 9 54 7 36 10 54
split_gain=42.5555 35.4608 43.0169 43.3439 37.0748 71.7992 34.228 33.8653 33.802 31.2369 29.9755 29.9179 36.5236 35.0403 31.7941 37.8684 37.0511 29.4038 61.5887 28.6881 27.6124 23.2439 20.7516 18.7236 16.6661
threshold=0.020712925550159026 -1.1075959291977788 0.57514222579460672 0.66004857915868043 0.60896649527140501 0.0074238207632112427 0.021965498977605694 0.0083314998401078783 -0.012174824390262849 0.36577569717104602 0.0118705075089792 0.74949080123618128 0.03709626144380785 0.92841880341880356 -0.19869186530094993 0.021231719632595906 0.052023794148548304 0.017937732423117535 0.012026607345245589 0.9489679897647828 0.57574027341050227 0.0064193952474409068 -0.064282253567732164 1.0105999864919033 0.41627972667884766
decision_type=8 8 8 10 2 10 10 10 8 2 10 10 10 2 10 10 10 10 10 10 8 10 10 10 10
left_child=11 2 9 10 6 8 20 -7 -6 -2 -4 14 13 22 17 16 -16 18 -1 -19 -3 -8 -13 -17 -11
right_child=1 4 3 -5 5 7 21 -9 -10 24 -12 12 -14 -15 15 23 -18 19 -20 -21 -22 -23 -24 -25 -26
leaf_value=0.0010270017092821348 -0.004587921207937589 0.00080860697459482153 -0.0037392395007869029 0.0003756025048320369 -0.0021112346556560143 5.4414284577129768e-06 0.0077835631144759542 -0.0011868661132618636 -0.0076277650592700462 -0.0031055355461906469 -0.0092175411264649662 -0.0020514643196800869 -0.0060183064191096577 0.0052311199868620593 -8.0029176760421583e-05 -0.0031906354788806737 0.0014167946772444472 0.002891488626259619 0.0064498427118151718 -0.0020825543801740775 -0.00066911587694860799 0.0012497336285994434 0.001109716177423612 -0.0004659914511157697 0.0021655799821881615
leaf_weight=5512 265 12381 425 308 812 17888 308 13557 567 201 333 1167 248 309 67378 1224 5500 312 1678 1520 9421 329 14835 958 679
leaf_count=5512 265 12381 425 308 812 17888 308 13557 567 201 333 1167 248 309 67378 1224 5500 312 1678 1520 9421 329 14835 958 679
internal_value=-2.13767e-06 -0.000436329 -0.00291953 -0.00580881 -0.000336892 -0.000765209 0.000289572 -0.000569166 -0.00523043 -0.000225131 -0.00837681 0.000245802 0.00102283 0.00113892 9.27417e-05 -4.20724e-05 3.56481e-05 0.00121445 0.00179085 -0.00104637 0.00015585 0.0048558 0.00100969 -0.00263765 0.00158683
internal_weight=158115 57474 2211 1066 55263 32824 22439 31445 1379 1145 758 100641 16559 16311 84082 75060 72878 9022 7190 1832 21802 637 16002 2182 880
internal_count=158115 57474 2211 1066 55263 32824 22439 31445 1379 1145 758 100641 16559 16311 84082 75060 72878 9022 7190 1832 21802 637 16002 2182 880
is_linear=0
shrinkage=0.02


Tree=36
num_leaves=21
num_cat=0
split_feature=23 46 70 53 10 10 57 46 52 42 54 26 36 42 6 46 13 6 29 45
split_gain=44.0971 30.9576 45.9578 35.7316 60.8533 55.7029 28.1067 34.6174 32.2026 26.1282 25.9122 27.2298 23.9565 22.0598 21.3938 26.7533 39.3586 27.4028 20.8816 20.06
threshold=0.037515529057833182 0.0071743218066912407 -0.86573739752490819 0.016996572066686661 0.43161558759342439 0.48440907435517905 0.78121804703476494 0.03709626144380785 0.92841880341880356 0.044644858356760693 0.49930487130591822 0.71396594979532824 -0.06558765189927461 0.034429965100681977 0.070717915228013475 0.034133762393146715 -0.046205432845914378 0.019566234975874345 6.6137771217766508 0.0065773810282109919
decision_type=8 8 8 10 10 10 10 10 2 10 8 8 10 10 10 10 10 10 10 10
left_child=6 9 3 5 -5 -3 14 8 12 13 18 -12 -8 19 15 17 -17 -1 -4 -2
right_child=1 2 10 4 -6 -7 7 -9 -10 -11 11 -13 -14 -15 -16 16 -18 -19 -20 -21
leaf_value=-6.795188967102614e-05 -0.00019002751560865446 -0.0078592764793579319 -0.0010161275713355532 0.0061497200219790297 -0.0028736064513559274 -0.0014481026750317839 -0.0023928373797138221 -0.0045065243565289639 0.0047989779559581862 0.005446356445826207 0.00118274566393957 -0.00070472277576831555 0.0010516628204250414 -0.0057433316059826989 0.012580975361567222 -0.00091533869160868604 -0.0067714892611012434 0.0010084227440702751 -0.0029895589296430026 0.0018837510169082484
leaf_weight=78743 11378 831 3512 368 829 1040 1055 263 344 331 3755 13970 16541 307 264 1843 207 17724 2180 2315
leaf_count=78743 11378 831 3512 368 829 1040 1055 263 344 331 3755 13970 16541 307 264 1843 207 17724 2180 2315
internal_value=-1.11406e-05 -0.000577161 -0.00098233 -0.00328381 -0.000582638 -0.00500962 0.000186332 0.000908482 0.00101432 0.000171504 -0.000680588 -0.000303396 0.000895494 3.98543e-05 5.32283e-05 3.79423e-05 -0.00222233 8.60182e-05 -0.00185456 0.000159048
internal_weight=157800 40816 26485 3068 1197 1871 116984 18203 17940 14331 23417 17725 17596 14000 98781 98517 2050 96467 5692 13693
internal_count=157800 40816 26485 3068 1197 1871 116984 18203 17940 14331 23417 17725 17596 14000 98781 98517 2050 96467 5692 13693
is_linear=0
shrinkage=0.02


Tree=37
num_leaves=27
num_cat=0
split_feature=23 58 42 43 48 50 42 46 7 9 57 46 44 44 63 42 28 36 19 41 43 21 57 74 25 57
split_gain=48.2144 36.4144 43.2606 50.5533 38.5069 35.4932 49.8073 28.6795 82.2163 54.6834 35.8118 58.0846 41.9494 32.1088 37.7472 26.0531 20.1292 19.7314 16.2155 24.0837 22.3452 12.6979 12.5199 11.8296 11.4252 10.0252
threshold=0.05653184541981527 0.31030868213691903 -0.018481773686967514 -0.053124800089148654 -0.078025985393679761 -0.0043933970319610096 -0.061221554084063039 0.034133762393146715 0.012798435258363265 1.7740834498376821 0.71835397914624377 0.017801606881185223 0.00083595413199644153 -0.097151723298657608 0.64180649547294599 0.0065143588825852259 -0.060919959423314012 -0.19641039704367688 1.9330776415161919 0.0093436884350924804 0.081030230537369921 0.11182575348517333 0.55220635950681396 1.2027121206204707 0.99409401847749135 0.16836741069011338
decision_type=8 8 10 10 10 10 10 10 10 10 10 10 10 8 10 10 10 10 10 10 10 10 8 10 10 10
left_child=7 2 5 -4 -5 6 -2 10 16 17 13 12 -12 14 -1 -15 -9 -10 20 24 23 -21 -22 -3 -20 -11
right_child=1 18 3 4 -6 -7 -8 8 9 25 11 -13 -14 15 -16 -17 -18 -19 19 21 22 -23 -24 -25 -26 -27
leaf_value=0.0038219655201741148 -0.00090255776525687437 -0.00066411764532467432 0.007044224208351311 -0.004427448050539933 -0.00067940438342650462 0.0017944957137152912 -0.0066968011035573776 -0.0034232451522701354 0.006649265776109449 0.012451813370662666 -0.00090580855506465551 0.0079650071136445639 0.00095290192009386051 -0.00036401454438341087 -0.004382948675827337 0.00023964219459199229 -0.0093322075893120023 -0.0020265695301424609 0.0016845102780236043 -0.0015359574888781766 0.0019751708436473868 -0.0052696703077778611 0.0068459139647303394 0.00075177388906457962 -0.0016865119544145471 0.00378256672037667
leaf_weight=1274 421 12795 248 539 3065 229 804 261 243 203 4945 389 23721 45461 208 52092 232 1807 1058 1258 402 874 322 4674 672 205
leaf_count=1274 421 12795 248 539 3065 229 804 261 243 203 4945 389 23721 45461 208 52092 232 1807 1058 1258 402 874 322 4674 672 205
internal_value=-3.231e-05 -0.000795921 -0.0022834 -0.00117259 -0.00177476 -0.00522199 -0.00657259 0.00012712 -0.00182182 -0.000324522 0.00017205 0.000789441 0.000685039 -9.06741e-06 0.00291167 -5.34883e-05 -0.00926721 -0.00165675 -0.000437885 -0.00161481 -0.000187864 -0.00303704 0.00325241 -0.000330738 0.000137493 0.00635208
internal_weight=158402 27361 5306 3852 3604 1454 1225 131041 2951 2458 128090 29055 28666 99035 1482 97553 493 2050 22055 3862 18193 2132 724 17469 1730 408
internal_count=158402 27361 5306 3852 3604 1454 1225 131041 2951 2458 128090 29055 28666 99035 1482 97553 493 2050 22055 3862 18193 2132 724 17469 1730 408
is_linear=0
shrinkage=0.02


Tree=38
num_leaves=20
num_cat=0
split_feature=23 57 44 5 47 47 10 41 63 6 53 6 6 68 69 31 10 8 26
split_gain=42.8339 27.6851 26.9222 57.6034 40.4587 38.5751 30.3693 28.2532 27.7325 25.5209 31.3307 48.7941 26.3448 24.6237 18.3248 16.0881 12.7134 10.0829 8.96132
threshold=0.037515529057833182 0.98578678738105852 -0.084893261369471937 0.018479310966201049 -0.10882297289682062 -0.09501233209652786 0.63515775143923736 0.048511285866492233 0.83475485560485929 0.070717915228013475 0.024132713091028688 0.017471491754389151 0.019798182724293744 1.4376553431387582 -0.065728498435873375 -0.075083494812271487 1.3740810703331194 0.014345487890496287 0.83383738665552232
decision_type=8 10 8 8 10 8 8 10 10 10 10 8 8 10 8 10 10 10 10
left_child=1 9 3 4 -2 6 -4 13 16 10 12 -12 -1 -7 -9 -10 -5 18 -3
right_child=2 17 5 8 -6 7 -8 14 15 -11 11 -13 -14 -15 -16 -17 -18 -19 -20
leaf_value=4.0535614643527824e-05 -0.010649116765050736 0.0048649142929022985 0.0091058902609325518 -0.00048612210731244595 -0.0034939885819953225 -0.0006285812930708146 0.0011324975621777268 -0.0096340344712265574 0.0004130999773844679 0.013022955911646691 -0.0084818017399141462 -0.00081949276354282533 0.0010704464091896315 0.00086027448449320376 -0.0029610995579237367 -0.0049553292305788681 0.0047624668980356206 0.012127813710583505 2.7729943957984713e-05
leaf_weight=89879 218 203 214 824 279 31760 390 201 203 281 260 3792 22309 5933 247 387 276 242 281
leaf_count=89879 218 203 214 824 279 31760 390 201 203 281 260 3792 22309 5933 247 387 276 242 281
internal_value=-1.65508e-05 0.000177896 -0.000573571 -0.00273218 -0.00871084 -0.000451608 0.00455868 -0.000531121 -0.000968658 0.000153602 0.000139004 -0.00158845 0.000201428 -0.00047164 -0.00551893 -0.00446362 0.000906449 0.00406878 0.00238763
internal_weight=158179 117247 40932 2187 497 38745 604 38141 1690 116521 116240 4052 112188 37693 448 590 1100 726 484
internal_count=158179 117247 40932 2187 497 38745 604 38141 1690 116521 116240 4052 112188 37693 448 590 1100 726 484
is_linear=0
shrinkage=0.02


Tree=39
num_leaves=26
num_cat=0
split_feature=23 26 14 18 72 54 53 32 14 50 19 6 46 5 54 50 22 37 45 16 38 50 41 38 0
split_gain=36.3775 24.4913 25.7931 31.8963 30.7489 64.0477 26.3834 22.5783 30.3375 32.5354 25.4459 24.1031 49.5682 41.2426 34.5082 25.7955 18.2312 15.9882 14.7205 19.7146 17.0728 13.7133 8.75953 7.36604 7.20457
threshold=0.037515529057833182 0.67701797965172583 -0.036710370464978319 69.806121677043436 -0.29006486352100586 0.57253979244754216 0.011281329824295734 0.26586613746216742 -0.28372556486100187 0.040813912332839826 -1.1274043672073024 0.060421667068357159 0.034133762393146715 0.02043207090832275 0.71095087425225301 0.035619981482497572 -0.21072266585862801 0.26700326746171021 0.0050216824264054652 -0.022539808814680259 1.1368768796623769 0.052465692133184312 -0.0013927959639087881 0.97876853475209369 0.0074798046103483626
decision_type=10 8 10 8 10 10 10 10 10 10 8 10 10 8 10 10 8 10 10 8 10 10 8 8 10
left_child=7 18 3 16 5 -4 -6 11 -9 10 -10 12 14 -14 -1 -13 -3 -5 22 -20 -21 -11 23 -2 -24
right_child=1 2 4 17 6 -7 -8 8 9 21 -12 15 13 -15 -16 -17 -18 -19 19 20 -22 -23 24 -25 -26
leaf_value=0.00012028056390364996 -0.00055569309871426116 0.0091124337715928275 -0.00010347113101918409 -0.0022084912641262312 0.0040096703857991755 -0.0032455307767189022 -0.00010622508889286554 -0.0076306029338508727 0.006278786517337198 0.0075424780798589545 -0.00077093011264804526 0.0013412365504873113 -0.0060269889583169376 -0.0017121706287491333 0.0028638426698881503 0.011828451556800004 -0.0010847597314993921 -0.0069808505776416457 -0.0034111598096169516 0.00047018517258343455 0.0029320624560822306 0.0021383148526490149 -0.00092839512599521561 0.0045892558541561967 -0.0032631947003385242
leaf_weight=111326 216 201 6457 1737 825 3518 14976 205 414 656 1103 327 261 1918 2127 247 3615 514 278 3720 1658 234 1152 249 339
leaf_count=111326 216 201 6457 1737 825 3518 14976 205 414 656 1103 327 261 1918 2127 247 3615 514 278 3720 1658 234 1152 249 339
internal_value=2.18482e-05 -0.000504309 -0.000747959 -0.00192123 -0.000471661 -0.00134102 7.70789e-05 0.000196585 0.00203521 0.00266528 0.000881423 0.000155223 0.000134892 -0.00285229 0.000192307 0.00424 -0.000806392 -0.00380906 0.000514646 0.001032 0.00130099 0.00569921 -0.000980072 0.00141202 -0.00172788
internal_weight=158273 39455 31843 6067 25776 9975 15801 118818 2612 2407 1517 116206 115632 2179 113453 574 3816 2251 7612 5656 5378 890 1956 465 1491
internal_count=158273 39455 31843 6067 25776 9975 15801 118818 2612 2407 1517 116206 115632 2179 113453 574 3816 2251 7612 5656 5378 890 1956 465 1491
is_linear=0
shrinkage=0.02


Tree=40
num_leaves=23
num_cat=0
split_feature=70 43 4 50 53 6 6 44 6 45 67 9 68 32 36 29 24 24 45 23 64 44
split_gain=37.2376 44.3715 32.0518 54.3605 46.614 111.252 38.3405 22.165 45.4607 27.1531 19.1873 17.5836 17.1383 26.0001 14.2328 12.9228 15.1204 11.7141 14.9509 11.5986 8.31249 8.15226
threshold=-1.2417227077992512 0.0050476058442934244 -0.30076636353637742 0.049603169445707647 0.020765563179641202 0.014693879811465435 0.037879804488164193 -0.026640248124310536 0.014245084444605182 0.0044644464611294701 0.2300961180360365 0.52356402899013921 -1.0190389790906051 -0.086103061390350608 0.078287120797374557 4.9428480507089789 0.25562148182701971 -0.25396239000876281 0.0098047391137094809 -0.065195784209228044 0.69725707875771759 0.056365980722288829
decision_type=8 10 8 10 10 8 10 8 8 8 10 10 10 10 10 10 10 10 10 10 10 10
left_child=1 11 3 12 7 14 -7 8 -4 -9 17 15 19 -14 -6 16 -1 18 -3 -2 -19 -12
right_child=2 10 4 -5 5 6 -8 9 -10 -11 21 -13 13 -15 -16 -17 -18 20 -20 -21 -22 -23
leaf_value=-0.0024002496158858034 0.0016200790570902179 -0.00065921658183864488 0.0026207747679092984 0.013020865199926488 -0.0038860874056657847 0.00048906402207287629 -0.0019729964299638352 0.00052859400137655291 0.00014514819903368802 -0.00011586422440371939 0.00053911164477425482 -0.00068463740854671294 -0.0043465321884312352 0.0033691166220993596 -0.0080092055922551461 -0.0082466725541519587 -0.0076624664342763342 0.0017074263689205932 -0.0057445055892567523 0.009281765345782747 -0.0022080361751780743 0.0034839153078436527
leaf_weight=354 750 302 3289 259 417 4387 3523 28960 8660 104523 200 338 295 235 213 225 209 259 204 292 203 202
leaf_count=354 750 302 3289 259 417 4387 3523 28960 8660 104523 200 338 295 235 213 225 209 259 204 292 203 202
internal_value=4.91472e-06 -0.0024181 4.37601e-05 0.00267358 1.24567e-05 -0.00142349 -0.00077841 9.68006e-05 0.000922008 2.29091e-05 0 -0.00535759 0.00127018 -0.00165348 -0.00950555 -0.00699366 -0.00535106 -0.00152528 -0.00362525 0.00275935 0.000773218 0.00366749
internal_weight=158299 2496 155803 1831 153972 8540 7910 145432 11949 133483 1370 1126 1572 530 630 788 563 968 506 1042 462 402
internal_count=158299 2496 155803 1831 153972 8540 7910 145432 11949 133483 1370 1126 1572 530 630 788 563 968 506 1042 462 402
is_linear=0
shrinkage=0.02


Tree=41
num_leaves=21
num_cat=0
split_feature=70 43 0 53 60 44 44 44 44 44 3 53 53 29 53 18 44 53 25 10
split_gain=32.5193 47.9574 30.3128 29.4206 64.2202 104.335 79.1196 26.6389 31.4134 27.244 24.7961 39.4888 24.0126 19.8826 27.4567 19.3751 25.8681 14.1989 10.567 8.83998
threshold=-1.2417227077992512 0.0050476058442934244 -0.029326788012918489 0.020765563179641202 0.71044447296372359 0.10934263826463465 0.10934263826463465 0.21061464899071672 0.12547988852472428 0.093864922235032525 0.1085489968151946 0.020587867958909118 0.020109398955297661 3.3172270611070576 0.013821985815533759 60.134965568547877 0.074067882119761466 0.016787951352893658 -0.49194147726163162 0.52142046645975115
decision_type=8 10 8 10 8 10 10 8 10 10 10 10 10 10 10 10 10 10 8 10
left_child=1 13 7 10 5 -5 -6 8 9 -2 11 -4 -12 14 -1 18 19 -16 -3 -17
right_child=2 15 3 4 6 -7 -8 -9 -10 -11 12 -13 -14 -15 17 16 -18 -19 -20 -21
leaf_value=0.00094309507696673683 0.0018456306401843676 -0.0037461087376313776 9.3249940070948942e-05 -0.0032189579509640065 0.0037553086416666991 0.0023941002855420476 -0.0069765993655805008 -0.003711572259183258 0.0098164002730888808 -0.0046549342256944218 -0.00065527458143498584 0.0042884786110826412 -0.0048106591331503953 -0.0063050357684730418 -0.0069933857895859066 -0.001845453921763816 0.0044053572392033407 -0.0027991647398887022 -0.0001617406794923898 0.001410774280223352
leaf_weight=305 5325 244 128976 4627 1850 1513 600 362 322 221 10939 625 366 346 261 222 278 200 349 300
leaf_count=305 5325 244 128976 4627 1850 1513 600 362 322 221 10939 625 366 346 261 222 278 200 349 300
internal_value=2.3889e-06 -0.00225778 3.8773e-05 -1.8181e-05 -0.00115446 -0.00224687 0.00158221 0.00140555 0.00173079 0.00137696 5.10833e-05 0.000129458 -0.000847161 -0.0053531 -0.00354368 0.000213773 0.00224469 -0.00661905 -0.00252189 -0.000378585
internal_weight=158231 2505 155726 149496 8590 6140 2450 6230 5868 5546 140906 129601 11305 1112 766 1393 800 461 593 522
internal_count=158231 2505 155726 149496 8590 6140 2450 6230 5868 5546 140906 129601 11305 1112 766 1393 800 461 593 522
is_linear=0
shrinkage=0.02


Tree=42
num_leaves=22
num_cat=0
split_feature=70 49 3 45 59 44 14 78 6 45 53 44 22 44 41 30 68 54 51 10 63
split_gain=38.5305 39.8367 35.8619 30.2582 38.6493 46.1271 34.1068 29.2663 32.6051 35.7501 33.7455 28.7881 26.0668 24.6004 28.1871 17.0766 15.6652 14.3048 10.4904 12.2628 9.26158
threshold=-1.2417227077992512 -0.020362102766146747 0.061082357694025931 0.0083304609404307017 0.43690476190476196 0.074697369416932738 -0.011106710474114488 2.0431398716923481 0.021321769165451573 0.017937732423117535 0.021694370836547013 0.083204900209581836 -0.24907056864409285 0.071648716325692488 0.025892532785220083 0.40791131943846753 -0.10089847286262608 0.42851561448784098 0.75806138306138315 1.0762247486482088 0.16419481539670075
decision_type=8 10 8 10 8 10 10 10 10 10 10 10 8 10 10 10 10 10 2 10 10
left_child=1 -1 7 6 5 -5 15 8 10 -10 -2 -8 -6 14 17 -4 -15 -3 19 -9 -20
right_child=2 13 3 4 12 -7 11 18 9 -11 -12 -13 -14 16 -16 -17 -18 -19 20 -21 -22
leaf_value=-0.0073839981390688989 8.8472556253138822e-05 -0.0035824280901757249 -0.00055523691473434379 -0.0033713623812518744 0.011050975740962584 0.00095567820801013739 0.00062049384315808009 -0.0029648007701189335 0.0017551998612228045 -0.00089227982123482456 -0.0030730907313895189 -0.00097115146861455467 -0.00070315041892633713 -6.4637007179426905e-05 -0.0053191702092365047 -0.0027286900576736161 0.0050788287236852225 -0.00019825558639176706 0.0030058494896229833 -0.00042330701718101219 -0.001398571035930481
leaf_weight=371 97493 289 3544 3467 212 935 13719 1157 15030 2996 883 4704 7991 282 301 2188 205 1051 272 564 208
leaf_count=371 97493 289 3544 3467 212 935 13719 1157 15030 2996 883 4704 7991 282 301 2188 205 1051 272 564 208
internal_value=-4.0022e-05 -0.0025032 -3.73317e-07 -0.000546177 -0.00134047 -0.00285215 -0.000131562 0.00016878 0.000212005 0.000993954 6.86949e-05 0.00028756 -0.000528766 -0.00144575 -0.00261754 -0.00147881 0.0024959 -0.00137062 -0.00211535 -0.00284437 0.000494802
internal_weight=157862 2499 155363 36760 12605 4402 24155 118603 116402 18026 98376 18423 8203 2128 1641 5732 487 1340 2201 1721 480
internal_count=157862 2499 155363 36760 12605 4402 24155 118603 116402 18026 98376 18423 8203 2128 1641 5732 487 1340 2201 1721 480
is_linear=0
shrinkage=0.02


Tree=43
num_leaves=20
num_cat=0
split_feature=70 49 44 32 44 6 53 69 53 53 5 44 41 48 5 46 68 46 10
split_gain=36.2612 45.4863 27.4121 24.7977 40.592 56.5793 61.8652 44.9766 55.0065 50.7325 32.2456 34.6079 24.4038 22.894 22.3542 19.2769 19.1696 18.4168 9.63124
threshold=-1.2417227077992512 -0.016455705772573045 0.071648716325692488 0.23307934719532422 0.12547988852472428 0.060421667068357159 0.020765563179641202 -0.14920790955071278 0.020054294547259193 0.020474418579577658 0.048837895071262169 0.10184831294004694 0.025892532785220083 -0.15381370080476323 0.011240431800406821 0.0090394282231521846 -0.10089847286262608 0.0058836617058301626 0.47425759060794376
decision_type=8 10 10 10 10 10 10 8 10 10 10 10 10 10 10 10 10 8 8
left_child=1 18 12 4 5 6 -2 8 -6 -9 11 15 17 -7 -13 -5 -4 -3 -1
right_child=3 2 16 10 7 13 -8 9 -10 -11 -12 14 -14 -15 -16 -17 -18 -19 -20
leaf_value=-0.0090668060431920404 8.5031360755843282e-05 -0.0046433772038571765 -6.869456301986626e-05 0.001628668843948698 -0.0012514988300312364 0.0026363328024867905 -0.0014779188734978716 -0.0015171439664332417 -0.0056321937789173626 0.0035983136206530599 -0.011079687140730994 -0.0013464862054418433 -0.0052127868050517749 0.008847138783199069 0.0046392468324914426 -0.0019216556448360309 0.0049836968495069979 -0.00010283820072667648 -0.0048854395632098348
leaf_weight=202 136598 242 287 2217 1750 374 6864 1695 936 685 214 279 301 543 2142 1140 211 1045 206
leaf_count=202 136598 242 287 2217 1750 374 6864 1695 936 685 214 279 301 543 2142 1140 211 1045 206
internal_value=-1.20178e-05 -0.00240401 -0.00120652 2.63642e-05 -2.42094e-05 3.7526e-05 5.84123e-06 -0.0017837 -0.00355713 0.000217556 0.00128784 0.00157086 -0.00249087 0.00498693 0.00339306 0.000255509 0.00288176 -0.00128727 -0.00850367
internal_weight=157931 2494 2086 155437 149445 144379 143462 5066 2686 2380 5992 5778 1588 917 2421 3357 498 1287 408
internal_count=157931 2494 2086 155437 149445 144379 143462 5066 2686 2380 5992 5778 1588 917 2421 3357 498 1287 408
is_linear=0
shrinkage=0.02


Tree=44
num_leaves=23
num_cat=0
split_feature=70 49 23 44 41 46 45 6 45 45 10 42 69 44 44 48 48 41 7 29 43 10
split_gain=34.9302 42.8524 31.01 26.0117 25.4624 23.6887 45.7566 55.9882 40.8658 46.0702 30.9032 27.52 20.1729 43.0193 36.9966 47.0334 43.3298 35.1355 15.5839 15.3327 14.8366 10.0278
threshold=-1.2417227077992512 -0.016455705772573045 0.0090995455996218961 0.071648716325692488 0.025892532785220083 0.0071743218066912407 0.0056005298291365432 0.010887464430274984 0.0053649681271666092 0.0048573026601447722 1.7967452922885623 -0.0053991682415385203 0.073917795364508904 0.15576978428121704 0.00083595413199644153 -0.034075730639950667 -0.020992524107077744 0.018494542221708769 0.0039357910907738304 3.3172270611070576 0.051227593454310501 0.49397972308686416
decision_type=8 10 8 10 10 8 8 8 10 10 10 10 10 10 8 8 10 10 10 10 10 10
left_child=1 21 12 4 18 8 10 -8 9 -4 -7 -10 14 17 16 -16 -2 -14 -3 -5 -15 -1
right_child=2 3 5 19 -6 6 7 -9 11 -11 -12 -13 13 20 15 -17 -18 -19 -20 -21 -22 -23
leaf_value=-0.0090238353510256105 0.00069922180064542136 -0.0017735129338515277 0.0001479848487256253 -0.001686858812440354 -0.0046303228756014829 0.00066217097064826609 -0.002673060592534483 -0.00051653215329659655 0.0028391174856182378 -0.0017761798707241188 0.006574674367730282 0.00049343756243187061 0.00090039862430459636 0.0021169120730112605 -0.0019474039989859332 7.1112560529833574e-05 0.0046125577016555867 -0.00088699192263430842 0.0010063742771073722 0.0037529618616625295 0.0075089617000426937 -0.004820166390268465
leaf_weight=211 10133 822 13204 210 286 4254 2980 34240 2412 3913 493 7857 21992 313 5364 43111 1299 4038 468 295 292 211
leaf_count=211 10133 822 13204 210 286 4254 2980 34240 2412 3913 493 7857 21992 313 5364 43111 1299 4038 468 295 292 211
internal_value=1.9937e-05 -0.00232348 5.75897e-05 -0.00114217 -0.00240837 -0.000257491 -0.00055609 -0.000791972 0.000200022 -0.000398294 0.00129275 0.00119747 0.000310112 0.000768058 0.000106463 -0.000134871 0.00112989 0.000645308 -0.00120682 0.00280237 0.0060363 -0.00812766
internal_weight=158398 2503 155895 2081 1576 69353 41967 37220 27386 17117 4747 10269 86542 26635 59907 48475 11432 26030 1290 505 605 422
internal_count=158398 2503 155895 2081 1576 69353 41967 37220 27386 17117 4747 10269 86542 26635 59907 48475 11432 26030 1290 505 605 422
is_linear=0
shrinkage=0.02


Tree=45
num_leaves=22
num_cat=0
split_feature=13 50 53 6 6 69 60 6 69 53 53 44 58 43 45 6 74 32 29 54 64
split_gain=31.3585 54.6595 40.8304 95.4205 39.8062 37.0638 28.2817 23.1814 20.6169 73.8074 50.2881 48.1336 56.96 39.2028 19.5615 19.4518 16.0574 22.0543 14.6126 8.64406 12.0191
threshold=-0.30076636353637742 0.049603169445707647 0.020765563179641202 0.017390494490453597 0.037879804488164193 -0.93098139066224439 0.85535890638806611 0.013743552798636838 -0.17544964053992354 0.020587867958909118 0.020054294547259193 -0.12309302849888985 0.41339054126110503 0.015670882025268121 0.013277514541601062 0.01602641463408366 -1.0190389790906051 -0.10205503694677358 -0.09785739207072959 0.55974032911909477 0.87419348870768576
decision_type=8 10 10 8 10 8 8 10 10 10 10 10 10 10 10 8 10 10 10 10 10
left_child=1 16 8 7 6 -6 -5 14 9 10 -2 12 -10 -13 -4 -11 19 -18 -9 -1 -21
right_child=2 -3 3 4 5 -7 -8 18 11 15 -12 13 -14 -15 -16 -17 17 -19 -20 20 -22
leaf_value=-0.00060713565919155515 -0.00019579976308371487 0.011877550128601415 -0.0035119169225431646 0.00038477580548358344 -0.010872603527444178 -0.0011368243796684835 0.0063387860947828924 -0.00057271062183010394 -0.0084445658414486514 0.0084225793040440151 -0.0051525362739990197 -0.00011022152927244734 0.00073559517335842518 0.00067405082622713709 -0.0076148736876353717 0.0027547654708909054 -0.004294531423875877 0.0033290996084228319 -0.0047357237371496953 0.0066693016262390024 -0.0013210024397351102
leaf_weight=216 69515 264 204 3502 370 3249 371 293 239 205 737 39217 212 37200 235 222 277 239 606 596 206
leaf_count=216 69515 264 204 3502 370 3249 371 293 239 205 737 39217 212 37200 235 222 277 239 606 596 206
internal_value=-2.89551e-06 0.00262257 -3.31121e-05 -0.00135409 -0.000474843 -0.00198287 0.000933918 -0.00627184 4.59376e-05 -0.000200594 -0.000251064 0.000272646 -0.00623451 0.000311157 -0.0100409 0.00807944 0.00117134 -0.00169826 -0.00442 0.00262807 0.00358406
internal_weight=158175 1798 156377 8830 7492 3619 3873 1338 147547 70679 70252 76868 451 76417 439 427 1534 516 899 1018 802
internal_count=158175 1798 156377 8830 7492 3619 3873 1338 147547 70679 70252 76868 451 76417 439 427 1534 516 899 1018 802
is_linear=0
shrinkage=0.02


Tree=46
num_leaves=28
num_cat=0
split_feature=21 46 7 6 56 50 37 46 59 26 45 46 27 46 77 34 6 44 45 45 18 33 76 4 32 18 46
split_gain=34.3781 25.8386 53.1567 42.3006 41.2985 40.072 57.7506 42.8805 29.8948 24.2355 31.9972 30.0861 34.2762 29.4392 25.9601 23.9012 20.9768 19.3731 16.7801 13.4751 11.6813 11.1793 10.7845 11.8394 10.7001 10.1224 9.25247
threshold=0.037930000716987218 0.034133762393146715 0.012798435258363265 0.020723423792448833 0.096537881925778404 0.060614384894817637 0.39781771859201193 0.0097516897359892756 0.15822142912162687 0.71713075005511018 0.0056005298291365432 0.0069969547242819804 -0.033898276715701774 0.0068321629575590235 1.0596834287157677 0.00064039789459137419 0.014019139394415321 0.17681011950591644 0.022730855217487033 0.005308094488477833 57.574061824629389 0.042287359670679876 -0.034016636856551867 0.048543507272528326 -0.050334795544764159 82.761811038885881 0.0069969547242819804
decision_type=10 10 10 10 10 10 8 10 10 8 10 8 10 10 10 8 8 10 10 10 10 10 10 8 8 10 8
left_child=1 3 24 5 -4 7 -7 -1 -5 19 13 16 -13 15 -15 -11 -12 -10 -6 20 21 -2 26 -24 -3 -22 -21
right_child=9 2 4 8 18 6 -8 -9 17 10 11 12 -14 14 -16 -17 -18 -19 -20 22 25 -23 23 -25 -26 -27 -28
leaf_value=0.00015179834076761169 0.0065578320318801292 -0.0026109742607890534 0.010437140416619219 0.0063025925139543774 0.00071901778715626646 0.0033764371508224517 -0.0041949032342171186 -0.00077897028480535186 0.0015699292470305322 -0.0040855366177487747 0.0017324716140136487 0.00025340357733173301 -0.0018310451465729384 0.00034658796003363308 0.0050635684327188417 -0.00011405199935174641 -0.0011327855232547261 -0.0019458197117565362 -0.0021532923129119687 0.0020229376459838934 -0.0014128078304698178 -0.00087093686990031801 -0.0010873118765937493 0.0046345939213486512 -0.00799833067172585 0.00093960497539965116 0.00011435207825794092
leaf_weight=76879 221 213 290 200 624 1350 282 19025 17077 519 1797 3474 14608 1298 874 6074 1381 1083 1337 1232 1917 276 200 534 206 316 4386
leaf_count=76879 221 213 290 200 624 1350 282 19025 17077 519 1797 3474 14608 1298 874 6074 1381 1083 1337 1232 1917 276 200 534 206 316 4386
internal_value=-2.11703e-05 0.000148422 -0.00179633 0.000193258 -0.000576377 2.74562e-05 0.00313411 -2.5421e-05 0.00107391 -0.000535389 -0.000809232 -0.00122845 -0.00154388 0.000207392 0.00222642 -0.000457689 0.000565587 0.000988822 -0.00161978 0.000369702 -0.000804833 0.00196386 0.000874862 0.00315374 -0.00832857 -0.00142256 0.000576259
internal_weight=157673 118566 2670 115896 2251 97536 1632 95904 18360 39107 30025 21260 18082 8765 2172 6593 3178 18160 1961 9082 2730 497 6352 734 419 2233 5618
internal_count=157673 118566 2670 115896 2251 97536 1632 95904 18360 39107 30025 21260 18082 8765 2172 6593 3178 18160 1961 9082 2730 497 6352 734 419 2233 5618
is_linear=0
shrinkage=0.02


Tree=47
num_leaves=26
num_cat=0
split_feature=33 44 52 41 70 48 32 45 41 45 46 53 6 68 33 1 53 25 44 66 4 16 53 69 0
split_gain=30.1653 36.0579 27.9876 27.4825 25.3157 31.8848 25.0875 29.9067 30.7435 24.4441 22.7034 22.687 80.4408 48.2044 22.4323 20.1951 22.0077 16.7547 15.6818 13.9228 11.9143 11.1692 9.36192 6.96608 4.4422
threshold=0.14734579120385247 0.05207707518073413 0.66874514374514382 0.032501961368657802 -1.2417227077992512 -0.076871203833476329 -0.27617093460708475 0.0118705075089792 0.025892532785220083 0.010654894527551471 0.0072976106457494716 0.020765563179641202 0.017234943693391715 -1.0543322603092358 -0.0031067113308923442 0.09756089448775486 0.020587867958909118 0.25155464846449399 0.013668895726511756 0.49895397031726657 0.16119167202148724 0.054020293197210141 0.013354031462510582 0.0076266756001529155 0.0049025738866902433
decision_type=10 8 2 10 8 8 10 10 10 10 10 10 8 8 10 10 10 8 8 8 10 10 10 8 10
left_child=4 6 19 10 5 -1 21 9 -9 -8 -4 15 14 -14 -13 16 -6 22 -17 20 -3 -2 -7 -19 -21
right_child=1 2 3 -5 11 17 7 8 -10 -11 -12 12 13 -15 -16 18 -18 23 -20 24 -22 -23 -24 -25 -26
leaf_value=-0.0056256203496217018 -2.8076801815353493e-05 0.0029474152812095822 0.0006459121876554835 0.0054708103627032576 0.00014830932480746996 0.0016879768909154958 -0.0016955934026135818 -0.0024647791197027502 -0.0085170438047668575 0.0027554672497914646 -0.0021174146842417368 -0.0015941000814809292 0.0058276608918835706 -0.00064831020649598321 -0.0052593369695736062 -0.004970775464801451 0.0033684035047175766 -0.0045637772019551329 -0.0015537590213453695 -0.0012659512601106366 0.0081851911451080311 0.0076914058881509149 -0.0010514993734910766 -0.000633680120107602 0.0033418508541815891
leaf_weight=381 336 299 2008 329 132429 413 4901 764 411 322 2533 383 959 6441 688 351 576 221 1129 287 206 200 719 214 237
leaf_count=381 336 299 2008 329 132429 413 4901 764 411 322 2533 383 959 6441 688 351 576 221 1129 287 206 200 719 214 237
internal_value=-1.33005e-05 -0.000942652 0.000206441 -0.000426606 6.89969e-05 -0.00219497 -0.0019204 -0.00226879 -0.00515136 -0.00161907 -0.000831792 9.98762e-05 -0.000903919 -0.00016187 -0.00602425 0.000163125 0.000188999 -0.000929847 -0.00215935 0.00320194 0.00556917 0.00223091 0.00035128 -0.00426147 0.000910476
internal_weight=157737 12833 5899 4870 144904 1948 6934 6398 1175 5223 4541 142956 8471 7400 1071 134485 133005 1567 1480 1029 505 536 1132 435 524
internal_count=157737 12833 5899 4870 144904 1948 6934 6398 1175 5223 4541 142956 8471 7400 1071 134485 133005 1567 1480 1029 505 536 1132 435 524
is_linear=0
shrinkage=0.02


Tree=48
num_leaves=25
num_cat=0
split_feature=63 50 53 45 53 54 54 72 53 6 57 44 44 46 57 78 6 50 57 16 58 44 32 33
split_gain=34.5181 61.0717 57.9897 45.691 38.3299 34.5927 62.3345 79.7463 44.1152 31.5487 30.6911 36.6308 30.403 29.3189 26.0787 24.4355 23.0578 22.8311 19.0914 18.6494 18.234 17.2927 17.1864 11.9963
threshold=0.60973036945559345 0.081409106839240533 0.010900370658205363 0.0044644464611294701 0.013639970853982417 0.57574027341050227 0.58346599610030381 -0.053480569807526711 0.013170367965835298 0.011260644577569673 0.35974956912310024 0.099831668351761951 0.12240250499899887 0.003497803715419317 0.94031386278484141 2.2522849675092065 0.070717915228013475 0.05877937452913818 0.91354117830911086 0.033953876953007563 0.86708213610830687 -0.097151723298657608 -0.034700330521727323 -0.012063094099218455
decision_type=8 10 8 8 8 10 10 10 10 8 10 10 10 10 8 8 8 10 10 10 10 10 8 8
left_child=5 2 20 13 -5 9 7 19 -9 10 11 -1 -12 -4 21 -16 18 -18 -8 -7 23 -11 -3 -2
right_child=1 22 3 4 -6 6 16 8 -10 14 12 -13 -14 -15 15 -17 17 -19 -20 -21 -22 -23 -24 -25
leaf_value=-0.0004162555478157636 -0.0011175673519627535 -0.0077747116142258049 -0.0024788791782495564 -0.0011820958022371437 -0.00026997751329075703 -0.0011537094181088637 0.00023221179034129606 0.00087079188948096533 0.0080663799067555494 0.0068285037180187552 0.0014463406574023606 0.0048084255207788851 -0.0028353009590546328 0.00093060050432347986 0.0021793999078296069 -0.0039622955844896505 0.0037627962044233377 0.013743037212783716 0.003827553214896022 0.0045598876924314328 -0.0036867861784904399 -0.00043734784078306376 -0.0033262582068091353 0.0031911764250912274
leaf_weight=7023 235 216 891 16519 34802 1101 22357 648 1527 235 8010 366 208 9724 4223 395 277 200 862 205 206 45714 328 1891
leaf_count=7023 235 216 891 16519 34802 1101 22357 648 1527 235 8010 366 208 9724 4223 395 277 200 862 205 206 45714 328 1891
internal_value=-2.05989e-05 -0.000375203 -0.00031863 -0.000435249 -0.000682319 0.000225576 0.00082633 0.0033251 0.00567004 -2.11258e-05 0.000764864 -0.00017023 0.00160579 0.000759043 -0.000263764 0.00116865 0.000459045 0.00480753 0.000369423 -0.000579954 0.00277668 -0.000407791 -0.0070422 0.00332769
internal_weight=158163 64812 64268 61936 51321 93351 27177 3481 2175 66174 15607 7389 8218 10615 50567 4618 23696 477 23219 1306 2332 45949 544 2126
internal_count=158163 64812 64268 61936 51321 93351 27177 3481 2175 66174 15607 7389 8218 10615 50567 4618 23696 477 23219 1306 2332 45949 544 2126
is_linear=0
shrinkage=0.02


Tree=49
num_leaves=25
num_cat=0
split_feature=21 42 71 41 9 72 57 48 48 45 42 6 49 38 53 72 28 44 43 78 18 50 14 38
split_gain=25.1281 24.0241 42.6543 25.7595 54.3084 32.6464 22.6695 31.3796 30.8771 26.574 24.4606 29.9971 23.4569 22.1213 25.4046 27.0283 22.0604 24.8543 17.9312 14.8962 14.7329 13.567 11.3992 9.98845
threshold=0.032968656204814047 0.047279301649295953 0.95272659206060639 0.038584740105180433 0.89603391310520164 -1.1514917389091595 0.76550929407497204 -0.10872575593379601 -0.02575869664184632 0.018769124172072955 0.030851265731559056 0.019340302507060935 0.01917745722985387 1.2272302927598984 0.011281329824295734 -0.99276335729766318 -0.29861619250394561 -0.084893261369471937 -0.18085120253331657 1.8218094720734841 82.761811038885881 0.0043988175178439901 -0.04074863904776737 1.087048831489567
decision_type=8 10 8 10 10 10 10 10 10 10 10 8 10 10 8 8 8 8 10 10 8 10 10 10
left_child=1 6 3 5 -5 -3 10 9 -9 -8 11 -1 -12 14 15 -2 -16 -18 -15 22 -21 -17 -20 -4
right_child=13 2 23 4 -6 -7 7 8 -10 -11 12 -13 -14 18 16 21 17 -19 19 20 -22 -23 -24 -25
leaf_value=-0.00018820020389060651 -0.0036095406807276249 -0.0068512196240674353 0.0091686729470238735 0.0076536585745399059 -0.0031524361365628901 -0.0015271231515827544 -0.0068657065864640631 0.0024749095241445463 0.00046167396794401727 0.0011919188708999135 0.0039639933160548133 0.00082590445575661444 0.0007350253274762585 -0.0036480932380489046 0.010068379347973578 0.0049260064904805617 -0.003073300520700286 -0.00057794501025140157 -0.00082892906570927749 -0.0011686699345876492 0.0041498930310252006 0.0011336654252693521 0.0016083345837290147 0.0027337435940946713
leaf_weight=65599 247 358 255 270 356 2788 288 4446 12791 251 853 18297 6019 239 222 521 1320 34607 698 1556 260 1240 4206 239
leaf_count=65599 247 358 255 270 356 2788 288 4446 12791 251 853 18297 6019 239 222 521 1320 34607 698 1556 260 1240 4206 239
internal_value=-8.85219e-06 0.000150677 -0.0013213 -0.00204559 0.0016555 -0.00278297 0.000208559 0.000861675 0.00101044 -0.00388519 8.06222e-05 -1.33259e-05 0.0012277 -0.000407784 -0.000596939 0.00159184 -0.000718617 -0.000757571 0.000629023 0.000821009 -0.000725371 0.00246198 0.00139409 0.00419798
internal_weight=157926 112810 4266 3772 626 3146 108544 17776 17237 539 90768 83896 6872 45116 38157 2008 36149 35927 6959 6720 1816 1761 4904 494
internal_count=157926 112810 4266 3772 626 3146 108544 17776 17237 539 90768 83896 6872 45116 38157 2008 36149 35927 6959 6720 1816 1761 4904 494
is_linear=0
shrinkage=0.02


Tree=50
num_leaves=29
num_cat=0
split_feature=21 46 5 9 57 44 54 44 78 0 70 42 75 46 8 52 50 69 9 52 44 44 48 15 42 42 1 30
split_gain=31.3395 27.4059 71.2902 40.0201 30.2842 31.3246 42.7402 34.5118 28.3787 27.0372 23.9363 40.9811 42.7025 33.2832 32.392 31.7727 31.6344 35.1068 29.603 28.3187 25.6015 18.3503 18.1324 15.6916 14.4732 12.2848 11.43 7.58971
threshold=0.06782451615044828 0.034948848981301156 0.023820186078215639 1.8279328019913015 0.81643519151379296 0.00083595413199644153 0.64116867211318629 -0.0047878670311621843 2.1354544646887428 -0.029326788012918489 -0.4908599468503882 -0.01346065179162753 0.97316567962247025 0.011835908005302669 0.0099644089990019741 0.67781798799304283 0.02923174239088944 -0.23263350906474303 0.63026597435382958 0.22103004291845499 0.074067882119761466 0.042522476688261264 -0.0038235696042235863 0.049341792869338715 -0.016853892639032749 0.067391638370554854 0.0044900842972068764 0.8035890858151129
decision_type=10 10 8 10 10 10 10 10 10 8 10 10 10 10 10 2 10 8 10 2 10 10 10 10 10 10 10 10
left_child=1 4 26 25 8 7 -7 -6 9 -1 11 13 20 19 -14 22 21 -18 -15 -2 -13 -17 24 -24 -12 -4 -3 -10
right_child=10 2 3 -5 5 6 -8 -9 27 -11 15 12 14 18 -16 16 17 -19 -20 -21 -22 -23 23 -25 -26 -27 -28 -29
leaf_value=0.001812076030397804 0.0030687752189110873 -0.0033906454720017088 -0.00014000701913229551 0.0070814731005359819 -0.00016015394601114009 0.0009483441648149083 0.0057049980245381859 -0.0057957782642526949 -0.0010493335163369586 -5.187901520374457e-05 0.0016025282735759921 -0.0029396684032362386 0.0049333619111733363 -0.011403550544434529 -0.0023205922342172691 -0.0054577147824820659 -0.0030260783748164411 0.00051585409770411482 -0.0030901525020593013 -0.0038024882236684042 0.001311594450596843 -0.0021000424249010626 -0.0004937062907181349 0.0047782871941071435 -0.00044593035312520668 -0.0031988709040087237 -0.0066376848498508776 -0.0029177559851040692
leaf_weight=4579 207 205 1217 334 2985 15336 609 451 896 109800 2048 1288 519 204 261 1013 1675 4016 252 746 460 1676 301 704 4951 626 289 871
leaf_count=4579 207 205 1217 334 2985 15336 609 451 896 109800 2048 1288 519 204 261 1013 1675 4016 252 746 460 1676 301 704 4951 626 289 871
internal_value=-5.487e-05 5.29526e-05 -0.00195284 -0.000393939 9.25122e-05 0.000824373 0.00119767 -0.000907186 -2.96004e-05 9.24987e-06 -0.00078821 -0.00218842 -0.000663503 -0.00492057 0.00322407 -0.000451511 -0.00131225 -0.000466971 -0.00936105 -0.00278616 -0.00240023 -0.00309963 0.000449469 0.00296024 8.82857e-05 -0.00154989 -0.00880404 -0.00254412
internal_weight=158519 138198 2671 2177 135527 19381 15945 3436 116146 114379 20321 3937 2528 1409 780 16384 8380 5691 456 953 1748 2689 8004 1005 6999 1843 494 1767
internal_count=158519 138198 2671 2177 135527 19381 15945 3436 116146 114379 20321 3937 2528 1409 780 16384 8380 5691 456 953 1748 2689 8004 1005 6999 1843 494 1767
is_linear=0
shrinkage=0.02


Tree=51
num_leaves=27
num_cat=0
split_feature=21 53 53 41 52 43 46 57 52 50 43 28 50 53 43 0 41 8 46 72 72 5 43 65 32 41
split_gain=35.9093 24.4131 24.5692 43.4956 25.2946 40.3722 34.1401 23.7697 39.1563 45.521 30.241 24.3436 32.9186 26.0027 26.1976 21.2041 20.2175 20.2003 19.7387 19.141 18.619 14.457 14.2298 11.0216 9.33689 6.12882
threshold=0.034365520119617472 0.011281329824295734 0.013170367965835298 -0.011418734340389479 0.60896649527140501 0.0034876241680122937 0.011835908005302669 0.75767106336809464 0.88789462569950384 0.056053115292138085 0.058559939930864953 -0.26959219551997288 0.058484836743913589 0.023450097778310121 0.052023794148548304 0.003505701987804311 0.026747514909983842 0.030183748798230436 0.009711183688914788 -0.99276335729766318 -0.29876288659535094 0.011630738501385759 0.053262718002088934 0.820224977043159 0.018056499590428991 0.015812499295069896
decision_type=8 8 8 10 2 10 8 10 2 10 10 8 10 10 10 10 10 10 10 8 8 10 10 10 10 10
left_child=7 19 3 15 6 -6 -4 11 9 18 25 12 17 14 -13 -3 -5 -1 -9 -2 -15 23 -11 -21 -23 -10
right_child=1 2 4 16 5 -7 -8 8 10 22 -12 13 -14 20 -16 -17 -18 -19 -20 21 -22 24 -24 -25 -26 -27
leaf_value=0.0027956072918458026 -0.0024398313733998821 -0.0026679177496027506 0.0010322793432448953 -0.00062124913397139088 -0.0033650518346582704 -0.00050418146924652242 -0.00091753628201960953 0.0011211053057828225 0.0028012264098174183 -0.0077573843812547092 0.0079849052989023044 -3.8151824280309089e-05 0.009123383646529825 -0.0031675413653599938 0.0011219324841829801 -0.0060391616574386213 -0.0067684342375530712 -0.0014085957110837094 -0.00018501478131895306 0.0054061293620492577 -0.00025004356604633115 -0.0014779286147096188 -0.0026582383190898507 0.0028888573086114132 0.0023307672965041291 -0.00036465996525857276
leaf_weight=1989 290 925 9119 7628 1405 16703 5233 13649 222 239 317 82235 276 1084 6820 515 225 914 4794 234 1087 454 289 734 411 203
leaf_count=1989 290 925 9119 7628 1405 16703 5233 13649 222 239 317 82235 276 1084 6820 515 225 914 4794 234 1087 454 289 734 411 203
internal_value=4.0381e-06 -0.000482212 -0.000588638 -0.00149537 -0.000328949 -0.000825998 0.000298056 0.000191011 0.000822664 0.00064611 0.00532705 5.90852e-05 0.00177925 -8.5501e-07 5.1855e-05 -0.0046898 -0.000908836 0.00114945 0.00081208 0.00160923 -0.00216298 0.00236532 -0.005138 0.00404334 0.000482679 0.00182629
internal_weight=157994 43876 41753 9293 32460 18108 14352 114118 19713 18971 742 94405 3179 91226 89055 1440 7853 2903 18443 2123 2171 1833 528 968 865 425
internal_count=157994 43876 41753 9293 32460 18108 14352 114118 19713 18971 742 94405 3179 91226 89055 1440 7853 2903 18443 2123 2171 1833 528 968 865 425
is_linear=0
shrinkage=0.02


Tree=52
num_leaves=22
num_cat=0
split_feature=32 57 44 13 53 6 45 6 33 53 57 78 34 54 54 8 67 0 49 21 66
split_gain=25.904 31.1824 48.6124 25.8529 38.9191 82.5286 34.9597 34.4075 27.7341 27.7016 65.4778 22.8085 20.9789 20.6705 19.7209 10.9122 9.87307 9.60608 9.49132 8.15705 5.25698
threshold=0.32248816140126663 0.1484626119839734 0.1062109515439026 -0.30076636353637742 0.020765563179641202 0.017234943693391715 0.018619044111080962 0.037879804488164193 -0.0031067113308923442 0.020587867958909118 0.61964501074930534 2.0431398716923481 0.023688630517492423 0.57574027341050227 0.47271521736197358 0.021815431847885747 -0.21181599192710152 -0.014731365506082448 0.003914140056812899 -0.075094121051728122 0.6734075443303017
decision_type=10 10 10 8 10 8 10 10 8 10 8 10 10 10 10 10 10 10 10 10 10
left_child=3 -2 17 6 9 8 13 -7 -6 11 -11 -5 19 -1 -4 -15 -16 -3 -19 -8 -14
right_child=1 2 14 4 5 7 12 -9 -10 10 -12 -13 20 15 16 -17 -18 18 -20 -21 -22
leaf_value=0.0015312224479897064 -0.0068755718665269375 -0.0051743598703658583 0.015782685144980883 4.1602258589036983e-05 -0.0014974142485484011 0.00067663650404338384 -0.0065542018628024709 -0.00162686335183879 -0.0053971668253074536 0.0059191668644491893 -0.0032705165009003969 -0.001309457266576366 0.00379047421656437 0.0075059819098936154 0.0078094907213511035 0.013368733717314826 0.0030057964911988648 0.0047016639362965698 -0.00046366383117407695 -0.00066572453818743106 -0.00038835665439629786
leaf_weight=308 252 252 257 141413 407 3767 202 3316 877 489 271 3327 364 314 231 228 479 285 662 218 203
leaf_count=308 252 252 257 141413 407 3767 202 3316 877 489 271 3327 364 314 231 228 479 285 662 218 203
internal_value=1.23828e-05 0.00206614 0.00284172 -1.95113e-05 -4.76902e-05 -0.00137404 0.00233841 -0.000527668 -0.00603735 2.85771e-05 0.00383443 8.55321e-06 -0.000220648 0.00530905 0.00617562 0.00765746 0.00444163 0.000148333 0.00107384 -0.0036057 0.00228521
internal_weight=158122 2418 2166 155704 153867 8367 1837 7083 1284 145500 760 144740 987 850 967 542 710 1199 947 420 567
internal_count=158122 2418 2166 155704 153867 8367 1837 7083 1284 145500 760 144740 987 850 967 542 710 1199 947 420 567
is_linear=0
shrinkage=0.02


Tree=53
num_leaves=22
num_cat=0
split_feature=53 6 4 14 44 75 70 49 37 36 66 34 45 46 70 6 46 78 40 30 53
split_gain=30.7472 100.716 50.7456 90.3951 75.4565 42.5807 27.7794 35.7067 24.7375 22.1286 20.3746 19.922 21.7916 17.2774 14.3818 14.2248 13.0221 12.0247 9.63945 7.35342 5.91642
threshold=0.020765563179641202 0.014693879811465435 -0.098078960635951715 -0.2309426261610176 0.02357729889209426 -1.3447910648222299 -1.2871976791609976 -0.016455705772573045 0.22223200076940366 0.083661752876824369 0.99369084475895642 -0.00020569820466724567 0.0044089297127562063 0.0058836617058301626 0.96482509546570328 0.035539652476200896 0.0069569140151361135 2.2522849675092065 -0.00029756920963913013 0.56744899925628145 0.012817838987118774
decision_type=10 8 10 8 10 8 8 10 10 10 10 8 8 10 10 10 10 8 10 8 10
left_child=6 9 5 14 -5 8 7 -1 -3 19 11 17 -13 -9 -4 -7 -15 -8 -12 -2 -20
right_child=1 2 3 4 -6 15 10 13 -10 -11 18 12 -14 16 -16 -17 -18 -19 20 -21 -22
leaf_value=-0.0073627278569410159 -0.0020671558176949293 0.0025616672229391412 -0.0065604835379506656 -0.0029279825341970932 0.0014566447206262767 0.0018695771972779998 0.0012613336765919625 -0.0047485128897151764 0.01469777766044297 -0.0077020471207571873 -0.0036350830584141905 0.00051371112536732083 -5.0595565966038567e-05 0.0041058179974630482 -0.019463384408969515 -0.0005381167545599081 -0.0006493762975313919 -0.0023274449913044007 -0.0031148084849929886 -0.0056946968069367969 -0.00023558818114157118
leaf_weight=270 220 386 241 2474 2544 875 7717 272 326 209 331 26732 110561 206 206 2400 903 400 206 232 537
leaf_count=270 220 386 241 2474 2544 875 7717 272 326 209 331 26732 110561 206 206 2400 903 400 206 232 537
internal_value=1.25119e-06 -0.00106565 -0.000537184 -0.00178888 -0.00101973 0.00117803 7.41076e-05 -0.00250484 0.00560729 -0.00860725 0.000103205 0.000123498 6.65579e-05 -0.00119971 -0.0103973 0.000213065 -8.82883e-05 0.00108623 -0.00264 -0.0060883 -0.00136828
internal_weight=158248 10113 9452 5465 5018 3987 148135 1651 712 661 146484 145410 137293 1381 447 3275 1109 8117 1074 452 743
internal_count=158248 10113 9452 5465 5018 3987 148135 1651 712 661 146484 145410 137293 1381 447 3275 1109 8117 1074 452 743
is_linear=0
shrinkage=0.02


Tree=54
num_leaves=29
num_cat=0
split_feature=67 52 54 54 71 43 14 44 69 44 54 52 36 54 52 10 44 49 54 69 43 49 41 42 10 44 69 71
split_gain=28.4558 30.2342 52.056 58.7436 97.4681 47.89 36.7511 35.4958 26.6943 42.5223 70.3297 53.3057 40.7588 33.5865 30.9178 28.9522 55.8055 33.8169 29.4555 26.6671 25.0692 24.9268 24.3488 20.1261 39.1306 38.7488 18.9902 14.6409
threshold=0.28886191518672549 0.60896649527140501 0.57574027341050227 0.58494636763893593 -0.016778285208587745 -0.0076121574876612521 -0.024294412544125118 -0.075688170239417693 0.55710300487887532 0.00083595413199644153 0.62375893356764867 0.61652236652236658 -0.057893610021631348 0.63590281505082846 0.78622612810545889 1.5722943376953766 0.077141766390349323 0.012914304624734864 0.49113345821086402 0.20980117188807079 0.0073318576577745551 0.021388144160030879 0.048511285866492233 0.0065143588825852259 0.045296600186699225 0.045101921088091419 -0.9769004405077869 -1.0219798394725796
decision_type=8 2 8 8 10 10 10 8 10 10 10 2 10 10 2 10 10 10 10 8 10 10 10 10 8 10 8 10
left_child=8 2 6 4 -4 19 20 -5 15 11 12 27 -11 -13 -12 23 18 -18 -17 -3 -2 -8 26 25 -25 -1 -7 -10
right_child=1 5 3 7 -6 22 21 -9 9 10 14 13 -14 -15 -16 16 17 -19 -20 -21 -22 -23 -24 24 -26 -27 -28 -29
leaf_value=-1.2833227548975091e-06 -6.8581244112537882e-05 -0.00061794508886052122 -0.0069087315346000903 -0.002023789903733001 0.0025750535628463723 -0.0033646658753785155 0.0012264139436342534 0.00032458311913931742 -0.0027976120157505668 -0.0032311790630232748 0.00028223880177129733 0.00020363619771273915 0.001402158524613001 -0.0057808671005861543 0.006988244306461321 0.00092776829917141012 -0.0060293401328276233 0.00047521426858339311 0.004823376024614209 -0.0074506905876948575 -0.003733761174405264 0.0067175205529620098 -0.0062189199998559539 0.0032071148706252113 9.219353443365944e-05 -0.0012456246967683746 -0.00044798126623557028 0.00078772397201669093
leaf_weight=24827 1671 212 941 1983 451 2224 11311 6701 202 1021 223 224 10582 472 587 3079 857 1175 3042 354 671 237 236 1069 41068 10965 29300 2297
leaf_count=24827 1671 212 941 1983 451 2224 11311 6701 202 1021 223 224 10582 472 587 3079 857 1175 3042 354 671 237 236 1069 41068 10965 29300 2297
internal_value=-3.56874e-05 -0.000396461 0.000141778 -0.000952466 -0.00476525 -0.000795558 0.000935714 -0.000340587 0.000164007 0.000924979 0.00145465 -0.00113204 0.00105636 -0.00602296 0.0071492 2.59982e-05 0.00115992 -0.00171077 0.00211336 -0.00655732 -0.00134784 0.00139908 -0.00069261 -9.26216e-05 0.000203569 -0.000441371 -0.000644504 0.0002312
internal_weight=157982 56292 23966 10076 1392 32326 13890 8684 101690 15608 12413 3195 11603 696 810 86082 8153 2032 6121 566 2342 11548 31760 77929 42137 35792 31524 2499
internal_count=157982 56292 23966 10076 1392 32326 13890 8684 101690 15608 12413 3195 11603 696 810 86082 8153 2032 6121 566 2342 11548 31760 77929 42137 35792 31524 2499
is_linear=0
shrinkage=0.02


Tree=55
num_leaves=26
num_cat=0
split_feature=19 41 0 52 14 43 48 10 6 46 48 48 63 37 49 41 48 42 53 25 7 46 18 46 20
split_gain=26.1068 44.3922 25.6577 27.8604 54.4591 37.429 26.0444 55.1376 31.1914 21.4699 21.3479 52.2641 21.1845 17.4455 17.0254 24.4845 15.7513 22.4441 15.1048 14.7852 13.6148 11.3851 11.0494 9.97661 7.9697
threshold=1.9539555212719026 0.028528501236542162 -0.030752029086140494 0.88789462569950384 0.044732398833998717 0.06977777620314686 -0.016922285815210044 1.4287262829129446 0.011260644577569673 0.0042285409138495206 -0.022926854672786264 -0.056821410891407513 0.31573371989295279 0.42353638650013298 0.014336474522871347 0.0076887676581698381 -0.06142378674257392 0.025569882767854549 0.010900370658205363 1.3770639944254144 0.0071129735253543146 0.0036476436852288228 26.215413481390517 0.0080154235139374523 0.039093030478931652
decision_type=8 10 10 2 8 10 10 10 10 8 8 10 10 10 10 10 10 10 8 10 10 10 10 10 10
left_child=2 9 10 6 20 -6 7 -4 -8 21 11 22 -13 16 15 -12 -3 -18 -11 -20 -5 -2 -1 -16 -23
right_child=1 13 3 4 5 -7 8 -9 -10 18 14 12 -14 -15 23 -17 17 -19 19 -21 -22 24 -24 -25 -26
leaf_value=-0.0025392137659321001 -0.0019264511008168293 -0.0054779847443016637 -0.00051206862775611322 0.00079257756903514977 0.0020726775075402084 0.0068487205480882241 0.0006977147381845816 0.0015799968444897275 -6.2949342838965886e-05 0.0032357194322990401 -0.00026602881380545886 0.0088708906011860274 0.0029050607077699764 -0.007523198063132135 0.00010512675428291291 -0.0075177228424222475 -0.0027614617072588589 0.001889636208378761 -0.00040175740022537382 -0.0021479222506353818 -0.0024672277413993375 0.0031896882758367441 0.0010960484223182609 0.0069294358221935783 -0.00067874899825749182
leaf_weight=462 238 254 53835 840 1681 442 22611 7539 49785 354 1095 879 598 259 243 250 793 339 9656 1771 1108 678 1784 225 206
leaf_count=462 238 254 53835 840 1681 442 22611 7539 49785 354 1095 879 598 259 243 250 793 339 9656 1771 1108 678 1784 225 206
internal_value=-2.29095e-05 -0.00083016 5.89909e-05 5.35396e-06 0.00163507 0.00385028 -4.42398e-05 -0.00034734 0.000212688 -0.000435369 0.0013939 0.00226047 0.00518133 -0.00392345 -0.000384785 -0.00152897 -0.00302668 -0.00201059 -0.00068732 -0.000813616 -0.000778861 0.00220659 0.000337339 0.00289552 0.00325198
internal_weight=157925 14548 143377 137841 4071 2123 133770 61374 72396 12903 5536 3723 1477 1645 1813 1345 1386 1132 11781 11427 1948 1122 2246 468 884
internal_count=157925 14548 143377 137841 4071 2123 133770 61374 72396 12903 5536 3723 1477 1645 1813 1345 1386 1132 11781 11427 1948 1122 2246 468 884
is_linear=0
shrinkage=0.02


Tree=56
num_leaves=23
num_cat=0
split_feature=4 50 53 6 6 69 60 70 49 45 33 44 34 45 53 27 44 6 45 9 69 41
split_gain=31.669 53.9077 36.4446 80.2361 41.8742 54.8603 34.0736 25.3631 46.4389 24.79 23.8575 22.1422 20.2989 20.2092 19.9449 19.9343 18.4516 16.819 15.7511 12.3739 10.8218 8.85565
threshold=-0.23336220962815138 0.071921925095346353 0.020765563179641202 0.017390494490453597 0.031190360989073383 -0.84889278365643184 0.85535890638806611 -1.2417227077992512 -0.016455705772573045 0.018438701294419196 1.0000000180025095e-35 -0.062776966930190012 -0.00020569820466724567 0.0044089297127562063 0.015925606094250349 -0.32740324522401543 -0.050410923913992538 0.021007743477873236 0.0099662269948415615 0.9803852151692739 -0.057299266236168683 -0.007334478907707275
decision_type=8 10 10 8 10 8 8 8 10 10 8 10 8 8 10 10 10 10 10 10 10 10
left_child=1 9 7 10 6 -6 -5 8 -2 16 20 -12 18 -14 -10 -11 21 -18 -9 -17 -4 -1
right_child=2 -3 3 4 5 -7 -8 12 14 15 11 -13 13 -15 -16 19 17 -19 -20 -21 -22 -23
leaf_value=0.004120902412456248 -0.0068490175996979699 0.012295649995256881 -0.0051858445210720607 0.00067730417471149385 -0.01036091055108574 -0.0008164673993401113 0.0086156247037576933 0.00041826726086202187 -0.0014466557532021541 0.0037875567438063794 -0.0067287838845906736 -0.0041357664336552228 0.00045744018723327287 -0.00011377827500876826 0.0018449361801136357 0.0011700562504441056 -0.0063963412994083061 0.0030186706556568376 0.0024851217595188262 -0.0025134974470507067 0.0010669396001556633 0.010494829339353732
leaf_weight=536 369 226 200 2377 447 3752 251 5479 1282 377 308 607 26759 109358 521 206 200 931 2569 898 210 237
leaf_count=536 369 226 200 2377 447 3752 251 5479 1282 377 308 607 26759 109358 521 206 200 931 2569 898 210 237
internal_value=-1.89626e-05 0.00183223 -6.22565e-05 -0.00136367 -0.000488869 -0.0017281 0.0014903 1.02366e-05 -0.00213438 0.00119846 -0.00586576 -0.00766157 4.25759e-05 -1.51192e-05 -0.000808204 -0.000740891 0.00270761 0.00107597 0.00101851 -0.00209774 -0.00184428 0.00508786
internal_weight=158100 3611 154489 8152 6827 4199 2628 146337 2172 3385 1325 915 144165 136117 1803 1481 1904 1131 8048 1104 410 773
internal_count=158100 3611 154489 8152 6827 4199 2628 146337 2172 3385 1325 915 144165 136117 1803 1481 1904 1131 8048 1104 410 773
is_linear=0
shrinkage=0.02


Tree=57
num_leaves=23
num_cat=0
split_feature=70 44 57 48 48 48 45 5 23 44 32 6 42 45 48 53 69 29 69 18 60 45
split_gain=26.3271 32.0095 23.0924 42.6686 43.8664 68.9116 48.318 42.9766 39.7067 34.0265 29.3214 23.5208 21.4287 19.7986 29.4231 18.8607 17.5829 17.4977 15.4876 16.9273 14.5665 5.27484
threshold=-1.2417227077992512 0.034756918671103317 0.80084301602529939 -0.10872575593379601 -0.02575869664184632 -0.022692114710380681 0.0054444812608994688 0.028802435882260977 0.10698200977574902 0.090415435247257495 -0.24621384492139956 0.070717915228013475 0.051307917889341421 0.018619044111080962 -0.078025985393679761 0.014914482382668145 -0.79836986877395633 -0.87271313545601015 -0.19989735065790853 55.426084462080432 0.52725292137056845 0.0085367909767413239
decision_type=8 10 10 10 10 10 10 10 10 10 8 10 10 10 8 10 8 10 8 10 10 10
left_child=1 13 8 7 6 -6 -5 17 11 10 -10 12 -2 14 -1 -16 -11 -4 19 -3 -9 -20
right_child=2 18 3 4 5 -7 -8 20 9 16 -12 -13 -14 -15 15 -17 -18 -19 21 -21 -22 -23
leaf_value=-0.0072768842574328961 2.2580369038633244e-05 -0.0035978152738325268 -0.0020870512923327894 0.0069364613498398555 -0.0050202873193397812 0.00046063763410727224 0.0015441673240475027 -0.0019575813462621699 0.0042753668541858228 -0.016540230280114775 -0.0015743131068594652 0.010583272152146904 -0.0012926383491909199 0.0014588503825397447 -0.003705096314563791 0.0015918055969724692 -0.0037127285843389576 -0.0075623119492858829 0.00075822161532671569 0.00079583837641785087 0.0023520086238064076 0.0042417068126055068
leaf_weight=277 117627 298 236 547 907 19141 7398 396 546 221 3210 337 3710 219 639 204 534 304 381 267 299 202
leaf_count=277 117627 298 236 547 907 19141 7398 396 546 221 3210 337 3710 219 639 204 534 304 381 267 299 202
internal_value=8.09368e-06 -0.00203296 4.07814e-05 0.000547333 0.000707937 0.000209387 0.00196552 -0.003089 -7.65378e-05 -0.00191888 -0.00113867 -8.20218e-06 -2.28947e-05 -0.00413284 -0.00520785 -0.00333886 -0.00579101 -0.00731608 0.000416014 -0.00193993 0.000198276 0.00270205
internal_weight=157900 2487 155413 29228 27993 20048 7945 1235 126185 4511 3756 121674 121337 1339 1120 843 755 540 1148 565 695 583
internal_count=157900 2487 155413 29228 27993 20048 7945 1235 126185 4511 3756 121674 121337 1339 1120 843 755 540 1148 565 695 583
is_linear=0
shrinkage=0.02


Tree=58
num_leaves=23
num_cat=0
split_feature=21 0 48 47 54 49 32 41 48 10 32 48 6 46 46 69 5 46 41 29 44 18
split_gain=31.2054 27.0422 35.2806 33.6985 29.718 25.2681 23.4497 23.2649 21.6534 55.6331 42.9555 33.4726 31.7191 76.0195 26.783 19.6165 21.2869 34.1033 20.7725 18.9713 12.7414 11.5258
threshold=0.0785692623621186 -0.029326788012918489 -0.021151165086339404 -0.06681580268107222 0.57253979244754216 0.017568464436558243 -0.41652676295783864 0.0077662708702387348 -0.016922285815210044 1.6263464685018609 -0.004757064979219904 -0.01713085449645468 0.010723025472992873 0.0098035601031225307 0.0077017608516100544 1.5357108329310452 0.013197756589494311 0.0083314998401078783 -0.010663220415670136 -3.0833684051704555 0.1062109515439026 82.761811038885881
decision_type=10 8 8 10 10 10 8 8 10 10 10 10 10 10 10 10 10 10 10 10 10 10
left_child=1 2 3 19 -5 7 -2 -4 9 11 -11 -3 13 -10 -14 16 18 -18 -8 -1 21 -17
right_child=6 8 5 4 -6 -7 15 -9 12 10 -12 -13 14 -15 -16 20 17 -19 -20 -21 -22 -23
leaf_value=0.0023447882003707859 0.0056840899886266482 -0.00032043228515988816 -0.00072340266418365528 0.0027524916305138808 0.0084568238056677535 0.0042306626396295052 -0.005304110372486218 -0.0082180714274448976 0.00082956595166714536 0.006382935424156193 0.00063217719475725063 -0.0049498537528163168 -0.00037615539851099523 -0.0073586092423984211 0.00049821257432748362 -0.00060991714269919368 0.00054639740388759156 -0.0018369157357079103 -0.0014970275699497776 -0.0011457452592313927 0.0061843613341251982 0.0031481881986707041
leaf_weight=1136 340 57250 1068 1131 863 384 674 333 21323 1319 2158 576 33117 245 20467 2168 4265 5712 2023 818 253 480
leaf_count=1136 340 57250 1068 1131 863 384 674 333 21323 1319 2158 576 33117 245 20467 2168 4265 5712 2023 818 253 480
internal_value=-1.32697e-05 8.07235e-05 0.00142623 0.00248113 0.00430977 -0.000905935 -0.000853104 -0.00215264 2.4169e-05 -0.000254763 0.00220184 -0.000402546 0.000251726 0.000899346 -8.92041e-06 -0.000966744 -0.00130635 -0.000879735 -0.00288288 0.000612788 0.000516196 0.000104945
internal_weight=158103 142188 5733 3948 1994 1785 15915 1401 136455 61303 3477 57826 75152 21568 53584 15575 12674 9977 2697 1954 2901 2648
internal_count=158103 142188 5733 3948 1994 1785 15915 1401 136455 61303 3477 57826 75152 21568 53584 15575 12674 9977 2697 1954 2901 2648
is_linear=0
shrinkage=0.02


Tree=59
num_leaves=25
num_cat=0
split_feature=70 43 12 57 44 5 45 44 44 29 57 48 49 5 10 46 60 41 18 44 50 78 45 55
split_gain=25.7224 40.9834 25.0666 27.044 64.2455 34.7594 28.4808 53.2635 30.3799 19.57 19.0597 32.8031 33.2887 32.2253 20.5323 41.7093 23.6167 18.6152 15.758 18.0615 11.2648 9.8567 9.7023 5.41289
threshold=-1.2417227077992512 0.0050476058442934244 0.061082357694025931 0.15628345824411136 0.16428337884866476 0.024599482418494127 0.0087471497494089837 0.10184831294004694 0.08892282737866998 4.1421938397178781 0.81643519151379296 -0.10872575593379601 -0.025813065931175268 0.02043207090832275 1.6263464685018609 0.0071743218066912407 0.94050188118250755 -0.013300221289973489 64.047187588410921 0.074067882119761466 0.034323025295596728 -1.0487227633140777 0.0081965139016101328 0.37565171364298006
decision_type=8 10 10 10 10 10 10 10 10 10 10 10 10 8 10 10 10 10 10 10 8 10 10 10
left_child=1 9 10 4 5 -4 8 -8 -5 17 14 13 -13 -12 16 -16 -2 -1 20 22 23 -19 -20 -3
right_child=2 18 3 6 -6 -7 7 -9 -10 -11 11 12 -14 -15 15 -17 -18 21 19 -21 -22 -23 -24 -25
leaf_value=-0.0065624448223407308 1.5760392712979577e-06 -0.0010969230981288816 -0.0021153517429589341 0.0005247854965067057 -0.016054262477001292 0.002433264626104493 -0.0014208529771263885 0.0025167975241556784 -0.00098658017998981724 -0.0065009104675843041 -0.0074202594554991213 0.0033528423625920666 0.00069175533942685496 -0.00071680361206753003 -0.00033632343499145385 0.0036775916297029456 -0.0034712508845718328 0.0016289307385773855 0.0015238278512721016 0.0044186133859617704 -0.0030598321011025826 -0.0023700921261718857 -0.0015946283224675395 0.0021169553630556695
leaf_weight=302 95228 227 3293 16126 200 1250 8816 1126 4429 285 222 1363 14070 517 4304 3781 881 272 216 236 279 235 202 229
leaf_count=302 95228 227 3293 16126 200 1250 8816 1126 4429 285 222 1363 14070 517 4304 3781 881 272 216 236 279 235 202 229
internal_value=-1.70662e-05 -0.00203623 1.51536e-05 -0.00045396 -0.00185877 -0.0013684 -0.00023536 -0.00111415 0.000189628 -0.00492968 0.000152517 0.000791319 0.000988597 -0.00332162 5.33423e-05 0.00102127 -2.8072e-05 -0.00333086 0.000243165 0.00250076 -0.00176359 -0.000980315 0 0.000170678
internal_weight=158089 2483 155606 35240 4743 4543 30497 9942 20555 1094 120366 16172 15433 739 104194 8085 96109 809 1389 654 735 507 418 456
internal_count=158089 2483 155606 35240 4743 4543 30497 9942 20555 1094 120366 16172 15433 739 104194 8085 96109 809 1389 654 735 507 418 456
is_linear=0
shrinkage=0.02


Tree=60
num_leaves=23
num_cat=0
split_feature=0 42 42 42 42 38 28 53 32 52 44 52 42 38 53 52 31 20 68 44 59 72
split_gain=26.9626 23.3474 27.7476 31.7201 22.1807 20.3753 23.9698 33.3199 49.6295 27.8137 24.5023 22.1869 17.9203 21.5526 17.073 17.8818 15.7105 15.0991 12.9952 9.70669 10.3605 8.53659
threshold=-0.032353043915001982 -0.01346065179162753 0.0064261104393029686 0.0025661642537345712 -0.0015008571920669953 1.6292706313043768 -0.28321158375688088 0.020765563179641202 0.15272141582685497 0.58787244833269947 0.027688202355814599 0.88789462569950384 -0.027812717491578317 1.3180594436712079 0.013034267861342092 0.685349178277186 0.025484272085362362 0.0036928902655626321 -1.0543322603092358 -0.047785137046568109 0.78035926167132075 1.0208445565207449
decision_type=8 8 10 8 10 10 8 10 8 2 10 2 10 8 10 2 10 10 10 10 8 10
left_child=1 12 3 4 -3 6 9 11 -9 18 -11 -8 19 16 -4 -16 -14 -7 -2 20 -1 -21
right_child=5 2 14 -5 -6 17 7 8 -10 10 -12 -13 13 -15 15 -17 -18 -19 -20 21 -22 -23
leaf_value=0.0011743844101560963 0.0024656497401757231 -0.0025633148482096563 -0.0031229959454739755 -0.0070519269099234205 0.0048309741955147633 -0.00028770283942009033 -4.735088453738948e-05 -0.0015481259870203468 0.0021887704174775599 0.0090764342030229105 0.0022057842114934561 0.001189110134886504 0.0047959035174777861 -0.0010278075376201417 2.3491037244192382e-05 0.0068532214463249063 0.010591847845148295 -0.0056371758912467217 -0.0021609154917675258 0.001414417058671199 0.0079100620732921612 -0.0040067349150929004
leaf_weight=497 866 660 215 238 264 201 138959 6297 1308 409 347 4129 601 221 455 600 328 219 576 401 253 224
leaf_count=497 866 660 215 238 264 201 138959 6297 1308 409 347 4129 601 221 455 600 328 219 576 401 253 224
internal_value=-1.99534e-05 0.00143163 3.20592e-05 -0.00219948 -0.000516757 -6.69093e-05 -5.47969e-05 -8.50598e-05 -0.00137497 0.00201819 0.00512285 -1.64793e-05 0.00277831 0.00462033 0.00207553 0.00312311 0.00595484 -0.00446081 0.000386694 0.00123401 0.00276698 -0.000603834
internal_weight=158268 4957 2432 1162 924 153311 152891 150693 7605 2198 756 143088 2525 1150 1270 1055 929 420 1442 1375 750 625
internal_count=158268 4957 2432 1162 924 153311 152891 150693 7605 2198 756 143088 2525 1150 1270 1055 929 420 1442 1375 750 625
is_linear=0
shrinkage=0.02


Tree=61
num_leaves=27
num_cat=0
split_feature=33 44 41 7 45 54 45 11 18 18 41 36 46 6 75 43 52 45 27 0 47 72 45 43 32 60
split_gain=24.9641 32.3191 40.5218 31.3518 24.9443 37.6834 25.8785 21.1419 28.6402 22.6519 24.3584 21.9957 19.0198 40.7265 19.4874 18.9618 18.8451 18.203 25.6896 22.7637 16.2156 14.504 14.0076 12.3473 10.0738 5.23339
threshold=0.14734579120385247 0.05207707518073413 0.032501961368657802 0.020129556318358815 0.0118705075089792 0.56052014714107801 0.010917217685071716 0.060683667212806609 83.42153687882994 63.848923900679871 0.026747514909983842 -0.16849136260659145 0.0071574745760132038 0.0125958107155649 0.62882941901250156 0.015078202802461972 0.88535522610128081 0.0035439085689753058 -0.030637638219516091 -0.029326788012918489 -0.0070466305300602708 -1.3153963423918016 0.0065557242615534401 0.023863315829653068 0.034791831655600798 0.59918614374539481
decision_type=8 8 10 10 10 10 10 10 10 10 10 10 8 8 10 10 2 10 10 10 10 8 10 10 8 8
left_child=7 3 12 4 6 -6 -2 8 17 11 15 23 14 -14 -3 -11 21 18 -1 -19 -12 -10 -13 -9 -4 -5
right_child=1 2 24 25 5 -7 -8 9 16 10 20 22 13 -15 -16 -17 -18 19 -20 -21 -22 -23 -24 -25 -26 -27
leaf_value=-0.00057858854096142648 -0.0015619561897941936 -0.00047641985639239841 0.0028812340270894157 0.0015622218126266746 0.0039856343951376961 -0.0052138020231288062 0.0050604588675793871 0.0019476409252415223 -0.0025404204076023796 0.0012599157123737556 -0.0019132820894057242 -0.0041373054509676408 -0.0048716918722388472 -0.00030479391970732487 0.0023067430007815398 -0.0018048670558860691 0.0049370652562065343 0.0017047458501448451 0.0014820205440272205 -1.9773558657807804e-05 -0.0065579524834519214 0.0014022545130627135 0.0001531966244106242 0.01019669690762417 0.0090436469666011401 0.0073272985774889459
leaf_weight=2789 5135 1247 248 279 241 990 206 237 208 829 674 558 557 4183 1156 1956 211 5429 6308 118499 501 2597 2461 266 202 224
leaf_count=2789 5135 1247 248 279 241 990 206 237 208 829 674 558 557 4183 1156 1956 211 5429 6308 118499 501 2597 2461 266 202 224
internal_value=3.40093e-06 -0.000782466 0.000123519 -0.00175495 -0.00212354 -0.00468994 -0.00153089 8.37351e-05 0.000140677 -0.000951223 -0.00198889 0.000215158 -0.000243281 -0.000978275 0.00120549 -0.000968413 0.00206762 9.69585e-05 0.000960431 3.35515e-05 -0.00440306 0.0016315 -0.000429801 0.00408333 0.00593792 0.00305159
internal_weight=158191 14668 7593 7075 6572 1231 5341 143523 136041 7482 3960 3522 7143 4740 2403 2785 3016 133025 9097 123928 1175 2805 3019 503 450 503
internal_count=158191 14668 7593 7075 6572 1231 5341 143523 136041 7482 3960 3522 7143 4740 2403 2785 3016 133025 9097 123928 1175 2805 3019 503 450 503
is_linear=0
shrinkage=0.02


Tree=62
num_leaves=26
num_cat=0
split_feature=21 71 41 43 46 32 44 14 46 44 14 46 38 38 7 39 42 46 52 50 69 48 44 16 48
split_gain=25.016 23.9349 26.7899 38.4391 34.7194 23.146 38.7509 33.514 26.6511 24.9823 35.8941 43.7057 40.8336 33.0977 28.4364 24.0526 19.7682 19.0165 18.7531 32.6869 27.1744 21.9458 15.0981 11.7543 13.598
threshold=0.080376523679738368 -0.53982194079829171 -0.010663220415670136 -0.027805872081546553 0.007071556310002604 0.21128816567500777 0.1062109515439026 -0.22074147548304754 0.008887940952420962 0.12547988852472428 -0.30180265298752351 0.034133762393146715 0.78974514699402976 0.78419001269075517 0.0038078607101044229 0.047017101666128221 -0.011586878853318048 0.011835908005302669 0.60896649527140501 0.0074238207632112427 -0.17544964053992354 -0.0038235696042235863 0.04029722567633099 0.13639349935841852 -0.012513913727462909
decision_type=10 8 10 10 10 10 10 8 10 10 8 10 10 10 10 10 10 10 2 10 10 10 10 10 8
left_child=5 2 16 -4 -5 9 23 -8 -9 10 12 -12 -1 14 -11 -15 17 -2 21 -20 -21 22 -3 24 -7
right_child=1 18 3 4 -6 6 7 8 -10 13 11 -13 -14 15 -16 -17 -18 -19 19 20 -22 -23 -24 -25 -26
leaf_value=0.0095911484729666093 -0.0036607255489301449 -0.00033612145718433259 0.0048094905094140071 0.0021923369693444077 -0.0033380761906292534 -0.0010748642391991828 -0.0048629413625090505 -0.00052552001670559277 0.0053740490074523639 -0.005583174256193044 5.5088914546333471e-05 -0.0019304711320284721 0.0014205404577462694 -0.0034608852347058866 0.0011102071439454469 0.0024613934647786922 -0.00033670482660470765 -0.008490165604073582 -0.0071900002518126395 -0.0030250031019923452 -3.6001367668354877e-06 0.0059966021196354614 0.0025289201102161193 -0.0040713303389279835 0.0017446636274760397
leaf_weight=524 358 3618 232 291 830 1724 271 389 1842 203 127284 2485 1647 1970 1876 296 221 202 344 2513 5568 256 885 323 2041
leaf_count=524 358 3618 232 291 830 1724 271 389 1842 203 127284 2485 1647 1970 1876 296 221 202 344 2513 5568 256 885 323 2041
internal_value=-2.03421e-05 -0.000788433 -0.00275316 -0.00104727 -0.00258289 6.19978e-05 0.00121954 0.00317938 0.00398656 6.00208e-06 5.5161e-05 1.24682e-05 0.00260497 -0.00148596 0.000335577 -0.00315748 -0.00570077 -0.00769697 -0.00047008 -0.00103703 -0.000779263 0.000533193 0.000208259 1.90756e-05 0.000334041
internal_weight=158193 15318 2134 1353 1121 142875 6590 2502 2231 136285 131940 129769 2171 4345 2079 2266 781 560 13184 8425 8081 4759 4503 4088 3765
internal_count=158193 15318 2134 1353 1121 142875 6590 2502 2231 136285 131940 129769 2171 4345 2079 2266 781 560 13184 8425 8081 4759 4503 4088 3765
is_linear=0
shrinkage=0.02


Tree=63
num_leaves=23
num_cat=0
split_feature=21 71 4 6 46 7 44 14 54 52 19 41 32 57 0 25 68 68 56 71 19 64
split_gain=26.0635 26.8725 25.3843 30.9678 38.7386 60.5754 28.9655 29.8861 26.0739 22.1584 19.2783 27.5486 16.271 14.9216 12.3744 12.3723 12.3864 11.5532 10.5404 9.49822 8.20032 8.29647
threshold=0.1254807214083781 -0.08344057328505998 0.39506112745364347 0.060421667068357159 0.034133762393146715 0.010490873082355426 0.1062109515439026 -0.0073864193347152876 0.71095087425225301 0.7328639678149359 1.9330776415161919 0.021118462971608357 -0.41652676295783864 0.23208581601178876 0.0081919816086711856 0.88298925965439723 1.232467233072408 0.56442902482858204 0.94781701007533814 0.98435216189618335 1.4481134126309774 0.33262485996169283
decision_type=10 10 10 10 10 10 10 8 10 2 10 10 10 8 10 10 10 10 10 10 10 10
left_child=2 15 3 4 8 -6 20 -8 -1 14 12 19 -3 -14 -5 16 17 -2 -9 -12 21 -4
right_child=1 10 6 9 5 -7 7 18 -10 -11 11 -13 13 -15 -16 -17 -18 -19 -20 -21 -22 -23
leaf_value=-3.9262307556123951e-06 -0.0017428138983063206 0.0077238514484056367 -0.0028453643633546389 0.0056787769095237349 -0.006299765700616018 -0.00090019489458972532 -0.0012582065269873116 0.010941871877720251 0.0021678263081928097 0.0095936571108649633 -0.0032235937520924841 -0.0082865305626715555 -0.0052046462780439917 0.00026510005829966348 -0.0029730090325190222 -0.0048542916687931027 0.00060710477040639614 -0.0056352632970713881 0.0070056632334045202 0.0017441588984763541 -0.0035150895118390146 0.0033494146276669425
leaf_weight=144005 357 209 214 273 335 2548 220 290 2754 282 299 296 487 3171 200 280 279 265 259 462 221 239
leaf_count=144005 357 209 214 273 335 2548 220 290 2754 282 299 296 487 3171 200 280 279 265 259 462 221 239
internal_value=-1.88545e-05 -0.00130003 3.26526e-05 7.30063e-06 -1.30845e-05 -0.0023086 0.00267175 0.00532208 3.20114e-05 0.00404497 -0.00064934 -0.00304159 4.65357e-06 -0.000305548 0.00138819 -0.00400846 -0.00285809 -0.00442697 0.00781455 -0.001021 -0.000352593 0.00118502
internal_weight=157945 6105 151840 150397 149642 2883 1443 769 146759 755 4924 1057 3867 3658 473 1181 901 622 549 761 674 453
internal_count=157945 6105 151840 150397 149642 2883 1443 769 146759 755 4924 1057 3867 3658 473 1181 901 622 549 761 674 453
is_linear=0
shrinkage=0.02


Tree=64
num_leaves=25
num_cat=0
split_feature=63 44 54 54 14 72 41 45 71 41 44 14 44 45 6 52 43 45 10 20 10 54 44 54
split_gain=20.1179 43.013 48.2691 67.6761 47.7025 44.4587 40.6776 57.1233 65.2806 62.4156 31.8145 31.0042 37.5958 28.57 37.2449 37.4875 34.3238 32.3596 27.354 25.8967 22.9678 22.5823 18.9289 15.5454
threshold=0.27987496043051602 0.21061464899071672 0.57574027341050227 0.58346599610030381 -0.2309426261610176 -0.10722212028819418 0.028528501236542162 0.011930572666758116 -0.016778285208587745 0.088523865011893035 0.17681011950591644 -0.056201939860985477 0.025404107317105188 0.0044089297127562063 0.011157502156012848 0.76518122400475352 0.057674958098814406 0.014293784901629065 0.29618053179979426 0.081329962905082001 0.48440907435517905 0.60896216865746355 0.083204900209581836 0.57351409972163336
decision_type=8 8 10 10 8 10 10 10 8 10 10 8 10 8 10 2 10 10 8 10 8 10 10 10
left_child=1 2 11 5 -3 -4 13 18 9 -9 -5 23 -13 14 15 -2 17 -15 -8 -10 -18 -20 -16 -1
right_child=6 4 3 10 -6 -7 7 8 19 -11 -12 12 -14 16 22 -17 20 -19 21 -21 -22 -23 -24 -25
leaf_value=-0.00084796249217277211 0.00055657428689481986 -0.01509097009950466 0.00022246257838350926 0.0011818658862811817 0.00053321350454345535 0.0086798541594516106 0.0081581334382011695 -0.0048648780598006388 0.0022191132516493745 0.0011997402249069951 -0.0063530486090756016 -0.0013445139387302091 0.00092203991161282325 -0.00035375940426461304 0.00015718793096598124 0.0025041032388424278 0.0037233540610123682 0.0010613398375782116 -0.00093645925201826807 -0.0050804334466816861 0.00070688417706257333 0.0017538321283610291 -0.0028739007725071186 -0.0051849820561677643
leaf_weight=10105 6746 213 458 10410 214 1134 245 1923 796 419 214 3441 16357 74509 8914 2976 632 6627 3371 203 5564 1064 1339 270
leaf_count=10105 6746 213 458 10410 214 1134 245 1923 796 419 214 3441 16357 74509 8914 2976 632 6627 3371 203 5564 1064 1339 270
internal_value=8.08119e-06 0.000378308 0.000442038 0.00150266 -0.00592991 0.00534714 -0.000129352 -0.00150312 -0.0035003 -0.00532565 0.000925929 1.25273e-05 0.000476691 -2.66336e-05 0.000655687 0.00154253 -0.000182726 -0.00029232 -7.64794e-05 0.000778 0.0012519 -0.00043688 -0.000185098 -0.000872976
internal_weight=158144 42816 42389 12216 427 1592 115328 8021 3341 2342 10624 30173 19798 107307 19975 9722 87332 81136 4680 999 6196 4435 10253 10375
internal_count=158144 42816 42389 12216 427 1592 115328 8021 3341 2342 10624 30173 19798 107307 19975 9722 87332 81136 4680 999 6196 4435 10253 10375
is_linear=0
shrinkage=0.02


Tree=65
num_leaves=26
num_cat=0
split_feature=70 43 45 7 46 59 43 4 46 8 10 44 22 4 44 24 44 42 51 36 57 43 52 52 42
split_gain=23.9878 36.1859 20.0558 45.7324 50.7876 55.3839 36.1193 33.7118 52.4693 45.8911 37.9404 32.4141 31.3386 24.8483 35.1555 18.8779 18.6911 16.0466 29.7924 14.1395 13.8748 12.1236 12.0181 11.0228 6.93157
threshold=-1.2417227077992512 0.0050476058442934244 0.0044354796085307137 0.0061236507682135557 0.003497803715419317 0.23036890645586303 0.021056220429579223 -0.065904585637425281 0.036016059464893356 0.016246760485905048 1.6120867833018566 0.077141766390349323 -0.15392397281956513 -0.069686082245532729 0.035014286716079875 -1.5286236543590837 0.07353699575509888 0.012244962407444772 0.33718699867475771 0.024728117094770793 0.60769974170957075 -0.018678049831782725 0.7540071584189233 0.79684342091266902 0.013921494165442751
decision_type=8 10 8 10 10 10 10 8 10 8 10 10 8 8 10 10 10 10 2 10 8 10 2 2 10
left_child=1 17 3 4 5 -2 -6 10 12 -10 15 -12 -9 23 -15 -4 22 18 20 -18 -1 -20 24 -5 -3
right_child=2 16 7 13 6 -7 -8 8 9 -11 11 -13 -14 14 -16 -17 19 -19 21 -21 -22 -23 -24 -25 -26
leaf_value=-0.007305687391276453 -0.0060392849758088485 -0.0018169468531194883 -0.0020421709342340584 -0.0025572110940461222 0.00014670879255919111 0.00058784624789858452 0.0018711964544186391 -0.0034784357179757325 -0.0076490791525226113 -0.0010924664788676181 0.0051974392797525647 -0.0044750251423518982 -0.00015249242250076476 0.0034755836914710826 -0.00053261764250475479 0.00044049060973296315 -0.00013142929891357173 -0.0076172881654436812 0.0028396041258794604 0.0042168474907049057 -0.0040102080129500286 -0.0017846705205657623 -0.0027181332936303789 -0.0079737411780690156 0.0011726749664729679
leaf_weight=220 445 301 713 1717 5925 793 9917 829 330 544 2336 308 101949 1332 8162 19832 225 218 209 236 227 245 207 328 385
leaf_count=220 445 301 713 1717 5925 793 9917 829 330 544 2336 308 101949 1332 8162 19832 225 218 209 236 227 245 207 328 385
internal_value=-9.73825e-06 -0.00196362 2.1343e-05 0.000499581 0.00115672 -0.00274253 0.00146172 -8.65486e-05 -0.000240784 -0.00511771 0.00060276 0.00285747 -0.000199243 -0.000472964 -4.19168e-05 0.000312372 0.000234686 -0.00462321 -0.00343459 0.00350216 -0.00709375 0.000171429 -0.0014519 -0.00247214 -0.000171761
internal_weight=157933 2473 155460 28619 17080 1238 15842 126841 103652 874 23189 2644 102778 11539 9494 20545 1354 1119 901 461 447 454 893 2045 686
internal_count=157933 2473 155460 28619 17080 1238 15842 126841 103652 874 23189 2644 102778 11539 9494 20545 1354 1119 901 461 447 454 893 2045 686
is_linear=0
shrinkage=0.02


Tree=66
num_leaves=23
num_cat=0
split_feature=70 43 57 44 52 46 48 53 21 44 9 36 57 6 44 41 67 34 42 26 58 57
split_gain=23.2305 37.0118 23.2611 43.6937 73.1104 58.654 35.6594 31.6025 29.4589 33.1695 27.0588 21.0223 20.6943 18.8195 17.5731 16.2111 15.3742 15.3563 14.8257 13.1164 11.8663 8.83228
threshold=-1.2417227077992512 0.0064453929227689119 0.79695973667084818 0.00083595413199644153 0.61652236652236658 0.020108717395592213 -0.02754401283897356 0.012777454774730929 0.1081630057790053 0.09349472919888703 1.2939503818415758 -0.16411854808749929 0.1760937927262784 0.070717915228013475 0.048801836542329731 0.014571869177370968 0.82140958638967576 0.00068875756203091694 0.0065143588825852259 0.89411093752757576 0.021715552202206927 0.44352323593343251
decision_type=8 10 10 10 2 10 10 10 10 10 10 8 8 10 8 10 10 10 8 10 10 8
left_child=1 16 8 4 7 6 -5 -4 13 11 -6 -10 -11 18 15 -3 20 19 -2 -16 21 -1
right_child=2 14 3 5 10 -7 -8 -9 9 12 -12 -13 -14 -15 17 -17 -18 -19 -20 -21 -22 -23
leaf_value=-0.0029092800740335464 -0.00023228487110303245 0.000578124730359766 -0.0035497351616703842 0.0026473075522543566 -0.0056790778825913666 0.011588354456032195 0.00048293781928089959 0.0005270106230759029 0.011054840004031913 -0.015268957011620357 0.00085024310575744391 -0.001102408596763459 -0.0034011951339668178 0.0089688991186376854 -0.0017806079160570987 -0.003046096471854387 -0.0062042878889966378 0.0028038823037137717 0.00016162309091789437 0.0028543479895852086 -0.0051139984024415356 0.00036175856954019203
leaf_weight=267 56461 362 579 3841 796 231 19844 4394 218 208 204 3566 514 324 227 261 314 302 64166 200 241 367
leaf_count=267 56461 362 579 3841 796 231 19844 4394 218 208 204 3566 514 324 227 261 314 302 64166 200 241 367
internal_value=1.68347e-05 -0.00187962 4.78799e-05 0.000549281 -0.000980583 0.000931471 0.000833319 1.16606e-05 -7.15618e-05 -0.0016592 -0.00591209 -0.000908322 -0.00558506 -1.23851e-05 0.000382853 -0.00208013 -0.0044521 0.00249041 -2.53507e-05 4.20561e-05 -0.00307991 -0.00163465
internal_weight=157887 2541 155346 29889 5973 23916 23685 4973 125457 4506 1000 3784 722 120951 1352 623 1189 729 120627 427 875 634
internal_count=157887 2541 155346 29889 5973 23916 23685 4973 125457 4506 1000 3784 722 120951 1352 623 1189 729 120627 427 875 634
is_linear=0
shrinkage=0.02


Tree=67
num_leaves=19
num_cat=0
split_feature=19 50 17 46 38 6 15 53 0 45 50 46 34 6 36 10 78 16
split_gain=26.2679 42.3583 22.7699 28.2547 24.8732 25.3381 22.5241 21.8148 18.5454 21.4047 18.1857 17.0714 16.6446 16.418 16.3017 16.0599 11.8934 10.0663
threshold=1.8728649923026182 0.081409106839240533 -2.0499401959307448 0.0067549900937260024 1.6292706313043768 0.070717915228013475 -0.075574098737775472 0.011715771867990327 0.0074798046103483626 0.011930572666758116 0.055229490138811184 0.0044017307705454213 -8.3744427911777711e-05 0.014749482163979777 -0.24775667330966863 0.8800813896722004 -0.0091599234811358329 0.077584176301046318
decision_type=8 10 2 10 10 10 10 8 10 10 10 10 8 8 10 10 10 10
left_child=2 7 3 -1 5 12 -6 11 9 -9 -7 17 -4 -5 -10 -15 -13 -2
right_child=1 -3 4 13 6 10 -8 8 14 -11 -12 16 -14 15 -16 -17 -18 -19
leaf_value=-0.0033270331402386194 0.0032683589165188598 -0.0067081417873627236 0.00069411237816833257 0.005740359823111856 0.00060492299304516924 0.0029716863416508767 -0.0048223436777137278 -0.0012546187739469988 0.0024387007970213029 -0.0056147300351674758 0.012363602948740693 0.0015414551642955075 -2.4243941155536576e-05 -0.0020572341662686714 -0.00045941874000708676 0.0036486695248976442 -0.0018441099559979748 0.00030412248916205102
leaf_weight=338 516 289 14481 269 225 270 318 5253 572 382 212 707 123828 309 8427 937 599 244
leaf_count=338 516 289 14481 269 225 270 318 5253 572 382 212 707 123828 309 8427 937 599 244
internal_value=-1.61718e-05 -0.000759152 7.32215e-05 0.00227508 4.39086e-05 6.06519e-05 -0.00422426 -0.000627388 -0.000899078 -0.00179879 0.00463354 0.0012956 4.46678e-05 0.00344195 -0.000335333 0.00246832 -9.02831e-05 0.00367674
internal_weight=158176 16989 141187 1853 139334 138791 543 16700 14634 5635 482 2066 138309 1515 8999 1246 1306 760
internal_count=158176 16989 141187 1853 139334 138791 543 16700 14634 5635 482 2066 138309 1515 8999 1246 1306 760
is_linear=0
shrinkage=0.02


Tree=68
num_leaves=24
num_cat=0
split_feature=33 44 7 45 53 43 54 74 18 9 49 53 48 43 53 15 4 57 27 48 21 59 59
split_gain=26.9342 28.2263 28.0126 24.9019 33.191 20.9831 21.8547 20.5068 20.1754 21.7517 29.7503 29.0467 25.6534 18.8531 18.1878 54.1307 19.0099 17.864 17.5068 15.9715 10.0601 11.7084 4.28041
threshold=0.14734579120385247 0.05207707518073413 0.021267191871035825 0.0074529989177442605 0.014492460409492451 0.067346497821808363 0.42626538864392111 1.078222815242313 84.899722743708111 -0.26552305515814395 0.0035127625494796315 0.013131585799563675 -0.0073846617464048405 0.023922112248668363 0.010989559495124484 -0.014742287334943259 -0.078221115801650851 0.44766867423298656 -0.0010983185957056938 -0.044254816765249387 0.020137346735766285 0.14636660799597689 0.84348709791445753
decision_type=8 8 10 10 10 10 8 10 10 10 10 10 8 10 10 10 8 10 10 8 10 8 8
left_child=8 2 3 18 -5 6 13 -8 9 10 11 -1 -12 -3 15 -11 -16 -7 -2 -10 -21 -22 -4
right_child=1 5 22 4 -6 17 7 -9 19 14 12 -13 -14 -15 16 -17 -18 -19 -20 20 21 -23 -24
leaf_value=-0.0065722731090097544 0.00045720874300079892 0.0032551891895401205 0.00072517285868445877 -0.0057465649498264293 -0.0018833225487253885 -0.00038250138847667356 -0.0015916401264717051 0.0020824530963769808 -0.0034804689722107642 -0.0021963379165790336 0.0062703567066880427 0.0021498590905510823 0.001449812706181135 -0.00016362608666266489 0.00049911813514419857 0.0017297585566294594 -0.00016027234353664606 0.004965346513585954 -0.0021081421907091728 0.0032669549114665276 -0.0019992135720020101 0.0016093569438247516 0.0076521665599502912
leaf_weight=267 1856 837 218 781 2719 228 4021 699 232 1609 512 350 2414 1391 20586 4602 110686 350 1282 389 256 1848 225
leaf_count=267 1856 837 218 781 2719 228 4021 699 232 1609 512 350 2414 1391 20586 4602 110686 350 1282 389 256 1848 225
internal_value=-3.45923e-05 -0.00085282 -0.00175911 -0.00208435 -0.00324422 0 -0.000304792 -0.00107562 4.85419e-05 1.55857e-05 0.00156264 -0.00242395 0.00240451 0.00132705 -2.42792e-05 0.00103316 -7.43336e-05 0.00365803 -0.000789423 0.00175275 0.00222053 0.00167126 0.0031036
internal_weight=158358 14607 7081 6638 3500 7526 6948 4720 143751 141026 3543 617 2926 2228 137483 6211 131272 578 3138 2725 2493 2104 443
internal_count=158358 14607 7081 6638 3500 7526 6948 4720 143751 141026 3543 617 2926 2228 137483 6211 131272 578 3138 2725 2493 2104 443
is_linear=0
shrinkage=0.02


Tree=69
num_leaves=26
num_cat=0
split_feature=23 53 53 52 52 52 57 52 71 78 57 31 9 69 49 46 53 20 7 33 72 6 46 78 77
split_gain=25.7806 39.5948 36.1114 30.87 48.478 43.8154 25.3392 24.0924 24.7247 22.5182 21.7909 22.4396 19.8659 16.1104 15.8743 14.4934 14.0613 21.518 14.013 21.2441 10.8979 10.8343 7.95213 7.49194 7.1983
threshold=0.0090995455996218961 0.011382915358150428 0.011472534317419703 0.60896649527140501 0.56155059157242582 0.62920666445989204 0.12447695082024618 0.89779664779664792 -1.1867103467609201 2.0431398716923481 0.46751885431130719 -0.012239311187738687 -0.44381680235841231 0.4143737507000283 -0.009530642283459732 0.013561805740086799 0.011791383011281712 -0.011659058449490665 0.0068059562730219446 0.012550701835778017 -1.1128415914777741 0.0089904860777314261 0.0060683903595426351 -0.058055925948433569 -0.27648032974798148
decision_type=8 8 8 2 2 2 10 2 8 10 10 10 10 10 10 10 10 10 10 8 10 10 10 10 10
left_child=7 6 13 4 -4 -5 22 8 16 12 18 15 -10 -3 -8 -12 -1 -18 24 -20 -11 -16 -2 -13 -9
right_child=1 2 3 5 -6 -7 14 10 9 20 11 23 -14 -15 21 -17 17 -19 19 -21 -22 -23 -24 -25 -26
leaf_value=-0.0039519707267931872 -0.0037980803921532059 -0.0019301681774071793 -0.0002895120695634691 -0.0031993722326819642 0.0016315328085942083 -0.00053608520932951125 -0.0018226772860855814 0.0043846829576820005 0.002403406349972471 0.0019098545418939359 0.0033996959241627072 -0.0017323321175502771 0.0001601866282829048 -0.0049255911722312154 0.0028247226789834389 0.0076590748256334601 -0.0026755654139294584 0.00018828768068434852 0.0015172021355764149 -0.0038513236353759344 -0.0019949545382824856 0.0016657372832806034 0.00029503907857478441 0.0023917237486378645 0.00021476764324929968
leaf_weight=252 386 372 21088 2359 5162 36667 277 234 1298 294 507 211 80291 287 810 212 642 1133 417 288 1516 2809 354 216 203
leaf_count=252 386 372 21088 2359 5162 36667 277 234 1298 294 507 211 80291 287 810 212 642 1133 417 288 1516 2809 354 216 203
internal_value=-5.29295e-05 -0.000337499 -0.000463146 -0.000416042 0.000114205 -0.000772747 0.00144878 0.000176002 0.000121718 0.000174796 0.00220096 0.00414821 0.000223777 -0.00511818 0.00209341 0.00630278 -0.00206016 -0.00142905 0.00024322 -0.00149858 -0.00203092 0.00244696 -0.00194062 0.000509346 0.00305479
internal_weight=158285 70571 65935 65276 26250 39026 4636 87714 85426 83399 2288 1146 81589 659 3896 719 2027 1775 1142 705 1810 3619 740 427 437
internal_count=158285 70571 65935 65276 26250 39026 4636 87714 85426 83399 2288 1146 81589 659 3896 719 2027 1775 1142 705 1810 3619 740 427 437
is_linear=0
shrinkage=0.02


Tree=70
num_leaves=20
num_cat=0
split_feature=4 46 4 50 45 71 19 52 44 50 57 45 46 34 31 14 37 60 0
split_gain=22.1642 40.2138 44.3712 38.3155 23.8406 22.815 20.6416 44.7866 31.0895 22.071 18.5536 12.8084 32.3112 13.914 12.7565 12.6174 12.1335 6.51415 5.29095
threshold=-0.25000552441017354 0.03709626144380785 -0.062087194160452823 0.061574248510383074 0.022730855217487033 -0.13737729860375333 1.9539555212719026 0.95673634530628282 0.064480487896289365 0.11198429954846724 0.82027195848548928 0.018438701294419196 0.011667000111237062 0.050169393540522238 -0.085708106007574322 -0.25424008393302394 0.20006362094461327 0.71835397914624377 -0.011843049657133618
decision_type=8 10 10 10 10 8 10 2 8 10 10 10 8 10 10 10 10 10 10
left_child=3 6 5 11 -4 16 9 8 -8 10 -2 12 15 14 -13 -1 -3 -14 -15
right_child=1 2 4 -5 -6 -7 7 -9 -10 -11 -12 13 17 18 -16 -17 -18 -19 -20
leaf_value=0.0027907798484745473 -4.4078137937321898e-05 -0.0032186018955433536 -0.0082601742047224685 0.011136231479717163 -0.0012556455398537913 0.0024840901369689371 -0.001059777273483529 -0.0068002677583473272 0.00071057650143724576 0.0057892577648663516 0.00055363227472309678 0.0020361641422113625 0.0051604214334889402 0.0055042372244651742 -0.0025603430733703416 -0.004341799815609183 0.00067918544154919544 0.0093219992408473049 0.00057143777007639582
leaf_weight=559 117144 369 398 211 270 393 7812 316 4622 216 23204 204 251 245 666 308 217 354 218
leaf_count=559 117144 369 398 211 270 393 7812 316 4622 216 23204 204 251 245 666 308 217 354 218
internal_value=-1.37994e-06 -3.44472e-05 -0.00314199 0.00169639 -0.00711211 -0.000426531 -1.03056e-06 -0.000771547 -0.000582067 6.88507e-05 5.89815e-05 0.00107555 0.00236117 -0.000343328 -0.00183467 -0.000112903 -0.00292675 0.00590429 0.00245259
internal_weight=157977 154961 1647 3016 668 979 153314 12750 12434 140564 140348 2805 1472 1333 870 867 586 605 463
internal_count=157977 154961 1647 3016 668 979 153314 12750 12434 140564 140348 2805 1472 1333 870 867 586 605 463
is_linear=0
shrinkage=0.02


Tree=71
num_leaves=14
num_cat=0
split_feature=38 15 4 50 53 14 59 4 34 45 45 65 45
split_gain=23.6596 24.9183 24.6959 38.6517 26.7569 45.9051 65.8076 41.7862 19.254 18.123 14.3201 12.7659 17.1272
threshold=1.6292706313043768 -0.068755711167311759 -0.25000552441017354 0.061574248510383074 0.020765563179641202 -0.28372556486100187 0.54794554015636121 0.075441863540086876 -0.0001131951693813336 0.0044010251167310123 0.010037095526989189 0.0085745007398149112 0.018619044111080962
decision_type=10 10 8 10 10 8 8 10 8 8 10 10 10
left_child=2 -2 3 11 8 7 -7 -6 10 -10 -4 -1 -13
right_child=1 -3 4 -5 5 6 -8 -9 9 -11 -12 12 -14
leaf_value=-0.0028495289371426886 0.00028297173240219664 -0.0052214453439804976 0.00032912818152709911 0.01093695432278746 -0.00094243979450836176 -0.0017658797614877554 0.0016121975949762344 -0.016752420728316422 0.00040454796774696769 -0.00014835375554182913 0.001830147993085284 0.0043976303046852202 -0.0002577349854322225
leaf_weight=307 292 319 8273 219 204 4795 2807 211 25641 109297 3357 1206 1063
leaf_count=307 292 319 8273 219 204 4795 2807 211 25641 109297 3357 1206 1063
internal_value=-2.61912e-05 -0.00395098 -1.09162e-05 0.00185193 -4.46224e-05 -0.00116962 -0.000815205 -0.00763942 1.69067e-05 -5.03783e-05 0.000797696 0.00116337 0.00168194
internal_weight=157991 611 157380 2795 154585 8017 7602 415 146568 134938 11630 2576 2269
internal_count=157991 611 157380 2795 154585 8017 7602 415 146568 134938 11630 2576 2269
is_linear=0
shrinkage=0.02


Tree=72
num_leaves=21
num_cat=0
split_feature=17 46 53 56 5 44 14 4 48 14 8 57 57 44 44 53 56 53 5 14
split_gain=22.6453 27.9158 17.7667 51.9405 37.6484 103.878 36.4164 26.425 43.7764 21.0797 16.6519 22.0676 16.3724 44.729 54.8249 40.3906 40.5438 20.3977 11.8763 11.1532
threshold=-2.0499401959307448 0.0067549900937260024 0.020765563179641202 0.16020828394053549 0.01722820403918723 0.10934263826463465 -0.28372556486100187 -0.2070200002694392 -0.15381370080476323 -0.14812161585455283 0.0085454828305892069 0.38366063406494683 0.81643519151379296 -0.097151723298657608 -0.031313881838822215 0.020587867958909118 0.52029053339573916 0.010900370658205363 0.024322458892172837 0.060111165972153276
decision_type=2 10 10 10 10 10 8 10 10 10 8 10 10 10 10 10 10 8 10 10
left_child=1 -1 12 7 5 -5 -6 8 -4 -9 19 -12 15 -14 -15 17 -17 -2 -13 -3
right_child=2 10 3 4 6 -7 -8 9 -10 -11 11 18 13 14 -16 16 -18 -19 -20 -21
leaf_value=-0.0031471331939784764 0.0010090456463137821 0.0048245833063662773 -0.00070062717891171639 -0.0052337278579858279 -0.0058067686253891505 0.0060415341692550738 -0.0004185805385484452 -0.0042285665681149895 0.0090183265176232204 0.0022090422234395486 -0.0020254269403422571 0.0011058023690885233 -0.0062605746022152001 0.0035988211118163659 0.00031814585283024299 0.0061911059175837639 -0.00079231096607521869 -0.00012913018297638606 0.0069549573919402167 0.0027308695080298117
leaf_weight=325 4879 253 426 873 583 275 6472 202 566 384 317 276 283 1863 23023 402 248 116111 413 290
leaf_count=325 4879 253 426 873 583 275 6472 202 566 384 317 276 283 1863 23023 402 248 116111 413 290
internal_value=1.13464e-05 0.00219627 -1.48029e-05 -0.000840114 -0.00147952 -0.00483725 -0.000932256 0.00248132 0.00446928 -0.000882453 0.00331484 0.0017855 4.01744e-05 0.000504489 0.000594608 -5.58858e-05 0.00491244 -8.26342e-05 0.0037942 0.00613603
internal_weight=158464 1874 156590 9781 8203 1148 7055 1578 992 586 1549 1006 146809 25169 24886 121640 650 120990 689 543
internal_count=158464 1874 156590 9781 8203 1148 7055 1578 992 586 1549 1006 146809 25169 24886 121640 650 120990 689 543
is_linear=0
shrinkage=0.02


Tree=73
num_leaves=25
num_cat=0
split_feature=13 50 41 45 59 9 43 41 43 69 41 44 41 44 45 45 44 30 59 54 36 75 9 60
split_gain=18.7765 35.2654 24.2588 47.1501 97.954 71.7764 70.301 44.7924 43.1463 23.2579 78.7988 50.2723 44.2742 37.1452 32.7519 20.2008 25.2168 17.6049 15.1552 10.3568 16.2271 8.9104 8.41558 7.66658
threshold=-0.23336220962815138 0.071921925095346353 0.028528501236542162 0.013277514541601062 0.55566824430921813 0.87978401844278187 0.0076816179409272553 0.088523865011893035 0.0076816179409272553 0.073917795364508904 0.026653010398889235 0.21061464899071672 0.026653010398889235 0.00083595413199644153 0.0081079476835169816 0.018438701294419196 -0.047785137046568109 0.63167577598609548 0.84722095339021763 0.79494434148730142 -0.19008092172435073 -1.3847271365444154 0.92829732153889555 0.67087280736671728
decision_type=8 10 10 10 8 8 10 10 10 10 10 10 10 10 10 10 10 10 8 10 10 10 10 10
left_child=1 15 9 5 7 6 -4 -5 -7 10 13 12 -11 -2 -12 16 21 -18 -6 23 -21 -1 -13 -17
right_child=2 -3 3 4 18 8 -8 -9 -10 11 14 22 -14 -15 -16 19 17 -19 -20 20 -22 -23 -24 -25
leaf_value=0.0085970521277387163 0.00056752779043830613 0.0087820819469644137 -0.0028242016563161301 -0.004552708495276561 9.5547694801789547e-05 0.001680703183017186 0.003898597612561676 0.0010381718170827611 -0.0024763369584524307 0.00035246214903285675 0.0012616015635978572 0.0067400715971089433 -0.003481546533048547 -0.00039699427983270227 0.0061469082097148154 -0.00029481468206364527 0.0078002595510570849 -0.0015427665462431485 0.0063767136328602208 0.0064967126386253635 -0.001105152433493064 0.0026374713770147998 0.0028890475381529615 -0.0037470301983084748
leaf_weight=473 17364 241 681 1655 836 1135 2244 342 3110 58179 701 281 1145 65383 877 282 360 738 320 205 666 302 211 351
leaf_count=473 17364 241 681 1655 836 1135 2244 342 3110 58179 701 281 1145 65383 877 282 360 738 320 205 666 302 211 351
internal_value=3.43997e-05 0.00145841 1.02289e-06 -0.00093549 -0.00297337 -3.87673e-05 0.00237116 -0.00565465 -0.00169995 6.81134e-05 -0.000145839 0.000369761 0.000316865 -0.000230314 0.00427992 0.000928952 0.00231483 0.000362147 0.00165774 -0.000796013 0.000616972 0.00507474 0.00673022 -0.00274132
internal_weight=158082 3618 154464 10323 3153 7170 2925 1997 4245 144141 84325 59816 59324 82747 1578 3377 1873 1098 1156 1504 871 775 492 633
internal_count=158082 3618 154464 10323 3153 7170 2925 1997 4245 144141 84325 59816 59324 82747 1578 3377 1873 1098 1156 1504 871 775 492 633
is_linear=0
shrinkage=0.02


Tree=74
num_leaves=20
num_cat=0
split_feature=32 46 7 14 6 41 44 6 44 42 6 72 78 70 38 57 31 2 23
split_gain=25.6827 37.5949 62.3072 27.4495 24.1127 69.1127 35.8037 30.1922 32.5895 29.172 26.6342 20.2144 13.5482 13.6526 12.7619 12.2026 12.1333 11.2423 7.45202
threshold=-0.22414548643421614 0.036016059464893356 0.012798435258363265 -0.3910626287351241 0.019910709692244181 0.047384893400697077 -0.12918327945539967 0.049269489246735625 0.17681011950591644 0.01729465817500642 0.017012480977500719 0.36230146915816869 1.1882193536075252 1.1214016497662718 0.78974514699402976 0.66305521645224907 -0.047278922835708719 0.081433468276676427 0.045328851853028936
decision_type=8 10 8 10 10 10 8 10 8 10 8 8 10 10 10 10 10 10 10
left_child=3 4 16 14 5 6 -2 9 -9 -6 -7 17 13 15 -1 -5 -3 -4 -15
right_child=1 2 11 12 7 10 -8 8 -10 -11 -12 -13 -14 18 -16 -17 -18 -19 -20
leaf_value=0.012544466345943606 -0.0042980014384443226 -0.0035768442774002152 6.6957508862520727e-05 -8.3457924424479169e-05 0.0013225989250237947 -0.0054462087868098917 -9.0617271286044318e-05 -0.0017881658153722794 -0.013887017804112081 -0.00034985162926654738 -0.00090279559730181539 0.0030913022806552406 -0.002922938616237011 0.0083852627272819197 0.0058453150227335436 0.0044711744064399195 -0.0059656867703526389 -0.0046311861672829573 0.0042352765408888837
leaf_weight=241 393 253 560 1500 20496 448 120847 981 220 10080 234 203 254 201 286 216 350 237 352
leaf_count=241 393 253 560 1500 20496 448 120847 981 220 10080 234 203 254 201 286 216 350 237 352
internal_value=-2.1711e-05 -5.74232e-05 -0.00310349 0.00179548 -2.56213e-05 -0.000153523 -0.000117765 0.000465039 -0.00264393 0.000587304 -0.0064978 -3.7962e-05 0.000926307 0.00141762 0.00594318 0.000534653 -0.0081755 -0.00147619 0.00414801
internal_weight=158352 155302 1603 3050 153699 121922 121240 31777 1201 30576 682 1000 2523 2269 527 1716 603 797 553
internal_count=158352 155302 1603 3050 153699 121922 121240 31777 1201 30576 682 1000 2523 2269 527 1716 603 797 553
is_linear=0
shrinkage=0.02


Tree=75
num_leaves=25
num_cat=0
split_feature=23 38 4 14 50 50 70 44 53 53 4 53 42 71 60 37 18 42 78 38 58 35 18 23
split_gain=26.7872 23.9782 18.4265 23.9618 24.3091 23.2467 16.5911 31.8338 30.1564 16.2579 28.2922 28.141 22.71 36.9699 34.4817 22.2647 15.3917 14.8961 14.378 16.3112 13.0254 12.105 10.8122 7.28462
threshold=0.05653184541981527 1.2272302927598984 0.28999548484523258 -0.18776368615216063 0.037965003289028749 0.054178326588805954 -0.83957875746007027 -0.084893261369471937 0.014492460409492451 0.014914482382668145 -0.13589414348106352 0.020765563179641202 0.013429562678062947 -1.1638236006086762 0.092707174638487225 0.18782298453724658 82.761811038885881 -0.0090343451766453069 1.8218094720734841 1.5924390196807623 0.15828059071729961 0.017533437034650205 76.597826858717667 0.16227960499026564
decision_type=10 10 10 10 10 10 10 10 10 10 10 10 10 8 8 10 8 10 10 10 10 10 10 10
left_child=2 6 9 -4 17 -6 7 -2 -9 12 15 -12 13 -1 -14 -11 18 -5 19 -3 -8 -22 -20 -18
right_child=1 16 3 4 5 -7 20 8 -10 10 11 -13 14 -15 -16 -17 23 -19 22 -21 21 -23 -24 -25
leaf_value=-0.0023105338092952606 -0.0059231242525699737 0.0013006972880742424 -0.0060828607802677426 0.0039981566519877373 0.0062450007097388906 -0.00083727106673291054 0.0024847078637437103 -0.0037217051052486111 0.0006303740266500505 0.00017292047595308696 -0.00023274229326958332 -0.0016254318301228096 0.0027986589669293459 5.731911026211324e-05 0.00040975761282928429 0.002976745980051535 0.0040263451599959659 -0.001120009697689545 -0.00084838397627935973 -0.0020660673726677968 -0.0045040783657577747 -0.0007085572777693563 -0.0046996931267897293 0.0015007196064896662
leaf_weight=1352 313 3104 208 288 952 272 346 864 1037 4647 36681 3921 2496 53883 24788 1930 383 955 1001 255 580 17466 235 224
leaf_count=1352 313 3104 208 288 952 272 346 864 1037 4647 36681 3921 2496 53883 24788 1930 383 955 1001 255 580 17466 235 224
internal_value=-3.19758e-05 -0.000621411 8.29317e-05 0.00172571 0.00227634 0.00427592 -0.000927743 -0.00256343 -0.00158675 4.90212e-05 -0.000247096 -0.000444253 0.000218347 -1.48092e-05 0.000690416 0.000969596 0.000591582 0.000303859 0.000195387 0.000874405 -0.000730604 -0.000804455 -0.00164753 0.00358224
internal_weight=158181 25808 132373 2675 2467 1224 20606 2214 1901 129698 47179 40602 82519 55235 27284 6577 5202 1243 4595 3359 18392 18046 1236 607
internal_count=158181 25808 132373 2675 2467 1224 20606 2214 1901 129698 47179 40602 82519 55235 27284 6577 5202 1243 4595 3359 18392 18046 1236 607
is_linear=0
shrinkage=0.02


Tree=76
num_leaves=20
num_cat=0
split_feature=70 51 32 44 14 21 44 36 43 18 15 41 27 48 48 45 43 10 41
split_gain=23.9002 28.0468 19.7316 35.0959 46.6533 20.5658 25.0299 33.1061 24.9632 19.8527 20.7874 17.6384 16.5196 14.1996 24.0626 18.5649 13.452 13.2067 12.7357
threshold=-1.2417227077992512 0.33718699867475771 0.32248816140126663 0.10184831294004694 -0.22074147548304754 0.066500649826442118 0.08892282737866998 -0.2125594068656862 0.016991671799924449 72.158944120338518 0.021301355221504451 -0.008034953065074733 -0.055563571757854695 -0.080661721708004772 -0.041649383221665996 0.010037095526989189 0.041735551663314337 0.52142046645975115 -0.0077898402991778961
decision_type=8 2 10 10 10 10 8 8 10 10 10 10 10 10 10 10 10 8 10
left_child=1 17 5 16 -5 9 7 -7 -8 11 -11 -2 -6 -3 -15 -16 18 -1 -4
right_child=2 13 3 4 12 6 8 -9 -10 10 -12 -13 -14 14 15 -17 -18 -19 -20
leaf_value=-0.0062748833890213882 0.00038739261985239139 -0.0026499954930456859 -0.0040992162014599374 -0.0071181841378222498 0.011006608478121753 0.012208723363922187 0.00064551708857780283 -0.0003495363245529512 -0.0035948948968100433 0.0025090235557911423 0.00043774505853925284 -9.9003584582548764e-05 0.0046020905171634515 0.0046347241793784338 -1.3606472789911526e-05 -0.0049105970923798339 -0.0092876048258805494 -0.00290660179793371 0.0027913294454109802
leaf_weight=268 28869 334 296 201 375 232 789 16632 2207 1140 11561 91754 602 259 1148 279 201 213 737
leaf_count=268 28869 334 296 201 375 232 789 16632 2207 1140 11561 91754 602 259 1148 279 201 213 737
internal_value=1.35233e-05 -0.00192566 4.47181e-05 0.0018392 0.00430704 1.64376e-05 -0.000583959 -0.000284495 -0.00226827 0.000105892 0.000857975 2.66779e-05 0.00611247 -0.000889659 -0.000141079 -0.00116106 -0.000516599 -0.00626141 0.000404255
internal_weight=158097 2501 155596 2412 1178 153184 19860 16864 2996 133324 12701 120623 977 2020 1686 1427 1234 481 1033
internal_count=158097 2501 155596 2412 1178 153184 19860 16864 2996 133324 12701 120623 977 2020 1686 1427 1234 481 1033
is_linear=0
shrinkage=0.02


Tree=77
num_leaves=22
num_cat=0
split_feature=32 21 18 46 42 59 53 54 54 52 5 57 46 46 45 42 57 76 52 32 68
split_gain=25.4478 21.0908 28.5345 24.5711 29.4869 26.3375 40.2872 32.3002 21.2126 20.5254 22.6927 19.7614 22.8486 31.7779 23.9025 19.4522 14.7474 10.9373 9.33259 5.22963 4.9802
threshold=0.32248816140126663 0.025427861892701745 82.155759998448886 0.0071743218066912407 0.044644858356760693 0.62286309175920518 0.012460362432767066 0.49481782294616333 0.52376253655580474 0.87837381916329293 0.016317998113349639 0.15231194475352799 0.0098035601031225307 0.0093621645543221794 0.0094090381837638199 0.083847787097674056 0.63936092659757049 -0.11862481527949705 0.81438325761136365 0.40615042154878728 0.3273733826483059
decision_type=10 8 10 8 10 10 8 10 10 2 10 10 10 10 10 10 10 8 2 10 10
left_child=1 2 9 4 8 6 -5 -7 -3 15 -11 -2 13 14 -13 -1 17 -4 19 -14 -18
right_child=11 3 16 5 -6 7 -8 -9 -10 10 -12 12 18 -15 -16 -17 20 -19 -20 -21 -22
leaf_value=6.4906564056640376e-05 -0.0064696726258797648 -0.00012926117056948752 -0.0010447597287427965 -0.0029559082000399097 0.0044442719983477756 -0.0021840044646706407 -0.00078236301046478703 0.00069948988874946473 0.0019134114215139306 0.0020059609555222856 -0.00095812737186190728 0.0010811781571028307 0.0014280933488203629 -0.0094526504914983194 0.011787111482983531 -0.0022713337490201878 0.0044651588846204519 0.0037254137675044141 0.0088389538640915328 0.0057807283747219867 0.0027949345128846247
leaf_weight=98281 255 17046 395 1609 393 2695 18768 9142 1896 3032 1117 751 324 201 214 705 206 284 326 330 222
leaf_count=98281 255 17046 395 1609 393 2695 18768 9142 1896 3032 1117 751 324 201 214 705 206 284 326 330 222
internal_value=1.2883e-05 -1.86017e-05 0.000145027 -0.000349525 0.000214005 -0.000687816 -0.00112366 6.23416e-05 0.000101251 0.000110708 0.00148867 0.00205579 0.00268188 0.000786632 0.00229607 5.2916e-05 0.00333755 0.00149706 0.0049317 0.00353893 0.00624242
internal_weight=158192 155791 104242 51549 19335 32214 20377 11837 18942 103135 4149 2401 2146 1166 965 98986 1107 679 980 654 428
internal_count=158192 155791 104242 51549 19335 32214 20377 11837 18942 103135 4149 2401 2146 1166 965 98986 1107 679 980 654 428
is_linear=0
shrinkage=0.02


Tree=78
num_leaves=25
num_cat=0
split_feature=33 44 41 18 70 44 46 6 59 54 54 10 28 44 5 69 44 52 20 60 44 17 6 43
split_gain=29.4843 28.9883 31.914 23.8569 22.7304 21.7207 20.1042 44.329 19.4586 19.4541 33.1548 26.7857 19.1789 31.9619 52.9872 30.7071 29.0416 26.6098 18.1312 16.4949 15.6902 14.5299 12.4921 11.2994
threshold=0.14734579120385247 0.05207707518073413 0.032501961368657802 83.42153687882994 -0.69790221855111656 0.011389885697380754 0.0073759228361338037 0.011624531178325665 0.54794554015636121 0.57253979244754216 0.46905587540081789 0.55453110601859179 -0.20405704846532877 -0.12309302849888985 0.017947955895545611 -0.32661063055591116 0.12861840383644133 0.60809578262408459 0.028004738957834122 0.9445014830025098 0.039895235558165883 0.79784672108739529 0.010113325930811242 0.042826534782344002
decision_type=8 8 10 10 8 8 8 8 10 10 10 10 8 8 10 10 8 2 10 10 10 2 8 10
left_child=3 4 6 12 9 -5 21 -8 -4 10 -2 -11 16 14 -14 -15 17 -1 20 22 -7 -3 -6 -20
right_child=1 2 8 5 19 18 7 -9 -10 11 -12 -13 13 15 -16 -17 -18 -19 23 -21 -22 -23 -24 -25
leaf_value=0.00065999105218967789 -0.0029463937757302091 0.00054730231497784323 0.0079361954662439914 -0.0022512758916036963 0.00212331439045439 0.0038149635238317837 -0.0054601085005010824 -0.00046096212720527191 0.00089870781586069497 -0.0059041234635424213 0.0021228272833765079 -0.0017637593437331057 -0.0070980810455384307 -0.00033274719818113333 -0.00079119238806557579 0.00025891931500968883 -0.0059502482028527572 0.0043988041798730063 0.0013567244723345113 0.0072678756890558827 0.0013494355811893939 0.0047863177368428029 -0.0013922868537651644 -0.0034153025153712247
leaf_weight=5095 506 2305 228 349 354 731 352 4109 239 545 594 595 275 52685 1289 78079 322 2118 905 218 1331 268 4248 284
leaf_count=5095 506 2305 228 349 354 731 352 4109 239 545 594 595 275 52685 1289 78079 322 2118 905 218 1331 268 4248 284
internal_value=1.56811e-05 -0.00084178 2.3727e-05 0.00010273 -0.00176151 0.00171008 -0.000312438 -0.00112461 0.0050812 -0.00342615 -0.00152407 -0.00525679 6.1331e-05 5.42587e-06 -0.00283578 3.94448e-05 0.00104273 0.00130552 0.00221956 -0.000986932 0.00335337 0.00109479 -0.00124223 0.00025042
internal_weight=158024 14561 7501 143463 7060 3600 7034 4461 467 2240 1100 1140 139863 132328 1564 130764 7535 7213 3251 4820 2062 2573 4602 1189
internal_count=158024 14561 7501 143463 7060 3600 7034 4461 467 2240 1100 1140 139863 132328 1564 130764 7535 7213 3251 4820 2062 2573 4602 1189
is_linear=0
shrinkage=0.02


Tree=79
num_leaves=26
num_cat=0
split_feature=73 57 44 46 46 70 45 45 43 45 58 46 7 75 47 12 46 43 44 51 69 45 63 72 50
split_gain=21.3337 30.1025 50.1789 34.7663 23.4165 46.3488 45.8616 43.2406 40.7789 38.1732 36.9774 41.4428 27.0947 23.9604 22.6234 21.6007 20.7607 20.2596 26.0387 29.1855 23.3908 18.113 17.7095 12.4621 6.42536
threshold=0.06408861013966656 0.73416427221661373 0.16428337884866476 0.03709626144380785 0.0071743218066912407 -0.83957875746007027 0.0053649681271666092 0.0054444812608994688 -0.027805872081546553 0.0048573026601447722 0.64661633316104272 0.0057991106797307497 0.0064957251016097084 0.5552063078878221 -1.0000000180025095e-35 0.074057276503832328 0.0072163359251691799 0.082894945459941152 -0.089159649383810533 0.72080650082043596 -0.11580148497498662 0.0056005298291365432 0.20811765725928819 -0.28100372720462691 0.057049814090309299
decision_type=8 10 10 10 8 8 10 10 10 10 8 10 8 8 10 10 8 10 8 2 8 8 10 8 10
left_child=1 17 3 14 6 7 9 -6 -9 13 11 -8 -11 -2 -3 -12 -7 18 22 -20 24 -18 -1 -22 -19
right_child=4 2 -4 -5 5 16 10 8 -10 12 15 -13 -14 -15 -16 -17 21 20 19 -21 23 -23 -24 -25 -26
leaf_value=0.0055312897609183986 -0.0010191292862631054 0.0013684503170276364 0.0070322974183230011 -0.0047623584376522352 0.0028951101355150061 -0.0051120350560084193 -0.00090563498283232713 -3.6984204372496747e-05 -0.002841482278600916 -0.0021207606267815739 -0.0022075186836055093 0.002108832051721991 0.00033324260621070737 0.00053889577006737777 -0.00042068875201498637 0.0014594015892630719 0.00083679607391003142 -0.0031113903702223436 -0.00027113953850481696 0.00066673245308053128 -0.0012848804322891153 -0.00039254262408286184 0.00059243178025569884 0.0017954377607944539 -0.0044387477093754376
leaf_weight=829 5504 9908 317 255 389 314 1366 1692 4222 3140 2162 6059 1287 8892 3280 1820 4454 742 49167 18522 327 31794 1265 264 209
leaf_count=829 5504 9908 317 255 389 314 1366 1692 4222 3140 2162 6059 1287 8892 3280 1820 4454 742 49167 18522 327 31794 1265 264 209
internal_value=-6.32061e-05 0.000152058 0.0010085 0.000822523 -0.000313807 -0.000614426 0.000112401 -0.00219829 -0.0026235 -0.000493944 0.00111308 0.00194694 -0.00211789 5.4178e-06 0.000964288 -0.000441376 -0.000341274 -1.31509e-05 3.69426e-05 -3.09942e-05 -0.00227997 -0.000296781 0.00223294 0.000841216 -0.00422059
internal_weight=158180 85085 13760 13443 73095 42865 30230 6303 5914 18823 11407 7425 4427 14396 13188 3982 36562 71325 69783 67689 1542 36248 2094 591 951
internal_count=158180 85085 13760 13443 73095 42865 30230 6303 5914 18823 11407 7425 4427 14396 13188 3982 36562 71325 69783 67689 1542 36248 2094 591 951
is_linear=0
shrinkage=0.02


Tree=80
num_leaves=24
num_cat=0
split_feature=0 42 29 13 50 46 28 31 57 53 21 49 48 72 48 10 45 74 30 75 23 22 20
split_gain=22.5773 20.0819 20.7742 19.4749 33.2075 26.038 41.5533 32.6262 20.6746 57.4023 27.7193 18.3946 18.3903 17.3739 16.1006 12.9618 15.2072 14.5943 12.8679 10.7531 12.2849 8.69156 7.15666
threshold=-0.034281958134547423 -0.015890011651909727 -4.3929326345503297 -0.30076636353637742 0.050054279841937339 0.03709626144380785 -0.09721972326224497 -0.085708106007574322 0.71835397914624377 0.013617060081730194 0.1081630057790053 0.01917745722985387 -0.075200782978697076 0.37252804675420542 -0.12301630737048767 1.2279795602392214 0.0093198503990113476 -0.32602447263511009 0.73882739915678564 -0.78083903229555418 -0.065195784209228044 -0.15036442175443401 -0.036550719043246964
decision_type=10 8 8 8 10 10 10 10 10 10 10 10 10 8 10 10 10 8 8 10 10 10 10
left_child=1 12 21 4 19 8 13 -8 10 -10 -5 18 14 -7 22 17 -17 -14 -4 20 -2 -3 -1
right_child=3 2 11 5 -6 6 7 -9 9 -11 -12 -13 15 -15 -16 16 -18 -19 -20 -21 -22 -23 -24
leaf_value=0.0044258871920087777 0.00011694080381409622 0.0020143471190452113 -0.000825321776218492 -0.00010615640780121706 0.0092289999437989816 -0.0011484175060668318 -0.00077916936257793753 -0.0072872387819321281 -0.00051728995801322375 0.00087926274132743164 -0.0017150021015961965 0.0031032057932712971 0.0072751404809747091 0.0037709013086170509 -0.0025120859971745073 0.0037225628467253942 0.0085894888044159932 -0.0008188397721315626 -0.004953487336121983 -0.0029403681697204361 0.0072088028543367093 0.0064618962268067582 0.0010669315478904519
leaf_weight=231 632 203 1295 106908 250 834 286 368 16505 24017 3518 325 202 283 332 213 390 215 305 212 257 233 395
leaf_count=231 632 203 1295 106908 250 834 286 368 16505 24017 3518 325 202 283 332 213 390 215 305 212 257 233 395
internal_value=8.71157e-07 0.0014235 0.000176969 -3.91897e-05 0.00235059 -6.03588e-05 -0.00247065 -0.00647023 -3.20506e-05 0.000354317 -0.000173852 -0.000715472 0.00290955 -0.000123435 0.000915537 0.00477767 0.00665232 0.00205263 -0.00159775 0.00085118 0.00181798 0.00411442 0.00280383
internal_weight=158409 4339 2361 154070 1351 152719 1771 654 150948 40522 110426 1925 1978 1117 958 1020 603 417 1600 1101 889 436 626
internal_count=158409 4339 2361 154070 1351 152719 1771 654 150948 40522 110426 1925 1978 1117 958 1020 603 417 1600 1101 889 436 626
is_linear=0
shrinkage=0.02


Tree=81
num_leaves=20
num_cat=0
split_feature=57 52 42 47 47 45 44 23 5 6 32 54 5 71 54 23 63 27 4
split_gain=20.9257 32.5176 32.4958 37.1801 34.6331 46.8234 31.5662 29.8153 28.8735 24.9493 20.4613 18.739 17.7434 16.9533 20.2682 15.0938 14.0021 13.2183 9.91337
threshold=0.82027195848548928 0.88789462569950384 0.010060007137235429 -0.10882297289682062 -0.15327845528716069 0.011930572666758116 0.12547988852472428 0.10698200977574902 0.026200576963221145 0.070717915228013475 -0.24621384492139956 0.70213636342043506 0.013320309852492353 -1.2835091919272097 0.65574680014672626 -0.014038716093878354 0.77248738878385781 -0.0044594418076164257 0.1176657775348471
decision_type=10 2 10 10 10 10 10 10 10 10 8 10 10 8 10 8 10 10 10
left_child=7 2 3 8 -4 -6 -5 9 -2 13 17 12 -12 14 -1 -15 18 -9 -3
right_child=1 16 4 6 5 -7 -8 10 -10 -11 11 -13 -14 15 -16 -17 -18 -19 -20
leaf_value=-0.0021514788137506945 -0.0063206480784207229 0.0023595210570126453 0.0071345239480727655 0.00095915044589890805 -0.00010591142732411515 -0.0040172221614443423 0.0053093500463028652 0.0068087137015670988 8.8337059234639415e-05 0.0092503926874730712 -0.0040432517504715073 -0.0054219372701646449 -0.0009785158202400238 0.00018347704378243398 0.002147847014936958 -0.00022312683292752427 0.001197435651404325 -0.0020165111811038068 0.0087727819443119363
leaf_weight=1353 278 227 205 13436 9715 1282 641 321 345 341 508 340 3315 53654 206 70741 372 262 285
leaf_count=1353 278 227 205 13436 9715 1282 641 321 345 341 508 340 3315 53654 206 70741 372 262 285
internal_value=-3.30613e-05 0.000476276 0.000347373 0.000965785 -0.000463983 -0.000616294 0.00117758 -0.000137193 -0.0038109 -7.86882e-05 -0.00169328 -0.00218492 -0.00178295 -9.33508e-05 -0.00216538 -6.73494e-05 0.00424633 0.00181164 0.00638986
internal_weight=157827 26786 25902 14700 11202 10997 14077 131041 623 126295 4746 4163 3823 125954 1559 124395 884 583 512
internal_count=157827 26786 25902 14700 11202 10997 14077 131041 623 126295 4746 4163 3823 125954 1559 124395 884 583 512
is_linear=0
shrinkage=0.02


Tree=82
num_leaves=21
num_cat=0
split_feature=66 28 45 46 53 6 57 36 46 57 53 48 34 60 1 39 27 51 42 20
split_gain=18.7988 20.5468 34.5513 35.9428 33.5674 75.4528 30.6823 21.0548 17.755 17.5228 35.7973 35.5999 16.3928 16.9546 13.7256 9.21881 7.16821 4.97805 6.91638 2.84177
threshold=0.99369084475895642 -0.28321158375688088 0.017937732423117535 0.011550159182766615 0.020765563179641202 0.014693879811465435 0.86320287899235282 0.083661752876824369 0.010035229406243937 0.82027195848548928 0.020587867958909118 -0.13097370721215904 0.050169393540522238 0.68685814301680692 0.023969040872696915 0.013198301823999449 -0.11344395507063597 0.70641601197156756 0.0046040964582629859 -0.10332929644627141
decision_type=10 8 10 8 10 8 8 10 10 10 10 10 10 10 10 10 10 2 10 10
left_child=1 2 3 8 9 7 -7 -6 -1 10 -3 -11 13 -4 -5 17 -17 18 -2 -14
right_child=15 4 12 14 5 6 -8 -9 -10 11 -12 -13 19 -15 -16 16 -18 -19 -20 -21
leaf_value=0.0039449556580342391 -0.0019130155707252276 -4.4056554376755154e-05 0.00033187180432729072 0.0063267111851202018 -0.0026148401824835415 -0.0010153905591840887 0.0022297498995686037 -0.0064939864044452353 -0.0035379676218413626 -0.0053370535678203546 0.0041834264799480696 0.00061089570648290936 0.00088747463207066422 -0.0043550207650288383 0.013534392520093775 -0.002925598552447149 0.0022242554526752038 -0.0012095276508849509 -0.0046629021437205268 0.0039114068956030649
leaf_weight=669 256 120435 473 560 435 6308 1218 219 208 213 611 24473 204 503 200 200 202 259 224 335
leaf_count=669 256 120435 473 560 435 6308 1218 219 208 213 611 24473 204 503 200 200 202 259 224 335
internal_value=1.90764e-05 3.76787e-05 0.0016359 0.00364957 4.92486e-06 -0.00124166 -0.000674638 -0.00775267 0.000886105 7.49178e-05 -2.41063e-05 0.000560538 -0.000539578 -0.00208598 0.00683049 -0.00253765 -9.42928e-05 -0.00386216 -0.00506861 0.00225556
internal_weight=158205 157064 3152 1637 153912 8180 7526 654 877 145732 121046 24686 1515 976 760 1141 402 739 480 539
internal_count=158205 157064 3152 1637 153912 8180 7526 654 877 145732 121046 24686 1515 976 760 1141 402 739 480 539
is_linear=0
shrinkage=0.02


Tree=83
num_leaves=21
num_cat=0
split_feature=70 49 42 71 10 44 44 71 44 49 35 0 49 49 49 42 6 6 10 7
split_gain=23.9857 25.9296 21.4571 56.2546 40.6284 27.0848 24.0735 20.6841 18.2128 20.5924 16.6145 16.31 22.6589 20.1019 19.484 16.5787 28.748 26.2896 14.6749 13.6417
threshold=-1.2417227077992512 -0.016455705772573045 0.050075289202389912 -0.08344057328505998 0.50324770714840994 0.089624477650003045 0.027207935310843871 0.84747544472045377 0.071648716325692488 -0.0047558124873845467 0.010971858949442406 -0.030752029086140494 0.0016571662042528248 -0.025813065931175268 0.013412484318238384 0.012698999891165965 0.01628892433255413 0.020426402610824932 0.47425759060794376 0.0039744408292702454
decision_type=8 10 10 8 10 10 10 10 10 10 8 8 8 10 10 10 10 10 8 10
left_child=1 18 11 4 -4 7 -6 -5 9 -3 -10 12 13 -2 -14 17 -17 -13 -1 -11
right_child=2 8 3 5 6 -7 -8 -9 10 19 -12 15 14 -15 -16 16 -18 -19 -20 -21
leaf_value=-0.006911768525196163 0.00069558044909496326 0.0020452569348972964 -0.0068069662223480265 0.00036210304434986646 -0.0028971144157356262 -0.0048127147690805519 -0.0003605050182648123 0.0064371828091020957 -0.0016745398901676632 -0.002896986843038882 0.0029463823753446815 -0.00026479890267040994 -0.0025009883686158614 0.004533413572206108 0.0016769874871795398 0.00056198589560959623 -0.00028952104280914549 0.00067707166330603673 -0.003725882415147143 -0.00043377658704916332
leaf_weight=204 1600 285 393 1420 1137 329 1620 762 231 742 266 74457 1092 1803 842 32458 20841 16674 217 501
leaf_count=204 1600 285 393 1420 1137 329 1620 762 231 742 266 74457 1092 1803 842 32458 20841 16674 217 501
internal_value=-1.24022e-05 -0.00197711 1.85165e-05 -0.00119004 -0.00296985 0.0010422 -0.0021095 0.00184975 -0.00103554 -0.00211772 0.00228514 6.42193e-05 0.00114987 0.0021322 -0.000577778 2.40807e-05 0.000304278 -0.000139775 -0.00648815 -0.0032299
internal_weight=157874 2446 155428 5661 3150 2511 2757 2182 2025 1528 497 149767 5337 3403 1934 144430 53299 91131 421 1243
internal_count=157874 2446 155428 5661 3150 2511 2757 2182 2025 1528 497 149767 5337 3403 1934 144430 53299 91131 421 1243
is_linear=0
shrinkage=0.02


Tree=84
num_leaves=25
num_cat=0
split_feature=32 50 14 45 27 4 48 7 10 46 59 71 50 57 24 42 45 50 29 57 43 27 6 36
split_gain=29.2046 36.4341 45.1706 24.8676 60.4461 43.86 49.6121 66.1513 36.1398 34.0245 53.9437 44.7317 31.8433 23.3902 23.0346 21.5248 20.821 24.5112 17.7266 15.3847 15.3744 14.7315 14.3074 10.523
threshold=0.21128816567500777 0.037825610691816232 -0.28372556486100187 0.0044644464611294701 -0.028588101767150705 -0.060314860024324561 -0.10872575593379601 0.0091373826705969351 1.7095216451796926 0.003497803715419317 0.25051547268313634 -0.21819186992258952 -0.055131984735716004 0.54006272797373056 -1.5286236543590837 0.03108295675117401 0.0068405055056146155 0.049915350585884484 -4.3929326345503297 0.52834308313421785 0.019251009915920218 -0.015030907181670104 0.016223721607066196 -0.059158190482757063
decision_type=10 10 8 8 8 8 8 10 10 10 10 10 8 8 10 10 10 10 8 8 10 10 10 8
left_child=3 15 -3 4 13 8 7 -7 14 10 -6 -11 -8 22 -5 18 17 -4 -2 -18 -20 -10 -1 -15
right_child=1 2 16 5 9 6 12 -9 21 11 -12 -13 -14 23 -16 -17 19 -19 20 -21 -22 -23 -24 -25
leaf_value=-0.00096284368753445375 0.0049779753216654052 -0.0087669374653482519 0.0037590558646564643 -0.0021675633110604651 -0.0052993049178096515 -0.007239051168718643 0.0029220190694555486 -0.001217452231432296 0.0055107711589624754 0.0016763975869216103 0.0010335144938098451 0.00011316073776884234 -0.00032215275775395515 -0.0014413426124241313 0.00039567339601791429 -0.0076185236759901279 0.001136995851456143 -0.0029036654444367991 0.00084445072506764173 0.0067564134015369792 -0.0021726414761539092 -0.0019679832273868355 -0.0040479374733564371 0.0013961984932256994
leaf_weight=4318 376 203 927 780 493 358 1076 1478 1829 10617 992 7544 93706 682 22213 239 341 355 3115 1143 1063 304 1723 2134
leaf_count=4318 376 203 927 780 493 358 1076 1478 1829 10617 992 7544 93706 682 22213 239 341 355 3115 1143 1063 304 1723 2134
internal_value=-2.16315e-05 0.00117455 0.00291515 -8.34487e-05 0.000448288 -0.000207959 -0.000401557 -0.00365705 0.000536395 0.00106673 -0.00184253 0.00130481 -0.000338436 -0.000923233 0.00030521 9.55361e-05 0.00358439 0.00171317 0.000403513 0.00519731 2.82364e-05 0.00302624 -0.00162496 0.00058147
internal_weight=158009 7762 2969 150247 28503 121744 96618 1836 25126 19646 1485 18161 94782 8857 22993 4793 2766 1282 4554 1484 4178 2133 6041 2816
internal_count=158009 7762 2969 150247 28503 121744 96618 1836 25126 19646 1485 18161 94782 8857 22993 4793 2766 1282 4554 1484 4178 2133 6041 2816
is_linear=0
shrinkage=0.02


Tree=85
num_leaves=29
num_cat=0
split_feature=73 53 69 52 14 43 41 49 70 54 54 41 49 43 58 28 44 51 10 52 50 53 46 59 19 52 46 20
split_gain=17.3442 32.3145 24.4954 23.9492 48.3772 31.8351 25.0587 21.215 20.1926 59.4819 75.2678 40.8227 20.1767 29.9247 46.1343 29.6987 28.5351 19.5163 19.2458 19.0822 53.8267 21.8734 18.6509 15.745 14.3622 10.8697 8.47233 6.31267
threshold=0.072147989880732608 0.01121179493763527 -0.8621687752277436 0.88789462569950384 0.053905933471938179 0.052023794148548304 0.015812499295069896 -0.009530642283459732 -0.70491811372144375 0.57514222579460672 0.58470889931856196 0.020072361840640988 0.031166727179445578 0.055394913260234165 0.52807788475891937 -0.04000007776121222 -0.089159649383810533 0.81470977865236471 1.2074449686994988 0.60896649527140501 0.0074238207632112427 0.012797159158465335 0.013109921992858405 0.42507627463857883 1.7548406727879311 0.95673634530628282 0.00603620810576295 0.010907437773286123
decision_type=10 10 10 2 10 10 10 10 10 8 10 10 10 10 10 10 8 2 10 2 10 10 10 10 10 2 10 10
left_child=3 2 26 12 24 6 -6 -4 9 11 -11 -3 13 16 -15 17 -1 -14 -9 21 -21 -10 -17 -7 25 -5 27 -2
right_child=1 8 7 4 5 23 -8 18 19 10 -12 -13 15 14 -16 22 -18 -19 -20 20 -22 -23 -24 -25 -26 -27 -28 -29
leaf_value=0.0020304709565000714 -0.002205516634230078 -0.00042476402033606828 -0.002096990218014252 -0.00052439918879415462 0.0035527142144309519 0.0061870803758967219 -0.0035713770176248557 0.0027396597136473632 -0.00093215754789099296 -0.0059612247625115394 -0.0012955491581508438 0.003111090912140835 -0.0027607312285182488 0.0032762930183458227 -0.00073846917201146145 -0.0012289843788419806 2.6141949101190688e-05 0.001187757307023174 0.00036194677721318761 -0.0038998860848395347 -0.00030187460242072961 0.00055423320660108054 -0.0043986877502256647 0.0028691715848070754 -0.003008641919501212 0.0030081844675532211 0.00043519077068230938 -0.0042387019585317957
leaf_weight=2399 236 8165 320 949 292 503 215 2197 3044 1062 4154 1028 782 1850 1260 1022 74564 1956 934 1228 31279 16454 523 311 242 317 358 203
leaf_count=2399 236 8165 320 949 292 503 215 2197 3044 1062 4154 1028 782 1850 1260 1022 74564 1956 934 1228 31279 16454 523 311 242 317 358 203
internal_value=-2.74821e-05 -0.000260363 0.00143045 0.000161241 0.00197102 0.00476399 0.000822835 0.00216049 -0.000368561 -0.00103109 -0.00273682 -6.28671e-05 0.000100501 0.000172066 0.00209515 -0.00123669 9.43038e-05 1.38737e-05 0.0026622 -0.00018494 -0.000481666 0.000309657 -0.00345278 0.00721227 -0.000475812 0.000377269 -0.00172682 -0.00358636
internal_weight=157847 70662 4248 87185 2829 1321 507 3451 66414 14409 5216 9193 84356 80073 3110 4283 76963 2738 3131 52005 32507 19498 1545 814 1508 1266 797 439
internal_count=157847 70662 4248 87185 2829 1321 507 3451 66414 14409 5216 9193 84356 80073 3110 4283 76963 2738 3131 52005 32507 19498 1545 814 1508 1266 797 439
is_linear=0
shrinkage=0.02


Tree=86
num_leaves=29
num_cat=0
split_feature=23 53 7 48 42 43 27 29 32 72 45 47 23 10 54 47 18 28 54 57 0 68 57 43 51 53 18 9
split_gain=22.002 33.0579 22.7792 40.5283 54.0582 28.5813 21.6483 21.3248 21.3236 20.8446 21.0117 20.6817 24.0108 23.8206 23.8598 22.1196 18.0501 15.9109 15.8469 15.3872 14.8169 13.5433 28.2357 12.6144 11.8518 11.5128 10.4589 8.47361
threshold=0.012767305418775467 0.010900370658205363 0.015505760078654134 -0.10872575593379601 -0.089224177365008303 -0.057004896860813108 -0.13754901933271238 3.4761386093740074 0.26586613746216742 1.2755436822945372 0.0039897985847384045 -0.0094907696537580005 -0.015636215111699655 0.79738622108361368 0.63547396327747041 -0.00058231760371135744 68.590519034626013 -0.21557252363352661 0.27512857992562395 0.84761932495273606 -0.0019530284096946902 1.3975122259204493 0.43945774859728753 -0.053124800089148654 0.66350283743184602 0.01544344657314217 41.032777415923029 0.8168215767975654
decision_type=10 10 10 8 10 10 10 10 10 8 10 8 10 10 10 10 10 8 8 10 10 10 10 10 2 10 10 10
left_child=7 9 3 4 -3 -5 26 8 16 10 27 13 15 14 -9 -13 17 -1 -14 -18 -12 22 -10 -8 -23 -15 -4 -2
right_child=1 2 6 5 -6 -7 23 11 21 -11 20 12 18 25 -16 -17 19 -19 -20 -21 -22 24 -24 -25 -26 -27 -28 -29
leaf_value=0.0010944033954571426 -0.0032141172317507218 0.00564025047642123 -6.9996160010206147e-05 0.0021766134255184434 -0.0042757981894285492 -0.00040656526495602826 -0.00089305687080586224 -0.00043043841418566667 -0.0024936398735325906 -0.0051263374382406746 0.00076326743924152811 0.0053696978201702586 -0.0058196512785654705 -0.001802837651943223 -0.0055106067760620327 0.0024589250001776754 0.00087959455666527392 -9.4611546868972191e-05 0.0010220840538956802 0.0049772124293419864 0.0041974395887758552 0.0029092339379073583 0.0059723205780879375 0.0026556102490450763 -0.0032118548637374549 0.0023828178108170292 -0.004623677809330244 0.00071098128342260013
leaf_weight=5634 206 243 271 1302 1137 55582 569 324 310 201 514 223 203 207 255 407 3008 75195 5219 316 1054 616 753 2903 383 439 240 266
leaf_count=5634 206 243 271 1302 1137 55582 569 324 310 201 514 223 203 207 255 407 3008 75195 5219 316 1054 616 753 2903 383 439 240 266
internal_value=-2.40409e-05 -0.000308239 -0.000394197 -0.000494259 -0.0038798 -0.000412024 0.00106878 0.00017197 8.41839e-05 0.00207761 0.00268398 0.0012116 0.00169139 -0.00115661 -0.0041 0.0053851 3.49122e-05 -2.44711e-05 0.00126093 0.0014791 0.00379732 0.00209307 0.00366353 0.0016349 0.000418 0.00148068 -0.00276953 -0.00101057
internal_weight=157980 64488 62247 58264 1380 56884 3983 93492 86215 2241 2040 7277 6052 1225 579 630 84153 80829 5422 3324 1568 2062 1063 3472 999 646 511 472
internal_count=157980 64488 62247 58264 1380 56884 3983 93492 86215 2241 2040 7277 6052 1225 579 630 84153 80829 5422 3324 1568 2062 1063 3472 999 646 511 472
is_linear=0
shrinkage=0.02


Tree=87
num_leaves=31
num_cat=0
split_feature=30 45 7 46 46 59 45 49 7 49 75 10 50 54 42 6 60 37 50 10 13 48 42 16 46 26 20 46 2 75
split_gain=20.4005 41.1007 48.4604 46.5595 31.0195 27.4636 35.966 24.6361 35.8614 34.3574 29.381 25.7314 25.0188 20.5689 19.5709 26.0333 22.5144 21.1453 16.1512 42.1448 34.9874 29.2208 28.427 36.1456 20.4716 15.939 13.8589 13.8402 11.7525 10.2144
threshold=0.52358639490294479 0.0087471497494089837 0.0046806881141153696 0.0085617405860593989 0.0095598339226051088 0.543823608137045 0.013277514541601062 0.01951266924947315 0.0056982984103924475 0.017892150961876022 0.80075164855455749 0.60093609827530481 0.051908077306145224 0.49113345821086402 0.046078953100272775 0.017553436763037424 0.092707174638487225 0.027651877815529451 0.030519293698927922 0.17317571116680322 0.31403952571346222 -0.0025932231242120625 0.0072732266117424569 0.068755635998082112 0.0042285409138495206 0.9462001072906645 0.031697852902029207 0.0057736637568546563 0.036777310605035536 -0.55164264622440673
decision_type=10 10 10 10 10 8 10 10 8 10 8 10 8 8 10 8 10 10 8 8 10 10 10 10 10 10 10 8 10 10
left_child=1 7 3 25 -5 6 -4 9 10 27 -9 -11 -10 -7 18 16 -16 29 22 21 -21 -20 24 -24 -2 -3 -19 -1 -18 -17
right_child=14 2 5 4 -6 13 -8 8 12 11 -12 -13 -14 -15 15 17 28 26 19 20 -22 -23 23 -25 -26 -27 -28 -29 -30 -31
leaf_value=-0.00052989723491119877 0.0018968465457675178 -0.0036739212429235946 -0.00054302544442811913 0.0028736034923847764 -0.0030190231950555121 -0.0027556481697648561 -0.0025002019202326094 0.00090500438291159972 0.00095029706877350632 -0.0097755683735454048 0.0037093534727681539 -0.0015745932510123084 -0.002336247127764173 0.00057425774551619359 -0.0051063356830995275 0.0067773119236695049 -0.0036324256101650161 -0.00010883295785574926 0.0062398447346408295 -0.00057830435679029639 0.0040661503896375819 0.0012986726429711642 0.0010708466408643601 -0.002144822685761525 -1.9120073938602433e-05 -0.0079845740763662826 -0.0040410547373184516 0.00012014393395502033 -0.00071206614064027267 0.00051741272046099433
leaf_weight=13095 2456 346 4145 301 1004 1326 2208 5312 2211 273 1033 961 2014 5704 217 301 593 991 402 22450 836 738 20304 1133 45172 373 330 20659 951 466
leaf_count=13095 2456 346 4145 301 1004 1326 2208 5312 2211 273 1033 961 2014 5704 217 301 593 991 402 22450 836 738 20304 1133 45172 373 330 20659 951 466
internal_value=-4.40792e-05 -0.000330971 -0.00122391 -0.00410765 -0.00185145 -0.000787358 -0.00174032 -2.89295e-05 0.000817141 -0.000284604 0.00176773 -0.00356113 -0.000610033 7.36737e-05 0.000135585 -0.00126182 -0.00305221 0.000247966 0.00019315 -0.000248823 -0.000432774 0.00350394 0.000349492 0.000954287 7.72219e-05 -0.00819167 -0.00128442 -0.000164657 -0.00219935 0.00288802
internal_weight=158305 60965 15407 2024 1305 13383 6353 45558 10570 34988 6345 1234 4225 7030 97340 3849 1761 2088 93491 24426 23286 1140 69065 21437 47628 719 1321 33754 1544 767
internal_count=158305 60965 15407 2024 1305 13383 6353 45558 10570 34988 6345 1234 4225 7030 97340 3849 1761 2088 93491 24426 23286 1140 69065 21437 47628 719 1321 33754 1544 767
is_linear=0
shrinkage=0.02


Tree=88
num_leaves=27
num_cat=0
split_feature=23 53 53 18 49 48 71 70 43 44 43 8 6 53 43 41 45 41 34 54 72 25 14 68 46 69
split_gain=18.1441 28.1714 37.8611 26.5869 22.4976 19.7273 24.1132 19.1788 18.558 65.7193 26.4944 18.43 16.5503 34.7608 50.8966 34.2096 19.132 27.4363 27.0947 15.5971 14.8824 13.6946 13.5493 12.6597 7.4361 6.65845
threshold=0.012767305418775467 0.011382915358150428 0.011472534317419703 63.25405891575128 -0.009530642283459732 -0.062788494805263037 -0.36282016807326639 -0.51547911938600144 -0.027805872081546553 -0.089159649383810533 -0.00048133501582653388 0.0033124575136032242 0.020723423792448833 0.014914482382668145 0.057674958098814406 0.038584740105180433 0.017937732423117535 0.047384893400697077 0.050169393540522238 0.4011788167105112 -0.32768660071986261 0.44448390941148624 -0.10202855959957417 0.36589293570789155 0.0047097506481128615 -0.26612092103811241
decision_type=10 10 10 10 10 8 10 10 10 10 10 10 10 8 10 10 10 10 10 10 8 8 10 10 10 8
left_child=3 4 20 12 -2 6 23 21 9 -4 -10 24 13 14 -1 -15 17 -14 -18 -9 -3 -6 -13 -5 -7 -8
right_child=1 2 8 5 7 11 25 19 10 -11 -12 22 16 15 -16 -17 18 -19 -20 -21 -22 -23 -24 -25 -26 -27
leaf_value=7.5849402229256411e-05 -0.003140007029970567 -0.005332146293040102 -0.0024887108720226536 -0.0012398863901408922 0.0035856428437343606 0.0045586383627000604 -0.00080877720500418247 0.0039222325257605266 -0.0011849288750638216 0.0013591161168540514 -0.00022527738597061974 -0.00090639942516684867 0.00095765313885395767 -0.00056714037594462238 0.0044882679583535994 -0.0032647517290129075 -0.0020075533082362937 0.0086783738429045999 0.0034051344505165661 0.00024298589102804795 -0.0013383910845786403 -0.00012676437365158558 0.0011601878074358593 -0.0047657071990012106 0.0024858226778159158 0.00357646773200681
leaf_weight=44101 285 281 1396 290 735 212 206 659 10679 5999 41716 1256 13395 20347 823 814 1889 331 447 2291 338 215 8532 232 201 251
leaf_count=44101 285 281 1396 290 735 212 206 659 10679 5999 41716 1256 13395 20347 823 814 1889 331 447 2291 338 215 8532 232 201 251
internal_value=-3.45614e-05 -0.000292252 -0.000402218 0.000143773 0.00129431 0.00105876 -0.00165102 0.00169136 -0.00035119 0.000586533 -0.000483587 0.00131915 1.92092e-05 -0.000120721 0.000194057 -0.000789056 0.000595032 0.000879872 -0.00107745 0.000893934 -0.00531935 0.00416193 0.00114394 -0.00458509 0.00545411 0.00169869
internal_weight=157921 64594 60409 93327 4185 11180 979 3900 59790 7395 52395 10201 82147 66085 44924 21161 16062 13726 2336 2950 619 950 9788 522 413 457
internal_count=157921 64594 60409 93327 4185 11180 979 3900 59790 7395 52395 10201 82147 66085 44924 21161 16062 13726 2336 2950 619 950 9788 522 413 457
is_linear=0
shrinkage=0.02


Tree=89
num_leaves=16
num_cat=0
split_feature=19 52 52 44 53 53 6 42 59 32 54 51 52 44 65
split_gain=22.3609 40.5683 24.9673 20.7157 25.9562 19.7319 17.9572 20.5174 42.0015 18.2307 17.28 15.5696 14.986 12.9798 9.48317
threshold=1.9330776415161919 0.96330741207790405 0.96823770491803296 0.055703942813936098 0.010900370658205363 0.012518593118514545 0.070717915228013475 0.065690263097342952 0.51212126159070148 0.23307934719532422 0.6347130796384689 0.63443242803707933 0.27938314052796748 0.09349472919888703 0.83991786447638617
decision_type=10 2 2 8 10 10 10 10 8 10 10 2 2 8 10
left_child=2 3 6 4 14 13 7 9 -9 -1 -7 -8 -6 -5 -2
right_child=1 -3 -4 5 12 10 11 8 -10 -11 -12 -13 -14 -15 -16
leaf_value=4.999146515297426e-05 0.00058815205182464743 -0.0067035264265977602 0.0057452436388822983 0.00088159713758147239 -0.0047768666648638639 -0.00043344017247077832 -0.00055726756001065662 -0.0030023407704542837 0.0010696476418091611 0.0012997886644826456 0.0032369317823178301 0.0113563597405274 -0.0011692210759579867 0.0034968754135051095 0.0052101069880521392
leaf_weight=136670 212 252 212 725 216 4689 219 1215 1103 5375 221 302 6487 529 201
leaf_count=136670 212 252 212 725 216 4689 219 1215 1103 5375 221 302 6487 529 201
internal_value=2.39427e-05 -0.000753565 9.64734e-05 -0.000602214 -0.00133736 0.000246229 8.63996e-05 7.2996e-05 -0.00179301 0.000103474 -0.000325392 0.00378927 -0.00163753 0.00248446 0.00352174
internal_weight=158628 13532 145096 13280 7116 6164 144884 144363 2318 142045 4910 521 6703 1254 413
internal_count=158628 13532 145096 13280 7116 6164 144884 144363 2318 142045 4910 521 6703 1254 413
is_linear=0
shrinkage=0.02


Tree=90
num_leaves=22
num_cat=0
split_feature=32 44 14 6 53 6 1 53 14 44 40 33 14 60 46 37 53 51 43 38 20
split_gain=19.2268 48.4558 34.6401 27.0002 33.8109 71.849 33.0864 28.3328 51.2174 27.0425 26.0385 23.9693 21.9759 28.0434 21.7673 18.1834 13.855 12.9113 14.579 11.4186 10.2018
threshold=0.21128816567500777 0.1062109515439026 0.26892024607550097 0.060421667068357159 0.020765563179641202 0.017390494490453597 -0.12604589715496869 0.020587867958909118 0.3063774660548772 0.12426041513643817 0.0014641417964649333 1.0000000180025095e-35 -0.28372556486100187 0.90589410546671123 0.034133762393146715 0.42353638650013298 0.020587867958909118 0.83442187203341567 0.043493785374398304 0.81988442976350495 0.023482933159981737
decision_type=10 10 8 10 10 8 8 10 8 10 10 8 10 10 10 10 10 2 10 10 10
left_child=3 16 12 4 7 11 -7 9 -9 -1 19 -6 -3 -14 -5 20 17 18 -2 -4 -16
right_child=1 2 10 14 5 6 -8 8 -10 -11 -12 -13 13 -15 15 -17 -18 -19 -20 -21 -22
leaf_value=-9.4903579501596369e-07 0.00018653026597301059 -0.0058252333223926802 0.0078662589678230969 -0.0030729091436285496 -0.0012415966278872626 0.0053641021507634242 -0.00065702440824993243 0.0057229016934425923 -0.0027677195580430337 -0.0012451323582571071 0.015331179235996202 -0.0043617921202253841 0.0010733400635197512 0.010250455198257784 0.0050542434850948245 0.0087516632927829366 -0.0043711311609817899 0.0052894787629534836 -0.005356261178498402 0.0022525614611003087 -0.00206989823088415
leaf_weight=135953 3962 248 484 243 423 479 6423 452 232 4428 208 913 1455 217 265 306 217 206 456 332 201
leaf_count=135953 3962 248 484 243 423 479 6423 452 232 4428 208 913 1455 217 265 306 217 206 456 332 201
internal_value=-3.17386e-05 0.000937323 0.00296027 -8.19457e-05 -0.00010407 -0.00134944 -0.000527017 -3.13187e-05 0.00402628 -5.11319e-05 0.00592976 -0.00559312 0.00137324 0.00219845 0.00316732 0.00480983 -0.000292854 -6.01081e-05 -0.000289206 0.004306 0.00230835
internal_weight=158103 7785 2944 150318 149303 8238 6902 141065 684 140381 1024 1336 1920 1672 1015 772 4841 4624 4418 816 466
internal_count=158103 7785 2944 150318 149303 8238 6902 141065 684 140381 1024 1336 1920 1672 1015 772 4841 4624 4418 816 466
is_linear=0
shrinkage=0.02


Tree=91
num_leaves=18
num_cat=0
split_feature=39 57 21 32 54 4 59 70 57 53 60 60 29 59 18 75 45
split_gain=20.2161 20.2132 23.0664 23.7719 18.0968 17.8274 20.8887 16.9945 15.3333 14.7617 14.3531 11.5166 12.4979 13.9234 10.969 8.61229 7.99447
threshold=-0.13985331144054278 0.96719734942567903 0.1081630057790053 -0.27617093460708475 0.65574680014672626 0.39506112745364347 0.62286309175920518 -1.2871976791609976 0.18796074826410583 0.017537673992384328 0.9633883515559295 0.44723117645517213 5.5673855012892295 0.86292912896318308 79.027108826923651 -0.42027910400997742 0.0095006922996934019
decision_type=8 10 10 8 10 10 10 8 8 10 8 10 10 10 8 10 10
left_child=10 2 5 15 9 7 -7 -2 -5 14 11 -1 13 -13 -3 -4 -11
right_child=1 4 3 8 -6 6 -8 -9 -10 16 -12 12 -14 -15 -16 -17 -18
leaf_value=2.8507734376361419e-05 -0.0014385238976648749 0.0012491308566839926 0.0010860510950437296 -0.0063642152644930675 0.0058964587347182986 0.0054163444240035632 0.0014557685170455492 8.3049680848458826e-06 -0.0010203083449634716 -0.0065492364449106152 0.0033596056117710317 -0.0040418424843019704 -0.0082854165751525405 0.00071910020971454659 0.0037623751535219873 0.0048131195795934967 -0.00018018259746857603
leaf_weight=254 1776 3384 277 555 394 210 667 142413 5573 222 261 262 241 228 515 201 387
leaf_count=254 1776 3384 277 555 394 210 667 142413 5573 222 261 262 241 228 515 201 387
internal_value=-2.81205e-05 -7.90675e-06 -4.8776e-05 -0.00120448 0.00125597 3.8465e-06 0.0028451 -1.34406e-05 -0.00153989 0.000895542 -0.00256455 -0.00366937 -0.00494262 -0.00309165 0.00134821 0.00308559 -0.00199672
internal_weight=157820 156574 151672 6606 4902 145066 877 144189 6128 4508 1246 985 731 490 3899 478 609
internal_count=157820 156574 151672 6606 4902 145066 877 144189 6128 4508 1246 985 731 490 3899 478 609
is_linear=0
shrinkage=0.02


Tree=92
num_leaves=24
num_cat=0
split_feature=23 38 50 6 52 50 46 57 48 18 18 44 9 20 32 59 28 23 45 6 9 6 38
split_gain=15.7197 25.8562 19.703 37.4515 37.129 37.3766 34.9299 19.6612 19.473 18.5128 16.7606 19.6304 24.2323 18.4108 15.4752 18.0052 17.4074 11.8012 11.3239 10.2092 9.34229 5.58975 5.38668
threshold=0.05653184541981527 1.2272302927598984 -0.016043414709260791 0.010451704983057921 0.60896649527140501 0.0074238207632112427 0.011835908005302669 0.98578678738105852 -0.017249825597292708 82.761811038885881 71.876638313062415 0.0027441435902724192 0.73265148319654416 -0.018147880350911968 0.32248816140126663 0.81210179594818233 -0.18149108993232685 0.17676499796300041 0.0039258100108330758 0.016574962899218278 1.0536520443600026 0.022008605817510032 1.3414688661188223
decision_type=10 10 8 10 2 10 10 10 8 10 10 8 10 10 10 10 8 10 10 10 10 10 10
left_child=7 2 3 -2 8 -6 -5 10 -4 18 14 12 -12 -13 16 -16 -1 22 -3 -20 -9 -22 -11
right_child=1 9 4 6 5 -7 -8 20 -10 17 11 13 -14 -15 15 -17 -18 -19 19 -21 21 -23 -24
leaf_value=0.00089371293290796611 -0.0061315286341466421 -0.0030699897800655885 0.0015449641255823932 0.00075033579373747134 -0.0061761814406454856 -0.00085050934165141121 -0.0042833481858049255 0.00040245376395628028 -0.00086339725268628348 0.0035393753878436352 -0.0045881436360103185 0.0038236526995335841 0.00020275076447240752 0.00066621138978318814 0.0038360394268624411 0.00052886496816227538 -0.00011970735071297174 0.00046362487232169637 0.001446889692040237 -0.00010120877757737373 0.0067754344483824183 0.0048943301692297428 0.0044202532839844556
leaf_weight=9475 296 355 3505 1135 585 12071 985 348 2008 209 403 370 737 10593 493 829 108316 203 1572 2649 214 374 200
leaf_count=9475 296 355 3505 1135 585 12071 985 348 2008 209 403 370 737 10593 493 829 108316 203 1572 2649 214 374 200
internal_value=-3.15211e-05 -0.000483355 -0.000801418 -0.00249814 -0.000575564 -0.00117232 -0.00156436 5.65859e-05 0.000793979 0.000778185 3.59557e-05 0.000745043 -0.0017511 0.00100493 -3.60831e-05 0.00211489 -6.02588e-05 0.00404241 0.000340398 0.000629559 0.00294344 0.00447878 0.00599512
internal_weight=157925 25773 20585 2416 18169 12656 2120 132152 5513 5188 131216 12103 1140 10963 119113 1322 117791 612 4576 4221 936 588 409
internal_count=157925 25773 20585 2416 18169 12656 2120 132152 5513 5188 131216 12103 1140 10963 119113 1322 117791 612 4576 4221 936 588 409
is_linear=0
shrinkage=0.02


Tree=93
num_leaves=28
num_cat=0
split_feature=23 18 52 50 50 70 38 28 46 10 70 32 14 44 44 44 42 14 50 75 37 26 41 50 77 63 23
split_gain=23.2002 31.2419 22.4344 45.597 44.7345 35.8458 47.6841 35.6587 30.5894 26.9272 22.5213 21.3425 21.049 24.6248 18.5867 18.4622 44.3004 30.7178 18.1655 15.3107 15.1159 14.1478 15.4658 18.664 13.9935 13.1551 9.90561
threshold=0.012767305418775467 68.590519034626013 0.60896649527140501 0.021965498977605694 0.0074238207632112427 -1.0001467864784932 1.1936349421777595 -0.0099591382419445523 0.0083314998401078783 0.39667155191745179 -0.051483934876247257 0.26586613746216742 -0.2309426261610176 0.095771384149618291 -0.075688170239417693 0.042522476688261264 -0.016853892639032749 0.10860164739385127 0.055917013758482022 0.91493803320536216 0.31930644846088846 0.5535748947054856 0.013470206973696166 0.048561554135000524 0.84172814539589724 0.84345103022601442 -0.0026076459089553468
decision_type=8 10 2 10 10 8 10 10 10 8 10 10 10 10 10 8 10 10 10 8 10 10 10 10 10 10 10
left_child=1 11 3 5 7 6 -2 20 18 -10 19 15 -13 -14 -7 17 -17 -1 -6 -5 -4 26 25 -24 -9 -23 -3
right_child=2 21 4 10 8 14 -8 24 9 -11 -12 12 13 -15 -16 16 -18 -19 -20 -21 -22 22 23 -25 -26 -27 -28
leaf_value=1.0518165656524214e-05 -0.0024944422540082727 0.00033370300488974917 -0.0029211027345223488 0.0033140532114717476 7.0004631855630456e-05 -0.00081409913216520813 0.0037096814708568958 -0.0036239832305324936 -0.0040686300407546143 -0.00080210777774340769 0.00027002602954800671 -0.006044966512648485 0.00069629599727162432 0.005375860827838949 0.00047183712297920903 -0.0024473324260288589 -9.219893148016145e-05 0.0011278380896219855 -0.0056426059800958528 0.0080474797011211227 0.0034448802229339673 0.0027313711207756419 -0.00048352002693368703 0.0022612624821669127 -0.010599893634546933 0.00033834687335721576 -0.0028824189736737071
leaf_weight=33958 2157 316 827 257 21016 4830 278 310 969 14868 285 205 940 892 19235 2848 37551 9965 304 218 254 2385 1528 667 244 765 201
leaf_count=33958 2157 316 827 257 21016 4830 278 310 969 14868 285 205 940 892 19235 2848 37551 9965 304 218 254 2385 1528 667 244 765 201
internal_value=-4.20663e-05 0.000162846 -0.000328191 0.000111441 -0.000637177 -2.70933e-05 -0.00233908 -0.00387408 -0.000494591 -0.00116037 0.00493824 6.6906e-05 0.0020893 0.00277032 0.000206848 1.80022e-05 -0.000290545 0.00030184 0 0.00760084 -0.00175416 0.00157564 0.00188141 0.000591075 -0.0079964 0.00277944 -0.00157915
internal_weight=158273 92221 66052 27260 38792 26500 2435 1635 37157 15837 760 86359 2037 1832 24065 84322 40399 43923 21320 475 1081 5862 5345 2195 554 3150 517
internal_count=158273 92221 66052 27260 38792 26500 2435 1635 37157 15837 760 86359 2037 1832 24065 84322 40399 43923 21320 475 1081 5862 5345 2195 554 3150 517
is_linear=0
shrinkage=0.02


Tree=94
num_leaves=21
num_cat=0
split_feature=59 46 6 43 43 46 44 44 44 19 49 57 6 41 44 50 16 6 49 18
split_gain=20.0967 25.6415 43.1194 26.9288 41.7248 24.5773 27.3821 49.4679 24.0272 19.3317 38.1036 22.4992 20.785 25.2843 16.2486 25.2553 20.3497 14.4578 46.0362 15.2596
threshold=0.05448678423151232 0.0098035601031225307 0.009062969735443259 -0.054272879783843035 0.053262718002088934 0.0040265091675481387 0.072777647585044472 0.087426539331118117 0.040677473588450981 1.8548878306096179 0.043380826877011398 0.41925505781276129 0.070717915228013475 0.019448456182446176 0.059948603276570929 0.0052404787379354287 0.097347487541796798 0.010282866878238397 -0.010867108319930706 78.581799854620868
decision_type=8 10 10 10 10 10 10 10 10 8 10 8 10 10 8 10 8 8 10 10
left_child=1 5 -3 -4 -5 -1 8 -8 -7 12 14 -12 17 -14 15 -11 -16 18 -2 -19
right_child=9 2 3 4 -6 6 7 -9 -10 10 11 -13 13 -15 16 -17 -18 19 -20 -21
leaf_value=-0.0041040818743915642 -0.0019192373297185429 -0.0079773821078001593 0.0021971929442010435 -0.0037609974811729681 0.0014752727529785295 0.00052394507049370923 0.0050669587411314053 -0.00059334015619864683 -0.0017345535108272631 0.00073563087948083281 -0.010595176464007539 -0.0016187447822816384 2.2938416261226724e-05 0.012880877074212857 0.0011307826380152364 -0.0014744435043331312 -0.00088542929101346677 -2.1602091399140698e-05 0.00078709705700858942 0.00086530646265545489
leaf_weight=238 1807 216 340 1353 441 2545 514 629 1614 2013 208 267 292 254 3967 6670 3553 109429 15787 5850
leaf_count=238 1807 216 340 1353 441 2545 514 629 1614 2013 208 267 292 254 3967 6670 3553 109429 15787 5850
internal_value=-4.41806e-06 -0.000988214 -0.00273841 -0.0018726 -0.00285125 -0.000245082 3.73374e-05 0.00277797 -0.000715865 4.72891e-05 -0.00059464 -0.00617227 0.000127552 0.00401828 -0.000430634 -0.00102004 0.000249701 0.000111519 0.000645524 2.99965e-05
internal_weight=157987 7890 2350 2134 1794 5540 5302 1143 4159 150097 16678 475 133419 546 16203 8683 7520 132873 17594 115279
internal_count=157987 7890 2350 2134 1794 5540 5302 1143 4159 150097 16678 475 133419 546 16203 8683 7520 132873 17594 115279
is_linear=0
shrinkage=0.02


Tree=95
num_leaves=23
num_cat=0
split_feature=0 48 48 44 5 38 44 46 28 46 4 69 50 54 64 72 59 49 75 34 38 1
split_gain=20.8464 22.0501 43.7495 21.9812 23.3486 21.5863 20.2904 20.6725 20.2219 22.3993 32.0928 22.3064 19.8341 16.6017 16.6008 13.887 15.122 13.7597 13.1979 11.4758 8.43987 7.05354
threshold=-0.032353043915001982 -0.024505980813748215 -0.069558997314310964 -0.1588606586551711 0.018720087539042685 1.5277937895728757 0.077840464822706359 0.0090042252663953045 -0.28321158375688088 0.03709626144380785 -0.046205432845914378 -0.33557890163101367 0.058484836743913589 0.40689730906944027 0.94367775578631541 0.78565041995016427 0.6151400764053121 0.014336474522871347 -0.03367293148784966 0.0046285396637231772 1.270983919753242 -0.010386374189764456
decision_type=10 8 10 8 10 10 8 10 8 10 10 10 10 10 8 10 8 8 10 10 10 10
left_child=1 2 15 4 -2 -6 7 13 12 11 -11 -10 20 -3 18 16 -1 -8 -4 -17 -5 -7
right_child=3 6 14 8 5 21 17 -9 9 10 -12 -13 -14 -15 -16 19 -18 -19 -20 -21 -22 -23
leaf_value=-0.00029377665691366392 -0.0069457449816958663 0.0040298393979633761 0.0083041296011420913 0.0027329461371729058 0.0031846939340713287 -0.0015576191562073406 -0.0079156937744259345 0.0074706032879551442 -0.00035059201976711058 -0.00037549413287076309 -0.0051266548004315808 0.0001060667148662255 0.0066244900707497049 -0.0030141978851148999 0.00076433590383247956 -0.0076291112229922766 0.0043434317891013563 -0.00054983344600892815 0.0019796491133126553 -0.00087654695198138833 -0.0010255196501207358 -0.003552884576571188
leaf_weight=743 203 253 789 1186 230 273 223 240 59690 1032 571 88852 288 741 297 211 445 245 405 410 501 271
leaf_count=743 203 253 789 1186 230 273 223 240 59690 1032 571 88852 288 741 297 211 445 245 405 410 501 271
internal_value=-5.55218e-05 0.00121487 0.00216843 -9.70489e-05 -0.00308589 -0.00149419 -0.000633001 0.000710931 -7.78196e-05 -0.000104285 -0.00245511 -7.88862e-05 0.00193219 -0.000560804 0.00470375 7.62431e-05 0.00134399 -0.00417484 0.00575565 -0.00234405 0.00110071 -0.00366606
internal_weight=158099 5002 3300 153097 977 774 1702 1234 152120 150145 1603 148542 1975 994 1491 1809 1188 468 1194 621 1687 544
internal_count=158099 5002 3300 153097 977 774 1702 1234 152120 150145 1603 148542 1975 994 1491 1809 1188 468 1194 621 1687 544
is_linear=0
shrinkage=0.02


Tree=96
num_leaves=28
num_cat=0
split_feature=0 42 42 42 42 42 45 49 7 53 10 53 49 48 9 49 41 21 25 63 18 53 50 49 41 4 10
split_gain=19.9777 27.6651 25.6991 33.6722 26.579 21.0253 21.0158 18.2802 51.9183 59.376 38.9996 34.9043 28.5299 21.3764 19.6434 23.9119 22.4782 20.5645 18.9321 18.0523 17.9247 16.6084 16.2982 18.3719 13.1694 13.0163 8.19445
threshold=-0.030752029086140494 -0.01346065179162753 0.0064261104393029686 0.0025661642537345712 -0.0052413906117119149 -0.027812717491578317 0.0053969277387888792 -0.010867108319930706 0.005252846616659341 0.015749394831879721 1.6908024802685011 0.013580383080858807 -0.015001566926988284 -0.080661721708004772 -0.26552305515814395 0.0032320902334455064 0.00087361295221810586 0.12039136459642276 -0.9717085554597894 0.40713555843309296 78.581799854620868 0.01318948571032973 0.045424783146868826 0.0097062885595503596 -0.024571444046459886 -0.10366340086406449 1.2775004796382901
decision_type=8 8 10 8 10 10 10 10 8 10 10 10 10 10 10 10 10 10 8 8 10 10 10 10 10 10 8
left_child=1 5 3 4 -3 24 -7 8 9 13 12 -12 -10 -2 15 21 -17 20 -19 -8 -16 -9 23 -4 25 -1 -26
right_child=7 2 22 -5 -6 6 19 14 10 -11 11 -13 -14 -15 17 16 -18 18 -20 -21 -22 -23 -24 -25 26 -27 -28
leaf_value=0.0036489828690188511 0.00035484811764006989 -0.0035116363608903231 0.0042766006479327727 -0.0073054770941127925 0.0032683999252781106 -0.0013926879908616335 0.0085721644973423237 -0.0058624572753332906 -0.00010290806169223191 0.0032831560489651602 0.01166809846707976 0.0011497847440955112 -0.0017624775909695968 -0.004126284178501638 -9.8095955629852728e-06 0.0052960382592445203 0.0010736154594018308 0.002317366628605118 -0.001662395911122343 0.00094710632590612963 0.00060550960876280455 0.0017884512455131568 0.0070176649903867516 -0.0012194763588783634 0.0011004688887366937 -0.00035107562317465354 -0.0027024624557129419
leaf_weight=483 211 605 437 281 404 231 736 295 17233 381 331 569 3176 1634 111574 683 2549 508 4677 374 8355 271 233 748 383 376 294
leaf_count=483 211 605 437 281 404 231 736 295 17233 381 331 569 3176 1634 111574 683 2549 508 4677 374 8355 271 233 748 383 376 294
internal_value=-4.29024e-06 0.00117043 -0.000279808 -0.00232223 -0.000611881 0.00253579 0.00436513 -4.73473e-05 -0.000559908 -0.00346565 -0.000256124 0.00381576 -0.000435963 -0.00495016 4.62172e-05 0.00146302 0.00212744 3.18107e-06 -0.00122985 0.00550675 5.65163e-05 -0.00232451 0.00157717 0.00062226 0.000935589 0.00257907 -0.00114749
internal_weight=158032 5585 2708 1290 1009 2877 1341 152447 23535 2226 21309 900 20409 1845 128912 3798 3232 125114 5185 1110 119929 566 1418 1185 1536 859 677
internal_count=158032 5585 2708 1290 1009 2877 1341 152447 23535 2226 21309 900 20409 1845 128912 3798 3232 125114 5185 1110 119929 566 1418 1185 1536 859 677
is_linear=0
shrinkage=0.02


Tree=97
num_leaves=31
num_cat=0
split_feature=30 53 72 43 69 29 49 10 54 46 59 69 46 24 30 66 23 43 54 10 49 69 63 46 53 4 37 36 31 31
split_gain=16.4628 21.9777 54.8561 31.491 74.8065 49.7745 29.5244 19.2538 51.4943 37.3249 20.3554 19.0077 20.8643 20.1319 15.4004 18.7256 22.7706 15.2954 13.5984 34.0908 45.392 25.1847 23.6675 36.652 25.0751 13.14 12.806 12.4408 7.2994 5.10685
threshold=0.52965317394077382 0.019586952087893923 1.3304030109992073 0.051227593454310501 -0.1407948088248698 4.8094119774699253 0.017644628358513773 0.37110111143601215 0.48783338606964682 0.003925608863807376 0.55970960478298015 -0.67493190493157873 0.0095798543940596882 -1.7302185780730401 0.8035890858151129 0.95914193898418276 -0.125775395806731 0.050755700586607506 0.4198856555192626 0.082344755967374172 0.010311047378499085 -0.37000287267948623 0.26791307499158712 0.0071574745760132038 0.010900370658205363 0.077797916776167222 0.59455845981889799 -0.24775667330966863 0.04363886630272424 0.062933512196994071
decision_type=10 10 8 10 10 8 10 8 10 10 10 10 8 10 10 10 10 10 8 8 10 8 8 10 8 10 10 8 10 10
left_child=1 7 3 5 -5 -3 -4 8 9 -1 -10 12 -9 -13 18 16 27 -8 19 20 -2 -21 23 -20 -24 -18 28 -16 -17 -28
right_child=14 2 6 4 -6 -7 17 11 10 -11 -12 13 -14 -15 15 26 25 -19 22 21 -22 -23 24 -25 -26 -27 29 -29 -30 -31
leaf_value=-0.0056980472249992479 -0.00085570451281059097 -0.00085925278341380694 -0.0017300287473475228 -0.0037450209998341954 0.002631065482780871 -0.0043651935416501768 0.013541430213814949 -0.0012776197957343779 -0.0050255359706444158 0.00084308786260676538 0.00078916612342827541 0.0028497914996106015 0.00027170859450766251 0.00010387505018812891 -0.0037354904617494938 -0.0026535043257435555 -0.0010216455521168369 0.0027790557728191306 -0.00078534613128875778 -0.00045983493105549583 0.0051226751016438168 0.0010758887066050066 0.0019179821752050464 0.0013544721577577663 -0.00021968075201365505 0.0023926767133163069 -0.0033358831132436514 0.0038689547576212968 -0.00041156830426158767 -0.0062451749719891559
leaf_weight=324 456 2616 236 846 1225 1569 253 7256 1243 2659 268 614 4862 39274 225 372 3319 223 6302 6854 613 9988 1486 16237 46505 338 201 788 727 234
leaf_count=324 456 2616 236 846 1225 1569 253 7256 1243 2659 268 614 4862 39274 225 372 3319 223 6302 6854 613 9988 1486 16237 46505 338 201 788 727 234
internal_value=-2.23763e-05 -0.000271597 -0.00133132 -0.00193032 8.59073e-05 -0.00292833 0.00392426 -0.000140847 -0.00139666 0.000126676 -0.00440344 -3.22649e-05 -0.000725967 0.000178445 0.000144729 -0.000818372 -0.000187968 0.00678826 0.00021232 0.000704444 0.00416636 0.000484356 8.73091e-05 0.000621917 -0.000163736 -0.000923455 -0.00273485 0.00246351 -0.00158 -0.00563761
internal_weight=158113 63468 6968 6256 2071 4185 712 56500 4494 2983 1511 52006 12118 39888 94645 6204 4670 476 88441 17911 1069 16842 70530 22539 47991 3657 1534 1013 1099 435
internal_count=158113 63468 6968 6256 2071 4185 712 56500 4494 2983 1511 52006 12118 39888 94645 6204 4670 476 88441 17911 1069 16842 70530 22539 47991 3657 1534 1013 1099 435
is_linear=0
shrinkage=0.02


Tree=98
num_leaves=21
num_cat=0
split_feature=0 48 48 63 44 38 28 46 28 69 37 46 25 14 75 41 63 57 20 9
split_gain=17.718 24.5354 45.132 22.2319 19.1727 18.8464 15.2092 26.7518 38.8348 21.905 17.9627 16.203 14.8396 13.0307 12.6196 13.9781 10.7166 10.1609 7.44658 4.65019
threshold=-0.032353043915001982 -0.024505980813748215 -0.075200782978697076 0.29578900709219863 0.035014286716079875 1.6292706313043768 -0.28321158375688088 0.03709626144380785 -0.070679218146164055 -0.24936112690690584 0.37377391417524808 0.011550159182766615 1.7903036898537488 0.060111165972153276 -0.03367293148784966 -0.0047271118182508056 0.46264093214300689 0.1760937927262784 -0.011108214716256058 1.343045323863769
decision_type=8 8 10 8 8 10 8 10 10 10 8 8 10 10 8 10 8 10 8 10
left_child=1 2 13 4 -3 6 10 9 -9 -8 12 -12 -2 16 15 -4 -1 -6 -5 -16
right_child=5 3 14 18 17 -7 7 8 -10 -11 11 -13 -14 -15 19 -17 -18 -19 -20 -21
leaf_value=-0.00065948486224087365 0.0013286967449641141 0.005027138514914189 0.008580296162000435 -0.0019657696271371283 -0.0036828725710716581 -0.0030275716466035391 -0.00032638216746740058 -0.00053061842314217045 -0.0053302893906451952 0.00013773982571509198 0.0013439890457493564 0.0081125163007981001 -0.0066846122076214291 -0.0045388478509011598 -0.00020580998271751646 0.0024109401897790535 0.002386303418306179 0.00098059861194265741 -0.0069635242483768681 0.0033347203321712538
leaf_weight=1033 1432 390 801 364 314 396 65317 1106 493 83836 227 323 202 228 233 257 443 414 205 262
leaf_count=1033 1432 390 801 364 314 396 65317 1106 493 83836 227 323 202 228 233 257 443 414 205 262
internal_value=-3.81483e-05 0.00114014 0.00215408 -0.000816351 0.000820375 -7.6161e-05 -6.48502e-05 -8.88739e-05 -0.00266125 -6.12655e-05 0.00159176 0.00471506 0.000537003 -9.26686e-05 0.00461905 0.00585269 0.000594448 -0.00109465 -0.00403158 0.00197177
internal_weight=158276 4944 3257 1687 1118 153332 152936 150752 1599 149153 2184 550 1634 1704 1553 1058 1476 728 569 495
internal_count=158276 4944 3257 1687 1118 153332 152936 150752 1599 149153 2184 550 1634 1704 1553 1058 1476 728 569 495
is_linear=0
shrinkage=0.02


Tree=99
num_leaves=23
num_cat=0
split_feature=72 56 44 10 46 44 32 53 51 33 18 7 44 14 6 3 7 46 17 15 53 51
split_gain=21.4898 30.082 27.5967 26.4557 38.4181 36.0373 23.7878 23.3779 28.9139 19.7077 28.2685 19.3267 18.9312 30.4928 17.8833 17.6817 17.1588 20.761 14.0448 17.3055 9.43881 6.74815
threshold=-1.8353486864856075 0.52832098388205651 0.074182810012022551 0.045296600186699225 0.0040265091675481387 0.065342905821433109 0.32248816140126663 0.017392014665839839 0.40692868151884548 0.14734579120385247 83.42153687882994 0.020129556318358815 0.10410270243662935 -0.19498572290762314 0.0098798990363622424 0.018661553829463443 0.0059448117335914727 0.0072163359251691799 0.0032719723407515764 -0.020332927850120471 0.014468504949544733 0.63243200284237011
decision_type=8 10 10 8 10 10 10 10 2 10 10 10 10 10 10 10 10 10 2 10 10 2
left_child=1 16 7 4 -2 15 9 8 -3 10 -5 -11 20 -14 -7 -6 17 -1 19 -18 -8 -20
right_child=3 2 -4 6 5 14 12 -9 -10 11 -12 -13 13 -15 -16 -17 18 -19 21 -21 -22 -23
leaf_value=0.0007030617365759368 -0.0049378491083845715 -0.0077303158638165849 0.0045439949773772295 -1.8722354127345433e-05 0.0041868244029925209 0.01115635013946077 0.0037911048409283235 0.0017978456167912827 -0.003446454605040864 -0.00084157357864271662 0.0013627404175370265 0.0026518766514756664 -0.0051243349184033173 0.0056891212717157672 0.0047262759191613489 -0.0017247820984356375 0.00146283366734301 -0.005026435156701323 -0.0039942858577071538 0.0068504019091217908 -0.0025854494271738498 0.0026457513270921949
leaf_weight=378 208 326 210 135840 290 225 507 321 1093 11073 3429 556 200 912 218 231 343 261 233 233 631 221
leaf_count=378 208 326 210 135840 290 225 507 321 1093 11073 3429 556 200 912 218 231 343 261 233 233 631 221
internal_value=-2.87324e-05 -0.00155193 -0.00323834 6.98544e-06 0.00299915 0.00468187 -1.59191e-05 -0.00406548 -0.00516761 -4.63754e-05 1.96597e-05 -0.000837317 0.00202488 0.0038796 0.00886937 0.00110728 0.000417964 -0.00215313 0.00201552 0.00408666 0.000208955 -0.000610989
internal_weight=157939 3619 1950 154320 1172 964 153148 1740 1419 150898 139269 11629 2250 1112 443 521 1669 639 1030 576 1138 454
internal_count=157939 3619 1950 154320 1172 964 153148 1740 1419 150898 139269 11629 2250 1112 443 521 1669 639 1030 576 1138 454
is_linear=0
shrinkage=0.02


Tree=100
num_leaves=26
num_cat=0
split_feature=69 16 54 46 57 44 4 69 38 15 6 41 5 50 50 44 42 9 10 71 30 0 16 78 70
split_gain=18.337 24.3976 30.227 35.7411 26.3913 34.8955 29.4772 16.7198 15.4443 24.6 17.7239 52.9672 37.7259 14.3213 18.38 21.6635 37.5992 11.8009 11.7575 11.7865 10.5777 9.98933 9.52539 8.54127 4.86512
threshold=1.5860117299816829 0.1081495850056733 0.45922669882177053 0.009284338594784414 0.48770471151423539 0.16428337884866476 -0.073872801003606312 0.29099001148166476 1.5568594782786793 -0.13725831676756892 0.018709703744029294 0.047384893400697077 0.0074054989027791838 0.055917013758482022 0.039109424759590568 0.079481888276002569 0.017456691343518464 1.0429093813201293 1.1825524143674995 0.2465521180753929 0.69264809276986217 0.0044335355171674093 0.13122639593438726 0.41890404832931821 0.35776042401390629
decision_type=10 10 10 10 10 10 8 10 10 10 8 10 8 10 10 10 10 10 10 10 10 10 10 10 10
left_child=1 8 3 7 6 -6 -4 -3 10 24 11 -1 -12 14 15 20 -17 -15 19 -16 -2 -20 -5 -11 -10
right_child=13 2 4 22 5 -7 -8 -9 9 23 12 -13 -14 17 18 16 -18 -19 21 -21 -22 -23 -24 -25 -26
leaf_value=-6.6641521258212484e-05 0.0010491314337409438 -0.0041595818871570621 0.0064362147635747555 -0.0031140400977428531 0.00013843667229382218 0.0058478541054474966 -0.0031736303194802823 -0.00028562130738346602 0.003988660646480781 -0.00033484815173645321 0.0049735676032256308 -0.0039279935168079908 0.00034958529076453915 0.0011300682929401276 0.0048615868201853894 0.00084483597264723798 -0.012178687602772636 -0.0075111558517856692 0.0092273313456864986 -0.0024584268580429133 0.0052391850514732609 0.0039161678529533875 -0.010106840791235481 -0.0036262338877256872 -0.00016406308481862377
leaf_weight=103519 4952 776 202 241 3194 264 1607 1202 217 329 305 576 36857 201 271 513 212 200 257 229 460 231 257 824 242
leaf_count=103519 4952 776 202 241 3194 264 1607 1202 217 329 305 576 36857 201 271 513 212 200 257 229 460 231 257 824 242
internal_value=-2.30051e-05 -7.11625e-05 -0.00116451 -0.00298668 -0.000307137 0.000716392 -0.00226409 -0.00177767 -1.18849e-05 -0.00195784 1.03215e-05 -0.000123521 0.000385276 0.000940348 0.00114763 0.000739329 -0.00250413 -0.00273134 0.00367846 0.00151297 0.00117458 0.00588548 -0.00777154 -0.00351646 0.00195217
internal_weight=158138 150612 7743 2476 5267 3458 1809 1978 142869 1612 141257 104095 37162 7526 7125 6137 725 401 988 500 5412 488 498 1153 459
internal_count=158138 150612 7743 2476 5267 3458 1809 1978 142869 1612 141257 104095 37162 7526 7125 6137 725 401 988 500 5412 488 498 1153 459
is_linear=0
shrinkage=0.02


Tree=101
num_leaves=15
num_cat=0
split_feature=0 44 44 44 44 20 4 53 59 44 37 40 24 28
split_gain=18.7912 22.0208 22.4707 28.7328 20.3383 28.5206 22.8407 20.9357 38.3741 23.3215 17.6996 8.16885 7.77111 6.19759
threshold=-0.030752029086140494 0.21061464899071672 0.12547988852472428 0.074182810012022551 -0.1588606586551711 0.019796036471406268 -0.42098620249127217 0.020765563179641202 0.54794554015636121 -0.026640248124310536 0.41501734328119139 0.012172972492405379 0.25562148182701971 -0.099365674122283851
decision_type=10 8 10 10 8 10 8 10 8 8 8 10 8 8
left_child=1 2 3 10 5 11 -6 9 -9 -8 -1 -2 -7 -5
right_child=4 -3 -4 13 6 12 7 8 -10 -11 -12 -13 -14 -15
leaf_value=0.0010573192529501551 -0.0019775806468717962 -0.0043223126942153155 0.0091682777512683677 -0.0012318699307642968 0.0079161436570497554 -0.0026357020233169436 0.00082369935791450663 -0.0015491193457848646 0.00042481775785363122 -4.335295305478139e-05 0.0049414815089273787 0.0023929232480423318 -0.0079718852014851564 -0.0042189175119009027
leaf_weight=3564 234 311 277 207 289 200 11188 4640 3401 131797 985 329 201 278
leaf_count=3564 234 311 277 207 289 200 11188 4640 3401 131797 985 329 201 278
internal_value=-4.67379e-06 0.00113071 0.00143411 0.00112771 -4.66115e-05 -0.00294093 -2.81398e-05 -3.89202e-05 -0.00103183 1.69107e-05 0.00162154 -3.19149e-05 -0.00700995 -0.00349383
internal_weight=157901 5622 5311 5034 152279 964 151315 151026 8041 142985 4549 563 401 485
internal_count=157901 5622 5311 5034 152279 964 151315 151026 8041 142985 4549 563 401 485
is_linear=0
shrinkage=0.02


Tree=102
num_leaves=27
num_cat=0
split_feature=23 58 52 42 43 42 47 9 50 50 45 57 66 43 14 52 5 53 43 9 8 22 38 0 5 8
split_gain=17.4998 25.5266 31.1784 28.0503 37.6196 30.7346 42.5548 34.0643 28.9373 27.2529 26.0067 24.5452 19.3264 15.402 50.6852 33.4446 27.6125 59.1528 39.8316 20.438 14.4412 14.097 10.7096 7.48502 8.21632 6.80911
threshold=0.05653184541981527 0.49677413387228814 0.67781798799304283 -0.035660641290958188 -0.057004896860813108 -0.061221554084063039 -0.12747583129116555 0.58356867903242493 -0.017451826180338522 0.02923174239088944 0.0033947393190157109 0.45983183129458599 0.98565567747109939 0.051227593454310501 -0.11221417455768788 0.85552616108171675 0.028802435882260977 0.024132713091028688 0.017122757766654843 1.0748727237732718 0.010342506664412247 0.093487594477758076 0.78690635607764925 -0.017225161487386783 0.045205033365411589 0.011564324646971132
decision_type=10 10 2 10 10 10 10 10 10 10 10 10 10 10 8 2 10 10 10 10 10 8 8 10 10 10
left_child=12 3 20 5 -5 6 -2 -7 -6 10 -4 -11 13 16 19 -16 17 -1 -18 -15 21 -3 -22 -14 25 -25
right_child=1 2 9 4 8 7 -8 -9 -10 11 -12 -13 23 14 15 -17 18 -19 -20 -21 22 -23 -24 24 -26 -27
leaf_value=4.1888347466648854e-06 -0.0055670529451247531 -0.0017947368492646232 0.0029165175704987155 0.0057028334356957833 -0.0037770426800266561 -0.0059180807000575458 0.0033514408360574809 -0.0025648059855521909 -0.00056700147219324786 -0.002211732454206966 -0.0033137818556168426 0.00071396269616089863 0.00092043831315744809 0.00029945886409521623 0.00057972613617511873 0.0025881706748048555 0.00036274756962175207 -0.0032533676529528967 0.0049098771499639354 -0.0036756749129045968 0.0045306178513640936 0.0011216788499322943 0.00092949833041038792 -0.0023905431246246745 -0.0073150445612292737 -7.8099265150970989e-05
leaf_weight=112056 231 692 336 299 761 384 357 430 6370 2165 2497 3746 213 801 7004 3295 3909 1039 1687 1232 587 600 6474 613 205 395
leaf_count=112056 231 692 336 299 761 384 357 430 6370 2165 2497 3746 213 801 7004 3295 3909 1039 1687 1232 587 600 6474 613 205 395
internal_value=-1.91818e-05 -0.000494331 -4.31629e-05 -0.00136737 -0.000877136 -0.00396151 -0.000471986 -0.00647607 -0.0011691 -0.000877987 -0.00249047 -0.000104533 7.38241e-05 9.90506e-05 0.000771751 0.00134155 2.91342e-05 -3.87105e-05 0.00140039 -0.00211308 0.0008305 -0.00111214 0.00118635 -0.00224107 -0.00284843 -0.00209911
internal_weight=158378 25929 17097 8832 7430 1402 588 814 7131 8744 2833 5911 132449 131023 12332 10299 118691 113095 5596 2033 8353 1292 7061 1426 1213 1008
internal_count=158378 25929 17097 8832 7430 1402 588 814 7131 8744 2833 5911 132449 131023 12332 10299 118691 113095 5596 2033 8353 1292 7061 1426 1213 1008
is_linear=0
shrinkage=0.02


Tree=103
num_leaves=19
num_cat=0
split_feature=17 46 6 60 51 69 23 32 6 46 41 55 14 48 45 51 23 37
split_gain=17.0355 20.1144 19.6638 16.7699 16.885 16.4856 22.4035 24.998 20.6199 35.5589 17.6496 17.235 14.3935 12.7182 18.3881 15.0479 7.19015 6.61358
threshold=-2.0499401959307448 0.0069213295397758381 0.01508774567624154 0.33543640368335864 0.33119148401908388 1.6493751581776175 0.12423334821633837 -0.27617093460708475 0.060421667068357159 0.034133762393146715 0.019092669222254725 0.95953137050310766 0.26892024607550097 -0.02575869664184632 0.0085367909767413239 0.44665125402830325 0.1952425970134998 0.038702568125454119
decision_type=2 10 8 10 2 10 10 8 10 10 10 10 10 10 10 2 10 10
left_child=1 -1 -3 -4 -5 6 8 16 9 -2 -10 -9 17 14 -14 -15 -8 -7
right_child=5 2 3 4 -6 12 7 11 10 -11 -12 -13 13 15 -16 -17 -18 -19
leaf_value=-0.0023242861464779605 -2.2644151770276673e-05 0.0059541661440761775 -0.0031942486554911416 0.00019832129795043925 0.0063334305921715532 -0.00024159127388749421 0.00024632623196868113 -0.0032596109093674846 0.00071032561977011222 -0.0017449789090719647 0.0064953687619791868 -0.00097304041778572745 0.0060413588132079525 -0.0037234091458367758 0.0019061914259347976 0.0011908117920632097 0.0095601540471288975 -0.0050179266916378596
leaf_weight=363 141116 303 272 477 453 202 257 1291 386 2791 403 2870 422 474 1239 4352 205 202
leaf_count=363 141116 303 272 477 453 202 257 1291 386 2791 403 2870 422 474 1239 4352 205 202
internal_value=-3.71839e-05 0.00186089 0.00288048 0.00172735 0.00300537 -5.99062e-05 -0.000104058 -0.00147448 -6.025e-05 -7.79526e-05 0.00316203 -0.00196492 0.000896402 0.00112485 0.00263418 0.000604516 0.00293305 -0.00276049
internal_weight=158078 1868 1505 1202 930 156210 149319 4623 144696 143907 789 4161 6891 6487 1661 4826 462 404
internal_count=158078 1868 1505 1202 930 156210 149319 4623 144696 143907 789 4161 6891 6487 1661 4826 462 404
is_linear=0
shrinkage=0.02


Tree=104
num_leaves=25
num_cat=0
split_feature=32 50 57 29 0 33 43 54 60 45 32 45 42 45 7 10 13 48 45 40 42 64 13 57
split_gain=17.3394 27.1118 30.2848 17.2644 17.0744 16.7442 18.2916 33.4883 45.9578 28.3419 16.103 15.7327 14.528 14.0087 34.1059 37.8095 17.5345 35.082 32.9929 14.2596 12.372 12.3831 9.28122 10.3635
threshold=0.23307934719532422 0.039109424759590568 0.1484626119839734 -1.7989476538554974 -0.017225161487386783 0.14734579120385247 0.067346497821808363 0.57253979244754216 0.22014519760851001 0.011393095446287775 0.032064431670078337 0.0065315457545517134 0.014501779233529135 0.0035439085689753058 0.0061603110289530751 1.9142397747830204 -0.065904585637425281 -0.10872575593379601 0.0044089297127562063 0.0070435145899633055 0.02663964615849557 0.11295352813313517 0.17924868969867827 0.88648625903518707
decision_type=10 10 8 8 10 10 10 8 8 10 8 10 10 8 10 8 8 8 10 8 10 10 10 8
left_child=5 3 -3 22 -4 13 7 9 -9 -7 11 -8 -6 14 15 -1 18 -18 -15 -16 21 -5 -2 -24
right_child=1 2 4 20 12 6 10 8 -10 -11 -12 -13 -14 16 19 -17 17 -19 -20 -21 -22 -23 23 -25
leaf_value=0.0010705810203550103 -0.0013113017237633931 -0.0057388144454604143 0.011271287075814644 -0.0043027677384365913 0.0042930884164683126 -0.00065897187077103541 0.0039327957745895785 -0.004648847205282758 -0.00032815044567639285 0.0048773418490044677 0.0034884608835145793 -0.00064547877311191303 0.0010511618395778091 -0.0035625734199080045 -0.0004044042945960255 0.0078234443873706032 -0.0025372587664320148 -0.00010268485217969654 0.00064956597452627072 -0.0043685767195325437 -0.007805094506469064 0.00011977335614078308 0.0062514659989775434 0.00064583314764750659
leaf_weight=5662 219 212 234 338 1017 6772 200 1521 1536 639 346 1276 902 1600 3440 226 1614 104455 22609 219 210 2209 393 267
leaf_count=5662 219 212 234 338 1017 6772 200 1521 1536 639 346 1276 902 1600 3440 226 1614 104455 22609 219 210 2209 393 267
internal_value=-2.50321e-05 0.00102932 0.00269569 -5.44405e-05 0.00340669 -6.66465e-05 -0.000774388 -0.00109638 -0.00285742 -0.000369401 0.00107405 0.000161137 0.00278021 -4.41978e-06 0.000735023 0.00167736 -5.8628e-05 -0.000169492 0.000427014 -0.000780874 -0.000833212 -0.000446625 0.00238409 0.00356732
internal_weight=158116 6001 2365 3636 2153 152115 12290 10468 3057 7411 1822 1476 1919 139825 9547 5888 130278 106069 24209 3659 2757 2547 879 660
internal_count=158116 6001 2365 3636 2153 152115 12290 10468 3057 7411 1822 1476 1919 139825 9547 5888 130278 106069 24209 3659 2757 2547 879 660
is_linear=0
shrinkage=0.02


Tree=105
num_leaves=21
num_cat=0
split_feature=57 54 23 44 69 70 42 4 6 6 44 44 32 44 44 14 32 63 46 27
split_gain=14.8348 22.8866 17.9954 21.3646 36.2748 23.0232 19.9291 18.2858 20.8741 24.9219 18.3818 16.1641 15.9153 14.9777 13.647 14.8582 12.4603 10.0631 9.86453 9.57601
threshold=0.96719734942567903 0.65574680014672626 0.10370614367440413 0.09349472919888703 -0.78667009092234585 -0.30529249535478792 0.019910497316104506 0.39506112745364347 0.070717915228013475 0.035539652476200896 0.10184831294004694 0.15576978428121704 0.11689485695041264 0.10184831294004694 -0.0035055867806862979 0.53260261597366254 0.13577302494441815 0.27604105610045204 0.0044017307705454213 -0.032059894207189459
decision_type=10 10 10 10 8 10 10 10 10 10 10 10 8 10 10 10 10 10 10 10
left_child=2 14 7 5 -5 6 -4 8 9 -1 -9 -12 -7 -6 19 17 -3 -16 -17 -2
right_child=1 16 3 4 13 12 -8 10 -10 -11 11 -13 -14 -15 15 18 -18 -19 -20 -21
leaf_value=4.8205888329159794e-05 0.00071112750730287363 0.002709212207926295 -0.0029603343307278295 -0.014829283828648905 -0.0055428210797906141 0.00039919896193402665 0.00073914961740674111 -0.0011795824418248306 0.007979923692341729 -0.0012135920765064497 0.010430070175672546 0.0014055554859781099 -0.0024829821704045961 -0.0002393818144762211 0.0098381049751188245 -0.0043158562860475605 0.0099327348044580786 0.0019586534870379641 0.00056816924148298366 -0.0041879917708159096
leaf_weight=139152 314 247 1037 213 238 4444 305 299 318 5132 259 329 820 645 206 245 205 1671 1878 309
leaf_count=139152 314 247 1037 213 238 4444 305 299 318 5132 259 329 820 645 206 245 205 1671 1878 309
internal_value=2.7283e-05 0.00109102 -7.95081e-06 -0.000950019 -0.0035351 -0.000520357 -0.00285778 4.19135e-05 2.43287e-05 1.30159e-05 0.00290315 0.00495416 7.55935e-05 -0.00173982 0.000669983 0.00109923 0.0053819 0.0023951 -4.61394e-05 -0.00208013
internal_weight=158266 5075 153191 7702 1096 6606 1342 145489 144602 144284 887 588 5264 883 4623 4000 452 1877 2123 623
internal_count=158266 5075 153191 7702 1096 6606 1342 145489 144602 144284 887 588 5264 883 4623 4000 452 1877 2123 623
is_linear=0
shrinkage=0.02


Tree=106
num_leaves=29
num_cat=0
split_feature=45 65 6 50 60 49 4 44 45 10 6 14 43 72 44 50 20 45 44 60 14 0 34 51 5 57 78 14
split_gain=19.732 51.9711 40.4665 54.8487 53.6648 45.4684 27.4748 43.0601 53.8897 38.4763 35.726 50.8225 40.0786 34.497 26.3435 23.4061 21.2337 22.7302 19.2713 56.5801 30.2974 17.0917 14.9537 13.7303 12.0323 10.8338 10.0185 9.76957
threshold=0.0044644464611294701 0.14889156519024047 0.012082144719129667 0.033397411098852754 0.23622856629859057 0.015622350329722369 -0.065904585637425281 -0.097151723298657608 0.018769124172072955 1.7095216451796926 0.04482431517779429 -0.020452167084477942 0.053262718002088934 -0.73724778520896883 0.074697369416932738 0.043447316101035589 -0.0061657405236729681 0.015242617207018888 0.081187245259363064 0.57950930255877353 0.11653644833029687 -0.0044565688572076869 0.0006561546808367399 0.82801084438561212 0.0095280823394904464 0.13631599008957501 -0.52228250288617672 0.083326750666401508
decision_type=8 8 10 10 8 8 8 8 10 10 10 8 10 8 10 10 10 10 10 10 10 10 10 2 10 8 10 8
left_child=1 15 3 5 -5 -3 9 8 13 16 12 -12 -9 -8 21 24 23 -18 20 -20 -4 -11 -17 -2 26 -26 -1 -10
right_child=6 2 18 4 -6 -7 7 10 27 14 11 -13 -14 -15 -16 22 17 -19 19 -21 -22 -23 -24 -25 25 -27 -28 -29
leaf_value=-4.3024222561680409e-05 0.00059803393180030151 0.0010836991199173643 -0.00076659945064487815 0.0051144758067561118 0.001141465433375275 -0.0037313214439870209 -0.010508417906061225 -0.00024035622422497252 -0.0014249540530572936 0.008955338345925613 -0.0066357293741094924 0.00036410948457482731 0.00084406568284159877 -0.0022483513756343964 -0.0030020704006358881 -0.0020508505715685732 0.00014734931091019379 -0.0017908970992558662 0.002170766624398383 -0.0050190432843457509 0.0013854240382703143 0.0038972068492663238 -0.010646500195384791 0.0027607964291105841 -0.0024909840958256282 0.00030151841159541782 -0.0045278570026995668 0.002011318997559667
leaf_weight=210 10356 9122 4974 1359 2312 795 290 92504 376 783 687 682 9740 264 272 259 7711 2404 944 1196 4518 975 263 1107 1057 2206 408 353
leaf_count=210 10356 9122 4974 1359 2312 795 290 92504 376 783 687 682 9740 264 272 259 7711 2404 944 1196 4518 975 263 1107 1057 2206 408 353
internal_value=9.22038e-06 0.000474548 0.00082463 0.00156583 0.00365414 0.000792297 -9.80351e-05 -0.000236785 -0.00387695 0.000518362 -0.000191654 -0.0034 -0.000148643 -0.00857297 0.00315017 -0.00152997 0.000270541 -0.000397193 -4.109e-05 -0.00175525 0.000345307 0.00404662 -0.00550287 0.000859909 -0.000993818 -0.000507966 -0.00355089 -0.00029863
internal_weight=158127 29623 25220 13588 3671 9917 128504 104896 1283 23608 103613 1369 102244 554 2030 4403 21578 10115 11632 2140 9492 1758 522 11463 3881 3263 618 729
internal_count=158127 29623 25220 13588 3671 9917 128504 104896 1283 23608 103613 1369 102244 554 2030 4403 21578 10115 11632 2140 9492 1758 522 11463 3881 3263 618 729
is_linear=0
shrinkage=0.02


Tree=107
num_leaves=26
num_cat=0
split_feature=0 49 43 6 43 50 47 32 16 45 60 52 44 9 44 6 44 57 49 36 34 14 30 6 44
split_gain=25.4261 21.9463 31.9321 23.6344 20.8239 20.7221 19.002 18.8809 19.0099 17.4731 31.0037 24.6546 17.36 25.5408 17.2335 34.4167 20.4411 15.9639 14.7508 14.0742 13.3163 10.3932 7.94487 7.10457 8.92618
threshold=-0.029326788012918489 0.0021142191419711858 0.0045155340655611562 0.017390494490453597 -0.0028566082464828719 0.018531729222293406 -0.056821410891407513 0.32248816140126663 0.077584176301046318 0.010189167900724475 0.69464875578066521 0.67414139568871045 0.087426539331118117 2.095821837022898 0.11987758949867323 0.014471425487649741 0.076579197281208891 0.39162280701754387 0.017568464436558243 -0.0019634613082820484 0.0014583167965117963 0.28161218452585085 0.57987755767421945 0.022574307741586776 0.062234904086478256
decision_type=10 8 10 10 10 8 10 10 10 10 8 2 10 10 10 8 10 10 10 10 10 8 10 10 10
left_child=1 2 4 5 6 -3 -1 8 14 11 -11 -10 23 21 16 -16 -2 -7 19 -5 -4 -14 -20 -9 -25
right_child=7 3 20 18 -6 17 -8 12 9 10 -12 -13 13 -15 15 -17 -18 -19 22 -21 -22 -23 -24 24 -26
leaf_value=0.00053581655833613584 -3.2512269880131673e-05 -0.0061003815542970607 0.0032089705362158202 -0.0021587120511720893 -0.0036800086987829285 -0.0032996587966571613 0.0048253527281812416 0.0028825356630235509 0.00096072399103310283 -0.0025759639438460774 0.00051915561740818576 -0.00068930987098669632 0.0021715297819270801 -0.0065597735378102639 -0.0029023299333557386 -7.9443814797048982e-05 0.00067369731808682718 0.0027165020469925318 0.0095945256459086456 0.0044229269116298374 0.010797865354363846 0.0092884448909831517 0.0029025143387794708 0.00082777863843119023 -0.0078059025351824079
leaf_weight=1902 107377 207 217 721 289 374 1359 201 4159 2977 1514 11474 519 242 1666 4337 16408 202 203 335 250 561 225 419 238
leaf_count=1902 107377 207 217 721 289 374 1359 201 4159 2977 1514 11474 519 242 1666 4337 16408 202 203 335 250 561 225 419 238
internal_value=4.92496e-07 0.0012471 0.00213489 -0.000325397 0.00148634 -0.0031352 0.00194298 -5.10083e-05 -7.78985e-05 -0.000649839 -0.00174933 -0.00033376 0.00179642 0.00323356 1.07713e-05 -0.00103564 6.15417e-05 -0.00117504 0.0011569 -0.000111637 0.00704701 0.00454949 0.00428438 -0.000416764 -0.00142553
internal_weight=158376 6284 4017 2267 3550 783 3261 152092 149912 20124 4491 15633 2180 1322 129788 6003 123785 576 1484 1056 467 1080 428 858 657
internal_count=158376 6284 4017 2267 3550 783 3261 152092 149912 20124 4491 15633 2180 1322 129788 6003 123785 576 1484 1056 467 1080 428 858 657
is_linear=0
shrinkage=0.02


Tree=108
num_leaves=27
num_cat=0
split_feature=21 35 41 66 72 53 50 69 44 6 43 54 53 44 54 53 54 49 8 8 34 7 69 29 0 14
split_gain=19.4396 27.6083 30.9745 25.0818 23.4551 34.8982 38.5305 21.3855 41.7532 37.1163 32.5487 28.8431 27.7048 21.2509 20.217 30.7985 22.2146 19.0555 17.9015 14.8322 12.4344 10.4838 9.73754 11.6252 9.4134 8.00182
threshold=-0.013126686534718155 0.0099347635676120417 0.015542439779485774 0.95914193898418276 -1.8353486864856075 0.017392014665839839 -0.014189241496917524 -0.19145656822272913 0.16428337884866476 0.04482431517779429 0.1073391713752936 0.57574027341050227 0.020587867958909118 0.063232366629696127 0.5669813713562647 0.013639970853982417 0.52376253655580474 0.032830254452296488 0.0062560469180260271 0.011654516528480941 0.021142159949618246 0.0041826112514800886 0.065558047209543793 -2.7045761411626628 -0.024086248951739716 0.11342677357162824
decision_type=10 10 10 10 8 10 10 10 10 10 10 10 10 10 10 10 8 10 10 10 10 10 8 10 10 10
left_child=1 3 18 14 5 6 -2 8 12 -10 11 -9 -6 -8 16 -16 -1 -4 21 -7 -12 -3 24 -24 -5 -20
right_child=4 2 17 22 7 19 13 10 9 -11 20 -13 -14 -15 15 -17 -18 -19 25 -21 -22 -23 23 -25 -26 -27
leaf_value=0.00025277608250748264 -0.0078245070014989239 0.0024236564269149168 -0.0032704973927277438 0.0010905730482419788 -0.00052991668718584031 0.0078098810674737838 -0.0034816619391026377 0.00028596641476829568 -0.00044933803101003658 -0.010395757313222558 0.0061090520542107871 -0.00054541263256477682 0.0024297891713541912 0.0026468472122155567 0.0022679026707210586 0.00027246576888176289 -0.00091972607192881116 0.0030285859566598771 0.00082773469524261012 -0.00037996320560399361 0.0011033680651113445 0.0054890579204952073 0.0037460174735249713 -0.0011432268928837405 -0.0020142192261702811 0.0041851316657028851
leaf_weight=30519 291 208 357 248 32473 216 1217 40894 314 316 379 17165 1550 335 4954 13499 8744 209 481 205 248 385 283 425 2044 243
leaf_count=30519 291 208 357 248 32473 216 1217 40894 314 316 379 17165 1550 335 4954 13499 8744 209 481 205 248 385 283 425 2044 243
internal_value=-1.61691e-05 0.000257796 0.00264225 0.000183771 -0.000195578 -0.00220662 -0.00339371 -0.000146754 -0.000540717 -0.00563867 8.58452e-05 3.6824e-05 -0.000446097 -0.00213651 0.000276487 0.000822478 1.98146e-05 -0.00126631 0.00432322 0.00298104 0.00461465 0.00689899 -0.0015988 0.000448519 -0.00223201 0.00220414
internal_weight=158202 62599 1883 60716 95603 2264 1843 93339 34653 630 58686 58059 34023 1552 57716 18453 39263 566 1317 421 627 593 3000 708 2292 724
internal_count=158202 62599 1883 60716 95603 2264 1843 93339 34653 630 58686 58059 34023 1552 57716 18453 39263 566 1317 421 627 593 3000 708 2292 724
is_linear=0
shrinkage=0.02


Tree=109
num_leaves=24
num_cat=0
split_feature=4 53 6 14 0 45 45 44 22 32 69 69 34 52 70 33 44 44 60 49 0 17 17
split_gain=18.4207 33.5091 69.4336 72.3855 45.2385 30.957 49.7661 29.3044 41.2667 22.1097 21.9331 20.1318 18.1842 17.8694 32.3397 17.5598 16.9388 13.5691 11.4146 12.5222 7.46546 5.9914 10.2845
threshold=-0.18690598913568232 0.020765563179641202 0.015147959149682175 -0.28372556486100187 -0.011047666938771737 0.018188372896679614 0.012554579058945239 -0.12918327945539967 0.054819319189021561 -0.064249428859076904 0.83502160492192867 -0.47736263516122218 0.013374142962612219 0.88789462569950384 0.26382245491813733 0.14734579120385247 0.074697369416932738 0.057527759699992249 0.33159543028538668 -0.0022538874578417185 0.00018876820265001373 0.2955188771031394 -0.37897906409165122
decision_type=8 10 8 8 10 10 10 8 10 10 10 10 10 2 8 10 10 10 10 10 10 2 2
left_child=5 7 10 -4 -5 6 16 8 -2 11 20 -8 18 15 -15 -9 17 -1 -7 -20 -3 22 -14
right_child=1 2 3 4 -6 12 9 13 -10 -11 -12 -13 21 14 -16 -17 -18 -19 19 -21 -22 -23 -24
leaf_value=0.00025976431402128326 0.00053347264918141002 -0.0052356442185426807 -0.010075390506909136 0.0023577234322592405 -0.00079081280998734738 0.00047203725496781755 0.0069106869175044692 7.0759938123736291e-05 -0.0068011128058830589 -0.0022547181160990737 -0.0054400577888701809 0.0014160251760457069 0.0013599186390500239 0.0019126451086241732 -0.0019259268064457952 -0.00063738235991573028 -0.006696504156979627 0.0073950864910413885 -0.0060430465193785279 -0.0021672949282015787 -0.0014224505429361268 0.0036042036613430583 -0.0023609122929149104
leaf_weight=1851 241 217 344 1284 5116 201 1188 129369 250 222 212 343 497 3067 1050 10750 245 218 230 519 312 368 203
leaf_count=1851 241 217 344 1284 5116 201 1188 129369 250 222 212 343 497 3067 1050 10750 245 218 230 519 312 368 203
internal_value=1.50223e-05 -2.81054e-05 -0.00133289 -0.000693551 -0.000212154 0.00109399 0.00209882 3.93704e-05 -0.00483333 0.00463968 -0.00714016 0.00549478 -0.000930163 5.6005e-05 0.00135454 1.78276e-05 0.000171922 0.000762319 -0.00294217 -0.00407733 -0.00493962 0.000858746 -0.000225392
internal_weight=158297 152212 7485 6744 6400 6085 4067 144727 491 1753 741 1531 2018 144236 4117 140119 2314 2069 950 749 529 1068 700
internal_count=158297 152212 7485 6744 6400 6085 4067 144727 491 1753 741 1531 2018 144236 4117 140119 2314 2069 950 749 529 1068 700
is_linear=0
shrinkage=0.02


Tree=110
num_leaves=19
num_cat=0
split_feature=19 41 37 50 44 47 46 52 52 54 6 53 44 6 72 44 50 16
split_gain=18.5348 34.9511 28.163 24.2024 20.3738 35.8 19.8541 20.2697 30.1732 18.1771 16.4861 58.7021 51.2431 34.3853 26.6451 43.4075 30.5239 11.3687
threshold=1.9330776415161919 0.030117361374297661 0.4413903952285661 0.11198429954846724 0.057527759699992249 -0.0070466305300602708 0.0042285409138495206 0.31451246134255056 0.60896649527140501 0.26539476357806663 0.019798182724293744 0.020765563179641202 -0.12918327945539967 0.014693879811465435 0.40409296997190453 0.15576978428121704 0.071921925095346353 0.076495251928075728
decision_type=10 10 10 10 10 10 10 2 2 10 10 10 8 8 10 10 10 8
left_child=3 6 4 10 5 -3 9 -8 -9 -2 11 12 -1 -13 16 -16 -12 -11
right_child=1 2 -4 -5 -6 -7 7 8 -10 17 14 13 -14 -15 15 -17 -18 -19
leaf_value=-0.0042691384553579619 -0.0024572139587723729 -0.00060338905157115931 -0.0081213545100236439 0.0057040075208533757 0.0015636530760365786 -0.0067521942028742152 -0.0041724752456739986 0.0015468741545988851 -0.00084370118412077449 0.0030651829309057861 2.1774473674186207e-05 -0.0038425747613074213 3.5512541197776326e-05 -0.0012313786876027644 0.0014671616920757114 -0.0039266957822704715 -0.0027232481132234798 0.0011847467796216502
leaf_weight=379 386 630 232 225 318 335 202 2260 8091 641 13644 635 108235 1253 18442 717 786 433
leaf_count=379 386 630 232 225 318 335 202 2260 8091 641 13644 635 108235 1253 18442 717 786 433
internal_value=2.20343e-05 -0.000685786 -0.00354749 8.84026e-05 -0.00238162 -0.00382816 -0.000324455 -0.000627061 -0.000504057 0.00186037 7.81306e-05 -3.97998e-05 2.09732e-05 -0.0035352 0.000466151 0.00095501 -0.000182801 0.00319814
internal_weight=157844 13528 1515 144316 1283 965 12013 10553 10351 1460 144091 110502 108614 1888 33589 19159 14430 1074
internal_count=157844 13528 1515 144316 1283 965 12013 10553 10351 1460 144091 110502 108614 1888 33589 19159 14430 1074
is_linear=0
shrinkage=0.02


Tree=111
num_leaves=19
num_cat=0
split_feature=4 50 53 6 14 72 22 25 69 45 46 40 70 51 2 68 46 6
split_gain=16.2614 28.4135 27.0679 62.7256 44.5991 44.5813 23.027 17.115 27.1567 14.9382 29.0698 14.8282 14.0729 36.5521 13.9372 12.9425 12.593 9.61766
threshold=-0.23336220962815138 0.071921925095346353 0.020765563179641202 0.014301352796985424 -0.32459048273431573 0.89106675916286726 0.090377993885921951 -1.8989603227860805 0.18398599884355465 0.018438701294419196 0.011667000111237062 0.056850880940760795 -1.2417227077992512 0.29845360824742273 -0.070101050629576653 -1.7786363828488183 0.0099684042768321043 0.060421667068357159
decision_type=8 10 10 8 8 8 10 8 10 10 10 10 8 2 10 8 10 10
left_child=1 9 7 6 -5 -6 -4 8 -2 10 16 17 13 -9 -12 -14 -1 -11
right_child=2 -3 3 4 5 -7 -8 12 -10 11 14 -13 15 -15 -16 -17 -18 -19
leaf_value=0.0017389794389817603 -0.00010629309834725938 0.0079744854651762863 -0.0022507447926102828 -0.0090722981293482816 -0.00070888184989429033 0.0038718192093675765 -0.0054325645877530823 -0.0048037972045801456 0.0093748712209717928 -0.0020780767164357344 0.0074918928440211932 0.0033825296629458978 -0.0016734660108801811 -0.00042158036982888807 0.0024951254946822955 5.7305213973334461e-05 -0.0043410640138591894 0.0016067113121171323
leaf_weight=866 321 245 347 261 6500 845 245 332 242 855 384 350 2642 1817 406 140938 276 310
leaf_count=866 321 245 347 261 6500 845 245 332 242 855 384 350 2642 1817 406 140938 276 310
internal_value=-1.50459e-06 0.00131005 -3.28692e-05 -0.00115112 -0.000662285 -0.00037272 -0.00741653 2.97895e-05 0.00350709 0.000840487 0.00200621 -0.000645119 1.63178e-05 -0.00158977 0.00495322 4.03814e-05 -3.32458e-05 -0.0017307
internal_weight=158182 3692 154490 8198 7606 7345 592 146292 563 3447 1932 1515 145729 2149 790 143580 1142 1165
internal_count=158182 3692 154490 8198 7606 7345 592 146292 563 3447 1932 1515 145729 2149 790 143580 1142 1165
is_linear=0
shrinkage=0.02


Tree=112
num_leaves=26
num_cat=0
split_feature=32 44 57 53 53 44 27 43 9 9 32 16 53 7 53 75 8 36 78 37 44 25 47 16 2
split_gain=18.4014 33.2324 34.8873 31.6645 24.5278 20.7104 26.1742 25.6537 82.2382 50.2967 21.5043 26.7918 26.2451 84.2871 21.1784 17.1146 16.6463 15.8144 15.1273 9.46352 9.14465 9.25509 7.24165 6.00641 5.18459
threshold=0.23307934719532422 0.10184831294004694 0.43151405612266552 0.020841569645630654 0.014833287004906749 0.1062109515439026 -0.13353186272746589 0.051227593454310501 1.848279388039612 0.89046443510038753 -0.27617093460708475 0.048017817642298517 0.020765563179641202 0.012798435258363265 0.020587867958909118 0.30647860386685849 0.0075567685638992981 -0.19641039704367688 -1.4494418992301934 -0.84285058679876701 0.071111811361514468 -0.44330977541306987 -0.0011081967614572361 0.09367700728012153 0.12152595294963854
decision_type=10 10 8 10 10 10 8 10 10 8 8 10 10 10 10 10 10 10 10 10 10 10 10 10 10
left_child=5 16 3 -3 22 10 -7 9 -9 -8 11 17 14 -14 -12 -6 20 -1 23 -20 21 -2 -4 -18 -13
right_child=1 2 4 -5 15 6 7 8 -10 -11 12 24 13 -15 -16 -17 18 -19 19 -21 -22 -23 -24 -25 -26
leaf_value=0.0057858115808989228 -0.0011275438284725097 0.0044521125585167158 -0.0028040776782959609 -0.0081513639816037514 0.01010261346932851 -0.0054249320867687306 -0.0027905764981291624 0.0017730264335992319 -0.0079152437468541711 0.00017648140470756724 4.6965209238295983e-05 0.0043601032724256208 -0.002871589125858848 0.00040119778084594021 0.00326204081699627 0.0037139808163424515 -0.0026512248982673839 -0.0012579625504006808 0.0054792173263692638 -0.00073578486042909621 0.0042132388469605939 0.0031718413360097724 0.003038537516544182 -0.0057117545461478261 0.010516588338592288
leaf_weight=574 225 378 216 264 537 345 3084 2960 512 3460 132640 267 2332 4056 698 928 285 709 200 2090 208 251 212 202 209
leaf_count=574 225 378 216 264 537 345 3084 2960 512 3460 132640 267 2332 4056 698 928 285 709 200 2090 208 251 212 202 209
internal_value=2.02606e-05 0.00110689 0.00284621 -0.00117885 0.00421225 -2.26412e-05 -0.000885736 -0.000698612 0.000690469 -0.00143591 4.05552e-05 0.0022375 1.28679e-05 -0.00123932 7.28819e-05 0.00544202 -0.000166956 0.00073053 -0.000856012 -0.000173723 0.00262482 0.00108595 0 -0.00405328 0.00628512
internal_weight=157842 5996 2535 642 1893 151846 10361 10016 3472 6544 141485 1759 139726 6388 133338 1465 3461 1283 2777 2290 684 476 428 487 476
internal_count=157842 5996 2535 642 1893 151846 10361 10016 3472 6544 141485 1759 139726 6388 133338 1465 3461 1283 2777 2290 684 476 428 487 476
is_linear=0
shrinkage=0.02


Tree=113
num_leaves=22
num_cat=0
split_feature=32 14 44 63 16 32 45 54 40 78 40 51 9 30 29 0 45 45 25 0 8
split_gain=14.4246 25.953 41.523 27.8741 12.2952 32.0777 24.7413 23.9796 21.0777 17.5919 18.4564 30.5655 24.7333 13.5833 19.065 16.453 12.0624 10.6429 10.0713 9.21292 5.63539
threshold=0.32248816140126663 -0.2679573375709432 0.10410270243662935 0.31969845845808736 0.077584176301046318 -0.24621384492139956 0.010106066740271787 0.46630504308690285 0.0021400484349014255 1.886259294010366 0.014642318203524969 0.017455980570734674 0.91809406935900129 0.79762688343425325 -2.6457136865313617 -0.0082869187284268491 0.0094090381837638199 0.0060342609507048279 -0.78199252933487362 0.013099150264770711 0.016534983221102025
decision_type=10 10 10 10 8 8 10 8 10 10 8 2 10 10 10 10 10 10 10 10 10
left_child=4 -2 16 -4 9 19 8 -8 -7 10 11 -1 -12 14 -11 -15 17 -3 -5 -6 -18
right_child=1 2 3 18 5 6 7 -9 -10 13 12 -13 -14 15 -16 -17 20 -19 -20 -21 -22
leaf_value=-0.0046749989527142197 -0.0081894805076872298 0.00058451862445347311 0.013382208033267789 0.0066597666255465305 0.0078432457873517693 -0.00031419021091856061 -0.0044882765004603843 -0.0013242326074366251 0.0052194041764835313 0.0037606486365350258 0.0042556876847322468 2.4069662743600172e-05 0.00058246843207595937 -0.0045145819818469398 -0.00099247464580322071 -0.0013971965414467599 0.0053233657916567879 -0.0055450006518446941 0.001829413097089837 0.0021632407500088409 2.9997198929866755e-05
leaf_weight=271 209 425 254 201 279 18789 535 4228 212 324 980 123711 2942 342 1805 975 207 370 572 234 200
leaf_count=271 209 425 254 201 279 18789 535 4228 212 324 980 123711 2942 342 1805 975 207 370 572 234 200
internal_value=-3.45299e-05 0.00149159 0.00212466 0.00507588 -5.84599e-05 -0.00047195 -0.000578919 -0.00186776 -0.000255657 1.79519e-05 5.59634e-05 1.32115e-05 0.00140658 -0.00139194 -0.000402817 -0.00298786 -0.00039734 -0.00183166 0.00317571 0.00447082 0.00239706
internal_weight=158065 2438 2229 1027 155627 24277 23764 4763 19001 131350 127904 123982 3922 3446 2129 1317 1202 795 773 513 407
internal_count=158065 2438 2229 1027 155627 24277 23764 4763 19001 131350 127904 123982 3922 3446 2129 1317 1202 795 773 513 407
is_linear=0
shrinkage=0.02


Tree=114
num_leaves=30
num_cat=0
split_feature=67 52 50 59 53 45 50 9 78 54 50 52 75 51 57 41 45 48 5 53 45 53 10 50 54 53 54 30 22
split_gain=17.059 20.2135 28.6259 22.7747 26.9114 17.4392 32.3077 34.1 28.8986 20.9752 29.7919 16.4742 15.6931 14.1681 13.9054 28.7666 41.8863 65.8312 48.6568 30.3445 42.845 35.8356 19.5337 27.8345 35.4804 17.2829 21.0018 18.4045 13.5355
threshold=0.90250366355165468 0.65679092149680396 0.015121133400749056 0.53578953905664328 0.0124930391412386 0.010687146621193739 0.030519293698927922 0.93875869918984678 0.10376617760639724 0.57853630433848235 0.050054279841937339 0.60545601888554168 1.048425594811859 0.66390769573144126 0.71835397914624377 0.026653010398889235 0.013277514541601062 -0.02754401283897356 0.023097840375310961 0.013617060081730194 0.0042638229464741677 0.015656709494205306 2.0347838804291949 0.044111952976337861 0.4198856555192626 0.012931748976603461 0.39596892313583104 0.69868849900325125 0.051430629561278647
decision_type=10 2 10 10 10 10 10 10 10 10 10 2 10 2 10 10 10 10 10 10 10 10 10 10 10 10 10 10 8
left_child=14 2 3 4 -2 9 7 -7 -8 10 -3 -5 13 -4 22 19 17 -17 -18 20 -16 -21 25 24 -24 27 -27 -1 -11
right_child=1 5 12 11 -6 6 8 -9 -10 28 -12 -13 -14 -15 15 16 18 -19 -20 21 -22 -23 23 -25 -26 26 -28 -29 -30
leaf_value=0.00046652929965998306 -0.0037425947829810135 -0.00093799620661874498 0.00019104497531432024 0.0011314348190196622 -0.00050908862868797862 -0.0088552562287918819 0.0031917008475276501 -0.0018631897153339233 -0.0040887779218722661 -0.0013432709383551622 -0.0061588918032908961 -0.0021180458242509369 0.0071259226487899495 0.0040169612193507098 0.0018058348322560281 0.007185669157696418 -0.0061052188487361958 -0.001519487890304946 -0.00061932949220389391 0.0018083588256991377 -0.00081543830195555239 0.00025374860436079924 -0.0013410795119052998 -0.0049549573633071858 0.0061280979285988774 -0.0010238897589559682 -0.00011931032501402539 -0.00070186247304424249 0.0022738781793285525
leaf_weight=24471 843 7422 942 4273 3561 288 390 223 512 514 641 652 228 542 3616 361 453 1627 471 8071 8536 8010 656 314 1433 8350 63843 5742 1141
leaf_count=24471 843 7422 942 4273 3561 288 390 223 512 514 641 652 228 542 3616 361 453 1627 471 8071 8536 8010 656 314 1433 8350 63843 5742 1141
internal_value=-1.76946e-05 -0.000532089 7.40808e-05 -0.000362058 -0.00140704 -0.00113349 -0.00320934 -0.00722266 -0.000928018 -0.000831155 -0.00125223 0.000572067 0.00245067 0.00169562 6.61837e-05 0.000437231 -0.00145486 0.00017999 -0.00497081 0.0006325 -0.000121616 0.00120246 -4.40607e-05 0.00173794 0.00257321 -8.59121e-05 -0.00025401 0.000315681 0.0012186
internal_weight=158126 22172 11041 9329 4404 11131 1413 511 902 9718 8063 4925 1712 1484 135954 31145 2912 1988 924 28233 12152 16081 104809 2403 2089 102406 72193 30213 1655
internal_count=158126 22172 11041 9329 4404 11131 1413 511 902 9718 8063 4925 1712 1484 135954 31145 2912 1988 924 28233 12152 16081 104809 2403 2089 102406 72193 30213 1655
is_linear=0
shrinkage=0.02


Tree=115
num_leaves=21
num_cat=0
split_feature=19 41 45 8 46 53 50 41 52 52 70 49 60 34 7 32 69 33 45 26
split_gain=15.518 50.0337 32.6269 21.731 20.6387 23.1236 18.6302 16.4331 16.1516 24.8643 15.4663 23.9932 14.9462 14.4679 22.5403 16.9526 14.1187 12.5553 8.5005 7.44345
threshold=1.9330776415161919 0.030117361374297661 0.011930572666758116 0.015729535265838285 0.0042285409138495206 0.013034267861342092 0.11198429954846724 0.015657958124913666 0.31451246134255056 0.60896649527140501 -1.2417227077992512 -0.016455705772573045 0.71835397914624377 0.027000195143582671 0.03477748638306543 -0.11870688376498782 0.58201787181652365 0.057594778827550715 0.0042969253208843409 1.0940747730517744
decision_type=10 10 10 10 10 10 10 10 2 2 8 10 10 10 10 8 8 10 10 8
left_child=6 4 12 -4 5 18 10 -7 -6 -10 11 19 17 14 -12 -15 -13 -3 -2 -1
right_child=1 2 3 -5 8 7 -8 -9 9 -11 13 16 -14 15 -16 -17 -18 -19 -20 -21
leaf_value=-0.0023628265126374817 0.0014365372679512017 -0.0023612702235609874 -0.0078434745432462444 -0.0040626585784524424 -0.0040199907400051511 0.0012416977482953028 0.0039091660577030354 -0.0041533060676758934 0.0012974599275748582 -0.0007521878414264864 3.8907361829830168e-05 0.00012111770503818595 -0.0054365153132357171 0.0052201427948282246 -0.0023760810433611922 0.00079286760069730662 -0.0022812649728636857 0.0016354977095452941 0.0045955564870124076 -0.0068776825170862501
leaf_weight=214 420 226 250 326 212 471 209 222 2291 8128 138894 1358 242 565 1009 1799 403 486 386 200
leaf_count=214 420 226 250 326 212 471 209 222 2291 8128 138894 1358 242 565 1009 1799 403 486 386 200
internal_value=-2.31063e-05 -0.000667447 -0.00407446 -0.00783016 -0.000237243 0.00195867 3.77319e-05 -0.000717579 -0.000547216 -0.000435509 2.90634e-05 -0.0016443 -0.00179895 5.46715e-05 2.84338e-05 0.00160592 -0.000623156 -0.000333801 0.00426022 -0.00597108
internal_weight=158311 13660 1530 576 12130 1499 144651 693 10631 10419 144442 2175 954 142267 139903 2364 1761 712 806 414
internal_count=158311 13660 1530 576 12130 1499 144651 693 10631 10419 144442 2175 954 142267 139903 2364 1761 712 806 414
is_linear=0
shrinkage=0.02


Tree=116
num_leaves=27
num_cat=0
split_feature=34 42 9 5 43 15 57 53 44 59 53 50 20 72 42 52 1 52 57 58 43 44 69 78 6 56
split_gain=14.802 20.8634 19.6418 17.894 29.3529 18.2442 16.9826 21.8223 21.3428 16.6599 24.4735 17.7534 16.644 16.0262 26.5674 27.1007 13.8602 20.5682 22.1534 16.7066 21.4499 21.3332 16.0301 8.62024 7.68979 7.52333
threshold=1.6241978710204818e-05 0.0065143588825852259 -0.44381680235841231 0.010971191270869029 0.057674958098814406 0.0090568747103813036 0.52426171136085464 0.013940934576118294 0.016168688156619208 0.45654369784804572 0.010900370658205363 0.030704780818525016 0.040104223671255664 -2.0826278530100661 0.012776128740270233 0.61771370526644798 0.038214633954850592 0.92841880341880356 0.55220635950681396 0.49677413387228814 0.051227593454310501 0.074697369416932738 1.5357108329310452 -0.17364126354052864 0.018709703744029294 0.48370224445526594
decision_type=10 10 8 10 10 10 8 10 10 10 10 10 10 8 10 2 10 2 10 10 10 10 10 10 10 10
left_child=1 6 -3 4 -4 -5 9 12 -9 10 -1 -11 -8 14 15 24 17 22 -19 20 -18 -21 -15 -17 -2 -16
right_child=13 2 3 5 -6 -7 7 8 -10 11 -12 -13 -14 16 25 23 19 18 -20 21 -22 -23 -24 -25 -26 -27
leaf_value=0.0027843376714327388 -0.0029489543188933424 0.0050642765541754689 0.0012629872687161077 -0.00039290661351237967 0.0044569910866496401 0.0012403745482069803 -0.00044590351664034703 -0.00025434569634752798 0.0026915930840789395 0.00037976103334691187 -0.0020643977296611639 -0.0033039354088877943 0.0036407955373451342 -6.2757882465939375e-05 0.0058490654295230175 -0.0090243690161179689 -0.0015150337591731636 -4.9255754228819809e-05 0.0034358414112004381 0.00031449627695747122 0.00071218449599424073 -0.0017720043885776238 0.0013672753281282872 -0.0044976404451136818 0.0023900384739553395 -0.0005474696075410836
leaf_weight=254 311 360 4229 6214 200 4026 5268 1389 2134 3507 2676 442 249 101047 223 202 4529 803 792 9234 1098 3519 4792 205 201 294
leaf_count=254 311 360 4229 6214 200 4026 5268 1389 2134 3507 2676 442 249 101047 223 202 4529 803 792 9234 1098 3519 4792 205 201 294
internal_value=-2.01013e-06 0.000390255 0.000924684 0.000811043 0.00187314 0.000351333 -0.000114196 0.000455481 0.00168502 -0.000863081 -0.00200546 -1.46835e-05 -0.000329467 -9.74295e-05 -0.00219763 -0.00423696 -7.34253e-05 1.33848e-05 0.00226692 -0.000580926 -0.00148863 -0.000180179 -2.05782e-05 -0.00808333 -0.00116569 0.00142471
internal_weight=158198 30948 15029 14669 4429 10240 15919 9040 3523 6879 2930 3949 5517 127250 1436 919 125814 107434 1595 18380 5627 12753 105839 407 512 517
internal_count=158198 30948 15029 14669 4429 10240 15919 9040 3523 6879 2930 3949 5517 127250 1436 919 125814 107434 1595 18380 5627 12753 105839 407 512 517
is_linear=0
shrinkage=0.02


Tree=117
num_leaves=23
num_cat=0
split_feature=78 6 41 44 54 53 42 54 10 45 44 71 10 53 71 69 18 33 70 0 40 28
split_gain=16.2803 19.7736 49.5309 38.1975 54.3994 45.2695 32.1748 30.9452 24.1999 44.3667 29.8312 20.8701 20.376 17.4477 11.0046 10.5941 9.91403 8.52019 10.2166 8.28742 6.68751 4.94453
threshold=1.9636663802051564 0.018709703744029294 0.047384893400697077 0.12426041513643817 0.47463210634266922 0.022033085145083061 0.024424351612015619 0.48983028942618301 1.2175533667883058 0.016248102843130916 0.17681011950591644 -0.1751136644006778 0.78298113094037725 0.013931050615275895 1.9143870644815364 0.55710300487887532 51.305763469069554 -0.17664520872869857 2.4506067413423991 0.008335470893948373 -7.0873572985306849e-05 -0.11134384099687004
decision_type=10 10 10 10 10 10 10 10 10 10 10 10 8 10 10 10 10 10 10 10 10 10
left_child=1 2 3 5 -5 -1 8 13 10 -10 -3 -9 -4 -8 15 17 -17 -2 -19 -18 -16 -22
right_child=14 6 12 4 -6 -7 7 11 9 -11 -12 -13 -14 -15 20 16 19 18 -20 -21 21 -23
leaf_value=4.7668524034739927e-08 -0.0038516779417095081 -0.00013149866896821366 -0.005483486763153053 -0.0057672296691436741 -0.00024935545940119421 -0.0034423916391804039 -0.0056883890144092362 -0.0011066446083661354 0.0021983979096668422 -0.0016747069971288255 0.0031397831732045763 0.00069150122213523931 -0.0014523219656586189 -0.0013587406127167168 -0.0056306340921679337 0.0033593399065863119 0.0020522531609979489 -0.0011526906135352717 0.00157673271159265 -0.0034763236263672839 -0.0061649364079243265 0.00010967862139623335
leaf_weight=109212 215 12843 274 824 1692 790 791 2105 14665 1716 754 6167 314 1798 262 227 476 1967 384 255 201 219
leaf_count=109212 215 12843 274 824 1692 790 791 2105 14665 1716 754 6167 314 1798 262 227 476 1967 384 255 201 219
internal_value=-1.75654e-05 1.59666e-05 -0.000120222 -8.99226e-05 -0.00252602 -3.41627e-05 0.000393193 -0.000539311 0.000731112 0.00124881 0.000107222 5.77783e-05 -0.00590492 -0.0024471 -0.00124507 -0.000793759 0.000998957 -0.00146397 -0.0011131 -0.00013388 -0.00356955 -0.0019905
internal_weight=158151 153945 113106 112518 2516 110002 40839 10861 29978 16381 13597 8272 588 2589 4206 3524 958 2566 2351 731 682 420
internal_count=158151 153945 113106 112518 2516 110002 40839 10861 29978 16381 13597 8272 588 2589 4206 3524 958 2566 2351 731 682 420
is_linear=0
shrinkage=0.02


Tree=118
num_leaves=21
num_cat=0
split_feature=19 41 45 9 50 46 8 42 59 10 45 42 10 10 53 50 39 44 4 46
split_gain=14.8678 35.5166 31.6735 34.129 24.3189 17.7284 16.9235 14.8197 46.0954 26.0811 16.9667 14.81 39.1405 27.9215 14.5477 10.7457 16.4323 10.5499 15.6697 14.7455
threshold=1.9330776415161919 0.030117361374297661 0.011930572666758116 1.0479738662874369 0.11198429954846724 0.0083314998401078783 0.015065562091018251 0.048519091472128746 0.84722095339021763 0.65468323428481112 0.012554579058945239 0.0064261104393029686 -0.055937828098538277 -0.055937828098538277 0.01121179493763527 0.0052404787379354287 -0.027122202966113004 0.048801836542329731 -0.041420671756249854 0.009711183688914788
decision_type=8 10 10 10 10 10 8 10 8 10 10 10 8 8 8 10 10 8 8 10
left_child=4 14 3 5 7 -3 -4 11 9 -9 -10 12 -1 -13 15 -2 -17 18 -16 -19
right_child=1 2 6 -5 -6 -7 -8 8 10 -11 -12 13 -14 -15 17 16 -18 19 -20 -21
leaf_value=-0.004952558392101963 0.0053264835115758571 -0.00085099990092479794 -0.0074873642530590727 -0.0040820578479702323 0.0049219911050200757 0.0044170811020905519 -0.0039418138852495331 -0.0038336265577770148 0.00020564811503677338 -0.00084387515827354825 0.0069113214547986057 0.0030436290555428147 -5.7160068506340799e-05 0.00021460981118000987 0.0023495972328025495 0.0025684456204885056 -0.001756810473382552 0.00035874355353938931 -0.0013364973824229792 -0.0023177866128242471
leaf_weight=774 210 208 224 367 220 363 334 864 370 3395 436 921 67454 68383 530 521 263 6267 4701 1094
leaf_count=774 210 208 224 367 220 363 334 864 370 3395 436 921 67454 68383 530 521 263 6267 4701 1094
internal_value=-4.67384e-06 -0.00060187 -0.00352572 -0.00127583 5.8382e-05 0.00177972 -0.00729517 4.80932e-05 -0.00101421 -0.0018446 0.00336803 8.72372e-05 -0.000121913 0.000293168 -0.000279532 0.00204824 0.000965605 -0.000463591 -0.00115023 2.41782e-05
internal_weight=157899 15082 1496 938 142817 571 558 142597 5065 4259 806 137532 68228 69304 13586 994 784 12592 5231 7361
internal_count=157899 15082 1496 938 142817 571 558 142597 5065 4259 806 137532 68228 69304 13586 994 784 12592 5231 7361
is_linear=0
shrinkage=0.02


Tree=119
num_leaves=21
num_cat=0
split_feature=32 14 56 66 33 43 7 53 6 22 50 54 19 36 6 51 32 9 52 54
split_gain=17.1782 25.2105 17.1263 18.8874 16.189 21.9963 23.012 24.9601 15.8602 26.4048 26.4473 25.9514 22.8202 21.2348 14.9417 13.219 13.5626 8.99343 13.3942 8.23627
threshold=0.32248816140126663 -0.28372556486100187 0.95937565144882231 0.10481264819239608 0.14734579120385247 0.067346497821808363 0.020129556318358815 0.019811337062126514 0.035539652476200896 -0.24907056864409285 0.052465692133184312 0.64237733968667665 1.996745410882127 -0.0019634613082820484 0.021007743477873236 0.75440093563198485 0.047079270778298606 0.83414658773531125 0.72346894575503151 0.45794707453857358
decision_type=10 10 10 10 10 10 10 10 10 10 10 10 10 10 8 2 8 10 2 10
left_child=4 -2 17 -4 8 6 7 -6 11 10 -10 14 -11 -13 -1 -7 -17 -3 -19 -5
right_child=1 2 3 19 5 15 -8 -9 9 12 -12 13 -14 -15 -16 16 -18 18 -20 -21
leaf_value=-8.6297669592118247e-05 -0.0071421012494416146 0.0066725751053868 -0.0032104017707111966 0.00057121593361527615 -0.00075938299341696725 0.0034549843984308481 0.0060262352647472593 -0.0031151550251584561 0.00024454831520823449 -0.0010719648068215416 0.0094456514212248061 0.00010502635819359456 -0.0051934000151341985 0.0015496719608393556 0.00055474960600728959 -0.00025916525846720522 0.0035922681336050056 0.0065530197961853531 0.00048202604427596314 0.0063769025750666291
leaf_weight=105873 206 201 371 456 9369 283 287 1114 699 4668 200 4612 285 4615 21928 1268 262 311 338 538
leaf_count=105873 206 201 371 456 9369 283 287 1114 699 4668 200 4612 285 4615 21928 1268 262 311 338 538
internal_value=-1.24014e-05 0.00165896 0.00228249 0.000891654 -3.84526e-05 -0.00072616 -0.00106935 -0.00122262 2.21023e-05 -0.000997437 0.00215333 6.56649e-05 -0.00157004 0.00108994 -8.27843e-06 0.00131092 0.000573481 0.00450999 0.00335077 0.00232965
internal_weight=157884 2421 2215 1365 155463 12583 10770 10483 142880 5852 899 137028 4953 9227 127801 1813 1530 850 649 994
internal_count=157884 2421 2215 1365 155463 12583 10770 10483 142880 5852 899 137028 4953 9227 127801 1813 1530 850 649 994
is_linear=0
shrinkage=0.02


Tree=120
num_leaves=18
num_cat=0
split_feature=39 25 50 28 54 49 32 50 14 10 43 46 42 42 14 21 19
split_gain=16.6487 22.6649 16.7726 14.5336 23.1873 17.1261 13.9366 23.4225 24.6817 14.997 43.6987 20.4974 13.9962 13.6954 9.94173 9.82477 9.58522
threshold=-0.07265175822292623 -1.058741268405516 0.11198429954846724 -0.095109073973665123 0.70838185054476621 0.013102080847152477 0.21128816567500777 0.039109424759590568 -0.2679573375709432 2.1457213304527802 0.046233088752169922 0.0044955487679037938 -0.01346065179162753 0.001726241879752566 -0.009234888741587231 0.0097534782576538821 1.8376847614023517
decision_type=8 8 10 10 10 8 10 10 10 10 10 8 10 10 10 10 10
left_child=1 -1 6 5 13 15 9 12 -9 11 -11 -2 -8 -5 -6 -3 -7
right_child=2 3 -4 4 14 16 7 8 -10 10 -12 -13 -14 -15 -16 -17 -18
leaf_value=0.0051425084595359575 0.00055007298195093829 -0.0031860626269939454 0.0052857614396662157 0.0012223057061657705 -0.0071590352222706231 0.0038255241987336943 0.0023075495845508876 -0.0041537660963759573 0.0033203724384326932 0.0035361325749414599 -0.011623352807048033 -0.00012606410993953253 -0.0006696222866253873 -0.0019787094211473006 -0.0024461420844971537 0.0006425498895329207 -0.0018288713828351327
leaf_weight=240 15953 412 212 669 210 764 997 210 2371 2471 234 126081 3563 3114 203 299 292
leaf_count=240 15953 412 212 669 210 764 997 210 2371 2471 234 126081 3563 3114 203 299 292
internal_value=-2.53828e-05 -0.00104094 1.60297e-05 -0.00128404 -0.00192471 0.000236425 8.15112e-06 0.000870624 0.00239272 -3.43927e-05 0.0014405 -6.25057e-05 8.33151e-06 -0.00143182 -0.00642029 -0.00216011 0.00185241
internal_weight=158295 6203 152092 5963 4196 1767 151880 7141 2581 144739 2705 142034 4560 3783 413 711 1056
internal_count=158295 6203 152092 5963 4196 1767 151880 7141 2581 144739 2705 142034 4560 3783 413 711 1056
is_linear=0
shrinkage=0.02


Tree=121
num_leaves=22
num_cat=0
split_feature=32 44 57 39 25 43 9 52 36 44 9 28 57 40 36 27 50 77 6 27 72
split_gain=20.3522 25.0752 29.2869 13.5442 24.0793 17.512 44.1977 32.6682 30.4194 25.0844 50.1199 23.3837 14.9404 12.9184 10.9363 10.6928 9.63331 9.24926 11.9306 8.85458 6.24551
threshold=0.32248816140126663 0.10184831294004694 0.22389682024659316 -0.07265175822292623 -0.63436177610890054 0.052023794148548304 1.7570160080423631 0.85552616108171675 -0.060440366444626976 0.11987758949867323 0.89046443510038753 -0.19869186530094993 0.2557895763248989 0.00099696327467118664 -0.23407664367581646 -0.0060596856851006234 0.055917013758482022 -0.48553990209719206 0.03347549212562196 -0.0064719687828471697 0.57643945158443965
decision_type=10 10 8 8 10 10 10 2 10 10 8 8 8 10 10 10 10 10 10 10 10
left_child=3 17 -3 4 12 9 7 -7 -8 11 -11 -5 -1 15 -6 -4 -16 -2 20 -14 -19
right_child=1 2 13 5 14 6 8 -9 -10 10 -12 -13 19 -15 16 -17 -18 18 -20 -21 -22
leaf_value=0.008844017929371898 0.0040274246778720666 -0.0041471837493455115 0.0025126542723998852 0.0014426362872383464 0.0048730082895006716 0.00031217315828342511 -0.0074923608163325849 0.0021701013903640876 0.00042710540984681751 -0.0030370761079857945 0.00022788178808668826 -8.3876994323780967e-05 0.0031747782199532211 0.010543878522328591 -0.0013091976233737417 0.0092864549829561136 -0.0044725733523735571 0.0033918414430885902 -0.0071587823624441075 -0.0015329764137973906 -0.0014789275245510112
leaf_weight=242 342 209 449 6394 254 8292 717 3731 820 2326 2973 124529 297 317 4302 221 530 308 305 368 271
leaf_count=242 342 209 449 6394 254 8292 717 3731 820 2326 2973 124529 297 317 4302 221 530 308 305 368 271
internal_value=-3.67767e-05 0.00178209 0.00384127 -6.50806e-05 -0.000997331 -2.77602e-05 0.000657621 0.00106603 -0.00253446 -9.60043e-05 -0.00144491 -4.13828e-05 0.0020022 0.00528138 -0.00153293 0.003693 -0.00174591 -0.000226569 -0.00130847 0.000447447 0.000375862
internal_weight=158197 2422 1196 155775 5993 149782 13560 12023 1537 136222 5299 130923 907 987 5086 670 4832 1226 884 665 579
internal_count=158197 2422 1196 155775 5993 149782 13560 12023 1537 136222 5299 130923 907 987 5086 670 4832 1226 884 665 579
is_linear=0
shrinkage=0.02


Tree=122
num_leaves=21
num_cat=0
split_feature=23 57 52 14 43 78 51 52 50 41 51 57 28 8 4 28 66 0 8 19
split_gain=17.064 22.1446 18.6086 48.8195 30.7765 17.2335 16.2355 18.7141 36.1378 33.0759 44.307 27.7805 27.0375 25.7677 16.0527 12.3147 10.5935 8.48391 8.17921 7.45578
threshold=0.037515529057833182 0.97870072131742514 0.88789462569950384 0.044732398833998717 0.052023794148548304 2.0431398716923481 0.017455980570734674 0.60896649527140501 0.0074238207632112427 0.0083481539330804173 0.71353216750706305 0.15628345824411136 -0.0045169616543193061 0.010687405829506787 -0.065904585637425281 -0.027112600445966025 0.39585481099656361 0.011396202023184922 0.014345487890496287 0.56644198514780131
decision_type=10 10 2 8 10 10 2 2 10 10 2 8 8 10 10 10 10 10 10 10
left_child=1 2 5 16 -5 14 -2 9 12 13 -11 -10 -9 -8 -1 -7 -4 18 19 -3
right_child=6 17 3 4 -6 15 7 8 11 10 -12 -13 -14 -15 -16 -17 -18 -19 -20 -21
leaf_value=0.00053133824108150547 -0.0059819731364104921 0.00094488766116657466 0.0010491903072011428 0.00075494146697170248 0.0044553776319467111 -0.0018252504928060272 -0.0010683223798712319 -0.0019462427283544639 -0.0031540116594174885 0.0032644531065696204 -0.00053004658236173484 -0.00023879562659610804 -0.0086717315805503875 0.00072875975506521277 -4.1112876660069796e-05 0.0011015462292343458 -0.0017577610660716835 -7.9654084028650825e-05 0.011732108881343612 0.0043401838882788715
leaf_weight=26396 234 409 596 739 1001 1841 6750 721 1978 2297 1665 20190 319 5269 86106 232 1048 301 219 255
leaf_count=26396 234 409 596 739 1001 1841 6750 721 1978 2297 1665 20190 319 5269 86106 232 1048 301 219 255
internal_value=-6.04161e-06 0.000113291 8.59444e-05 0.00154742 0.00388168 4.27489e-05 -0.000366731 -0.000335239 -0.000697919 0.00019134 0.00177593 -0.000526772 -0.00434006 -0.000330948 7.60691e-05 -0.00176374 -0.000922796 0.00283376 0.00382127 0.00270376
internal_weight=158566 119143 117959 3384 1740 114575 39423 39189 23208 15981 3962 22168 1040 12019 112502 2073 1644 1184 883 664
internal_count=158566 119143 117959 3384 1740 114575 39423 39189 23208 15981 3962 22168 1040 12019 112502 2073 1644 1184 883 664
is_linear=0
shrinkage=0.02


Tree=123
num_leaves=21
num_cat=0
split_feature=9 75 72 54 54 70 54 4 54 10 44 44 19 41 50 53 44 46 50 38
split_gain=16.4926 17.3059 15.4526 26.9798 30.6339 26.7045 27.6477 19.6913 19.434 15.3846 18.76 26.592 14.9554 34.0362 16.7624 12.7914 21.3409 20.7063 14.212 10.651
threshold=-0.44381680235841231 0.86689087406988075 -1.8353486864856075 0.56052014714107801 0.51042087342324793 -0.67812915617651115 0.66004857915868043 0.094280372814194893 0.58494636763893593 0.045296600186699225 0.077141766390349323 0.053271726519368075 1.9539555212719026 0.030461029137736188 0.11198429954846724 0.015184599558964427 0.088579226193906027 0.0074337567751160665 0.047543072536691329 0.95082559795684995
decision_type=8 8 8 10 10 10 10 10 10 8 10 10 10 10 10 10 8 10 10 10
left_child=1 15 3 4 7 6 -5 -2 -7 10 11 -4 14 -14 -11 16 19 -17 -19 -1
right_child=2 -3 9 5 -6 8 -8 -9 -10 12 -12 -13 13 -15 -16 17 -18 18 -20 -21
leaf_value=-0.0018284803824115828 0.00033460374142430264 -0.003292168124698749 0.002754209098584487 -0.0068129944974061373 0.0051653713403668833 -0.0053032709045220949 -0.00012604548805860539 -0.0042064778334457284 0.0025388668265836321 7.1237540273970387e-06 0.0047988853139304148 -0.0035738592626293432 -0.00027316850423633618 -0.0025298738926715966 0.004076678586892488 0.0060231948908572351 0.0071269402633394674 -0.0020683510560119567 0.0054326411654252232 0.0011795479481945315
leaf_weight=551 905 297 388 511 357 264 223 366 338 138829 329 258 10925 1386 205 294 211 213 206 907
leaf_count=551 905 297 388 511 357 264 223 366 338 138829 329 258 10925 1386 205 294 211 213 206 907
internal_value=-2.64491e-05 0.0015291 -5.33084e-05 -0.00148331 0.000244322 -0.00358863 -0.00614694 -0.00120912 -0.000461028 -2.54594e-05 0.00247746 0.000491499 -4.16133e-05 -0.000709714 1.75352e-05 0.00209736 0.00113653 0.00433894 0.00147143 0.00027279
internal_weight=157963 2679 155284 2964 1628 1336 734 1271 602 152320 975 646 151345 12311 139034 2382 1669 713 419 1458
internal_count=157963 2679 155284 2964 1628 1336 734 1271 602 152320 975 646 151345 12311 139034 2382 1669 713 419 1458
is_linear=0
shrinkage=0.02


Tree=124
num_leaves=21
num_cat=0
split_feature=17 46 21 4 44 14 71 6 6 44 52 53 21 6 9 76 8 16 50 7
split_gain=19.0166 19.2628 13.8763 19.2859 34.276 22.1479 18.0743 17.5675 23.6743 15.7628 26.9659 20.4113 13.1058 12.367 20.3895 19.5082 10.3402 9.23202 10.9008 6.41788
threshold=-2.0499401959307448 0.0067549900937260024 0.1254807214083781 0.39506112745364347 0.10184831294004694 -0.0073864193347152876 -0.08344057328505998 0.060421667068357159 0.035539652476200896 0.079007279764532048 0.72244714349977512 0.022033085145083061 -0.03978012988178619 0.014693879811465435 0.9592651127494195 -0.56426368586562259 0.010083083566289138 0.15650386056202106 0.020453978315749469 0.011176944277864557
decision_type=2 10 10 10 10 8 10 10 10 10 2 10 10 8 10 10 8 10 8 10
left_child=1 -1 3 7 19 -6 17 8 -2 11 -11 -8 -9 -3 16 -16 -15 18 -4 -5
right_child=2 13 6 4 5 -7 9 12 -10 10 -12 -13 -14 14 15 -17 -18 -19 -20 -21
leaf_value=-0.0031402447808073996 5.8228926080909439e-05 0.0056581551646116227 -0.0025874423377791455 -0.0029386411359955773 -0.00019117273023075553 0.0082473224036656318 -0.00020387852074534558 0.00046534406694440479 -0.0012772939006670792 0.0018145659760726107 -0.0054728535954935188 0.0036857999199958681 0.0061307465674560911 0.00072252668480172198 -0.0013680276998840482 0.0050549019212099483 -0.0040482927369916285 -0.0045790876020620928 0.00028203203185858244 0.0018890898932164579
leaf_weight=327 143038 284 580 349 210 537 3206 380 4993 353 873 512 357 214 207 648 215 263 345 308
leaf_count=327 143038 284 580 349 210 537 3206 380 4993 353 873 512 357 214 207 648 215 263 345 308
internal_value=4.38559e-05 0.00203481 1.96923e-05 5.77867e-05 0.00239004 0.00531818 -0.000912767 3.57467e-05 2.03875e-05 -0.000379778 -0.00234556 0.000268352 0.00311382 0.00295602 0.00211518 0.00389953 -0.00143721 -0.003127 -0.00217927 -0.00093921
internal_weight=158199 1895 156304 150172 1404 747 6132 148768 148031 4944 1226 3718 737 1568 1284 855 429 1188 925 657
internal_count=158199 1895 156304 150172 1404 747 6132 148768 148031 4944 1226 3718 737 1568 1284 855 429 1188 925 657
is_linear=0
shrinkage=0.02


Tree=125
num_leaves=23
num_cat=0
split_feature=9 49 10 47 42 14 75 72 43 36 44 10 44 52 16 0 46 14 70 34 47 9
split_gain=13.0399 37.0415 16.002 28.846 33.1054 27.6843 17.8851 13.525 25.3664 24.7417 20.4223 18.4529 19.6901 29.2034 18.3938 12.9076 20.8879 15.1035 11.3334 11.0901 6.01289 5.43815
threshold=-0.26552305515814395 0.0032320902334455064 0.17317571116680322 -0.0028242166326248315 0.013429562678062947 0.12804527846267047 -1.3847271365444154 -1.8353486864856075 0.054432319829361371 0.07179593135499629 0.0621117237249399 0.045296600186699225 0.077141766390349323 0.6710733722705251 0.02859378233919763 -0.029326788012918489 0.0075069440817183402 -0.009234888741587231 -0.11393568334049536 0.00038445558571273484 -0.00033932713040424328 -0.57827120790121633
decision_type=8 10 8 10 10 10 8 8 10 10 10 8 10 2 10 10 10 8 10 10 10 10
left_child=1 18 3 19 -5 6 -4 8 9 14 -11 12 13 -9 -2 16 -13 -17 -1 -3 -7 -20
right_child=7 2 5 4 -6 20 -8 11 -10 10 -12 15 -14 -15 -16 17 -18 -19 21 -21 -22 -23
leaf_value=-0.0057790050482283677 -0.0014316993071767847 0.0069616967657614298 0.0031950342171311007 -0.002643407536976671 0.0048493490379221665 0.0014998830984823597 -0.0017351626256792341 0.0046889441533491975 0.0036775729573689476 -0.0056664618240755684 0.00038729648322777352 -0.0011855940373957721 0.0053738296033792633 -0.0024107412727833576 0.0037721841478990416 -0.00039894368340102654 0.0017654442000289545 2.0921240190331178e-05 0.0014384141650787647 0.0052973030375713234 0.0061259183507368625 -0.0026000217730311704
leaf_weight=298 1106 207 325 280 439 336 1076 255 241 829 243 1647 277 328 267 38751 4442 105598 254 206 347 226
leaf_count=298 1106 207 325 280 439 336 1076 255 241 829 243 1647 277 328 267 38751 4442 105598 254 206 347 226
internal_value=-3.72075e-05 0.00109086 0.00203855 0.00395234 0.001525 0.000996643 -0.000611983 -6.6487e-05 -0.00147302 -0.00208422 -0.00435974 -4.1494e-05 0.00287805 0.000784247 -0.000304221 -5.82163e-05 0.000843678 -9.62799e-05 -0.00282157 0.00815942 0.00429532 -0.000910603
internal_weight=157978 3994 3216 1132 719 2084 1401 153984 2686 2445 1072 151298 860 583 1373 150438 6089 144349 778 413 683 480
internal_count=157978 3994 3216 1132 719 2084 1401 153984 2686 2445 1072 151298 860 583 1373 150438 6089 144349 778 413 683 480
is_linear=0
shrinkage=0.02


Tree=126
num_leaves=27
num_cat=0
split_feature=0 49 53 49 44 68 46 66 14 52 5 45 7 10 14 56 32 10 13 50 46 13 7 75 37 9
split_gain=13.4758 20.6106 31.524 30.5362 20.4116 20.4114 18.6284 16.8188 16.2191 19.6782 16.1879 15.8884 18.6293 25.7757 17.1472 15.8205 14.6321 19.4626 13.5178 31.9332 22.2146 27.2725 18.1968 12.7446 10.3424 9.32411
threshold=-0.029326788012918489 0.0021142191419711858 0.013264219481505598 0.017568464436558243 0.095095091403131118 -0.31701387250466467 0.012737696583452014 0.66529349873572396 0.017216207993438707 0.40245463756102057 0.028290422535382522 0.0035439085689753058 0.0061603110289530751 1.9142397747830204 0.025353518654792743 0.73756521037629319 0.073746735990921089 1.7967452922885623 -0.27280421421896972 0.049603169445707647 0.03709626144380785 -0.047925693291869013 0.040321086691820739 -0.78083903229555418 0.30110263252220643 -0.20373884568048042
decision_type=10 10 8 10 8 8 10 8 10 2 8 8 10 8 8 10 8 10 8 10 10 10 10 10 10 10
left_child=1 2 5 4 15 24 -5 -7 10 -10 -4 12 13 14 -2 -3 25 -18 19 23 22 -22 -20 -13 -1 -14
right_child=11 3 8 6 -6 7 -8 -9 9 -11 -12 18 16 -15 -16 -17 17 -19 20 -21 21 -23 -24 -25 -26 -27
leaf_value=0.0053457730122453443 -0.00097669825998719087 -0.0020524087502067348 0.0032887531338353098 -0.00017971735463282332 -0.0061605595488779686 0.0059444961722959688 0.0074485960529182453 -0.00064413689630395793 -0.0035565183210415144 0.0017963430808282477 -8.1289846836769965e-05 0.0020934455096366261 0.0026076326116231895 0.0070205533335992833 0.0012850257815559952 0.00378791835966497 -0.0038499121183864162 0.0044161334059074136 -8.920444322167889e-05 0.0065910943938806334 -0.00037566565841133773 -0.0041564478083305481 -0.0043179031084214286 -0.003138630655474586 0.012141032383062383 -5.439553867177553e-05
leaf_weight=243 1105 1063 1057 356 242 256 287 265 524 552 1016 1112 328 242 5247 214 854 242 137633 332 1055 576 359 294 220 2466
leaf_count=243 1105 1063 1057 356 242 256 287 265 524 552 1016 1112 328 242 5247 214 854 242 137633 332 1055 576 359 294 220 2466
internal_value=-2.70518e-05 0.000879606 0.00170731 -0.000701803 -0.00224868 0.00483046 0.0029472 0.00210345 0.000729524 -0.00126091 0.00176374 -6.46576e-05 0.000686505 0.00133404 0.00108893 -0.00123474 -0.000410691 -0.00236828 -0.000120386 0.00163197 -0.000142225 -0.00246201 -0.000114774 0.000311301 0.00788362 0.000357066
internal_weight=158140 6295 4133 2162 1519 984 643 521 3149 1076 2073 151845 10484 6594 6352 1277 3890 1096 141361 1738 139623 1631 137992 1406 463 2794
internal_count=158140 6295 4133 2162 1519 984 643 521 3149 1076 2073 151845 10484 6594 6352 1277 3890 1096 141361 1738 139623 1631 137992 1406 463 2794
is_linear=0
shrinkage=0.02


Tree=127
num_leaves=21
num_cat=0
split_feature=9 49 48 46 57 75 20 43 60 32 14 40 14 41 72 19 43 10 48 7
split_gain=17.0181 25.8939 23.4657 16.6051 16.566 21.5249 16.5511 19.2684 18.5499 15.7506 19.1609 24.7832 18.3265 23.7248 16.8836 15.5387 11.9709 11.2335 10.8754 13.7604
threshold=-0.26552305515814395 0.0032320902334455064 -0.0073846617464048405 0.0099375979449127742 0.15231194475352799 -1.2410603681844619 0.089268861314718631 -0.054272879783843035 0.9633883515559295 0.21128816567500777 -0.28372556486100187 0.001997690445609037 -0.35275334335723491 0.028528501236542162 -1.8353486864856075 1.9539555212719026 0.036768860145041 1.9506129987894349 -0.01713085449645468 0.0071498722640960027
decision_type=8 10 8 10 10 8 10 8 8 10 8 10 8 10 8 10 10 10 10 10
left_child=1 18 3 -3 5 -4 9 -8 15 12 -11 -12 13 -2 -14 -9 -6 -10 19 -1
right_child=6 2 4 -5 16 -7 7 8 17 10 11 -13 14 -15 -16 -17 -18 -19 -20 -21
leaf_value=-0.0065505446833994379 0.0012950762419562695 0.0071227828089317222 0.0025508787948670879 0.001474990312793215 0.00071432983050847556 -0.0053219758583664409 -0.0050131137231076029 0.0012592147086742456 0.010260641633995662 -0.0057044799183321058 0.00049927454614445905 0.0034210989698795313 -0.001458612291360491 0.0095910819812353148 -3.0822418572947621e-05 -0.0031912438035872617 0.0033989854601923016 -0.00061109171263050758 0.001497286853593338 -0.00062496933215972189
leaf_weight=209 1151 385 303 222 1275 356 296 575 202 262 5799 1295 2476 232 140253 1055 663 232 291 263
leaf_count=209 1151 385 303 222 1275 356 296 575 202 262 5799 1295 2476 232 140253 1055 663 232 291 263
internal_value=1.63502e-06 0.00129486 0.00208362 0.00562171 0.00125404 -0.00148182 -3.17105e-05 -0.00169335 -0.0010063 -5.79657e-06 0.000896833 0.00109345 -5.18898e-05 0.00223844 -7.4112e-05 -0.00198529 0.00218566 0.00266207 -0.00201309 -0.00388584
internal_weight=157795 3967 3204 607 2597 659 153828 2360 2064 151468 7356 7094 144112 1383 142729 1630 1938 434 763 472
internal_count=157795 3967 3204 607 2597 659 153828 2360 2064 151468 7356 7094 144112 1383 142729 1630 1938 434 763 472
is_linear=0
shrinkage=0.02


Tree=128
num_leaves=16
num_cat=0
split_feature=32 44 69 27 28 31 69 32 22 31 48 48 9 35 66
split_gain=14.9097 20.3892 20.5004 13.6889 12.8745 16.786 13.6983 17.8893 14.0056 8.82875 10.0769 13.2893 7.6468 5.99752 5.87154
threshold=0.32248816140126663 0.10184831294004694 -0.5928671953277227 -0.054382733589701075 -0.46118929380695295 0.24791076481420657 2.3617364200331212 0.13146367083114566 0.27194227094433893 0.055523650470839798 -0.022926854672786264 -0.012180003311865082 0.9909859756379803 -0.096728873814960634 0.65376290376290391
decision_type=10 10 10 10 8 10 10 10 10 10 10 10 10 10 10
left_child=4 9 -3 -4 14 6 8 -8 -6 10 -2 -12 -5 -7 -1
right_child=1 2 3 12 5 13 7 -9 -10 -11 11 -13 -14 -15 -16
leaf_value=0.006592046088602495 0.0034856525739194607 -0.0024257648906925488 0.0089290424587965371 0.0051831904078921374 -3.0035883439245084e-05 -0.00082641138291487655 -0.00086268634178468008 0.0028814508065638095 -0.0019804533756041442 0.0072914398268911131 -0.0071145990612606182 -0.0010871986557145989 0.0013697038254928612 -0.0027732418998004942 0.0023379789633639764
leaf_weight=300 239 236 353 223 151169 210 995 1216 1258 200 224 563 375 200 234
leaf_count=300 239 236 353 223 151169 210 995 1216 1258 200 224 563 375 200 234
internal_value=-1.12534e-05 0.00154847 0.00341582 0.00472479 -3.54666e-05 -4.61661e-05 -3.54244e-05 0.00152712 -5.81127e-05 -0.000259169 -0.00101071 -0.00210406 0.00286811 -0.00408273 0.00306168
internal_weight=157995 2413 1187 951 155582 155048 154638 2211 152427 1226 1026 787 598 410 534
internal_count=157995 2413 1187 951 155582 155048 154638 2211 152427 1226 1026 787 598 410 534
is_linear=0
shrinkage=0.02


Tree=129
num_leaves=20
num_cat=0
split_feature=32 5 6 6 54 5 70 25 74 57 37 52 75 52 36 40 30 36 53
split_gain=15.4797 16.0125 15.3716 23.8406 17.5181 31.1499 18.9642 14.3769 13.5016 14.4655 12.4325 12.4155 11.7549 24.1223 13.6118 11.5023 9.52541 6.90997 6.29167
threshold=0.23307934719532422 0.045205033365411589 0.060421667068357159 0.037879804488164193 0.68686325633828671 0.019842842383607749 -1.2417227077992512 0.64780019322221671 1.2027121206204707 0.85149640971295992 -0.88485002308897742 0.85051612135228905 0.50407004613069184 0.7466262472402404 -0.10891140588573987 -0.00016925984257308289 0.70076889916839658 -0.19008092172435073 0.017095734464677947
decision_type=10 10 10 10 10 8 8 10 10 10 10 2 10 2 10 10 10 10 10
left_child=2 8 3 4 6 -6 -1 15 9 16 -10 -12 14 -14 -5 17 -2 -4 -11
right_child=1 -3 7 12 5 -7 -8 -9 10 18 11 -13 13 -15 -16 -17 -18 -19 -20
leaf_value=-0.0014427608988297441 0.00060404776791861783 -0.0068644587453951036 0.0092392174061478489 -0.0022636811890527622 0.0023944672471358647 -0.00040679533132465624 -2.9216084130790668e-05 -0.0016796774647396396 0.0044762158080135376 0.0021111603139854409 -0.00026439888612260888 0.0040403203309873062 -0.00054587334817569389 -0.0047693313292686149 0.0001930235536532382 0.00081309306044293156 0.0040315365936079576 0.0022120319813052083 0.0075695574469527294
leaf_weight=2145 1125 254 202 1501 2736 2420 139026 245 332 218 3152 292 721 463 1858 329 298 270 313
leaf_count=2145 1125 254 202 1501 2736 2420 139026 245 332 218 3152 292 721 463 1858 329 298 270 313
internal_value=-8.85365e-06 0.000988805 -4.8171e-05 -6.49429e-05 -2.06249e-05 0.0011243 -6.24628e-05 0.00236676 0.00120712 0.00255652 0.00050781 0.000150363 -0.00149164 -0.00320506 -0.00088631 0.00366334 0.0015014 0.00566173 0.00537218
internal_weight=157900 5984 151916 150870 146327 5156 141171 1046 5730 1954 3776 3444 4543 1184 3359 801 1423 472 531
internal_count=157900 5984 151916 150870 146327 5156 141171 1046 5730 1954 3776 3444 4543 1184 3359 801 1423 472 531
is_linear=0
shrinkage=0.02


Tree=130
num_leaves=28
num_cat=0
split_feature=4 48 38 5 69 46 57 51 53 71 53 47 52 50 21 10 44 46 43 72 43 60 19 78 48 22 30
split_gain=12.7949 43.8743 74.7434 44.1354 32.4925 61.8989 44.4479 38.8881 37.71 36.9641 31.1737 19.0825 37.3228 32.7768 26.3799 19.9114 28.1529 18.6076 18.4341 17.6404 16.7488 16.3583 15.7921 15.7383 14.2753 9.02248 5.52818
threshold=-0.065904585637425281 -0.10872575593379601 1.1763302501959383 0.018835236999334769 -0.32661063055591116 0.016394563203530752 0.1760937927262784 0.07738868974934679 0.024876906627767321 -0.43440662346424469 0.013821985815533759 -0.004615583347741369 0.58787244833269947 0.017126793413654643 0.0475590310899855 1.6738368424205394 0.030106085042433398 0.011954371143407663 0.0093529945004973154 -1.0435698029194465 0.017643471792524904 0.9445014830025098 -0.55279482398869473 0.75277754271134412 -0.14757991178830696 0.1431500802560878 0.59980624211342681
decision_type=10 8 10 10 10 10 8 2 10 10 10 10 2 10 10 10 10 8 10 10 10 10 8 10 10 10 10
left_child=11 2 3 25 5 10 -7 9 -9 -6 -3 12 15 20 22 21 -17 -16 -15 -20 -13 -1 -14 26 -5 -2 -4
right_child=1 4 23 24 7 6 -8 8 -10 -11 -12 13 14 18 17 16 -18 -19 19 -21 -22 -23 -24 -25 -26 -27 -28
leaf_value=5.9353274924495161e-06 -0.0051535856991632278 8.7016996889616722e-05 0.0013756404620535012 -0.00010376440380356177 0.0075919787957044642 -0.01240521851600156 -0.0014243568394275655 4.4624212943673997e-05 0.0040379175373575025 0.00065174297954102151 -0.00088264246455839002 -0.0028651864596422418 0.0015080273843347191 0.0051003574387433991 -0.0074628144314802941 0.0013798883161785967 0.015676282051274821 0.0002087294729059629 0.0025010462583211473 -0.0011379407624211566 -0.0084777066575712941 -0.0042287057096176851 0.0032843756876963478 -0.0012562171718797383 -0.0049588026472745196 -0.0079981650032370302 0.0056571064747689935
leaf_weight=16940 252 20075 287 328 354 325 392 83140 504 411 19804 283 2953 270 222 788 237 500 721 4386 292 373 3334 313 394 206 222
leaf_count=16940 252 20075 287 328 354 325 392 83140 504 411 19804 283 2953 270 222 788 237 500 721 4386 292 373 3334 313 394 206 222
internal_value=-4.85007e-05 -0.000137771 -0.00307439 -0.00629805 -9.06996e-05 -0.000555657 -0.00637604 0.000132899 9.17927e-05 0.0046188 -0.000450802 0.000313674 0.000553022 -0.000705191 0.00179429 7.84121e-05 0.00278558 -0.00182296 -0.000219041 -0.000489037 -0.00523958 -8.1899e-05 0.00221024 0.00155286 -0.00320609 -0.0111503 0.00372157
internal_weight=158306 127007 2002 1180 125005 40596 717 84409 83644 765 39879 31299 25347 5952 7009 18338 1025 722 5377 5107 575 17313 6287 822 722 458 509
internal_count=158306 127007 2002 1180 125005 40596 717 84409 83644 765 39879 31299 25347 5952 7009 18338 1025 722 5377 5107 575 17313 6287 822 722 458 509
is_linear=0
shrinkage=0.02


Tree=131
num_leaves=21
num_cat=0
split_feature=0 54 45 9 63 54 31 22 31 31 45 4 28 53 6 53 9 60 78 9
split_gain=16.2798 17.2785 26.0308 29.2254 24.5962 22.1171 20.8681 19.8573 16.8631 13.5377 12.8456 17.4558 12.4454 19.0048 59.9107 18.9185 14.1627 13.9303 10.5248 9.85236
threshold=-0.030752029086140494 0.5475143567272901 0.016248102843130916 1.205855527772232 0.47848794161201613 0.41303872162117189 -0.013683961180930069 -0.017745811576172495 0.017914910420401556 0.24791076481420657 0.010251160994936807 -0.058425306039180107 -0.26959219551997288 0.020765563179641202 0.017309315387522856 0.020281496891793489 1.8091263743291517 0.97486908239256875 0.48266398716603515 1.2748959686862598
decision_type=10 10 10 10 8 8 10 8 10 10 10 10 8 10 8 10 10 10 10 10
left_child=1 5 3 7 18 6 -1 -3 -5 12 11 -7 16 15 -15 -14 19 -18 -4 -2
right_child=9 2 4 8 -6 10 -8 -9 -10 -11 -12 -13 13 14 -16 -17 17 -19 -20 -21
leaf_value=0.0049607925387925925 0.0016655398922524943 0.0029345848154950895 -0.00040801412223865578 0.0030327824829695237 0.0024636274945038956 3.4455408626480649e-05 -0.0010016643970324713 -0.002233253788853069 0.0086994831740058592 -0.0032249370248104846 0.0015108728928791258 -0.0047278347277622378 -3.1513388692379039e-05 -0.0034762617106386239 -0.00018218149482524858 0.0018836753975287185 0.0066712045194438005 -0.00010315247071985778 -0.0047500481663917187 -0.0014823996397262552
leaf_weight=353 1036 457 416 824 379 458 291 441 713 392 341 619 140506 1284 6246 1471 403 228 286 754
leaf_count=353 1036 457 416 824 379 458 291 441 713 392 341 619 140506 1284 6246 1471 403 228 286 754
internal_value=-1.46803e-05 0.00104642 0.00189878 0.00304516 -0.00068207 -0.000406205 0.00266357 0.000175751 0.00471912 -5.35579e-05 -0.00180268 -0.00287384 -4.39547e-05 -6.70064e-05 -0.00104608 -1.50587e-05 0.0013782 0.00395253 -0.002899 0.000467895
internal_weight=157898 5578 3516 2435 1081 2062 644 898 1537 152320 1418 1077 151928 149507 7530 141977 2421 631 702 1790
internal_count=157898 5578 3516 2435 1081 2062 644 898 1537 152320 1418 1077 151928 149507 7530 141977 2421 631 702 1790
is_linear=0
shrinkage=0.02


Tree=132
num_leaves=20
num_cat=0
split_feature=19 41 45 8 37 44 46 54 52 50 44 42 50 15 33 41 18 10 72
split_gain=14.3396 33.4319 27.7764 24.2664 20.5689 19.2853 25.4673 34.8149 24.6223 22.2436 26.2486 19.6562 16.7057 15.2917 15.8146 35.105 19.7339 12.9625 11.5393
threshold=1.9330776415161919 0.030461029137736188 0.011930572666758116 0.014696185134240576 0.21762870848026408 0.048801836542329731 0.009711183688914788 0.49446350999030336 0.8468740233446117 0.0052404787379354287 -0.0050597422672373762 0.011818693273117466 0.11198429954846724 0.14176398920074609 0.15267833383724788 0.032236937256637239 83.42153687882994 1.3072579176701662 0.2730115614933753
decision_type=10 10 10 10 10 8 10 10 2 10 10 10 10 10 10 10 10 10 10
left_child=12 5 4 -4 18 9 8 -8 -7 10 -2 -11 13 14 16 -16 -1 -15 -3
right_child=1 2 3 -5 -6 6 7 -9 -10 11 -12 -13 -14 17 15 -17 -18 -19 -20
leaf_value=4.3919267138551044e-05 -0.0018329563550202003 0.0011278768907435253 -0.0072213934604988999 -0.0038126757749332419 -0.004077546352912808 0.00053094292107260107 -0.0071259273650301517 0.0010365260465703306 0.0033882430011927594 -0.0027410541122124088 0.0029818000135973617 -0.0007554511695565644 0.0044857392753767699 -0.00016841001400805488 -0.00080413354089461985 0.0045860576286502223 0.0013334814395145266 0.0070151815859184688 -0.0029960792002583446
leaf_weight=131392 607 513 223 346 208 4657 459 632 573 1422 879 2831 210 259 9354 503 2619 327 239
leaf_count=131392 607 513 223 346 208 4657 459 632 573 1422 879 2831 210 259 9354 503 2619 327 239
internal_value=-4.15787e-06 -0.000625313 -0.00341046 -0.00690877 -0.00132986 -0.000271785 0.000490035 -0.00228755 0.00107016 -0.00111115 0.000993948 -0.0018472 5.41803e-05 4.5952e-05 3.27937e-05 -0.000740312 8.96785e-05 0.00326746 0.000209827
internal_weight=158253 13589 1529 569 960 12060 6321 1091 5230 5739 1486 4253 144664 144454 143868 9857 134011 586 752
internal_count=158253 13589 1529 569 960 12060 6321 1091 5230 5739 1486 4253 144664 144454 143868 9857 134011 586 752
is_linear=0
shrinkage=0.02


Tree=133
num_leaves=16
num_cat=0
split_feature=19 49 52 6 44 48 48 52 75 16 30 66 32 68 54
split_gain=17.0458 28.6305 23.5412 17.347 17.2799 27.3157 33.0393 18.5366 18.0207 17.8204 15.1699 17.7214 15.4909 10.6673 8.37881
threshold=1.9539555212719026 0.043380826877011398 0.96823770491803296 0.070717915228013475 0.048801836542329731 -0.0076598596654535158 -0.0054037649827636805 0.31451246134255056 -0.093160961957728342 0.076495251928075728 0.8035890858151129 0.95914193898418276 0.35371105579485496 -1.0190389790906051 0.45985602927661379
decision_type=8 10 2 10 8 8 8 2 8 8 8 8 10 10 10
left_child=2 4 3 10 5 7 -7 -2 14 -10 12 -12 -1 -5 -6
right_child=1 -3 -4 13 8 6 -8 -9 9 -11 11 -13 -14 -15 -16
leaf_value=5.9258915806513443e-05 -0.0038143207115118095 -0.0037460368353556574 0.0048454207965052771 0.010866213273557926 -0.0014053687516972712 -0.0066770727727670301 -0.0015207955879037369 0.00022907377311679849 0.0011584183060837482 -0.0002797765161751531 -0.00034505538841228452 -0.0021672792200863361 0.0028853891956301218 0.00011401502212346364 -0.0056153924019603785
leaf_weight=135158 216 396 226 296 304 302 2553 3097 3056 4474 4544 1605 1520 238 219
leaf_count=135158 216 396 226 296 304 302 2553 3097 3056 4474 4544 1605 1520 238 219
internal_value=9.08947e-06 -0.000641538 7.53406e-05 6.51358e-05 -0.000493461 -0.00129 -0.00272339 -5.37115e-05 0.000116464 0.00036622 5.16565e-05 -0.00092 9.53914e-05 0.00365981 -0.00346947
internal_weight=158204 14617 143587 143361 14221 6168 2855 3313 8053 7530 142827 6149 136678 534 523
internal_count=158204 14617 143587 143361 14221 6168 2855 3313 8053 7530 142827 6149 136678 534 523
is_linear=0
shrinkage=0.02


Tree=134
num_leaves=29
num_cat=0
split_feature=0 42 35 49 42 31 64 6 54 53 41 72 46 72 46 53 21 14 49 51 68 17 40 55 21 26 51 20
split_gain=15.1366 22.2739 20.446 19.0357 17.4247 16.7589 15.3435 14.3443 65.3471 70.7129 78.4237 66.819 44.459 97.3203 38.0751 15.6005 30.1215 23.2095 17.839 14.6288 47.0256 14.3473 9.79903 9.1612 12.5392 9.04084 8.19479 5.37485
threshold=-0.034281958134547423 -0.01346065179162753 -0.028027825188652669 0.01917745722985387 -0.034119330691030063 0.036911146196306428 0.89730261430311808 0.010723025472992873 0.57514222579460672 0.013305200395819812 0.011885886931880975 -1.4698594176687514 0.003925608863807376 -0.54784468780820605 0.0045607764343140013 0.011202884930543821 0.0020305872044822375 -0.014714086121572044 -0.009530642283459732 0.017455980570734674 0.21975442805619522 -2.0499401959307448 0.0050317008548401813 0.45549750850966775 -0.053041715378382252 1.5624010045527881 0.65974862536222856 -0.0094658115257217328
decision_type=8 8 8 10 10 10 8 10 10 10 10 8 8 8 8 10 10 10 10 2 10 2 8 10 8 8 2 10
left_child=1 4 3 6 23 25 -3 8 12 10 -10 -11 13 -2 -14 16 18 -18 -9 20 -17 -21 26 24 -1 -6 -4 -25
right_child=7 2 22 -5 5 -7 -8 15 9 11 -12 -13 14 -15 -16 19 17 -19 -20 21 -22 -23 -24 27 -26 -27 -28 -29
leaf_value=0.001277270286297018 -0.0077914750072956788 0.0029441832039551132 -0.0032306325730744913 0.0060560062779554062 0.0053697671630713421 0.010271167884046244 -0.0021020552195486321 0.0011051262267957039 -0.0008745100635452125 -0.0084133126340093633 0.005985109765329481 -0.0019222877985813781 0.0017603706718210866 0.0014212778075046492 0.00036356373080866403 0.0012591235301834002 -0.0030303613441218236 0.0016252609884068493 -0.0036642837579006771 0.0019956547750345634 -0.0073344163976752953 -6.572039209392707e-05 -0.0049698530976046195 0.0047421052017406753 -0.0027213256068184116 0.0015028293300960221 0.0023953293092642005 0.0012063620534252222
leaf_weight=506 690 515 386 262 375 287 532 240 1766 499 363 1482 6316 973 23700 297 600 1791 2124 1529 211 111198 228 205 226 425 201 208
leaf_count=506 690 515 386 262 375 287 532 240 1766 499 363 1482 6316 973 23700 297 600 1791 2124 1529 211 111198 228 205 226 425 201 208
internal_value=2.13614e-05 0.00118384 -0.000281412 0.00126565 0.00257859 0.00439154 5.53435e-05 -1.1562e-05 0.000339145 -0.00203308 0.000496714 -0.00475177 0.000647033 -0.00253486 0.000823467 -0.000117958 -0.00124012 0.000341973 -0.00284059 -7.08079e-05 -0.00345383 -5.55142e-05 -0.00276716 0.000853403 -0.000488404 0.00289388 -0.00139116 0.00323188
internal_weight=158135 4356 2124 1309 2232 1087 1047 153779 35789 4110 2129 1981 31679 1663 30016 117990 4755 2391 2364 113235 508 112727 815 1145 732 800 587 413
internal_count=158135 4356 2124 1309 2232 1087 1047 153779 35789 4110 2129 1981 31679 1663 30016 117990 4755 2391 2364 113235 508 112727 815 1145 732 800 587 413
is_linear=0
shrinkage=0.02


Tree=135
num_leaves=29
num_cat=0
split_feature=23 51 50 52 17 49 53 49 67 72 50 46 57 45 53 44 42 50 25 16 37 16 14 37 5 70 49 46
split_gain=14.2803 25.1593 37.9791 26.4619 27.3506 25.5726 24.9659 24.2057 26.7196 23.6068 49.589 43.1105 22.7038 22.6698 29.7694 35.65 31.473 22.5914 17.4574 17.0336 16.6953 16.6413 16.1861 14.9198 14.647 11.8513 12.5226 9.08411
threshold=0.0090995455996218961 0.72080650082043596 0.027917215425357526 0.8155384853327835 0.053834255096818197 0.042636295012603694 0.01121179493763527 0.015048344705518081 -0.71618683826453478 -0.38490383309661358 0.025180847750882477 0.0036476436852288228 0.12447695082024618 0.0036153816991523684 0.013639970853982417 0.061421842166587422 -0.0022924988297663425 0.049399987784903183 1.1143837595468111 -0.093379534550363616 0.022255641346993874 0.041915799943243466 0.10705889778333956 -0.35226532816977024 0.01382904070980019 1.7213047724359538 -0.009530642283459732 0.0060979177381721818
decision_type=8 2 10 2 2 10 8 10 10 8 10 8 10 8 8 8 8 10 8 10 10 8 10 8 10 10 10 10
left_child=1 7 5 4 -4 23 12 9 19 10 -1 -11 27 21 15 -15 -16 -5 -10 -9 -7 24 -23 -3 -8 26 -14 -2
right_child=6 2 3 17 -6 20 13 8 18 11 -12 -13 25 14 16 -17 -18 -19 -20 -21 -22 22 -24 -25 -26 -27 -28 -29
leaf_value=8.8578968959275139e-05 -0.0036554613162055154 -0.00084944195513889488 -0.0019687266176616949 -2.2518815829973388e-06 0.00058371076443680702 0.0021110418160778239 0.0035516328164909364 0.0032016798942574145 0.00013652555600149929 0.0049080098613205224 0.0022707904220875255 -0.00024397689640599408 -0.0013129944561074908 -0.0013312028647008024 0.00069951073450558524 0.00026687647263857014 -0.0003539483348498187 0.0017846192676350746 -0.0024485867937609897 -0.0035105609472398974 -0.0023773678166238948 -0.0016948159137979129 0.0010558875846764075 0.0023804346112818466 -0.0014216972350874579 -0.0050131891558078756 0.0022953678461111039 0.00037247825087604675
leaf_weight=13354 365 695 3223 5654 2490 308 993 225 3770 721 4692 38404 274 14413 12765 5737 28865 3543 432 1939 734 963 2401 7377 231 203 2849 357
leaf_count=13354 365 695 3223 5654 2490 308 993 225 3770 721 4692 38404 274 14413 12765 5737 28865 3543 432 1939 734 963 2401 7377 231 203 2849 357
internal_value=2.06231e-05 0.000191156 0.000742477 0.000120582 -0.000948197 0.00175952 -0.000191403 -1.7281e-05 -0.00118706 0.000112957 0.000711365 -0.000163012 0.00133317 -0.00028444 -0.000385199 -0.00101623 -7.97002e-05 0.000784736 -0.000256483 -0.00299215 -0.00118696 0.00107169 0.000344131 0.00214022 0.00306776 0.00203126 0.00233611 -0.00187828
internal_weight=157977 87561 24024 14910 5713 9114 70416 63537 6366 57171 18046 39125 4048 66368 61780 20150 41630 9197 4202 2164 1042 4588 3364 8072 1224 3326 3123 722
internal_count=157977 87561 24024 14910 5713 9114 70416 63537 6366 57171 18046 39125 4048 66368 61780 20150 41630 9197 4202 2164 1042 4588 3364 8072 1224 3326 3123 722
is_linear=0
shrinkage=0.02


Tree=136
num_leaves=23
num_cat=0
split_feature=0 34 19 38 34 42 45 54 42 35 24 54 47 45 56 20 17 33 20 56 17 64
split_gain=15.6125 18.9856 14.6422 12.8057 12.8946 16.3587 14.789 12.7476 13.6245 21.2757 11.94 11.7576 20.5814 10.5166 10.4813 18.7021 9.34054 7.797 7.05167 6.6831 6.00271 5.37997
threshold=-0.032353043915001982 0.0017748207393245218 -2.5383447408383297 1.5568594782786793 -0.00020569820466724567 0.0059133690802873904 0.0044644464611294701 0.4011788167105112 -0.015431673330494609 -0.03789052294211856 -0.38823152380647885 0.5475143567272901 -0.056821410891407513 0.0048573026601447722 0.22419017763845353 0.0041490709925600675 -0.2686102851846357 -0.0025110852072542573 -0.023063092255286907 0.069071673980338144 -0.16212538989386791 0.44004132231404963
decision_type=8 10 8 10 8 8 10 8 8 8 10 8 10 10 10 10 2 10 10 8 2 10
left_child=1 7 13 4 5 -4 -6 -1 17 -10 21 19 -13 -2 -5 -16 18 -9 -15 -12 -18 -3
right_child=2 10 3 14 6 -7 -8 8 9 -11 11 12 -14 16 15 -17 20 -19 -20 -21 -22 -23
leaf_value=0.0036422313806313451 -0.003788847085416434 0.0012015052633897651 -0.00026069765470731478 -0.00362424043965476 0.00029472943708086784 0.001343008067117154 -0.00016257992331876985 -0.00025039853607037752 0.0017284158510269558 -0.0037996218816310741 0.003732149858487379 0.0012071132310484498 0.0065995705054950476 -0.00074272901871698523 0.0018751258167253849 -0.002818129924979772 -0.0045355779803172456 0.0060784358156212312 0.0019227285665575592 -0.00058298317824981901 -0.00040617747873646022 -0.0020232395000491224
leaf_weight=219 377 231 3863 368 29299 4765 112116 417 379 756 228 1005 786 430 410 558 201 229 249 596 278 211
leaf_count=219 377 231 3863 368 29299 4765 112116 417 379 756 228 1005 786 430 410 558 201 229 249 596 278 211
internal_value=-3.78421e-05 0.00105536 -7.4015e-05 -5.42872e-05 -3.69092e-05 0.00071364 -8.27205e-05 -0.000458771 -0.0010202 -0.00233979 0.00204644 0.0025604 0.00346987 -0.00201693 -0.00200299 -0.000906089 -0.00106816 0.00129521 0.000438235 0.000579394 -0.00320417 -0.000988713
internal_weight=157971 5057 152914 151379 150043 8628 141415 2000 1781 1135 3057 2615 1791 1535 1336 968 1158 646 679 824 479 442
internal_count=157971 5057 152914 151379 150043 8628 141415 2000 1781 1135 3057 2615 1791 1535 1336 968 1158 646 679 824 479 442
is_linear=0
shrinkage=0.02


Tree=137
num_leaves=24
num_cat=0
split_feature=69 50 50 44 46 69 44 45 42 43 48 52 29 54 44 60 2 17 60 20 28 58 37
split_gain=15.2072 54.5974 52.3068 41.4065 60.7887 44.6628 35.5588 35.0297 34.5557 58.7297 42.8462 31.3405 39.821 23.1966 25.7494 21.0773 17.9704 16.4241 16.373 15.8325 9.30081 8.63985 3.79551
threshold=-0.19145656822272913 0.11198429954846724 0.067212761852046957 0.00083595413199644153 0.016394563203530752 -0.66441883798954871 0.24022869278368389 0.0044354796085307137 0.0066564436752099007 0.01673602967493593 -0.0024302623127686047 0.60057639833257792 2.5060404828833969 0.66123078303459581 -0.097151723298657608 0.41128190450535396 0.011333256220628198 0.36037831346973426 0.74203807299954483 0.0022884603644636185 -0.098274755315178028 0.86320287899235282 -0.076955104662996029
decision_type=10 10 10 8 10 8 10 10 10 10 10 2 8 10 10 10 10 2 10 10 10 10 10
left_child=3 2 6 11 8 21 7 -2 10 -10 -5 13 18 14 -1 -14 -4 -18 -13 -15 -7 -6 -8
right_child=1 -3 16 4 5 20 22 -9 9 -11 -12 12 15 19 -16 -17 17 -19 -20 -21 -22 -23 -24
leaf_value=0.004342091785185632 0.0009849620914321993 0.0082028856871683951 -0.0060292946187480295 -0.00060012479291984735 -0.006223672111910895 0.00084203703081544429 0.0060807519010473909 3.7015501327730682e-07 0.0014124260513848246 -0.00038152204720343644 -0.0026205992281783993 0.0027808603944653454 -0.0041118549608185444 -8.2138011059376998e-05 0.00048909496750614294 0.001265566751294294 5.9880981001847817e-06 -0.0047078325189877993 0.007474023391788316 -0.0028946336929847722 -0.0019746343886771762 -0.016379042121294245 0.0040258999463639302
leaf_weight=610 15478 220 335 22595 207 224 226 66425 8581 26148 2887 1020 255 1808 7114 727 446 309 668 1061 225 210 207
leaf_count=610 15478 220 335 22595 207 224 226 66425 8581 26148 2887 1020 255 1808 7114 727 446 309 668 1061 225 210 207
internal_value=1.39125e-05 0.000198907 0.000172582 -0.000194213 -0.000414192 -0.00567243 0.000230249 0.000199966 -0.000338438 7.19263e-05 -0.000897775 0.000818607 0.00275477 0.000330187 0.000900712 -0.000445575 -0.00417782 -0.00245767 0.00461693 -0.00120488 -0.00128444 -0.010378 0.00594009
internal_weight=157986 83646 83426 74340 61077 866 82336 81903 60211 34729 25482 13263 2670 10593 7724 982 1090 755 1688 2869 449 417 433
internal_count=157986 83646 83426 74340 61077 866 82336 81903 60211 34729 25482 13263 2670 10593 7724 982 1090 755 1688 2869 449 417 433
is_linear=0
shrinkage=0.02


Tree=138
num_leaves=24
num_cat=0
split_feature=78 0 42 64 42 34 45 10 42 14 48 21 47 64 48 8 78 71 60 20 14 37 41
split_gain=13.9867 14.8017 26.5441 24.2405 19.4384 14.4379 14.0899 26.12 12.3929 11.9119 11.8106 10.7717 9.75225 10.7978 8.90404 9.43016 8.49754 8.24209 8.11805 8.03741 7.86296 7.82411 6.00184
threshold=2.0431398716923481 -0.042467505520466901 -0.01346065179162753 0.58653898843772267 -0.027812717491578317 -9.2801396088788973e-05 0.0034654426093037186 1.7967452922885623 0.050075289202389912 0.16224722386730264 -0.14757991178830696 -0.033861530761221607 -0.02182976198692221 0.79170962199312722 -0.068583947577863888 0.0069637024492961164 0.3240708477878953 1.0478102848375366 0.67087280736671728 0.0053059789508522756 -0.032529831585188455 0.37377391417524808 -0.064701772242531638
decision_type=10 10 10 10 10 8 8 10 10 10 10 10 10 10 8 10 10 10 10 10 8 10 10
left_child=1 2 4 -4 22 10 7 -7 -8 14 16 -12 -11 17 -2 20 -3 -14 -6 -17 -16 -5 -1
right_child=9 5 3 21 18 6 8 -9 -10 12 11 -13 13 -15 15 19 -18 -19 -20 -21 -22 -23 -24
leaf_value=0.0036316765656139887 0.001014252913036014 -0.00031256442079148855 -0.0077829322415568052 -0.00085924265025166292 0.0035062128390960135 0.00032888714292651804 -5.2357830527173246e-05 0.00445132247618364 -0.00090440736239941427 -0.0021227915226784753 0.0018347681874717149 0.00039943028952072872 0.0033172198444215819 -0.0012413449159516135 0.0023016500194427271 -0.0013205525975233752 -0.0037208107522088895 -0.00010320770940986527 0.0071158208016101777 -0.0041420581302774153 -0.0015445954685989688 0.0043808636169081726 7.3260800168298211e-05
leaf_weight=246 243 784 223 557 200 8206 124753 871 4932 250 3546 9013 407 323 206 893 304 280 319 688 303 337 483
leaf_count=246 243 784 223 557 200 8206 124753 871 4932 250 3546 9013 407 323 206 893 304 280 319 688 303 337 483
internal_value=1.52682e-05 4.39218e-05 0.00161369 -0.000624329 0.00361729 1.95394e-05 -4.14952e-05 0.000720203 -9.4829e-05 -0.00121814 0.00064024 0.000813535 0.000347343 0.00122453 -0.00206427 -0.00248589 -0.00135721 0.00264244 0.00657308 -0.00324779 -0.000113725 0.000846927 0.00150411
internal_weight=158367 154774 2365 1117 1248 152409 138762 9077 129685 3593 13647 12559 1260 1010 2333 2090 1088 687 519 1581 509 894 729
internal_count=158367 154774 2365 1117 1248 152409 138762 9077 129685 3593 13647 12559 1260 1010 2333 2090 1088 687 519 1581 509 894 729
is_linear=0
shrinkage=0.02


Tree=139
num_leaves=21
num_cat=0
split_feature=19 41 45 9 8 57 50 44 50 43 41 41 37 51 51 38 34 9 64 32
split_gain=13.1939 29.4961 30.7383 40.8996 18.6028 19.0306 17.9063 16.1842 30.3901 25.7506 25.4509 15.815 20.0076 19.0017 14.116 12.8735 18.7118 13.1043 10.9784 5.59202
threshold=1.8728649923026182 0.028528501236542162 0.011930572666758116 0.92341506031300491 0.013054777623743527 0.44766867423298656 0.11198429954846724 0.051015913869813197 0.016609404334726467 0.020878771230043339 -0.012817826760980975 0.0057156386665291334 -0.80304143378887904 0.61436163498194862 0.97405797597453725 1.6292706313043768 0.021142159949618246 -0.26552305515814395 0.42401675114520371 0.034791831655600798
decision_type=10 10 10 10 10 8 10 8 10 10 10 10 8 2 2 10 10 8 8 10
left_child=6 7 3 18 -4 -6 14 8 10 -10 -2 13 -13 -9 15 17 -17 -1 -3 -5
right_child=1 2 4 19 5 -7 -8 11 9 -11 -12 12 -14 -15 -16 16 -18 -19 -20 -21
leaf_value=0.0011230683439782325 -0.0031549014509952766 -0.00074640605273428799 -0.0065572914051335472 -0.0046943305382617434 -0.0078077832078717905 -0.00012831037480161525 0.0045738717102947104 -6.2314135642831318e-05 -0.0038854237724566566 -0.00086356155530103887 0.0011446912546058288 -0.0049199658702278092 9.2767396368032446e-05 0.0039720534866629683 0.003937803132334711 -0.0040819499347510228 0.0011103300320149355 -1.7273033922791634e-05 0.0033546945489443558 -0.0016983889706564013
leaf_weight=3560 323 205 245 321 218 263 205 964 768 3052 2698 254 4459 980 315 338 251 138250 376 279
leaf_count=3560 323 205 245 321 218 263 205 964 768 3052 2698 254 4459 980 315 338 251 138250 376 279
internal_value=-3.96526e-05 -0.000595742 -0.00292348 -0.000928934 -0.00615956 -0.00385477 2.02771e-05 -0.000266538 -0.000949722 -0.00213504 0.000548643 0.000435266 -0.000190496 0.0019527 1.17577e-05 2.3736e-06 -0.00294576 1.46533e-05 0.0028488 -0.00458902
internal_weight=158324 15405 1907 1181 726 481 142919 13498 6841 3820 3021 6657 4713 1944 142714 142399 589 141810 581 600
internal_count=158324 15405 1907 1181 726 481 142919 13498 6841 3820 3021 6657 4713 1944 142714 142399 589 141810 581 600
is_linear=0
shrinkage=0.02


Tree=140
num_leaves=23
num_cat=0
split_feature=14 50 48 8 28 28 54 46 50 69 42 38 50 60 59 49 38 10 41 63 53 46
split_gain=11.6753 58.4605 34.8391 60.0068 35.7676 33.2876 31.3137 32.2836 30.8049 43.7078 30.0834 27.3083 26.9428 36.0078 24.3839 23.557 22.8501 20.8367 17.4586 16.6644 13.3144 11.6119
threshold=-0.009234888741587231 0.11198429954846724 -0.10872575593379601 0.014184887569678135 -0.07687109986335787 -0.00098528645415013583 0.56826563459463031 0.012412877825128201 0.027292916772209356 -1.12888340122748 -0.061221554084063039 0.78974514699402976 -0.055131984735716004 0.28387054992228561 0.71399385637609669 0.038994654154270066 1.0315080335142253 0.99890034808107464 0.0086491656434745118 0.79708628949123772 0.013354031462510582 0.0067549900937260024
decision_type=10 10 10 10 10 10 8 10 8 8 10 10 10 10 10 10 8 8 10 10 10 8
left_child=5 2 3 4 -2 6 7 10 9 -8 -1 -10 13 -4 -5 -14 18 -9 20 -20 -7 -18
right_child=1 -3 12 14 -6 16 8 17 11 -11 -12 -13 15 -15 -16 -17 21 -19 19 -21 -22 -23
leaf_value=-0.0073814947169304939 -0.0014177867921882836 0.0080347026126028273 0.0073290558672073573 -0.00090518865690884017 -0.0065880000221427495 -0.0018103002017164011 0.0037779578790011811 0.00085924615044939148 0.00011166797693898605 0.00027880864199849171 -0.00066662762405290423 -0.0021129177109920727 0.0001114813922920542 0.00014230960775386101 0.0045578859615922011 -0.0016156074779021378 -0.0024161680855740685 0.010441795466878619 -0.0038450463286962976 -0.00074779123729603746 -0.0076449832308546116 0.0023906814166508206
leaf_weight=300 469 202 346 847 420 218 3097 247 7602 12270 24728 3104 99612 476 295 1748 221 204 202 866 355 260
leaf_count=300 469 202 346 847 420 218 3097 247 7602 12270 24728 3104 99612 476 295 1748 221 204 202 866 355 260
internal_value=-1.80783e-05 0.000105137 8.42305e-05 -0.00250886 -0.00640225 -0.000257811 -0.000156693 -0.000655338 0.000330521 0.000904347 -0.000751049 -0.000492949 0.000135815 0.00373998 0.000523185 0.00010653 -0.0027122 0.00464159 -0.00383557 -0.00231805 -0.00665157 0.00111618
internal_weight=158089 104415 104213 2031 889 53674 51552 25479 26073 15367 25028 10706 102182 822 1142 101360 2122 451 1641 1068 573 481
internal_count=158089 104415 104213 2031 889 53674 51552 25479 26073 15367 25028 10706 102182 822 1142 101360 2122 451 1641 1068 573 481
is_linear=0
shrinkage=0.02


Tree=141
num_leaves=30
num_cat=0
split_feature=45 6 46 72 49 72 46 4 46 9 44 45 6 44 48 41 36 6 17 28 44 31 68 66 37 57 9 6 18
split_gain=12.3638 38.11 52.328 79.6582 57.0645 40.4194 33.4722 27.3771 35.6543 29.0561 32.5387 28.5685 69.1314 37.8577 24.1222 23.7986 22.8207 19.6311 17.3436 21.1257 21.5667 18.5067 15.1126 13.6073 18.1542 14.4431 10.2538 9.84376 3.69153
threshold=0.0044010251167310123 0.011157502156012848 0.0040265091675481387 -0.54784468780820605 0.010311047378499085 -0.77557317977738749 0.0046312421981863621 -0.065904585637425281 0.03709626144380785 1.4369213709855833 0.077141766390349323 0.018619044111080962 0.013743552798636838 -0.097151723298657608 -0.0020885973943430831 0.030117361374297661 -0.20402185245825052 0.0096431742303383274 -0.075980874736593512 -0.15339759946206591 0.074697369416932738 -0.08923862967203898 0.53044447257842842 0.036999011331660205 0.51584638609287703 0.041052239434808256 0.89046443510038753 0.019455300372865299 48.368737983052824
decision_type=8 10 10 10 10 8 10 8 10 10 10 10 8 8 10 10 10 10 2 10 10 10 10 10 10 10 10 10 10
left_child=1 2 3 17 6 -6 -4 9 11 23 16 13 -13 -9 -5 -10 -11 -1 21 27 -21 -3 -23 25 -25 -2 -17 -20 -12
right_child=7 18 4 14 5 -7 -8 8 15 10 28 12 -14 -15 -16 26 -18 -19 19 20 -22 22 -24 24 -26 -27 -28 -29 -30
leaf_value=-0.0065952268450568795 0.0017302511555854344 -0.0048230592943892718 0.0017537453004588708 0.0037044204272805065 0.0044968971198498112 0.0018906781536885506 -0.00086007795891125953 -0.0056416832982606312 -0.00016422522202253639 0.0056764343732819801 -0.0022051123667783273 0.011280533352176925 0.0005050662203368245 -0.00021136495924249047 -0.00026149723525505168 -0.0067261877394186077 0.0016120333172508451 -0.0009584784819681953 -0.0092715238077784937 0.00077920995402339381 -0.0012365488568439379 -0.0016974575193446119 0.00069679581463442334 0.00010325463613341562 0.0051866259100023663 -0.0028776698302371319 -0.0034837832368622081 -0.0022615788667644876 -0.0050320184642890595
leaf_weight=628 301 371 2765 451 1351 2439 2402 328 286 1592 241 251 979 104968 867 205 4439 214 205 7892 2467 3515 1321 15985 268 668 217 363 203
leaf_count=628 301 371 2765 451 1351 2439 2402 328 286 1592 241 251 979 104968 867 205 4439 214 205 7892 2467 3515 1321 15985 268 668 217 363 203
internal_value=-4.92973e-05 0.00033825 0.00123925 -0.00155391 0.00191315 0.00377684 0.000545279 -0.000129976 -0.000265939 0.000485189 0.00162724 -0.000236165 0.00279285 -0.000271594 0.00151478 -0.00473625 0.00201227 -0.00635587 -0.000282491 0.000170022 0.000376255 -0.00123233 -0.000900972 5.56233e-05 0.00019306 -0.00224536 -0.00774941 -0.00358172 -0.00359101
internal_weight=158182 27251 11117 2160 8957 3790 5167 130931 107234 23697 6475 106526 1230 105296 1318 708 6031 842 16134 10927 10359 5207 4836 17222 16253 969 422 568 444
internal_count=158182 27251 11117 2160 8957 3790 5167 130931 107234 23697 6475 106526 1230 105296 1318 708 6031 842 16134 10927 10359 5207 4836 17222 16253 969 422 568 444
is_linear=0
shrinkage=0.02


Tree=142
num_leaves=25
num_cat=0
split_feature=32 44 14 63 53 44 10 45 53 14 45 54 45 53 6 50 57 44 17 52 41 41 69 37
split_gain=17.4561 24.7753 36.8716 33.6554 27.2197 24.0551 26.0007 42.6653 52.7853 31.8893 26.9979 24.6474 22.8182 19.6032 15.9043 26.1972 50.3892 15.9219 14.7533 14.2226 13.528 10.5838 7.09612 5.2941
threshold=0.21128816567500777 0.10410270243662935 -0.14363687542624051 0.31969845845808736 0.014833287004906749 0.11987758949867323 0.69641717675141435 0.010276672700424325 0.013170367965835298 -0.18070089151182853 0.010037095526989189 0.51042087342324793 0.012773120662465052 0.017095734464677947 0.060421667068357159 0.071921925095346353 0.36747675891726 -0.097151723298657608 0.32185580728985203 0.88789462569950384 0.032782249207474974 0.026986575255300686 -0.72921175817670003 0.066267866681904333
decision_type=10 10 8 10 10 10 8 10 10 8 10 10 10 10 10 10 8 10 2 2 10 10 10 10
left_child=5 18 12 13 -5 14 7 8 -7 10 -8 -11 -3 -4 15 19 -17 22 20 -1 21 -2 -16 -20
right_child=1 2 3 4 -6 6 9 -9 -10 11 -12 -13 -14 -15 17 16 -18 -19 23 -21 -22 -23 -24 -25
leaf_value=-1.370759832697084e-05 0.00038532563248250967 0.0029304622481319026 0.0070303127075435111 -0.0011224434060849342 0.0035516316962490224 -0.00047352076377026308 -3.4651075600796793e-05 0.0023685636793116878 -0.0076200178624914374 -0.0017187218598741425 -0.0059288588122992873 0.0011342114657854081 -0.0077596454309949263 0.013086127505507986 -0.00036057117099348225 0.0037671800977592462 -0.0039726298282796073 0.0069355408748533881 -0.0016542948958334484 0.0010717873489030478 0.0066976060164045037 -0.0056289817297145092 0.00396315349883921 -0.0056452509103184821
leaf_weight=138035 3933 225 298 558 1466 632 374 332 765 1845 475 2450 269 241 401 225 648 296 225 3692 201 213 201 211
leaf_count=138035 3933 225 298 558 1466 632 374 332 765 1845 475 2450 269 241 401 225 648 296 225 3692 201 213 201 211
internal_value=8.20418e-06 0.000928198 0.00233421 0.00329875 0.00211259 -3.97547e-05 -0.00119552 -0.00331676 -0.00484835 -0.000481633 -0.00402118 0.000218343 -0.00266263 0.00773704 1.55959e-05 -1.10799e-06 -0.00345309 0.00266741 2.88462e-05 2.01654e-05 0.000381325 0.000134555 0.000792703 -0.00347368
internal_weight=158211 7840 3057 2563 2024 150371 6873 1729 1397 5144 849 4295 494 539 143498 142600 873 898 4783 141727 4347 4146 602 436
internal_count=158211 7840 3057 2563 2024 150371 6873 1729 1397 5144 849 4295 494 539 143498 142600 873 898 4783 141727 4347 4146 602 436
is_linear=0
shrinkage=0.02


Tree=143
num_leaves=23
num_cat=0
split_feature=57 73 68 23 4 6 44 14 44 69 50 6 46 7 27 1 19 65 7 73 45 51
split_gain=13.9501 18.8474 14.7981 14.4475 21.6465 18.7389 17.0086 17.1014 16.0741 19.7805 19.5941 13.6889 13.752 11.0365 10.6096 10.3117 9.9107 9.00794 12.7416 9.21297 7.16418 5.73051
threshold=0.95933218432826739 0.27140850763825053 1.3591412137153638 0.10698200977574902 0.39506112745364347 0.010778352340234785 0.10184831294004694 1.0000000180025095e-35 0.081187245259363064 -0.78667009092234585 0.032903037304576117 0.070717915228013475 0.034133762393146715 0.0064193952474409068 -0.045763793983848604 -0.0024139599797257101 1.500469256361243 0.47978714254025601 0.0082829692229999252 0.031827735910106562 0.0043653841416914901 0.7247422680412372
decision_type=10 8 10 10 10 8 10 10 10 8 8 10 10 10 10 10 10 10 10 10 10 2
left_child=3 17 14 4 11 -5 -6 -8 10 -10 -7 12 -1 20 -3 -16 -15 18 -2 -19 -4 -20
right_child=1 2 13 5 6 8 7 -9 9 -11 -12 -13 -14 16 15 -17 -18 19 21 -21 -22 -23
leaf_value=-3.7332386566346459e-05 -0.0018210402523803498 0.0035646745844023137 -6.8931306601571003e-05 -0.0040166001417905727 -0.0016915604964269743 -0.00081518127713358388 0.00032340884468694318 0.0077918232008766441 -0.0097765501854656725 -0.0017765457696172842 0.0016047279573886705 0.0068686465613286285 -0.0010329809482474317 0.0016328179365043898 -0.0024667119831396399 -0.001592450259961265 -0.0021252010391844952 0.0015431026514036346 0.002138256360534383 0.0059525039853733069 0.0031112370755710544 0.0069942939668941398
leaf_weight=141103 291 208 249 203 259 3944 215 382 244 1244 1319 317 3056 1216 249 996 696 283 702 356 654 291
leaf_count=141103 291 208 249 203 259 3944 215 382 244 1244 1319 317 3056 1216 249 996 696 283 702 356 654 291
internal_value=-4.90794e-05 0.00088146 0.00014008 -8.6928e-05 -4.42983e-05 -0.000977426 0.00312485 0.00497993 -0.000796505 -0.0026313 -0.000276976 -6.31104e-05 -7.22669e-05 0.000986506 -0.00149794 -0.00219743 0.000124412 0.00252495 0.00155486 0.00446562 0.00280752 0.0026338
internal_weight=158477 6191 4268 152286 145332 6954 856 597 6751 1488 5263 144476 144159 2815 1453 1245 1912 1923 1284 639 903 993
internal_count=158477 6191 4268 152286 145332 6954 856 597 6751 1488 5263 144476 144159 2815 1453 1245 1912 1923 1284 639 903 993
is_linear=0
shrinkage=0.02


Tree=144
num_leaves=20
num_cat=0
split_feature=66 19 41 35 44 46 45 43 10 8 5 53 44 43 54 58 51 57 44
split_gain=15.4893 13.7126 29.9519 28.5617 22.3498 17.9104 15.1518 14.1474 39.1812 32.5302 24.9282 53.8442 34.8278 18.0849 12.8917 9.8018 8.25279 8.15171 2.24937
threshold=0.99369084475895642 1.9330776415161919 0.030461029137736188 0.0067757715172139616 0.055703942813936098 0.0043493205691553898 0.005308094488477833 0.052023794148548304 1.8511993873420498 0.0060295827653730058 0.028290422535382522 0.024132713091028688 0.15576978428121704 0.067346497821808363 0.26539476357806663 0.9896587273069487 0.71770777270438735 0.63936092659757049 0.038595386389423288
decision_type=10 10 10 10 10 10 10 10 10 10 10 10 10 10 10 10 2 10 10
left_child=1 7 5 -4 -5 14 -7 10 9 -9 11 -1 -12 -10 -3 16 17 -2 -17
right_child=15 2 3 4 -6 6 -8 8 13 -11 12 -13 -14 -15 -16 18 -18 -19 -20
leaf_value=-1.7775200680657972e-05 -0.0032691124104106428 -0.0022838620453342214 -0.0053995571622730441 -0.002992949657787482 0.0013861562371668243 -0.0013311923408722292 -2.2259420789807818e-05 0.0023614694970064843 -0.0026333330693140023 0.00051353446304483951 0.0016220147139351382 -0.0029689328587140726 -0.0039206334377286153 -0.018414595456177244 0.0018103490236890446 -0.0041264099473302942 0.0024505348230206276 0.00089486303851756086 -0.0057199633868067366
leaf_weight=120312 320 389 267 809 431 3441 6657 1644 278 10746 8477 1165 535 215 1352 212 214 205 217
leaf_count=120312 320 389 267 809 431 3441 6657 1644 278 10746 8477 1165 535 215 1352 212 214 205 217
internal_value=2.77414e-06 1.98955e-05 -0.000593242 -0.00324801 -0.00196454 -0.000254899 -0.000578077 7.6988e-05 0.000709252 0.000929546 1.45452e-05 -6.07353e-05 0.0010294 -0.00481377 0.00161768 -0.00229085 -0.000889189 -0.00223954 -0.00469302
internal_weight=157886 156718 13346 1507 1240 11839 10098 143372 12883 12390 130489 121477 9012 493 1741 1168 739 525 429
internal_count=157886 156718 13346 1507 1240 11839 10098 143372 12883 12390 130489 121477 9012 493 1741 1168 739 525 429
is_linear=0
shrinkage=0.02


Tree=145
num_leaves=22
num_cat=0
split_feature=32 44 57 27 36 69 22 48 45 41 42 71 42 61 41 44 6 48 46 52 48
split_gain=12.5007 22.4595 24.8579 12.4464 12.4169 11.8213 18.3964 43.7379 47.2346 24.2412 15.0525 29.6898 15.2302 13.719 8.90522 9.1944 8.17113 7.16205 6.73329 5.78148 5.61526
threshold=0.32248816140126663 0.10184831294004694 0.18000124207621915 -0.055563571757854695 0.23494592037074533 1.9664499208695785 0.12194151872976906 -0.10872575593379601 0.018769124172072955 -0.030760503075107633 0.047279301649295953 0.89891926240322395 0.035598282158095247 0.1407406246080522 -0.013079345092214976 0.079999643421418756 0.03347549212562196 -0.02130230069803379 0.00603620810576295 0.71967429796997362 -0.038503040567345818
decision_type=10 10 10 10 10 10 10 8 10 10 10 8 10 10 10 10 10 10 10 2 10
left_child=5 16 -3 -4 -5 6 10 8 -8 -9 12 -12 -1 -7 20 -16 17 -2 -19 -18 -15
right_child=1 2 3 4 -6 13 7 9 -10 -11 11 -13 -14 14 15 -17 19 18 -20 -21 -22
leaf_value=3.8777359145056588e-05 0.0042220942129795845 -0.0043549899686468573 0.0082337265832225868 -0.0007760553150820156 0.0057777516725061508 0.010906419962330384 -0.0070737185485455359 0.0025726794803378294 -0.00063221008640219878 -0.00054535780011293695 -0.0012781492509927773 0.0036165664817020449 0.0011241684215081763 2.5973069129023862e-05 0.0019756322421452359 -0.0014877766738010296 -0.00097492449167499863 0.0036941813709021666 -0.0029688282102614282 -0.0081974550293623868 -0.0045051856876919842
leaf_weight=125891 221 200 386 205 385 210 411 645 479 13813 4759 688 5163 311 2640 500 261 203 328 206 203
leaf_count=125891 221 200 386 205 385 210 411 645 479 13813 4759 688 5163 311 2640 500 261 203 328 206 203
internal_value=2.62983e-05 0.00145993 0.00343076 0.00474719 0.00290694 4.2257e-06 -2.35627e-05 -0.000680044 -0.00498092 -0.000414828 5.0241e-05 -0.000979809 9.30754e-05 0.00109651 0.000809302 0.00120917 -0.000440984 0.000847278 -0.000409774 -0.00251709 -0.00162718
internal_weight=158108 2395 1176 976 590 155713 151849 15348 890 14458 136501 5447 131054 3864 3654 3140 1219 752 531 467 514
internal_count=158108 2395 1176 976 590 155713 151849 15348 890 14458 136501 5447 131054 3864 3654 3140 1219 752 531 467 514
is_linear=0
shrinkage=0.02


Tree=146
num_leaves=15
num_cat=0
split_feature=39 78 10 50 44 42 44 44 14 54 10 52 58 71
split_gain=17.0898 14.7456 14.3549 58.8771 78.6541 54.4852 28.0786 35.194 30.2475 14.0264 12.3004 12.4958 13.8911 9.53378
threshold=-0.17818061665530646 2.2522849675092065 1.4287262829129446 0.0091548033069144292 0.043656047087019319 0.0059133690802873904 0.15576978428121704 0.12426041513643817 -0.18070089151182853 0.64983079766868557 1.5479209881769882 0.76005008063831603 0.90986224705554208 -0.26002442071611959
decision_type=8 10 10 10 10 10 10 10 8 8 10 2 10 10
left_child=9 2 6 4 -4 -5 7 -2 -8 -1 11 13 -13 -3
right_child=1 10 3 5 -6 -7 8 -9 -10 -11 -12 12 -14 -15
leaf_value=-0.00010972036755107962 -4.3843720416641624e-06 -0.0032266714482225667 0.001178847434733893 -0.0024489762188781555 0.0080774332427680715 0.00059351605828334407 -0.0033366311714558006 -0.0015300255873731249 0.0023251024895686264 -0.0055992294303888772 -0.0069969723547616824 0.0031579005732968969 -0.00072661671739361795 -0.0010064946648289943
leaf_weight=288 124736 272 5938 4689 1260 12902 273 3585 1940 343 257 208 434 1198
leaf_count=288 124736 272 5938 4689 1260 12902 273 3585 1940 343 257 208 434 1198
internal_value=2.58836e-05 3.90506e-05 6.29523e-05 0.000504155 0.00202778 -0.000119259 -2.0822e-05 -5.93663e-05 0.00221229 -0.00325633 -0.00152658 -0.0010213 0.00130327 -0.00203807
internal_weight=158323 157692 155323 24789 7198 17591 130534 128321 2213 631 2369 2112 642 1470
internal_count=158323 157692 155323 24789 7198 17591 130534 128321 2213 631 2369 2112 642 1470
is_linear=0
shrinkage=0.02


Tree=147
num_leaves=18
num_cat=0
split_feature=32 6 43 46 9 8 6 43 43 33 44 63 44 17 57 14 30
split_gain=16.8235 19.8638 22.1816 36.2911 35.0812 27.8448 23.8786 18.1821 25.4538 20.6072 17.8953 20.4973 14.7925 11.8041 9.509 9.34109 6.07397
threshold=-0.27617093460708475 0.042846827679137119 0.051227593454310501 0.036016059464893356 2.7016181494572549 0.0054244770460803067 0.019910709692244181 0.051227593454310501 0.04261866036830509 0.17180595313297969 0.17681011950591644 0.33543640368335864 0.098986344759949288 0.19592533621936112 0.26785611752286814 -0.14812161585455283 0.48892559039455197
decision_type=8 10 10 10 10 10 10 10 10 10 10 10 10 2 10 8 10
left_child=7 2 3 6 5 -4 -2 8 13 15 11 12 -3 -1 -13 16 -9
right_child=1 10 4 -5 -6 -7 -8 9 -10 -11 -12 14 -14 -15 -16 -17 -18
leaf_value=0.0052435722732785336 -0.00013774646332003078 -0.00029618479945692125 0.0029280925044284675 -0.0047771968022345627 -0.010389430859681097 0.00057989159434993984 0.00062207253693011668 -0.0053613776801488145 0.0092998796402175982 0.0034088009701040266 -0.0066696273321782797 -0.0058316989967252169 0.0068011715585911871 -0.0019851748214362638 -0.0015680900725616991 0.0012319536045762971 -0.0017403367845763007
leaf_weight=256 113095 1119 1225 345 242 12134 25697 209 271 359 383 230 317 234 1542 207 249
leaf_count=256 113095 1119 1225 345 242 12134 25697 209 271 359 383 230 317 234 1542 207 249
internal_value=6.05888e-06 -1.5979e-05 1.85807e-05 -5.67638e-05 0.000789443 0.000926497 -4.06216e-05 0.00193617 0.00427559 0.000193171 -0.00148608 -0.000996572 0.00077801 0.00154379 -0.00243542 -0.00188889 -0.00348148
internal_weight=158114 156329 152738 139137 13601 13359 138792 1785 761 1024 3591 3208 1436 490 1772 665 458
internal_count=158114 156329 152738 139137 13601 13359 138792 1785 761 1024 3591 3208 1436 490 1772 665 458
is_linear=0
shrinkage=0.02


Tree=148
num_leaves=28
num_cat=0
split_feature=34 42 10 57 50 10 24 42 45 5 10 78 28 44 48 7 50 45 5 59 30 48 41 67 50 33 21
split_gain=14.1508 20.2675 15.8214 15.307 13.1424 13.8495 13.5319 13.123 12.1418 21.043 23.2042 16.6041 14.8701 32.0991 21.2857 49.7635 19.3637 14.6818 13.5699 12.0963 11.1152 10.6948 12.8951 12.8596 8.88171 7.53778 7.34142
threshold=1.2856097538358336e-05 0.0065143588825852259 -0.055937828098538277 0.52426171136085464 0.034323025295596728 1.0515750250412379 -1.1118037736987347 0.0056876481417038613 0.0035439085689753058 0.014922219378086288 1.6908024802685011 0.89093407390246082 -0.17067234996151501 0.17681011950591644 -0.10872575593379601 0.0083326249751799909 -0.055131984735716004 0.0042318588088183272 0.017133581287538457 0.45654369784804572 0.44809503096058834 -0.0048371783733207043 -0.010205917641141591 0.072147989880732635 0.016825410829648505 0.0060202464037035774 -0.020343329004835483
decision_type=8 10 8 8 10 8 8 10 8 10 8 10 8 8 8 8 8 10 10 10 10 8 10 10 10 10 10
left_child=1 3 -3 7 6 -6 -5 19 9 10 11 -2 13 17 15 -14 -16 -10 25 -1 -12 22 -4 -23 -20 -11 -9
right_child=8 2 21 4 5 -7 -8 26 12 18 20 -13 14 -15 16 -17 -18 -19 24 -21 -22 23 -24 -25 -26 -27 -28
leaf_value=-0.0013668306743667275 0.00029805556145310913 0.0033338379962019804 -0.0011655485985390273 0.0028182351817991748 0.0044952752492783488 -2.1019251300569628e-05 5.9594089930516647e-06 -0.0045064284786529556 -0.0044403904691911588 -0.000990286146460658 0.0069331398798503007 0.0026015487774893754 -0.0052448507596782714 -0.0082810120063561508 0.0020591154657240616 -0.00065984402752489657 -0.00017397950424246218 0.0010812286009500222 -0.0033779203804108217 0.00016232778217188556 0.0032936543923499473 0.00050454093290338653 0.0015151669520838999 -0.002788326374154142 0.00076514565051716331 -0.0042247366794851606 -0.0016001199402063985
leaf_weight=2695 5593 231 653 616 249 201 6217 212 281 227 236 748 266 214 1409 2280 105965 9964 209 3561 370 7504 5615 677 1038 316 291
leaf_count=2695 5593 231 653 616 249 201 6217 212 281 227 236 748 266 214 1409 2280 105965 9964 209 3561 370 7504 5615 677 1038 316 291
internal_value=7.84344e-06 0.000409358 0.000928956 -0.000133732 0.000502197 0.00380931 0.000283582 -0.000819231 -8.1461e-05 0.000638361 0.00113673 0.000778619 -0.000133727 0.000586807 -0.000202309 -0.00200942 -0.000159423 0.000747414 -0.00129425 -0.000568643 0.00487315 0.000845536 0.00146722 0.000368858 -0.000142628 -0.00393015 -0.0039246
internal_weight=157838 28722 14680 14042 7283 450 6833 6759 129116 8737 6947 6341 120379 10459 109920 2546 107374 10245 1790 6256 606 14449 6268 8181 1247 543 503
internal_count=157838 28722 14680 14042 7283 450 6833 6759 129116 8737 6947 6341 120379 10459 109920 2546 107374 10245 1790 6256 606 14449 6268 8181 1247 543 503
is_linear=0
shrinkage=0.02


Tree=149
num_leaves=25
num_cat=0
split_feature=72 42 53 48 5 53 42 33 72 54 54 69 53 20 48 23 42 7 48 8 41 57 53 16
split_gain=14.578 38.5879 53.2303 34.1493 31.312 25.906 25.3627 22.1542 17.5195 32.546 27.704 24.386 19.1572 18.458 17.1736 16.4299 15.3996 12.7377 15.1592 12.1959 11.9586 11.8628 31.0994 21.2322
threshold=-1.8353486864856075 0.012776128740270233 0.017251240471833355 -0.031464981314429812 0.013074267140816095 0.015107953638773134 -9.7331477505346861e-05 -0.057299897171618472 -1.565562445942416 0.57253979244754216 0.58494636763893593 0.032800595712119247 0.012924722733100054 -0.010005798199512637 -0.024992184450411955 0.031946876700333034 0.019910497316104506 0.0019146039743341383 -0.0059050528231091018 0.0056505807253908859 0.016066272946949293 0.71835397914624377 0.013073887856886781 0.1081495850056733
decision_type=8 10 10 8 10 10 10 10 8 10 10 10 10 10 10 10 10 8 10 10 10 10 10 10
left_child=1 2 3 4 -1 7 -5 -3 9 11 -11 13 -13 -2 -12 -4 -9 18 -10 -20 -7 23 -23 -19
right_child=8 5 15 6 -6 20 -8 16 17 10 14 12 -14 -15 -16 -17 -18 21 19 -21 -22 22 -24 -25
leaf_value=-0.0089341821764982784 0.002571394151734041 -0.00041618698814779951 -0.00080140019035877059 0.00083884470857372633 -0.0023736917118150776 -0.0043182414258653582 -0.0046449652429885295 0.0069249369757398305 -0.0004992984491751655 -0.0072745236329868094 0.001147366508409062 0.00055169519168853987 0.0074737565228383826 -0.00065287463181676266 -0.0052992540404775915 0.0071099954632165493 0.0023089652259572274 -4.0278684997748834e-05 0.0027328113975229663 0.00025191367530195366 0.00089956604994509664 -0.00046296082132660774 0.00057823140734932106 -0.0014707466111636115
leaf_weight=321 580 294 200 543 211 256 787 300 380 234 669 306 664 931 245 224 246 106654 495 277 276 11888 27423 3859
leaf_count=321 580 294 200 543 211 256 787 300 380 234 669 306 664 931 245 224 246 106654 495 277 276 11888 27423 3859
internal_value=2.38715e-05 -0.00122383 -0.00281504 -0.0042716 -0.00855159 0.00142607 -0.00255297 0.00361237 5.34132e-05 0.00142645 -0.00135596 0.00271475 0.00518847 0.00112302 0.000216393 0.00357176 0.00599269 2.03872e-05 0.00211448 0.00372316 -0.00202251 4.2583e-06 0.000302656 -0.000101869
internal_weight=158263 3658 2286 1862 532 1372 1330 840 154605 3629 1148 2481 970 1511 914 424 546 150976 1152 772 532 149824 39311 110513
internal_count=158263 3658 2286 1862 532 1372 1330 840 154605 3629 1148 2481 970 1511 914 424 546 150976 1152 772 532 149824 39311 110513
is_linear=0
shrinkage=0.02


Tree=150
num_leaves=25
num_cat=0
split_feature=57 44 46 44 53 10 53 5 46 44 70 44 46 5 45 45 9 59 43 43 43 78 16 72
split_gain=12.9591 53.0077 44.1776 42.8955 58.0184 38.6477 36.6307 52.856 51.9628 34.7884 51.5822 27.8508 25.7567 28.0398 22.6754 34.739 31.5871 20.6824 20.1373 56.2096 30.4364 19.4438 14.7853 12.125
threshold=0.35974956912310024 0.15576978428121704 0.012898997088880251 0.12547988852472428 0.017095734464677947 1.59806129762523 0.020587867958909118 0.028290422535382522 0.011835908005302669 -0.12309302849888985 -0.31177996541536718 -0.031313881838822215 0.0099684042768321043 0.040483974192790324 0.010325306468964892 0.01057369107087156 0.8745159057837858 0.15031997489322801 0.015317282313024318 0.017122757766654843 0.00030873174475221093 -1.1572494674198841 0.10119243485287112 0.22526269363363682
decision_type=10 10 10 10 10 10 10 10 10 10 10 10 10 8 10 10 10 10 10 10 10 10 10 10
left_child=3 6 -3 5 23 14 9 8 -8 10 -2 -11 -6 -14 16 -16 -1 -4 20 -20 -7 -9 -19 -5
right_child=1 2 17 4 12 18 7 21 -10 11 -12 -13 13 -15 15 -17 -18 22 19 -21 -22 -23 -24 -25
leaf_value=6.7438937165544767e-05 -0.0070567959513319709 -0.0042682795279890585 0.0063580931374595676 0.00026719310242623106 -0.008476093706123641 0.0010302502723897522 0.00051725132036656589 0.0060096411985208487 -0.0033277609408532329 0.0013173395966733681 0.0012143650260545431 9.7350026784465699e-05 -0.0020067951269923134 -0.010622225985277255 0.0041616347400708301 0.00022554108623834015 -0.00089868950041138847 0.0013876230139960421 -0.012189323653999651 0.0014347650679281732 0.0067468666925426671 5.0491828914513291e-05 0.0049001710817117676 0.0084663846583531363
leaf_weight=20091 247 244 395 202 290 1659 820 202 2147 7011 238 79961 1546 295 904 10357 22970 931 223 3119 1336 2564 422 211
leaf_count=20091 247 244 395 202 290 1659 820 202 2147 7011 238 79961 1546 295 904 10357 22970 931 223 3119 1336 2564 422 211
internal_value=1.60241e-05 0.000163454 0.00339087 -0.000205968 -0.00274971 -9.92087e-05 9.44083e-05 -0.00145413 -0.00330795 0.000195957 -0.00513992 0.000225794 -0.00407974 -0.00320195 -0.000271671 0.00052726 -0.000480656 0.00450429 0.00137867 0.0003105 0.00256943 0.000534153 0.00332201 0.00410145
internal_weight=158385 95182 1992 63203 2544 60659 93190 5733 2967 87457 485 86972 2131 1841 54322 11261 43061 1748 6337 3342 2995 2766 1353 413
internal_count=158385 95182 1992 63203 2544 60659 93190 5733 2967 87457 485 86972 2131 1841 54322 11261 43061 1748 6337 3342 2995 2766 1353 413
is_linear=0
shrinkage=0.02


Tree=151
num_leaves=28
num_cat=0
split_feature=67 51 50 49 6 51 37 38 70 10 69 44 50 53 53 38 70 57 50 69 72 4 44 63 7 53 66
split_gain=16.9132 19.7592 30.8972 27.7732 31.5112 27.5318 28.8973 24.4968 26.8548 23.2481 20.7877 36.1124 35.1867 19.4978 34.9002 20.266 22.9504 19.7857 15.4983 15.204 15.6448 15.1287 14.4481 14.2612 14.2117 12.5673 8.31489
threshold=0.10472095872879782 0.72080650082043596 0.027452737959034693 0.016022964212992766 0.0085978086723610993 0.81067081577185185 -0.29694614842999478 1.0424999682401501 1.5310602507449846 1.2333542033482885 0.073917795364508904 0.00083595413199644153 0.039109424759590568 0.011382915358150428 0.011472534317419703 1.2272302927598984 -0.97655965205601281 0.12447695082024618 -0.0088289649841767331 0.56884797396599207 -0.28100372720462691 0.16589402123571897 0.045101921088091419 0.83894759236933558 0.013950697686096405 0.011079519972622654 0.4077166163194596
decision_type=8 2 10 10 10 2 8 10 10 10 8 10 10 8 8 10 10 10 10 10 8 10 8 10 10 10 10
left_child=1 3 5 10 -5 6 -3 8 -4 -6 11 -1 -12 17 19 22 -17 25 -19 20 -15 -20 -16 -7 -9 -2 -27
right_child=13 2 7 4 9 23 -8 24 -10 -11 12 -13 -14 14 15 16 -18 18 21 -21 -22 -23 -24 -25 -26 26 -28
leaf_value=0.00088904722737990528 -0.0033725739496257246 -0.0013432996899497471 0.00039400089533512498 -0.007574175210798049 -0.0016922492805332293 0.00082889272306507029 0.00341951862595772 -0.0015139356789962998 0.0088547261047577774 0.0014005695206186612 0.00037778750442163221 -0.00047033512406112075 0.0037653398583938993 -0.0038411319063856022 -0.00061541289432467917 0.0042350785330866024 0.00034773679268734661 0.0041408356129550919 0.00061584591166431507 -0.0050042882224905494 0.00095295129606908229 0.0038158845596086466 -6.1459226907978622e-05 -0.0030700326696422209 0.00052663848822050792 0.0032819474265983295 -0.0023455685170415122
leaf_weight=9113 360 525 11464 203 3570 4945 3552 2926 341 1338 19063 28292 1088 212 27840 287 8738 314 3086 239 206 627 27681 268 1384 200 200
leaf_count=9113 360 525 11464 203 3570 4945 3552 2926 341 1338 19063 28292 1088 212 27840 287 8738 314 3086 239 206 627 27681 268 1384 200 200
internal_value=1.49181e-05 0.000199357 0.000669842 8.58492e-06 -0.00140415 0.00158842 0.00281952 0.000140109 0.000611384 -0.00108332 0.000134093 -0.000144843 0.000651945 -0.000217142 -0.000307619 -0.000260864 0.000617992 0.00101462 0.00157349 -0.00489058 -0.00257279 0.00121109 -0.000403768 0.000624856 -0.00115008 -0.00194218 0.000493766
internal_weight=158062 88072 25405 62667 5111 9290 4077 16115 11805 4908 57556 37405 20151 69990 65203 64546 9025 4787 4027 657 418 3713 55521 5213 4310 760 400
internal_count=158062 88072 25405 62667 5111 9290 4077 16115 11805 4908 57556 37405 20151 69990 65203 64546 9025 4787 4027 657 418 3713 55521 5213 4310 760 400
is_linear=0
shrinkage=0.02


Tree=152
num_leaves=23
num_cat=0
split_feature=9 53 37 49 69 2 44 16 53 51 42 19 43 51 70 49 46 36 45 45 28 63
split_gain=12.0788 25.7317 27.9548 18.7584 17.2477 20.225 13.5886 12.4057 19.9724 24.5812 17.9783 17.0173 22.4147 16.6361 14.4309 17.61 16.0888 12.6913 28.9394 27.0077 10.95 8.3012
threshold=-0.26552305515814395 0.011429545336508213 -0.52466080237925705 0.010648332109308491 0.3463301662484774 0.030274595455791701 0.074697369416932738 0.077584176301046318 0.013073887856886781 0.81808982592530011 0.03108295675117401 1.9330776415161919 0.070007120904098788 0.75806138306138315 -1.2871976791609976 -0.016455705772573045 0.0059352095475048734 0.024728117094770793 0.0082894699117945052 0.010189167900724475 -0.03646621112897918 0.84345103022601442
decision_type=8 10 10 10 10 10 10 10 10 2 10 10 10 2 8 10 10 8 8 10 10 10
left_child=1 -1 4 -4 5 -3 -5 14 9 10 -9 12 -10 -13 15 -2 -17 19 -19 -16 -6 -11
right_child=7 2 3 6 20 -7 -8 8 11 21 -12 13 -14 -15 17 16 -18 18 -20 -21 -22 -23
leaf_value=-0.0058882899871330677 -0.0044391560992230565 0.00095193196801683503 0.0022665181250655095 0.0024211886612064649 -0.00052877620848531528 -0.0029894206029056729 0.0087413993439147252 -0.0015854264884774614 -9.4303519268511417e-05 0.0056123923786401799 -0.0053937497705738146 -0.00020047535658287269 0.0025314030235280348 -0.0021770567162928659 -0.00031368032451972207 -0.0039391565525674511 0.00010304377007666312 0.00054076907689398247 -0.00021836426157517881 0.00046435062805557623 0.0032672447389140457 -2.2929574964026951e-05
leaf_weight=262 312 1548 319 210 228 634 203 3682 11678 233 509 2122 1010 1555 60614 255 1108 29253 20545 20678 612 211
leaf_count=262 312 1548 319 210 228 634 203 3682 11678 233 509 2122 1010 1555 60614 255 1108 29253 20545 20678 612 211
internal_value=-4.75213e-05 0.0010351 0.00145885 0.00496317 0.000608005 -0.000328905 0.00777295 -7.58165e-05 -0.000527499 -0.00168637 -0.00216078 -0.000199071 0.000148002 -0.00139695 -4.35352e-06 -0.00184845 -0.000863636 1.9208e-05 0.000270648 -0.000134796 0.00304162 0.00278202
internal_weight=157781 4016 3754 732 3022 2182 413 153765 21000 4635 4191 16365 12688 3677 132765 1675 1363 131090 49798 81292 840 444
internal_count=157781 4016 3754 732 3022 2182 413 153765 21000 4635 4191 16365 12688 3677 132765 1675 1363 131090 49798 81292 840 444
is_linear=0
shrinkage=0.02


Tree=153
num_leaves=21
num_cat=0
split_feature=6 41 44 28 6 43 59 45 50 13 75 9 6 54 50 10 44 37 40 75
split_gain=10.4373 34.6071 32.8899 33.6226 29.2815 29.2137 55.732 39.612 21.4043 32.9414 24.7885 22.1577 17.907 26.0591 28.2083 24.7408 20.1736 16.151 13.6554 10.1785
threshold=0.020860053698785835 0.047384893400697077 -0.12918327945539967 -0.14214102422875138 0.016936342002906817 -0.053124800089148654 0.4764891720413193 0.012310979767650991 0.051343734652707369 -0.21987144031764408 0.94322827435458179 2.3972174810779969 0.047002483707524516 0.56052014714107801 0.037626038984589501 1.7733917624507352 0.17681011950591644 0.43232887062353109 -0.00082287663744628049 -2.4774570814157775
decision_type=10 10 8 10 8 8 8 10 10 10 10 10 10 10 10 10 10 10 10 10
left_child=1 2 3 -1 18 6 -4 -7 12 17 11 -11 13 14 -2 -15 19 -10 -3 -14
right_child=8 4 5 -5 -6 7 -8 -9 9 10 -12 -13 16 15 -16 -17 -18 -19 -20 -21
leaf_value=3.4156165134002267e-05 -0.0005439632115464331 -0.0029846754637846817 0.0026624697292514732 -0.0057047634245544366 0.00029425620739877606 1.8348618585836208e-07 -0.0009585469873044023 -0.0011478110948203869 0.00079270777023276171 -0.00037200694874836435 -0.0057835449749619018 -0.0075428650100072851 0.0074520379746609335 0.0010048621641469391 0.0025026271100754278 0.0049753146885352156 -0.0084251870149379248 0.0079412975667729428 -0.0056390439210754111 -0.00086521552469694563
leaf_weight=223 10070 239 3246 228 304 111306 2226 8238 257 4105 317 476 302 10256 2643 1410 252 245 200 1675
leaf_count=223 10070 239 3246 228 304 111306 2226 8238 257 4105 317 476 302 10256 2643 1410 252 245 200 1675
internal_value=3.52676e-06 -7.82658e-05 -5.27465e-05 -0.00543805 -0.00437903 -3.32595e-05 0.00139558 -9.86909e-05 0.000326096 -0.0008217 -0.00132231 -0.000946748 0.000559134 0.000716079 8.95076e-05 0.00139865 -0.00115605 0.00405169 -0.00767727 -0.000474216
internal_weight=158218 126210 125467 451 743 125016 5472 119544 32008 5400 4898 4581 26608 24379 12713 11666 2229 502 439 1977
internal_count=158218 126210 125467 451 743 125016 5472 119544 32008 5400 4898 4581 26608 24379 12713 11666 2229 502 439 1977
is_linear=0
shrinkage=0.02


Tree=154
num_leaves=19
num_cat=0
split_feature=18 69 43 16 43 40 18 50 44 54 69 47 18 20 47 41 26 50
split_gain=12.7608 22.3504 21.7029 19.2385 24.0917 23.0895 20.5942 16.714 16.5713 15.4522 14.0832 13.5721 11.884 16.8083 13.8512 10.006 7.31271 7.85997
threshold=82.761811038885881 -0.82247319162371979 -0.0033064686172787901 0.077584176301046318 0.072867180481927321 0.0014641417964649333 74.858245850054445 0.055917013758482022 0.00083595413199644153 0.62375893356764867 2.5562100564209849 -0.0061862140764973308 71.063335983383681 0.066298277759606186 -0.0047998130743245873 0.032619956249782762 0.85890921192075631 0.0069652027590909613
decision_type=10 8 10 8 10 10 8 10 8 10 10 10 10 10 10 10 10 10
left_child=3 -2 -3 10 5 7 15 -5 -4 -10 12 -7 14 -14 -1 -6 -12 -18
right_child=1 2 8 4 6 11 -8 -9 9 -11 16 -13 13 -15 -16 -17 17 -19
leaf_value=0.00013058634893093428 -0.0036138453795523935 -0.0029623886505249202 -0.0016714668379203374 -0.00064816963728193901 0.0031141805537655272 0.0011772559383800847 -0.00097228927593479117 -0.0020887186565110797 0.00098755110192331021 0.0030748590020836086 0.0059732735327027303 0.0073993133846196506 0.00060344967405197335 -0.0034701398028529518 -0.00026453573591952095 0.005829798242914022 -0.0027557182479133126 0.0053195990684671438
leaf_weight=76558 376 307 372 17903 468 533 381 2387 4682 436 357 230 10838 287 41369 238 205 213
leaf_count=76558 376 307 372 17903 468 533 381 2387 4682 436 357 230 10838 287 41369 238 205 213
internal_value=1.21284e-05 0.000903466 0.00121042 -2.40709e-05 -0.00056899 -0.000719008 0.00233272 -0.000847568 0.00150027 0.00179684 6.88449e-05 0.00269372 5.2676e-05 0.000677512 -6.25806e-06 0.00435361 0.00275515 0.000949881
internal_weight=158140 6173 5797 151967 22140 21053 1087 20290 5490 5118 129827 763 129052 11125 117927 706 775 418
internal_count=158140 6173 5797 151967 22140 21053 1087 20290 5490 5118 129827 763 129052 11125 117927 706 775 418
is_linear=0
shrinkage=0.02


Tree=155
num_leaves=19
num_cat=0
split_feature=17 46 6 10 50 69 14 30 50 18 53 70 2 67 53 42 42 9
split_gain=13.0237 20.7753 17.1726 21.236 15.8285 13.1583 14.1582 35.056 33.8675 13.1534 14.0458 12.8553 13.0455 11.8818 21.1908 11.7121 11.6422 10.153
threshold=-2.0499401959307448 0.0067549900937260024 0.01508774567624154 0.8800813896722004 0.006038734116959322 1.5860117299816829 0.34385068010322167 0.65692598309919437 0.032310795475163252 82.761811038885881 0.014884104280206764 3.9444474119846675 -0.022526351659111651 0.3169986417762663 0.011951370971096893 0.031861074997023626 0.0072732266117424569 1.0218802419495658
decision_type=2 10 8 10 10 10 10 10 10 8 10 10 10 10 10 10 8 10
left_child=1 -1 -3 -4 -5 6 11 8 -8 13 -11 16 -13 14 -7 -15 -2 -9
right_child=5 2 3 4 -6 9 7 17 -10 10 -12 12 -14 15 -16 -17 -18 -19
leaf_value=-0.0026916547956758632 -0.00016129542320001609 0.0054785171127662395 -0.0030624980240474596 0.00062001125120897177 0.0057011266042085304 -0.0019425542340093505 -0.0026898581486650588 -6.7894364252945485e-05 9.6267394385982644e-05 0.00083330337708658502 0.0068940508602917021 0.0011853077385900626 -0.0069127715259139364 0.00035565166089330055 0.0027854952762422763 -0.0045029286224466392 0.00012332276286225528 0.0060116376762566898
leaf_weight=324 68692 300 318 520 415 439 2730 266 2447 385 241 383 507 3897 1995 438 73174 454
leaf_count=324 68692 300 318 520 415 439 2730 266 2447 385 241 383 507 3897 1995 438 73174 454
internal_value=-5.93949e-06 0.00164963 0.00261133 0.00157735 0.00309615 -2.58765e-05 -6.68532e-05 -0.00102713 -0.00160255 0.000797458 0.00356938 -2.7165e-05 -0.002422 0.000540325 0.00165832 -8.71771e-05 -1.21099e-05 0.00310402
internal_weight=157925 1877 1553 1253 935 156048 148653 5897 5177 7395 626 142756 890 6769 2434 4335 141866 720
internal_count=157925 1877 1553 1253 935 156048 148653 5897 5177 7395 626 142756 890 6769 2434 4335 141866 720
is_linear=0
shrinkage=0.02


Tree=156
num_leaves=23
num_cat=0
split_feature=72 49 53 45 71 48 17 46 48 8 24 20 7 9 22 20 72 53 52 69 45 22
split_gain=11.4167 36.7228 55.144 38.2665 18.0416 22.4833 12.3933 26.108 11.9281 11.8434 13.4815 11.3069 10.7283 13.3326 21.4212 13.4451 10.7926 34.6393 17.9184 9.70244 9.52503 8.48274
threshold=-1.8998800890745693 0.010155074781886932 0.01728576548638688 0.0060342609507048279 0.061009030266489517 -0.032301745826973587 -2.0499401959307448 0.0067549900937260024 -0.0015039759964183828 0.00863601161744206 0.1613594330679386 -0.017426609465368611 0.03477748638306543 1.372442727503753 -0.23278273096337179 -0.040530438368428838 1.2216392162982455 0.019447971045763061 0.33012820512820518 -0.12412475664078047 0.0048573026601447722 0.0039839183451599878
decision_type=8 10 10 10 10 8 2 10 10 8 10 10 10 10 10 10 8 10 2 10 10 10
left_child=1 2 4 20 5 -1 7 -2 11 19 -11 -5 16 15 -15 -14 18 -18 -8 -9 -3 -6
right_child=6 3 -4 8 21 -7 12 9 -10 10 -12 -13 13 14 -16 -17 17 -19 -20 -21 -22 -23
leaf_value=-0.0074183482432636305 -0.0035465565310100937 0.0030953853289592331 0.0044265027332326583 0.0027435207064460056 0.002343719176761089 -0.0037424471226958039 0.00057883375789477163 0.0041652077461186744 -0.0046068566392325873 -0.001378641651656416 0.0032223652325351028 -0.0019783381437505462 0.0027080593203893722 0.00011839952975371784 -0.0061956557971236349 -0.00099737484064147297 0.00019011337393873298 0.0038687994043300629 -0.00011214768021989486 0.0021237865331997464 0.0073887793486572644 -0.0045404888289547005
leaf_weight=364 321 360 283 216 205 578 11860 269 293 393 549 265 279 306 423 617 18577 1469 119933 300 205 267
leaf_count=364 321 360 283 216 205 578 11860 269 293 393 549 265 279 306 423 617 18577 1469 119933 300 205 267
internal_value=-2.29769e-05 -0.00123741 -0.00319081 0.00123731 -0.00480424 -0.00640297 7.59834e-07 0.00163557 -0.00164903 0.00273677 0.00135525 0.000286307 -1.87535e-05 -0.00163469 -0.0036411 0 -1.43572e-06 0.000430887 -6.7211e-05 0.00501404 0.00519081 -0.00160254
internal_weight=158332 3036 1697 1339 1414 942 155296 1832 774 1511 942 481 153464 1625 729 896 151839 20046 131793 569 565 472
internal_count=158332 3036 1697 1339 1414 942 155296 1832 774 1511 942 481 153464 1625 729 896 151839 20046 131793 569 565 472
is_linear=0
shrinkage=0.02


Tree=157
num_leaves=21
num_cat=0
split_feature=43 14 37 44 32 14 46 4 14 37 53 49 6 44 46 37 37 15 2 0
split_gain=12.3207 52.7604 31.2558 28.6052 25.0174 24.8691 24.0489 33.9458 23.4785 20.8492 30.7969 23.5082 18.887 45.4064 21.5731 17.4758 14.1067 13.2588 11.1557 17.178
threshold=0.052023794148548304 -0.11221417455768788 0.66294950115769047 0.16428337884866476 -0.27617093460708475 0.044732398833998717 0.034948848981301156 -0.046205432845914378 -0.3910626287351241 0.45064991633575702 0.017526162584594687 0.038994654154270066 0.021007743477873236 0.11987758949867323 0.0044955487679037938 0.18369233407807731 -0.13477868033447396 0.075084089276154189 0.12152595294963854 0.016783509879382267
decision_type=10 8 10 10 8 8 10 10 8 10 10 10 10 10 10 10 10 8 10 10
left_child=4 2 18 9 8 -5 12 15 -1 11 -11 -3 13 -6 -14 -8 -9 -10 19 -2
right_child=1 3 -4 5 6 -7 7 16 17 10 -12 -13 14 -15 -16 -17 -18 -19 -20 -21
leaf_value=0.013565326495381448 -0.00027885658219998501 0.0012840406758044074 -0.0086194444996501307 0.00070014881688145131 -9.4425175234566473e-05 0.0066725070017030052 -0.0014193025075255122 -0.0060922560879769338 -0.00074333491908179061 0.00064139221908558449 -0.0059895766852549361 -0.00069571034375844661 -0.0031764430628545373 -0.0021743798197640589 0.00068144245503503015 0.0025487631318655835 -0.0030609356912435484 0.0073621423895208543 0.0023161720104321456 -0.0042250195245493926
leaf_weight=222 1245 8534 291 373 114258 365 695 246 366 1089 536 1491 1194 3272 21979 374 334 203 233 738
leaf_count=222 1245 8534 291 373 114258 365 695 246 366 1089 536 1491 1194 3272 21979 374 334 203 233 738
internal_value=-3.06127e-05 0.000516783 -0.00212839 0.00105239 -8.75901e-05 0.00486874 -0.000107325 -0.00250788 0.00345707 0.000810059 -0.00129028 0.00115081 -7.91591e-05 -0.000182063 0.000442651 -0.000390654 -0.00639931 0.00129474 -0.00131619 -0.00180343
internal_weight=158038 14895 2507 12388 143143 738 142352 1649 791 11650 1625 10025 140703 117530 23173 1069 580 569 2216 1983
internal_count=158038 14895 2507 12388 143143 738 142352 1649 791 11650 1625 10025 140703 117530 23173 1069 580 569 2216 1983
is_linear=0
shrinkage=0.02


Tree=158
num_leaves=21
num_cat=0
split_feature=38 20 22 16 18 29 53 2 42 18 42 69 54 54 20 71 33 18 24 10
split_gain=13.2979 17.1177 14.8806 12.8291 23.1657 22.8449 16.4267 14.6964 14.229 13.1829 25.7596 17.5425 28.5332 23.0842 17.1911 11.9232 10.2976 6.5257 6.29489 8.42929
threshold=1.5568594782786793 -0.012837737793483515 -0.12903967349252296 0.078628997251808844 39.630202322231668 2.3559044447987394 0.013073887856886781 -0.058805458220904709 -0.009771245133145921 71.331456706341228 -0.018144296797852785 -0.016548956142339307 0.57514222579460672 0.57574027341050227 0.066298277759606186 -0.066631757188847479 -0.19138133425420775 44.444419878947137 -0.73000913744922424 0.929117534358881
decision_type=10 10 10 8 8 8 8 10 10 10 10 8 10 10 10 8 10 10 10 10
left_child=3 2 -2 9 7 15 -7 -5 -9 11 -11 13 -13 -1 -12 -6 -3 -4 -18 -20
right_child=1 16 17 4 5 6 -8 8 -10 10 14 12 -14 -15 -16 -17 18 -19 19 -21
leaf_value=-0.00034385727930039296 -0.0027239083411038558 1.2417744391901558e-05 0.0043827868131824464 0.00074252735127035773 -0.0022946398140440785 -0.0015396364223426973 -0.00015072149114868616 -0.0080223954793540407 -0.0032166849985047923 -0.0038277703167570597 0.0007944531673385409 0.00056700351917232477 -0.00029118070097020521 0.00048504230934450735 -0.0038558053660190279 0.001985316675076025 -0.0040115201663623616 0.00027009409967079388 -0.0048840540747515466 -0.0014532529022139749
leaf_weight=47093 314 250 256 221 318 4682 16828 202 311 349 12605 37214 15836 17866 300 2322 203 206 242 330
leaf_count=47093 314 250 256 221 318 4682 16828 202 311 349 12605 37214 15836 17866 300 2322 203 206 242 330
internal_value=3.34158e-05 -0.00167481 0.000563707 5.31419e-05 -0.000363191 -0.000256635 -0.000472224 -0.00386122 -0.00571595 0.000132085 0.00073014 6.48928e-05 0.000334735 -0.00015545 0.000875407 0.00149867 -0.00337037 0.00284665 -0.00450773 -0.0034171
internal_weight=157948 1801 776 156147 24884 24150 21510 734 513 131263 13254 118009 53050 64959 12905 2640 1025 462 775 572
internal_count=157948 1801 776 156147 24884 24150 21510 734 513 131263 13254 118009 53050 64959 12905 2640 1025 462 775 572
is_linear=0
shrinkage=0.02


Tree=159
num_leaves=26
num_cat=0
split_feature=30 43 66 27 57 67 8 52 47 43 46 65 54 46 54 60 78 54 51 31 74 70 78 29 70
split_gain=11.3862 20.1461 14.4921 18.5731 17.9981 12.3941 18.0687 17.9721 25.947 22.6153 13.2007 26.4424 48.7072 26.4419 23.3452 66.243 17.2295 11.5162 10.0589 10.1929 9.89286 9.80848 7.97264 6.88134 5.42978
threshold=0.79207956956140424 -0.033574991267660274 0.95914193898418276 -0.13008437196495257 0.12447695082024618 0.90250366355165468 0.0050360276562995011 0.60896649527140501 -0.0038235696042235863 -0.0065996135389039248 0.0050211628790154646 0.14889156519024047 0.4040333937403951 0.003497803715419317 0.39596892313583104 0.46298253856393395 1.1072233653833121 0.59372724624728856 0.79296593598847387 0.04363886630272424 0.77903694339358909 0.96482509546570328 -0.11575155344645206 -6.8962775825533074 0.089330985225139548
decision_type=10 10 10 10 8 10 10 2 10 10 8 8 10 10 8 8 10 10 2 10 8 10 10 10 10
left_child=5 17 3 21 -5 10 20 8 -8 -9 11 12 -1 -13 15 -12 -16 22 19 -4 -7 -3 -2 -24 -19
right_child=1 2 18 4 -6 6 7 9 -10 -11 14 13 -14 -15 16 -17 -18 24 -20 -21 -22 -23 23 -25 -26
leaf_value=-0.0027541405924352562 0.00020670150310502899 -0.00058330289996126096 -0.0039791005936742219 -0.0034715806564476815 -0.00047738758206812912 -0.0041319703143004403 8.1100974799771237e-05 -0.0062924122528905894 0.0052194713075312382 -0.00067281495074881853 -0.0027866097603203022 -0.0014342981000159526 0.0045280997151053524 0.00097466636459196817 -1.5441283781356294e-05 0.00089704722977821446 0.00075317669395393201 0.001065729397441676 0.00065020947651632977 -0.0019356179506025157 -0.00021467449782692257 0.0046031570217678159 0.0066938793884172391 0.0022577893588617546 -0.0031637757934037773
leaf_weight=2207 267 338 455 782 3162 297 8363 300 431 12406 2226 1599 501 15914 94116 2427 9719 200 208 861 204 488 211 300 201
leaf_count=2207 267 338 455 782 3162 297 8363 300 431 12406 2226 1599 501 15914 94116 2427 9719 200 208 861 204 488 211 300 201
internal_value=-2.71709e-05 -0.000789136 -0.00123876 -0.000695452 -0.00126692 1.06031e-05 -0.000428052 -0.000340356 0.00035452 -0.000821437 8.56033e-05 0.000554742 -0.00128387 0.000839214 -1.82507e-06 -0.00138762 6.02681e-05 0.00160847 -0.00293639 -0.00358238 -0.00417928 0.00202902 0.00302696 0.00448828 -0.0011393
internal_weight=158183 7473 6294 4770 3944 150710 22001 21500 8794 12706 128709 20221 2708 17513 108488 4653 103835 1179 1524 1316 501 826 778 511 401
internal_count=158183 7473 6294 4770 3944 150710 22001 21500 8794 12706 128709 20221 2708 17513 108488 4653 103835 1179 1524 1316 501 826 778 511 401
is_linear=0
shrinkage=0.02


Tree=160
num_leaves=25
num_cat=0
split_feature=19 54 6 54 43 69 52 18 44 44 72 44 44 69 50 36 44 70 43 10 10 14 10 52
split_gain=10.8786 28.7088 42.2969 29.3099 22.1326 20.2271 19.977 19.6621 26.8306 21.4004 19.6708 19.6043 15.0973 14.0151 13.8619 20.4356 13.7439 22.7748 50.0351 22.6295 21.5594 16.6204 12.5972 8.15458
threshold=1.6485049195539807 0.57574027341050227 0.012033397951718828 0.58346599610030381 -0.024325062507948744 -0.90283376319590725 0.8533616589172146 80.000005643703958 0.00083595413199644153 0.025404107317105188 -1.2497739167685855 0.0098412243658758686 0.021166503839522902 0.12386902012984559 0.092433492158557021 -0.032988856558062447 0.05724912780186487 -0.20339840941931345 0.057860392918007049 0.96052591756005079 -0.30888115310554537 -0.30180265298752351 0.62144375169861155 0.61771370526644798
decision_type=10 8 8 10 10 10 2 10 10 10 10 10 10 10 10 8 8 10 10 8 8 8 10 2
left_child=7 4 3 -3 22 12 -7 16 23 13 -11 -5 -6 -10 15 -4 20 18 -18 -19 -1 -22 -2 -9
right_child=1 2 14 11 5 6 -8 8 9 10 -12 -13 -14 -15 -16 -17 17 19 -20 -21 21 -23 -24 -25
leaf_value=-0.0051357543599086708 0.0060725246252155097 -0.0085263941482147266 0.0015156016543083901 -0.0064437119510489761 0.003044438767248729 -1.3222490799020757e-05 0.0026688785103360785 -0.00033148986498657203 0.0010093141933464134 -0.0034804711189723174 0.0015236220826510094 -0.00084292581346686614 -0.0024381169182655974 0.0056385060148365527 -0.0027090844066898455 -0.00094020699318542568 -7.7066050196974992e-05 0.00025425752019321812 0.0026717212828020732 -0.0012254619826261271 0.0025817833652845047 0.00010716396744006956 0.001161649264760525 -0.0046782027598949909
leaf_weight=245 208 247 1094 203 207 13633 975 336 245 312 3020 616 1867 490 392 4415 23037 6388 1520 16207 2043 80003 214 220
leaf_count=245 208 247 1094 203 207 13633 975 336 245 312 3020 616 1867 490 392 4415 23037 6388 1520 16207 2043 80003 214 220
internal_value=-3.29965e-05 -0.000424477 -0.0015066 -0.00517151 1.62526e-05 -9.81838e-05 0.000164145 3.72799e-05 0.00131877 0.0018825 0.00119952 -0.00333902 -0.00194602 0.00497011 -0.000843443 -0.000584029 -8.48243e-06 -0.000280746 0.00014081 -0.00073898 0.000147499 0.000165247 0.00453428 -0.00279713
internal_weight=158137 24071 6967 1066 17104 16682 14608 134066 4623 4067 3332 819 2074 735 5901 5509 129443 47152 24557 22595 82291 82046 422 556
internal_count=158137 24071 6967 1066 17104 16682 14608 134066 4623 4067 3332 819 2074 735 5901 5509 129443 47152 24557 22595 82291 82046 422 556
is_linear=0
shrinkage=0.02


Tree=161
num_leaves=19
num_cat=0
split_feature=34 50 25 69 5 45 27 46 63 45 53 57 45 45 66 50 63 50
split_gain=13.6683 15.9017 12.8586 15.4565 12.8358 12.7316 46.2379 34.7046 22.4716 38.3629 34.1783 19.5555 10.3539 15.8619 15.8512 9.91567 11.6503 19.7136
threshold=-0.00020569820466724567 0.05038817807435126 -1.8989603227860805 0.18398599884355465 0.053312064010443951 0.0044010251167310123 -0.027936230803756342 0.003497803715419317 0.28786263487756031 0.015028688949343528 0.010900370658205363 0.54006272797373056 0.0097751149759627703 0.0094090381837638199 0.67718201841679282 0.05972766798541463 0.20811765725928819 0.055229490138811184
decision_type=8 8 8 10 10 8 8 10 10 10 10 8 10 10 10 10 8 8
left_child=1 4 3 -2 12 6 11 -8 9 -7 -10 -4 13 -1 -14 16 -3 -18
right_child=2 15 5 -5 -6 8 7 -9 10 -11 -12 -13 14 -15 -16 -17 17 -19
leaf_value=0.00076228362079233669 2.1820012354443614e-05 -0.0075591608833290086 -0.0017685206335284625 0.0075444778015939656 -0.0031171261949848039 0.00044683098960842386 -0.0019444920214266314 0.00095762804867517736 0.0016650495227260673 -0.0017577285381169989 -0.00034311545432890415 0.0004051650845395207 0.00073197828063191646 -0.0045293265791219043 0.0034627736041002704 0.0013481195660553563 0.0020698808459399106 -0.002619706624922414
leaf_weight=4689 336 201 5369 242 294 34590 1465 16841 2302 2644 82360 2624 1959 255 1264 253 217 282
leaf_count=4689 336 201 5369 242 294 34590 1465 16841 2302 2644 82360 2624 1959 255 1264 253 217 282
internal_value=-2.96988e-05 0.000709294 -7.64784e-05 0.0028981 0.000985346 -8.8113e-05 0.000310951 0.000865134 -0.000174229 0.000235209 -0.000354322 -0.000957968 0.00113345 0.000557735 0.00201551 -0.00173795 -0.00296434 -0.001316
internal_weight=158187 9414 148773 578 8461 148195 26299 18306 121896 37234 84662 7993 8167 4944 3223 953 700 499
internal_count=158187 9414 148773 578 8461 148195 26299 18306 121896 37234 84662 7993 8167 4944 3223 953 700 499
is_linear=0
shrinkage=0.02


Tree=162
num_leaves=23
num_cat=0
split_feature=32 44 46 57 22 32 30 57 45 14 33 73 52 78 66 14 44 53 43 15 63 44
split_gain=14.3815 18.1803 21.8509 10.9133 17.0506 15.0848 11.1733 10.4606 17.7756 10.2302 10.0832 9.42177 9.3785 12.3467 13.6752 9.23456 17.6774 8.96762 8.92885 7.43012 7.20277 6.80645
threshold=0.32248816140126663 0.10410270243662935 0.010449612973431326 0.97870072131742514 0.27194227094433893 0.13364277663437593 0.33445478320671845 0.0085745007398149112 0.0047898568642058053 -0.13540213529810349 0.14734579120385247 1.0000000180025095e-35 0.72244714349977512 -1.514979884798451 0.38389316155042841 0.5060301205100638 -0.0020141428342513863 0.014468504949544733 0.025030782174737202 0.075084089276154189 0.91475972787468052 0.016488934491716848
decision_type=10 10 10 10 10 10 10 8 10 8 8 10 2 10 10 10 10 10 10 10 10 10
left_child=3 12 -3 4 7 15 -6 8 -1 -4 -9 -11 13 -2 -15 16 -5 -14 -8 -17 21 -7
right_child=1 2 9 5 6 20 18 10 -10 11 -12 -13 17 14 -16 19 -18 -19 -20 -21 -22 -23
leaf_value=-0.0027395209109739309 -0.0031753903756495906 0.009642549910660738 -0.0021087332052944609 -0.0023071530200215714 0.0011428860652992867 0.0084559214467982962 -0.0044654592805194659 1.5215282084867361e-05 0.0055215670425399479 0.0054072127409505533 -0.00053653195590859667 0.00066758019068166672 0.0010224664758310912 0.0087092769347939976 -0.0015093856646301641 -0.0044350540894181403 0.0042748980698156334 -0.0073785117262486202 -0.0016919380514108021 0.000829649906508048 -0.00068163432413275858 0.0021332076242246614
leaf_weight=277 224 373 242 265 387 241 486 137391 865 208 13196 346 218 308 242 448 307 303 379 273 228 897
leaf_count=277 224 373 242 265 387 241 486 137391 865 208 13196 346 218 308 242 448 307 303 379 273 228 897
internal_value=8.84223e-06 0.00152454 0.00333162 -1.51502e-05 -3.72462e-05 0.00125489 -0.00236073 -1.80452e-05 0.00188801 0.00145295 -3.25258e-05 0.00295135 -0.000106481 0.00128774 0.00290018 -0.000292117 0.00160209 -0.00218008 -0.00362356 -0.00179778 0.00271982 0.00336962
internal_weight=158104 2464 1169 155640 152981 2659 1252 151729 1142 796 150587 554 1295 774 550 1293 572 521 865 721 1366 1138
internal_count=158104 2464 1169 155640 152981 2659 1252 151729 1142 796 150587 554 1295 774 550 1293 572 521 865 721 1366 1138
is_linear=0
shrinkage=0.02


Tree=163
num_leaves=30
num_cat=0
split_feature=23 52 50 47 9 18 53 53 54 35 45 44 54 44 71 57 63 58 44 51 66 53 10 37 29 50 10 20 19
split_gain=12.3689 28.3393 43.8032 38.7228 30.5866 29.7217 21.6461 44.7616 38.8896 20.2859 35.6375 28.698 21.4261 19.675 52.2656 21.0562 19.4324 18.3744 17.5638 33.4252 29.8787 27.1601 22.8194 19.4466 18.2343 13.7383 21.0213 14.4412 5.00767
threshold=0.0090995455996218961 0.60896649527140501 0.0074238207632112427 -0.0038235696042235863 0.38916601797893474 72.158944120338518 0.013486821267546393 0.011382915358150428 0.45922669882177053 0.006247676567965205 0.0089298117069970488 0.13193438397071924 0.27512857992562395 -0.0010240895500782663 -0.058178917388959549 0.16020828394053549 0.60557357914859222 0.57553978112984339 0.04384267752158489 0.33119148401908388 0.37202212138400459 0.019357452444862106 1.8813310903921243 -0.38904801659025451 0.28841451019261671 0.036721532920917628 0.7782477757491344 0.012316321356135031 1.5917581919091515
decision_type=10 2 10 10 10 10 10 10 8 10 10 10 8 8 8 8 8 10 10 2 10 10 10 8 10 10 10 10 10
left_child=9 3 4 6 -3 17 7 -2 -8 18 11 12 -11 14 -4 -15 -6 -5 22 20 -20 -21 23 -1 -24 27 -27 -12 -7
right_child=1 2 13 5 16 28 8 -9 -10 10 25 -13 -14 15 -16 -17 -18 -19 19 21 -22 -23 24 -25 -26 26 -28 -29 -30
leaf_value=-0.0012697225802091861 0.0016642857574051279 -0.0080085273297973211 -0.0037519251655268944 0.0039877071100380438 0.00021336901563058595 0.0078288836867072414 0.0030811585970146357 -0.0012167537392035782 0.00018296399667905625 -0.0039801018651491769 0.00094811506285270841 -0.0049754829452266511 0.0015893066351301824 -0.0021230887928553582 0.0013765321196529462 -9.1457010959715844e-05 -0.003411506356900637 -0.00265365161431461 0.00050548646065739112 -0.00033846942052640449 -0.0046081944369157721 0.0014539246358503649 0.0057723440707001441 0.00030486652689476755 -0.0044023249640981208 -0.0041857828866049421 0.00098070699060700032 -0.0031989296428870315 0.0041950788952537475
leaf_weight=3164 2170 272 1078 352 556 228 1961 6347 15844 218 1464 228 6728 3451 954 34319 889 305 494 30482 830 3162 1300 39850 201 391 200 535 202
leaf_count=3164 2170 272 1078 352 556 228 1961 6347 15844 218 1464 228 6728 3451 954 34319 889 305 494 30482 830 3162 1300 39850 201 391 200 535 202
internal_value=-8.20605e-06 -0.000209462 -0.000538969 0.000289602 -0.00366589 0.00398713 0.000136687 -0.000692416 0.000533416 0.000147208 0.00100748 0.00173352 0.00196315 -0.000403939 -0.00232071 -0.000300707 -0.00250207 0.00130395 4.14926e-05 -0.000293917 -0.00340981 -0.00017114 0.000305014 0.000220342 0.00272836 -0.0010027 -0.00367905 -0.000209 0.00806961
internal_weight=158175 68928 41519 27409 1717 1087 26322 8517 17805 89247 9764 7174 6946 39802 2032 37770 1445 657 79483 34968 1324 33644 44515 43014 1501 2590 591 1999 430
internal_count=158175 68928 41519 27409 1717 1087 26322 8517 17805 89247 9764 7174 6946 39802 2032 37770 1445 657 79483 34968 1324 33644 44515 43014 1501 2590 591 1999 430
is_linear=0
shrinkage=0.02


Tree=164
num_leaves=12
num_cat=0
split_feature=25 57 38 27 70 44 18 53 10 43 43
split_gain=15.7315 18.7548 12.1345 15.5029 12.0317 16.5627 14.1781 12.5005 11.1389 45.1611 12.4464
threshold=-1.8989603227860805 0.38777733315548446 1.6292706313043768 -0.26139703243996731 -1.2871976791609976 0.071648716325692488 62.077543169183066 0.016926752438845592 2.0876939073984579 0.049309829597586126 0.051227593454310501
decision_type=8 10 10 10 8 10 10 10 10 10 10
left_child=1 -1 4 -4 5 7 -7 -2 10 -10 -6
right_child=2 -3 3 -5 8 6 -8 -9 9 -11 -12
leaf_value=-0.0024728884354934524 -0.0025455852264484758 0.0051398039764496859 0.002034542814413255 -0.0038192083068146533 -8.2588170766340009e-05 -0.0012033559890348906 0.0029643127550473881 0.00081965891444931111 0.0024016140088950373 -0.0092449778657247416 0.00046533538892796074
leaf_weight=200 1138 398 227 391 135646 210 202 358 3914 313 15228
leaf_count=200 1138 398 227 391 135646 210 202 358 3914 313 15228
internal_value=-3.29781e-05 0.003202 -4.52838e-05 -0.00284006 -3.42526e-05 -0.00161236 0.0019322 -0.00259051 -1.48161e-05 0.000997635 -4.32013e-05
internal_weight=158225 598 157627 618 157009 1908 412 1496 155101 4227 150874
internal_count=158225 598 157627 618 157009 1908 412 1496 155101 4227 150874
is_linear=0
shrinkage=0.02


Tree=165
num_leaves=27
num_cat=0
split_feature=34 23 68 78 30 16 32 77 69 66 17 9 53 22 26 48 66 77 72 17 66 37 20 69 40 44
split_gain=11.7929 13.5123 16.3213 15.6124 17.2235 14.3465 13.4027 11.9695 13.3793 11.8049 11.6569 14.9174 12.3939 21.5453 15.2454 10.7844 9.81942 9.22819 11.5536 9.08103 9.03818 8.9402 8.14054 7.9944 6.05252 5.1653
threshold=-2.129575158174688e-05 -0.03141156859617638 -0.24588325392141533 1.1072233653833121 0.63018437086267354 0.028072114090059278 0.079932206462372993 -0.60153143542011256 -0.47736263516122218 0.99369084475895642 -2.0499401959307448 0.86293101632469937 0.015585941308065832 -0.26904070523110363 0.84311398538238613 -0.14757991178830696 0.38389316155042841 -0.42886713982833269 0.43594890569689615 -0.25443661940898132 0.049060133164152954 0.9391631323660834 -0.025522335680507432 0.64377348139849777 -6.6544389192725782e-05 0.05207707518073413
decision_type=8 10 10 10 10 8 10 10 10 10 2 10 8 8 10 10 10 10 10 2 8 10 10 10 10 10
left_child=1 5 7 4 -4 6 15 8 -3 10 11 22 14 -14 -12 -1 -13 18 -7 -5 -9 24 -2 -8 -11 -26
right_child=9 2 3 19 -6 17 23 20 -10 21 12 16 13 -15 -16 -17 -18 -19 -20 -21 -22 -23 -24 -25 25 -27
leaf_value=-0.0026085056251137031 -0.0042660849614870565 -0.0014751425636650157 -0.00016880842070129083 0.0004847026521759286 0.0013542593924335772 0.00017453955596661251 -0.0022516082870863729 0.0026429010580893138 -0.0051565182522720953 -0.002831199495658293 0.00030966118948487156 0.00025299750904807461 0.0037652875727629733 -0.00035944463464038348 -0.00012580689955335862 0.0014356297130550604 0.003288577423485236 0.0045683990701084441 0.0058629927423331351 0.0030485270578333476 -0.00051373965439723999 -0.0052051895175875629 0.0016541792904713698 0.0022795535427582881 -0.0014349043358530115 0.0021776413911721196
leaf_weight=291 249 419 5982 465 2009 468 738 213 218 292 35445 330 763 42151 56214 3573 733 243 306 746 5238 213 259 204 290 208
leaf_count=291 249 419 5982 465 2009 468 738 213 218 292 35445 330 763 42151 56214 3573 733 243 306 746 5238 213 259 204 290 208
internal_value=-2.04599e-05 0.000419532 0.000107122 0.000638705 0.000317568 0.00123935 0.000781777 -0.000696009 -0.0032884 -8.82113e-05 -7.22612e-05 0.00163995 -9.22764e-05 -0.000372783 3.90356e-05 0.00130349 0.00298684 0.00339686 0.00232 0.00275413 -0.00039215 -0.002249 -0.00117485 -0.00135525 -0.00126169 7.61523e-05
internal_weight=158260 21113 15290 9202 7991 5823 4806 6088 637 137147 136144 1571 134573 42914 91659 3864 1063 1017 774 1211 5451 1003 508 942 790 498
internal_count=158260 21113 15290 9202 7991 5823 4806 6088 637 137147 136144 1571 134573 42914 91659 3864 1063 1017 774 1211 5451 1003 508 942 790 498
is_linear=0
shrinkage=0.02


Tree=166
num_leaves=31
num_cat=0
split_feature=67 52 50 41 51 5 70 41 57 45 5 37 36 18 46 46 72 46 46 53 4 10 46 70 71 67 50 7 41 54
split_gain=10.6195 22.0015 36.7528 36.3417 47.0424 48.1194 37.658 42.6991 27.6641 23.7446 31.8092 23.0329 22.2867 15.7596 27.5863 25.7055 31.1259 47.5295 36.1028 28.5188 28.7773 26.4497 23.689 24.3581 18.0198 15.277 13.8965 26.719 16.2059 12.7078
threshold=0.072147989880732635 0.60896649527140501 0.0074238207632112427 0.0083481539330804173 0.71353216750706305 0.014715484608355275 -0.70491811372144375 -0.0021428038271647516 0.49578945502251542 0.010382542697547291 0.011630738501385759 0.30682439484051027 0.074411204270426981 48.913003825844818 0.0050211628790154646 0.0071574745760132038 0.1330934562566389 0.0036476436852288228 0.003925608863807376 0.014833287004906749 -0.073872801003606312 1.6120867833018566 0.003497803715419317 -0.76053203968480709 -0.64417413726160533 1.015753425748924 0.061574248510383074 0.0072353531569901014 0.012812036590170829 0.45985602927661379
decision_type=10 2 10 10 2 10 10 10 8 10 10 10 8 10 10 10 8 8 10 10 8 10 8 10 10 10 10 10 10 10
left_child=13 3 11 6 5 -5 7 -2 -6 12 -11 25 -4 15 22 16 18 -18 -1 21 -21 -17 24 -24 -15 -3 28 -28 -16 -8
right_child=1 2 9 4 8 -7 29 -9 -10 10 -12 -13 -14 14 26 19 17 -19 -20 20 -22 -23 23 -25 -26 -27 27 -29 -30 -31
leaf_value=-0.0054945327758608121 -0.00062969181140060343 -0.0025613414555937276 -0.00047040606684197118 0.0038410701581146982 0.0021244233823085818 0.00041865665750992183 0.0017450374767461821 -0.0038595843430708167 -0.0016238221710300391 -0.0042242441455744763 -0.00089968621489488619 0.0010768536131846695 0.00034347078851782879 -0.0054371364890289341 0.0004155658199248677 0.00077094216745100168 0.005666633213098105 -0.001506870049776583 0.00040372491284545439 0.0009064102462134502 -0.00070204569197073201 0.0064614746294236114 0.0027405524675648833 0.0011994872605461922 0.00013758840947608063 -0.0077331530066392755 0.0031994361830818764 -0.00019153368315924437 -0.00035484783669455607 6.0783896448782587e-05
leaf_weight=634 4342 980 20856 2366 690 2000 3059 1140 1767 569 4524 331 14506 213 16065 10846 418 11289 11501 6380 10397 1090 1401 4865 390 285 652 999 10064 13303
leaf_count=634 4342 980 20856 2366 690 2000 3059 1140 1767 569 4524 331 14506 213 16065 10846 418 11289 11501 6380 10397 1090 1401 4865 390 285 652 999 10064 13303
internal_value=1.92372e-05 -0.00016287 -0.000454152 0.000264337 0.00153839 0.00278406 -0.000133577 -0.00156812 -0.000674532 -0.000336613 -0.00161327 -0.00343018 -0.000152645 0.00016694 0.000498066 -5.13357e-05 -0.000536761 -0.00127246 0.000172874 0.000351675 -0.000179878 0.00109894 0.0016329 0.00199745 -0.00214901 -0.00465877 0.000217343 0.00199637 0.000104784 0.000347002
internal_weight=157922 70718 42051 28667 6823 4366 21844 5482 2457 40455 5093 1596 35362 87204 34649 52555 23842 11707 12135 28713 16777 11936 6869 6266 603 1265 27780 1651 26129 16362
internal_count=157922 70718 42051 28667 6823 4366 21844 5482 2457 40455 5093 1596 35362 87204 34649 52555 23842 11707 12135 28713 16777 11936 6869 6266 603 1265 27780 1651 26129 16362
is_linear=0
shrinkage=0.02


Tree=167
num_leaves=22
num_cat=0
split_feature=9 2 8 78 76 72 36 53 50 44 58 69 44 8 45 44 41 53 8 60 69
split_gain=11.3311 15.2772 21.4027 13.665 12.0989 10.9996 22.4293 22.3459 41.3705 17.1653 16.0959 11.8487 36.4127 36.6136 34.9921 31.156 43.7652 36.7467 10.7472 11.6102 4.2673
threshold=-0.44381680235841231 0.028354316941100247 0.011745128977563333 2.1354544646887428 -0.14078690708492445 -1.8353486864856075 0.082252011656819654 0.018276204263818843 -0.017451826180338522 0.065342905821433109 0.16224473220570537 -0.24936112690690584 0.15576978428121704 0.011069525537493992 0.010325306468964892 0.15576978428121704 0.014204865160563964 0.018914673440471239 0.0040984691050255833 0.15231194475352799 -0.073925326516443943
decision_type=8 10 10 8 8 8 10 10 10 10 10 10 10 8 10 10 10 10 10 10 8
left_child=1 3 20 18 -4 6 7 8 -2 10 -8 12 14 -14 -7 16 -13 -17 -1 -20 -3
right_child=5 2 4 -5 -6 11 9 -9 -10 -11 -12 15 13 -15 -16 17 -18 -19 19 -21 -22
leaf_value=-0.00068434491475118325 -0.0051315128036701282 -0.0043343575190556566 0.0087740868914369906 -0.0028246842383620619 -0.00013449444480128012 -0.00034588853472030718 -0.00605191993388736 0.0050086295862647665 0.00056968095238781654 0.0012732137731221505 -0.0028534157915679147 0.00026872471047587526 0.0027313167348869466 -0.0049442808175392443 0.00070014559824525455 -0.0052502471697372681 -0.00057065553440668513 0.0029060876559856685 0.0046132800305325383 0.0016843534527996417 -0.0012516576803428315
leaf_weight=221 224 250 216 209 286 53030 412 249 1332 247 485 62199 290 960 13632 222 20668 1541 774 492 226
leaf_count=221 224 250 216 209 286 53030 412 249 1332 247 485 62199 290 960 13632 222 20668 1541 774 492 226
internal_value=-3.52667e-05 0.00125533 -0.000733401 0.00240306 0.00214314 -5.74821e-05 -0.00126712 0.000120709 -0.000769428 -0.00345677 -0.00474165 -3.40756e-05 -0.000230854 -0.00361151 -0.000167379 0.000123808 6.77946e-05 0.00275397 0.00307661 0.0037869 -0.00376939
internal_weight=158165 2674 978 1696 502 155491 2949 1805 1556 1144 897 152542 67912 1250 66662 84630 82867 1763 1487 1266 476
internal_count=158165 2674 978 1696 502 155491 2949 1805 1556 1144 897 152542 67912 1250 66662 84630 82867 1763 1487 1266 476
is_linear=0
shrinkage=0.02


Tree=168
num_leaves=14
num_cat=0
split_feature=1 49 72 10 46 49 53 54 18 60 9 3 34
split_gain=12.4242 14.5868 12.4335 33.004 31.1291 28.9255 64.8413 50.182 14.5078 10.4179 8.4904 9.76866 4.43021
threshold=0.14043773906121518 0.10254354559243763 -1.8353486864856075 0.045296600186699225 0.0040265091675481387 0.010155074781886932 0.016477175572364649 0.57423636069098871 78.581799854620868 0.9633883515559295 1.2875357761868571 0.11583693086214177 0.021142159949618246
decision_type=10 10 8 8 10 10 10 10 10 8 10 10 10
left_child=1 2 5 4 -4 6 -1 -7 -5 10 12 -12 -2
right_child=9 -3 3 8 -6 7 -8 -9 -10 -11 11 -13 -14
leaf_value=-0.0045082931799024081 -0.0023225098564131587 0.0035952418391533305 -0.0037430491934393236 -5.0046785447319152e-05 0.0041867432120387812 0.0028892407689817125 0.0047534562100708172 -0.0030172043231105929 0.00043523303285098944 0.0024012710948588018 -0.00061420054570564795 -0.006990301116854572 0.0011306604707512497
leaf_weight=1610 217 214 215 141381 1006 1078 407 519 10476 254 204 338 205
leaf_count=1610 217 214 215 141381 1006 1078 407 519 10476 254 204 338 205
internal_value=-2.14893e-05 -5.8506e-06 -1.30063e-05 1.43586e-05 0.00328805 -0.00117234 -0.00276412 0.000837297 -1.19717e-05 -0.00203281 -0.00298238 -0.0046372 -0.000846336
internal_weight=158124 156906 156692 153078 1221 3614 2017 1597 151857 1218 964 542 422
internal_count=158124 156906 156692 153078 1221 3614 2017 1597 151857 1218 964 542 422
is_linear=0
shrinkage=0.02


Tree=169
num_leaves=18
num_cat=0
split_feature=34 33 66 0 54 47 54 19 51 10 33 40 0 43 16 72 54
split_gain=12.5762 13.4765 13.027 12.2382 24.7657 33.3743 21.1888 13.9472 12.1057 11.9225 11.3806 10.9593 10.6907 16.0077 14.6546 8.50167 4.33739
threshold=-2.129575158174688e-05 -0.13011650587962439 0.99369084475895642 -0.032353043915001982 0.5475143567272901 -0.056821410891407513 0.41303872162117189 -3.0396025818479879 0.017455980570734674 -0.055937828098538277 -0.074306463997526676 -7.3514777169572411e-06 0.002382592776163595 0.0088908213262808306 0.02859378233919763 -0.870936313218167 0.48983028942618301
decision_type=10 8 10 10 10 10 8 10 2 8 10 10 8 10 10 8 10
left_child=1 15 3 4 6 -6 -2 -5 -9 -3 -4 -12 14 -14 -11 -1 -13
right_child=2 9 10 7 5 -7 -8 8 -10 12 11 16 13 -15 -16 -17 -18
leaf_value=-0.00031100587309166081 0.0025361597440835626 0.0053536257238366259 0.0003353831660650432 -0.0032409955169842341 0.0001022704211209581 0.0054048470924031068 -0.0029183038330467758 -0.0024280591233692486 -4.866663073582522e-05 -0.00026895554325931983 -0.0047600767410291827 0.00086121715742594202 0.0015962260749892887 0.00012046851439393755 0.001086834713199039 -0.0054934370373927359 -0.0029162103902623904
leaf_weight=224 454 214 283 232 1567 1229 931 456 129443 9826 289 227 4681 4692 2927 206 200
leaf_count=224 454 214 283 232 1567 1229 931 456 129443 9826 289 227 4681 4692 2927 206 200
internal_value=9.47609e-06 0.000444337 -6.36898e-05 -4.67416e-05 0.00101817 0.00210154 -0.00116739 -8.09793e-05 -7.2194e-05 0.000511974 -0.002338 -0.00367922 0.000466308 0.000979091 8.92269e-05 -0.003058 -0.00163084
internal_weight=158081 22770 135311 134312 4181 2796 1385 130131 129899 22340 999 716 22126 9373 12753 430 427
internal_count=158081 22770 135311 134312 4181 2796 1385 130131 129899 22340 999 716 22126 9373 12753 430 427
is_linear=0
shrinkage=0.02


Tree=170
num_leaves=25
num_cat=0
split_feature=57 16 57 44 72 4 46 0 53 38 77 4 54 47 45 45 20 16 18 7 28 24 7 14
split_gain=16.4867 16.4032 20.9486 28.9649 20.1979 19.2675 15.8457 12.7367 23.1353 17.351 15.5464 15.3436 12.4364 15.2604 14.8688 12.7808 11.5302 10.5726 13.0581 9.20326 9.02189 7.7669 7.01647 5.94102
threshold=0.97080288796103009 0.1081495850056733 0.43151405612266552 0.16428337884866476 0.35241052565721409 -0.069686082245532729 0.020108717395592213 -0.030752029086140494 0.012554480194296903 1.5568594782786793 -0.80192305087074667 -0.42098620249127217 0.4390408582723363 -0.0075068776461436606 0.0054245099860612102 0.0056700211514698956 0.0050745840877395318 0.072438212944696004 76.231973683171631 0.013669042649694433 -0.068583904448477992 0.18756248872717468 0.0074424206336926755 0.60315287854408983
decision_type=10 10 10 10 10 8 8 8 8 10 8 8 10 10 10 10 10 10 8 8 8 10 10 10
left_child=1 7 5 4 -4 -3 -7 8 20 11 -10 -9 14 19 17 -15 -11 -2 -19 22 -1 -21 -14 -17
right_child=12 2 3 -5 -6 6 -8 9 10 16 -12 -13 13 15 -16 23 -18 18 -20 21 -22 -23 -24 -25
leaf_value=0.0061087792741230289 0.0058225103237304543 0.0042816402979620628 -0.001420183475556611 0.0037670622623133376 0.0005028877151200884 -0.0027019450868999186 -0.0067267528288698173 0.0063513900890782831 0.0022035410671523079 -0.00035309477195157648 -0.00029093745214499176 1.8547819434044376e-05 0.0018672840792528123 0.00076657853495511381 -0.0068202437781470348 0.006868617155168919 -0.0036789445907588415 -0.0029960970396110719 0.0029863734192735235 0.0055153238589904507 0.00091372721347135705 -0.00095264020375056995 -0.0010544266458943129 0.0037121712419156327
leaf_weight=464 364 201 3262 301 2879 1565 295 287 1619 589 2880 138615 597 351 366 412 544 437 202 430 241 203 852 301
leaf_count=464 364 201 3262 301 2879 1565 295 287 1619 589 2880 138615 597 351 366 412 544 437 202 430 241 203 852 301
internal_value=3.52462e-05 2.47166e-07 -0.000853481 -0.000291479 -0.000589059 -0.00260815 -0.00324449 5.02479e-05 0.00102171 1.41249e-05 0.000492889 3.42541e-05 0.00122631 0.00191865 -0.000363504 0.00386667 -0.00244974 0.000894422 -0.000653125 0.000920787 0.0043881 0.0029306 4e-05 0.00540336
internal_weight=158257 153742 8503 6442 6141 2061 1860 145239 5204 140035 4499 138902 4515 3146 1369 1064 1133 1003 639 2082 705 633 1449 713
internal_count=158257 153742 8503 6442 6141 2061 1860 145239 5204 140035 4499 138902 4515 3146 1369 1064 1133 1003 639 2082 705 633 1449 713
is_linear=0
shrinkage=0.02


Tree=171
num_leaves=15
num_cat=0
split_feature=17 46 38 33 57 32 6 46 10 30 66 4 67 78
split_gain=12.2399 17.8263 14.3251 14.0581 13.1281 14.3315 12.6747 11.0851 17.1701 10.0724 17.1896 12.0164 9.74789 9.1411
threshold=-2.0499401959307448 0.0067549900937260024 1.6292706313043768 -0.17664520872869857 0.97870072131742514 0.13364277663437593 0.014693879811465435 0.0084344985484269327 1.2717658141241512 0.8035890858151129 0.95914193898418276 -0.065904585637425281 0.27140850763825058 -1.4822302551785518
decision_type=2 10 10 10 10 10 8 10 10 8 10 8 10 10
left_child=1 -1 4 -4 9 12 -3 -8 -9 11 -11 -2 -6 -7
right_child=2 6 3 -5 5 13 7 8 -10 10 -12 -13 -14 -15
leaf_value=-0.0024870322561869121 0.00046945697792750567 0.0057217291909445857 0.00010957875871828393 -0.0040862357121091483 0.0032673271780989149 -0.00093022676139108747 -0.0038343442770934345 0.00073653390826221689 0.005595313626083032 -0.00021645975617742106 -0.0017518141759354062 -5.864772804057601e-05 -0.0014762729441261209 0.003648476735230553
leaf_weight=333 22529 272 238 296 219 340 264 692 295 6052 1392 122720 1003 1679
leaf_count=333 22529 272 238 296 219 340 264 692 295 6052 1392 122720 1003 1679
internal_value=2.40013e-07 0.00161443 -1.89047e-05 -0.00328598 -7.68269e-06 0.0012517 0.0025315 0.00167572 0.0026498 -3.44349e-05 -0.000751914 2.32702e-06 -0.000456255 0.00228614
internal_weight=158324 1856 156468 534 155934 3241 1523 1251 987 152693 7444 145249 1222 2019
internal_count=158324 1856 156468 534 155934 3241 1523 1251 987 152693 7444 145249 1222 2019
is_linear=0
shrinkage=0.02


Tree=172
num_leaves=23
num_cat=0
split_feature=0 48 46 54 54 46 37 65 4 9 54 49 48 46 51 68 49 30 46 5 44 51
split_gain=14.2693 20.3214 30.5498 30.3534 19.8148 17.2075 17.4247 17.4206 16.4504 13.3813 31.2944 27.5161 24.8924 18.9815 16.1109 42.4316 15.2816 13.3268 15.5508 13.1011 10.9943 9.68161
threshold=-0.029326788012918489 -0.022926854672786264 0.010593719277359382 0.58788043065563678 0.40770738334914108 0.0099375979449127742 0.40642710588123793 0.34371765010351973 -0.017308703106672648 -0.20373884568048042 0.31492629123173094 0.0033827858473303167 -0.0076598596654535158 0.003925608863807376 0.017455980570734674 0.22842418171893777 -0.0014369138995376505 0.8035890858151129 0.0083314998401078783 0.018479310966201049 0.11987758949867323 0.017455980570734674
decision_type=10 8 10 10 8 10 10 8 8 10 8 8 8 10 2 10 10 8 10 8 10 2
left_child=1 2 5 4 -3 6 -1 -7 -6 10 13 16 -13 -2 15 -11 -12 20 -19 -4 -16 -21
right_child=9 3 19 -5 8 7 -8 -9 -10 14 11 12 -14 -15 17 -17 -18 18 -20 21 -22 -23
leaf_value=0.001488563401170128 0.0012240605806685739 0.0026261044036758729 -0.0031342718090924138 0.0061687490783340834 0.00032515295770695703 0.011477445079006537 0.0079217141140882717 0.0029261358190263149 -0.0038892215444117214 0.0015182601356354885 -0.0021650581290001258 0.0044878397249630041 0.0003189784119521262 0.0085461597822436286 -1.9049079268916094e-05 -0.0076940409859331182 -0.0057974689470385388 -0.0014178378742492502 0.00037517399845000672 0.0030618318091416076 -0.00061717628606315362 -3.5315666526360493e-06
leaf_weight=1172 253 387 249 243 510 273 279 223 1016 252 621 683 3942 279 132144 200 233 3313 1668 308 8403 1550
leaf_count=1172 253 387 249 243 510 273 279 223 1016 252 621 683 3942 279 132144 200 233 3313 1668 308 8403 1550
internal_value=-3.82928e-05 0.000901304 0.00173564 -0.000666667 -0.00151411 0.00354107 0.00243664 0.00675654 -0.00253962 -7.67014e-05 0.000847971 0.000397445 0.00100692 0.00547467 -0.000114796 -0.00388079 -0.00289825 -0.000103058 -0.00111963 6.54649e-05 -6.70091e-05 0.000644432
internal_weight=158201 6210 4054 2156 1913 1947 1451 496 1526 151991 6011 5479 4625 532 145980 452 854 145528 4981 2107 140547 1858
internal_count=158201 6210 4054 2156 1913 1947 1451 496 1526 151991 6011 5479 4625 532 145980 452 854 145528 4981 2107 140547 1858
is_linear=0
shrinkage=0.02


Tree=173
num_leaves=22
num_cat=0
split_feature=9 50 41 53 58 34 16 18 73 18 20 43 38 41 4 9 42 10 31 47 52
split_gain=13.8038 18.3364 21.7089 20.7493 27.6177 17.4589 12.3844 23.9213 25.8586 18.902 23.358 23.7988 15.8285 13.7302 13.6568 38.8651 11.692 17.4441 11.6436 11.1181 9.00523
threshold=-0.26552305515814395 0.018531729222293406 -0.0015964176742215839 0.013131585799563675 0.64278380756820197 0.00059400827842883894 0.078628997251808844 39.146934915123175 0.15356926047001254 71.063335983383681 0.066298277759606186 -0.0033064686172787901 1.2272302927598984 0.015136541230165725 0.28999548484523258 1.0012452780576289 0.0043713340058586523 0.17317571116680322 -0.0091797602465218935 -0.0045142302242979207 0.53348461517681078
decision_type=8 8 10 10 10 10 8 8 8 10 10 10 10 10 8 10 10 8 10 10 2
left_child=1 3 5 4 -1 -3 9 18 13 14 11 -11 -10 -9 19 -16 -4 -18 -8 -2 -5
right_child=6 2 16 20 -6 -7 7 8 12 10 -12 -13 -14 -15 15 -17 17 -19 -20 -21 -22
leaf_value=-0.0077933775426071656 7.0516220697916404e-05 0.0075857596697425089 -0.0016551546440613865 0.0060640949604302352 -2.541066782038047e-05 0.0026235619412712462 -0.00073832503949140598 0.0018150864268249079 -0.00079097428985508617 -0.0017762142837169359 -0.0047059613388190525 0.00090836357164264579 0.00079975652977502397 -8.2079568388913136e-05 0.0050071483514631974 -0.00063444015284066569 0.0036634740876298243 0.00051758314900365561 -0.0047701631935925352 -0.00030463186345243643 -0.00042358354019177564
leaf_weight=209 75402 221 285 224 278 233 294 1813 17614 1085 317 11829 2748 1467 864 1511 768 1500 396 38703 310
leaf_count=209 75402 221 285 224 278 233 294 1813 17614 1085 317 11829 2748 1467 864 1511 768 1500 396 38703 310
internal_value=5.42791e-06 0.00116108 0.00194747 -0.00115264 -0.00413525 0.00597363 -2.47851e-05 -0.000438828 -0.000331515 5.2871e-05 0.000769196 0.000901123 -0.000597063 0.00131606 -2.84853e-05 0.00147222 0.00122866 0.00170912 -0.00410709 -5.97515e-05 0.00156636
internal_weight=158071 4028 3007 1021 487 454 154043 24332 23642 129711 13231 12914 20362 3280 116480 2375 2553 2268 690 114105 534
internal_count=158071 4028 3007 1021 487 454 154043 24332 23642 129711 13231 12914 20362 3280 116480 2375 2553 2268 690 114105 534
is_linear=0
shrinkage=0.02


Tree=174
num_leaves=27
num_cat=0
split_feature=67 41 41 54 42 46 75 41 26 63 18 77 48 51 39 3 43 38 28 4 46 71 24 32 54 37
split_gain=13.3568 16.9287 27.5985 31.9794 24.2439 23.8331 19.8626 19.718 18.2573 18.1821 15.0252 15.7046 14.3408 15.5318 15.2569 13.9862 19.9621 18.0054 13.2323 12.4423 11.9997 11.4715 11.3808 10.2302 8.21039 6.23041
threshold=0.90250366355165468 -0.010663220415670136 -0.016491552137521345 0.45985602927661379 -0.0014585898030000097 0.0095798543940596882 0.97316567962247025 -0.013300221289973489 0.60964627717022768 0.86487837660634681 78.581799854620868 1.2369761060118429 -0.06142378674257392 0.53412292234012593 -0.024155219161342775 0.070851382197344895 0.052023794148548304 0.61528736812143214 -0.022195282228428866 0.25610359883110351 0.0049488410761871398 -0.12235787746373786 1.0021828206175221 0.11061299593992503 0.52277464157186293 -0.93755684783909377
decision_type=10 10 10 10 10 8 10 10 10 10 10 10 10 2 10 10 10 10 8 8 10 8 10 8 8 10
left_child=10 2 3 18 19 -5 8 9 -6 -4 11 15 21 -14 -15 16 -1 -17 -2 20 -3 -12 -8 -9 -21 -13
right_child=1 4 7 5 6 -7 22 23 -10 -11 12 25 13 14 -16 17 -18 -19 -20 24 -22 -23 -24 -25 -26 -27
leaf_value=1.853174100530236e-06 0.001086372909992148 -0.0016859133952317803 -0.0026130005915458018 -0.0031252886130197573 0.00096162331165176276 0.00020770096103793912 0.00049641813882084164 -0.0030973657263585375 -0.0011438323619658451 -0.0084062524393669191 -0.0028676408401216457 0.00051257896824097825 -0.0031653681940006523 0.00025169543742280731 0.0022240571281004202 -0.0022019008453861241 0.00096584545821130495 -0.0003214074284206335 0.0087383201456597091 -0.003411725144396225 0.0021079070327167009 0.001317095017590166 0.0034496227253195968 0.0012836554244056112 0.00088084457297694409 0.003872034938028773
leaf_weight=113243 290 392 265 875 1990 1296 1415 858 10490 203 338 203 213 2242 2404 1197 7060 8418 228 246 2735 208 354 214 342 329
leaf_count=113243 290 392 265 875 1990 1296 1415 858 10490 203 338 203 213 2242 2404 1197 7060 8418 228 246 2735 208 354 214 342 329
internal_value=-9.09844e-06 -0.000463999 -0.00160236 -0.000378439 -0.000195825 -0.00144475 -0.000571088 -0.00373653 -0.000852336 -0.00715991 6.52014e-05 2.23686e-05 0.00109841 0.00144403 0.00168668 8.29748e-06 6.69803e-05 -0.000725666 0.00408092 0.00124273 0.00174488 -0.00197075 0.0014113 -0.00223486 -0.00142275 0.00344841
internal_weight=158048 22193 4229 2689 17964 2171 14249 1540 12480 468 135855 130450 5405 4859 4646 129918 120303 9615 518 3715 3127 546 1769 1072 588 532
internal_count=158048 22193 4229 2689 17964 2171 14249 1540 12480 468 135855 130450 5405 4859 4646 129918 120303 9615 518 3715 3127 546 1769 1072 588 532
is_linear=0
shrinkage=0.02


Tree=175
num_leaves=18
num_cat=0
split_feature=38 15 57 52 42 46 44 44 42 44 6 38 10 49 22 65 42
split_gain=12.491 11.4681 10.5098 31.4775 24.5809 36.0122 27.5089 18.0722 13.9755 21.8153 30.5823 21.9401 20.7274 37.8078 18.5754 13.832 10.633
threshold=1.6292706313043768 -0.10529160396431041 0.79695973667084818 0.88789462569950384 0.010060007137235429 0.0095149286764732444 0.12547988852472428 0.037438016530551906 0.0066564436752099007 0.05603509247644068 0.014415504449530582 0.83606322333277094 0.045296600186699225 0.017336140039997731 0.060663360071454238 0.60769974170957075 0.033045850472539169
decision_type=10 10 10 2 10 10 10 10 8 10 8 8 8 10 10 10 10
left_child=2 -2 8 4 6 -6 -4 15 9 11 -11 -1 13 -10 -14 -5 -9
right_child=1 -3 3 7 5 -7 -8 16 12 10 -12 -13 14 -15 -16 -17 -18
leaf_value=-0.0007698223764702085 0.0010583626998334776 -0.003684428469033624 0.00053064904690521767 0.0025729734996821595 0.00030140261428072637 -0.0018600193887592282 0.0043731988186245328 0.0030837805138978838 0.0039738831006281127 -0.0014907036012358876 -0.0001150846468219044 0.00015951495320785602 0.00018886987258217685 -0.0011573694727144773 -0.00056238948689078588 -0.0011959126314205514 0.0079424288101840983
leaf_weight=11358 213 388 15837 201 8194 4494 713 229 906 6976 7741 33749 53926 542 12257 336 240
leaf_count=11358 213 388 15837 201 8194 4494 713 229 906 6976 7741 33749 53926 542 12257 336 240
internal_value=-1.16108e-05 -0.00288704 -6.21433e-07 0.000334535 0.000214713 -0.000447474 0.000722494 0.00381132 -8.01688e-05 -0.00030285 -0.000971464 -8.46413e-05 0.000116779 0.00248309 6.49402e-05 0.0012974 0.0066766
internal_weight=158300 601 157699 30244 29238 12688 16550 1006 127455 59824 14717 45107 67631 1448 66183 537 469
internal_count=158300 601 157699 30244 29238 12688 16550 1006 127455 59824 14717 45107 67631 1448 66183 537 469
is_linear=0
shrinkage=0.02


Tree=176
num_leaves=15
num_cat=0
split_feature=1 43 9 52 14 9 32 1 53 7 10 29 69 54
split_gain=13.5053 12.5917 45.6994 27.7454 48.9827 25.4511 19.0955 15.8626 15.53 55.6484 16.5177 14.9275 13.9318 8.48175
threshold=0.17877213928798888 0.052023794148548304 2.3972174810779969 0.85552616108171675 0.013870789463882762 0.35179202433378576 -0.27617093460708475 0.025551642279080137 0.020765563179641202 0.0097783156120350104 2.0876939073984579 0.75948751852795937 -0.91673237365148141 0.68686325633828671
decision_type=10 10 10 2 10 10 8 10 10 10 10 10 10 10
left_child=1 6 3 5 -5 -3 7 11 10 -10 -8 -1 -4 -2
right_child=13 2 12 4 -6 -7 8 -9 9 -11 -12 -13 -14 -15
leaf_value=0.0041614240228459963 -0.00059760098760578903 0.0023374827870392191 -0.01561196057925765 -0.0009675755462670054 0.0027982674100954742 -0.00010869310451566131 -5.3748149343570003e-05 0.0088644809879842423 -0.0028644116052441455 -0.00014918690183203133 0.0019877317923156822 -0.0022806873400020313 -0.0044187499589218148 -0.0047406810843788243
leaf_weight=201 279 1316 212 1363 2870 8569 132035 354 1158 5246 3711 203 372 343
leaf_count=201 279 1316 212 1363 2870 8569 132035 354 1158 5246 3711 203 372 343
internal_value=-1.1363e-05 2.411e-07 0.000557573 0.000784616 0.00213935 0.000204127 -5.70853e-05 0.00310672 -7.39917e-05 -0.00103638 -2.85679e-05 0.000390123 -0.00491966 -0.00295024
internal_weight=158232 157610 14702 14118 4233 9885 142908 758 142150 6404 135746 404 584 622
internal_count=158232 157610 14702 14118 4233 9885 142908 758 142150 6404 135746 404 584 622
is_linear=0
shrinkage=0.02


Tree=177
num_leaves=23
num_cat=0
split_feature=17 46 53 41 45 14 71 46 75 45 48 44 53 20 43 44 49 43 17 47 43 49
split_gain=13.8496 23.0981 15.8156 14.1304 13.3457 44.6464 29.1218 50.6512 15.3336 49.6683 49.2294 33.3564 27.4738 29.7072 25.7568 15.0604 21.4347 18.1372 14.0067 12.4775 12.3845 8.66313
threshold=-2.0499401959307448 0.0069213295397758381 0.017511423483394125 -0.029885853464738484 0.0044010251167310123 -0.063109573155590001 -0.34927662937385268 0.003925608863807376 -0.23319118475657472 0.015028688949343528 -0.10872575593379601 -0.089159649383810533 0.010900370658205363 -0.013755975506719529 0.053262718002088934 0.040677473588450981 0.010853589508582175 0.017122757766654843 -0.063490908937278864 -0.031183509242844461 -0.018678049831782725 0.0021142191419711858
decision_type=2 10 10 10 10 8 8 10 10 10 8 10 10 10 10 10 10 10 2 8 10 10
left_child=1 -1 20 -4 5 15 7 -7 9 10 -6 -11 13 -10 -14 17 -17 -2 -8 -5 -3 -22
right_child=4 2 3 19 8 6 18 -9 12 11 -12 -13 14 -15 -16 16 -18 -19 -20 -21 21 -23
leaf_value=-0.0027610856796152893 -0.0021513637023081698 0.00030469419870278599 0.003828900844143771 -0.0049910603437372594 0.005873088502197297 -0.0019222624001254502 -0.00078265074294570655 0.001493360335204642 -0.0041874191380910373 9.160893389423497e-05 0.00033924009516928726 -0.0033041533434633864 -0.0003674942748903627 0.0024406431544941589 0.00044719704046779083 0.00072841422693263407 -0.0033716110202083138 -0.0093927831026123197 0.00040910485757128436 0.002123994963817761 0.0080309350394830153 0.0049864777409378861
leaf_weight=367 467 229 382 211 554 1684 4577 9717 310 1607 37300 1993 75078 1997 8949 1166 994 415 9807 224 203 242
leaf_count=367 467 229 382 211 554 1684 4577 9717 310 1607 37300 1993 75078 1997 8949 1166 994 415 9807 224 203 242
internal_value=4.1521e-06 0.00172028 0.00282708 0.0009511 -1.62052e-05 0.000372485 0.000642907 0.00139782 -0.000103906 0.00021223 0.000425783 -0.00203221 -0.000255725 0.00189688 -0.000314871 -0.0019185 -0.00101712 -0.00412005 4.43518e-05 -0.00150917 0.00509333 0.00703587
internal_weight=158473 1858 1491 817 156615 28827 25785 11401 127788 41454 37854 3600 86334 2307 84027 3042 2160 882 14384 435 674 445
internal_count=158473 1858 1491 817 156615 28827 25785 11401 127788 41454 37854 3600 86334 2307 84027 3042 2160 882 14384 435 674 445
is_linear=0
shrinkage=0.02


Tree=178
num_leaves=16
num_cat=0
split_feature=17 69 38 33 46 22 6 44 41 10 44 44 36 6 44
split_gain=14.9298 15.0948 14.5902 16.8694 13.8296 13.31 12.7054 37.6832 35.6319 19.602 41.8129 34.0373 10.6605 8.06781 12.8635
threshold=-2.0499401959307448 -1.12888340122748 1.5568594782786793 -0.23223096784543246 0.0068844288215977661 -0.088189044690611826 0.018913931450889786 -0.12918327945539967 0.047384893400697077 1.0762247486482088 0.074067882119761466 0.16428337884866476 0.040189440574225473 0.01508774567624154 0.025404107317105188
decision_type=2 10 10 10 10 10 10 8 10 10 10 10 10 10 10
left_child=1 -1 6 -4 -3 -5 7 -2 -9 11 -11 -8 -7 -6 -15
right_child=2 4 3 5 13 12 9 8 -10 10 -12 -13 -14 14 -16
leaf_value=-0.0045570206883960582 -0.004155171079329765 -0.0011714379764973396 0.00120082477324133 -0.0049114922958842415 0.0043321987097785664 0.00057579043833276024 -0.00055743285575340679 -3.2824312286832417e-05 -0.0032131962756276355 0.0013507779202984579 -0.00058048619047502156 0.0031476078485144594 -0.0025217152826633076 0.00024267825919849898 0.0044652553545568296
leaf_weight=202 353 294 382 349 299 323 12555 114569 607 18375 7857 748 559 538 516
leaf_count=202 353 294 382 349 299 323 12555 114569 607 18375 7857 748 559 538 516
internal_value=1.81546e-05 0.00180432 -2.92319e-06 -0.00189467 0.00243811 -0.00303409 1.67543e-05 -8.9137e-05 -6.90937e-05 0.000326234 0.000643388 -0.000299008 -0.00171914 0.00329247 0.00246256
internal_weight=158526 1849 156677 1613 1647 1231 155064 115529 115176 39535 26232 13303 882 1353 1054
internal_count=158526 1849 156677 1613 1647 1231 155064 115529 115176 39535 26232 13303 882 1353 1054
is_linear=0
shrinkage=0.02


Tree=179
num_leaves=25
num_cat=0
split_feature=69 30 66 30 32 54 6 54 53 48 46 54 35 72 72 54 17 16 47 25 32 26 70 45
split_gain=14.4599 13.1542 16.6914 20.8706 15.9546 12.8868 12.3991 94.8191 61.4424 44.4346 21.1112 21.579 20.8984 9.83021 11.0788 9.75967 19.2881 15.7957 11.6794 9.36951 8.11412 9.31198 7.94204 5.80163
threshold=2.3617364200331212 0.8035890858151129 0.95914193898418276 0.86934218301117405 0.13803088866045291 0.40895440036685854 0.010723025472992873 0.57514222579460672 0.013305200395819812 -0.034810343882954835 0.003925608863807376 0.56523837385650977 -0.021543100267897169 -1.0435698029194465 -0.49407408846953665 0.44121799644142939 -0.15783509136713211 0.078628997251808844 -0.00058231760371135744 0.1052897655393755 0.12031854827441836 0.79397580304995019 1.1214016497662718 0.0062888505211551064
decision_type=10 10 8 10 10 10 8 10 10 10 8 10 8 8 8 10 2 10 10 10 10 10 10 10
left_child=1 6 3 4 -3 -5 7 9 -9 -1 12 -12 -8 -4 -15 16 -2 -18 20 -19 22 -22 -17 -20
right_child=15 2 13 5 -6 -7 10 8 -10 -11 11 -13 -14 14 -16 18 17 19 23 -21 21 -23 -24 -25
leaf_value=-0.0011270645093531964 -0.005523633126081535 -0.0011020291731295663 0.00045306698633899574 -0.00086689974631102673 0.0028630301531431812 0.0026710838806075039 0.004936622067845447 0.00025659009471552666 -0.0037222039522702465 0.00084634268798338189 -0.00027724190857479332 0.00019351730258423738 0.00076352002081299169 -0.0040030331649070945 -0.0025744461952092036 -0.0025697624271625542 0.0072005807757394803 -0.0037177470333844016 0.0044777900541927412 0.0028689199144535157 0.0043967881249867202 0.00090505141462606648 0.0028351608481635305 0.0093703479852680505
leaf_weight=2530 255 3265 292 245 331 755 674 1341 1873 24190 70847 46191 1321 297 1031 266 222 320 200 231 369 628 257 210
leaf_count=2530 255 3265 292 245 331 755 674 1341 1873 24190 70847 46191 1321 297 1031 266 222 320 200 231 369 628 257 210
internal_value=3.37545e-05 7.33323e-06 -0.000894 -0.000278007 -0.000989158 0.00227572 4.49627e-05 0.000408819 -0.00283608 0.000799296 -4.65245e-05 -8.13233e-05 0.00199299 -0.00263911 -0.00336945 0.00141872 -0.000153547 0.0014186 0.00225686 -0.000394928 0.0014451 0.00250301 -0.000568702 0.00525061
internal_weight=158141 155183 6216 4596 3596 1000 148967 29934 3214 26720 119033 117038 1995 1620 1328 2958 1028 773 1930 551 1520 997 523 410
internal_count=158141 155183 6216 4596 3596 1000 148967 29934 3214 26720 119033 117038 1995 1620 1328 2958 1028 773 1930 551 1520 997 523 410
is_linear=0
shrinkage=0.02


Tree=180
num_leaves=22
num_cat=0
split_feature=38 20 4 46 45 6 48 45 10 52 17 43 10 57 56 50 34 2 56 21 16
split_gain=11.1107 17.986 13.7004 36.9158 33.4687 56.7556 26.7451 17.629 23.2371 18.2996 15.8922 15.4866 14.8238 20.3908 13.395 11.3857 10.2539 9.22347 8.58097 7.4628 5.32646
threshold=1.5568594782786793 0.0041490709925600675 -0.065904585637425281 0.03709626144380785 0.018619044111080962 0.013962430998303335 -0.10872575593379601 0.0044089297127562063 1.6120867833018566 0.58787244833269947 0.17314507418254579 0.082894945459941152 0.75901552187804733 0.1484626119839734 0.31969845845808736 0.041798985817246732 0.021142159949618246 -0.010270678617942784 0.82762289068231853 -0.15075831286057392 -0.050671196862861471
decision_type=10 10 10 10 10 10 8 8 10 2 2 10 10 8 10 10 10 10 10 10 10
left_child=2 14 7 4 6 -6 -4 12 9 -9 -10 18 13 -1 19 -14 20 -16 -5 -2 -3
right_child=1 16 3 11 5 -7 -8 8 10 -11 -12 -13 15 -15 17 -17 -18 -19 -20 -21 -22
leaf_value=-0.0013351045326986906 6.7449257588089731e-05 -0.0041239068174890254 -0.0026679498023353971 -0.0024252624976437895 0.011694980288662584 0.00067706094569890043 -3.9403081289392483e-05 -3.5825460973121664e-05 0.004967873471031046 0.0011481046867773098 4.6036583344686857e-05 -0.00061017306293082493 -0.0023029145827493701 0.0053097990111732806 0.0029308995738023349 -0.0074690343378746469 -0.00021917824233868733 -0.00053586693744149549 -0.0083383706144288042 -0.0029726332834235747 -0.0018041968362078565
leaf_weight=525 244 370 697 206 259 809 123824 16055 1778 8785 835 274 1633 272 328 221 227 215 203 218 236
leaf_count=525 244 370 697 206 259 809 123824 16055 1778 8785 835 274 1633 272 328 221 227 215 203 218 236
internal_value=2.26274e-06 -0.00154323 2.04506e-05 -7.09415e-05 -4.56884e-05 0.00347802 -7.59544e-05 0.000403853 0.000554309 0.000365444 0.00234813 -0.00470468 -0.00115309 0.00112531 0.000256461 -0.00213369 -0.00371463 0.00238603 -0.00716585 -0.0022419 -0.00507084
internal_weight=158214 1838 156376 126272 125589 1068 124521 30104 27453 24840 2613 683 2651 797 1005 1854 833 543 409 462 606
internal_count=158214 1838 156376 126272 125589 1068 124521 30104 27453 24840 2613 683 2651 797 1005 1854 833 543 409 462 606
is_linear=0
shrinkage=0.02


Tree=181
num_leaves=22
num_cat=0
split_feature=55 53 54 72 53 43 59 44 14 4 72 53 47 5 42 43 53 26 45 77 31
split_gain=12.4844 21.3992 20.2967 19.8857 18.8275 35.2059 39.1012 26.4018 19.6649 27.1505 17.0384 16.8844 38.8575 67.4241 32.4893 59.6411 29.157 21.8566 15.6174 11.3439 8.96952
threshold=0.47549497410904668 0.010900370658205363 0.24510757149693599 1.457886474929984 0.014884104280206764 0.057674958098814406 0.39742205238965506 0.043656047087019319 0.23673708805001517 0.0093724780204236264 0.85926731050519101 0.013639970853982417 -0.011371836699371694 0.014150961875036583 -0.0022924988297663425 -0.00048133501582653388 0.013544352289675687 0.51937052291945218 0.0042397239418392203 0.15869264656533674 -0.03678107128727192
decision_type=8 8 8 10 10 10 8 8 10 8 10 8 8 10 8 10 10 8 10 10 8
left_child=2 3 -1 18 5 7 -7 -4 9 -6 -10 12 13 -3 15 -13 -14 -16 19 -2 -20
right_child=1 11 4 -5 8 6 -8 -9 10 -11 -12 14 16 -15 17 -17 -18 -19 20 -21 -22
leaf_value=0.0054524469428707568 -0.0033229273230595477 -0.0021327608050061468 0.00079236150866632618 -0.0068237471847241203 9.0143734874212895e-05 0.0054889898880573253 0.0011405947430642596 -0.00015364152921135992 0.00045342381699586365 -0.0011151650698068571 0.0050762344110737677 0.00014462858513830903 8.7344916240990057e-05 0.00081603492449720664 0.0012511879800099002 0.0029064470458732691 -0.0027215974510356885 -0.00033858533759006704 0.00055000411581968087 0.00079322768783625234 0.002902019492907804
leaf_weight=353 257 7176 23944 200 16633 451 630 19264 2621 9433 843 11419 19651 3288 2579 3228 808 32512 555 650 1450
leaf_count=353 257 7176 23944 200 16633 451 630 19264 2621 9433 843 11419 19651 3288 2579 3228 808 32512 555 650 1450
internal_value=5.58292e-05 -0.000111467 0.000244806 0.00151558 0.000221864 0.000482682 0.00404621 0.00039339 -0.000169246 -0.000357463 0.00124618 -0.000174283 -0.000541262 -0.00153254 5.38411e-05 0.00084503 -3.41153e-05 -0.000276359 0.00193546 -0.000240088 0.00292024
internal_weight=157945 83773 74172 3112 73819 44289 1081 43208 29530 26066 3464 80661 30923 10464 49738 14647 20459 35091 2912 907 2005
internal_count=157945 83773 74172 3112 73819 44289 1081 43208 29530 26066 3464 80661 30923 10464 49738 14647 20459 35091 2912 907 2005
is_linear=0
shrinkage=0.02


Tree=182
num_leaves=23
num_cat=0
split_feature=78 17 14 48 58 62 47 76 76 16 18 62 8 59 78 47 54 54 25 59 72 78
split_gain=12.507 17.3626 13.7259 14.6378 13.3902 11.5939 15.0199 12.9315 10.4489 10.2312 21.2635 14.3455 9.47108 9.31124 10.8276 8.54409 9.24834 8.13807 7.86553 7.09699 7.0199 6.14177
threshold=2.0431398716923481 -2.0499401959307448 0.11342677357162824 -0.06142378674257392 0.97486908239256875 0.37553195342351647 -0.030879472947539285 -0.025142234839069851 0.033283741597523779 0.077584176301046318 39.146934915123175 0.95183240791908996 0.0055580992335844412 0.99787007213174261 -0.38415034069016168 -0.012679729507916735 0.42608631198400676 0.46506699812190705 0.083251280192114266 0.46056764193260141 1.0000000180025095e-35 2.6011629581007241
decision_type=10 2 10 8 10 10 10 10 10 8 8 8 10 10 8 10 10 10 10 10 10 10
left_child=1 5 3 -2 9 6 -1 19 15 11 -11 -3 -5 14 -6 -4 -17 -14 -10 -7 -9 -20
right_child=2 4 8 12 13 7 -8 20 18 10 -12 -13 17 -15 -16 16 -18 -19 21 -21 -22 -23
leaf_value=-0.0031117865972239513 0.0012837503967273712 2.5633460387707517e-05 -0.0010817682928334767 0.00062694230769019441 0.012781565712057321 0.0030500236419115302 0.002771911727860349 0.0031924839631520246 -0.0052226435611343255 -0.0037678263224862492 -0.00023902475946667234 0.001157537385445864 -0.0012652697986479792 -0.0044032447360089913 0.0023549459282931609 0.0001536395585245181 0.0049891826253967778 -0.0038655827996943518 0.0008930868252680198 -0.00020141671947310389 0.0048297895995070466 -0.0022049981811939328
leaf_weight=331 269 123232 241 259 201 220 344 220 249 633 22792 3341 579 283 2296 200 293 979 355 369 263 204
leaf_count=331 269 123232 241 259 201 220 344 220 249 633 22792 3341 579 283 2296 200 293 979 355 369 263 204
internal_value=1.47831e-05 4.20512e-05 -0.00114577 -0.00220316 1.93613e-05 0.00202403 -2.66272e-05 0.00331594 0.000283863 -6.12004e-06 -0.000390079 6.49264e-05 -0.00284818 0.00139446 0.00178463 0.00201088 0.00351822 -0.00343682 -0.00128307 0.00131864 0.00573967 3.21429e-05
internal_weight=158153 154525 3628 2086 152778 1747 675 1072 1542 149998 23425 126573 1817 2780 2497 734 493 1558 808 589 483 559
internal_count=158153 154525 3628 2086 152778 1747 675 1072 1542 149998 23425 126573 1817 2780 2497 734 493 1558 808 589 483 559
is_linear=0
shrinkage=0.02


Tree=183
num_leaves=15
num_cat=0
split_feature=38 69 53 45 5 24 45 41 48 50 41 41 53 2
split_gain=14.8669 12.0132 44.7665 86.0529 39.9475 38.1833 33.1711 61.1162 45.419 28.6046 29.4551 50.4037 32.8246 11.9899
threshold=1.6292706313043768 -0.016548956142339307 0.013639970853982417 0.0042638229464741677 0.015909089417996201 -0.38013408550662214 0.013103853991238265 0.026653010398889235 -0.026652242417711466 0.11198429954846724 0.024688887701759369 0.033146437561890514 0.013741127638661458 -0.026920456585721172
decision_type=10 10 10 10 10 8 10 10 10 10 8 10 8 10
left_child=1 9 3 5 -5 -3 8 -8 -4 10 12 -12 -1 -2
right_child=13 2 6 4 -6 -7 7 -9 -10 -11 11 -13 -14 -15
leaf_value=0.00016460611797205053 -0.00040096771037684579 0.0032063056391525915 0.0016627306148339499 -0.0012336673119225647 0.00071389461429635312 0.00023047839112540062 0.00039242526276082212 -0.0024827786439700363 0.00033227107033556 -0.0052658904350421486 0.0020312917202725588 -0.00092198134526811477 -0.00057921118252711446 -0.0049011599562081209
leaf_weight=36349 387 3234 10875 16398 4286 4923 6301 2015 23199 209 5159 3048 41595 222
leaf_count=36349 387 3234 10875 16398 4286 4923 6301 2015 23199 209 5159 3048 41595 222
internal_value=4.79137e-06 1.68663e-05 0.000209148 -0.000398655 -0.00108475 0.00134077 0.000622727 -0.000509559 0.000899134 -0.000141707 -0.000123712 0.00101584 -0.000243736 -0.00311148
internal_weight=158200 157591 71231 28841 20684 8157 42390 8316 34074 86360 86151 8207 77944 609
internal_count=158200 157591 71231 28841 20684 8157 42390 8316 34074 86360 86151 8207 77944 609
is_linear=0
shrinkage=0.02


Tree=184
num_leaves=15
num_cat=0
split_feature=39 18 43 69 66 34 32 9 25 41 22 54 48 31
split_gain=12.8393 15.1967 27.5394 20.5763 18.4163 16.0963 13.9315 17.5686 23.2325 13.8785 14.8023 11.7844 10.677 6.54746
threshold=-0.17818061665530646 83.42153687882994 -0.0029947782377267025 -0.82247319162371979 0.92841876926589806 0.0055588239180184686 0.26586613746216742 0.59977123850928604 1.4676825595863618 0.088523865011893035 0.22372948357651948 0.68686325633828671 -0.024865420475417895 0.016627498476327222
decision_type=8 10 8 10 10 8 10 10 10 8 10 10 10 8
left_child=11 6 -3 5 -5 -4 9 12 -9 10 -2 -1 -8 -11
right_child=1 2 3 4 -6 -7 7 8 -10 13 -12 -13 -14 -15
leaf_value=-5.8363829743990072e-05 -5.6294270058173842e-05 -0.0034500260758001107 0.0009531566172547815 0.0008627139403288729 0.0040049715423162392 -0.004927648221089603 0.0096784096362524594 7.5943893210349042e-05 0.0053827254509859349 0.0044405103326597192 -0.0016099851815419475 -0.0049201929755170754 0.0039858386347535061 0.0011259535227554169
leaf_weight=298 144800 288 259 4260 371 286 201 3134 265 200 2525 326 411 730
leaf_count=298 144800 288 259 4260 371 286 201 3134 265 200 2525 326 411 730
internal_value=-1.5901e-05 -4.55205e-06 0.00103166 0.0013672 0.00180009 -0.00230403 -4.17556e-05 0.00112114 0.000558235 -7.32382e-05 -8.86334e-05 -0.0028768 0.00423817 0.0023609
internal_weight=158354 157730 5464 5176 4631 545 152266 4011 3399 148255 147325 624 612 930
internal_count=158354 157730 5464 5176 4631 545 152266 4011 3399 148255 147325 624 612 930
is_linear=0
shrinkage=0.02


Tree=185
num_leaves=26
num_cat=0
split_feature=18 49 14 3 69 44 24 49 63 60 52 9 52 52 54 6 43 44 32 43 44 60 54 19 16
split_gain=11.4849 31.9536 22.2014 21.036 19.8387 21.494 15.723 11.5015 33.044 25.8544 21.3923 31.3302 22.1961 20.2429 15.4722 14.4625 29.9082 27.8388 27.7415 17.1887 34.1668 24.0826 10.017 9.09616 11.3607
threshold=71.331456706341228 -0.010867108319930706 0.19215830807383585 0.016860889430493579 -1.0071278924342855 0.0027441435902724192 -1.0099013534641228 0.023787550519165371 0.26006146422969384 0.13631599008957501 0.8155384853327835 0.25419033520322459 0.80172523554876507 0.63884956118562686 0.5493791690613633 0.021007743477873236 0.06372067026789198 -0.12309302849888985 0.023378111084453427 -0.027805872081546553 -0.089159649383810533 0.86708213610830687 0.56052014714107801 1.5391237024764444 0.022790656540932933
decision_type=10 8 8 10 10 10 10 8 8 8 2 10 2 2 8 8 10 10 10 10 10 10 10 10 10
left_child=7 2 22 23 6 -6 -5 15 10 13 12 -12 -9 -10 -11 16 17 -1 -18 20 -17 -21 -2 24 -3
right_child=1 3 -4 4 5 -7 -8 8 9 14 11 -13 -14 -15 -16 19 18 -19 -20 21 -22 -23 -24 -25 -26
leaf_value=-0.0030599828832682421 -0.0023621737538066971 0.0025165138073433356 0.00068621180126066605 0.0027048036061479886 -0.00098522466590505423 0.00055564719159174197 -0.0021390436130406605 0.00040172529914387771 0.0011934642431809962 -0.0018106372581155527 0.0094109860832144385 0.0012383813110196629 -0.0034695669475936371 -0.0036211468655835155 -0.00025140217667614259 0.00077162144011100418 0.00093344496939712753 -0.00014339938113505757 0.0052678215723950105 0.00012130076137599575 -0.0033012410286097659 0.0024632794295233692 -0.0064663678145705089 0.0010979093318208351 0.0053267762982064024
leaf_weight=471 245 482 341 322 2307 18150 2026 2685 261 3139 296 1403 456 1273 6541 2227 709 91839 391 12671 2286 6630 213 348 239
leaf_count=471 245 482 341 322 2307 18150 2026 2685 261 3139 296 1403 456 1273 6541 2227 709 91839 391 12671 2286 6630 213 348 239
internal_value=-3.73405e-05 0.000359001 -0.0035725 0.000490806 0.000362098 0.00056203 -0.00137846 -0.00011073 -0.000612769 -0.00120892 0.000768023 0.00257529 -0.000209421 -0.00362085 -0.000826154 -4.19535e-05 -0.000154136 -0.000193238 0.00312262 0.000397984 -0.000712893 0.000657859 -0.00644444 0.00323178 0.00451247
internal_weight=157951 24673 799 23874 22805 20457 2348 133278 16054 11214 4840 1699 3141 1534 9680 117224 93410 92310 1100 23814 4513 19301 458 1069 721
internal_count=157951 24673 799 23874 22805 20457 2348 133278 16054 11214 4840 1699 3141 1534 9680 117224 93410 92310 1100 23814 4513 19301 458 1069 721
is_linear=0
shrinkage=0.02


Tree=186
num_leaves=22
num_cat=0
split_feature=20 44 5 41 41 58 10 44 41 50 43 27 69 72 14 20 72 24 0 38 15
split_gain=10.974 31.9055 34.9954 34.2961 26.6965 60.3696 25.3536 20.2884 21.566 20.6287 34.8701 25.3488 17.4613 16.9045 13.8549 11.6775 16.1298 9.71476 12.4461 8.06565 7.19083
threshold=-0.0059240040649430883 -0.12918327945539967 0.017735826509459093 -0.057128907684538537 -0.052993719831404988 0.38170292579780413 0.66090461862246885 -0.14534054542079458 -0.057128907684538537 -0.017451826180338522 -0.0084227641678740733 -0.013603546532604703 -0.33557890163101367 0.55158021294547011 -0.0055007722298147091 0.02261286452281697 0.35241052565721409 -0.78106285537253861 0.017132066015072781 1.5277937895728757 -0.043458189546624497
decision_type=10 8 10 10 10 10 8 8 8 10 10 10 10 10 10 10 10 10 10 10 10
left_child=7 2 -2 6 5 -5 -3 14 13 11 -11 -10 -6 -9 17 16 -4 -1 -19 -17 -8
right_child=1 3 15 4 12 -7 20 8 9 10 -12 -13 -14 -15 -16 19 -18 18 -20 -21 -22
leaf_value=-0.00027172773260477663 -0.0064716849276541368 0.0090662977280072804 -0.0010892124304490523 -0.0099444493460366084 -0.00042925213916291337 0.0021100389898464546 0.0044017619871749526 -0.00086654973292042085 0.0009050369212618613 -0.0011993622212276118 0.00020583899784713694 0.0053259722170319566 6.5053763650320119e-05 -0.0088029612547328821 0.0055407655832552718 -0.0011340679068858395 0.0028327607963805944 0.0028746820521397178 -0.0011622488590991675 -0.0038013335723857899 -0.0008406151683171423
leaf_weight=346 209 206 460 236 33647 226 221 272 6878 6269 47230 244 58871 215 216 661 208 677 234 474 243
leaf_count=346 209 206 460 236 33647 226 221 272 6878 6269 47230 244 58871 215 216 661 208 677 234 474 243
internal_value=-1.57857e-05 -0.000150508 -0.00264183 -9.69344e-05 -0.000129467 -0.00492009 0.00440835 0.000190119 0.000134154 0.000167893 3.32336e-05 0.001179 -0.00010547 -0.00405328 0.00250882 -0.00173947 0.000355755 0.00169952 0.00278289 -0.00297359 0.00180215
internal_weight=158243 95662 2012 93650 92980 462 670 62581 61108 60621 53499 7122 92518 487 1473 1803 668 1257 911 1135 464
internal_count=158243 95662 2012 93650 92980 462 670 62581 61108 60621 53499 7122 92518 487 1473 1803 668 1257 911 1135 464
is_linear=0
shrinkage=0.02


Tree=187
num_leaves=23
num_cat=0
split_feature=69 44 54 54 10 8 53 51 44 50 46 42 50 59 41 50 75 60 75 44 3 69
split_gain=12.2884 38.081 47.3589 51.8123 55.0259 43.6355 39.9413 46.4057 37.6344 50.8024 39.1283 37.1169 32.6943 22.2124 21.7674 33.296 28.6361 20.9659 14.5518 14.9593 12.536 10.2321
threshold=-0.33557890163101367 0.15576978428121704 0.57574027341050227 0.58346599610030381 1.1446137516819987 0.012243479866207847 0.013821985815533759 0.76210864092472441 0.15576978428121704 0.067212761852046957 0.012898997088880251 0.03108295675117401 0.071921925095346353 0.15031997489322801 0.014204865160563964 0.040768487561594909 1.0993217777209701 0.22818037848693701 -0.67667518185125342 0.18808128120253378 0.10434244433550079 0.7711595103499419
decision_type=10 10 10 10 10 10 10 2 10 10 10 10 10 10 10 10 10 10 8 10 10 10
left_child=1 2 6 4 -4 -3 11 -8 9 14 -10 -1 -5 -12 15 -2 -16 -11 -7 -20 -15 -19
right_child=8 5 3 12 -6 18 7 -9 10 17 13 -13 -14 20 16 -17 -18 21 19 -21 -22 -23
leaf_value=-5.2761573446438377e-05 0.00016348137250715375 0.0029092726044319763 0.0006809159842708362 0.00013538414940153843 0.007879225395476544 -0.0091848513364418596 -0.0013689966677687649 0.00081923505950725652 -0.005351780697424733 -0.0060488255665600496 0.0057633006889322496 0.0035216569368248496 0.0047758392730359936 0.00098540799255015014 -0.0003869581975247907 0.00153837368263816 0.003169563279819273 -0.0012501826920803811 -0.006534782591646509 0.0001541850362650976 0.0037227670137838214 -0.0053852859357294428
leaf_weight=23369 62397 321 1325 13282 928 395 18798 4054 238 317 370 1153 426 942 20884 6222 715 701 208 211 416 205
leaf_count=23369 62397 321 1325 13282 928 395 18798 4054 238 317 370 1153 426 942 20884 6222 715 701 208 211 416 205
internal_value=2.31698e-05 -0.000189201 -0.000124068 0.000818068 0.00362822 -0.00381866 -0.000441541 -0.0010431 0.000169771 0.000110868 0.00290696 0.00011899 0.000355825 0.00395489 0.000165797 0.000340105 -0.00038787 -0.00393627 -0.00627975 -0.0036619 0.00276527 -0.00237927
internal_weight=157877 64470 63335 15961 2253 1135 47374 22852 93407 91441 1966 24522 13708 1728 90218 68619 21599 1223 814 419 1358 906
internal_count=157877 64470 63335 15961 2253 1135 47374 22852 93407 91441 1966 24522 13708 1728 90218 68619 21599 1223 814 419 1358 906
is_linear=0
shrinkage=0.02


Tree=188
num_leaves=21
num_cat=0
split_feature=0 48 48 63 54 54 54 4 4 18 25 69 44 6 9 6 7 31 24 48
split_gain=13.7563 18.7903 38.8453 23.8041 21.6965 18.5763 15.9118 21.2632 19.3864 15.2803 12.1148 27.5161 11.7555 25.3133 11.2919 11.4831 11.1802 10.9959 10.5355 10.2726
threshold=-0.029326788012918489 -0.022926854672786264 -0.063597869116123071 0.46652931840749584 0.54044840791254367 0.59545590515554714 0.40770738334914108 0.010562239906554695 0.018477151775337711 28.220716249296114 -1.8989603227860805 0.18398599884355465 -0.1588606586551711 0.020291240345611035 -0.44381680235841231 0.010723025472992873 0.0039357910907738304 0.17129610448707475 0.77670284398193445 -0.12301630737048767
decision_type=8 8 10 8 10 10 10 8 10 8 8 10 8 10 8 10 10 10 8 10
left_child=1 2 9 4 -4 6 8 -8 -3 19 11 -2 13 -12 16 -16 -14 -15 -11 -1
right_child=10 5 3 -5 -6 -7 7 -9 -10 18 12 -13 14 17 15 -17 -18 -19 -20 -21
leaf_value=0.00087886511611013718 -0.0013891592029236428 -0.0010129637812486554 0.0026887014023322365 -0.00017596901744480905 0.0074529180474198365 0.0054148399581164224 0.00013158305831815042 -0.0048900972198771117 0.0057334306405831146 -9.4100072870673332e-05 -0.0042049822851320078 0.0080900086087830041 -0.0014706700687676373 0.0016479473265068748 0.00019689000467786022 -0.0001356903626595998 0.0016346274939700014 -0.0018175190664946408 0.0027639982787517749 -0.0032906751104207657
leaf_weight=214 367 355 481 399 823 205 633 776 208 1106 203 246 283 357 34767 113194 2273 358 623 410
leaf_count=214 367 355 481 399 823 205 633 776 208 1106 203 246 283 357 34767 113194 2273 358 623 410
internal_value=-3.66435e-07 0.000920436 0.00172492 0.00402465 0.0053318 -0.000577594 -0.00117486 -0.00231064 0.00166312 5.86236e-05 -3.81324e-05 0.00276547 -4.95127e-05 -0.00230468 -3.57299e-05 -5.8515e-05 0.00128197 -0.000527933 0.00102775 -0.0026208
internal_weight=158281 6233 4056 1703 1304 2177 1972 1409 563 2353 152048 613 151435 918 150517 147961 2556 715 1729 624
internal_count=158281 6233 4056 1703 1304 2177 1972 1409 563 2353 152048 613 151435 918 150517 147961 2556 715 1729 624
is_linear=0
shrinkage=0.02


Tree=189
num_leaves=27
num_cat=0
split_feature=57 30 45 9 72 8 41 67 52 50 41 18 54 54 54 17 41 1 50 49 10 5 6 78 14 34
split_gain=15.1687 11.3299 18.4539 14.7684 13.8574 16.8446 13.7061 12.9246 22.8094 42.2638 32.346 18.445 25.8949 25.2683 11.1407 20.1028 13.5862 13.0251 11.0522 17.6677 9.85738 9.85261 7.22117 6.32892 5.2429 4.50684
threshold=0.97870072131742514 0.79207956956140424 0.0083304609404307017 1.6070126732392602 -0.88559890584218237 0.0072738247015345665 -0.064701772242531638 0.072147989880732635 0.60896649527140501 0.0074238207632112427 0.0083481539330804173 49.624097708525234 0.4390408582723363 0.24510757149693599 0.4390408582723363 -0.16640216890950671 0.0085958177452964985 0.013535315151537943 0.006038734116959322 -0.011772463478394222 0.88440326441835004 0.02227317623383723 0.020291240345611035 -0.33202681289476249 0.60315287854408983 0.0016075408302918892
decision_type=10 10 10 10 10 10 10 10 2 10 8 8 10 8 10 2 10 10 10 10 10 10 10 10 10 10
left_child=1 7 4 6 21 -6 -4 11 10 -10 -9 13 -13 -1 15 -2 17 -17 19 25 24 -3 -22 -21 -20 -16
right_child=14 2 3 -5 5 -7 -8 8 9 -11 -12 12 -14 -15 18 16 -18 -19 20 23 22 -23 -24 -25 -26 -27
leaf_value=0.0064547068477406582 -0.0081314995467263972 -0.00049161170189114577 0.0031932437774646548 0.0041324621246698959 -0.00086300538000804697 -0.0054319426999075437 -0.00036306060617155052 -8.4835914317315798e-05 -0.0027515965281947803 -0.00024029361028687877 0.0012038428595906934 0.0011541786374847525 0.00014071454298087858 -4.9659694532755635e-05 0.00093182750651971949 0.0067963375194631092 -0.0034133314635034356 0.0021838248253743314 0.0037251480534596371 0.00045301905125520156 0.0063295354165956207 0.0063239993792505826 0.0052708224554692219 -0.0051409503001528366 -0.0018564881631900688 0.0061897056189053178
leaf_weight=218 239 870 216 357 2986 766 1922 20985 1541 39035 6616 11469 21711 46030 209 200 282 283 206 222 259 226 678 264 223 201
leaf_count=218 239 870 216 357 2986 766 1922 20985 1541 39035 6616 11469 21711 46030 209 200 282 283 206 222 259 226 678 264 223 201
internal_value=4.65063e-05 1.80576e-05 -0.000748638 0.000648237 -0.00146793 -0.00204583 1.77653e-05 5.62172e-05 -0.000145765 -0.000447495 0.000297732 0.000229614 0.000589434 -2.84979e-05 0.00139516 -0.000356219 0.00122454 0.00326033 0.00217322 0.000443701 0.00330505 0.00050866 0.00445416 -0.00213142 0.000786047 0.00349878
internal_weight=158214 154948 7343 2495 4848 3752 2138 147605 68177 40576 27601 79428 33180 46248 3266 1004 765 483 2262 896 1366 1096 937 486 429 410
internal_count=158214 154948 7343 2495 4848 3752 2138 147605 68177 40576 27601 79428 33180 46248 3266 1004 765 483 2262 896 1366 1096 937 486 429 410
is_linear=0
shrinkage=0.02


Tree=190
num_leaves=21
num_cat=0
split_feature=72 49 53 49 10 44 43 0 6 70 33 38 53 70 25 57 68 18 12 59
split_gain=13.0276 34.1812 45.0055 29.9544 23.4467 38.2963 22.9899 21.2629 19.6736 19.0172 16.911 16.2026 12.9169 11.5843 11.2922 20.0347 10.3684 26.7592 14.0735 6.90698
threshold=-1.8998800890745693 0.010155074781886932 0.017392014665839839 0.018105820426894684 0.045296600186699225 0.077141766390349323 0.052023794148548304 0.0052567524512766592 0.010507742822452985 -0.63899538684779789 -0.010728698935097347 0.84119012870614895 0.013305200395819812 -0.3799382536315204 -1.8989603227860805 0.40345209611499544 1.4376553431387582 39.146934915123175 -0.023506317978379151 0.26212661119825414
decision_type=8 10 10 10 8 10 10 10 10 10 10 10 10 10 8 10 8 8 10 10
left_child=1 2 9 10 5 7 19 13 -7 12 -3 -11 -1 -2 15 -6 18 -18 -16 -5
right_child=4 3 -4 6 14 8 -8 -9 -10 11 -12 -13 -14 -15 16 -17 17 -19 -20 -21
leaf_value=-0.0037909394013421987 -0.002512059312382305 0.0010073579875328666 0.0045820220672109476 -0.0044369332795092774 -0.0030930221616665234 0.010007768978560806 0.0024121923409433778 0.0049673408523489265 0.0025212034540835716 -0.0071591573814451942 0.0062974011612689368 -0.0012361971309794721 -0.0071712199848255808 0.0015597534543424062 0.00025693118083928648 0.0055757549010634969 -0.0020772656780811481 0.00067164393906757769 -0.00014131916077704675 -0.0019610849691692371
leaf_weight=234 466 310 276 211 203 229 218 261 205 206 361 621 348 242 39738 374 1419 12990 99270 251
leaf_count=234 466 310 276 211 203 229 218 261 205 206 361 621 348 242 39738 374 1419 12990 99270 251
internal_value=7.1828e-06 -0.00129009 -0.0031898 0.0010784 3.25487e-05 0.00260541 -0.00187665 0.000389691 0.00753563 -0.00463688 0.0040744 -0.00267874 -0.00740652 -0.00140762 9.07822e-06 0.00279931 -1.42095e-06 0.00050923 -5.43706e-05 -0.00440173
internal_weight=158433 3036 1685 1351 155397 1403 680 969 434 1409 671 827 582 708 153994 577 153417 14409 139008 462
internal_count=158433 3036 1685 1351 155397 1403 680 969 434 1409 671 827 582 708 153994 577 153417 14409 139008 462
is_linear=0
shrinkage=0.02


Tree=191
num_leaves=25
num_cat=0
split_feature=19 63 45 71 42 6 51 6 44 16 44 48 42 72 72 46 44 51 48 63 46 54 32 75
split_gain=13.0476 18.7222 17.176 20.4184 18.7218 22.8166 16.4894 12.69 28.9123 34.9888 22.909 34.1413 23.4827 13.6717 16.0553 26.0773 21.7086 11.7195 11.6061 13.6023 12.2362 11.2127 10.1287 9.32931
threshold=2.0666093175395828 0.93683647019046556 0.0118705075089792 -0.30782621546823125 0.02371055905941322 0.016719763559126109 0.79570623175274358 0.021166156251801117 -0.12918327945539967 -0.068762441774989677 0.11987758949867323 -0.040393182099614781 0.055434037997193826 3.285980170149482 0.41462882386653116 0.03709626144380785 0.17681011950591644 0.88032598913674109 -0.0029794367717161925 0.95497292363323594 0.0052200699888448098 0.57635825573726396 0.032976389519289891 0.98266463203848375
decision_type=10 8 10 10 8 8 2 10 8 10 10 10 10 10 10 10 10 2 8 8 10 10 10 10
left_child=7 2 4 -4 6 -6 -2 8 9 -1 12 -12 -10 14 15 -9 -16 -5 19 23 -20 -21 -15 -3
right_child=1 18 3 17 5 -7 -8 13 10 -11 11 -13 -14 22 16 -17 -18 -19 20 21 -22 -23 -24 -25
leaf_value=0.0003356976642562902 -0.00094925763688410135 0.0013551942669799315 -0.0046678112700488565 0.0019283578888637705 0.0016004027246702118 -0.0017063546407726049 -0.0042162470274120911 0.00025516000976410049 6.6702576400483888e-05 -0.005524418172128751 0.0033431735343332435 -0.0018346991805172675 -0.0014870871094390104 0.00049492154582070043 0.0014029220595101902 -0.0018513449506668939 -0.0029193192385711187 -0.0045254202093573098 0.001215463789456931 0.0017028223661996477 -0.0023346104218337623 -0.0027852674979820906 -0.0084532753267176578 0.0051415570322892682
leaf_weight=242 4068 225 378 233 1474 1022 409 10725 112501 243 462 3916 1732 283 15485 1564 611 201 338 652 328 261 288 224
leaf_count=242 4068 225 378 233 1474 1022 409 10725 112501 243 462 3916 1732 283 15485 1564 611 201 338 652 328 261 288 224
internal_value=1.96242e-05 -0.00068657 -0.00113255 -0.00388438 -0.000811299 0.000575891 -0.00158508 6.64492e-05 -2.48369e-05 -0.004893 -4.87303e-06 -0.00142453 4.95299e-05 0.000441966 0.000503699 -4.05207e-05 0.000919302 -0.000914943 0.00102415 0.00208217 -0.00113643 0.000676149 -0.00261888 0.00492889
internal_weight=157865 9813 7785 812 6973 2496 4477 148052 119096 485 118611 4378 114233 28956 28385 12289 16096 434 2028 1362 666 913 571 449
internal_count=157865 9813 7785 812 6973 2496 4477 148052 119096 485 118611 4378 114233 28956 28385 12289 16096 434 2028 1362 666 913 571 449
is_linear=0
shrinkage=0.02


Tree=192
num_leaves=26
num_cat=0
split_feature=32 44 14 63 42 44 7 32 49 36 42 46 14 14 45 45 7 42 47 0 14 30 45 72 26
split_gain=11.3316 34.9485 31.8384 20.3461 19.0352 15.2059 27.7572 36.7617 32.4795 30.9192 30.7832 23.7984 22.0525 13.3367 27.9397 23.7334 16.0623 76.8455 25.0718 13.0315 11.4338 10.4783 9.58469 9.52446 8.71954
threshold=0.26586613746216742 0.10184831294004694 -0.2679573375709432 0.31969845845808736 0.03108295675117401 0.11987758949867323 0.0060163699264080914 0.11689485695041264 0.020559575536736822 -0.1420204605530469 0.013921494165442751 0.008887940952420962 0.023774317435322215 -0.30180265298752351 0.018438701294419196 0.013050391651056766 0.005767214898669268 -0.022413806143584066 -0.0045142302242979207 -0.0078958530872085802 0.17640803541621344 0.57987755767421945 0.031286419310944731 0.12290289005203416 0.77499615998395399
decision_type=10 10 8 10 10 10 8 8 10 8 10 10 8 8 10 10 8 8 8 10 10 10 10 10 10
left_child=5 4 -3 19 21 13 8 11 10 -9 -7 -8 -10 14 15 -1 17 -15 -18 -4 -5 23 -16 -2 -23
right_child=1 2 3 20 -6 6 7 9 12 -11 -12 -13 -14 16 22 -17 18 -19 -20 -21 -22 24 -24 -25 -26
leaf_value=0.0018436131792041223 0.0014433201812938062 -0.0058896188001488136 0.01441176635754904 0.00066757761081257254 -0.0061889587694364898 -0.0023767657125312079 0.0022812359100355681 -0.0041462940185209574 0.0025710426572145098 0.002138066390123945 -0.0084553792311738655 -0.0019564676608108543 -0.0014065345032920934 -0.0026339155185066687 -0.0064131812141188507 0.0074468265337011711 6.4300366649477914e-05 0.00032991905858433977 -0.00053374253084509881 0.0057176245299774423 0.0048277057783728556 0.0051007909265300775 -0.00010145460113131944 -0.0029257860695929908 0.00011494059337185399
leaf_weight=1040 426 200 201 627 326 770 488 236 242 2068 311 2704 868 1868 228 574 63209 45155 33453 205 729 325 547 718 487
leaf_count=1040 426 200 201 627 326 770 488 236 242 2068 311 2704 868 1868 228 574 63209 45155 33453 205 729 325 547 718 487
internal_value=-2.13916e-06 0.0010172 0.00297402 0.00383324 -0.000664915 -3.02936e-05 -0.000897242 -0.000137893 -0.00280018 0.00178655 -0.00526617 -0.00152772 -0.000394239 1.53209e-05 0.00149707 0.00299567 -9.31197e-06 0.00029385 -0.000156813 0.00775921 0.00265144 8.07358e-05 -0.00162113 -0.00115109 0.00181796
internal_weight=158005 4244 1962 1762 2282 153761 7687 5496 2191 2304 1081 3192 1110 146074 2389 1614 143685 47023 96662 406 1356 1956 775 1144 812
internal_count=158005 4244 1962 1762 2282 153761 7687 5496 2191 2304 1081 3192 1110 146074 2389 1614 143685 47023 96662 406 1356 1956 775 1144 812
is_linear=0
shrinkage=0.02


Tree=193
num_leaves=22
num_cat=0
split_feature=34 7 16 52 41 50 50 31 52 52 50 45 17 43 10 10 17 9 72 50 15
split_gain=13.3782 14.1773 11.1023 20.7102 43.2454 30.4509 28.1302 23.6869 19.9711 44.4229 44.015 29.0536 25.1749 21.5639 19.5479 19.0625 17.4281 10.218 10.421 12.6704 9.18991
threshold=-2.129575158174688e-05 0.03477748638306543 0.026981174819407431 0.67781798799304283 -0.008034953065074733 0.014940289537734632 0.020710021499749657 -0.0021492796047863356 0.60896649527140501 0.56155059157242582 0.0091548033069144292 0.0048573026601447722 0.042786563314302549 0.051227593454310501 1.8813310903921243 0.76360326477249896 -0.075980874736593512 -0.44381680235841231 -1.7774478749561429 0.025180847750882477 0.038830343670194785
decision_type=8 10 10 2 10 10 10 8 2 2 10 10 2 10 10 8 2 10 10 8 10
left_child=1 17 3 5 16 14 -6 -7 9 11 12 -4 -10 -12 -2 -11 -5 -1 19 -19 -20
right_child=2 -3 8 4 6 7 -8 -9 10 15 13 -13 -14 -15 -16 -17 -18 18 20 -21 -22
leaf_value=0.0032058027851010842 4.053310985047154e-05 -0.0037790983938506342 0.0056491026948054315 0.0047807644330544801 0.0020723485411000757 0.00012834003051706661 6.9342172131031801e-05 -0.0020038565635740291 -0.00092071900351451254 0.003177194734053227 -0.00039451590179747129 -0.00058715291012165259 -0.0047705761228774898 0.00044999739502160494 0.0037462474968645576 0.00088678357164089622 0.00098101067873414727 -0.0030487810174625925 0.00046821598176235285 0.00058498309440288185 0.003831236968917151
leaf_weight=363 41956 262 361 1227 3135 3364 18501 5198 758 1445 38379 8148 858 8075 1402 3388 707 469 18871 533 591
leaf_count=363 41956 262 361 1227 3135 3364 18501 5198 758 1445 38379 8148 858 8075 1402 3388 707 469 18871 533 591
internal_value=4.5939e-05 0.000514841 -2.62814e-05 0.000136149 0.000627805 -8.70168e-05 0.000371493 -0.00117692 -0.000225978 0.000458518 -0.00041601 -0.000411046 -0.00365986 -0.000303046 0.000128186 0.00198966 0.00349251 0.000573171 0.000513951 -0.00147358 0.000616452
internal_weight=157991 21089 136902 75490 23570 51920 21636 8562 61412 13342 48070 8509 1616 46454 43358 4833 1934 20827 20464 1002 19462
internal_count=157991 21089 136902 75490 23570 51920 21636 8562 61412 13342 48070 8509 1616 46454 43358 4833 1934 20827 20464 1002 19462
is_linear=0
shrinkage=0.02


Tree=194
num_leaves=19
num_cat=0
split_feature=20 50 44 5 41 10 69 42 54 50 27 43 43 45 20 59 46 32
split_gain=12.5972 26.8556 21.4833 44.9416 34.8978 33.4889 26.5327 48.8685 29.5357 19.3987 34.8493 30.7684 34.4587 18.7543 14.4261 14.0691 11.9243 9.15512
threshold=-0.006638719723858987 0.092433492158557021 -0.12918327945539967 0.018048851139743968 -0.057128907684538537 0.8251903557364032 -0.33557890163101367 -0.061221554084063039 0.57574027341050227 -0.017451826180338522 -0.013603546532604703 -0.0084227641678740733 -0.0045981832183018536 0.00650469559953493 0.02261286452281697 0.4764891720413193 0.0093621645543221794 -0.038369431184446072
decision_type=10 10 8 8 10 8 10 8 10 10 10 10 10 10 10 8 8 8
left_child=1 9 3 -2 5 -4 7 -6 -8 10 16 13 -13 -11 15 -5 -1 -16
right_child=2 -3 4 14 6 -7 8 -9 -10 11 -12 12 -14 -15 17 -17 -18 -19
leaf_value=0.0021088225530452686 -0.006206749517884429 0.0039982124731367799 0.0078553126781445819 -0.0012863823911360794 -0.0072264462569775322 -3.3821571990692339e-05 0.00030579958199157347 -0.00045923033552195324 -0.0005008623838571283 0.00058193021173133725 0.005494407535490152 0.0022143959719328398 0.00012437206142423674 -0.0016991695135521313 -0.00098431299884739303 0.0023010892779649025 0.00041405566258277904 -0.0027843076885760059
leaf_weight=1630 206 256 331 324 260 325 43496 34154 16658 1659 299 1897 43979 4312 767 349 6439 376
leaf_count=1630 206 256 331 324 260 325 43496 34154 16658 1659 299 1897 43979 4312 767 349 6439 376
internal_value=6.45456e-06 0.000233133 -0.000134482 -0.002174 -9.11315e-05 0.00450228 -0.000123064 -0.000565974 0.000130297 0.00020556 0.00109906 6.12946e-05 0.000237112 -0.00128902 -0.00116566 0.0011543 0.000849814 -0.00253322
internal_weight=157717 60471 97246 2022 95224 656 94568 34414 60154 60215 8368 51847 45876 5971 1816 673 8069 1143
internal_count=157717 60471 97246 2022 95224 656 94568 34414 60154 60215 8368 51847 45876 5971 1816 673 8069 1143
is_linear=0
shrinkage=0.02


Tree=195
num_leaves=25
num_cat=0
split_feature=78 14 20 45 45 46 54 9 28 38 9 23 76 8 66 32 78 36 72 45 54 22 47 5
split_gain=13.0247 18.237 12.8806 12.9292 22.9977 17.6493 11.4473 37.5378 18.0742 11.4337 35.6313 17.5669 11.1901 12.308 10.3624 9.69397 9.51934 9.11705 8.71805 9.5145 11.5444 8.54354 7.77124 7.52719
threshold=1.886259294010366 0.14887508188843671 -0.090007963665283117 0.014293784901629065 0.031286419310944731 0.0084344985484269327 0.77040259723844406 2.2047439258657291 -0.091117833435163373 1.2428034140120034 1.0271959432113766 -0.013491318993328725 0.12183952099778003 0.030183748798230436 0.70113607188703475 0.12760073962391286 0.3240708477878953 0.070506602214643346 -1.0261763204838019 0.0040694575470957058 0.65055136033837868 -0.14353373633807728 -0.013016975945762175 0.02227317623383723
decision_type=10 10 10 8 8 10 8 10 10 8 10 10 10 10 8 10 8 10 10 10 10 10 10 10
left_child=2 18 3 5 -5 14 9 8 -8 11 -11 -4 13 22 -1 17 -6 -14 23 -20 -21 -7 -3 -2
right_child=1 12 6 4 16 21 7 -9 -10 10 -12 -13 15 -15 -16 -17 -18 -19 19 20 -22 -23 -24 -25
leaf_value=0.0048295912268340596 -0.001166978027549326 0.00051074553044378932 0.00031338290946349151 -0.0065226735617597374 0.0053644132413458402 0.0057896329956306971 -0.00048567327306746095 0.0065652101528876974 -0.0024490416549092526 0.0016077123318765138 -0.00018375352126450504 -0.00012403748078420644 -0.0042846964782562776 -0.0011165443239808143 -0.002215523378014395 0.0027998040219538744 0.00019142007834400539 -0.00048001606373588776 -0.0036888796467018847 -0.00086601932493723943 -0.0057146180733810992 0.0099039605513191603 0.0034650855404991833 0.0024510713918457238
leaf_weight=214 355 240 47919 221 205 224 5991 236 930 6333 9038 81194 235 218 351 246 510 347 351 1870 244 247 465 244
leaf_count=214 355 240 47919 221 205 224 5991 236 930 6333 9038 81194 235 218 351 246 510 347 351 1870 244 247 465 244
internal_value=2.37204e-05 -0.00100042 5.58413e-05 0.00166143 -4.0555e-05 0.00319961 3.49376e-05 -0.000745739 -0.00101387 7.3627e-05 0.000589253 1.22218e-05 0.000626712 0.00214069 0.000809187 -0.00105911 0.00170112 -0.00246655 -0.00193083 -0.00245661 -0.00194704 0.00605508 0.00342493 0.00023
internal_weight=158428 4815 153613 1972 936 1036 151641 7157 6921 144484 15371 129113 1751 923 565 828 715 582 3064 2465 2114 471 705 599
internal_count=158428 4815 153613 1972 936 1036 151641 7157 6921 144484 15371 129113 1751 923 565 828 715 582 3064 2465 2114 471 705 599
is_linear=0
shrinkage=0.02


Tree=196
num_leaves=16
num_cat=0
split_feature=6 44 36 43 10 46 41 8 6 44 43 19 44 41 77
split_gain=10.8543 28.7245 30.1549 18.8398 33.6242 24.3176 21.2562 19.3917 18.3261 36.1778 26.0345 15.6534 19.5683 12.6458 12.1707
threshold=0.042846827679137119 0.17681011950591644 -0.28722226067580137 0.051227593454310501 1.8511993873420498 0.036016059464893356 0.048511285866492233 0.0054244770460803067 0.021007743477873236 0.11987758949867323 0.046877453908540485 1.996745410882127 0.11987758949867323 0.012284967358949241 -0.41891895648061162
decision_type=10 10 10 10 10 10 10 8 10 10 10 10 10 10 10
left_child=3 2 13 5 6 8 7 -5 9 -1 -10 12 -4 -2 -6
right_child=1 -3 11 4 14 -7 -8 -9 10 -11 -12 -13 -14 -15 -16
leaf_value=-5.7363427395601128e-05 0.0031007179099772565 -0.0070812566879948063 -0.00095541138068797526 0.0026741853627109216 -0.01222837910529055 -0.0040363744131141814 0.004600228070585727 0.00041315081628580819 0.00072507033299826944 -0.0019059586157235112 -0.0032268480008863722 -0.0039198260461656784 0.0035051343857895345 0.012229355558074279 -0.0030377839328308725
leaf_weight=114333 220 366 3370 1195 201 349 230 12034 21123 3264 596 316 345 201 210
leaf_count=114333 220 366 3370 1195 201 349 230 12034 21123 3264 596 316 345 201 210
internal_value=-2.89225e-06 -0.000937539 -0.0004936 2.64303e-05 0.000729436 -4.33749e-05 0.000901783 0.000796523 -3.01327e-05 -0.000128727 0.000503591 -0.00102629 -0.000661464 0.00459242 -0.00489806
internal_weight=158353 4818 4452 153535 13870 139665 13459 13229 139316 117597 21719 4031 3715 421 411
internal_count=158353 4818 4452 153535 13870 139665 13459 13229 139316 117597 21719 4031 3715 421 411
is_linear=0
shrinkage=0.02


Tree=197
num_leaves=25
num_cat=0
split_feature=78 0 48 47 70 43 44 4 60 19 45 45 53 6 54 64 70 52 11 71 37 47 45 44
split_gain=15.4932 13.4127 16.7728 42.9262 25.7929 21.6294 31.1492 18.214 17.6968 12.8671 27.6908 16.0401 12.0919 59.3927 13.6145 11.5185 7.64084 8.45252 14.3368 13.3541 11.8574 9.36867 7.54489 5.89523
threshold=2.0431398716923481 -0.029326788012918489 -0.022926854672786264 -0.056821410891407513 -0.35613161025239631 0.0026594889047025787 0.036035552609579476 0.011655122619150806 0.90986224705554208 -2.0291313521596424 0.0061033538753718043 0.00650469559953493 0.020765563179641202 0.017390494490453597 0.71095087425225301 0.37224125567683858 3.9444474119846675 0.76095749503120758 0.018508429398106489 -0.21132370806334597 0.12481120930734153 -0.0025417031159957189 0.0062567248761571355 0.04564405988436538
decision_type=10 10 10 10 10 10 10 10 8 8 10 10 8 8 10 10 10 2 10 10 10 10 10 10
left_child=1 2 3 8 -5 7 -7 -4 -1 10 15 -12 14 -14 -11 -3 17 19 22 20 -2 -21 -19 -18
right_child=16 9 5 4 -6 6 -8 -9 -10 12 11 -13 13 -15 -16 -17 23 18 -20 21 -22 -23 -24 -25
leaf_value=0.00068425318654654905 -0.00014539490511560559 -0.0040288542717140429 -0.00040754011117336567 -0.0018486668509516975 0.0051627605786289422 0.0071334623975772525 -0.0018298811094421103 -0.0077696246885609749 -0.0029801140254614002 2.1991677091407403e-05 0.0030265679091843766 -0.00032990236251617775 -0.0032147489224620372 -7.0353320530255897e-05 0.0019265463743688334 -0.0017448819888264977 -0.0026221426963632922 0.00023693409280606934 -0.0024592501641307906 0.00022609012033709543 -0.0035420540746835768 -0.0019270931764402924 0.003263149474216786 -0.0060832942872614051
leaf_weight=1819 213 383 201 218 1628 371 918 222 638 131312 456 2619 1258 8762 1775 1797 347 326 341 1110 360 482 229 228
leaf_count=1819 213 383 201 218 1628 371 918 222 638 131312 456 2619 1258 8762 1775 1797 347 326 341 1110 360 482 229 228
internal_value=-2.89721e-05 1.41212e-06 0.000927194 0.0015934 0.00389713 -0.00074606 0.000541085 -0.00466509 -0.00013751 -3.61141e-05 -0.00100799 0.000213914 -4.05288e-07 -0.000670392 5.0027e-05 -0.00273177 -0.00131922 -0.000920314 0.00071126 -0.00159649 -0.00421254 -0.000651601 0.00269424 -0.00343403
internal_weight=158013 154377 6015 4303 1846 1712 1289 423 2457 148362 5255 3075 143107 10020 133087 2180 3636 3061 896 2165 573 1592 555 575
internal_count=158013 154377 6015 4303 1846 1712 1289 423 2457 148362 5255 3075 143107 10020 133087 2180 3636 3061 896 2165 573 1592 555 575
is_linear=0
shrinkage=0.02


Tree=198
num_leaves=28
num_cat=0
split_feature=69 44 53 47 59 43 53 6 45 38 42 43 54 45 48 53 44 6 14 16 0 48 47 45 26 59 59
split_gain=11.1881 32.1875 43.5778 52.072 60.0407 39.935 36.894 34.0292 32.3587 31.2514 26.9791 46.7904 47.7435 72.3006 44.4528 31.9506 35.2227 29.6791 29.26 25.5928 20.4812 18.7162 29.2646 25.068 14.758 11.3342 9.49554
threshold=-0.016548956142339307 0.16428337884866476 0.020587867958909118 -0.15327845528716069 0.2543290854572714 0.0069615338406655578 0.013073887856886781 0.012900287769277031 0.0044644464611294701 1.5277937895728757 0.0082459995045206531 0.016991671799924449 0.43507755479464671 0.0047898568642058053 -0.0024302623127686047 0.013252763646351392 -0.0035055867806862979 0.0085078298297760757 -0.15763272526029501 -0.021777757245453163 -0.00076329664344870752 -0.0012938197022201445 -0.017806276476703627 0.0087471497494089837 1.1036222686378474 0.21812477224044302 0.05448678423151232
decision_type=10 10 10 10 10 10 10 10 10 10 8 8 8 10 10 10 8 10 8 8 10 10 10 10 10 10 10
left_child=10 2 6 9 -5 -3 8 -8 -2 -4 14 12 13 -12 15 18 -17 26 -1 -14 -19 22 -13 -23 25 -7 -16
right_child=1 5 3 4 -6 24 7 -9 -10 -11 11 21 19 -15 17 16 -18 20 -20 -21 -22 23 -24 -25 -26 -27 -28
leaf_value=0.0041638795921984332 0.00050648713996601937 -0.0025137004068639759 0.003875019027877308 -0.0043151371201924265 -0.0011020866692405913 0.0058022075692105062 0.001078012446513186 0.00016684512383648918 -0.00079897624842503875 -0.001303774882087433 -0.0015563966404330758 0.00033125165700362421 0.0020188760257953504 0.0043961592451803163 -0.00011577401901402093 0.00038210195703503882 -0.001232933788020881 -0.00081872131247568921 0.00011498602870920901 -0.00030074614613466981 -0.0031506592428788213 0.00050979578225617982 -0.001162929996432725 -0.0017064113461245803 0.0060746648779314173 0.0011539520059634339 0.0035695873883958215
leaf_weight=1255 8015 380 735 930 2028 203 14644 29568 13547 663 846 5685 3152 2489 208 7138 15757 1521 14825 5287 2513 13623 10667 1699 372 322 212
leaf_count=1255 8015 380 735 930 2028 203 14644 29568 13547 663 846 5685 3152 2489 208 7138 15757 1521 14825 5287 2513 13623 10667 1699 372 322 212
internal_value=7.45491e-07 0.000186226 0.000128873 -0.00180812 -0.00331125 0.00333177 0.00025721 0.000588017 -0.000420999 0.00137098 -0.000151684 0.000200649 0.00127711 0.00330276 -0.000504214 -0.000287818 -0.000767732 -0.00239686 0.000395373 0.000476066 -0.00292392 -0.000199463 -0.000670091 0.000302682 0.00563252 0.00345627 0.00265558
internal_weight=158284 71407 70130 4356 2958 1277 65774 44212 21562 1398 86877 43448 11774 3335 43429 38975 22895 4454 16080 8439 4034 31674 16352 15322 897 525 420
internal_count=158284 71407 70130 4356 2958 1277 65774 44212 21562 1398 86877 43448 11774 3335 43429 38975 22895 4454 16080 8439 4034 31674 16352 15322 897 525 420
is_linear=0
shrinkage=0.02


Tree=199
num_leaves=15
num_cat=0
split_feature=32 46 32 74 38 78 34 54 14 18 42 51 42 17
split_gain=10.327 13.513 27.7961 12.0354 11.32 17.3928 10.4954 12.8671 47.6894 11.9791 11.2652 15.0471 13.5577 10.0052
threshold=-0.41652676295783864 0.03709626144380785 -0.065985376431772144 -1.1990656153146981 0.72508656823035234 -0.048833161673263265 -0.00020569820466724567 0.68686325633828671 -0.084004201081990401 60.505910870226735 0.0059133690802873904 0.63443242803707933 0.012698999891165965 1.1130158911005827
decision_type=8 10 10 10 10 8 10 10 10 10 10 2 10 2
left_child=3 6 4 -1 5 -3 10 9 -9 -8 11 -2 -12 -6
right_child=1 2 -4 -5 13 -7 7 8 -10 -11 12 -13 -14 -15
leaf_value=0.0068737105916943202 0.00033917342854584146 -0.0007565233888122278 -0.0046297309544181143 0.00018218691655153926 -0.0031079706642230466 0.003617523210874842 -0.00018350353769880134 -0.00096999412445870068 0.0019388964809107935 0.00013300246961788664 0.0025504709201502602 -0.0042013768931844064 0.00054157356289574006 0.00055514902034200174
leaf_weight=263 5283 636 375 336 424 330 87444 2919 3715 50752 1527 429 3444 201
leaf_count=263 5283 636 375 336 424 330 87444 2919 3715 50752 1527 429 3444 201
internal_value=1.1121e-05 1.1303e-06 -0.00164616 0.00263 -0.000488693 0.000866598 2.19787e-05 -2.26333e-05 0.000837679 -6.39522e-05 0.000626919 2.06546e-05 0.00132301 -0.00258466
internal_weight=158078 157479 1966 599 1591 966 155513 144830 6634 138196 10683 5712 4971 625
internal_count=158078 157479 1966 599 1591 966 155513 144830 6634 138196 10683 5712 4971 625
is_linear=0
shrinkage=0.02


end of trees

feature_importances:
spy_return_60d=328
return_dispersion_20d=226
spy_vol_60d=224
spy_vol_20d=192
vol_60d=174
spy_price_to_sma_50d=168
avg_corr_to_spy_60d=162
spy_return_20d=134
spy_return_5d=121
spy_return_10d=117
breadth_above_sma_50d=111
momentum_120d=104
cs_rank_momentum_120d=104
spy_drawdown_120d=101
beta_60d_spy=99
cs_z_momentum_120d=91
mom_60_20_divergence=86
beta_20d_spy=80
cs_z_vol_20d=80
spy_price_to_sma_20d=77
return_60d=71
cs_z_beta_60d_spy=68
vol_20d=66
downside_vol_20d=62
breadth_above_sma_20d=58
relative_momentum_20d_vs_spy=57
rsi_14=56
cs_rank_vol_60d=55
vol_compression=54
return_1d=52
distance_to_60d_high=47
spy_drawdown_60d=47
residual_momentum_60d=46
beta_instability=44
cs_rank_beta_60d_spy=43
excess_return_5d_vs_spy=41
cs_z_vol_compression=41
cs_rank_distance_to_60d_high=40
cs_z_vol_60d=40
excess_return_20d_vs_spy=39
upside_vol_20d=37
price_to_sma_50d=37
bollinger_z_20d=34
trend_strength=34
macd_hist=32
mom_beta_adjusted=31
mom_vol_ratio=29
cs_z_distance_to_60d_high=29
downside_ratio=28
excess_return_60d_vs_spy=27
cs_rank_vol_compression=27
cs_rank_vol_20d=26
distance_to_20d_high=25
cs_z_momentum_60d=25
mom_divergence=23
volume_zscore_60d=22
volume_zscore_20d=19
drawdown_reversal_setup=19
price_to_sma_20d=18
dollar_volume_ratio_20d=18
cs_z_momentum_20d=16
cs_rank_momentum_60d=15
return_10d=13
momentum_60d=13
residual_momentum_20d=12
cs_z_residual_momentum_20d=12
return_5d=11
cs_rank_volume_zscore_60d=11
short_reversal_5d=10
cs_rank_residual_momentum_20d=9
return_20d=8
cs_z_excess_return_60d_vs_spy=8
cs_z_volume_zscore_60d=8
cs_z_excess_return_20d_vs_spy=7
cs_rank_momentum_20d=5
momentum_20d=3
momentum_5d=2
cs_rank_excess_return_20d_vs_spy=2
cs_rank_excess_return_60d_vs_spy=2

parameters:
[boosting: gbdt]
[objective: regression_l1]
[metric: l1]
[tree_learner: serial]
[device_type: cpu]
[data_sample_strategy: bagging]
[data: ]
[valid: ]
[num_iterations: 200]
[learning_rate: 0.02]
[num_leaves: 31]
[num_threads: 0]
[seed: 17]
[deterministic: 0]
[force_col_wise: 0]
[force_row_wise: 0]
[histogram_pool_size: -1]
[max_depth: 5]
[min_data_in_leaf: 200]
[min_sum_hessian_in_leaf: 0.001]
[bagging_fraction: 0.8]
[pos_bagging_fraction: 1]
[neg_bagging_fraction: 1]
[bagging_freq: 1]
[bagging_seed: 17]
[bagging_by_query: 0]
[feature_fraction: 0.75]
[feature_fraction_bynode: 1]
[feature_fraction_seed: 17]
[extra_trees: 0]
[extra_seed: 13015]
[early_stopping_round: 0]
[early_stopping_min_delta: 0]
[first_metric_only: 0]
[max_delta_step: 0]
[lambda_l1: 0.1]
[lambda_l2: 1]
[linear_lambda: 0]
[min_gain_to_split: 0]
[drop_rate: 0.1]
[max_drop: 50]
[skip_drop: 0.5]
[xgboost_dart_mode: 0]
[uniform_drop: 0]
[drop_seed: 30017]
[top_rate: 0.2]
[other_rate: 0.1]
[min_data_per_group: 100]
[max_cat_threshold: 32]
[cat_l2: 10]
[cat_smooth: 10]
[max_cat_to_onehot: 4]
[top_k: 20]
[monotone_constraints: ]
[monotone_constraints_method: basic]
[monotone_penalty: 0]
[feature_contri: ]
[forcedsplits_filename: ]
[refit_decay_rate: 0.9]
[cegb_tradeoff: 1]
[cegb_penalty_split: 0]
[cegb_penalty_feature_lazy: ]
[cegb_penalty_feature_coupled: ]
[path_smooth: 0]
[interaction_constraints: ]
[verbosity: -1]
[saved_feature_importance_type: 0]
[use_quantized_grad: 0]
[num_grad_quant_bins: 4]
[quant_train_renew_leaf: 0]
[stochastic_rounding: 1]
[linear_tree: 0]
[max_bin: 255]
[max_bin_by_feature: ]
[min_data_in_bin: 3]
[bin_construct_sample_cnt: 200000]
[data_random_seed: 94]
[is_enable_sparse: 1]
[enable_bundle: 1]
[use_missing: 1]
[zero_as_missing: 0]
[feature_pre_filter: 1]
[pre_partition: 0]
[two_round: 0]
[header: 0]
[label_column: ]
[weight_column: ]
[group_column: ]
[ignore_column: ]
[categorical_feature: ]
[forcedbins_filename: ]
[precise_float_parser: 0]
[parser_config_file: ]
[objective_seed: 20363]
[num_class: 1]
[is_unbalance: 0]
[scale_pos_weight: 1]
[sigmoid: 1]
[boost_from_average: 1]
[reg_sqrt: 0]
[alpha: 0.9]
[fair_c: 1]
[poisson_max_delta_step: 0.7]
[tweedie_variance_power: 1.5]
[lambdarank_truncation_level: 30]
[lambdarank_norm: 1]
[label_gain: ]
[lambdarank_position_bias_regularization: 0]
[eval_at: ]
[multi_error_top_k: 1]
[auc_mu_weights: ]
[num_machines: 1]
[local_listen_port: 12400]
[time_out: 120]
[machine_list_filename: ]
[machines: ]
[gpu_platform_id: -1]
[gpu_device_id: -1]
[gpu_use_dp: 0]
[num_gpu: 1]

end of parameters

pandas_categorical:[]
