tree
version=v4
num_class=1
num_tree_per_iteration=1
label_index=0
max_feature_idx=78
objective=lambdarank
feature_names=return_1d return_5d return_10d return_20d return_60d vol_20d vol_60d downside_vol_20d upside_vol_20d beta_20d_spy beta_60d_spy momentum_5d momentum_20d momentum_60d momentum_120d price_to_sma_20d price_to_sma_50d macd_hist rsi_14 bollinger_z_20d excess_return_5d_vs_spy excess_return_20d_vs_spy excess_return_60d_vs_spy relative_momentum_20d_vs_spy volume_zscore_20d volume_zscore_60d dollar_volume_ratio_20d distance_to_20d_high distance_to_60d_high mom_vol_ratio downside_ratio mom_divergence mom_60_20_divergence mom_beta_adjusted trend_strength residual_momentum_20d residual_momentum_60d beta_instability vol_compression short_reversal_5d drawdown_reversal_setup spy_return_5d spy_return_10d spy_return_20d spy_return_60d spy_vol_20d spy_vol_60d spy_drawdown_60d spy_drawdown_120d spy_price_to_sma_20d spy_price_to_sma_50d breadth_above_sma_20d breadth_above_sma_50d return_dispersion_20d avg_corr_to_spy_60d cs_rank_momentum_20d cs_rank_momentum_60d cs_rank_momentum_120d cs_rank_vol_20d cs_rank_vol_60d cs_rank_beta_60d_spy cs_rank_excess_return_20d_vs_spy cs_rank_excess_return_60d_vs_spy cs_rank_distance_to_60d_high cs_rank_volume_zscore_60d cs_rank_residual_momentum_20d cs_rank_vol_compression cs_z_momentum_20d cs_z_momentum_60d cs_z_momentum_120d cs_z_vol_20d cs_z_vol_60d cs_z_beta_60d_spy cs_z_excess_return_20d_vs_spy cs_z_excess_return_60d_vs_spy cs_z_distance_to_60d_high cs_z_volume_zscore_60d cs_z_residual_momentum_20d cs_z_vol_compression
feature_infos=[-0.43452086002130341:0.52290083351866889] [-0.61014506677948988:0.88260863646066867] [-0.76666676001584633:1.0566037219206561] [-0.82992959300040647:1.6011328544898928] [-0.85304846129940903:3.1843460360789875] [0:0.22421856826873654] [0:0.15098313757298154] [0:0.14329582689483941] [0:0.16337928506217941] [-13.695336652051001:20.575017736493713] [-4.0150354444359371:4.8863145846586109] [-0.61014506677948988:0.88260863646066867] [-0.82992959300040647:1.6011328544898928] [-0.85304846129940903:3.1843460360789875] [-0.83371666889775953:3.8670393633078328] [-0.69421675406925953:0.66131114246219425] [-0.79930209060374013:0.90110325101678534] [-132.53715276993574:80.364006761272208] [0:99.861064002984776] [-4.3588989435360253:4.3588989435401295] [-0.61785361460716337:0.89255894908746558] [-0.76226697825859691:1.4709262498516809] [-0.82325003413577813:2.9093509651538785] [-0.77334034633993176:1.3346613418224949] [-3.1806480089076725:4.3588989435406811] [-3.1101259120259019:7.6809377036926092] [0:20] [-0.81943929527332759:0] [-0.85817267691977117:0] [-18.434174057089137:32.856663781858032] [0:1.0000000000000919] [-1.3570371140447641:1.3461282104399377] [-2.0207635762504927:2.8009776406464884] [-4255.054879795227:293369.5094455303] [-0.10473653747653534:1.0402577970351286] [-0.74485383155652252:1.5881203998579891] [-0.82942588607499323:2.9338451054121673] [-14.199209155084294:17.446023411371137] [0:1.7062871113350522] [-0.88260863646066867:0.61014506677948988] [-0.64546696202342024:0.50171151574494388] [-0.14545744126113069:0.10760484201185005] [-0.22629779601085409:0.13822803980490006] [-0.30986743390721494:0.19880861742569533] [-0.28352709652536146:0.274995070925109] [0.0021730407002129165:0.057214741816212382] [0.0032232706999609892:0.038130971872760974] [-0.31978062336214919:0] [-0.31978062336214919:0] [-0.18100567109799204:0.10411800047981856] [-0.25990193283892948:0.1238681533580317] [0:0.98360655737704916] [0:0.96926229508196726] [0.0098679514967273917:0.048661982904750399] [0.24488979150676321:0.82571615686883615] [0.0020161290322580645:1] [0.0020161290322580645:1] [0.0020202020202020202:1] [0.0020161290322580645:1] [0.0020161290322580645:1] [0.0020161290322580645:1] [0.0020161290322580645:1] [0.0020161290322580645:1] [0.0020161290322580645:1] [0.0020161290322580645:1] [0.0020161290322580645:1] [0.0020161290322580645:1] [-10.036419993502314:15.738428657944262] [-8.1746387955449009:16.457532946110788] [-5.9157241416999637:14.200214981033803] [-2.7783768299596447:17.573692674142993] [-2.978287472938431:14.693670716098037] [-6.3973639442257371:8.9620875419638821] [-10.036419993502314:15.738428657944262] [-8.1746387955449009:16.457532946110788] [-11.877286334415963:2.8116906550125513] [-3.695230169623156:12.409992861481406] [-10.270567983075658:16.015437511423954] [-7.1400431277203094:5.6178337822902611]
tree_sizes=3565 3547 3544 3514 3544 3545 3549 3565 3566 3537 3538 3535 3513 3559 3561 3539 3564 3541 3544 3571 3571 3556 3578 3562 3576 3584 3577 3573 3582 3564 3578 3556 3560 3558 3589 3563 3564 3555 3573 3578 3584 3581 3550 3572 3556 3587 3550 3587 3576 3602 3581 3559 3548 3589 3587 3560 3542 3590 3572 3523 3532 3557 3577 3558 3573 3580 3556 3546 3589 3563 3591 3558 3577 3552

Tree=0
num_leaves=31
num_cat=0
split_feature=71 71 67 72 51 58 75 57 36 32 46 63 45 67 8 24 20 46 46 66 55 48 20 2 4 46 48 40 2 53
split_gain=41.0406 8.14723 5.12672 3.13155 4.50313 4.90193 3.39862 3.29953 2.86699 2.77525 2.52862 2.25666 2.30937 1.92253 1.90425 1.79597 1.81921 1.60751 2.06615 1.58908 1.579 1.54901 1.43394 1.33089 1.28551 1.86057 1.23144 1.1751 1.15734 1.1534
threshold=0.061009388004836899 0.9843585577274826 0.46129666505434436 0.78565352204581196 0.65005488523587174 0.4764891720413193 0.48622657504129524 0.81643519151379296 -0.064283408949734486 0.24272098452544458 0.011835859465318926 0.45859229235025417 0.017937755590757574 -0.88141532244818543 0.0051658288380343502 0.27006996103170394 -0.0020731606671393617 0.010137807182902577 0.0071574059169649948 0.98565567747109939 0.89028225489425283 -0.0048001306608457242 -0.010004775828791888 -0.043442553879495853 -0.15692505262490833 0.015272799414690232 -0.00024511498419860217 0.00037583829829117993 -0.022526019033607011 0.013617060730033111
decision_type=10 10 10 8 2 10 10 10 8 8 10 10 10 10 10 10 10 10 10 10 10 10 10 10 10 10 8 10 10 10
left_child=2 13 3 7 5 6 -5 11 -6 10 17 21 -13 -2 -10 16 -9 18 -4 24 -19 -1 27 -7 -3 29 -11 -15 -17 -26
right_child=1 19 9 4 8 23 -8 15 14 26 -12 12 -14 22 -16 28 -18 20 -20 -21 -22 -23 -24 -25 25 -27 -28 -29 -30 -31
leaf_value=-0.00013084974019712196 0.010347275366572371 0.022487954042335331 -0.0057408576950959325 -5.8109039063876952e-05 0.026029497953220283 0 0.026879311288721702 -0.0083186188165871693 0.021512868145359226 0.016486344318133797 -0.019049396277867944 -0.0076411425354781064 0.0072408100814517363 0.014812001812223566 0.00031243509341667621 -0.0025430316930739518 0.0050320707959275101 -0.0057239937467246276 -0.01406773498084447 0 0.014106368976042994 -0.0058319433391982008 0.001485426388509586 -0.018285839151195294 0.018015697669706853 -0.0091297797976064854 -0.0028285421540500864 0.004433659333210666 0.014161511769860968 0.010684476902550663
leaf_weight=115.91094415925909 44.903030063200276 20.968374359421432 69.233246939664241 17.59243315237109 8.1614123029867169 4.8301126967999179 4.4529065206297664 15.485457111615686 4.0381936458870831 4.2014061338850297 23.168719984416384 190.57093390473165 8.8997742881765571 13.785927974036893 17.065206923289225 4.1694779642857638 19.617862853338011 8.9183133011683804 47.932843509421218 6.1617744361865325 4.6444983234396195 68.195776046253741 120.45693429379025 14.511892900103701 43.145208696951158 2.396200591698288 5.893792294780722 38.176080345874652 14.647049558581783 54.257412975071929
leaf_count=18959 7144 3077 9897 2688 584 761 253 2283 384 418 3970 30348 1324 2031 1967 571 2756 1499 7959 1001 599 11839 20108 1582 6492 475 1010 6211 1832 8217
internal_value=1.43407e-05 0.0084265 -0.00429577 -0.00278857 0.00301639 -0.00328792 0.00618303 -0.0037376 0.0118453 -0.00890262 -0.00991056 -0.00471682 -0.00692938 0.00484188 0.00529467 0.00313282 -0.000841631 -0.00813582 -0.00926301 0.0144546 0.00136313 -0.00227892 0.00333942 -0.0140034 0.0152071 0.0134396 0.00570092 0.00747144 0.0103671 0.0141125
internal_weight=1016.39 344.251 672.142 508.149 70.6522 41.3873 22.0453 437.497 29.2648 163.993 153.898 383.577 199.471 217.322 21.1034 53.9198 35.1033 130.729 117.166 126.929 13.5628 184.107 172.419 19.342 120.767 99.7988 10.0952 51.962 18.8165 97.4026
internal_count=158239 54756 103483 78131 8219 5284 2941 69912 2935 25352 23924 62470 31672 35494 2351 7442 5039 19954 17856 19262 2098 30798 28350 2343 18261 15184 1428 8242 2403 14709
is_linear=0
shrinkage=0.03


Tree=1
num_leaves=31
num_cat=0
split_feature=59 72 4 14 53 44 36 59 9 57 76 53 53 49 75 9 19 15 52 4 57 30 55 53 42 22 70 56 66 59
split_gain=180.848 16.0426 12.6815 11.703 11.1722 8.49216 6.93974 6.65504 6.60837 5.85072 5.2341 5.01738 4.77486 4.76446 6.03632 4.91216 4.71805 4.43511 4.28451 5.96899 3.87875 3.79113 3.56295 4.19418 4.36204 3.46009 5.30875 3.4003 3.19637 3.46619
threshold=0.87066310274021108 0.78565352204581196 0.39506149335626056 -0.30180256036345432 0.019858297474099552 0.085218821842120943 -0.21255983919808699 0.46865087613074641 1.5620728772673751 0.81236893588024539 0.24661945956961079 0.017341717015727794 0.020587870294827216 0.011634008440668532 0.35357756619261066 0.59978118532949332 -1.6307462147244836 -0.065867328173772097 0.22103004291845499 -0.13142572507020364 0.93262013729977122 0.53266671400817522 0.67492267975359777 0.024132712610863215 0.031861202967666598 -0.027914243991523865 -0.41697011980339233 0.43538074712643687 0.90122212266029489 0.64645408055449904
decision_type=10 8 10 8 10 10 10 10 10 10 10 10 10 8 8 10 10 10 2 10 10 10 10 10 10 8 10 8 10 10
left_child=1 2 4 6 7 17 16 9 18 -1 13 -8 -7 15 21 -3 -2 -6 19 -5 -4 -15 -10 24 -24 28 -27 -28 29 -12
right_child=3 10 20 8 5 12 11 -9 22 -11 25 -13 -14 14 -16 -17 -18 -19 -20 -21 -22 -23 23 -25 -26 26 27 -29 -30 -31
leaf_value=-0.013856220305236816 0.0071862111447088253 0.015087081693255518 -0.00037543302984404851 -0.024117966463193887 -0.0027682792751762058 -0.025052944623993205 0.01831193973730854 -0.0060862169168444105 0.015232769982331985 -0.0047338315294558975 -0.027044414174575437 -0.0055484579448073891 0.0011657578791611203 0 -0.0028528811918107854 -0.0061286441735965251 0.027156457757185625 -0.033128944621742741 0.0074188778795778428 0.011327621761841124 0.023712380347060854 0.014336340303591396 0.0082844040992224345 0.029245503947628107 -0.013778863798517126 0.014687664421156432 0.010290227498095054 -0.01524204309775899 0.0046699846815326683 -0.0053248193588168562
leaf_weight=314.82998586690519 13.901885821018366 9.7015741800423694 11.467915081186222 8.4641728389542532 5.3077072969172141 8.4156146734021622 15.593305043177681 314.19064708065707 200.10968575498555 82.214036248973571 18.964254207792695 14.237577103776855 17.769263224909082 24.660889125661924 66.243663605535403 116.18749492184725 74.909249206772074 39.558424742193893 312.70952161611058 6.8475620835088185 11.057907365960999 48.501818624790758 90.204997676890343 7.0332527036080128 7.8525686473585656 10.343951225047929 5.1058784350752857 20.376493046875112 5.2449404981452963 11.345275226514785
leaf_count=54719 180 576 455 162 844 1124 319 40623 4862 9149 556 450 1890 1043 5395 8883 900 6304 9180 270 304 1679 3079 196 381 303 339 2383 271 1404
internal_value=-9.75498e-05 -0.00762163 -0.00992085 0.0113166 -0.0105652 -0.0219029 0.0199832 -0.00939922 0.00965909 -0.0119915 -0.00210346 0.00701603 -0.00776198 -0.000140514 0.00365601 -0.00436401 0.0241787 -0.0297413 0.00665006 -0.00835977 0.011827 0.0095488 0.012851 0.00818673 0.006366 -0.00925478 -0.00245407 -0.0098175 -0.0157708 -0.01944
internal_weight=1893.35 1141.49 804.812 751.864 782.286 71.051 118.642 711.235 633.222 397.044 336.676 29.8309 26.1849 265.295 139.406 125.889 88.8111 44.8661 328.021 15.3117 22.5258 73.1627 305.201 105.091 98.0576 71.3808 35.8263 25.4824 35.5545 30.3095
internal_count=158223 138244 115412 19979 114653 10162 1849 104491 18130 63868 22832 769 3014 17576 8117 9459 1080 7148 9612 432 759 2722 8518 3656 3460 5256 3025 2722 2231 1960
is_linear=0
shrinkage=0.03


Tree=2
num_leaves=31
num_cat=0
split_feature=59 59 4 60 14 59 53 49 57 14 67 62 59 28 57 66 67 53 26 9 52 42 42 62 17 51 8 71 60 26
split_gain=232.741 28.5976 19.7173 19.3941 10.9179 8.4275 7.37052 6.78477 6.56199 6.25473 6.14416 5.48633 7.72558 5.53845 5.39687 5.23733 5.02673 4.39687 4.34605 3.93486 3.84926 7.25014 5.96929 3.7401 3.49427 3.40423 3.32725 3.03433 2.87666 2.69033
threshold=0.8551968087450964 0.95557904627672086 0.39506149335626056 0.8281247965415317 -0.35275345043080281 0.52807788475891937 0.019656345392460046 0.013826580091999554 0.0085745007398149112 0.11494757531577239 0.31701510065236072 0.0043243293783250597 0.94397445986550299 -0.19410509796137451 0.94397445986550299 0.056876337184424482 -0.49994236706861245 0.011079521200423185 1.2534033064015349 1.618572062425214 0.23099646237003255 -0.014417241828652004 -0.018482152589615549 0.025130917607431389 -0.1382252007747288 0.16188524590163936 0.0064758125514569045 1.9988881638273834 0.94050188118250755 0.82465768330252842
decision_type=8 10 8 10 8 10 10 10 10 8 8 10 8 10 8 10 10 10 10 8 2 10 10 8 2 2 10 8 10 10
left_child=2 10 3 6 8 9 20 -7 -3 -5 11 12 -2 24 -15 26 -9 -17 -4 -10 22 -22 -1 -12 -13 -8 -6 -14 -19 -28
right_child=1 4 18 5 15 7 25 16 19 -11 23 13 27 14 -16 17 -18 28 -20 -21 21 -23 -24 -25 -26 -27 29 -29 -30 -31
leaf_value=-0.010875521909731026 -0.026994474051864153 0.031609281268241252 0.0015327803493237527 0.023536534081635023 -0.010846733414602466 -0.013265757124887997 -0.0023763937774291754 0.0099177591339030188 0.025350094304628097 -0.0054885005963204569 -0.024073588378221912 0.0065966653340211153 0.029822592880268801 0.0043496500365789387 0.016753716795947882 -0.0009241016455036954 -0.0075481794514467015 0.011895691086991117 0.024204311162788202 0.0021639118269740519 -0.022940099048046819 -0.012931013487778762 0.018146068330305552 0.0017197111789004336 0.018200477599043519 -0.027173882407408194 -0.0010938492237817185 0.00089510179230750946 0.018883334938374158 0.01369370895916522
leaf_weight=23.209559882292528 8.0864891079254431 56.431502667721361 18.182121122954417 16.104616763885133 9.1361688964534533 58.090774202952161 5.9786744636949143 28.655298133497126 11.256509689614175 10.210292701027358 4.2003274802118531 37.552443965338171 2.6564958202652651 206.98191197542474 36.916601943550631 13.997015422675757 28.590633919578977 101.19334184995387 12.676045093685387 15.373676177579911 78.360375724965706 476.75155687378719 7.6407623890554524 176.3250081052538 74.547623979859054 55.63761829060968 17.111480629537255 33.615363064571284 145.95037985919043 28.000439301598817
leaf_count=4053 97 367 645 675 211 8357 915 1067 114 787 84 797 15 6151 881 243 3010 2327 274 265 14073 85295 1172 8963 1183 10513 420 2355 2422 603
internal_value=-2.68646e-06 0.00986431 -0.011787 -0.0127109 0.016051 -0.00260824 -0.0149087 -0.00612984 0.0257847 0.0123762 0.00559515 0.0076639 -0.00218823 0.00890259 0.00630013 0.0134047 0.00116332 0.0151702 0.0114075 0.012636 -0.0138132 -0.014388 -0.00324944 0.000973733 0.0144325 -0.0248921 0.00473081 0.00383749 0.0160938 0.00811747
internal_weight=1799.42 979.333 820.088 789.23 398.451 141.652 647.579 115.337 83.0617 26.3149 580.882 400.357 44.3583 355.999 243.899 315.389 57.2459 261.141 30.8582 26.6302 585.962 555.112 30.8503 180.525 112.1 61.6163 54.2481 36.2719 247.144 45.1119
internal_count=158334 27498 130836 129917 6972 13896 116021 12434 746 1462 20526 11479 2467 9012 7032 6226 4077 4992 919 379 104593 99368 5225 9047 1980 11428 1234 2370 4749 1023
is_linear=0
shrinkage=0.03


Tree=3
num_leaves=31
num_cat=0
split_feature=59 59 13 60 23 14 17 46 71 60 7 49 28 46 44 52 42 69 44 14 30 50 67 44 44 57 66 44 77 56
split_gain=281.006 29.9769 20.1175 17.9965 12.2097 11.8248 11.1407 8.1313 7.17057 6.73748 9.28683 6.13621 5.57909 5.00082 4.71249 5.53539 5.45005 4.43042 4.14193 4.04925 3.53772 4.18911 3.43667 3.42103 3.31532 3.77549 2.9121 6.49337 2.66206 2.49093
threshold=0.87066310274021108 0.95557904627672086 0.39506149335626056 0.8281247965415317 0.03130088629009687 -0.324590670276176 -0.1707313084546172 0.034133759215293408 -0.16046543182870251 0.94050188118250755 0.0094194857844852545 0.013826580091999554 -0.19869177795460255 0.0077991160663155893 0.074697451810853868 0.23099646237003255 -0.0077880810674160741 1.1448125328014422 -0.026640091616184355 0.11342699146112879 0.67026228105180763 0.025180757135837232 -0.26074969881752819 0.066036153179402937 0.13674078439613904 0.93659018491376889 0.42741110891219741 0.016488936180627859 0.53420640872048741 0.98960494467496563
decision_type=8 10 10 8 8 8 2 10 10 10 10 10 8 10 10 2 10 10 10 8 10 10 10 8 10 8 10 8 10 10
left_child=2 4 3 7 12 6 -3 14 13 -7 -11 -10 20 19 15 -1 -16 28 -12 -5 23 -22 -13 -2 29 -26 -8 -28 -14 -4
right_child=1 5 24 8 -6 9 26 -9 11 10 18 22 17 -15 16 -17 -18 -19 -20 -21 21 -23 -24 -25 25 -27 27 -29 -30 -31
leaf_value=-0.0054627532567845284 0.022882474721955502 0.0047508685147837149 -0.0095295341271656054 0.01825713868950778 -0.0034197401622968406 0.0076649686451770232 0.033882604036313255 -0.038104077599574758 -0.015816115941730786 -0.0021172672861043372 0.0029296895644458296 0.0046159353627940923 0.00276250356349094 -0.015975066445435372 -0.029117817827334858 -0.018286885546728016 -0.0083220741975610826 0.013549598993397291 0.019473678371236779 -0.010365145091861769 0.012580515632378043 -0.0069609888360745503 -0.011321530749752947 0.0035395848916422255 -0.0013000992045567115 0.028827312846921242 0.030801478349933815 0.0073958205346667553 0.017776353222511601 0.013863199358115481
leaf_weight=34.411534402286634 43.932392571587116 22.390294456621632 9.1982404687441903 22.472470423323102 106.20891698403284 127.66155501455069 52.567846303805709 15.118248690036124 48.80907981924247 21.64455098262988 15.511368777370079 33.578194379457273 194.614541339688 5.6191255453741169 12.093564518028868 435.61856417893432 112.93349494109862 50.374388965312392 196.22635946050286 4.6539553230395567 39.565616900799796 12.115417863475157 17.750704439240508 11.042761882301418 5.1457692035473857 10.5302631536033 28.465569581370801 18.586786315310746 10.411247476469724 5.8459834461100391
leaf_count=5871 671 236 341 591 7557 3177 316 3064 8946 426 268 1505 7448 434 2330 83676 22303 947 2152 640 714 219 2835 190 366 125 235 150 340 153
internal_value=0 0.0109159 -0.0134149 -0.0144017 0.00547993 0.0161571 0.0242872 -0.0165802 -0.00432665 0.0133419 0.0163884 -0.00831005 0.00810114 0.00765123 -0.0159653 -0.017368 -0.0105725 0.00563704 0.0182953 0.013046 0.0138667 0.00789734 -0.000949303 0.0191833 0.0100604 0.019273 0.0285575 0.0219644 0.00362205 0
internal_weight=1725.1 951.32 773.779 743.059 468.265 483.054 122.01 610.175 132.884 361.044 233.382 100.138 362.056 32.7456 595.057 470.03 125.027 255.4 211.738 27.1264 106.656 51.681 51.3289 54.9752 30.7203 15.676 99.6202 47.0524 205.026 15.0442
internal_count=158226 25046 133180 132195 18086 6960 937 117244 14951 6023 2846 13286 10529 1665 114180 89547 24633 8735 2420 1231 1794 933 4340 861 985 491 701 385 7788 494
is_linear=0
shrinkage=0.03


Tree=4
num_leaves=31
num_cat=0
split_feature=71 69 4 71 60 53 21 60 29 49 29 28 37 37 16 3 50 71 45 53 42 54 58 3 29 69 54 48 54 69
split_gain=252.506 28.5555 19.8022 14.5982 13.0281 8.54964 7.43725 6.95112 5.91226 5.53906 5.24635 6.9936 5.87075 5.13599 4.96482 4.82494 4.74904 4.43848 3.97133 3.88913 3.82795 3.70993 3.51878 3.2639 3.20653 3.17634 3.16147 3.08177 2.52047 2.01159
threshold=0.89891225058108981 -2.1360657191067025 0.39506149335626056 1.762121107196345 0.8281247965415317 0.019656345392460046 0.033678642021406253 0.94050188118250755 2.5061272499360787 0.011634008440668532 -5.8290547904886347 -0.34755537644168644 0.17605640816746229 0.19566574663586483 0.037871035615775768 0.11853334589136878 0.02745269468262657 -0.16046543182870251 0.018619033743462497 0.016926753424887551 0.03085155664174211 0.56523834714899612 0.29022106436431838 -0.01032218281142344 2.8115786651760692 1.6493751801400169 0.81184733313860014 -0.022927011131925908 0.43507809265933584 1.2303995737756097
decision_type=8 8 10 10 10 10 10 10 10 10 10 10 10 10 10 10 10 10 10 10 10 10 10 10 10 8 10 10 10 8
left_child=2 10 4 6 5 18 13 21 20 22 -2 -12 16 24 17 -10 -13 -11 19 -1 -9 25 -6 -14 -3 -5 28 -15 -7 -4
right_child=1 3 29 7 9 26 -8 8 15 14 11 12 23 27 -16 -17 -18 -19 -20 -21 -22 -23 -24 -25 -26 -27 -28 -29 -30 -31
leaf_value=-0.016363487133011174 0.0073257524377770226 0.00087280543107291027 -0.0032710107704403816 -2.7997153923380833e-05 0.0077914555988210406 -0.0074230081986708923 -0.0058170644692596279 0.018894401720976409 -0.006085797521372149 0.018848708220396446 0.034984789811469193 0.030633289129183592 0.016407028521669521 0.017490201548297172 -0.012248309291578888 0.011698583262044687 0.010299582393855256 -0.00046377004686332281 0.0046352711222621169 -0.008343594106318809 0.0033749579693246284 0.013559564579708108 -0.015043872346371227 -0.001950894512333361 0.012980934390666519 0.010524899611421676 0.0087893822691039111 0.0065667885724862108 -0.031239618883560336 0.016682934467693068
leaf_weight=452.84818502573762 20.585899121360853 165.40873642842053 5.1535816546529531 74.254851693287492 6.1172198473941526 5.5348845986882216 64.345249046222307 168.34606262249872 17.841811810387298 14.561001795111222 39.898286927957088 40.48470415151678 20.006929586175829 37.793861630721949 18.608134243753739 49.87669254723005 16.277410851791501 33.29507533099968 8.4580022816080582 67.48225126019679 16.679692553821951 48.176205672323704 48.338379719643854 14.113318982068447 21.495684082154185 37.780043601291254 1.5230758714023966 67.124972839141265 47.054600191651843 19.642858562059704
leaf_count=89937 212 7860 481 1993 369 1173 5651 1889 397 290 227 374 229 986 2896 877 178 2456 1455 13593 218 1188 8409 182 837 878 308 1926 9931 435
internal_value=-0.000263185 0.0101744 -0.0134494 0.00780491 -0.0143826 -0.0162436 0.003329 0.0116407 0.0147506 -0.00532771 0.0220645 0.0242885 0.0192305 0.00536888 0.00046296 0.0069489 0.0251335 0.00561649 -0.0150137 -0.0153471 0.0175371 0.00665498 -0.0123303 0.0088888 0.00234299 0.00356571 -0.0277167 0.0106579 -0.0289743 0.0124535
internal_weight=1649.11 920.49 728.617 769.124 703.821 582.901 356.169 412.955 252.744 120.92 151.367 130.781 90.8824 291.823 66.4642 67.7185 56.7621 47.8561 528.788 520.33 185.026 160.211 54.4556 34.1202 186.904 112.035 54.1126 104.919 52.5895 24.7964
internal_count=157835 26102 131733 24700 130817 116397 17260 7440 3381 14420 1402 1190 963 11609 5642 1274 552 2746 104985 103530 2107 4059 8778 411 8697 2871 11412 2912 11104 916
is_linear=0
shrinkage=0.03


Tree=5
num_leaves=31
num_cat=0
split_feature=59 14 13 60 60 44 37 37 69 46 52 38 45 38 44 77 21 19 42 58 9 52 44 44 46 67 49 70 57 71
split_gain=242.731 22.6747 17.8483 11.109 11.0337 10.8358 6.50354 6.45505 6.04038 5.58642 6.25 5.15661 5.10849 4.53846 4.30248 4.27021 4.06989 3.77114 3.717 3.69706 3.80267 3.67186 5.88646 4.81844 3.54753 2.88963 2.49939 2.57646 2.33122 2.30645
threshold=0.87863095545568826 -0.30180256036345432 0.39506149335626056 0.8281247965415317 0.94050188118250755 0.099831447456722691 0.33188410993895984 -0.88473013377579146 2.0762332303598612 0.028220184399655488 0.23099646237003255 1.2838507762466802 0.0097751226450800924 0.78974303051242167 0.085397124165201746 -0.74699556239403841 0.040982209197102944 -1.0474503511411009 -0.026985891441460349 0.93677693299542053 2.204767340176454 0.71967429796997362 0.092566718576639576 0.087426643201365853 0.0076388682106252152 -0.64653769720900167 0.013618086256160124 0.052835775833301596 0.93262013729977122 1.5810407453465538
decision_type=8 8 10 10 10 10 10 10 10 10 2 10 10 10 10 10 8 10 10 10 10 2 10 10 10 10 10 8 8 8
left_child=2 5 3 9 8 13 21 -7 16 10 18 17 -12 25 -4 26 24 -8 -1 -15 -21 23 -23 -6 -3 -2 -5 -28 -16 -18
right_child=1 4 14 15 6 7 11 -9 -10 -11 12 -13 -14 19 28 -17 29 -19 -20 20 -22 22 -24 -25 -26 -27 27 -29 -30 -31
leaf_value=-0.0084960997709055599 0.039423271716257695 0.0021842660414319892 -0.012137157938457325 -0.0072378970473038597 0.0094831343470459396 0.017115984371930511 0.028823864185776395 -0.020195838351524834 0.014139874265181068 -0.0324831786961036 -0.014093172189841652 0.0040615182063975797 -0.021543472815778668 0.0053704654039983101 -0.0012577352720457478 -0.0097733934127367215 -0.012307881105202765 0.016009023519706986 0.013375207024992126 0.025744243772771638 0.010597765323473344 0.0074717611899037285 -0.013970363307580256 0.029336474582458902 0.0092316768202277966 0.022298759294460506 0.019492380572649657 0.00063167282241366615 0.020594144618613332 1.9807010489002487e-05
leaf_weight=21.046449330169711 22.526331013999879 162.92875630338676 5.3995765375439104 16.627572804456577 119.95535687659867 6.5794960968196383 32.509257721249014 8.2536714200396073 53.270730116171762 17.006314086611383 418.24378610507119 23.275880611152388 111.92424015689176 16.624070838093758 5.2508255969733026 76.701715667149983 16.766545415273868 80.969176270300522 9.2114400004502368 57.722117809578776 23.869350476190448 49.57595871691592 13.890588565962387 11.717308485414831 107.79838975158054 26.464336957316846 8.9239563622977567 20.233463965123523 17.908055132487789 56.991736794414464
leaf_count=4108 153 6148 210 2482 2260 85 296 275 1361 3708 85203 463 23058 286 531 11570 1867 1217 1478 520 233 1055 321 177 3071 246 284 1145 277 3952
internal_value=1.5771e-06 0.0104938 -0.0128341 -0.0137862 0.00821188 0.0206374 0.0122522 -0.00342036 0.00481075 -0.0155297 -0.014953 0.0172968 -0.0157093 0.0230886 0.010077 -0.00548352 0.00332267 0.0199261 -0.00152693 0.018908 0.0215315 0.00863153 0.00258839 0.0114803 0.0050251 0.0308639 0.00169429 0.00695862 0.0156685 -0.00286951
internal_weight=1620.17 891.689 728.477 699.919 729.65 162.039 331.894 14.8332 397.756 577.432 560.426 136.754 530.168 147.206 28.5585 122.487 344.485 113.478 30.2579 98.2155 81.5915 195.139 63.4665 131.673 270.727 48.9907 45.785 29.1574 23.1589 73.7583
internal_count=158040 23986 134054 133036 22188 1798 5789 360 16399 117555 113847 1976 108261 1438 1018 15481 15038 1513 5586 1039 753 3813 1376 2437 9219 399 3911 1429 808 5819
is_linear=0
shrinkage=0.03


Tree=6
num_leaves=31
num_cat=0
split_feature=59 59 4 57 53 30 21 7 26 60 49 52 44 48 26 28 57 52 48 48 33 30 54 44 57 41 44 52 53 37
split_gain=234.644 28.364 15.7309 10.1231 9.13159 7.83371 6.99083 5.87393 6.17568 5.61744 4.96787 4.72474 4.48871 4.39816 4.4872 4.00133 4.14795 4.09811 4.3751 3.97758 3.82872 3.3202 3.24979 3.11112 2.90262 2.68125 2.39741 2.4702 2.23497 2.13449
threshold=0.86292912896318308 0.95557904627672086 0.39506149335626056 0.012806844896397137 0.019656345392460046 0.69264850499581032 0.031008667179656894 0.011961857633773986 0.52701680270403817 0.83991786447638617 0.013618086256160124 0.23099646237003255 -0.12918337154265866 -0.026276030214027298 0.7781973060726719 -0.20954880153797353 0.96719734942567903 0.23099646237003255 -0.016154135000213451 -0.030513450039425735 -0.11861787507112895 0.52358650125028505 0.81184733313860014 0.13674078439613904 0.16836741069011338 0.020789116339437256 0.085218821842120943 0.72244714349977512 0.013639968307537899 -0.030237684887960577
decision_type=8 10 10 8 10 10 8 10 10 10 10 2 8 10 10 8 10 2 8 10 10 10 10 10 8 10 10 2 10 10
left_child=2 6 4 5 9 13 15 25 24 11 -11 12 -1 -3 -15 17 -17 -2 -19 -13 -10 -12 26 -4 -9 29 -6 -28 -18 -5
right_child=1 3 23 7 22 -7 -8 8 20 10 21 19 -14 14 -16 16 28 18 -20 -21 -22 -23 -24 -25 -26 -27 27 -29 -30 -31
leaf_value=-0.031165681428072613 -0.0042539698596683025 0.036451442410552141 -0.0029543564550318603 0.0021809474541629233 -0.031559376994693224 0.010661081447306939 -0.0037131580042409516 -0.01309351760235627 0.0029906058358761425 -0.012960224790761705 -0.011209971815917586 -0.020210670322569738 0.0022919254903119258 0.030273325925455834 0.0099468181383880992 0.0029057447711096809 0.0045918285410529169 0.020504615865873856 0.0032771441069019283 -0.013546986294277892 0.017033829529397495 0.0073598540367523224 0.010060142450024631 0.017341976353427335 0.0072236438740760061 -0.011166289364773901 -0.028579852206172738 -0.0056662974061051537 0.023834535414073651 0.011577893133854485
leaf_weight=3.180808630771935 10.965319128241388 34.327110010897741 10.917347530601548 42.929833164671436 38.742095115710981 36.503005707636476 82.775308929965831 8.1734942293260264 19.971478282473981 41.003791808034293 11.323967415839432 114.65002396004274 24.978563350974586 20.980130645912141 21.290232317522168 233.88180848804768 10.511816920712592 42.191537760198116 20.423862255411223 364.43666579248384 232.14678039285354 27.943032083916478 1.5969774150289584 15.152811898617072 19.295532744377851 6.7890761261805883 7.3957408037968007 10.680735462810842 13.098942835466003 46.455247259698808
leaf_count=606 343 215 449 1014 8294 297 8040 157 387 8307 1859 24147 4670 132 183 9193 192 846 445 76874 3158 1789 324 488 319 169 1578 2391 211 930
internal_value=-0.000152772 0.00983258 -0.0135654 0.0147216 -0.0144906 0.0226439 0.00402863 0.0122753 0.0144825 -0.0133118 -0.00577715 -0.0144845 -0.00232367 0.0281047 0.0205713 0.00597863 0.00416804 0.0121336 0.0150724 -0.0151867 0.0159495 0.00178472 -0.0258728 0.00893654 0.000825262 0.005745 -0.0270911 -0.0162051 0.015924 0.00717198
internal_weight=1574.71 902.711 672.003 488.862 645.932 113.1 413.849 375.761 279.587 587.517 80.2708 507.246 28.1594 76.5975 42.2704 331.073 257.493 73.5807 62.6154 479.087 252.118 39.267 58.4155 26.0702 27.469 96.1742 56.8186 18.0765 23.6108 89.3851
internal_count=158007 26231 131776 6961 130839 827 19270 6134 4021 118252 11955 106297 5276 530 315 11230 9596 1634 1291 101021 3545 3648 12587 937 476 2113 12263 3969 403 1944
is_linear=0
shrinkage=0.03


Tree=7
num_leaves=31
num_cat=0
split_feature=71 75 13 8 60 57 53 57 7 68 60 49 31 53 52 3 54 54 23 71 45 45 43 43 48 56 14 54 43 44
split_gain=220.432 22.7519 16.4009 12.3839 8.21692 7.66591 7.45746 6.1725 5.55646 4.47308 4.40413 4.52454 4.34094 3.8326 4.19584 3.36369 3.21596 3.09385 3.04844 3.7926 3.32183 2.63227 2.52233 2.47218 2.43122 2.36033 2.18659 1.9301 2.52889 2.19418
threshold=0.89891225058108981 -1.5577727886601258 0.39506149335626056 0.0095140376067225293 0.92894269776876282 0.0085745007398149112 0.019858297474099552 0.98578678738105852 0.0092476477046607615 0.67166923526975386 0.85535890638806611 0.013618086256160124 0.19755242163546097 0.010900370295388781 0.23099646237003255 0.013817902760543512 0.56172703236350363 0.81184733313860014 0.055527961298973978 1.9988881638273834 0.0075067184583152294 0.0065133782355057028 0.0086239136855211802 -0.0062752558754549095 -0.00012101782438578289 0.0085745007398149112 0.16030559510169831 0.43507809265933584 0.0016196113343674992 0.10934274412443813
decision_type=8 8 10 10 10 8 10 10 10 10 10 10 10 10 2 10 10 10 10 10 10 10 10 10 10 10 8 10 10 10
left_child=2 3 6 16 7 25 10 -3 26 12 13 -12 -7 23 -15 -13 21 27 19 -10 -20 24 -9 -1 -2 -5 -6 28 -8 -29
right_child=1 4 -4 5 8 9 17 22 18 -11 11 15 -14 14 -16 -17 -18 -19 20 -21 -22 -23 -24 -25 -26 -27 -28 29 -30 -31
leaf_value=0.0078458554502581958 0.0076421112488231314 2.6112600090367436e-05 0.010278740907142038 0.030887659364904996 -0.0099578862784971134 0.014593750392916847 -0.028077053567955104 0.0018379635773488271 0.0081627898000875034 0.02793512000204823 -0.013693358499467432 0.009514699176335949 -0.0012922667199886844 -0.0034022732708887658 -0.015523283022082559 -0.0089536469427483542 0.013777064177160065 0.0083470689639472215 0.011525179952101332 0.018649157957261919 -0.0028041729395049081 -0.011432571240870215 0.018543173237796685 -0.011531120992732841 -0.0082650862423430341 0.018501393675405136 0.0046079516196186948 -0.03276800763461863 0.010571183528942891 -0.013686429164104367
leaf_weight=10.932279459550047 34.953687169589102 241.26491021248512 24.488930336432531 44.797511369688436 14.260977369733153 189.43102433148306 1.5600378244416777 12.964559780433772 60.092544103041291 21.49422063305974 32.972661384614184 19.884153585298918 16.307123283622786 28.568572828895412 464.48293818370439 14.372025796794331 22.155729980906472 1.7581105630379159 33.74809988134075 73.583974092267454 24.025207482045516 11.974418522557242 24.295321987709031 10.695101949851958 10.328885038616134 32.123167347395793 22.484723072731867 33.703845441690646 2.7491495257709175 9.6481044592801464
leaf_count=2312 785 13748 908 256 597 3282 323 373 1732 256 7204 924 340 5393 99528 2274 418 349 623 799 728 333 490 2306 275 264 853 7526 632 2318
internal_value=-0.000221306 0.00949476 -0.01341 0.0150048 0.00529665 0.0177567 -0.0143485 0.00181396 0.00950789 0.0148319 -0.0133431 -0.00592314 0.0133199 -0.0142931 -0.0148353 0.00164711 0.00433781 -0.0256278 0.0115506 0.014053 0.00556891 0.000459977 0.013009 -0.00168993 0.0038487 0.0260573 -0.00107961 -0.0270885 -0.00550845 -0.0289933
internal_weight=1546.1 890.286 655.816 383.566 506.72 304.153 631.327 278.525 228.196 227.232 581.908 67.2288 205.738 514.679 493.052 34.2562 79.4127 49.4192 191.45 133.677 57.7733 57.257 37.2599 21.6274 45.2826 76.9207 36.7457 47.6611 4.30919 43.3519
internal_count=158149 26152 131997 6209 19943 4398 131089 14611 5332 3878 119941 10402 3622 109539 104921 3198 1811 11148 3882 2531 1351 1393 863 4618 1060 520 1450 10799 955 9844
is_linear=0
shrinkage=0.03


Tree=8
num_leaves=31
num_cat=0
split_feature=71 75 4 30 7 53 59 38 36 33 57 10 24 35 45 53 21 0 60 38 46 30 41 45 21 29 17 54 41 52
split_gain=191.113 18.884 13.7281 9.66031 8.78331 8.25336 6.63641 6.08386 5.37831 4.70872 4.28723 4.29691 4.05675 3.90934 3.73121 3.95286 3.67468 3.72079 3.40904 3.24321 2.98192 2.96406 2.93797 2.42549 2.38251 2.36415 2.09817 2.05851 2.22508 1.82922
threshold=0.87298007072675066 -1.4257458338412783 0.39506149335626056 0.67026228105180763 0.016657051333041229 0.019858297474099552 0.90179360784418805 1.0805088327520969 -0.26493132846187639 0.086886148049017078 0.97080288796103009 1.796755472077636 0.571952717148283 -0.071695872742262037 0.01843872332398748 0.010900370295388781 -0.037491007981057638 0.031521756486025072 0.87090053763440867 1.1602171527096099 0.0044955273699602847 0.88783062458547124 -0.037459904278891225 0.0082893391943568897 0.031008667179656894 0.3359044671051053 -0.092451930213943809 0.43507809265933584 -0.0085046138530076015 0.76610811371653875
decision_type=8 8 10 10 10 10 10 8 10 10 10 10 10 10 10 10 10 10 10 10 10 10 10 10 10 10 2 10 10 2
left_child=2 3 5 4 7 13 24 9 -6 -2 11 26 -13 18 15 -15 17 21 -1 -10 -12 -5 -7 -22 25 -3 -8 28 -24 -4
right_child=1 6 29 16 8 22 10 -9 19 -11 20 12 -14 14 -16 -17 -18 -19 -20 -21 23 -23 27 -25 -26 -27 -28 -29 -30 -31
leaf_value=-0.0093039429420896588 0.015263338609176549 -0.0025813784074360606 -0.00074348775207038419 0.011689174161956717 0.030220530021762674 -0.00017608903379175912 -0.0039381392254326849 -0.011460827475052992 0.021047110443340879 -0.0053876283003402511 -0.00026448625918596515 0.011815179866226738 -0.0018154244446142603 -0.0013987935847245118 0.0044042956502656017 -0.014363363106472982 -0.0096417225917521023 -0.0075787276198296775 0.0071211145883773013 0.0055832013091198325 0.018216739982491195 -0.0017645573099568741 -0.027207882165536431 0.0058847665366816918 -0.009394605337124249 0.0069024251503425 0.003790704054008266 -0.029935783398363846 0.0088402647030894638 0.015113250288964295
leaf_weight=39.65170657786075 107.63316848198883 64.125253195059486 10.508021665504204 127.72344676440116 55.290377783123404 4.0071871671825638 46.201885647373274 8.6802079372573626 44.364321248373017 10.218537892214952 13.560701773967592 93.49484872398898 24.041488582734019 22.929215125041083 9.6841168480459583 474.84107895276975 9.3031977496575546 10.562653835164381 14.747210120549424 18.750465577933937 53.673543584300205 15.94112781062722 1.5511004794389007 22.309260315611027 24.605898438021541 36.032562777632847 93.827188458410092 39.961224221158773 2.8831578711979082 14.652074239449574
leaf_count=8461 1914 4826 425 2335 497 915 1664 225 590 232 250 1955 588 4912 1808 102692 210 170 1176 316 959 423 327 544 3435 1935 3717 9358 649 461
internal_value=-0.000241183 0.00880311 -0.0127705 0.0135242 0.0173048 -0.0136691 0.00469011 0.0116106 0.0232166 0.0134173 0.00681936 0.00480183 0.00901 -0.0125915 -0.0134154 -0.0137762 0.00777246 0.00889758 -0.00474889 0.0166585 0.0124724 0.0101737 -0.0256093 0.0147584 -0.00121701 0.000835344 0.0012095 -0.0277844 -0.00590364 0.0086008
internal_weight=1515.76 880.34 635.416 408.468 244.937 610.256 471.873 126.532 118.405 117.852 347.109 257.565 117.536 561.853 507.454 497.77 163.53 154.227 54.3989 63.1148 89.5435 143.665 48.4027 75.9828 124.764 100.158 140.029 44.3955 4.43426 25.1601
internal_count=157969 26785 131184 6912 3774 130298 19873 2371 1403 2146 9677 7924 2543 119049 109412 107604 3138 2928 9637 906 1753 2758 11249 1503 10196 6761 5381 10334 976 886
is_linear=0
shrinkage=0.03


Tree=9
num_leaves=31
num_cat=0
split_feature=59 71 4 53 44 28 30 65 71 53 45 50 51 10 4 60 17 69 28 60 14 7 37 24 54 78 23 45 18 44
split_gain=188.59 17.5181 13.4961 7.80352 7.17761 5.94249 6.84376 5.1422 4.52123 4.56368 4.0834 2.99802 3.33017 2.94701 2.91218 3.58757 2.98568 2.8877 4.62314 2.72899 2.6224 2.58947 2.58883 2.9728 2.40635 2.12064 2.11452 2.1031 1.93539 1.85562
threshold=0.87863095545568826 2.3067756443074638 0.39506149335626056 0.019656345392460046 0.074067940574290794 -0.12924662724672101 0.6634850185469362 0.81643519151379296 0.4152036863211413 0.01963237714095108 0.018619033743462497 0.032903017521516816 0.28050519827748305 2.1457240176290679 0.3671976892057553 0.98972249685231672 -0.15355143135470276 1.5357089695967316 -0.19410509796137451 0.95197418202040296 0.98300017197780165 0.011778666697934531 -0.70946801856425068 -0.95371924394802432 0.81184733313860014 -0.086966730506078616 -0.046719669452102312 0.0062157010063483694 36.265311131588582 0.1510952999895934
decision_type=8 10 10 10 8 10 8 10 10 10 10 10 2 10 10 10 2 10 8 10 8 10 10 10 10 8 10 10 8 10
left_child=2 4 3 8 7 6 22 17 9 10 -1 12 -8 19 15 16 -7 18 -2 28 21 -16 -3 -24 -5 -17 -10 -15 -6 -4
right_child=1 5 29 24 13 14 11 -9 26 -11 -12 -13 -14 27 20 25 -18 -19 -20 -21 -22 -23 23 -25 -26 -27 -28 -29 -30 -31
leaf_value=-0.013890238124650454 0.012795058497334807 0.029171362778256441 0.00052796091978913305 -0.025306120132198805 -0.010175193303690341 -0.011027305832933739 -0.0012285312694243294 -0.00064021440642178127 0.00095478631332048761 0.026427513685964434 0.0065423115222025367 -0.0029598321147505761 0.015797633701588047 -0.00014389236130629102 0.0063054468799502031 0.022085403807952569 0.0051064192504777272 0.017346492344725861 0.0047435666248340832 0.014182467762403932 0.0015859329532973085 0.02507427268450934 0.0062734795664415423 0.020592756354622779 0.0057513269980300173 0.0055752093632705181 -0.0089431014697268843 -0.020361451945580023 0.001267032056470377 0.016628086524863722
leaf_weight=470.51110204227734 107.48242186009884 31.818729703780264 13.590614229906352 53.194906028918922 14.695721029187551 11.475839328486471 12.437867208849637 57.948551377165131 28.178719097166322 1.6493423405336205 8.222685066633856 13.304367563687263 49.306442142464221 8.7051970319589618 10.945942277554421 15.636488073971121 57.753760413033888 33.850498387590051 166.79677797318436 11.872468460584058 10.057627918198703 23.07440862711519 17.13539802795276 94.384841471444815 1.831503893714397 14.681237966753544 56.930743908043951 9.7286512798164022 85.456553208932746 12.110271802637724
leaf_count=103277 1922 273 607 12391 909 275 175 3152 3891 305 1477 172 596 249 230 186 1168 673 5492 302 171 263 212 934 345 169 11401 357 6099 387
internal_value=-0.000168915 0.00903891 -0.0124019 -0.0132875 0.00535305 0.0140575 0.0172036 0.00750191 -0.012186 -0.0133221 -0.0135201 0.00959748 0.0123551 -0.000665212 0.00916718 0.0061692 0.00227036 0.00903999 0.00794464 0.00117142 0.0155843 0.0194736 0.0210711 0.0184945 -0.0241347 0.0146195 -0.00565816 -0.011467 -0.000466265 0.00856533
internal_weight=1504.77 858.55 646.22 620.519 496.537 362.013 218.388 366.078 565.493 480.383 478.734 75.0487 61.7443 130.459 143.625 99.5473 69.2296 308.13 274.279 112.025 44.078 34.0204 143.339 111.52 55.0264 30.3177 85.1095 18.4338 100.152 25.7009
internal_count=158060 23979 134081 133087 19155 4824 2362 11239 120351 105059 104754 943 771 7916 2462 1798 1443 8087 7414 7310 664 493 1419 1146 12736 355 15292 606 7008 994
is_linear=0
shrinkage=0.03


Tree=10
num_leaves=31
num_cat=0
split_feature=59 59 4 69 53 30 7 38 55 69 53 53 45 28 43 68 69 28 53 69 14 50 1 44 44 46 69 57 18 49
split_gain=183.358 20.6576 12.3991 7.41189 6.43598 6.17225 5.70511 5.8806 5.54533 4.91252 4.53761 4.08048 3.99707 3.74536 3.52577 3.523 3.0303 2.86304 4.3301 2.06799 1.72678 1.65509 1.58417 1.94212 4.09639 1.53131 1.51386 1.17406 1.53402 1.15602
threshold=0.86292912896318308 0.95557904627672086 0.39506149335626056 -2.3446232655665509 0.019656345392460046 0.69477920396784631 0.0086786212019411783 1.2709844868571603 0.70637424090174339 1.788957377697374 0.010900370295388781 0.01963237714095108 0.01843872332398748 -0.19869177795460255 0.047151806273919135 -2.511366079794398 1.3636166535769079 -0.34755537644168644 0.013252762903213073 0.74117901198051162 0.052378721910495092 0.039438972895343045 -0.12604599264395203 0.085218821842120943 0.097287056763976101 0.0096871660538895201 1.1721324027644626 0.96719734942567903 57.924950124275703 0.014336495168701726
decision_type=8 10 10 8 10 10 10 10 8 10 10 8 10 8 10 10 10 10 10 8 8 10 10 10 10 10 10 10 8 8
left_child=2 8 4 5 11 17 19 10 9 13 -8 12 14 15 -1 -2 -9 -3 -19 -5 -15 -4 -6 25 -25 -24 -23 -10 -29 -21
right_child=1 3 21 6 22 -7 7 16 27 -11 -12 -13 -14 20 -16 -17 -18 18 -20 29 -22 26 23 24 -26 -27 -28 28 -30 -31
leaf_value=-0.013650340313120393 -0.0023784597372663854 0.03337292700096204 -0.0046476169500174677 -0.0070078482020744853 0.001504505276850964 0.0073546428425679787 -0.0049642380185273604 -0.0034743735150579401 -0.0043965690445782963 0.017771334385872486 0.014523626234882549 0.022742728082782642 0.0052359008244890455 -0.00090711130523468285 -0.0051511004840394366 0.012863697230829732 0.013543839259597928 0.029351349962389115 0.010020566074075685 0.011246719933721845 0.0046999903533366111 -0.0012434937120911307 0.00067052760064374142 0.022671470581272838 -0.019251659254836427 -0.029919772325458678 0.01712085890985857 -0.011892962762381521 0.0084159277628220088 -0.0029893930626459292
leaf_weight=469.34913322713692 16.331492969766259 26.67167404294014 6.1450735403923344 17.926475074957125 1.8584586598444719 25.528377585113049 10.464186713332309 29.470215033972636 71.680810005171224 27.177485549007542 295.6427974589169 2.0437553533120072 10.521027065580709 86.337687285034917 51.543612690991722 66.928769730380736 12.574776956811546 20.883603913709521 24.268324185162783 14.048899895977227 111.47766551084351 4.9762524962425259 1.2941572715062637 1.5153006615582842 14.098309165332465 33.054566515609622 13.791474776808171 3.2579194499412578 14.237756471964529 6.8248076718300608
leaf_count=104677 329 126 309 564 410 243 151 659 7226 478 4211 338 1967 3399 11505 1551 211 128 203 340 5374 378 335 331 3663 7875 255 195 636 173
internal_value=0.000206251 0.0089535 -0.0124227 0.0131108 -0.0133081 0.0205701 0.0111783 0.0123912 0.0038597 0.00576474 0.0138337 -0.0122714 -0.0124541 0.00453429 -0.0128265 0.0098456 0.00174212 0.0250606 0.0194687 0.000181544 0.00224539 0.00797304 -0.023489 -0.0244888 -0.0138827 -0.028696 0.0122832 -0.00268302 0.00403341 0.0065311
internal_weight=1491.92 881.734 610.191 484.304 585.278 97.352 386.952 348.152 397.43 308.253 306.107 533.458 531.414 281.076 520.893 83.2603 42.045 71.8236 45.1519 38.8002 197.815 24.9128 51.8208 49.9623 15.6136 34.3487 18.7677 89.1765 17.4957 20.8737
internal_count=158240 26197 132043 7009 131101 700 6309 5232 19188 11131 4362 118487 118149 10653 116182 1880 870 457 331 1077 8773 942 12614 12204 3994 8210 633 8057 831 513
is_linear=0
shrinkage=0.03


Tree=11
num_leaves=31
num_cat=0
split_feature=71 71 13 28 66 7 57 69 33 66 42 42 42 52 42 9 3 47 52 44 22 44 44 44 57 24 69 49 49 44
split_gain=166.065 16.3881 9.73154 6.5415 5.45672 6.29409 5.21649 5.1967 5.13287 3.51534 3.26193 3.20454 4.52232 3.62521 4.20416 3.14368 3.13286 3.0065 2.57177 2.5473 2.38926 2.33233 2.27398 2.21685 2.76879 2.19709 2.14412 1.94183 1.79343 1.71495
threshold=0.92502986310684865 1.9988881638273834 0.39506149335626056 -0.19869177795460255 0.96308356125624839 0.015505796076088455 0.96719734942567903 -2.3446232655665509 -0.10861755179279826 0.59417257898247533 0.014752937151064962 0.055434110044205183 0.031861202967666598 0.23099646237003255 -0.018144215794159087 2.9502547703398938 0.080000334578251522 -0.022927011131925908 0.23099646237003255 -0.12309321259282634 0.22372909957309753 0.03190657456897706 0.1557699926064621 0.027687889827676008 0.02098638197417332 -0.31370581173552836 1.6493751801400169 0.025577236364723092 0.0087090309757040813 0.047468753007798965
decision_type=8 10 10 8 10 10 10 8 10 10 10 10 10 2 8 10 10 10 2 10 10 10 10 8 8 10 8 10 10 8
left_child=2 3 11 18 5 7 16 -3 29 -10 25 12 13 14 -1 -9 -5 -15 19 -2 28 -14 -4 24 -20 -6 -24 -23 -8 -7
right_child=1 4 22 6 10 8 20 15 9 -11 -12 -13 21 17 -16 -17 -18 -19 23 -21 -22 27 26 -25 -26 -27 -28 -29 -30 -31
leaf_value=-0.0090038623086876168 0.011858856769936789 0.020860785342687996 -0.00269669134968737 0.0015311600259817471 -0.016714005080647795 0.0094216186541047457 0.0061371716574440795 0.0041622539125472438 0.02146766418336175 0.013293448391474319 0.011672924762297737 -0.02604691654090233 -0.012393736906387055 -0.018511497097567355 0.015815228932626588 0.016485870009972932 -0.0077745258601729312 -0.012649478969250954 0.02906529259065517 -0.01237113642949427 0.0022357835570711334 0.012723564080556851 0.0013089891288557145 0.0067751959046174065 0.011840805643367714 0.0018745427645394633 0.026601005837634351 -0.0033802158865046993 0.023133891216277715 -0.005075070599037554
leaf_weight=27.66179418633692 6.2433801654260606 25.432181401178241 12.507352601969616 238.61542609066237 9.2383318992797268 19.556896793656051 10.657671394408682 119.37670831813011 118.21221710322425 96.752014314988628 13.878766327165065 16.865703751915134 14.627991158398798 111.97952330519911 6.7957392270909613 21.733015740755945 36.657076597795822 375.64898387924768 12.530094840331001 7.429106096737085 17.253310721484013 9.0429569276748243 6.1203760537318868 36.406027347547933 33.34249942493625 12.011635769158604 5.7624887563288212 19.206111547537148 15.745113536249844 10.342606943100693
leaf_count=6011 182 170 586 12197 240 267 289 2519 1243 1175 274 3914 3260 26075 1001 281 3599 84859 132 205 588 1993 294 798 814 266 59 4483 295 166
internal_value=-0.000238065 0.00822198 -0.0122581 0.00390452 0.012209 0.0131763 0.00181246 0.00855433 0.0162602 0.0178811 0.000745834 -0.0130384 -0.0125994 -0.0133699 -0.00371643 0.00618404 0.00025744 -0.0140369 0.0107369 -0.00104818 0.0113251 -0.00305873 0.00601745 0.0127203 0.0171294 -0.0064599 0.0149198 0.00193104 0.0168569 0.00430799
internal_weight=1467.63 861.414 606.219 414.88 446.534 411.406 318.929 166.542 244.864 214.964 35.1287 581.829 564.963 522.086 34.4575 141.11 275.273 487.629 95.9511 13.6725 43.6561 42.8771 24.3902 82.2786 45.8726 21.25 11.8829 28.2491 26.4028 29.8995
internal_count=158235 25700 132535 19099 6601 5821 16968 2970 2851 2418 780 131596 127682 117946 7012 2800 15796 110934 2131 387 1172 9736 939 1744 946 506 353 6476 584 433
is_linear=0
shrinkage=0.03


Tree=12
num_leaves=31
num_cat=0
split_feature=71 71 4 23 69 53 63 7 33 38 8 51 53 52 53 42 32 43 41 48 69 69 44 32 41 37 43 68 45 69
split_gain=161.584 14.212 7.82691 5.64105 5.27427 4.87014 4.77411 4.71655 3.6327 4.63441 4.70581 4.08782 3.43803 3.36966 3.51317 3.08757 3.07309 3.59592 2.6574 2.43392 2.33885 2.42726 2.06027 1.76031 1.63876 1.50815 1.82703 1.45624 1.36372 1.31174
threshold=0.92502986310684865 1.9988881638273834 0.39506149335626056 0.03130088629009687 1.788957377697374 0.020765565365582783 0.036999011331660205 0.0086786212019411783 0.024178077964597183 1.3107641361099482 0.038164654943288301 0.24387223690797161 0.020587870294827216 0.23099646237003255 0.010900370295388781 -0.05662639025111648 -0.24621379805880114 0.047820791633721112 -0.021169119306381098 -0.016359625809801544 -2.3446232655665509 0.96310883090829824 0.063232386428749413 0.23307903185234982 0.012546789486810874 -0.14767933468316771 0.042618495451688061 -1.8599938837762684 0.011644278742408013 1.3636166535769079
decision_type=8 10 10 8 10 10 8 10 10 10 10 2 10 2 10 8 10 10 10 8 8 8 8 8 8 8 10 8 10 10
left_child=2 3 5 4 6 12 19 20 9 11 -11 -9 13 15 -15 -1 -10 -18 -7 -2 -3 -22 -20 -6 29 28 -27 -8 -4 -5
right_child=1 7 25 24 23 18 27 8 16 10 -12 -13 -14 14 -16 -17 17 -19 22 -21 21 -23 -24 -25 -26 26 -28 -29 -30 -31
leaf_value=-0.013346954660966649 0.016253864354130648 0.015061332121636465 0 -0.002861344310909003 0.022655720773582605 -0.0039235059869075642 -0.012767538934911097 0.0028715206377799333 0.016941282645349505 -0.0047919338335752825 0.019478866536372087 0.01723323819942784 0.015961870279907857 -0.0010751980318767904 -0.013321287040055871 0.0054560806349678234 0.0080300872274598461 -0.0083036600736907853 -0.031228943939795584 0.0054295259032561488 -0.010259029786826614 0.0056557803007514932 -0.005756845520288551 0.0064341046857892955 -0.0092495197044154352 0.0080835084334162505 -0.013137232759435664 0.0027239599172297277 0.021788467369335793 0.0063677353329271861
leaf_weight=12.338918893598018 39.121292092837393 8.7847194168716651 4.07910440454725 44.408035741944332 20.55929560563527 5.702169564086943 4.5704221515916288 20.32520300289616 28.495780686382204 20.2640351545997 9.8281769694294763 235.07413853472099 3.0224085899535558 22.792316068895161 484.52758540498326 17.992024640319872 79.658351744175889 13.265938778873531 23.225146217271686 39.933765975059941 14.821095094433986 17.829092453699559 4.1637214175425497 10.618613864760848 23.013910492416471 6.8702985184500012 5.7561294194310904 207.73145425855182 5.6321597150526941 18.946706442977302
leaf_count=2662 684 60 229 4687 282 1524 148 322 364 396 139 2652 656 5174 111603 3271 1447 288 5646 904 529 449 1194 187 2285 299 266 8744 147 918
internal_value=-7.82531e-05 0.00825758 -0.0120647 0.00418635 0.00600872 -0.0127447 0.00470258 0.0119464 0.0129281 0.0148053 0.00341001 0.0161177 -0.0120066 -0.0121987 -0.0127802 -0.00227928 0.00840492 0.00560275 -0.0240107 0.0109597 0.00215754 -0.00156956 -0.0278015 0.0175958 -0.00257564 0.00506966 -0.00162458 0.0023181 0.0133926 0
internal_weight=1453.35 857.25 596.102 408.903 322.535 573.764 291.357 448.347 406.912 285.492 30.0922 255.399 540.673 537.651 507.32 30.3309 121.42 92.9243 33.091 79.0551 41.4349 32.6502 27.3889 31.1779 86.3687 22.3377 12.6264 212.302 9.71126 63.3547
internal_count=158156 25485 132671 18839 10949 131730 10480 6646 5608 3509 535 2974 123366 122710 116777 5933 2099 1735 8364 1588 1038 978 6840 469 7890 941 565 8892 376 5605
is_linear=0
shrinkage=0.03


Tree=13
num_leaves=31
num_cat=0
split_feature=59 59 4 69 72 7 57 28 53 43 53 41 41 41 41 21 78 17 55 67 69 78 54 54 42 45 17 68 78 25
split_gain=147.796 15.839 11.2787 7.86255 5.13549 5.87726 4.84798 6.40282 4.5667 4.35058 3.47087 6.06622 4.33441 4.23364 4.32384 3.46923 3.2098 3.36926 5.2013 2.71233 2.51826 2.81396 2.3261 2.41668 2.81836 2.31294 2.06461 2.03201 2.01594 1.74609
threshold=0.87863095545568826 0.95937565144882231 0.39506149335626056 -2.1360657191067025 1.5303104879821101 0.0092476477046607615 0.96719734942567903 -0.19410509796137451 0.019656345392460046 0.047820791633721112 0.017341717015727794 -0.0026366712834221535 0.016786284491794427 0.0078588017796509275 0.010649598244185212 0.023675688317720937 -0.86291184119336639 -0.051778704056265716 0.10481264819239608 0.62308280418578077 0.96310883090829824 -1.4822379380839468 0.81184733313860014 0.43507809265933584 0.018562687576489826 0.018619033743462497 -0.13437099009862727 -2.511366079794398 -0.16422991316951388 -1.3551081687545363
decision_type=8 10 10 8 10 10 10 8 10 10 10 10 10 10 10 10 10 2 10 10 10 10 10 10 10 10 2 10 10 8
left_child=2 6 8 16 20 -6 7 26 10 -7 13 -12 -13 25 -15 -8 -3 -18 -19 -9 -5 -22 23 24 -10 -1 28 -28 -2 -21
right_child=1 3 -4 4 5 9 15 19 22 -11 11 12 -14 14 -16 -17 17 18 -20 29 21 -23 -24 -25 -26 -27 27 -29 -30 -31
leaf_value=-0.014411088504290124 -0.010299891719745826 0.026669005793083296 0.0090229245044808858 0.0010915663413228812 -0.0064176908858887835 0.015585696765117748 0.019605273991237012 0.0015280910335458498 -0.021273409377250582 0.00061715709718585584 0.012330022473523482 -0.016840781148363682 0.0053409496475404945 0.0016266541505625717 -0.010274443649264713 0.0035907630729420828 0.005109228577130245 0.028659810207003929 0.008012258040013296 0.017371331611374528 -0.0023990216086850194 0.013425924313654502 0.009609674709468231 -0.024132368217244599 0.014566525799256234 0.0042305749330498101 0.00084596336086149848 0.014954261136091404 0.0071976252301370822 -0.0087092150399193241
leaf_weight=294.08282357070129 7.1251364932395544 37.738180218264461 23.205725748208351 69.127626053174026 12.676938000135122 175.78689459641464 27.613769587595016 219.16452171141282 2.7875468666898078 19.951693278737366 14.538496475317514 24.49729933985509 10.676228508527855 32.933838204713538 146.6552115684608 23.055405776482075 22.785410683602095 25.362265158444643 21.484518848359585 1.4797686059027908 12.486796106211839 41.811723865568638 1.5499880332499731 43.916558617260307 3.0957646798342466 5.4524558074772349 11.831780803855507 51.732045903569087 20.51601029234007 35.4550438108854
leaf_count=67271 221 265 992 1754 372 2043 354 10318 650 320 3706 5599 2331 7687 32995 823 239 169 188 83 301 745 350 11033 658 960 232 1089 513 3971
internal_value=0.000195167 0.00835111 -0.0111111 0.0122777 0.00992209 0.0127999 0.00399017 0.00269481 -0.0119357 0.0140861 -0.0110534 -0.00334126 -0.0100635 -0.0118387 -0.00807843 0.012587 0.0193717 0.0150528 0.0196186 0.000241204 0.00497468 0.00975491 -0.0205798 -0.0217492 -0.00260238 -0.0140488 0.00947454 0.0124284 0.00238036 -0.00715485
internal_weight=1440.58 837.186 603.392 439.212 331.842 208.416 397.973 347.304 580.186 195.739 528.836 49.712 35.1735 479.124 179.589 50.6692 107.37 69.6322 46.8468 256.099 123.426 54.2985 51.3499 49.7999 5.88331 299.535 91.205 63.5638 27.6411 36.9348
internal_count=158232 24000 134232 6396 5535 2735 17604 16427 133240 2363 120549 11636 7930 108913 40682 1177 861 596 357 14372 2800 1046 12691 12341 1308 68231 2055 1321 734 4054
is_linear=0
shrinkage=0.03


Tree=14
num_leaves=31
num_cat=0
split_feature=59 69 72 13 7 38 53 48 43 69 24 53 42 43 44 54 54 53 48 47 44 43 50 44 69 24 36 44 30 45
split_gain=128.377 15.2381 11.3934 10.447 6.64041 5.69359 5.09917 5.0249 4.18488 4.07035 3.31421 3.147 3.75008 4.39295 3.83208 2.93671 2.65591 2.37812 2.33071 3.40968 2.53858 2.25375 2.57559 2.25106 3.30263 2.20125 1.99866 1.94317 1.83474 1.8202
threshold=0.87863095545568826 -2.3446232655665509 1.3022155178633936 0.39506149335626056 0.011961857633773986 1.3034665680163651 0.020765565365582783 -0.021829673173097915 0.051227617896574269 2.2046456638681273 -0.38013408550662076 0.010989558943293544 0.017294894173962575 -0.027805513792282962 0.057249126351251463 0.81184733313860014 0.57113465240665617 0.016186363775167741 -0.0037097414939600832 -0.0087684335451863587 0.088922979275522854 -0.0062752558754549095 -0.001979061560766437 0.13674078439613904 1.6493751801400169 0.39471267258944326 0.15071258955282726 0.063232386428749413 0.51585112868648786 0.018188477923048129
decision_type=8 8 10 10 10 10 10 10 10 10 10 10 10 10 10 10 10 10 8 10 10 10 10 10 8 10 10 8 8 10
left_child=3 7 9 6 18 8 11 -2 -6 16 -9 21 13 -13 -14 27 28 -7 19 -4 -20 22 -1 -5 -25 26 -11 -8 -3 -18
right_child=1 2 4 23 5 17 15 10 -10 25 -12 12 14 -15 -16 -17 29 -19 20 -21 -22 -23 -24 24 -26 -27 -28 -29 -30 -31
leaf_value=-0.004342827695756387 0.025083528732612256 -0.0057663985917089855 0.0030650750778141778 -0.0021221223382619303 0.014614837615383182 0.0066661298150273683 -0.02854188642807488 0.017962501966043525 0.00040904279645668595 0.02098623125240039 0.0029651398701008845 -0.0052961268942348615 -0.011233118901682977 -0.014399070254462434 -0.0016668142031947188 0.010631889488199013 0.0067335397340806073 -0.010623705993805684 0.0096139708552012721 -0.015164149593287105 -0.0092429142808697681 -0.0080736104101312659 0.022049292681828394 0 0.028169998491049463 -0.00099654194988848415 0.0072810738189198363 -0.0070531855273952134 0.00058268959627024092 -0.0073137636403562429
leaf_weight=5.8609167002141476 50.737472065491602 53.714101860416122 28.53255138581153 9.9970974138705078 229.25845499488059 15.115640679141508 25.48591660882812 30.655465980293229 20.847734890179709 15.754654434975235 24.561459772754461 59.962076532188803 89.151200734777376 298.35440865531564 66.857108875992708 1.5693813820835192 75.681363348732702 11.830993601935914 43.088075515581295 12.379689500434322 6.5452909390442064 14.5340468888171 5.5984125088434684 6.5012021639849973 7.4808587590232491 13.542129247100091 29.232018496724777 5.8043196904473033 160.00886154919863 8.2841377755394188
leaf_count=1314 420 3412 935 530 3636 380 6319 266 511 206 284 13332 20381 69564 15761 343 3107 366 1216 470 269 3261 1299 391 85 305 654 1727 7260 320
internal_value=-1.07449e-05 0.00761721 0.00603876 -0.0106101 0.00973957 0.0120418 -0.0114258 0.0182149 0.013449 0.00219473 0.0115162 -0.0106791 -0.0111931 -0.0129031 -0.00718933 -0.0229368 0.000749108 -0.000926185 0.00260798 -0.00260955 0.00693458 -0.000360136 0.00904499 0.00844432 0.0158369 0.00936096 0.0124979 -0.0249905 -0.00101845 0.00524254
internal_weight=1426.93 829.77 723.816 597.157 367.598 277.053 573.178 105.954 250.106 356.217 55.2169 540.318 514.325 358.316 156.008 32.8596 297.688 26.9466 90.5456 40.9122 49.6334 25.9934 11.4593 23.9792 13.9821 58.5288 44.9867 31.2902 213.723 83.9655
internal_count=158324 24017 23047 134307 7783 4893 133301 970 4147 15264 550 124912 119038 82896 36142 8389 14099 746 2890 1405 1485 5874 2613 1006 476 1165 860 8046 10672 3427
is_linear=0
shrinkage=0.03


Tree=15
num_leaves=31
num_cat=0
split_feature=71 69 4 72 38 70 56 46 6 50 25 45 69 46 46 28 50 69 31 32 21 50 45 41 45 69 52 9 50 33
split_gain=121.421 12.6887 9.32161 8.34906 4.72645 5.65852 5.33543 3.63002 3.43609 5.89597 3.4033 3.3673 3.08151 2.78205 6.89819 2.57034 2.41446 2.25618 2.1993 2.69889 2.16358 1.79958 1.6407 1.47596 1.38716 1.38251 1.38121 1.32826 1.23545 1.33142
threshold=0.95272234232966502 -2.3446232655665509 0.39506149335626056 1.3304018183399975 1.2773409215763476 2.0640172528578709 0.24021053952996246 0.032323666858084542 0.051829697362679367 0.030704808917954244 -0.056066959108718555 0.018188477923048129 2.0762332303598612 0.0098034715565004805 0.0090042221378546488 -0.25745090548500582 0.061574548261462143 1.0948785235165206 -0.046577496537952394 0.26586584127140339 0.037929618341109202 0.0033175790341267723 0.0070604382064181296 0.011276457857189672 0.012773194678092072 -2.1360657191067025 0.52535896507161428 0.59177413745125695 0.039109424865627636 0.081826825804752187
decision_type=8 8 10 10 10 10 10 10 10 10 10 10 10 10 10 8 10 10 10 8 10 10 10 10 10 8 2 10 8 10
left_child=2 8 7 12 5 17 -7 11 9 10 22 13 15 14 -1 25 -15 -5 23 -20 -17 -6 -2 -14 28 -3 -12 -26 -4 -30
right_child=1 3 24 4 21 6 -8 -9 -10 -11 26 -13 18 16 -16 20 -18 -19 19 -21 -22 -23 -24 -25 27 -27 -28 -29 29 -31
leaf_value=-0.011241395871989239 0.0289233438929122 0.021085626477868644 -0.012042835264522813 0.0048507102488717134 -0.0092039840684602255 0.021616459221042324 0.0095477932770545153 -0.026195182225384365 0.027220203118909488 -0.0018113117929369107 0.015145737524475405 0.0031065965014180196 0.0068013747162353538 -0.016096007875760238 0.00088972441354116306 0.001658684094550212 8.6956498979069691e-05 0.012639349536196382 0.020319174743469309 0.0014922924735120313 -0.0055799017698357073 0.0043422700736706343 0.01493364620248481 -0.007362774744342381 0.026076683305261028 0.0056588216886568708 0.0011572376296467906 0.0040236304370669454 0.016824569022992203 -0.0031906393528607795
leaf_weight=352.85079737519845 22.483165577519685 6.2281982498243451 3.6146198492497223 140.07652226195205 14.065130882081574 61.010800661053509 79.847101161023602 13.837399897514841 24.083162393420935 16.860439685638994 12.816696716006847 14.680647877161389 22.04141896637157 121.63835777109489 47.22298916336149 217.44458975002635 8.4930506192613375 45.387417637044564 20.838661170797423 10.754421521443875 43.715715690748766 20.122701931046322 19.283314463682473 8.203561148606239 4.5362412151880545 27.993129661423154 13.0240346705541 5.9077570654917508 4.6008097988087666 5.4382447185926139
leaf_count=82862 168 68 241 4063 465 637 1050 3617 137 227 134 2959 535 29344 11237 9830 2007 1021 298 231 4154 577 168 224 66 761 170 258 190 216
internal_value=0.000107725 0.00750243 -0.0103657 0.00603369 0.00925302 0.0103629 0.0149119 -0.0111573 0.0170426 0.0138211 0.017733 -0.0107226 0.00275957 -0.0111163 -0.00980336 0.00145859 -0.0150243 0.00683043 0.00880413 0.0142449 0.000418909 -0.00124869 0.0230348 0.00275083 0.00758146 0.00907058 0.00851293 0.0153059 0.000826822 0.00640355
internal_weight=1409.1 826.28 582.821 717.729 360.51 326.322 140.858 558.723 108.551 84.4677 67.6072 544.886 357.22 530.205 400.074 295.382 130.131 185.464 61.8381 31.5931 261.16 34.1878 41.7665 30.245 24.0977 34.2213 25.8407 10.444 13.6537 10.0391
internal_count=157915 24918 132997 23914 7813 6771 1687 132026 1004 867 640 128409 16101 125450 94099 14813 31351 5084 1288 529 13984 1042 336 759 971 829 304 324 647 406
is_linear=0
shrinkage=0.03


Tree=16
num_leaves=31
num_cat=0
split_feature=59 59 32 69 7 26 30 25 14 44 63 53 69 9 32 53 53 48 43 55 34 54 54 28 53 54 42 8 9 57
split_gain=110.766 13.2254 9.53919 6.65454 5.30504 3.93517 3.91145 3.8959 3.8147 3.78348 3.52762 3.38954 3.03922 3.00293 2.99001 2.78275 3.21198 4.62878 4.00024 2.58552 2.52664 2.43736 2.53363 2.29596 2.98222 2.23147 2.20613 1.86388 1.81886 1.64323
threshold=0.87863095545568826 0.95937565144882231 0.35371090442331415 -2.3446232655665509 0.011961857633773986 0.52701680270403817 0.69477920396784631 0.26515806001540221 0.98300017197780165 0.07418281250083604 0.1323369911956106 0.019656345392460046 0.090388741982370388 0.36485307066048583 0.24272098452544458 0.010900370295388781 0.016926753424887551 -0.00012101782438578289 -0.018677922111304087 0.55140150632813112 0.0012383336270893352 0.43507809265933584 0.81184733313860014 -0.34755537644168644 0.01303427072868288 0.50772692064058722 0.018562687576489826 0.0091506087794742588 0.59177413745125695 0.57999946805916969
decision_type=8 10 10 8 10 10 10 10 10 8 8 10 8 8 10 8 8 10 10 10 10 10 10 10 10 10 10 10 8 8
left_child=2 8 11 6 -5 19 23 -7 9 10 27 15 -12 29 21 25 17 -17 -18 -6 -15 26 -23 -3 -25 -1 -13 -2 -4 -11
right_child=1 3 28 4 5 7 -8 -9 -10 13 12 14 -14 20 -16 16 18 -19 -20 -21 -22 22 -24 24 -26 -27 -28 -29 -30 -31
leaf_value=-0.0065656590263184992 0.0022720211186136345 0.030189098838060594 0.024549927208279494 0.0016658499552783094 -0.0081784852715223941 0.014510207505980057 0.0070185362592506016 0.0058885665311170701 0.023034250835219101 -0.0051641301408607921 -0.0045839754542570041 -0.018200198935411461 0.0044691596657378827 -0.00046809286119948366 0.0029689142545455908 -0.012881751994270912 0.0081585865040822922 -0.0051756795085753041 -0.0083077234347309903 0.011351115249309651 -0.010915135769137182 -0.023885624621833287 0.0081654907486296696 0.025617709161539003 0.0091150411193942817 0.011995802544458974 0.014770761618812345 0.010220401811587107 0.0036060628219724655 0.015991370817461409
leaf_weight=14.419299355242403 38.648935372708365 22.357011519372463 5.7251413881313056 73.83517195249442 14.97024412173778 167.20487917563878 23.356760911643505 70.284289565170184 7.6050271682906887 3.7903134645894143 50.345733174355701 2.4270330193685359 93.749625829979777 63.634789424599148 5.1194888217141843 330.85494831972755 17.063290332269389 93.234676428954117 48.697460280265659 8.8477053204551321 30.53142421413213 41.784474653191864 1.732891828753053 19.486700212582946 23.987817762419581 8.3560019736178202 2.8996962052769959 98.131898184772581 10.283982841297986 10.65894540969748
leaf_count=3269 1114 108 128 1928 298 2267 240 1071 144 197 2604 582 3814 4366 603 77633 4042 22067 11518 156 2512 10725 347 118 208 1933 628 2444 583 361
internal_value=6.99167e-05 0.0071651 -0.00992384 0.0108456 0.00884234 0.0108446 0.0181583 0.0120066 0.00320732 0.00275451 0.00459186 -0.0105769 0.0012756 -0.00196797 -0.017834 -0.00977387 -0.0102498 -0.0112108 -0.00393198 -0.000637844 -0.00396595 -0.0200904 -0.0223872 0.0219016 0.0169892 0.000336269 -0.000279955 0.00802906 0.0122753 0.0102726
internal_weight=1404.03 821.427 582.598 424.331 335.142 261.307 89.1883 237.489 397.097 389.492 280.876 566.589 144.095 108.615 53.9636 512.626 489.85 424.09 65.7608 23.8179 94.1662 48.8441 43.5174 65.8315 43.4745 22.7753 5.32673 136.781 16.0091 14.4493
internal_count=158008 23950 134058 6394 5720 3792 674 3338 17556 17412 9976 133347 6418 7436 12885 120462 115260 99700 15560 454 6878 12282 11072 434 326 5202 1210 3558 711 558
is_linear=0
shrinkage=0.03


Tree=17
num_leaves=31
num_cat=0
split_feature=59 69 72 4 69 70 66 69 71 53 29 53 42 66 53 55 65 52 63 45 57 45 37 76 8 70 33 51 45 5
split_gain=100.178 10.8224 7.71106 7.20963 5.48135 5.4149 5.252 5.40159 4.81124 4.13566 3.93336 3.39727 3.83533 3.23739 3.92716 3.08893 2.8496 2.3005 2.18418 2.14965 1.84302 2.12357 1.80962 1.78125 1.77963 1.6761 1.40748 1.33333 1.34202 1.24552
threshold=0.89016505466778817 -2.3446232655665509 2.0737793983761557 0.39506149335626056 1.0948785235165206 1.6541947705853748 0.60211646136618147 -1.4942982572169836 0.40098562023965284 0.020765565365582783 -0.24259198753749731 0.010900370295388781 0.024424182527982622 0.53072047687660195 0.014884105562848001 0.68685814301680692 0.81643519151379296 0.60896649527140501 0.016931235890636762 0.0058729325306330722 0.89772703015399336 0.012773194678092072 0.46023616832537634 -0.92147738220051767 0.017759257779893702 1.278172605917123 0.083424554307647045 0.16188524590163936 0.010343456098693643 0.016667568186127527
decision_type=8 8 10 10 10 10 10 10 10 10 10 10 10 10 10 10 10 2 8 10 8 10 10 8 8 10 8 2 10 10
left_child=3 13 4 8 16 22 10 -8 9 11 -7 19 -13 25 -15 17 18 -6 -3 -1 -5 26 24 -17 -4 -2 -22 -11 -29 -18
right_child=1 2 5 20 15 6 7 -9 -10 27 -12 12 -14 14 -16 23 29 -19 -20 -21 21 -23 -24 -25 -26 -27 -28 28 -30 -31
leaf_value=-0.0048551999817856781 0.013113285583215076 0.0083557709711698028 -0.0018285699574902743 -0.0070906276538211157 0.0055563861210413479 0.025958247650093708 -0.0076398457072448704 0.011918708305447721 -0.0038371985157498929 -0.0020325811496846972 0.011465894655223524 -0.012061709579220765 -0.0045571759106626183 -0.0014470583415367275 0.017039521718722233 -0.011669682735999476 -0.016304673233286417 0.017753132812755337 0.0016429613773180861 0.015051388776988429 0.012053299624059762 0.022749347304652664 0.014847054499634105 0.005606058828769492 0.014547123140924824 0.025016405926120602 -0.0073436727763699326 0.0039540062861465894 -0.025810526654781667 -0.0027567890409636144
leaf_weight=13.500952555099504 22.405268542002887 52.654192778747529 42.918918264564127 5.64250080729835 23.639435403514653 39.08060965873301 15.202082424424587 58.720520107191987 108.62282584869536 3.1829162768553969 35.685291007626802 353.51187417365145 77.800696785096079 17.033828258514404 23.751707375049591 4.9239477615337819 6.5889332407386965 42.073566487408243 249.20982372399885 6.3171312399208537 5.6613461169181374 7.3565230399835846 8.321999683044849 53.60405798512511 5.9024331073742351 37.452730245888233 5.715721875778403 0.99912049854174512 23.924825808615424 39.979723522381391
leaf_count=3130 219 960 1140 521 460 324 254 933 19116 836 459 84635 19032 230 228 176 792 658 10764 1423 190 138 160 1631 161 235 263 278 6291 2406
internal_value=0.000110165 0.00724397 0.00585845 -0.00896063 0.00372467 0.0107023 0.0137089 0.00780819 -0.00962701 -0.0109223 0.0193234 -0.0101705 -0.0107286 0.0164057 0.00939706 0.00911507 0.00177345 0.0135595 0.00284751 0.00176423 0.0067378 0.0112032 0.00272612 0.00393064 0.000343261 0.020899 0.00226008 -0.0221226 -0.0243951 -0.00503919
internal_weight=1391.39 779.149 678.506 612.236 472.674 205.832 148.689 73.9226 587.86 479.238 74.7659 451.131 431.313 100.644 40.7855 124.241 348.433 65.713 301.864 19.8181 24.3761 18.7336 57.1434 58.528 48.8214 59.858 11.3771 28.1069 24.9239 46.5687
internal_count=158043 22190 21278 135853 17847 3431 1970 1187 134741 115625 783 108220 103667 912 458 2925 14922 1118 11724 4553 1112 591 1461 1807 1301 454 453 7405 6569 3198
is_linear=0
shrinkage=0.03


Tree=18
num_leaves=31
num_cat=0
split_feature=59 71 4 63 8 69 38 32 69 71 17 14 42 9 9 36 48 43 41 42 47 54 25 58 65 54 76 74 69 10
split_gain=88.9935 8.95899 6.3072 6.2106 8.17212 5.02172 4.91909 3.57913 3.41958 3.23164 4.52546 3.5181 2.75526 3.40014 2.77726 2.66655 2.62898 5.58094 4.72678 4.76355 3.2585 2.61119 2.39156 2.38946 2.247 2.233 1.96684 1.82847 1.76379 1.70339
threshold=0.90179360784418805 0.47207618058493545 0.39506149335626056 0.12447695082024618 0.0093499129995874251 1.3636166535769079 1.2773409215763476 0.35371090442331415 -2.3446232655665509 2.4500003928547391 0.25280563796204347 0.32969383510515987 0.031083115687014943 2.0657586242194075 2.4592175381581431 0.20137466577548221 -0.030773401772379746 -0.027805513792282962 -0.009897626106818434 0.017294894173962575 -0.013127507048041108 0.56051988495789973 -0.35100784533165225 0.95953137050310766 0.9445014830025098 0.55974061043506673 0.43695116832507847 2.2391962033887904 1.6493751801400169 1.307268891656284
decision_type=10 8 10 10 10 10 10 10 10 10 2 10 10 10 10 10 10 10 10 10 10 10 10 10 10 8 8 10 10 10
left_child=1 2 16 4 22 7 9 12 -8 11 -11 -6 14 -14 -5 24 17 21 20 -20 -18 -1 -2 -17 -7 26 -24 28 -4 -25
right_child=3 -3 27 5 6 15 8 -9 -10 10 -12 -13 13 -15 -16 23 18 -19 19 -21 -22 -23 25 29 -26 -27 -28 -29 -30 -31
leaf_value=0.0026358350964065711 0.007353553704556804 -0.0022487786028836292 0.0017418417028071283 -0.0013191731323752964 0.0074918347872532055 0.016438442032999642 0.013037007715015545 0.01544153774307367 -0.0040631433385344964 0.018743301302139716 0.0055787528941233658 0.023246042339383245 -4.2396590815996907e-05 -0.027428004611252218 0.0082280815199480446 -0.0018210453690425707 0.0067884883135106867 -0.018398070751980279 -0.012805526677061472 -0.0048616063679809808 -0.017209540128939622 -0.010638018631838404 -0.015274258245488996 3.6843236658913142e-05 0.0017766326751660682 0.0052950030337685335 0.0014302750021004068 -0.0066755464946529801 0.025509850823557532 0.015116586060940265
leaf_weight=18.903926436672918 24.355223670136184 196.83856703469064 5.811942348838782 110.83678235823754 108.37967434478924 46.461034345906228 15.764262249227611 13.089405426522715 27.068497350206599 128.06127844704315 30.895894654095173 14.20195660414174 9.9586127321235853 6.1873797758016726 35.233267725328915 28.87534714397043 25.542856843792837 92.264368130243383 196.43303706194274 108.57999432843644 5.2789558178046709 39.528229901334271 16.778129897080362 10.670655157882722 12.650034052669069 13.033630793914197 9.1342057110741752 4.2724383752793065 5.4015224612085149 19.421256826492026
leaf_count=4512 547 23621 392 4485 2328 816 168 277 737 1210 367 204 446 248 879 782 6456 22807 47634 26703 1197 9289 471 269 335 270 218 168 75 295
internal_value=-0.000190146 -0.00770777 -0.00983352 0.00751954 0.0100162 0.00418747 0.011935 0.000933381 0.00231584 0.0133745 0.0162542 0.00951468 -0.000306354 -0.0116995 0.00100359 0.00894505 -0.0104391 -0.0138076 -0.00888222 -0.0100125 0.00217234 -0.0063211 0.000104292 0.00424774 0.0134324 -0.0044246 -0.00944002 0.00849033 0.0145878 0.0100389
internal_weight=1379.91 698.856 502.017 681.057 387.673 293.384 324.372 175.305 42.8328 281.539 158.957 122.582 162.216 16.146 146.07 118.078 486.531 150.697 335.835 305.013 30.8218 58.4322 63.3012 58.9673 59.1111 38.946 25.9123 15.4859 11.2135 30.0919
internal_count=158206 142854 119233 15352 6520 8832 5014 6335 905 4109 1577 2532 6058 694 5364 2497 118598 36608 81990 74337 7653 13801 1506 1346 1151 959 689 635 467 564
is_linear=0
shrinkage=0.03


Tree=19
num_leaves=31
num_cat=0
split_feature=59 59 32 66 4 69 17 30 12 59 45 75 44 16 47 44 44 45 45 44 54 25 36 10 34 47 9 44 37 4
split_gain=85.3078 9.33634 8.5994 4.6426 5.0747 3.60363 3.5573 3.35068 4.8159 3.22565 3.04118 2.92186 3.94773 2.78152 2.61668 2.47531 3.5881 3.66265 3.10448 2.70926 2.67267 2.17337 2.01259 1.94803 1.85583 1.84687 1.76305 1.46996 1.20369 1.06318
threshold=0.89016505466778817 0.95937565144882231 0.40615044897372876 0.96308356125624839 1.0000000180025095e-35 2.0762332303598612 -1.1008751132788939 0.67377780116350483 0.01443751569072871 0.75706745589152269 0.010654879915014048 -1.1100483584575815 0.059948852170679919 0.090500303591036571 -0.026276030214027298 0.074067940574290794 0.085623198180254559 0.0055173859025404292 0.0044354176637267399 0.069399657099751391 0.57254031279556139 -1.430208149004369 -0.24775761778250421 2.1457240176290679 0.011958480072483048 -0.0038235390387544306 0.37653966248440707 0.04252273045038802 -1.0000000180025095e-35 -0.13142572507020364
decision_type=8 10 10 10 10 10 2 8 10 10 10 8 8 10 10 10 10 10 10 10 10 8 10 10 8 10 10 10 8 10
left_child=2 5 9 4 7 11 -6 8 -3 15 -8 12 23 25 -9 19 17 -17 -18 20 -1 -13 -14 -2 -5 -7 -23 -15 -4 -11
right_child=1 3 28 24 6 13 10 14 -10 29 -12 21 22 27 -16 16 18 -19 -20 -21 -22 26 -24 -25 -26 -27 -28 -29 -30 -31
leaf_value=-0.0085449712239552521 0.0066579428360065245 0.020655747358498983 0.022145541422467101 -0.010530626047282438 -0.010145190258106016 0.0075677570791410371 0.0094533848177156109 -0.0026088230987849977 0.0089507546779754744 0.0022009562832625688 -0.0020311457471887066 0.019840888221461381 -0.01299141461400328 -0.0094011544006147255 0.011515355469061015 -0.0072392189366363947 0.0070540279812325128 0.012229229879733454 -0.011698612416214314 -0.02329192421428429 -0.014159565412024245 0.0045172249440293254 0.0016944487655589997 0.020998497835571402 0.0042528914736286094 0.024725552960944603 -0.0027900738426565037 0.0076408486582631701 0.00110713097370145 -0.0055442987902396441
leaf_weight=229.94742028653855 92.625135882291943 89.932570233941078 7.8338840738870203 11.594310815678908 9.4040526119060797 12.426616152282804 152.83624299860094 16.059522113529965 54.051080738892779 17.959800781565718 23.140917453914881 3.5288247026037425 11.762224360601975 5.9688900574110475 37.805554223246872 16.643552161287516 8.1564190097851661 16.064419775968418 64.805879021645524 16.034116755705327 125.77511064417195 36.822320784092881 23.21395005332306 9.0562560891266894 18.231748551130298 13.399939328432083 135.33808943937765 11.948421534965744 3.9672567808302102 94.805737193557434
leaf_count=55976 2396 883 243 311 157 225 2557 269 802 2514 488 114 404 190 485 4029 1993 4047 15074 3766 30573 2558 777 197 418 150 8390 326 189 17864
internal_value=2.73252e-05 0.00664597 -0.00842112 0.00971423 0.0106006 0.00306124 0.00694109 0.0139623 0.0163745 -0.00893958 0.00792328 0.00190224 0.00517768 0.0110423 0.00727885 -0.0100236 -0.00582438 0.00231278 -0.00949467 -0.0111903 -0.0105727 -0.000643421 -0.00338474 0.00815646 -0.00155179 0.0171716 -0.00119277 0.00160812 0.0159463 -0.00427586
internal_weight=1371.14 769.147 601.994 413.056 383.23 356.091 185.381 197.849 143.984 590.192 175.977 312.347 136.658 43.7439 53.8651 477.427 105.67 32.708 72.9623 371.757 355.723 175.689 34.9762 101.681 29.8261 25.8266 172.16 17.9173 11.8011 112.766
internal_count=158365 22097 136268 6370 5641 15727 3202 2439 1685 135836 3045 14836 3774 891 754 115458 25143 8076 17067 90315 86549 11062 1181 2593 729 375 10948 516 432 20378
is_linear=0
shrinkage=0.03


Tree=20
num_leaves=31
num_cat=0
split_feature=59 57 32 7 72 43 70 14 53 32 69 43 23 42 44 53 44 76 66 37 43 1 14 53 24 19 37 70 16 14
split_gain=79.8642 12.5009 8.41962 7.79897 5.73813 6.00258 3.87705 3.82851 2.99037 2.76249 2.72866 2.69462 2.65073 2.61018 2.7534 3.50243 2.68158 2.26011 2.18651 2.05666 1.87321 1.85513 1.80202 1.77806 1.76136 1.74224 0.909185 0.849357 1.23967 0.82887
threshold=0.87863095545568826 0.0085745007398149112 0.40615044897372876 0.011961857633773986 2.0737793983761557 0.047820791633721112 1.6541947705853748 -0.35275345043080281 0.020765565365582783 0.15272151996761937 0.80219728403289337 -0.0062752558754549095 -0.026225631644613275 0.024424182527982622 0.11987758590221288 0.016926753424887551 0.057719583043885588 -0.13316735185361031 0.98957245998608223 -0.73697231471170677 0.03726390938591851 -0.014090949194553891 -0.16307496199048008 0.01449245750998006 -0.39674951830747368 -1.460780414330912 -0.18021239156760743 -0.2240300111497423 0.082134851915149701 0.56483975878837844
decision_type=8 8 10 10 10 10 10 10 10 10 10 8 10 10 8 10 10 10 10 8 10 10 10 10 10 8 10 10 10 10
left_child=2 7 8 11 10 6 -6 24 13 25 18 27 -12 14 15 -1 23 -9 -5 22 -18 -21 -13 -15 -2 -10 -4 -3 -29 -16
right_child=1 3 26 4 5 -7 -8 17 9 -11 12 19 -14 16 29 -17 20 -19 -20 21 -22 -23 -24 -25 -26 -27 -28 28 -30 -31
leaf_value=-0.010072405160371502 0.026778182441678948 -0.014184238903591863 0.022011741377942477 0.0033059370938665119 0.0024713201851445086 -0.0065826637346160536 0.015643009698353801 0.013864455278097636 0 0.00034140471880671913 0.014506550944791037 0.0091412852219595036 0.0037613555159163752 -0.014975060416254704 -0.022582189367329388 -0.0016126461893433833 0.0088391878562788032 -0.0021394285858660554 -0.011584049173514776 -0.0021635927829553566 -0.0035897155854779511 0.0046976461183650883 -0.0085024503455646012 -0.0033853834196512496 0.014970516717277218 -0.023844442075677423 0.0042398925172058306 -7.1388390696222609e-05 -0.015222555437555581 0.0016400189343988493
leaf_weight=352.68286670517409 28.535482188686728 9.6693101476412249 6.6598594535607845 196.56710503925569 25.19893603422679 14.008988256333394 122.33536108466797 18.805779007263485 2.9251960725523531 5.9730555568821719 40.933389129582793 5.4436809013132033 44.525563373113982 21.276208557421342 16.882865906110968 51.781354765989818 17.644505376229063 12.379101518541573 8.2493946949252841 45.640051579859573 25.058217594400048 143.75846948230173 25.815413184580393 29.183447769843042 31.076653367839754 26.011585626984019 5.5366783094359544 21.417585848830644 5.4505067247664547 0.9827922519762059
leaf_count=85800 186 646 157 6061 577 298 1451 206 751 1009 652 167 1128 4988 3927 12816 4371 203 332 2507 5757 6833 1036 7279 261 6872 244 1021 295 127
internal_value=2.7395e-05 0.00611855 -0.00862219 0.00475585 0.00712609 0.0116602 0.0134453 0.0165592 -0.00917982 -0.0177424 0.00456113 0.000568916 0.00905108 -0.00856092 -0.00956969 -0.0090034 -0.00390293 0.00754928 0.00263827 0.00183626 0.00156193 0.00302583 -0.00514872 -0.00852649 0.0210207 -0.0214622 0.0151041 -0.00684996 -0.00368858 -0.0210744
internal_weight=1362.41 799.811 562.599 709.014 451.819 161.543 147.534 90.797 550.402 34.9098 290.275 257.195 85.459 515.492 422.33 404.464 93.1624 31.1849 204.816 220.658 42.7027 189.399 31.2591 50.4597 59.6121 28.9368 12.1965 36.5374 26.8681 17.8657
internal_count=157958 23860 134098 23004 10499 2326 2028 856 133697 8632 8173 12505 1780 125065 102670 98616 22395 409 6393 10543 10128 9340 1203 12267 447 7623 401 1962 1316 4054
is_linear=0
shrinkage=0.03


Tree=21
num_leaves=31
num_cat=0
split_feature=59 69 59 69 61 72 32 66 31 53 48 37 38 42 44 44 53 29 44 54 64 60 46 7 50 38 38 14 23 73
split_gain=68.395 7.90545 7.83018 6.53108 6.2616 4.39001 4.3261 4.08 4.10254 3.3672 3.34976 3.43316 3.30345 3.01201 3.54009 3.23884 2.38224 2.37951 2.32851 2.37816 1.969 2.9713 1.94621 2.75191 1.5549 1.492 1.30663 1.09176 1.21675 1.26356
threshold=0.90179360784418805 -2.3446232655665509 0.76488948104141186 1.2915350115504582 0.69085146289890209 2.0737793983761557 0.40615044897372876 0.53072047687660195 0.10740810281565606 0.020765565365582783 -0.0017067527374393097 0.26700001005028795 1.2532781770515169 0.024424182527982622 0.057719583043885588 0.11987758590221288 0.010900370295388781 0.80877131074003117 0.063232386428749413 0.79748760101844973 0.10880808983358108 0.94050188118250755 0.0091848302119384197 0.013409741683580898 0.0052408444847511513 1.0595924677069422 0.75460524566744558 0.98300017197780165 0.022795457217368423 0.15360053314454417
decision_type=10 8 8 10 10 10 10 10 8 10 10 10 10 10 10 10 10 8 8 10 10 10 10 10 10 10 10 10 10 10
left_child=2 7 6 5 20 16 9 24 -9 13 12 -12 -7 15 -15 -1 26 -18 19 -11 -5 -22 23 -6 -2 -24 -3 28 29 -4
right_child=1 3 27 4 22 10 -8 8 -10 18 11 -13 -14 14 -16 -17 17 -19 -20 -21 21 -23 25 -25 -26 -27 -28 -29 -30 -31
leaf_value=-0.0089765179380080339 0.025083504477510739 -0.0002798387535569198 -0.0015773651276171621 0.0040408440530091839 0.0016135039247577793 0.011674666106963031 0.011800786246914179 -0.004057583125918863 0.014803741424945022 -0.026628465054287124 -0.010029103218470467 0.0085160724838005131 -0.0063489035955590026 -0.0087816029636808585 0.0037503107063894953 -0.023098472693528004 0.0035848201096927751 -0.002494077490953261 -0.0026126828468183497 0.0033354022875925139 0.010901342609882448 0.02367806392052494 -0.011551408959736534 0.014847539475163783 0.013968843814701811 0.0051743097171643611 -0.023624352149256341 0.015707692141843151 -0.0060619350216995355 0.0076229704839997992
leaf_weight=350.77062030340312 27.593045575544238 4.1184453037567419 139.63067140831845 12.165865493938325 38.545292142312974 99.428648243891075 8.0767681337892991 17.198370962403715 23.233100764453411 20.371551369433295 16.809291824232787 17.088775582611561 9.2213976756902394 43.451058314996772 36.126245361403562 15.070884505170396 171.15556290803943 85.940884352196008 6.7888028402812806 2.2527405158616594 35.556135239079595 38.304852033033967 10.080738020362334 22.180539661552757 31.858347948640585 7.3897080085007465 4.3211588722188026 2.139681556611321 50.220541251590475 13.800693060213232
leaf_count=86028 203 150 15181 164 1077 1562 227 248 215 5280 382 277 248 10776 8811 3542 4622 3836 1648 612 595 381 328 336 255 188 160 104 9349 1399
internal_value=-6.35955e-05 0.00673666 -0.00670532 0.00535131 0.0103967 0.00329316 -0.00879191 0.0145129 0.00680399 -0.00917256 0.00752368 -0.000617968 0.0100737 -0.00847412 -0.00307924 -0.00962783 0.000991116 0.00153938 -0.0190244 -0.023503 0.0159534 0.0177953 0.00412132 0.00665816 0.0195067 -0.00441717 -0.0137867 -0.0017756 -0.0020498 -0.000686393
internal_weight=1360.89 672.19 688.7 572.307 164.223 408.084 482.909 99.8829 40.4315 474.832 142.548 33.8981 108.65 445.419 79.5773 365.842 265.536 257.096 29.4131 22.6243 86.0269 73.861 78.1963 60.7258 59.4514 17.4704 8.4396 205.792 203.652 153.431
internal_count=158184 15227 142957 14306 3069 11237 116924 921 463 116697 2469 659 1810 109157 19587 89570 8768 8458 7540 5892 1140 976 1929 1413 458 516 310 26033 25929 16580
is_linear=0
shrinkage=0.03


Tree=22
num_leaves=31
num_cat=0
split_feature=59 69 72 32 7 69 43 9 46 45 46 46 16 17 43 43 59 78 3 18 65 50 49 14 44 46 48 43 59 46
split_gain=65.0482 9.30874 7.01766 6.4665 5.21277 4.11102 2.80464 4.14846 2.73815 3.50382 3.05113 6.12338 2.6761 2.7403 2.61724 2.79477 2.46961 2.36511 2.30272 2.25413 2.39798 2.13159 1.66611 1.6463 2.88373 1.22322 1.04636 0.782874 0.721098 0.648237
threshold=0.87863095545568826 -2.3446232655665509 2.0737793983761557 0.32248815802103287 0.0092476477046607615 1.2915350115504582 0.047820791633721112 2.3972189862257141 0.034133759215293408 0.017937755590757574 0.0098034715565004805 0.0090042221378546488 0.14870992420941467 -0.056379610771099674 0.0093533666744997097 -0.0013369895108847894 0.98960494467496563 -1.6657567047371205 -0.095181390262258289 29.123813523740989 0.096741006239214139 0.061574548261462143 0.0052043558200318705 0.28607029863116068 0.16428366975657974 0.0060978645455475001 -0.0034683511641085958 0.042515471649484778 0.95183240791908996 0.0098034715565004805
decision_type=8 8 10 10 10 10 10 10 10 10 10 10 10 2 10 10 10 10 10 10 10 10 8 8 10 10 8 8 10 10
left_child=3 16 5 8 25 12 18 -8 9 10 11 -1 13 -3 15 -7 19 -16 -6 -2 -21 -12 -22 -5 27 28 -27 29 -4 -25
right_child=1 2 4 23 6 14 7 -9 -10 -11 21 -13 -14 -15 17 -17 -18 -19 -20 20 22 -23 -24 24 -26 26 -28 -29 -30 -31
leaf_value=-0.0085547206699248084 -0.0015249724006927716 -0.0020629582487501023 -0.0027306308758123449 -0.0054445728075362158 0.0042254420985057672 0.0066566915136281272 0.011431359998745564 -0.016689124907655797 -0.022201381246697249 0.0065670743922054305 -0.013764726088994712 0.002958905814781739 -0.011840636955710439 0.0033030147821827872 -0.0050082275052715144 -0.0091107080813595427 0.019602721541272086 0.012017997076952693 0.013475700904232406 0.019833367517813668 0.012895208384267247 0.00037679539735826183 -0.0020940561308906529 -0.0029167386736710602 0.027817823539559933 -0.0076707581339637704 0.011062049306818389 -0.010613489800634713 -0.019555248872811421 0.014996033402861498
leaf_weight=337.85987602977548 12.247646616306154 137.93633174977731 5.0731251672841626 4.3927368466393091 32.289898086106405 27.044255155953579 9.7172791894990969 7.4213921339251092 12.403962589334695 13.296082856017163 116.10223056061659 46.466602854547091 13.643044922035186 220.95726900291629 7.3725063910242161 14.779896177118642 42.273107254877687 70.455746707972139 132.10400554188527 21.352469520643353 12.69012569822371 9.9435222879983467 11.988825055304915 2.4409492244012654 6.1621331714559346 4.0169727772008628 4.6605463819578272 2.3530018758028763 5.0419179061427712 2.9468324738554657
leaf_count=83419 182 5717 194 484 505 743 183 171 3388 3200 29281 11326 830 10103 191 418 285 1470 1934 204 137 2330 178 204 78 159 162 130 162 139
internal_value=-2.01189e-05 0.00548606 0.00422856 -0.00789823 0.00895417 0.00228485 0.0105148 -0.000828759 -0.00850325 -0.00813138 -0.00853226 -0.00715083 0.000715125 0.00123233 0.00710089 0.000932089 0.0139902 0.010324 0.0117135 0.00960643 0.0126014 -0.0126313 0.00569874 0.00919571 0.0140777 -0.0057396 0.00218375 0.000865304 -0.0123917 0.00722481
internal_weight=1347.43 793.066 692.514 554.368 200.325 492.189 181.533 17.1387 536.072 523.668 510.372 384.326 372.537 358.894 119.652 41.8242 100.552 77.8283 164.394 58.2791 46.0314 126.046 24.679 18.2957 13.9029 18.7926 8.67752 7.74078 10.115 5.38778
internal_count=157907 23928 22942 133979 3470 19472 2793 354 132944 129556 126356 94745 16650 15820 2822 1161 986 1661 2439 701 519 31611 315 1035 551 677 321 473 356 343
is_linear=0
shrinkage=0.03


Tree=23
num_leaves=31
num_cat=0
split_feature=59 59 32 3 14 53 36 30 25 17 69 14 77 53 53 44 42 44 8 30 26 46 37 70 49 52 76 36 58 44
split_gain=58.8608 6.95243 5.69334 4.75568 5.29945 3.30018 3.01755 5.61755 3.37555 2.56933 2.39869 4.29065 2.47002 2.27164 2.52381 6.04742 3.61127 2.20426 2.45714 2.35405 2.09575 1.93957 1.86056 2.66158 1.76502 2.13261 1.74671 1.58145 4.65769 1.55381
threshold=0.87863095545568826 0.97481634163099218 0.40615044897372876 0.037857749195329367 0.33660504023620069 0.019858297474099552 -0.23407605539944401 0.66855763757242848 -0.67872938730447252 0.27378807722501902 -0.73967000725460108 -0.08979951549178726 -2.0901983754108575 0.010900370295388781 0.017635968509871418 0.043656292209295906 0.017294894173962575 0.074697451810853868 0.0088171042640475365 0.56609620483284206 0.71713073583453346 0.0058836300152581992 0.40643679325359366 1.4231008693107448 0.017644467003675283 0.72244714349977512 0.97168907542944971 0.12346277859743492 0.97486908239256875 0.079481901763222243
decision_type=8 10 10 8 10 10 10 10 10 2 10 8 10 10 10 10 10 10 10 10 10 10 10 10 10 2 10 10 10 10
left_child=2 3 5 4 17 13 7 9 27 -3 11 -10 -12 21 16 -16 -15 18 -2 -19 -9 -1 23 -6 25 -7 29 28 -8 -5
right_child=1 6 -4 26 22 24 8 20 10 -11 12 -13 -14 14 15 -17 -18 19 -20 -21 -22 -23 -24 -25 -26 -27 -28 -29 -30 -31
leaf_value=-0.0049249760902221607 0.00010104993320183083 0.02251917042242756 0.011729898588538418 0.0011463330316764475 0.0012433949425480586 -0.014915058207439637 0.018251668114029871 0.011601204343682971 0.0043541590595825705 0.0080831961742862356 0.020333690015808221 -0.015767546086368055 0.0051735015939754908 -0.010256603486793994 0.011440894389602274 -0.010804129873461521 -0.0041221547584553075 0.0070744994986850938 0.0063227813084908687 -0.0086958894837364416 -0.0046616758536327067 0.012440711512281008 0.02050926139381708 0.018207097373636957 -0.021946897754418181 0.0037075888391730092 -0.011059058779457504 0.020550450802401969 -0.0066529610261375702 -0.0071338240734414955
leaf_weight=13.611143767717296 85.142583140870556 43.466731183230877 12.395220795064231 122.38950704608578 20.168526413384825 16.931271593784917 15.805184778058903 11.101829934865238 32.860263029346243 17.869786439929157 10.371224471367894 12.2484148805961 86.641851185122505 301.5773309256183 19.059196916641667 23.313176412601024 126.3236843921477 11.73050752840936 179.19681723346002 24.427637901389971 16.184461979195476 8.5155435821507108 21.109803996514529 13.90170406992547 22.257403061841615 7.1839188202284268 13.759224934154188 18.710448844358325 10.390769865829496 23.410541126970202
leaf_count=3247 3658 327 384 6919 498 4601 211 133 559 201 123 257 1530 75368 4756 5774 31342 380 5065 872 243 1983 294 203 5444 1613 727 240 171 1285
internal_value=-0.000101206 0.005139 -0.00762166 0.00306288 0.00499075 -0.00809334 0.00898367 0.013581 0.00672863 0.0185587 0.0043751 -0.00126792 0.00701574 -0.00733285 -0.00777564 -0.000696009 -0.00846644 0.0033831 0.00433803 -0.00344619 0.00202527 0.00187751 0.0134762 0.00857244 -0.0157798 -0.00932119 -0.00122022 0.0138543 0.0083814 -0.000202282
internal_weight=1342.06 790.888 551.168 515.237 355.678 538.773 275.651 88.6228 187.028 61.3365 142.122 45.1087 97.0131 492.4 470.273 42.3724 427.901 300.498 264.339 36.1581 27.2863 22.1267 55.18 34.0702 46.3726 24.1152 159.559 44.9064 26.196 145.8
internal_count=158408 23896 134512 19901 10970 134128 3995 904 3091 528 2469 816 1653 122470 117240 10530 106710 9975 8723 1252 376 5230 995 701 11658 6214 8931 622 382 8204
is_linear=0
shrinkage=0.03


Tree=24
num_leaves=31
num_cat=0
split_feature=59 59 32 38 33 32 23 31 3 69 53 8 66 53 45 33 53 53 52 45 45 52 49 6 69 40 32 54 17 32
split_gain=57.2074 7.42728 7.40698 3.43871 3.34413 3.57721 4.06904 3.88289 3.24169 5.324 3.16308 2.86542 3.00333 2.88947 2.82188 2.78529 2.7277 2.55558 3.95212 3.57902 2.33736 1.65255 1.82887 1.51071 1.42524 1.42454 1.34698 1.28543 1.11928 1.07461
threshold=0.89016505466778817 0.97481634163099218 0.35371090442331415 1.3414659123964399 0.032790903297737921 -0.24621379805880114 0.087749451307542206 -0.053431165966648146 0.037201673114275365 1.788957377697374 0.019656345392460046 0.0093499129995874251 0.95914193898418276 0.016926753424887551 0.01843872332398748 0.07426752985403362 0.013591519621708337 0.017635968509871418 0.57588735318928053 0.011930488655915996 0.0075067184583152294 0.85743321718931476 0.036523203015701562 0.027391146292134155 1.3636166535769079 0.013296021007864615 0.24272098452544458 0.43507809265933584 -0.051778704056265716 0.1220983057360245
decision_type=8 10 10 10 10 10 10 8 8 10 10 10 10 10 10 10 10 10 2 10 10 2 10 10 8 10 10 10 2 10
left_child=2 3 10 8 11 -6 7 -7 9 15 14 28 13 -13 17 -2 -11 19 -19 -1 -8 22 -10 -23 -4 26 27 -12 -3 -5
right_child=1 4 24 29 5 6 20 -9 21 16 25 12 -14 -15 -16 -17 -18 18 -20 -21 -22 23 -24 -25 -26 -27 -28 -29 -30 -31
leaf_value=-0.0068016459494609277 0.0035122745734083257 -0.0071201930651270317 -0.00045357460063215072 -0.0074971984756264168 0.014128951459602248 -0.026042120940279474 0.010824037938093917 -3.811613409521521e-05 0.00042122532124433978 0.0065642416452675054 -0.0028481139879719028 0.015979541643792016 -0.0010899147968601252 0.0060400562003647927 0.0086123811832564939 0.017783078748211962 0.023420182259517572 0.013595096223480213 -0.0065407772687988471 -0.016260096849329244 -0.0045322376983751604 0.0049992347649486634 0.015843547900973726 -0.016467921681487894 0.017053599319462313 0.00014073021360948957 0.00036201172000143643 -0.019468371793785931 0.0066189221935456779 0.0059878422010147649
leaf_weight=424.70380014891271 252.09080762020312 8.402740948833527 5.5748884594067931 31.495018356246874 23.110139296855778 7.3117946479469538 27.754869163734838 14.287690343800934 124.31355654262006 17.139918726868927 5.5942649889038867 129.2757928930223 12.489566756179554 36.456493058241904 9.5897478212136757 12.173172502545638 20.682658731471747 12.566151510109192 23.768260597484186 39.725854183896445 11.938014850718899 3.492824070621281 6.3692941896151742 8.2953212163411063 12.197315937373789 4.9822814345825455 3.7339004175737491 38.369594171410426 11.249612926039843 5.3311935137026003
leaf_count=101974 8266 219 461 1285 280 182 478 293 6933 254 1232 1394 285 455 2060 266 241 3044 5778 9465 294 169 220 365 306 1196 593 10078 182 201
internal_value=0.000203832 0.00559976 -0.00688317 0.00331331 0.00946294 0.00433497 0.000426475 -0.00973648 0.00404885 0.00580386 -0.00749378 0.0116024 0.0127958 0.0138605 -0.00673518 0.00424552 0.0162248 -0.00705165 0.000520417 -0.00765034 0.00613389 0.000292234 0.00131028 -0.00997908 0.0116704 -0.0145247 -0.0160896 -0.0175306 0.000538917 -0.00535902
internal_weight=1344.47 763.66 580.806 481.384 282.277 84.4025 61.2924 21.5995 444.558 302.087 563.034 197.874 178.222 165.732 510.354 264.264 37.8226 500.764 36.3344 464.43 39.6929 142.471 130.683 11.7881 17.7722 52.68 47.6978 43.9639 19.6524 36.8262
internal_count=158449 22262 136187 18200 4062 1527 1247 475 16714 9027 135420 2535 2134 1849 122321 8532 495 120261 8822 111439 772 7687 7153 534 767 13099 11903 11310 401 1486
is_linear=0
shrinkage=0.03


Tree=25
num_leaves=31
num_cat=0
split_feature=71 71 28 69 45 54 27 12 42 42 33 78 46 34 8 57 35 43 42 45 5 8 12 9 75 10 17 54 43 32
split_gain=53.1627 7.76672 6.04019 4.33639 3.96807 3.44714 3.1929 3.37961 2.63343 2.83627 2.62699 3.17556 2.60494 3.66349 2.5627 2.18234 3.59835 2.16086 4.34588 4.05046 1.60134 2.82856 2.52398 2.22445 2.06708 1.76169 1.5727 1.96296 1.50329 1.41426
threshold=0.9843585577274826 1.762121107196345 -0.12266603089121168 1.6493751801400169 0.004263813630150535 0.53096810766953684 -0.011565316692675074 -0.098397170909097761 0.055434110044205183 0.031861202967666598 -0.03807572494928485 0.43996574534820293 0.0057603814407279309 0.00088945545243308724 0.018534200217634179 0.96719734942567903 0.028564713612206458 -0.053124606254679956 -0.018482152589615549 0.0097751226450800924 0.0092514622614849173 0.0090031509826765978 -0.0063847418267529146 0.3387733377655629 0.33866019025953092 1.1446129657504507 -0.21082144829600866 0.64237726703965958 0.030340811553025041 0.40615044897372876
decision_type=8 10 10 10 10 10 10 10 10 8 10 10 10 10 10 10 10 10 10 10 8 8 10 8 10 10 2 10 10 10
left_child=3 15 4 8 10 12 7 -6 9 17 -3 -12 13 -4 -14 20 -17 18 -1 -19 22 25 -2 -24 -23 -22 -7 -28 -8 -5
right_child=1 2 5 29 6 26 28 -9 -10 -11 11 -13 14 -15 -16 16 -18 19 -20 -21 21 24 23 -25 -26 -27 27 -29 -30 -31
leaf_value=-0.0075815701322229801 -0.012210101038888173 0.012618390340712143 0.013221252514534095 -9.452992951388462e-05 0.0080844107872657597 -0.0034083394472388577 -0.0090209834953352934 0.015916619360768387 -0.019918651333090256 0.00022464147139115133 -0.01506735814116144 0.0064507616409088453 -0.010214134693800628 -0.0014960993105748873 0.0015598571617094813 0.016163629217686219 -0.0021908126922132935 -0.0071064845752293049 0.015792146694611459 -0.014577012080901595 -0.0099141506319084093 0.0028787646788128577 0.02635661429955127 0.0031866764844159464 -0.0060678005420233541 -2.3414182134567793e-05 0.012227381757183136 -0.0041162098400291097 0.0079719940353143223 0.014142596030613866
leaf_weight=22.383652940276082 3.2415918463375446 10.17338966578245 25.856742722913623 19.883637934108268 89.963287092279643 7.6447207983583203 8.6182527878554556 128.71029008633923 15.213498973171225 40.007209628238343 12.078741783276202 10.649281901773064 28.781786595005542 34.006886076880619 36.382261771359481 20.808122154790908 16.352720236871392 348.44566399732139 9.3099472358589974 82.744032672781032 35.354925190098584 172.42924400663469 6.267740779789162 9.0274341469630599 25.718868640367873 30.357966375187971 54.806494865217246 6.717252117348834 8.0867694397456926 7.903064682846888
leaf_count=5506 196 143 470 3991 1388 221 174 1786 3870 9715 190 140 761 802 792 305 620 87277 1923 20918 2541 8245 99 562 2085 1214 1203 189 136 145
internal_value=2.29341e-05 0.00503785 0.00752065 -0.00715195 0.0104378 0.00344248 0.0117972 0.0127595 -0.00777354 -0.00736137 0.000562656 -0.0050116 0.000427063 0.00492422 -0.00367094 0.00142306 0.00816234 -0.00802257 -0.000350791 -0.00857741 0.000499975 -0.000102035 0.00878943 0.0139003 0.00167783 -0.00545865 0.00876658 0.0103577 -0.00063973 0.00420119
internal_weight=1327.93 782.035 462.476 545.891 268.28 194.196 235.379 218.674 518.104 502.891 32.9014 22.728 125.028 59.8636 65.164 319.559 37.1608 462.883 31.6936 431.19 282.398 263.861 18.5368 15.2952 198.148 65.7129 69.1685 61.5237 16.705 27.7867
internal_count=157607 24262 8395 133345 3957 4438 3484 3174 129209 125339 473 330 2825 1272 1553 15867 925 115624 7429 108195 14942 14085 857 661 10330 3755 1613 1392 310 4136
is_linear=0
shrinkage=0.03


Tree=26
num_leaves=31
num_cat=0
split_feature=59 57 32 66 72 37 38 38 28 54 46 46 72 46 59 45 66 48 69 54 57 18 9 8 76 52 17 59 61 49
split_gain=44.9727 5.58647 4.93385 4.26727 4.08356 3.5965 3.73167 3.64192 3.39489 3.00507 2.66391 5.10164 4.10911 3.31789 2.77435 2.63712 2.6213 2.60291 2.5725 2.65495 2.55876 2.55726 3.16916 2.4289 2.37259 2.34379 2.35388 2.14565 1.91649 1.70251
threshold=0.89016505466778817 0.0085745007398149112 0.28034760572583078 0.22032067943039135 1.6190998429190839 0.44137199300291924 0.83056889229830466 1.2773409215763476 -0.38975637630218746 0.49446345956972143 0.0098034715565004805 0.0090042221378546488 -0.59241999096545317 0.0076388682106252152 0.5914195923273402 0.017937755590757574 0.86225053961289422 -0.02450596148807976 1.0948785235165206 0.57514232024538892 0.029258130170071891 62.27177212455846 0.60776434840884586 0.016826291913887615 0.041755841856551859 0.76610811371653875 -0.56026869236374932 0.38946300843386361 0.12111774616007855 -0.016114930057669282
decision_type=10 8 8 10 10 10 10 10 10 10 10 10 10 10 10 10 10 10 8 10 10 10 10 10 8 2 2 10 10 10
left_child=2 3 10 -2 18 6 20 9 -5 -7 11 13 29 17 -15 27 -8 -1 19 -3 -6 -4 -23 -17 -10 26 -20 -12 -27 -13
right_child=1 4 21 8 5 7 16 -9 24 -11 15 12 -14 14 -16 23 -18 -19 25 -21 -22 22 -24 -25 -26 28 -28 -29 -30 -31
leaf_value=-0.012159742646126251 0.020399529675454782 -0.0026079874026768029 -0.0027229353183380531 0.01630313678826022 0.0094878020661334408 0.019094794282872449 0.0092443909959232917 -0.0027212020358139948 0.0062444986444510041 0.0070817104449336296 -0.016353203610699849 -0.010259376616521883 -0.0026082653312630519 -0.016574336438099194 -0.0042353306708027769 0.0094237820866148077 -0.0048361169332520231 -0.0039891896646940027 -0.010601296705305656 0.0045553709221592773 -0.003826957739452077 0.018870818932361286 -0.0013284743500924308 -0.010144596191913241 -0.010618492677052765 0.023500841476011659 0.0044831517848412461 -0.0083083524643499072 0.006815936025840276 0.018910883298499638
leaf_weight=41.649888641666621 34.383197898976505 139.34053659025813 58.113682713767048 18.066459350287914 15.536221355199812 44.521835777442902 101.79775274405256 13.265033534495158 19.797167823649943 36.705432896735147 57.818874392309226 1.2705978017766035 31.71695282071596 49.92703238944523 26.568595874938183 10.350304430583494 12.537104249815455 229.22174077149248 9.5876824292354268 68.631715669529513 58.993970619165339 12.303468594793232 13.938728736946358 10.464676484814843 10.747119347564878 8.9265746306628007 73.583714867942035 74.800186619977467 22.430710534099489 13.999923255876634
leaf_count=10000 265 5332 5049 137 254 562 1872 361 237 657 14593 292 8045 12394 6138 2433 311 55759 256 2302 1579 447 1473 2881 185 101 1969 18549 557 3040
internal_value=-0.000186031 0.00511072 -0.00596163 0.0123911 0.0040897 0.00671537 0.00426162 0.0114924 0.00636907 0.0138549 -0.00700053 -0.0056527 0.00352243 -0.00690896 -0.0124374 -0.0103863 0.00764587 -0.00529665 0.00175982 -0.000219206 -0.000922836 0.000752601 0.00837677 -0.000290705 6.75617e-05 0.00535029 0.00260334 -0.0119343 0.0122379 0.015818
internal_weight=1321 688.852 632.145 82.9939 605.858 283.357 188.865 94.4923 48.6107 81.2273 547.789 394.355 46.9875 347.367 76.4956 153.434 114.335 270.872 322.501 207.972 74.5302 84.3559 26.2422 20.815 30.5443 114.529 83.1714 132.619 31.3573 15.2705
internal_count=158030 16937 141093 824 16113 5596 4016 1580 559 1219 134124 95668 11377 84291 18532 38456 2183 65759 10517 7634 1833 6969 1920 5314 422 2883 2225 33142 658 3332
is_linear=0
shrinkage=0.03


Tree=27
num_leaves=31
num_cat=0
split_feature=58 57 38 57 7 9 63 14 16 48 78 55 30 44 44 53 53 44 44 60 7 20 57 9 57 53 78 23 18 8
split_gain=43.0074 8.6804 6.59299 6.16066 4.96209 3.75063 3.53255 3.16138 3.29297 2.96964 3.53831 3.30842 2.40017 2.37825 4.55931 3.81943 5.66616 2.37082 2.14327 1.99738 1.98521 1.95399 1.75816 1.74204 1.68668 1.5148 1.40394 1.40251 2.41351 1.3103
threshold=0.80490309009866301 0.012806844896397137 1.2838507762466802 0.97080288796103009 0.016657051333041229 3.3868714407679774 0.2521645427286357 0.44883178542511587 0.079760818985702434 -0.068583797197533145 0.11370342544567964 0.10481264819239608 0.6634850185469362 0.077141816382879549 0.083205026635764803 0.019656345392460046 0.01728576884807179 0.076579330989720598 0.00083594828880284588 0.98581558827635496 0.0094194857844852545 -0.012837877876755719 0.0043243293783250597 1.1133061061019236 0.9095668413226653 0.01249303703187272 1.8862571142118574 0.020492591724327051 60.700192700512069 0.0064446587189762412
decision_type=10 8 10 10 10 8 10 10 10 10 10 10 10 8 10 10 10 10 10 10 10 10 8 8 10 10 10 10 8 10
left_child=3 9 4 6 5 17 22 12 -9 -2 25 21 -6 15 23 16 -8 -3 -5 -7 -20 -12 -1 -15 -16 -11 -4 28 -24 -29
right_child=1 2 26 18 7 19 13 8 -10 10 11 -13 -14 14 24 -17 -18 -19 20 -21 -22 -23 27 -25 -26 -27 -28 29 -30 -31
leaf_value=0.012430315143879505 0.023030573657267957 0.0031369630377092476 -0.00029546048218509458 -0.009564063612372619 0.0099576070443358842 0.0035957607843278652 -0.0091247038365561556 0.020988111719719846 0.0036920133121807158 0.023344016727404607 6.1378773194360541e-05 -0.012633619390455273 0.0025420551184235636 0.015937438251781372 -0.0083241583662515325 -0.020202063800763653 0.0052508713588673307 -0.003807277982867196 0.0047265443487775243 0.023170315466298223 0.023196201217918266 0.017330550379531962 -0.0043125616451667051 -0.0036297151036473485 0.0050080025169535513 0.010705437052442418 -0.0080218458592300357 -0.024497592275694001 0.0042694473674355438 -0.0054696427074633434
leaf_weight=5.6911284984089425 23.006515559507534 220.05119281559018 50.384212181030307 4.3656070824945372 89.508159252349287 9.1662689576623979 280.14449378312565 31.965443826979026 15.527476451592518 15.955866979260461 12.874096854357052 8.3563326991861668 73.320514002058189 12.250628202455117 63.018485872016754 24.427940558525734 26.136037426651455 54.080670429742895 16.492807460715998 10.842184061650185 7.6669060974381855 10.472468820284121 120.39736348332372 5.1416093241423395 8.8828255620319378 27.61854379880242 36.699777178699151 4.0149427921278429 37.757977482047863 13.799064031103624
leaf_count=128 212 12973 4052 570 2368 318 65597 410 285 142 278 210 2507 2449 15009 6543 6093 3408 1169 129 286 154 21291 1234 1022 264 2947 436 3538 2110
internal_value=0.000149364 0.00532357 0.00393072 -0.00550925 0.00524815 0.00270266 -0.00616062 0.00876424 0.0155879 0.0135525 0.0103525 0.00249126 0.00667265 -0.00767475 -0.00322856 -0.00885286 -0.00787512 0.00174724 0.00787131 0.0149436 0.011396 0.00832461 -0.00262063 0.0101069 -0.00658982 0.0158206 -0.00363975 -0.00319184 -0.00223089 -0.0109918
internal_weight=1320.02 689.83 591.546 630.188 504.462 294.14 601.662 210.322 47.4929 98.2838 75.2773 31.7029 162.829 420.002 89.2935 330.708 306.281 274.132 28.5253 20.0085 24.1597 23.3466 181.66 17.3922 71.9013 43.5744 87.084 175.969 158.155 17.814
internal_count=158132 30657 29397 127475 22398 16828 125450 5570 695 1260 1048 642 4875 97947 19714 78233 71690 16381 2025 447 1455 432 27503 3683 16031 406 6999 27375 24829 2546
is_linear=0
shrinkage=0.03


Tree=28
num_leaves=31
num_cat=0
split_feature=59 59 32 66 63 69 17 46 30 53 53 51 45 45 16 43 66 41 75 8 63 53 5 45 50 17 10 41 45 41
split_gain=40.3699 6.4838 5.11875 3.24671 3.83052 3.09522 3.06954 3.93989 3.6638 3.02806 3.29794 3.33252 2.91683 3.22786 2.7656 2.75405 2.64459 2.17725 2.10464 1.66282 2.35161 1.77632 1.9544 1.71494 1.62287 1.6205 1.53928 1.53632 1.64504 2.19117
threshold=0.89016505466778817 0.95937565144882231 0.35371090442331415 0.96308356125624839 0.080881963450163338 1.788957377697374 0.25280563796204347 0.013090621931615993 0.67026228105180763 0.019656345392460046 0.017635968509871418 0.5696252114306064 0.01843872332398748 0.011930488655915996 0.0023622522161125263 0.045006357771470003 0.045027076366764097 0.0093434319287522011 0.010935284352921227 0.0090031509826765978 0.1323369911956106 0.013751366612732767 0.0092514622614849173 0.017937755590757574 0.0060388391998251753 0.036688149884651695 0.63515610537381062 0.030116918800226381 0.016248166844256593 0.027172943466049152
decision_type=8 10 10 10 10 10 2 10 8 10 8 2 10 10 10 10 10 8 10 10 10 10 8 10 10 2 8 10 10 10
left_child=2 5 9 4 6 19 8 -8 -3 10 12 26 13 -1 -7 16 -6 -13 -17 21 23 22 -2 -21 -16 -22 -12 28 29 -11
right_child=1 3 -4 -5 15 14 7 -9 -10 27 11 17 -14 -15 24 18 -18 -19 -20 20 25 -23 -24 -25 -26 -27 -28 -29 -30 -31
leaf_value=-0.0058628445600520992 0.0091603727442995976 0.016213614170386095 0.010135595459717447 -0.0023757407853733661 -0.0036463578156713436 0.021475615386298233 -0.002664578981354629 0.017300469446572517 0.0064574853975362034 -0.016206480352059464 0.023448665570633381 -0.019854773066999877 0.010647114955382382 -0.014966701660302275 -0.0070661926919179455 0.003809786891291913 0.0077712600721857273 0.00095921520942708605 -0.015569405757967992 0.0059273857527636009 0.0022077956363413861 -0.0089613923027294963 -0.0025159678946069571 -0.0089880666132004256 0.0074266048415528507 -0.0058207750255251057 0.0049492008818705887 -0.021824924712244429 0.000678609892664262 0.0086905104803004628
leaf_weight=414.38726309896447 15.30503971420694 102.97994351387024 16.410724839312024 27.334090372198261 20.515558895887807 10.714559732004998 28.519310594070703 11.687381628900765 56.833569995127618 24.057456544949677 5.3260268846061081 5.9537360754329711 7.9287558649666598 38.499587278813124 7.5873683779500416 9.0796164823696035 119.69529797392897 11.986982998903843 9.0926466598175448 109.51576318999287 48.459672322846018 26.629661771468818 60.748986606718972 6.3769038550090036 34.738270748406649 40.360588060924783 15.205503399949523 14.173832574393598 9.8208270515315217 2.8411946083651847
leaf_count=101750 695 1055 754 760 604 120 436 148 835 6164 1015 1363 1681 9488 245 176 2112 3036 247 3698 2164 1683 3660 233 791 2486 3848 3457 2874 663
internal_value=0.00014536 0.00472924 -0.0058838 0.00743047 0.00819123 0.00181754 0.01096 0.00334511 0.0128245 -0.00638459 -0.00564181 0.00268375 -0.00634769 -0.00667464 0.00844393 0.00462888 0.00606541 -0.00647323 -0.0060366 0.000640776 0.00220799 -0.00244589 -3.89107e-05 0.00501114 0.00465623 -0.00143123 0.0107536 -0.0133646 -0.00952739 -0.0132519
internal_weight=1312.77 746.174 566.592 385.737 358.403 360.437 200.02 40.2067 159.814 550.181 499.288 38.4722 460.816 452.887 53.0402 158.383 140.211 17.9407 18.1723 307.397 204.713 102.684 76.054 115.893 42.3256 88.8203 20.5315 50.8933 36.7195 26.8987
internal_count=158241 22148 136093 6373 5613 15775 2474 584 1890 135339 122181 9262 112919 111238 1156 3139 2716 4399 423 14619 8581 6038 4355 3931 1036 4650 4863 13158 9701 6827
is_linear=0
shrinkage=0.03


Tree=29
num_leaves=31
num_cat=0
split_feature=59 72 4 28 7 53 53 43 9 3 17 78 38 42 56 43 50 71 45 8 38 60 49 53 49 6 8 33 46 36
split_gain=40.9572 5.40568 3.93809 3.5271 3.39758 3.32496 4.01042 3.05577 3.90101 2.78863 3.7445 3.49222 2.90237 2.72597 2.60892 2.54331 2.44566 2.38939 2.95724 2.26912 2.75931 2.15217 2.10137 1.63278 1.53526 1.494 3.48612 1.37319 1.25539 1.2711
threshold=0.90179360784418805 2.0737793983761557 0.3671976892057553 -0.26959219551997288 0.0094194857844852545 0.019447970887333878 0.018097691933190219 0.047820791633721112 2.2917785971642055 0.037857749195329367 -0.053957771986159329 -2.1377269397454346 1.3679373391243179 0.012244993117291105 0.89772703015399336 -0.057004995123478168 -0.001979061560766437 0.22364305777343327 0.01843872332398748 0.010548560926194024 0.94320109889584047 0.67492267975359777 0.017644467003675283 0.012441940561938447 0.01562238643055769 0.070717937891513788 0.018963118141164727 -0.23223497026441389 0.0060978645455475001 0.063263222341479131
decision_type=8 10 10 8 10 10 10 10 10 10 2 10 10 8 10 10 10 10 10 10 10 8 10 10 10 10 10 8 10 10
left_child=2 3 5 15 28 6 17 19 -9 10 11 -5 -12 -8 21 -2 -16 18 -1 23 -21 -11 24 -6 27 26 -17 -7 29 -3
right_child=1 4 -4 9 7 22 13 8 -10 14 12 -13 -14 -15 16 25 -18 -19 -20 20 -22 -23 -24 -25 -26 -27 -28 -29 -30 -31
leaf_value=-0.007316228748606538 -0.0033864939366281461 -0.019501267022338488 0.0061054822869175884 -0.010902246425272114 0.011011245839012831 0.006654083827847164 0.01703373729649868 0.0098904943407198687 -0.016052641011694065 0.0025763029402575141 0.0080811445740773986 0.0023979689083452752 -0.011717026004101922 -0.003825554415617367 -0.014965180148388135 0.013453225000040508 0.0051017235494555989 -0.0022730653421462782 0.012539586749745502 0.016821816931337712 0.0087148366029562371 -0.0086652105870256568 -0.018799075988762938 -0.0056367508837915073 0.010899377896648807 0.021688577561780057 -0.0039337038032624472 -0.011518114894107903 0.0044975836226343593 0.0009677014855917251
leaf_weight=353.70247043482959 11.183187819318844 4.8606287764851022 24.635560452472419 20.242463829927146 8.2976943366229552 3.45501268573571 11.13617277034791 11.403706629294904 7.9811525407712898 21.121387392748147 144.44382072391454 107.36030954320449 6.0080192695604628 9.6148130737710762 5.0179556839866555 40.258448129985482 56.063805691199377 140.04493110498879 5.898994604125618 76.163212194573134 87.940446396940388 48.563793043489568 26.985863218898885 11.205097370315341 2.8948643266921854 11.020179626531897 13.033609826117752 26.09855743881781 9.2169485073536617 4.4512684890069067
leaf_count=90267 254 177 1515 1632 121 694 2744 187 198 877 4919 2827 215 2340 239 610 1846 24912 1312 922 1271 2998 6776 229 672 185 223 6531 286 134
internal_value=0.000323981 0.00523108 -0.00540026 0.00343356 0.00911447 -0.00590395 -0.00510755 0.0102368 -0.000907165 0.00231093 0.00400815 0.000196373 0.00719859 0.00749928 -0.00127821 0.00936393 0.00319037 -0.00565105 -0.00694832 0.0114281 0.0125747 -0.00522725 -0.0126275 0.00149161 -0.0069967 0.0116449 0.00915152 -0.00914722 -0.00292198 -0.0102808
internal_weight=1310.3 705.837 604.467 484.317 221.52 579.832 520.397 202.991 19.3849 408.822 278.055 127.603 150.452 20.751 130.767 75.4954 61.0818 499.646 359.601 183.606 164.104 69.6852 59.4343 19.5028 32.4484 64.3122 53.2921 29.5536 18.5288 9.3119
internal_count=158113 20350 137763 16825 3525 136248 121575 2928 385 15553 9593 4459 5134 5084 5960 1272 2085 116491 91579 2543 2193 3875 14673 350 7897 1018 833 7225 597 311
is_linear=0
shrinkage=0.03


Tree=30
num_leaves=31
num_cat=0
split_feature=59 63 66 13 26 69 48 63 45 69 75 9 18 45 51 44 17 54 54 44 44 45 58 44 75 21 69 48 47 44
split_gain=34.3983 5.17161 4.38457 3.76319 3.18099 3.15643 3.16062 2.97582 2.87361 2.81168 2.91028 3.11094 3.14042 2.56264 2.51172 3.28001 2.14351 1.86064 3.42825 2.3029 2.44771 2.09641 1.59921 1.55833 1.96896 1.71372 1.43435 1.45837 1.06174 1.00738
threshold=0.90179360784418805 0.12447695082024618 0.95914193898418276 0.3671976892057553 0.47576847305348463 1.2915350115504582 -0.016154135000213451 0.23632527809743001 0.0065047548606064686 2.3617368352301114 -1.0263428413995392 2.5290742041739942 62.463037865541672 0.010037060078684068 0.72080650082043596 0.00083594828880284588 -0.051778704056265716 0.57514232024538892 0.58346620426428608 0.11987758590221288 0.077141816382879549 0.017937755590757574 0.97870072131742514 0.037633515553222037 -0.010522271088463415 0.02975177565953491 1.5357089695967316 -0.0018047834488448264 -0.00051755361104077735 0.031611726717768136
decision_type=8 8 8 10 10 10 10 10 10 10 8 10 10 10 2 8 2 10 10 10 10 10 10 10 10 8 8 8 8 8
left_child=3 2 4 7 8 6 -6 -1 -2 10 29 16 -13 23 15 -4 -12 19 28 20 -9 -20 -7 25 -25 -11 -5 -28 -19 -3
right_child=1 9 14 26 5 22 -8 17 -10 13 11 12 -14 -15 -16 -17 -18 18 21 -21 -22 -23 -24 24 -26 -27 27 -29 -30 -31
leaf_value=-0.0017515283363845264 0.0064504899221185094 -0.022792955833402712 0.0063344951137229528 -0.0030544195088435511 0.010593081890132144 0.021837012621732169 0.004032411110394621 -0.0062420646307183893 -0.015850241830380085 0.024628759967963775 -0.0047749681436725653 0.014383601892143417 -0.00080165019446786184 -0.0052596133029024824 0.0079064216197822865 -0.019724924571299905 0.0016545778386197617 -0.025125515519982197 -0.0094812886587333431 -0.017635447896105477 0.00071379552180152563 0.0017380753449765857 0.0080002693602229842 -0.0050288992450049077 0.0098191940192283566 0.0076660716157027128 0.016413229387136276 -0.0030251999618314184 -0.0053155424241436416 -0.0030083016946893322
leaf_weight=137.45692485035397 10.553441568743439 5.1131981611251813 5.8304585013538617 8.9627243154682201 147.85066622705199 23.379414615221322 125.84769731783308 243.85762729187263 8.3995474986731988 10.134555658325551 66.723160930792801 27.869325576582924 20.504616683349013 11.461962267290799 8.6834288500249368 11.54014217539225 148.60904892033432 15.03983707888983 92.114234369480982 12.910782687133176 54.768849549756851 17.011503485380672 14.556532520800827 10.577339030802248 25.10872414521873 14.442918470595034 11.666638692026025 4.0740986319724497 4.1003955621272352 4.9327128306031227
leaf_count=27526 180 152 143 942 2576 240 2373 59477 181 103 3511 606 603 280 205 437 7430 3467 23336 3120 13682 4418 152 187 489 318 364 202 1071 156
internal_value=0.000100649 0.00461136 0.00714441 -0.00515451 0.00808131 0.0088094 0.00761304 -0.00564988 -0.00358141 0.00197474 0.000567728 0.00120575 0.00800029 0.00722191 -0.00449192 -0.0109461 -0.000336686 -0.00685474 -0.0099381 -0.00554792 -0.00495821 -0.00770517 0.0169466 0.00969193 0.00531933 0.0154674 0.00607389 0.0113227 -0.0215052 -0.0145018
internal_weight=1304.08 702.119 356.641 601.964 330.587 311.634 273.698 577.26 18.953 345.478 273.752 263.706 48.3739 71.7255 26.054 17.3706 215.332 439.803 128.266 311.537 298.626 109.126 37.9359 60.2635 35.6861 24.5775 24.7035 15.7407 19.1402 10.0459
internal_count=157927 20322 6487 137605 5702 5341 4949 136097 361 13835 12458 12150 1209 1377 785 580 10941 108571 32292 76279 73159 27754 392 1097 676 421 1508 566 4538 308
is_linear=0
shrinkage=0.03


Tree=31
num_leaves=31
num_cat=0
split_feature=59 57 69 61 30 21 43 44 69 44 53 53 51 5 5 38 74 71 45 48 43 14 54 10 40 17 46 49 50 51
split_gain=33.1473 4.9171 5.08235 4.85266 4.43591 3.66846 3.85637 3.22468 3.4183 3.72728 3.17498 3.40611 4.15376 3.11205 2.82812 2.73205 3.06225 2.56617 2.5611 2.48799 2.3926 2.39241 2.37335 2.36675 2.25444 2.24039 1.85382 1.7635 3.41124 2.50945
threshold=0.89379644373673051 0.0085745007398149112 1.2915350115504582 0.63455615226662465 0.66855763757242848 -0.047353387471685708 0.014186503199483782 0.074067940574290794 1.6493751801400169 0.10184825530283161 0.02123172071865408 0.01728576884807179 0.72812158149710904 0.019578727870291891 0.0092514622614849173 1.248066232395215 -0.69124436587012128 -0.69548417008635488 0.018619033743462497 -0.037633860567644443 0.0093533666744997097 -0.13953548082794212 0.53096810766953684 0.63515610537381062 0.011203863993455573 -0.83381134022434045 0.0078710525113427476 0.013317042902940003 0.026653545272646077 0.7754046062869594
decision_type=8 8 10 10 10 10 10 10 8 10 10 10 2 8 10 10 10 10 10 10 10 8 10 10 8 2 10 10 10 2
left_child=7 4 13 25 5 -2 -7 10 9 27 11 17 23 14 -3 16 -15 18 -1 -10 22 -16 -5 -13 -12 -4 -6 28 -9 -29
right_child=1 2 3 20 26 6 -8 8 19 -11 24 12 -14 15 21 -17 -18 -19 -20 -21 -22 -23 -24 -25 -26 -27 -28 29 -30 -31
leaf_value=-0.012300445393534278 0.024815475628212545 0.0080286686893489678 0.00063365649908756275 -0.01320570342520676 0.0080124143678705351 0.019424399060977638 -0.0014538563620353879 -0.0016471684138208167 0.022750492533012524 -0.0094158634981604955 -0.021413011162727737 0.020502643321546304 -0.012576416739988281 0.0068711958912153585 0.0041608374534702359 -0.0027437976985577772 0.00079758543560666376 -0.0054850054630000665 0.017022628487662093 0 0.0061570785907271277 -0.0069057378938470609 0.0039744489441319846 0.0022910398948254463 0.0014051593623562125 0.014988839834245232 -0.0072369984528721934 -0.0095083763554381813 0.019266994834623657 0.0046849074660549337
leaf_weight=85.489671633113176 23.804831465706229 18.449114404153079 11.937338305637239 13.169834473519588 14.854709655046465 14.14503205381334 16.002855590544641 15.91067002003547 7.4700195353943881 48.481239004642703 19.349459931487218 7.8172298250719896 12.484451346797867 176.17196681792848 21.556025396450423 57.916357513400726 131.79975847934838 279.17579147638753 1.8430657058488567 9.1313184309983608 57.170764405513182 77.569330101832747 13.695077460375613 26.66921561898198 4.374635000247511 71.026008240412921 12.028004899621008 21.430352225084789 11.053330208524129 21.243281445349567
leaf_count=21417 174 856 188 413 201 119 190 3955 478 11674 5134 1628 3071 5071 658 2154 3946 67391 336 972 1354 4858 377 6598 1086 943 158 5059 2974 4965
internal_value=2.83021e-05 0.00425928 0.00337441 0.0078764 0.0112147 0.0161049 0.00855478 -0.00537444 -0.00127693 -0.00311118 -0.00662441 -0.0059705 0.00155473 0.00180008 -0.00241685 0.00316622 0.00429263 -0.00694468 -0.0114619 0.0110387 0.00269821 -0.00445169 -0.00451169 0.00696513 -0.0171974 0.0129912 0.001067 0.00130679 0.00720128 -0.00242866
internal_weight=1303.22 731.297 650.462 166.999 80.8354 53.9527 30.1479 571.924 134.72 118.119 437.204 413.479 46.9709 483.463 117.574 365.888 307.972 366.509 87.3327 16.6013 84.0357 99.1254 26.8649 34.4864 23.7241 82.9633 26.8827 69.6376 26.964 42.6736
internal_count=158398 21660 20818 3275 842 483 309 136738 30077 28627 106661 100441 11297 17543 6372 11171 9017 89144 21753 1450 2144 5516 790 8226 6220 1131 359 16953 6929 10024
is_linear=0
shrinkage=0.03


Tree=32
num_leaves=31
num_cat=0
split_feature=59 57 70 4 72 30 33 38 54 42 57 21 44 57 22 63 5 8 45 48 75 26 49 44 9 45 58 4 69 69
split_gain=32.2553 7.05788 3.92338 3.8664 3.73141 3.45129 2.9308 3.64777 3.01456 2.462 2.45194 3.37768 2.42174 2.31695 2.6133 2.14962 2.07971 2.55419 2.06228 2.20486 2.06061 1.87407 1.59542 1.47507 1.44018 1.12449 1.01458 0.765948 0.797106 0.517974
threshold=0.89379644373673051 0.0085745007398149112 0.85447327246506166 0.3671976892057553 2.4202605304444638 0.66855763757242848 0.028648815671707937 0.86660401064916692 0.52376233959810881 0.055434110044205183 0.98274000148953611 0.03162795720180412 0.031611726717768136 0.97080288796103009 0.19423724891049657 0.26791307499158712 0.0093068269676715495 0.010687379448485702 0.017937755590757574 -0.10159603370202645 -1.6616413321206471 0.67351388385969913 -0.003138986902475382 -0.15886070800446697 0.59177413745125695 0.0058729325306330722 0.55966185515474509 -0.1508333443209571 -0.032657525453993558 1.2915350115504582
decision_type=8 8 10 10 8 10 10 8 10 10 10 10 10 10 8 10 8 8 10 10 10 10 10 10 8 10 10 10 10 8
left_child=3 5 13 9 10 12 8 -8 -6 15 20 -12 -2 16 -15 27 22 -18 19 -17 -4 -7 -3 -20 -5 -16 -26 -1 -29 -28
right_child=1 2 4 24 6 21 7 -9 -10 -11 11 -13 -14 14 25 18 17 -19 23 -21 -22 -23 -24 -25 26 -27 29 28 -30 -31
leaf_value=0.0030885501104603455 0.02251813069856836 -0.0085090478976484942 0.0046726096634592167 0.016424831860382082 0.015640245028865921 0.012280421221381781 -0.011406679775338047 0.0084513506203521549 0.0040325696767277118 -0.017263145696324173 0.016185237378446161 0.0012920750126600652 0.0091855888036541048 0.020242282297293111 0.0077219228239724762 -0.015843341151575194 -0.0070271811058913933 0.0012783933923043733 -0.014295040789316848 -0.006271233653028326 -0.00037607126462432339 -0.0035653408589441434 0.011154189628590794 0.0091037598887924974 -0.0094594129697041836 -0.0092090786544788573 -0.0035127493381769612 -0.0043423125402247877 0.0016316082688709042 0.0093172957097012194
leaf_weight=20.734959939785767 30.185879949480295 3.8044805859681246 129.38140513771214 7.4663484788034111 61.128213317133486 10.544562119990589 11.879585879156364 22.414774100761861 32.268390343990177 15.662952161859719 26.82347727380693 28.320316514931619 25.61789364181459 8.5782010331749898 6.1182844182476419 23.138287390815094 73.277190673397854 59.016991136362776 1.994553985306992 360.02685143158305 162.08668393816333 14.862069853581486 15.650258318521081 11.427170093986204 4.7056319304974812 5.9626328460872173 2.9929994292324347 88.65720031230012 24.494167253375053 8.5984103149967304
leaf_count=3897 231 247 2765 262 845 118 260 654 593 4058 273 680 266 135 131 5771 4307 3335 538 91513 5638 239 637 2831 400 178 449 21357 5132 369
internal_value=0.000105705 0.00429023 0.00322562 -0.005232 0.0046327 0.0125892 0.00901253 0.00135923 0.0117468 -0.00575257 0.00298926 0.00874921 0.0167198 -0.0006324 0.00852907 -0.00537521 -0.00194696 -0.00331773 -0.00648711 -0.00689681 0.00186307 0.00311355 0.00693427 0.00466842 0.00635984 -0.000470349 0.000892227 -0.00203574 -0.00301988 0.00575033
internal_weight=1297.82 727.921 646.711 569.9 474.303 81.2104 127.691 34.2944 93.3966 546.136 346.612 55.1438 55.8038 172.408 20.6591 530.473 151.749 132.294 396.587 383.165 291.468 25.4066 19.4547 13.4217 23.7634 12.0809 16.297 133.886 113.151 11.5914
internal_count=158109 21532 20678 136577 11708 854 2352 914 1438 135097 9356 953 497 8970 444 131039 8526 7642 100653 97284 8403 357 884 3369 1480 309 1218 30386 26489 818
is_linear=0
shrinkage=0.03


Tree=33
num_leaves=31
num_cat=0
split_feature=59 57 14 9 38 56 36 30 59 16 64 32 53 43 45 46 45 43 47 32 9 46 33 38 54 48 4 36 41 6
split_gain=29.2993 5.1429 4.50262 3.56646 4.47521 4.44705 4.25687 3.55373 3.15727 3.1266 3.45153 2.75304 2.53199 1.96951 2.37482 3.67513 1.78319 1.78151 1.62436 1.41698 1.41639 2.7521 1.36988 1.32051 1.23525 0.995646 0.970107 0.972773 0.885209 0.92368
threshold=0.90179360784418805 0.0043243293783250597 0.42043169187122303 3.3868714407679774 1.0538375004861753 0.24021053952996246 -0.07110487812006358 0.66855763757242848 0.543823608137045 -0.020265749310332867 0.11295352813313517 -0.14238275198891001 0.010900370295388781 0.047820791633721112 0.017937755590757574 0.012026592180954565 0.009584607532441532 -0.0062752558754549095 -0.021829673173097915 0.10052537424056103 0.4006430300630191 0.013730094835564572 0.085104280955849584 1.5277940755647486 0.53096810766953684 -0.0011382461604907965 -0.082738655817064397 0.38051519893575353 0.022339475395064205 0.019910714199847985
decision_type=10 8 10 10 10 10 10 10 8 10 10 10 10 10 10 10 10 10 10 8 8 8 10 10 10 10 8 10 10 10
left_child=8 11 3 5 -5 7 -7 -3 12 -4 -11 -2 17 14 15 -14 25 18 -1 -18 21 -10 -23 -16 -12 -15 28 -28 29 -22
right_child=1 2 9 4 -6 6 -8 -9 20 10 24 -13 13 16 23 -17 19 -19 -20 -21 26 22 -24 -25 -26 -27 27 -29 -30 -31
leaf_value=-0.0024303382370538004 0.019330061242914715 0.0069611724964886669 0.018169733493740889 0.018715432917226632 -0.0010875742244158824 -0.015225040090871824 -0.00054800886138123772 -0.0010012642359772382 -0.0024000125157864014 -0.0085436600154663606 0.0056799110819677999 0.0041981781309503906 -0.0075139911434152756 0.013127214985157473 0.0098488399800525043 -0.019271674511843442 -0.013475883241032029 -0.0048797140999158484 0.025218187680825 0.0061076538388553552 -0.0024786787188000852 0.00098833064650897845 0.022268865252888438 -0.01151555529485433 0.01354940968494473 0 -0.0044853373936098858 0.0062320305076005974 -0.0084736372204885311 0.0060920493413626833
leaf_weight=2.4756377888843417 29.490296728909016 141.62813270778861 23.831487867981195 23.516717085149139 17.024782058899291 18.961462102713995 169.03344477224164 76.765211742720567 28.165198652422987 11.8144356936682 68.376411056378856 18.728468401357532 239.9254460510565 7.2069301032461217 9.2375279341358674 26.719723125803284 11.119830775656734 6.57849562470801 4.2078604730777442 3.6715302225202331 19.735918488586321 4.8366373162716609 6.700528422370553 2.4653763100504866 26.614008984994143 13.778814280871304 227.65999173914315 6.813139966572634 7.4066240746760732 23.375341473612934
leaf_count=595 219 3087 265 284 378 682 5845 1935 5160 247 1389 225 61075 1894 1777 6813 3158 1631 983 600 4553 214 182 712 529 3550 44769 267 1516 3217
internal_value=-0.000255938 0.0043751 0.00356752 0.00211671 0.0105013 0.00124918 -0.00211696 0.0041569 -0.00470471 0.00845439 0.00611033 0.0137184 -0.00678695 -0.00733567 -0.00818547 -0.00877101 -0.000599791 0.00560265 0.015603 -0.00834591 -0.00258159 0.00263507 0.0143773 0.00455975 0.00803419 0.00485473 -0.0033255 -0.00413604 0.000385564 0.0021332
internal_weight=1277.87 625.785 577.566 446.93 40.5415 406.388 187.995 218.393 652.081 130.636 106.805 48.2188 327.387 314.125 278.348 266.645 35.7771 13.262 6.6835 14.7914 324.693 39.7024 11.5372 11.7029 94.9904 20.9857 284.991 234.473 50.5179 43.1113
internal_count=157751 15085 14641 12211 662 11549 6527 5022 142666 2430 2165 444 82788 79579 70377 67888 9202 3209 1578 3758 59878 5556 396 2489 1918 5444 54322 45036 9286 7770
is_linear=0
shrinkage=0.03


Tree=34
num_leaves=31
num_cat=0
split_feature=59 36 30 29 14 7 59 16 45 45 78 42 44 52 54 45 49 43 44 45 52 43 41 77 45 46 20 24 23 14
split_gain=25.3717 6.04354 4.63429 3.62125 3.96251 3.25561 3.16843 2.49596 2.7639 2.4097 2.28028 2.21903 2.07689 2.54715 4.09197 3.76784 2.82595 2.79359 2.5242 3.04589 2.68957 1.98901 1.98073 1.83963 1.75444 1.53074 1.48124 1.63264 1.4261 1.70757
threshold=0.90179360784418805 -0.31802785211507395 0.67377780116350483 2.4040114566709074 0.33660504023620069 0.016408356495340125 0.46865087613074641 0.050620328790984222 0.0052247375753810494 0.017937755590757574 2.0431510323838471 0.030743573257591476 0.074067940574290794 0.60896649527140501 0.54577245362991922 0.010343456098693643 0.021388122741099028 -0.054272746263668507 0.085623198180254559 0.0055173859025404292 0.71967429796997362 0.054431982587977441 0.0091112328901552537 -0.76131624283527377 0.0044354176637267399 0.013664615301590341 0.003692918020004821 0.16135943306793801 0.021612946713400309 0.64989761606407814
decision_type=10 10 10 8 10 10 8 10 10 10 10 10 10 2 10 10 8 10 10 10 2 10 10 10 10 8 10 8 10 10
left_child=6 2 5 4 9 -2 12 23 -9 10 -3 26 13 14 16 21 -1 -16 19 -14 25 -15 -4 -6 -22 -20 -5 -28 29 -8
right_child=1 3 22 11 7 -7 28 8 -10 -11 -12 -13 18 15 17 -17 -18 -19 20 -21 24 -23 -24 -25 -26 -27 27 -29 -30 -31
leaf_value=-0.00033108806731501543 0.0051049703826530598 0.0039918146327834556 -0.0062035038194071428 -0.0036716105243743808 0.0077363306480240542 0.022308006290527382 -0.0015835085057024619 0.013559388274799309 -0.0048599271281843095 -0.0097491778794671687 -0.0085125936695505736 -0.0096678427461013208 -0.004460697555416406 -0.010058201260535062 0.00021167496868160235 -0.024182979487357221 0.032591253696946175 -0.015115992655742105 -0.019953698536623259 0.018009050360929073 0.015238983384830306 0.0047755243501794798 0.01120437818686491 0.018480103361980374 -0.0037476488167589779 0.0049020896678057153 0.0057230232863738273 -0.0023885858403110889 -0.0052733987448448944 0.016058071272664995
leaf_weight=52.320065432111733 15.469236541073768 277.82822928403039 13.652304311282935 47.23961306468118 32.919965350069106 34.253921189811081 248.48932516016066 11.026514647528531 17.617552020121366 12.035674050683154 12.711303278570993 20.86445860506501 10.090746485278943 90.143381588743068 14.529466901090926 16.798064920469187 1.4491200655465934 35.691048179636709 12.25029036425985 9.6691554129356501 4.2699476315174278 8.0644162087701243 8.79368824418634 31.157850989606231 24.687306708656251 2.0458719097077855 60.137965577072464 33.846071738633327 115.37565456831362 4.0179986653383812
leaf_count=13289 222 6521 257 1676 442 327 45725 150 364 397 487 797 2517 22923 3370 4324 373 9291 3080 2479 1063 2125 130 419 6173 369 1908 1144 25193 338
internal_value=-0.000217059 0.00406949 0.0121958 0.00299198 0.0045383 0.0172213 -0.00437394 0.0099474 0.00234759 0.00284353 0.00340713 -0.000765464 -0.00676933 -0.0081503 -0.00463063 -0.0112396 0.00108028 -0.0107054 -0.00187071 0.00672782 -0.00592993 -0.00877402 0.000675449 0.0132103 -0.000432562 -0.0161126 0.000587414 0.00277585 -0.0025162 -0.00122872
internal_weight=1279.45 629.554 72.1692 557.385 395.297 49.7232 649.892 92.7219 28.6441 302.575 290.54 162.088 282.009 218.996 103.99 115.006 53.7692 50.2205 63.0133 19.7599 43.2534 98.2078 22.446 64.0778 28.9573 14.2962 141.224 93.984 367.883 252.507
internal_count=157873 15241 936 14305 8780 549 142632 1375 514 7405 7008 5525 71376 55695 26323 29372 13662 12661 15681 4996 10685 25048 387 861 7236 3449 4728 3052 71256 46063
is_linear=0
shrinkage=0.03


Tree=35
num_leaves=31
num_cat=0
split_feature=59 63 8 38 8 69 54 44 45 54 54 9 43 78 59 44 53 53 53 52 44 52 54 51 9 11 43 54 14 72
split_gain=22.2906 4.23408 4.10878 4.14384 3.85396 4.03057 2.8694 3.96127 2.77979 2.66116 2.9458 2.37493 2.77628 2.30677 2.26488 2.44672 3.446 3.78095 2.77819 2.69517 2.56374 2.9271 2.40878 2.33363 2.25747 1.92857 1.85389 1.43446 1.4302 1.42554
threshold=0.90179360784418805 0.12447695082024618 0.0091016524973806297 1.0595924677069422 0.038164654943288301 -0.75135412959910353 0.47271490267061933 0.057527713524851205 0.0044354176637267399 0.62206935483130565 0.53096810766953684 1.9119651620222455 0.047151806273919135 -0.65852471686157887 0.76488948104141186 0.074067940574290794 0.020765565365582783 0.017033352651483157 0.010900370295388781 0.60809578262408459 0.083205026635764803 0.71967429796997362 0.35812406606086405 0.65291229516275007 0.31130486382248884 -0.067087197431068377 0.011093097663662956 0.65166985478127837 -0.30180256036345432 -0.6041023366773538
decision_type=8 8 10 8 10 10 10 10 10 10 10 8 10 10 10 10 10 10 10 2 10 2 10 2 8 10 10 10 10 8
left_child=14 2 28 6 5 -5 8 -8 -4 10 11 26 -13 24 15 16 17 18 -1 -19 22 27 -17 -23 -12 -18 -3 -22 -2 -24
right_child=1 9 3 4 -6 -7 7 -9 -10 -11 13 12 -14 -15 -16 20 25 19 -20 -21 21 23 29 -25 -26 -27 -28 -29 -30 -31
leaf_value=0.0039022709446135174 0.0068856461938588479 -0.0080808228376213816 0.004969865116588275 -0.0054029648510637938 0.015308179303302647 0.0079792439660668329 0.009577812004321444 -0.0031668154274825957 0.017968844935852227 -0.0074896450295053657 0.014473228109694137 0.0042594168494614094 -0.016338198737642237 0.010097693516872796 -0.0010507083529739945 -0.010663124510200751 0.0030840212381958482 0.0092276553692233459 -0.0079331224463066296 -0.0056946895584367363 -0.015271428489922526 0.0093585165390161831 0.021809738951608676 -0.0039581151815483431 -0.0021269662000196238 -0.02198390974362175 0 0.0050311239594268541 -0.0047799118233437226 0.0045970525950618122
leaf_weight=18.183844723505899 11.243852692772633 42.615006660693325 22.688879099208862 54.019904878223315 15.627139355987309 31.022561773774214 92.865791768068448 27.690701163373888 53.250327821355313 28.928010504459962 8.0609638008754683 98.056243861326948 5.2377222941722712 55.521347246714868 134.50286117906217 4.6298850588500526 2.7340695549501133 22.772367736557499 268.48459167813417 18.97464279003907 21.134765650145713 15.354653996881096 6.8125106086954474 41.831078398507088 38.067419034661725 17.732609542668797 62.95351346663665 2.9124630845617494 39.451669948291965 12.721626728423873
leaf_count=4514 210 2591 343 1202 242 563 1400 579 758 1121 230 3418 198 1504 20986 1149 748 5837 69883 4974 5322 3225 1673 10158 2286 5098 2450 602 1204 3567
internal_value=-0.000225435 0.00343969 0.00576289 0.00710845 0.00209282 -0.000450415 0.00963928 0.00662384 0.0142391 0.00104011 0.00186588 -0.00016457 0.00303957 0.00602809 -0.00450749 -0.00551983 -0.00672992 -0.00593287 -0.007161 0.00240049 -0.00146042 -0.00403513 0.00689221 -0.000231587 0.000955821 -0.0185078 -0.00332693 -0.01259 -0.00205141 0.0115158
internal_weight=1276.08 687.301 347.861 297.165 100.67 85.0425 196.496 120.556 75.9392 339.44 310.512 208.862 103.294 101.65 588.782 454.279 348.882 328.415 286.668 41.747 105.397 81.233 24.164 57.1857 46.1284 20.4667 105.569 24.0472 50.6955 19.5341
internal_count=158035 20299 6501 5087 2007 1765 3080 1979 1101 13798 12677 8657 3616 4020 137736 116750 91054 85208 74397 10811 25696 19307 6389 13383 2516 5846 5041 5924 1414 5240
is_linear=0
shrinkage=0.03


Tree=36
num_leaves=31
num_cat=0
split_feature=59 69 72 33 38 72 4 7 26 53 53 53 7 9 69 41 37 33 25 53 42 45 18 24 54 45 20 6 41 41
split_gain=23.4198 5.01803 4.77433 4.30669 4.50852 3.83162 2.99042 2.84498 2.72736 2.58884 3.98755 2.42689 4.18265 2.42254 2.359 2.23617 2.09753 2.07966 2.05784 1.90637 2.25721 1.74976 1.61852 1.58744 1.56508 2.05538 1.87271 1.46715 1.41518 2.22659
threshold=0.90572098097046594 -2.3446232655665509 1.3304018183399975 0.032790903297737921 1.2901702266183896 3.2859724147737244 0.3285036359263615 0.015723828500780353 0.7781973060726719 0.019447970887333878 0.018097691933190219 0.013073886095789022 0.021267201618755036 0.59978118532949332 2.0762332303598612 -0.0095480983812473701 -0.080532796533414205 -0.26059467640600548 -1.1857686222888655 0.010900370295388781 0.017294894173962575 0.0039898183791871331 39.147065634370911 0.55401274531141664 0.46506778483728872 0.0054244966173402987 -0.011947021392147759 0.042846815326427569 0.030116918800226381 0.024689277196043195
decision_type=10 8 10 10 10 10 8 10 10 10 10 10 10 8 8 8 10 8 10 10 10 10 8 10 10 10 10 10 10 10
left_child=6 8 14 4 5 -4 9 13 16 10 19 -10 -13 24 -3 -12 -2 -11 -5 21 -21 -1 -15 27 26 -26 -8 -16 29 -19
right_child=1 2 3 18 -6 -7 7 -9 11 17 15 12 -14 22 23 -17 -18 28 -20 20 -22 -23 -24 -25 25 -27 -28 -29 -30 -31
leaf_value=-0.0089620111555694347 0.023260243999376706 -0.0018939212979499022 0.0104741678949841 0.016077780794904885 -0.0064500046772811024 -0.0022828080091946666 0.011867718937080326 0.01498906061643109 0.015464700162544734 0.0079910006903362567 0.023384627723101199 -0.01179433880802578 0.0099712249346335137 -0.020224779708865357 0.0095208421857655226 0.0019801993670189861 0.0085495020042470442 -0.011678428819061301 -0.0018165280098733669 -0.0062576469472161115 -0.0016414585222444735 0.0082882720134879878 -0.0022800452867454937 -0.0045237930773338814 -0.005070434040844867 0.019364644018863442 -0.01768366770353243 -0.0041415917241835127 -0.020869449909146524 0.0079553435746639572
leaf_weight=6.2779696539510068 20.97654577344656 168.54095551685896 183.27224240615033 5.2705879849381736 17.520209882291965 23.156188178807497 2.5430880575440824 10.817903943010604 14.250401319935916 4.1180996020557359 5.5267475926084444 12.781683359295132 17.722035141661763 4.0716968119377261 41.555123862111941 15.235810469137506 18.887511800974607 35.104010602808557 72.40438874415122 329.51747669780161 137.98148963158019 18.006653000484221 53.75524560699705 11.72881603729911 3.5083730788901439 10.577921377262099 3.1981689628446537 7.555911353789269 13.126509560272096 5.1638208662625393
leaf_count=1320 159 6049 3347 121 529 296 96 545 173 713 1373 181 192 717 848 3650 204 9346 2090 78194 32652 4021 5255 308 167 408 312 149 3368 978
internal_value=9.58731e-05 0.00430118 0.00319926 0.00567363 0.00777733 0.00902458 -0.00383144 0.00126154 0.0110629 -0.00462795 -0.00392625 0.00568208 0.000670898 -0.000778927 -5.1889e-05 0.00862838 0.0167435 -0.0106561 -0.000375265 -0.00447882 -0.004908 0.00353207 -0.00391689 0.00495058 0.00797752 0.0131472 -0.00433015 0.00731826 -0.0122699 -0.0089562
internal_weight=1274.15 615.623 531.004 301.624 223.949 206.428 658.531 88.4724 84.6182 570.059 512.546 44.7541 30.5037 77.6545 229.381 20.7626 39.8641 57.5124 77.675 491.784 467.499 24.2846 57.8269 60.8399 19.8276 14.0863 5.74126 49.111 53.3943 40.2678
internal_count=157761 14646 13737 6383 4172 3643 143115 7500 909 135615 121210 546 373 6955 7354 5023 363 14405 2211 116187 110846 5341 5972 1305 983 575 408 997 13692 10324
is_linear=0
shrinkage=0.03


Tree=37
num_leaves=31
num_cat=0
split_feature=59 69 69 60 16 38 6 54 32 50 60 3 43 23 31 59 54 54 52 52 49 44 61 50 44 17 60 42 43 28
split_gain=21.3975 4.95891 4.18895 3.4866 3.39366 3.15702 2.81161 4.48553 2.43587 2.43458 3.12513 2.19485 2.18832 2.0935 1.92712 1.79159 1.74221 2.61124 2.26219 3.2526 2.22342 1.99212 1.61384 1.46808 1.37715 1.36132 1.29617 1.23382 0.841798 0.770156
threshold=0.90179360784418805 -2.3446232655665509 1.2915350115504582 0.97870072131742514 0.078628637743002452 0.78974303051242167 0.030498608767105178 0.46630491232942867 0.40615044897372876 0.004063376147092069 0.92142055832151248 0.038538763189408416 0.010815427482554487 0.017127704555877758 -0.061380236714785201 0.41311176389033316 0.57514232024538892 0.58346620426428608 0.60809578262408459 0.56155059157242582 0.0052043558200318705 0.052077593170707377 0.32400420841869138 0.027292774534255718 0.13674078439613904 -0.043252194489511751 0.30394233294159689 -0.014417241828652004 0.052023788456372573 -0.18927559901860444
decision_type=8 8 10 10 10 10 10 10 10 10 10 10 10 10 10 10 10 10 2 2 10 10 10 10 8 2 10 10 10 10
left_child=8 5 3 11 14 -2 23 -8 15 -7 -11 13 27 -3 -4 16 18 28 19 -1 -20 -19 -16 -5 -13 -14 -17 -6 -18 -28
right_child=1 2 4 6 12 9 7 -9 -10 10 -12 24 25 -15 22 26 17 21 20 -21 -22 -23 -24 -25 -26 -27 29 -29 -30 -31
leaf_value=-0.004024319547293354 0.017176762692682566 0.00022437380909384191 0 0.0031257633838738547 0.0036563065058938618 0.011592338336341747 0.019720248559833488 0.0034547663829450686 0.0082024798033894005 0.0076568279997507507 -0.01324822128620776 -0.0030148201340238485 -0.0023192815116161751 0.0097918721690913382 0.0085731552322141497 0.001219540529340427 -0.026989350971747435 -0.010175935210673996 -0.016222016922568087 0.011547141666723342 -0.0050668835326365602 0.0033343468416268379 0.018237979953098095 -0.0089885077275049519 -0.015272344765388194 0.0082242634582824718 0.0011307621045416238 -0.011102606289104979 -0.0013549539023058528 -0.0042790193598654163
leaf_weight=45.604336735792458 35.735186159610748 230.447349715163 12.783661131747065 34.732231650967151 6.8711791073437807 25.342983298003674 24.312844675267115 41.248441481264308 13.083504133159293 13.63382142968476 10.439662450924514 75.164887925377116 14.276419004425405 21.694155077682808 42.341574616730213 55.058290050190408 8.9668957104440761 49.368344255024567 19.52079246554058 15.293907215120269 92.612463742843829 11.302230039960703 30.069588003214449 11.032700274838133 8.6405061270343122 38.132383856456727 24.839806975331157 13.461447431938721 1.7113335367757816 246.49674905627035
leaf_count=11431 289 8763 270 747 201 279 286 718 451 208 146 3460 320 878 552 12101 2171 13078 4866 4034 23930 2961 453 303 1306 861 4224 414 476 58214
internal_value=0.000117976 0.003693 0.00272239 0.00122461 0.0069108 0.0104451 0.00580157 0.0097374 -0.00410313 0.00527348 -0.00145598 -0.000295915 0.00205616 0.00109484 0.0109491 -0.00440431 -0.00635672 -0.0103277 -0.00465212 0 -0.00716157 -0.00759722 0.0128212 1.14291e-05 -0.00447916 0.00530633 -0.00291837 -0.00603678 -0.0236058 -0.00377043
internal_weight=1274.22 690.361 605.209 447.273 157.936 85.1517 111.326 65.5613 583.859 49.4165 24.0735 335.947 72.7414 252.142 85.1948 570.775 244.38 71.3488 173.032 60.8982 112.133 60.6706 72.4112 45.7649 83.8054 52.4088 326.395 20.3326 10.6782 271.337
internal_count=158391 20454 19532 16461 3071 922 2054 1004 137937 633 354 14407 1796 9641 1275 137486 62947 18686 44261 15465 28796 16039 1005 1050 4766 1181 74539 615 2647 62438
is_linear=0
shrinkage=0.03


Tree=38
num_leaves=31
num_cat=0
split_feature=71 36 0 17 53 60 57 6 30 7 57 53 53 44 44 29 53 75 54 44 71 28 5 42 30 11 57 49 49 42
split_gain=16.9212 4.10821 3.47673 2.88956 3.66559 3.25402 2.7294 2.68452 2.55361 2.60403 2.47734 2.80068 3.86738 2.2806 2.08801 2.01091 2.01031 1.98113 1.86839 1.7944 1.77191 1.64873 1.40717 1.33674 1.30359 1.14111 1.08094 0.883493 1.55674 0.804006
threshold=1.1894724829501249 -0.31802785211507395 -0.030752027874483664 0.28066393657212962 0.013252762903213073 0.97486908239256875 0.012806844896397137 0.033475437455423071 0.6669250384915516 0.016952520473744487 0.96719734942567903 0.019447970887333878 0.017635968509871418 0.1557699926064621 0.074067940574290794 -4.6660336994594163 0.014440010279199158 -1.6616413321206471 0.52518243497573558 0.084656320395306919 -0.69548417008635488 -0.15848595634566651 0.027379044979927759 0.014501436123835589 0.76890633797569563 -0.023231587073362477 0.15231194475352799 0.017644467003675283 0.01562238643055769 0.031861202967666598
decision_type=10 10 10 2 10 10 8 10 10 10 10 10 10 10 8 8 10 10 10 8 8 8 10 10 10 10 10 10 10 10
left_child=10 8 17 5 21 6 -4 -7 9 -2 11 12 14 29 20 -13 -6 26 22 -16 -1 -5 -19 -14 -10 -20 -3 28 -17 -12
right_child=1 2 3 4 16 7 -8 -9 24 -11 13 15 23 -15 19 27 -18 18 25 -21 -22 -23 -24 -25 -26 -27 -28 -29 -30 -31
leaf_value=-0.0089632821811657347 0.0032582286259943949 0.0082694513534438477 0.0095615946835836546 -0.027863873819158013 0.0078740338859329771 0.0027619035579061627 -0.00013268313488035851 0.012109454262478682 -0.0046312422288472535 0.018689771482749591 0.0026773426988537436 0.0058861518062638838 0.011496442086794264 0.020729525694075119 0.0053454104538852723 -0.0099483481420895407 -0.0031480290118178047 0.0043231546675697174 0.0017886045786831542 -0.0026815422302373252 -0.0040095441522288696 -0.0080154065589260939 -0.014617510928278721 -0.00052339784068688501 0.0086670821835128815 0.017722132840595359 0.02068941924770808 -0.016077402971038199 0.011089014035314371 -0.012822843146832189
leaf_weight=87.022096041007899 15.370762017555533 17.210875673452396 28.105764354113489 5.0208234101301059 20.096278605866246 65.661689856555313 250.89120868651662 49.250786688178778 12.478703559376301 32.408058296889067 18.689247230184272 5.55236711143516 18.806748533272184 5.4397047630045554 30.990889406879432 27.280555226258006 49.605592720792629 5.9835610464215296 9.3541547034401464 113.23702913499437 285.74961895553861 15.938337709056215 6.0970963903237134 13.431680977111681 11.897314716596155 7.2621867745183399 13.71959999995306 25.860498366761021 2.6008689905283964 2.5473461129004127
leaf_count=22263 227 316 395 132 555 1338 7945 638 219 315 2490 1074 4448 91 7679 6515 1642 160 265 19242 68230 595 155 3091 203 165 174 6670 648 317
internal_value=-0.000251453 0.00328724 0.00237767 0.00151939 -0.00326994 0.00263478 0.000863852 0.006864 0.00998003 0.0139554 -0.00367881 -0.0040743 -0.00337468 0.00508449 -0.00400971 -0.0101405 5.38167e-05 0.00916294 0.00317851 -0.000911168 -0.00519489 -0.0139591 -0.00539353 0.00653321 0.00182688 0.00953337 0.0143479 -0.0118653 -0.00772033 0.000190128
internal_weight=1253.56 616.353 544.198 484.57 90.661 393.909 278.997 114.912 72.1548 47.7788 637.209 610.532 549.238 26.6763 517 61.2943 69.7019 59.6275 28.697 144.228 372.772 20.9592 12.0807 32.2384 24.376 16.6163 30.9305 55.7419 29.8814 21.2366
internal_count=158197 15439 14475 13240 2924 10316 8340 1976 964 542 142758 139860 124953 2898 117414 14907 2197 1235 745 26921 90493 727 315 7539 422 430 490 13833 7163 2807
is_linear=0
shrinkage=0.03


Tree=39
num_leaves=31
num_cat=0
split_feature=58 69 38 58 57 38 48 46 32 53 42 45 69 44 43 53 53 49 49 45 56 44 52 69 48 10 77 43 69 44
split_gain=16.1242 4.05898 4.11043 3.19987 2.58072 2.26733 4.16581 4.53404 2.81145 2.06929 2.30842 2.03318 2.02106 2.24209 1.97564 1.82799 3.75339 2.94771 2.08114 1.89515 1.75056 1.64005 1.83501 1.19229 1.13873 1.07016 1.0666 0.940262 0.907339 1.01886
threshold=0.74595135064253881 -2.3446232655665509 1.2773409215763476 0.93677693299542053 0.97080288796103009 0.67247317477048296 -0.022412096304602388 0.0084344798412032199 -0.14238275198891001 0.011079521200423185 -0.015431771690425864 0.0059147947971733639 1.966448070784675 0.074697451810853868 0.014186503199483782 0.019447970887333878 0.017635968509871418 -0.010866855403496132 -0.0061283379770390991 0.0041626231447062902 0.97080288796103009 0.16428366975657974 0.27938314052796748 0.47833088267270163 -0.012513939005419581 0.42018180996358395 -0.14293386825355045 -0.027805513792282962 1.966448070784675 0.023577336265103725
decision_type=8 8 10 10 10 10 10 10 8 10 10 10 10 10 10 10 10 10 10 10 10 10 2 8 8 10 10 10 10 10
left_child=4 5 3 12 15 -2 8 11 -7 24 -11 -8 13 -3 -14 16 17 27 -19 -18 -6 22 26 -23 -5 -4 -17 -1 -27 -30
right_child=1 2 25 9 20 6 7 -9 -10 10 -12 -13 14 -15 -16 21 19 18 -20 -21 -22 23 -24 -25 -26 28 -28 -29 29 -31
leaf_value=-0.0066166287433974715 0.018426935005640528 0.001208364478702735 0.0064443294317610622 -0.012283718809436557 0.013872347457620221 0.020323430264605698 -0.003418772662532018 -0.01902701065096989 0.0020171876887914273 0.012776415413106418 0.004725179471721277 0.014366941659081017 -0.0010145623025166696 -0.005830005136583472 0.01223315166390034 0.011258996191011863 -0.014005795873746776 0.0045004659004251758 -0.0041799398240812231 0.0097377790615469743 -0.002728792898534985 -0.007529110521512913 -0.015330821371595815 0.012978810935808634 0.0034603221500731848 -0.006129076472278683 -0.0085056841025036248 -0.014916398566639849 0.011139451903886296 -0.0041441584959862783
leaf_weight=29.820679854834452 17.867626631632447 212.53967467317125 7.3389897560118689 8.0450603418285009 10.832945458590986 19.68447410967201 10.531463535036897 8.6416624097619188 12.883419590070842 38.13919849623926 215.79963133006822 10.575359295122324 15.99665846780408 49.311905068811029 24.316846535541117 3.5381432368885726 2.4645795400720116 25.682893572142348 339.22747688554227 23.548178238794208 10.05335917836055 4.5036165544297528 33.692261844058521 3.693335770862177 6.5580593971535555 71.594125804316718 4.3288605611305675 27.829564606305212 5.4841223005205384 8.7354801770998147
leaf_count=7241 124 19188 611 192 1103 191 245 152 194 787 4889 130 683 5205 779 704 571 5870 76754 5632 599 1263 8779 429 143 7621 1233 6360 179 327
internal_value=-2.78759e-05 0.00279966 0.00201604 0.00297302 -0.00408314 0.0091457 0.00618816 -0.00183986 0.0134469 0.00535175 0.00599154 0.00560366 0.000838407 -0.000122826 0.00700644 -0.00452227 -0.00388921 -0.00457787 -0.00355017 0.00694193 0.00598495 -0.00998134 -0.0123614 0.00179153 -0.00525239 -0.0037844 0.000312319 -0.0108604 -0.0047579 0.00189783
internal_weight=1263.26 744.044 663.86 570.707 519.216 80.184 62.3164 29.7485 32.5679 268.542 253.939 21.1068 302.165 261.852 40.3135 498.33 448.573 422.561 364.91 26.0128 20.8863 49.7562 41.5593 8.19695 14.6031 93.1527 7.867 57.6502 85.8137 14.2196
internal_count=158178 41640 40604 31866 116538 1036 912 527 385 6011 5676 375 25855 24393 1462 114836 102428 96225 82624 6203 1702 12408 10716 1692 335 8738 1937 13601 8127 506
is_linear=0
shrinkage=0.03


Tree=40
num_leaves=31
num_cat=0
split_feature=71 69 36 30 61 3 44 44 53 53 52 50 57 45 45 42 42 43 44 14 38 53 42 47 78 9 72 49 45 47
split_gain=14.1787 4.28134 5.25628 4.18038 3.8704 3.02406 2.96988 3.27083 3.05813 3.07349 2.87896 3.61543 2.85553 2.7805 3.52742 2.60216 2.8423 2.40422 2.38961 2.37393 2.30789 2.94932 1.97231 1.95979 1.60936 1.57511 1.47409 1.44413 1.78239 1.4286
threshold=0.68885092774672974 1.2915350115504582 -0.31802785211507395 0.67196180029753216 0.69085146289890209 0.0031515401722820306 0.077141816382879549 0.083205026635764803 0.020765565365582783 0.017033352651483157 0.57588735318928053 0.041798985727144918 0.93659018491376889 0.01843872332398748 0.011870476064088519 0.017939101984861931 0.021890991039389077 0.0093533666744997097 0.1557699926064621 -0.23094267080344202 1.5033015942634533 0.019391976598328607 0.0099162893004507442 -0.15327850463673823 -1.6657567047371205 2.0081392748930011 -0.5697561891692875 0.027725923447720072 0.0040241815136636272 -0.013118329399512295
decision_type=8 10 8 10 10 10 10 10 10 10 2 10 8 10 10 10 10 10 10 8 10 10 10 10 10 10 8 10 10 10
left_child=6 2 3 5 24 29 8 -8 9 13 26 -12 15 14 -1 22 -17 25 20 -20 21 -4 -9 -10 -3 -6 -11 28 -19 -2
right_child=1 4 18 -5 17 -7 7 12 23 10 11 -13 -14 -15 -16 16 -18 27 19 -21 -22 -23 -24 -25 -26 -27 -28 -29 -30 -31
leaf_value=-0.0049748970301760403 0.024859571770646505 -0.0005862524756382625 0.00014137392606211813 -0.0014929757718315272 -0.0005695119492516291 0.0021340528056001829 0.012324807465681844 -0.0032136119684595369 -0.0021026403641652997 0.020337600942717891 -0.011572385182673967 0.012990668144440594 0.011076982283297752 0.011554756771179227 -0.01583503815388396 0.025043358569406961 -0.00096056588202470645 -0.0027242018804617498 -0.028990541282104102 0.0058293308852547443 -0.010618272950845265 0.0087276203947358379 -0.01627903315781801 -0.021996288906229428 0.012057949915656955 -0.016363905661026665 0.0038051822557537852 -0.0066864684424278583 0.010031822505840665 0.010564725303196987
leaf_weight=276.98233892541612 17.653382725082334 9.5375375365838391 463.8426881248015 22.670118356239982 19.807668663212102 14.495814892346969 16.375003109802492 26.55337942938786 7.0420245175482732 7.5693842844339088 17.250713056419048 6.6313058555824673 12.032863045460543 7.2557312026619902 29.565490547567606 3.3057287084520786 29.330845035845414 12.061001560650764 3.8778244850691408 2.1131782061420372 15.386485367314888 38.115594974951819 17.692134815035388 14.648457160801625 83.934985301224515 7.2666841581230974 13.967662049806679 6.9300468501169226 39.918679948663339 14.745468467008324
leaf_count=73890 177 259 22790 465 880 241 4337 7047 2244 1647 4476 1866 949 1563 7861 904 7400 367 297 180 860 1760 4559 4125 1446 229 3802 272 1165 187
internal_value=-3.07815e-05 0.0024922 0.00125212 0.00893918 0.00654297 0.0139709 -0.0040417 0.000389197 -0.00527213 -0.00457045 0.00263183 -0.00438343 -0.00188818 -0.00562747 -0.00608016 -0.00407206 0.00225038 0.00187113 0.000209491 -0.0172025 0.000449713 0.000815381 -0.00874862 -0.0160471 0.0107435 -0.00534742 0.0103933 0.00527267 0.00701983 0.0189546
internal_weight=1258.56 772.357 592.901 69.5648 179.457 46.8947 486.203 105.29 380.913 359.223 45.4191 23.882 88.915 313.804 306.548 76.8821 32.6366 85.9841 523.336 5.991 517.345 501.958 44.2455 21.6905 93.4725 27.0744 21.537 58.9097 51.9797 32.3989
internal_count=158245 31575 26957 1070 4618 605 126670 25196 101474 95105 11791 6342 20859 83314 81751 19910 8304 2913 25887 477 25410 24550 11606 6369 1705 1109 5449 1804 1532 364
is_linear=0
shrinkage=0.03


Tree=41
num_leaves=31
num_cat=0
split_feature=58 60 3 71 52 50 32 17 32 31 3 6 33 52 28 50 53 43 45 46 14 22 43 47 50 31 51 47 14 6
split_gain=13.7151 4.54514 2.90589 2.88438 2.22081 4.02103 2.52896 2.09068 3.02958 2.6764 3.84742 2.31682 2.07014 2.05531 2.02611 1.95065 1.85181 1.76003 1.99309 3.38685 1.66619 2.0984 1.51163 1.93169 1.38178 1.33513 1.26377 1.22403 1.11394 1.24435
threshold=0.87090053763440867 0.98581558827635496 0.035859394534621843 -0.12996921109992968 0.60896649527140501 -0.0043933832357230798 0.35371090442331415 0.34047108066672394 -0.24621379805880114 -0.071239056304312473 -0.095181390262258289 0.039295345200480135 -0.10861755179279826 0.49467967090934623 -0.29861622175781344 0.0098493763997515877 0.010900370295388781 0.047820791633721112 0.017937755590757574 0.011954369246739066 -0.46245002035326016 0.35067656645257755 -0.0062752558754549095 -0.021829673173097915 0.042960226566036826 -0.1002095374932475 0.82801084438561212 -0.095012445309252833 -0.35275345043080281 0.035539605730817402
decision_type=10 8 10 8 2 10 10 2 8 10 10 10 10 2 10 10 10 10 10 10 10 10 10 10 10 8 2 10 8 10
left_child=3 2 4 16 5 12 15 8 -3 11 -11 -10 -2 -7 -4 -6 22 18 19 -18 -16 -22 23 -1 26 -9 -19 -20 29 -5
right_child=1 7 14 28 6 13 -8 25 9 10 -12 -13 -14 -15 20 -17 17 24 27 -21 21 -23 -24 -25 -26 -27 -28 -29 -30 -31
leaf_value=-0.0045925159831858809 -0.0023684477511802288 0.024701670399411259 0.011224152129249562 0.017194904290192891 0.017668121358848116 -0.017688251734561421 0.018801891451953826 0.0086210345873738263 -0.0090383751424287471 0.00096832536559954643 0.014873783005694495 0.010223232718785297 0.0085314715658118111 -0.0024771609534430935 -0.016437249147236661 0.0037620963665763747 -0.0056395618018612887 0.0021941212047438341 -0.0051817446427843868 -0.016970497317053294 -0.0037061206021469979 0.0054885477305301094 -0.0042586635516337554 0.024527003594993841 0.0055135508323968458 -0.0061874655350318934 -0.014552427025717083 0.012908733870731593 -0.0013950638704367184 -0.0025733786177820064
leaf_weight=2.5922925062477589 21.147549269138835 10.406398328021167 9.2801497890613955 5.2191541491774824 9.0727316320408118 8.8604605555301514 12.160099169705061 7.8755057766102254 13.097360228304753 27.145288879983127 55.435054296045564 8.2996225603856129 52.374263173842337 48.988176442100666 6.4287440408952525 128.5526400054805 237.4911811062484 7.3025281516602245 4.8643837935524061 26.208421430783346 102.92808315274306 27.313198285293765 6.7445062629412842 4.4979068271350116 21.324234836618416 13.243961497442799 6.9359111926751211 6.8356521411333215 360.28705288330093 4.472930678515695
leaf_count=631 741 102 192 174 328 406 212 177 425 419 890 105 1918 1879 292 4849 62231 2069 1267 7019 6426 735 1689 1063 5278 299 1885 1263 52886 333
internal_value=-0.000114858 0.00336121 0.00182422 -0.00293477 0.003606 0.000722689 0.00609336 0.00813498 0.00972467 0.00797612 0.010405 -0.00131022 0.00536629 -0.00511895 -0.00158893 0.00482131 -0.00499631 -0.00548191 -0.00629149 -0.00683691 -0.00255597 -0.0017279 0.00535018 0.0142579 0.000706069 -0.000389611 -0.00618633 0.00533547 -0.00110832 0.00840377
internal_weight=1257.39 562.609 427.106 694.776 281.156 131.37 149.785 135.503 114.384 103.977 82.5803 21.397 73.5218 57.8486 145.95 137.625 324.797 310.962 275.4 263.7 136.67 130.241 13.8347 7.0902 35.5627 21.1195 14.2384 11.7 369.979 9.69208
internal_count=158183 20395 17978 137788 10333 4944 5389 2417 1941 1839 1309 530 2659 2285 7645 5177 84395 81012 71780 69250 7453 7161 3383 1694 9232 476 3954 2530 53393 507
is_linear=0
shrinkage=0.03


Tree=42
num_leaves=31
num_cat=0
split_feature=59 33 52 50 7 24 71 57 41 59 59 59 44 44 43 52 53 53 45 49 57 24 50 45 50 70 70 42 46 14
split_gain=14.6291 4.15469 4.2022 5.68524 3.58724 4.07375 3.86999 3.28792 2.68827 2.356 2.35446 1.99308 1.94696 2.58856 2.68479 2.62359 2.54357 2.93671 2.3591 2.31561 1.5571 1.91171 1.62239 1.50116 1.47153 1.28475 1.28356 1.27212 1.26828 1.26195
threshold=0.90179360784418805 0.033477046715056989 0.60545601888554168 0.016420858324572189 0.012061929874542507 -1.1878739353990502 2.0887261303619162 0.98274000148953611 0.008649109429328063 0.99371727059814219 0.98255177859596055 0.47265285424514641 0.074067940574290794 0.085623198180254559 0.02421303449621837 0.71967429796997362 0.020765565365582783 0.01728576884807179 0.018619033743462497 0.016685650323560956 0.0043243293783250597 -1.299674518005755 0.055916910045066943 0.0044354176637267399 0.022846326619430316 1.4231008693107448 2.4506069884806343 0.025019465822770596 0.0054334250470449786 0.98300017197780165
decision_type=10 8 2 10 10 10 10 10 10 10 10 8 10 10 8 2 10 10 10 8 8 8 10 10 8 10 10 10 10 10
left_child=11 2 3 7 10 -6 -7 8 -2 20 25 12 16 14 28 -15 17 18 -1 -19 -3 -22 -23 -17 -11 -4 29 -16 -14 -13
right_child=1 9 4 -5 5 6 -8 -9 -10 24 -12 26 13 15 27 23 -18 19 -20 -21 21 22 -24 -25 -26 -27 -28 -29 -30 -31
leaf_value=-0.0075840031439193285 0.0027528283961669505 0.012820470001108305 0.0056642371423567253 -0.021816965932851134 -0.006324776586417908 0.0046976629355373395 0.01410667783417505 0.013937491873730645 -0.0072751335852812406 0.013567797517421149 -0.010410724539170262 -0.002329382176046267 -0.0023191336155251297 -0.015024680731144753 -0.014510511640357182 0.014967363246299737 -0.019643011520417777 0.01108976536733217 0.013358762395920848 -0.0084325842623862862 0.0099237764771958042 -0.0030483276888307498 -0.015913971007000975 -0.0025232360294915094 0 -0.0062146477181470637 0.010196752597541749 0.0070681236162148872 0.020908119666324467 0.014336827668987577
leaf_weight=175.08047801651992 133.52072277537081 4.7042205464094868 50.871617457713 8.1626938766567019 13.018952320097013 66.201098464545794 106.19215654116124 18.812253996729851 28.229099336313084 13.720686241984366 11.617377783637492 350.04962299350882 2.1231718612834802 13.781340057612395 4.3654868025332716 4.3241464167367694 12.095080478931775 14.652475712937301 3.9949023157823822 7.3593433282803771 8.3601484281243739 117.73979610984679 8.8177277992945147 24.625471378210932 13.380494929384442 8.6482360730878991 6.710860861465334 3.4958318008575588 9.7532827274408174 3.1067328213248393
leaf_count=46117 3125 45 1430 229 279 1722 1383 249 705 214 269 70334 530 3492 1074 1078 3580 3632 703 1949 257 4332 363 6191 224 300 450 919 2511 150
internal_value=-0.000172122 0.00313326 0.0046441 0.00121701 0.00713899 0.00932957 0.0105587 0.00238927 0.000950335 -0.000887546 0.00133768 -0.0033598 -0.00528229 -0.000560065 0.0081257 -0.00473476 -0.00664296 -0.00575285 -0.00702855 0.00434957 -0.0024831 -0.00312916 -0.00408597 0.000401652 0.00702163 0.0038145 -0.00186835 -0.00486145 0.0166651 -0.00213423
internal_weight=1247.52 611.997 445.274 188.725 256.549 185.412 172.393 180.562 161.75 166.723 71.1372 635.518 275.651 62.4687 19.7378 42.731 213.182 201.087 179.075 22.0118 139.622 134.918 126.558 28.9496 27.1012 59.5199 359.867 7.86132 11.8765 353.156
internal_count=157836 15126 9691 4308 5383 3384 3105 4079 3830 5435 1999 142710 71776 15795 5034 10761 55981 52401 46820 5581 4997 4952 4695 7269 438 1730 70934 1993 3041 70484
is_linear=0
shrinkage=0.03


Tree=43
num_leaves=31
num_cat=0
split_feature=70 71 66 53 43 10 36 53 50 52 54 50 54 52 44 45 49 44 71 22 69 33 62 63 44 39 45 58 44 59
split_gain=12.4351 4.19664 3.05252 2.92414 2.86403 3.54408 2.45525 2.39607 1.7743 2.48873 4.47552 2.463 2.39253 2.76241 2.28783 3.12355 2.4364 2.28642 2.26963 2.16344 1.72862 2.91829 1.47123 1.40375 1.75678 1.3596 1.33898 1.29889 1.11163 1.05731
threshold=0.3327451485419482 1.762121107196345 0.98565567747109939 0.010900370295388781 0.047820791633721112 2.4008604379846656 -0.31802785211507395 0.010900370295388781 0.0091549785470826945 0.61515640900845103 0.48014991406185881 0.0060388391998251753 0.55974061043506673 0.5179905357444653 0.074067940574290794 0.013513946008573467 0.012914346934029821 0.027207851166122347 1.1894724829501249 -0.046405318611786865 1.714102205556042 0.010112079330535597 0.0043243293783250597 0.12850998119923682 0.061421834541732896 0.039782107740103885 0.0039898183791871331 0.90589410546671123 0.021166817101667238 0.99371727059814219
decision_type=8 8 10 8 8 10 8 10 10 2 10 10 8 2 8 10 10 10 8 8 8 10 10 10 10 8 10 10 8 8
left_child=7 20 3 -3 6 -6 -5 26 11 10 18 12 13 -9 15 -11 -16 -13 -10 -14 22 -22 -2 24 -24 29 -1 28 -23 -4
right_child=1 2 25 4 5 -7 -8 8 9 14 -12 17 19 -15 16 -17 -18 -19 -20 -21 21 27 23 -25 -26 -27 -28 -29 -30 -31
leaf_value=-0.0056269785655057025 -0.021247344400116674 -0.0095990182470102273 -0.017841174388021235 0.012428862956066994 0.0016069528335082633 -0.021577146028377604 0.0051325783348359624 -0.0046901935098615137 0.025166337845864188 -0.0047943494632639912 -0.0029643795404588644 -0.0038282260146746904 0.00019710254161395846 0.0086357997526592227 0.0052292352149890245 -0.0224658716696675 -0.0038779997091382403 -0.023647569178516563 -0.010211185205952492 -0.011270952444391883 0.012435139810440915 -0.011909521675774696 0.0035989897468927429 -0.0031973595601066879 -0.0050700621203021937 0.005151416302121372 0.0097208692542108035 -0.0082695554304480952 0.0074751705559072974 0
leaf_weight=6.119749067816886 2.3574113218346602 11.404546415200455 8.7595088806701789 49.105153664946556 53.207422778592445 5.6528844397980711 298.59556357574183 48.416120576264802 9.2007934418506938 172.27920433005784 20.94998605188448 9.7703929595882091 18.641498401761055 18.483874030294828 42.745682794251479 8.7369434772990626 65.704362607211806 12.941761269932611 1.2467967616394151 61.999215491348878 22.408175899181515 2.2328219469636696 80.625766596291214 135.72689182503382 27.191425372031517 4.6719689343590316 17.009698672336526 13.458325819228774 13.4243575920118 4.5142288301140079
leaf_count=1146 130 240 366 564 2242 134 6301 11310 2529 39950 5151 2536 4013 4474 8309 2219 14686 2829 49 14104 1064 275 5263 20504 2222 144 3397 702 1012 102
internal_value=-0.000167703 0.00233674 0.00420857 0.0047377 0.00516979 -0.00089277 0.00620431 -0.00374257 -0.00419281 -0.00284818 0.00502217 -0.00667798 -0.00516156 -0.000891198 -0.00372654 -0.00578251 -0.000245985 -0.0157691 0.0201592 -0.00861322 -0.000401507 0.0045283 -0.00146076 -0.00117086 0.00135859 -0.00755654 0.00547079 -0.00166827 0.00398166 -0.0122871
internal_weight=1247.58 733.336 435.911 417.966 406.561 58.8603 347.701 514.246 491.117 320.864 31.3976 170.253 147.541 66.9 289.466 181.016 108.45 22.7122 10.4476 80.6407 297.425 51.5237 245.901 243.544 107.817 17.9457 23.1294 29.1155 15.6572 13.2737
internal_count=157967 41265 10093 9481 9241 2376 6865 116702 112159 72893 7729 39266 33901 15784 65164 42169 22995 5365 2578 18117 31172 3053 28119 27989 7485 612 4543 1989 1287 468
is_linear=0
shrinkage=0.03


Tree=44
num_leaves=31
num_cat=0
split_feature=70 69 38 78 14 44 9 40 71 60 14 59 24 44 53 53 9 53 44 44 49 52 43 6 45 2 40 10 38 14
split_gain=13.1843 4.80547 4.07777 3.15343 2.90437 3.10353 3.3666 2.57736 2.65126 2.44234 2.26802 2.20861 3.42812 1.87478 3.12923 3.83449 3.07439 3.20497 2.69958 2.15758 2.00415 1.94204 1.91826 1.72486 1.62713 1.53288 1.52856 1.37371 1.13404 1.10355
threshold=0.56253546700676005 -2.3446232655665509 1.2773409215763476 -0.80764467220675484 0.053906090113354128 0.1557699926064621 2.9502547703398938 0.011203863993455573 4.6722473133435569 0.10471182365432881 -0.30180256036345432 0.95183240791908996 -0.24467696538812853 0.074067940574290794 0.019656345392460046 0.017033352651483157 0.61546121834369316 0.020587870294827216 0.084656320395306919 0.084656320395306919 -0.010866855403496132 0.57588735318928053 0.0060010343622775028 0.035539605730817402 0.011533894401573964 -0.016725894434107488 0.0089453100277865922 1.8813265577289331 1.0933719685443479 0.35929418788434281
decision_type=8 8 10 10 8 8 10 10 10 10 8 10 10 8 10 10 10 8 10 8 10 2 10 8 10 10 8 10 8 8
left_child=10 3 4 -2 5 6 -3 8 -6 -4 23 28 -13 14 15 20 17 18 -15 -18 -12 -17 -21 -1 -7 -25 -16 -9 -5 -11
right_child=1 2 9 11 7 24 -8 27 -10 29 13 12 -14 16 26 21 19 -19 -20 22 -22 -23 -24 25 -26 -27 -28 -29 -30 -31
leaf_value=0.018417114285848087 0.019227336611284753 -0.00044038327555489675 0.011131151946173878 -0.015149524004768405 0.0047420891419476035 0.00093860232103957933 0.011301046559568061 0.006143106738019692 -0.0086279310102147806 -0.0074872932973960322 -0.0099423962509886995 0.016328329454802067 -0.0011769135481576069 0.011040241636730903 -0.016743941989296476 0.01078335490025634 0.0041014348377376546 0.025302643567355964 -0.003818540398354255 -0.016663791014614071 -0.0036928977388900807 -0.0015085135697638762 -0.003696037287525713 0.0098336399476873313 -0.029524654856791635 -0.021736514497474411 0.0034319699417423 0.020230133916061151 0.0035309580132468657 0.00060961127149743079
leaf_weight=6.6796434702118832 23.505640963092446 170.23592402489157 7.8255720959277815 5.071922104340044 272.8861831111717 2.0154053154401472 24.164539752877317 14.400970191694798 12.984142689034341 58.891415931924712 55.597228173632175 22.399694653227925 16.922669518738985 18.228311562212184 23.642045136890374 21.635343502624892 24.301951279048808 5.5558073725551358 24.513199596083723 11.860104108811354 293.55514885118464 22.477396926726215 62.303616864024661 1.9763418228831144 3.6609933376312256 1.5698780381353579 3.2869965081336003 13.708023270592092 4.6616752933477992 19.198495636344887
leaf_count=418 179 8703 526 168 12795 108 524 384 198 5887 13069 218 236 2408 6696 4681 5436 513 5461 2389 65903 5047 13345 273 445 136 858 145 139 947
internal_value=0.000227208 0.00308193 0.00218415 0.0103337 0.00319865 0.000354055 0.00105412 0.00499491 0.00409641 -0.00381834 -0.0030935 0.00571338 0.00887806 -0.00335668 -0.00437494 -0.00366455 -0.000411165 0.00569486 0.00255734 -0.00346347 -0.00472216 0.004559 -0.00600384 0.0102304 -0.0197388 -0.00518935 -0.0141391 0.013575 -0.006428 -0.00547619
internal_weight=1249.72 672.533 599.972 72.5616 514.056 200.077 194.4 313.979 285.87 85.9155 577.183 49.056 39.3224 566.957 420.194 393.265 146.763 48.2973 42.7415 98.4657 349.152 44.1127 74.1637 10.2259 5.6764 3.54622 26.929 28.109 9.7336 78.0899
internal_count=158235 31602 30662 940 23302 9780 9227 13522 12993 7360 126633 761 454 125806 96254 88700 29552 8382 7869 21170 78972 9728 15734 827 553 409 7554 529 307 6834
is_linear=0
shrinkage=0.03


Tree=45
num_leaves=31
num_cat=0
split_feature=58 36 17 48 8 57 66 48 53 17 14 53 42 43 43 10 57 16 38 44 36 46 44 36 48 32 4 19 0 17
split_gain=10.2152 2.976 2.65948 2.62077 2.39288 2.19003 2.17462 2.71595 3.25995 3.23445 1.95696 2.12732 2.02629 2.67356 1.94184 1.85957 2.79193 3.47277 2.52876 2.41401 3.41153 1.91517 1.49004 1.46576 1.30174 1.57402 1.2868 1.69542 1.23794 1.16877
threshold=0.80490309009866301 -0.31802785211507395 0.35061079269280709 -0.0018774026233857597 0.010758949239431886 0.93262013729977122 0.22842166879523204 -0.017055197285775977 0.01565671076783472 -0.075954269962863988 -0.30180256036345432 0.02123172071865408 -0.015890083658364747 -0.054272746263668507 -0.094164885615384927 1.9912009583667556 0.98274000148953611 0.069644196113851767 0.78133971765429722 0.077141816382879549 0.080907934078980212 0.0044644538688797426 0.00083594828880284588 0.48710946264522953 -0.046775803655050234 0.25377911881932386 -0.075990707194150672 1.820543119461189 -0.030752027874483664 0.29545566855827426
decision_type=10 10 2 10 10 10 8 10 10 2 8 10 8 8 10 10 10 10 10 10 8 10 10 10 10 10 10 10 10 2
left_child=5 4 15 23 -2 10 -6 9 -9 -8 29 12 14 -14 -12 16 18 -18 -3 21 -21 -17 -7 28 -24 -26 -5 -28 -4 -1
right_child=1 2 3 26 6 22 7 8 -10 -11 11 -13 13 -15 -16 19 17 -19 -20 20 -22 -23 24 -25 25 -27 27 -29 -30 -31
leaf_value=0.014066032549287299 -0.0050143482001995567 0.0059724809154424333 0.0040471884616845389 -0.0093273418006936219 0.020431942237424484 -0.0081887752174507073 -0.0040832467345895051 -0.01187779786478952 0.011014068884436918 0.016031834559807646 0.0054815755763347775 -0.012691924733245626 0.01311297264660255 -0.0029209385600784707 -0.0094709447270639579 -0.00087453333847778859 0.01702150387027845 0.00044483019203403533 -0.001015371729231459 -0.010304384944711368 0.0097763997506949089 0.0094052790337495525 0.016417381774740874 0.0088967800287126017 0.0070253726038455597 -0.0060966871530203368 0.010546043639940694 -0.0048227926534279214 -0.0099045934032174609 -0.0074144355701614359
leaf_weight=7.8741859795991314 10.670434179599395 56.312336719362065 5.6195558290928593 4.8613976349588475 13.216433690860866 7.8559323847293845 8.6114426078274793 11.655886489548729 8.9949663968291116 30.173778955475424 7.8742250250652424 22.605747844907455 8.5349009304773045 423.10741367022274 69.395962334354408 19.118071715114638 20.543178784893826 25.029287698213011 247.58645047794562 17.449494650238194 11.90745498519391 88.343586425762624 6.8677370925433925 3.8792589129880062 23.32421734649688 11.315022267983293 20.368425707798455 8.2567165810614807 47.192683727364056 2.1592611043015495
leaf_count=648 384 1646 226 199 120 1501 265 231 172 687 954 6255 1395 95239 16751 531 346 702 17899 630 207 1792 304 88 3480 630 1086 591 3190 161
internal_value=-0.000138597 0.002423 0.00164314 -0.00304998 0.00769942 -0.0030031 0.00965015 0.00690462 -0.00171997 0.0114999 -0.00355733 -0.00381477 -0.00339045 -0.00256739 -0.00785831 0.00252406 0.00134438 0.00818672 0.000284977 0.00548391 -0.00200686 0.00755758 0.00296755 -0.00695299 0.00529263 0.00260404 0.00348072 0.00599859 -0.00831666 0.00891838
internal_weight=1250.71 659.791 576.468 90.178 83.3229 590.915 72.6525 59.4361 20.6509 38.7852 541.552 531.518 508.913 431.642 77.2702 486.29 349.471 45.5725 303.899 136.819 29.3569 107.462 49.3629 56.6915 41.507 34.6392 33.4865 28.6251 52.8122 10.0334
internal_count=158310 30992 29133 5380 1859 127318 1475 1355 403 952 121403 120594 114339 96634 17705 23753 20593 1048 19545 3160 837 2323 5915 3504 4414 4110 1876 1677 3416 809
is_linear=0
shrinkage=0.03


Tree=46
num_leaves=31
num_cat=0
split_feature=70 57 32 30 69 44 10 21 78 14 16 71 72 53 54 50 24 54 48 4 56 30 43 37 71 69 34 43 8 72
split_gain=12.7098 4.96362 3.80356 3.05904 2.981 2.81652 3.3462 2.64015 2.67483 2.44444 2.09395 1.81276 1.89453 1.7571 1.59203 1.5773 1.53916 1.50274 1.50643 1.5522 1.45146 1.42954 1.30424 1.20412 1.13332 1.54351 1.02574 0.854876 0.599904 0.614456
threshold=0.85447327246506166 0.0085745007398149112 0.35371090442331415 0.66855763757242848 1.6493751801400169 0.074067940574290794 2.790567815925304 0.29078070576806864 0.55998792990062041 0.33660504023620069 0.074446217197976408 -0.016778178181616272 -1.1705190593593671 0.010900370295388781 0.54044826268702983 -0.040003385804206197 -0.42017299340339387 0.66790729425308604 -0.049512646973488554 0.28006162647370109 0.0085745007398149112 0.54272144321181115 0.053263173519828684 0.15688136488034291 3.8546524542663514 -2.3446232655665509 0.0021459066673752548 0.016330266455718227 0.0056824021114713951 1.1011699881481156
decision_type=8 8 10 10 10 10 10 8 8 10 8 8 10 10 10 10 10 10 10 10 10 10 10 8 10 8 8 10 10 8
left_child=4 3 5 20 10 6 9 8 -7 -3 11 12 15 -14 -5 -1 26 18 -6 27 -2 -18 -12 -21 25 -13 -4 -20 -24 -30
right_child=1 2 16 14 17 7 -8 -9 -10 -11 22 24 13 -15 -16 -17 21 -19 19 23 -22 -23 28 -25 -26 -27 -28 -29 29 -31
leaf_value=0.015578201825820604 0.0220896634693677 0.00074337168862915624 0.020263519281068173 0.0094735989133898375 -0.013192799381776572 -0.0066940324979492139 0.01387342865392026 -0.026058766862384945 0.0043409434305770921 0.0067326920809979065 -0.0093120370096136922 0.011347787729817965 0.0051537598469417051 -0.0056234973826074994 -0.0064325358327523728 -0.00059833188288859645 0.010411954580782571 0.016476306682135441 0.0013172449142913715 -0.0086639754957573978 0.0098265006281886402 -0.0042488486667852411 0.011672746798001185 0.0071168372404708516 -0.014668553617375728 -0.00058178934233779796 0.0069787046276518702 0.013447267382844668 0.00081587777538154284 -0.012265257249667266
leaf_weight=5.0903130559017873 19.304704318288714 300.71208736620611 15.235933842370285 10.448445009998979 4.1762569985585278 45.961234644870274 21.753784225671552 3.4077726879622778 32.944533794885501 76.66955025785137 70.192869217135012 9.2644759177928773 13.379865333437918 240.85296140005812 10.098107525845988 46.848993610590696 12.682145414175467 6.7979768993100143 9.4441305488580856 10.717573393252676 22.764534506946802 9.5259853749303129 2.2508312913123545 5.8316941043594879 3.8491897168569258 198.05438271880848 11.26716591184959 13.581978841801172 11.5077686792938 3.2653347430750737
leaf_count=793 143 14935 236 186 563 1528 273 164 2311 2078 14430 244 3326 65226 163 11881 270 385 1132 647 270 196 172 352 78 31392 220 1210 2573 481
internal_value=0.000232471 0.00341453 0.0024519 0.0113512 -0.00264308 0.00162507 0.0026713 -0.00338324 -0.00205253 0.00198268 -0.00323219 -0.00248903 -0.00396098 -0.00502658 0.00158118 0.0011947 0.0103667 0.00427039 0.00198105 0.00394191 0.0159057 0.00408196 -0.00752822 -0.00284346 -0.000332092 0 0.015184 0.00885891 0 -0.00247958
internal_weight=1247.88 592.776 530.16 62.6158 655.107 481.449 399.135 82.3135 78.9058 377.382 604.557 517.34 306.172 254.233 20.5466 51.9393 48.7112 50.5496 43.7516 39.5754 42.0692 22.2081 87.2168 16.5493 211.168 207.319 26.5031 23.0261 17.0239 14.7731
internal_count=157858 22973 22211 762 134885 21289 17286 4003 3839 17013 130596 112940 81226 68552 349 12674 922 4289 3904 3341 413 466 17656 999 31714 31636 456 2342 3226 3054
is_linear=0
shrinkage=0.03


Tree=47
num_leaves=31
num_cat=0
split_feature=59 57 57 66 9 57 26 7 60 55 28 36 4 63 54 0 46 46 46 10 43 43 77 25 43 70 6 76 16 15
split_gain=9.47764 4.82775 3.86977 2.64472 2.57282 3.06691 2.94727 3.33881 2.53151 2.40958 2.28783 2.28075 3.13668 2.24392 1.95367 1.71044 1.6134 2.94219 2.43808 1.6901 1.54424 1.53248 2.10415 1.49329 1.38664 1.34485 2.00277 1.6372 1.32869 1.23072
threshold=0.95557904627672086 0.93262013729977122 0.0085745007398149112 0.31628292342578063 2.8104613499239823 0.02098638197417332 0.51937056900691247 0.016952520473744487 0.9633883515559295 0.62262139437582986 -0.073700282195570607 -0.079896657974561899 0.19143857345063467 0.47848794161201613 0.31072012667549004 0.021040948373825977 0.0071080236035789548 0.0057736429749772862 0.0044955273699602847 0.76360357032419168 0.051227617896574269 -0.027805513792282962 -0.086503363466856387 -0.056066959108718555 0.053263173519828684 1.4757037708661584 0.02424037662239506 -0.31207879482698936 -0.11196014730843072 -0.050143733989770727
decision_type=10 10 8 10 10 10 10 10 10 10 8 10 10 10 10 10 10 8 10 10 10 10 8 8 10 10 8 10 10 10
left_child=1 13 3 -2 6 -6 10 14 -9 15 -4 -7 -13 25 -8 20 17 18 -15 -19 29 22 -18 -5 -23 -1 28 -28 -27 -3
right_child=2 9 4 23 5 11 7 8 -10 -11 -12 12 -14 16 -16 -17 21 19 -20 -21 -22 24 -24 -25 -26 26 27 -29 -30 -31
leaf_value=-0.0021625730141650919 0.016991759537203509 -0.0053304236702928134 -0.01622523129517894 0.010349395822466332 -0.0064263562512037508 0.016962674275299509 0.01279707311483729 0.0011157270033049693 0.010630938713005715 4.2235688554174728e-05 0.0031721325596095391 -0.0083088594204957459 0.010638248728563933 -0.00034041382801253708 -0.0025782561628135453 -0.0070735740366190594 0.011602517500389596 0.0096296337862136587 -0.011722129663703822 -0.00085070791905596775 0.023966793610934026 -0.0093589868392574532 -0.0052458566630325691 -0.0022371169948930962 -0.001014412161498819 0.0065105386303017211 0.010809066942030397 0.00011588644600931556 -0.0061862390820657731 0.010241795111150124
leaf_weight=378.83523905830225 29.951836299151182 4.4405067313928148 13.973347006132824 16.507886750623584 11.100793942809103 24.948630809318274 6.9615776957944027 50.966864824993536 50.799296675715595 57.522375039523467 7.8177121758926686 10.361926763784139 24.372349428245798 32.989176314324141 105.79009851452429 4.3002144296187899 8.1648091876413655 19.843034543679096 35.215424105990678 39.555602234904654 6.5650288251927114 114.21145986684132 23.364305411814716 15.286063991487028 22.510626489412971 8.6440245418343675 26.340459074825048 25.505884622223675 30.116889215598349 30.250244722701609
leaf_count=66867 256 198 362 168 190 324 141 1089 682 5794 220 212 376 8272 2717 220 1527 4200 8323 9100 333 28541 5781 218 5555 346 921 1036 1849 1966
internal_value=-0.000140386 -0.00185381 0.00387961 0.010689 0.00247049 0.00745165 0.000940688 0.00203328 0.00595192 0.0042021 -0.0093008 0.0101457 0.00482765 -0.00267782 -0.00149842 0.00927649 -0.00472444 -0.00212189 -0.00634484 0.00270221 0.0111788 -0.00665631 -0.000568008 0.00432282 -0.00802422 -0.00137431 0.00187636 0.00570705 -0.00318677 0.00807095
internal_weight=1237.21 868.375 368.838 61.7458 307.093 70.7837 236.309 214.518 101.766 103.078 21.7911 59.6829 34.7343 765.297 112.752 45.556 295.854 127.603 68.2046 59.3986 41.2558 168.251 31.5291 31.794 136.722 469.442 90.6073 51.8463 38.7609 34.6908
internal_count=157784 150829 6955 642 6313 1102 5211 4629 1771 8511 582 912 588 142318 2858 2717 71299 29895 16595 13300 2497 41404 7308 386 34096 71019 4152 1957 2195 2164
is_linear=0
shrinkage=0.03


Tree=48
num_leaves=31
num_cat=0
split_feature=70 36 30 3 69 54 78 57 17 36 7 32 54 68 53 53 53 47 42 42 47 72 47 30 32 70 68 70 5 54
split_gain=9.21335 2.69623 4.42837 3.2568 2.85221 3.76064 2.74611 2.6436 2.46992 2.31043 2.02874 1.93991 2.5333 2.41767 1.83085 1.66488 3.50969 2.13471 2.07148 1.6402 1.40866 1.37381 1.3557 1.21777 1.11491 0.96551 1.48967 1.17323 0.994637 0.904134
threshold=0.56253546700676005 -0.31802785211507395 0.67196180029753216 0.013817902760543512 2.2046456638681273 0.44121806274919195 2.0431510323838471 0.97080288796103009 -0.15783179862625221 0.078287308122832674 0.013409741683580898 0.35371090442331415 0.41119756111107292 -0.70224893773553887 0.012441940561938447 0.019447970887333878 0.018097691933190219 -0.0045142292354601867 -0.014417241828652004 -0.010824784011852271 -0.10882265411821433 -1.5655459165740002 -0.013118329399512295 0.75446184100848768 0.1648790376367654 -0.090968777039230855 1.5216810886489336 0.35775858922468745 0.013197786236020722 0.43507809265933584
decision_type=8 8 10 10 10 10 10 10 2 10 10 10 10 10 10 10 10 8 10 10 10 8 10 10 10 10 10 8 10 10
left_child=7 2 3 22 6 8 11 15 -6 -7 -10 13 -13 -3 -11 16 18 -18 20 -20 -1 -17 -2 -4 29 26 28 -27 -9 -23
right_child=1 4 23 -5 5 9 -8 25 10 14 -12 12 -14 -15 -16 21 17 -19 19 -21 -22 24 -24 -25 -26 27 -28 -29 -30 -31
leaf_value=-0.023681322872372883 0.024000658436852538 0.0030662378927955917 -0.01218186324210652 0.00010664410016706794 -0.013383435876665066 0.020534186680651829 -0.0081487354216358554 -0.0061404968735760913 -0.0048358404989357305 -0.0054699405379550325 0.010981471989230825 0.023499833144089943 0.0032247718533876405 -0.0013300334107287778 0.0098145117204909444 0.0081840331922907149 0.016403055274632893 -0.0026179660733766401 0.0062076093188094573 -0.0026895390907320104 -0.0064336426159263358 -0.00025921935074649959 0.01034082207776472 0.0022522322937124362 -0.00017070862457359409 0.014670478054974199 -0.011389338341039055 -0.0012567564776049987 0.019310681682270434 -0.013621530476689025
leaf_weight=3.9130036344286045 17.40250958211254 232.6507770800963 7.5379510167986181 12.845108539331703 9.6390977720729989 16.194527463521808 27.387316655309405 1.3758139139972643 12.708840561448598 7.6699034655466667 14.447860846528782 6.947624150314371 21.309890898643062 215.35132606647676 37.773185830679722 3.3314227000810206 12.707958987797609 7.8745180258993086 18.500621958228294 376.02313300059177 73.052439583465457 5.8288372140377751 15.869943146710286 12.418926824233493 9.8417940195649845 12.884315303992478 5.154093642369844 5.2592770345509079 2.6656719178427011 33.439963513519615
leaf_count=864 180 10518 179 227 208 205 2743 317 413 219 201 98 540 14466 885 651 2794 1866 4291 84068 17458 1486 209 263 1611 727 516 315 185 9515
internal_value=8.18213e-05 0.00247481 0.00819705 0.0132349 0.0018293 0.00647821 0.000903732 -0.00270835 -0.00103295 0.0109549 0.00356386 0.00144656 0.00894513 0.000948045 0.00710797 -0.00317209 -0.00261041 0.0092028 -0.00315084 -0.0022501 -0.00764151 -0.00823879 0.0180647 -0.00337768 -0.00955379 0.00620802 -0.00136266 0.0100725 0.010552 -0.0117683
internal_weight=1240.01 668.155 66.0744 46.1176 602.08 98.4334 503.647 571.853 36.7958 61.6376 27.1567 476.26 28.2575 448.002 45.4431 544.514 492.072 20.5825 471.489 394.524 76.9654 52.442 33.2725 19.9569 49.1106 27.3392 9.19558 18.1436 4.04149 39.2688
internal_count=158218 31554 1058 616 30496 2131 28365 126664 822 1309 614 25622 638 24984 1104 124604 111341 4660 106681 88359 18322 13263 389 442 12612 2060 1018 1042 502 11001
is_linear=0
shrinkage=0.03


Tree=49
num_leaves=31
num_cat=0
split_feature=58 59 57 14 46 46 14 38 44 39 72 52 46 46 46 50 63 60 49 37 14 44 39 24 31 59 71 42 37 52
split_gain=9.56738 2.98139 2.68307 2.40215 2.21723 2.67908 2.38096 3.8053 2.67462 1.68742 1.84666 1.70354 1.63731 1.91497 2.29244 2.36855 1.68103 1.63997 1.48567 1.46958 1.69626 1.42804 1.3755 1.27647 1.14597 1.09942 1.07644 1.07167 0.916102 0.895621
threshold=0.87090053763440867 0.97481634163099218 0.96719734942567903 0.98300017197780165 0.028220184399655488 0.013664615301590341 0.98300017197780165 0.92339230307897358 0.043190304467678915 -0.026674412049188408 2.4202605304444638 0.59420748486516251 0.0044955273699602847 0.0057603814407279309 0.0068630998330873336 0.036268149182203009 0.24025307341529109 0.76155482583902701 0.014336495168701726 0.44137199300291924 0.50603014139481284 0.00083594828880284588 -0.033072368203909457 -0.36360101010075352 0.0082438983328089761 0.93262013729977122 1.0812355166262748 0.026488149451625701 0.089334786829853255 0.66874514374514382
decision_type=8 8 10 10 10 10 8 10 10 10 10 2 8 8 8 10 8 10 10 10 10 10 10 10 10 10 10 10 8 2
left_child=2 3 12 9 5 6 8 -8 -3 22 11 -11 29 17 15 -15 -16 18 -14 20 21 -4 23 -2 -12 -24 -19 -22 -23 -1
right_child=1 4 19 -5 -6 -7 7 -9 -10 10 24 -13 13 14 16 -17 -18 26 -20 -21 27 28 25 -25 -26 -27 -28 -29 -30 -31
leaf_value=0.0074619801672424499 0.0026545699328712575 0.0035103054608207505 -0.0060401142705300143 0.014830416442312103 0.019521456269871163 -0.0094054576576135338 0.004003258081293027 -0.014702289214930289 0.011105386334609222 -0.0024495022839149043 0.0026994614997824995 0.0032553022813224214 -0.013215674682935687 0.0041236421236186009 -0.00027465061788497949 -0.008523805873483099 -0.0048133618459839664 -0.0065005896924837554 -0.00063122190184293806 0.015812971949196883 -0.00031558543900536874 0.016961354187291628 -0.0015125485116721633 -0.0047009926231621185 0.014948230099346649 -0.020722085288253637 0.0073266232685349252 -0.018161681339129616 -0.0017128124182353818 -0.00037882546081214593
leaf_weight=15.958380326512268 37.705547460354865 87.488394063082524 3.7111764134606373 10.033991753123699 8.9000511299818736 10.352727679768575 49.16941337287426 11.152037099935113 84.173928687348962 78.70963244541781 15.177327564917507 113.34519973525312 41.246419891249388 69.992798249120824 100.59984472679207 15.335927598411216 287.6201478720759 10.146319022518584 11.317318173008969 7.9911697227507821 13.797553894808518 10.163019558298398 5.4778468761360255 45.472961950465105 13.818150540348141 5.495695537654683 8.2753327535465342 3.0327793967444441 2.4249925577314579 54.777920388849452
leaf_count=3562 1701 1409 583 188 131 216 2367 212 1222 4197 343 6279 9375 15471 16304 3239 68286 2540 2624 431 763 670 501 2850 244 172 264 203 258 11360
internal_value=0.000153433 0.00297303 -0.00231906 0.00105956 0.00542417 0.00481601 0.00550119 0.000312751 0.00729465 0.000566187 0.00200475 0.000901191 -0.00281988 -0.00337875 -0.00266913 0.00174339 -0.00364868 -0.00796815 -0.0106245 0.00499238 0.0019076 0.00861413 -0.00276531 -0.00133909 0.00894052 -0.0123107 -7.72734e-05 -0.00453788 0.0132818 0.00142763
internal_weight=1232.86 576.473 656.391 325.236 251.237 242.337 231.984 60.3215 171.662 315.202 221.05 192.055 615.27 544.534 473.549 85.3287 388.22 70.9854 52.5637 41.1207 33.1295 16.2992 94.1521 83.1785 28.9955 10.9735 18.4217 16.8303 12.588 70.7363
internal_count=157965 22032 135933 16475 5557 5426 5210 2579 2631 16287 11063 10476 133025 118103 103300 18710 84590 14803 11999 2908 2477 1511 5224 4551 587 673 2804 966 928 14922
is_linear=0
shrinkage=0.03


Tree=50
num_leaves=31
num_cat=0
split_feature=59 69 69 16 38 53 53 53 53 32 5 25 34 51 16 54 72 53 53 32 47 41 41 53 7 18 7 10 17 49
split_gain=6.91471 3.73707 3.27699 3.04492 2.72714 3.15857 3.01979 2.57993 2.17209 2.13879 2.02117 2.01138 2.88488 3.33176 1.83633 1.76862 1.66237 1.74132 2.49049 1.82844 1.81073 1.77356 2.9475 1.605 1.49295 1.28222 1.26458 0.921336 0.919865 0.91322
threshold=0.76488948104141186 2.2046456638681273 -2.3446232655665509 0.078628637743002452 0.78690472156123348 0.015687345190923036 0.013131585567969487 0.014236750659805236 0.010900370295388781 0.35371090442331415 0.024884631025867691 -0.72487809149670213 0.011349241559360334 0.80041928721174016 0.095389315501432717 0.41024204068358999 -1.2294053513963665 0.019391976598328607 0.018097691933190219 0.24272098452544458 -0.0023130323703834939 0.0083482291346139732 0.01021745097606397 0.010900370295388781 0.013669042429212821 34.189158565578154 0.0043007390427937239 1.6263409183197941 -0.036982890094070839 0.018105741519111599
decision_type=8 10 8 10 10 10 10 10 8 10 10 10 10 2 10 10 10 10 10 10 10 10 10 10 10 8 10 10 2 10
left_child=16 2 4 7 -2 6 -6 10 25 14 -3 -5 13 -13 -10 -11 26 18 21 -19 -20 23 -23 -18 -14 -4 -1 -9 -27 -28
right_child=1 3 8 11 5 -7 -8 27 9 15 -12 12 24 -15 -16 -17 17 19 20 -21 -22 22 -24 -25 -26 28 29 -29 -30 -31
leaf_value=-0.0058771967564145598 0.0133414715582038 0.011154999836707711 -0.023326478706172691 0.012014950353970691 0.0073498827401994368 0.010842199084770089 -0.012155601216737619 0.011218034553529458 0.0003780553050100138 0.020567173743216861 -0.0038735909992253246 -0.014100269364398923 -0.00027112483665133234 0.011140023302500978 -0.0049544456129792854 0.0035226566173396302 0.0046606795081785592 -0.011941236544847796 0.017459009090247092 0.0039950000663764376 -0.0030701964600220785 0.011175661007960634 -0.0026005757377330261 -0.0060440997480912754 0.014280557582519853 0.0025325736640041856 0.0067018822586790072 0.025391266713834737 -0.010880060673772382 -0.0031721604963454706
leaf_weight=14.081711190519853 29.775259498506784 19.982822460704483 3.9183410569094148 12.231011646683326 10.691031110589394 19.212699465220794 17.25094996241387 12.324536369415002 483.17335102672223 6.5100767400581416 12.035142479697241 18.994018712197434 13.881813483894804 5.2051945275161406 64.982079420122318 25.011199065600522 12.435008869739248 38.660313685424626 7.9212648876709864 6.9222768212202928 5.9935259961057437 15.118938174331559 103.06432174984366 195.64995653147344 10.061524936230851 7.3077155720675409 31.542144908104092 11.188237868482245 9.1673516688169876 10.235660354257559
leaf_count=3657 308 466 253 293 198 265 332 229 30537 109 147 627 419 112 4904 749 3153 11275 2087 679 1564 4138 27592 53232 181 350 7224 112 636 2553
internal_value=-0.000224947 0.00144773 0.000586628 0.00640374 0.00637513 0.00172832 -0.00459276 0.0114189 -0.000159848 0.000181218 0.00546886 0.00163107 -0.0011368 -0.00832546 -0.000256504 0.00765928 -0.00323137 -0.00393288 -0.00316299 -0.00942291 0.00880233 -0.00370779 -0.000734057 -0.00537081 0.00605091 -0.00955009 0.00154441 0.0188453 -0.00495457 0.00419499
internal_weight=1234.53 792.904 677 115.904 76.9299 47.1547 27.942 55.5307 600.07 579.677 32.018 60.3736 48.1426 24.1992 548.155 31.5213 441.625 385.766 340.183 45.5826 13.9148 326.268 118.183 208.085 23.9433 20.3934 55.8595 23.5128 16.4751 41.7778
internal_count=158381 41227 38641 2586 1103 795 530 954 37538 36299 613 1632 1339 739 35441 858 117154 103720 91766 11954 3651 88115 31730 56385 600 1239 13434 341 986 9777
is_linear=0
shrinkage=0.03


Tree=51
num_leaves=31
num_cat=0
split_feature=58 78 69 42 10 5 9 36 53 7 32 9 3 63 44 69 6 2 67 53 42 14 72 10 44 59 11 44 44 8
split_gain=8.97624 4.115 2.77808 2.60762 3.37733 2.60984 2.21173 2.13708 4.64574 3.04906 2.22649 2.1399 2.12083 2.0057 1.80178 1.58189 1.54327 1.48012 1.58069 1.35167 1.37342 1.3179 1.30715 1.38676 1.28086 1.2751 1.23433 1.10077 1.65687 1.05444
threshold=0.90185970260127835 -0.33203583600935233 1.2915350115504582 0.017456881710605002 1.9142461317093058 0.026569326035926915 1.5731707410299693 -0.31802785211507395 0.014884105562848001 0.034777503507402281 0.40615044897372876 2.2462601214650788 0.06666664954964531 0.10465168258055289 0.074067940574290794 -1.1092778980454845 0.039295345200480135 -0.072439934234053413 0.37326141119733275 0.024132712610863215 0.017838899467839234 -0.070507359971297798 2.603157250239883 1.1135454943207106 0.036881403458186253 0.97860960120060769 -0.083605290053360856 0.074697451810853868 0.016168860981359615 0.0085916616349032658
decision_type=10 10 10 10 10 10 10 10 10 10 10 10 10 8 10 8 10 10 10 10 8 10 8 10 10 10 10 10 8 10
left_child=2 3 12 6 5 -5 13 8 -3 10 14 16 15 24 -9 22 -11 -4 29 20 -17 -14 23 -1 -2 -15 -21 28 -8 -19
right_child=1 7 17 4 -6 -7 27 9 -10 11 -12 -13 21 25 -16 19 -18 18 -20 26 -22 -23 -24 -25 -26 -27 -28 -29 -30 -31
leaf_value=-0.0015360596007886413 0.0024798991222774428 -0.0044939318352715547 -0.014500979453002216 -0.0061625873793276038 -0.011452233242348304 0.014467611631089325 0.0059425460461944579 0.0019315526635700607 0.015470521667343886 0.0069983760992904974 0.011606665696846766 -0.025446500446656993 -0.013066363188321658 0.0036613823553983274 -0.0043841321637462351 -0.0032568986431585735 -0.01260898109510129 0.0016463717020796752 -0.0002325492125292278 0.003649509007238243 0.00044947512788042854 -0.0046300583968186919 -0.016774576384361362 0.0061029024608927731 0.016879310866640917 -0.012614905607212625 -0.0174578568563547 0.0046207985681714038 0.020440356589335702 0.011487425954334907
leaf_weight=38.468753431341611 11.434271101839842 16.098764795693569 3.1233067796565583 7.421709643793295 11.913132765563203 15.238430522149427 11.356303246691823 239.31276999949478 26.387283027986996 5.9106080943020078 17.569432689808309 5.2236611584667108 21.972330639720894 9.3121945091988874 47.771203576703556 338.39526285917964 6.4690643143840134 17.120553436805494 42.441586664645001 2.6526968121761447 120.30122393730562 78.554401745903306 2.2434747330844393 44.975203575682826 11.944294227287171 6.3694581855088463 8.7477755735162628 9.8717664186842722 30.512381305452436 26.245627915137447
leaf_count=6027 178 284 246 210 226 280 182 9390 385 186 315 168 3669 297 2305 73433 219 2030 5155 629 24450 19160 51 3631 154 165 2556 163 475 1451
internal_value=0.000135782 0.00328763 -0.00193468 0.00796093 0.000819367 0.00760908 0.0106089 0.00165569 0.00790725 0.000800299 0.00152423 -0.0109757 -0.00261164 0.00492055 0.000858629 -0.00187173 -0.00319995 0.00300142 0.00383276 -0.00255722 -0.00227945 -0.00661408 0.0018405 0.00256923 0.0103503 -0.00312967 -0.0124064 0.0146716 0.0168084 0.00779457
internal_weight=1235.36 490.117 745.242 125.374 34.5733 22.6601 90.8007 364.743 42.486 322.257 304.653 17.6033 656.311 39.0602 287.084 555.784 12.3797 88.9311 85.8078 470.097 458.696 100.527 85.6874 83.444 23.3786 15.6817 11.4005 51.7405 41.8687 43.3662
internal_count=158070 15582 142488 2330 716 490 1614 13252 669 12583 12010 573 133606 794 11695 110777 405 8882 8636 101068 97883 22829 9709 9658 332 462 3185 820 657 3481
is_linear=0
shrinkage=0.03


Tree=52
num_leaves=31
num_cat=0
split_feature=59 57 36 32 48 10 41 53 18 53 37 36 40 63 60 70 40 43 72 55 42 17 3 59 7 29 6 18 53 72
split_gain=8.95195 5.40464 2.17372 3.20297 2.13457 2.34619 2.28042 2.1685 3.69862 2.10045 2.13698 3.09323 2.02327 2.00723 1.68812 1.5501 1.85266 1.53803 1.70888 1.47354 1.43591 1.3785 1.37533 1.46649 1.29961 1.41933 1.43826 1.19805 1.33658 1.17532
threshold=0.95557904627672086 0.96719734942567903 -0.23407605539944401 0.35371090442331415 -0.010941791714793979 1.6263409183197941 -0.0060703055992172841 0.01491448285162471 53.284619040917839 0.010989558943293544 -0.35227196864686289 0.12122387948163925 -0.013715110304838409 0.49796333167413315 0.77344493352896715 1.1963326748185084 0.018788709790117358 0.010815427482554487 2.1700937274261141 0.69464875578066521 0.065690294477439029 -0.20531071245281426 0.064765230523510922 0.92474147021804953 0.015505796076088455 4.504863019536713 0.027391146292134155 46.047811001838291 0.013639968307537899 -1.1906323799713847
decision_type=10 10 10 10 10 10 10 10 10 10 10 10 10 10 10 10 8 10 10 10 10 2 10 8 8 10 8 10 10 10
left_child=1 13 4 9 5 14 -7 8 -6 -4 11 -11 -12 15 -2 22 -17 18 -5 27 29 -18 -1 -24 25 -21 -27 28 -3 -15
right_child=2 19 3 17 7 6 -8 -9 -10 10 12 -13 -14 20 -16 16 21 -19 -20 24 -22 -23 23 -25 -26 26 -28 -29 -30 -31
leaf_value=-0.0013603682069671277 0.010950708335115286 -0.0094674603960460003 -0.010602435162362724 -0.0067460527921962493 -0.011470245160568594 0.0057293845876318786 0.021572256697287254 0.011342065363006588 0.0107317834988269 -0.007908242341835842 -0.0096719964550752539 0.0070840435061861745 0.0046096679301323206 0.00098035226109242837 -0.0051301517349916425 7.3528319958246602e-05 0.00028756890902637054 0.014157430748101515 0.011242870135163853 -0.01030460099136438 -0.017840377112304174 0.014606680848324959 -0.0038161879731087667 -0.019854035667102185 0.01520092030665212 0.0069478398478363653 -0.011974230252551701 0.015528866993911206 0.0099911231854944473 -0.0044267960857716053
leaf_weight=337.45351224561455 11.113864250015469 3.9577113304985669 11.69897337653674 8.2844739938154834 15.932356895878913 14.513075263705103 23.738336001057178 14.73828077688813 10.183285524137316 37.397418688633479 8.4585625829640758 17.196113621117547 145.88013263850007 40.725902904057875 10.278462953399865 106.06380059185904 10.580249699181879 28.148874846985564 8.625923050567506 8.0324836464133131 5.788970634341239 14.798947904026134 20.938801136333499 6.4719709821511051 4.8809593350160858 19.478519967640754 3.3550289635313666 20.446587346377783 7.6633536056615412 255.45159909687936
leaf_count=62992 167 156 261 194 277 201 270 199 127 889 183 401 3089 9057 175 5615 432 425 110 729 1488 455 4605 801 210 1423 146 823 278 61852
internal_value=0.00027181 -0.00138841 0.00419974 0.00274271 0.00795723 0.0115484 0.0159368 0.00249207 -0.00262585 0.0012191 0.00194268 -0.00308946 0.00375042 -0.00208438 0.00320624 -0.000899887 0.0018723 0.00994941 0.00237792 0.00667175 -0.0040119 0.00898815 -0.00190916 -0.00827402 0.00227102 -9.23486e-05 0.00365591 0.0112697 0.00290147 -0.00367239
internal_weight=1232.28 866.088 366.188 265.69 100.498 59.6437 38.2514 40.8539 26.1156 220.631 208.932 54.5935 154.339 798.274 21.3923 496.307 131.443 45.0593 16.9104 67.8146 301.966 25.3792 364.864 27.4108 35.747 30.866 22.8335 32.0677 11.6211 296.178
internal_count=158030 151062 6968 5552 1416 813 471 603 404 4823 4562 1290 3272 147297 342 74900 6502 729 304 3765 72397 887 68398 5406 2508 2298 1569 1257 434 70909
is_linear=0
shrinkage=0.03


Tree=53
num_leaves=31
num_cat=0
split_feature=71 69 69 55 3 60 44 44 53 53 48 44 46 52 16 46 38 53 52 67 60 70 72 38 3 47 17 41 41 51
split_gain=5.68786 2.8673 3.12704 2.76812 2.28007 2.35546 2.20806 2.39512 2.57655 3.03698 2.32302 2.26699 2.84546 2.64239 2.18279 2.09869 1.98194 2.36818 3.41504 2.32293 1.91715 2.17792 2.27498 1.75652 1.70736 1.63394 1.3494 1.62064 1.3029 1.19588
threshold=0.4152036863211413 -2.3446232655665509 1.2915350115504582 0.65846146077911605 -0.0019131673092697141 0.9445014830025098 0.074067940574290794 0.069399657099751391 0.020765565365582783 0.017033352651483157 -0.030773401772379746 0.085623198180254559 0.0060454447424827052 0.71967429796997362 0.099138075407587248 0.01404985681647313 0.78690472156123348 0.015687345190923036 0.55468639887244553 -0.63562327266872964 0.98581558827635496 1.1214045438021174 3.2859724147737244 1.556857392158095 0.038538763189408416 -0.15327850463673823 -0.025195295310890872 0.0096873839932020162 0.015500337016078782 0.70431086824529465
decision_type=8 8 10 10 10 10 10 10 10 8 10 10 10 2 10 8 10 10 2 10 10 10 10 10 10 10 2 10 8 2
left_child=6 16 20 4 5 -4 7 8 9 10 -1 12 28 -13 -6 -11 19 18 -18 -2 23 -22 -23 24 -3 -10 -5 -28 -8 -15
right_child=1 2 3 26 14 -7 11 -9 25 15 -12 13 -14 29 -16 -17 17 -19 -20 -21 21 22 -24 -25 -26 -27 27 -29 -30 -31
leaf_value=-0.0084040439123472116 0.02093155297642145 0.00024819673483976603 -0.0018842729215197257 -0.0051358140710345479 0.017137003069738369 0.010299037074135278 0.0041558680335178162 -0.015707931386815505 -0.00063108795639816738 0.0075609514159631344 -0.0021328820738940124 -0.010432971230031309 0.015687120853939654 0.0072193863691303699 -0.0015439441909699063 -0.011319126016260578 0.0095817272416463001 0.010707667353101325 -0.010891359489345612 0.0041777589863470641 -0.0083746643772397763 0.0093400419066679962 -0.0029483062344713034 -0.013936322264313929 -0.0039275825418282149 -0.019782555045774447 0.0062653411845961975 -0.0033372028227232689 -0.013398490642880371 -0.0020074389188959973
leaf_weight=74.823535109171644 14.65689287427813 324.84500394231873 29.416477479040623 26.490909016341902 28.912798057775944 25.725348672945984 9.78055554314051 14.398967255372552 6.2284107971936491 34.751162983709946 188.52453517290996 21.943539126194082 16.660267228609882 20.539757733233273 6.387368031195364 5.1985354481730601 11.215177129022779 18.906570656457916 17.213922540307976 16.455671783885919 10.024262975202872 48.060507346061058 17.735363981919363 8.5110857873223704 119.30824350938201 12.716024331166407 42.024694957071915 23.773480848758481 4.8199041823390862 29.085092881461605
leaf_count=19988 137 20889 826 1066 665 357 2563 3802 2083 9113 51326 5583 4387 4760 174 1220 173 266 377 173 397 805 278 579 11477 3871 1575 998 1162 7117
internal_value=-0.00015259 0.00136693 0.000757233 0.00413019 0.00783166 0.00382838 -0.00288666 -0.0040608 -0.0034841 -0.00277461 -0.00395107 0.000930413 0.00755914 -0.00198791 0.0137247 0.00481446 0.00677762 0.0027272 -0.00266172 0.0125698 -0.000408947 0.00396595 0.00598824 -0.00115547 -0.000873063 -0.0139838 0.000425581 0.00275292 -0.00193426 0.00181946
internal_weight=1229.13 789.664 711.216 182.731 90.442 55.1418 439.47 336.641 322.242 303.298 263.348 102.829 31.2607 71.5684 35.3002 39.9497 78.4482 47.3357 28.4291 31.1126 528.484 75.8201 65.7959 452.664 444.153 18.9444 92.2891 65.7982 14.6005 49.6249
internal_count=158187 41212 40086 5661 2022 1183 116975 91403 87601 81647 71314 25572 8112 17460 839 10333 1126 816 550 310 34425 1480 1083 32945 32366 5954 3639 2573 3725 11877
is_linear=0
shrinkage=0.03


Tree=54
num_leaves=31
num_cat=0
split_feature=58 60 57 10 33 57 54 43 57 29 44 54 49 55 47 21 32 48 32 32 72 52 71 6 72 47 53 45 31 2
split_gain=7.34477 4.19707 4.22109 2.47041 3.23759 2.26634 2.44648 2.17297 2.14288 2.49284 1.94868 3.22761 2.33333 1.84967 1.83321 1.74213 1.63845 1.98407 1.20817 1.14187 0.962828 3.45002 1.92573 1.72912 1.05111 0.945426 0.942445 0.914442 0.970178 0.829106
threshold=0.89390847247990113 0.98581558827635496 0.0043243293783250597 2.4008604379846656 -0.012707935604895188 0.94397445986550299 0.66360895024911692 0.047820791633721112 0.98274000148953611 1.4247446119379441 0.019152812517309829 0.59804486263977863 0.0021142251448761367 0.30809464783744306 -0.0051005012495084481 0.060467710443873453 0.25377911881932386 -0.013056186599313456 0.040931068263114607 0.003873599839132658 -1.2294053513963665 0.23099646237003255 -0.4344033729370011 0.033475437455423071 2.603157250239883 -0.075200740044701161 0.010900370295388781 0.0050436101590426328 -0.070006938066365307 0.055120005607232965
decision_type=10 8 8 10 10 10 10 10 10 10 8 10 10 10 10 10 10 10 10 8 8 2 8 8 10 10 10 10 10 10
left_child=5 2 -2 8 -5 15 16 10 13 -10 11 -3 19 -4 -14 20 17 18 -7 -12 21 25 26 -23 -24 -1 -22 -18 -29 -19
right_child=1 7 3 4 -6 6 -8 -9 9 -11 12 -13 14 -15 -16 -17 27 29 -20 -21 22 23 24 -25 -26 -27 -28 28 -30 -31
leaf_value=0.0030620961326018304 0.0130054847441802 -0.0066793255886910818 0.0020952972507476335 0.0050489895823502299 -0.021645717838330532 0.0094608348320787839 0.01739603296126609 -0.0043312407126374509 0.013774287075363729 0.00050917216426056751 0.026636268524272214 0.011936976653352527 -9.9670025483390408e-05 -0.0027508649138058448 0.010905968840735178 -0.006880513802633265 0.0022668735576536966 0.0049662615963889127 -0.0087929136902813992 0.012167473658608643 0.0043146926418776424 0.00084115291373791558 -0.00085763245502411061 -0.020415474183716083 -0.012245329247007032 0.03295343085500109 -0.0056432299805537932 0.0002623592834727715 -0.016083080422247101 0.016984282053929517
leaf_weight=1.8936911439523099 24.360741504700854 16.751169548253532 151.39808380848262 6.0815460101002818 9.1036440121242759 3.3874220193829379 8.5101990496041235 11.917752173263578 22.275810066144913 29.465819461154751 9.8135554327163828 14.796005942858754 19.58773374510929 131.38752761174692 39.921537386486307 70.52876868925523 6.9881240675458711 17.922078731702644 11.384152272075879 18.205613360158171 8.023842082358895 48.625549686839804 364.74186379933963 2.6926031501498064 6.5055178437614805 2.7711057605920351 147.42740946402773 4.4691480970941493 8.2050216734642127 8.0283589276950789
leaf_count=294 285 290 5648 115 280 443 551 263 274 757 106 225 414 7216 587 16235 296 1613 1741 371 1950 11136 64792 167 232 141 40376 189 433 626
internal_value=4.5662e-05 0.00282006 0.00118415 0.000317391 -0.0111179 -0.00189192 0.00323152 0.00742457 0.000877005 0.00642984 0.00865242 0.00205827 0.0109451 -0.000147509 0.00729206 -0.00244099 0.000935515 0.00438445 -0.00408229 0.0180817 -0.00188762 0.00179857 -0.00228777 -0.000585716 -0.0010976 0.0240312 -0.00508577 -0.00592878 -0.0105023 0.00928787
internal_weight=1227.17 505.067 374.073 349.712 15.1852 722.105 68.8945 130.993 334.527 51.7416 119.076 31.5472 87.5284 282.786 59.5093 653.21 60.3843 40.722 14.7716 28.0192 582.682 55.9829 526.699 51.3182 371.247 4.6648 155.451 19.6623 12.6742 25.9504
internal_count=158046 16831 14575 14290 395 141215 5892 2256 13895 1031 1993 515 1478 12864 1001 135323 5341 4423 2184 477 119088 11738 107350 11303 65024 435 42326 918 622 2239
is_linear=0
shrinkage=0.03


Tree=55
num_leaves=31
num_cat=0
split_feature=70 40 57 38 43 18 72 57 47 57 78 61 23 43 57 57 72 52 78 59 76 32 71 50 38 43 43 26 56 61
split_gain=6.55954 2.89749 2.6022 2.58776 2.32987 2.02414 2.02377 2.46913 3.09748 1.94869 2.8452 3.06884 1.87957 1.80037 2.11003 1.7168 1.96377 3.74104 1.79608 2.1478 1.58706 2.13518 1.73699 1.38511 1.29722 1.2822 1.27576 1.38704 1.26185 1.01872
threshold=1.0889990954235038 0.0096357715067719799 0.93262013729977122 1.0625405173152054 0.044623128292876076 34.189158565578154 -0.2900917400593187 0.50430109516057431 -0.03250450370800733 0.012806844896397137 1.0000000180025095e-35 0.1407406246080522 0.06454420755927949 0.057675054860674375 0.87473682344232728 0.045027076366764097 -1.2294053513963665 0.23099646237003255 -2.4510436916850433 0.96319682362627157 -1.0045829445350503 0.40615044897372876 1.6385543079239648 0.004063376147092069 0.86660401064916692 0.055394714760673487 0.011955602360510411 0.83690850299971686 0.98255177859596055 0.67492267975359777
decision_type=10 8 10 10 8 10 10 10 8 8 10 10 10 10 10 8 8 2 10 10 10 10 10 8 8 8 10 10 10 10
left_child=2 9 12 4 5 23 -5 8 -8 10 -2 -12 15 20 24 18 17 -17 -1 -20 22 -22 -11 -3 -15 -18 27 -4 29 -28
right_child=1 3 26 6 -6 -7 7 -9 -10 13 11 -13 -14 14 -16 16 25 -19 19 -21 21 -23 -24 -25 -26 -27 28 -29 -30 -31
leaf_value=-0.012840189045656 0.015049471589943703 0.012614420301093276 0.0060811165586014924 0.015219926174060837 -0.0044112935101072639 0.017120352566843737 0.0026810179014998261 0.011452491605574319 -0.015577440028674843 0.005211501319605261 0.0080192934494015076 -0.014840302695294984 -0.0073680178693453164 -0.027575114466974041 0.0037767292068862043 0.025923937862825295 -0.0033969678162648017 0.00034098697244766112 0.00099670974117379912 0.015383797096762372 0.0011576735127448222 0.010327591825426542 -0.010877584688680801 -0.0013250317543948441 -0.0066669716858508378 0.0014561115775369481 0.013604990778360465 -0.0065976753611156442 -0.0016531698171559494 0.0030133203640844691
leaf_weight=4.3313126750290385 21.069565143436193 11.115717906272037 12.168114258674906 7.2113413624465457 7.3652739138342431 36.128519156482071 18.783264790195972 9.7242585461353865 13.441900434903799 7.9705643046763752 13.337200563983062 7.3623243141919366 59.247469865949824 3.9000094907823959 8.4149906411766988 4.811766455997712 435.07295684056589 47.361897081835195 30.889793488895521 12.815215529873965 267.85444156359881 24.19682022719644 17.410526009160094 12.550405591726305 9.2223472164478153 53.715143860783428 20.089307379676029 17.699630577932112 12.040761975687927 15.916345020639708
leaf_count=132 193 173 1238 253 216 701 533 242 459 437 261 160 13709 193 230 414 96033 10990 3376 177 10865 398 439 270 523 9080 1563 2172 510 1966
internal_value=0.000139881 0.00279435 -0.00167433 0.00692543 0.0107193 0.0126743 0.00157228 -0.00100372 -0.00508436 0.00150955 0.00755242 -0.000282274 -0.00230043 0.000736076 -0.00744154 -0.00177397 -0.00226123 0.00319998 0.00358633 0.00553216 0.00132196 0.0019603 -0.0057053 0.00534652 -0.0146059 -0.00285563 0.00345994 -0.00130548 0.00644972 0.00921195
internal_weight=1223.22 497.059 726.16 116.321 67.1599 59.7946 49.1608 41.9494 32.2252 380.739 41.7691 20.6995 648.246 338.97 21.5373 588.998 540.962 52.1737 48.0363 43.705 317.432 292.051 25.3811 23.6661 13.1224 488.788 77.9142 29.8677 48.0464 36.0057
internal_count=157906 16546 141360 2847 1360 1144 1487 1234 992 13699 614 421 133911 13085 946 120202 116517 11404 3685 3553 12139 11263 876 443 716 105113 7449 3410 4039 3529
is_linear=0
shrinkage=0.03


Tree=56
num_leaves=31
num_cat=0
split_feature=7 78 14 14 56 44 69 69 44 28 34 43 33 9 78 38 43 40 14 76 28 76 43 14 76 72 34 38 8 52
split_gain=5.97037 4.2545 3.1267 2.79076 2.74567 2.66727 2.69169 2.34384 2.25889 2.19293 2.18282 2.17316 2.0679 1.89906 2.71282 1.8961 3.374 1.77192 1.99554 1.72131 1.79767 1.70052 1.67086 1.49808 1.43328 1.36713 1.2738 1.10332 0.973357 0.940826
threshold=0.016657051333041229 -0.45692981976488661 -0.35275345043080281 0.28161227220483981 0.0085745007398149112 0.1557699926064621 -0.20823766483800174 1.3636166535769079 0.00083594828880284588 -0.10882737247922407 0.0060665143119999687 0.016991809125883498 -0.084389958596062756 3.3868714407679774 0.64162568359026195 1.0129483975492757 0.057675054860674375 -1.2344661127483519e-05 0.70992689262217268 0.15202618294219192 -0.065715655561496375 0.13190602682235741 0.0091397205328017667 0.35133091486671769 -1.1328908976514229 1.9863184359203812 0.021142150438207937 1.09688689955952 0.012243475468700474 0.68295034063007931
decision_type=10 10 8 10 8 8 8 10 10 10 10 10 10 10 10 10 10 10 10 10 10 8 10 10 8 10 10 10 10 2
left_child=2 4 29 5 -2 15 -7 13 27 22 21 12 -12 23 -15 16 -3 -10 -19 20 -11 25 -5 24 -4 -6 -17 -9 -25 -1
right_child=1 3 7 9 10 6 -8 8 17 19 11 -13 -14 14 -16 26 -18 18 -20 -21 -22 -23 -24 28 -26 -27 -28 -29 -30 -31
leaf_value=0.017827661154279299 0.024452490395917906 0.0087503655104767888 0.0034891517412276038 0.0037955397430470333 -0.00026527777924516938 -0.029291071897860767 0.011864176412815595 -0.013988595390911338 0.0071772441254469846 -0.004637405517493056 -0.0026557932042910958 -0.01362213969945068 0.017159832409918294 0.017728237921550833 -0.0068013567438245243 -0.0028181090553955229 -0.014039795247031342 0.0027814037628874477 -0.0089001827849257992 -0.0089531986002665959 0.013954839711244321 0.020484310895706209 0.019795777190229274 -0.0034139975265482566 -0.0024526276916871613 0.013468256461767841 0.0038747458321101787 0.0034306952155816147 -0.016666119745624906 0.0026916121241558027
leaf_weight=8.5312916705152038 9.5247924302238953 41.906531561980955 37.375370432331692 10.861861611134374 12.518495737342166 4.177734324708581 1.2267723579425354 10.01927722035907 56.992119770555291 6.8302249469561529 10.43480092834216 6.3158707560505709 7.0792625471949586 9.0516554737696406 5.8756775856018058 103.98156373685924 5.7639919962966806 57.577875428367406 15.965422478388062 8.5517291546566394 10.706141078029761 12.74010533664841 15.417710082605479 11.810283179045657 671.62544710165821 11.664457832463084 32.620724658365361 3.8266284753335631 9.8105775754665938 7.5891035695094606
leaf_count=167 83 1237 5959 233 495 613 184 1173 3047 194 463 302 128 195 285 6380 500 4051 633 275 313 258 232 2687 124287 140 1555 517 1354 154
internal_value=0 0.00357019 -0.0012333 0.00165078 0.0100229 -3.84814e-05 -0.019087 -0.00147902 0.00199868 0.0077116 0.0073527 0.000105216 0.00568597 -0.00215829 0.00806376 0.000604001 0.00570125 0.00325507 0.000119841 0.00131153 0.006692 0.011825 0.0136741 -0.00238198 -0.00213071 0.00651163 -0.0011815 -0.0090655 -0.0100308 0.0114506
internal_weight=1218.37 312.323 906.051 242.045 70.2778 189.677 5.40451 889.93 144.381 52.3677 60.753 23.8299 17.5141 745.549 14.9273 184.273 47.6705 130.535 73.5433 26.0881 17.5364 36.9231 26.2796 730.622 709.001 24.183 136.602 13.8459 21.6209 16.1204
internal_count=158094 13585 144509 11716 1869 10469 797 144188 9421 1247 1786 893 591 134767 480 9672 1737 7731 4684 782 507 893 465 134287 130246 635 7935 1690 4041 321
is_linear=0
shrinkage=0.03


Tree=57
num_leaves=31
num_cat=0
split_feature=70 32 17 8 33 24 77 56 17 51 36 42 49 72 59 10 75 53 64 41 57 46 46 46 43 75 56 14 59 57
split_gain=5.94686 2.24645 2.53326 1.74124 2.60978 2.19934 2.22366 2.15236 2.14489 2.35398 1.73583 1.66636 2.5148 3.42988 1.76068 1.62395 1.63793 1.58609 1.7829 1.48463 1.45056 1.3458 1.33111 4.53854 1.59458 1.2819 1.20974 1.14524 1.02905 0.889343
threshold=0.56253546700676005 0.35371090442331415 -0.51700530113167098 0.0094014169071678696 0.032790903297737921 -1.1878739353990502 -0.78711297672462011 0.0085745007398149112 -0.013903703433274626 0.83622247317899501 -0.26493132846187639 -0.015890083658364747 -0.0061283379770390991 -1.1705190593593671 0.41311176389033316 1.9142461317093058 -2.8239150789477354 0.015749395063775814 0.48770471151423539 0.0085961085023666967 0.97486908239256875 0.0079842581389898814 0.0098034715565004805 0.0090042221378546488 0.053263173519828684 -4.4612146713969389 0.0085745007398149112 -0.25424018730717163 0.8747323144084781 0.66700473292765394
decision_type=8 10 2 8 8 10 8 8 2 2 10 10 10 8 8 10 10 10 10 10 8 10 10 10 10 8 10 10 10 8
left_child=11 3 -3 10 5 6 -5 -7 9 -6 25 26 13 -13 22 16 -12 20 -19 -10 -4 28 23 -14 -24 -2 -1 -28 -15 -17
right_child=1 2 17 4 8 7 -8 -9 19 -11 15 12 14 21 -16 29 -18 18 -20 -21 -22 -23 24 -25 -26 -27 27 -29 -30 -31
leaf_value=-0.023890758164627546 -1.7744688392164613e-05 -0.0065363885647279577 0.02273375276665927 -0.014177314941716829 -0.010336052861357784 0.010972298560162696 0.0031543136104617755 0.0033205214000174852 0.0033760006023454913 0.013302203982237165 0.0087522106767037137 0.023151407600872732 -0.0048186549063611705 0.011330779604331742 -0.00046030352754240306 3.7178936831470007e-05 -0.0063550950380985112 0.0099041650222566873 -0.0084163481138033527 -0.002837200968783123 0.0078254196296082684 -0.0043548138834920347 -0.011902907734898768 0.011689876623824433 0.00019900267549919628 -0.021890974232621801 0.0076669220215038348 -0.0060663245212412573 -0.006048422492051583 0.015893598014645093
leaf_weight=2.4315395480953148 4.1456528586568311 8.3161955217365158 12.247805134393277 11.291791080613619 30.306417894084007 37.044378354796208 13.458889276371339 302.96247715281788 80.770361187460367 3.3405281228478989 6.814981108531355 7.1568107758648694 116.8368539114017 12.211165571818126 259.3778430063976 6.7232326678931686 35.013278492959216 12.468974054791035 6.3485296240542075 58.711850991821848 15.104804097209124 17.056285074679181 34.583469492499717 16.129141073324718 12.811888449359683 5.8698238980723527 4.850568058085627 76.737480602110736 3.0506100530037648 5.7957667165901521
leaf_count=374 105 214 181 422 2365 510 636 12758 4737 114 290 1064 31276 3483 49520 309 4038 265 206 3591 239 3943 9422 4259 3462 295 869 18653 140 215
internal_value=0.00015771 0.00209825 0.00789125 0.00155696 0.00211898 0.00355725 -0.00487974 0.00419273 -0.000897058 -0.00758642 -0.00305452 -0.00209937 -0.0014011 0.00574191 -0.00206069 -0.000780041 -0.00367677 0.010637 0.00345912 0.000737761 0.0151732 0.0012174 -0.00433045 -0.00272142 -0.00863302 -0.013933 -0.00598341 -0.00513058 0.00751412 0.00823259
internal_weight=1219.97 656.736 54.4863 602.249 537.887 364.758 24.7507 340.007 173.129 33.6469 64.3627 563.234 479.214 39.4749 439.739 54.3473 41.8283 46.1701 18.8175 139.482 27.3526 32.3181 180.361 132.966 47.3954 10.0155 84.0196 81.588 15.2618 12.519
internal_count=157955 31490 1105 30385 25133 14326 1058 13268 10807 2479 5252 126465 106569 8630 97939 4852 4328 891 471 8328 420 7566 48419 35535 12884 400 19896 19522 3623 524
is_linear=0
shrinkage=0.03


Tree=58
num_leaves=31
num_cat=0
split_feature=70 60 18 72 7 58 69 44 19 46 69 42 63 46 6 22 24 59 42 42 44 59 10 9 71 14 69 5 16 36
split_gain=5.93791 2.74821 3.14535 2.28111 2.68506 2.30335 2.10075 2.43918 2.0406 2.54476 2.50513 2.26883 1.96606 1.85234 1.6458 1.59824 1.56577 1.48365 1.47713 1.48477 2.38056 2.85236 1.46061 1.36952 2.02415 1.85591 1.33887 1.82795 1.65187 1.32066
threshold=0.85447327246506166 0.98581558827635496 25.645681444612624 3.2859724147737244 0.009961977048030533 0.97870072131742514 1.6493751801400169 0.16428366975657974 -1.1914507465427555 0.0049262497033988693 0.4143400326496266 0.0014881710410591389 0.5180085554104219 0.0077991160663155893 0.030498608767105178 0.25722688543191546 0.47985107060556292 0.89772703015399336 0.065690294477439029 0.024424182527982622 0.057719583043885588 0.75706745589152269 2.4008604379846656 0.4006430300630191 3.3700339467442721 -0.18776360334059514 2.3617368352301114 0.022072057783298935 0.078628637743002452 -0.15569902737844646
decision_type=10 8 10 10 10 10 10 8 10 10 8 8 10 10 10 10 8 10 10 8 10 8 10 10 8 8 10 10 10 8
left_child=6 8 -3 4 -4 -5 18 15 9 11 14 -2 -6 -7 -11 17 -12 -8 19 23 29 -22 26 25 -25 -1 27 -10 -28 -21
right_child=1 2 3 5 12 13 7 -9 22 10 16 -13 -14 -15 -16 -17 -18 -19 -20 20 21 -23 -24 24 -26 -27 28 -29 -30 -31
leaf_value=0.015802520380042397 0.0090529560556035713 -0.010852134700999943 -0.0063230033092781419 -0.009315190009265454 0.012747001521543724 0.013677071961574475 -0.0018309188230117594 0.022259759473812285 0.0041822672304922068 -0.00080894678108427924 0.01996817748806537 -0.015722302656227361 -0.0016288677722183975 -0.001886681089453528 0.0094064053503399025 -0.0062534849038919302 0.0034710052339284171 0.010793568632733128 -0.013543544772664021 0.00970580665794471 0.010962808309692228 -0.0065682164614111133 -0.0098151779314123808 -0.0032601764690823867 -0.014076831961142526 -0.0007922116114448093 0.011262535900951148 -0.0019225482787110029 0.00044215742948553252 -0.0038612730031780816
leaf_weight=5.5407384353457019 4.1822367070708406 8.4492776276310888 7.8354617372388011 12.396224178140981 75.168932475964539 12.635264795273544 14.068482287344525 4.7398217013105741 55.087658690405078 35.254083815845661 16.068499736953527 8.3854005304165167 8.9979791217483562 12.88436788972467 22.096115252003074 15.220497164409606 8.8348511130316201 17.73763647582382 9.8092259631957841 6.1150321110617369 31.066116245347075 10.311483548837712 12.418135186890138 383.03104553912999 15.563852396793662 80.872227711719461 19.623387271305546 204.3548204273684 34.881044260808267 63.672684927470982
leaf_count=329 145 150 308 216 1303 138 2903 93 4094 1883 381 376 192 174 490 934 278 329 2515 493 8066 1264 382 87700 2161 16096 304 9746 916 13574
internal_value=-4.21269e-05 0.00222491 0.00588183 0.00706762 0.00959947 0.000758219 -0.00197572 0.00375218 0.00100535 0.00485531 0.00679716 -0.00719695 0.0111738 0.00593127 0.00316921 0.00139969 0.0145913 0.00523246 -0.00247535 -0.00226584 0.000834274 0.00647131 -0.000115454 -0.00298282 -0.00372421 0.000406119 0.000288638 -0.000603707 0.00452462 -0.00250978
internal_weight=1217.3 559.554 138.368 129.918 92.0024 37.9159 657.749 51.7664 421.186 94.8212 82.2535 12.5676 84.1669 25.5196 57.3502 47.0266 24.9034 31.8061 605.982 596.173 111.165 41.3776 326.365 485.008 398.595 86.413 313.947 259.442 54.5044 69.7877
internal_count=157933 21476 2481 2331 1803 528 136457 4259 18995 3553 3032 521 1495 312 2373 4166 659 3232 132198 129683 23397 9330 15442 106286 89861 16425 15060 13840 1220 14067
is_linear=0
shrinkage=0.03


Tree=59
num_leaves=31
num_cat=0
split_feature=70 53 78 1 57 66 67 0 76 66 24 30 15 14 53 0 42 5 56 47 54 49 24 71 78 71 35 70 38 42
split_gain=3.88022 4.26732 4.19352 2.76164 2.31346 2.12112 2.03939 2.29555 1.89513 2.53185 1.977 1.77176 2.40172 1.67176 1.84342 1.83647 1.88802 1.76452 1.62557 1.06462 1.02733 1.01987 0.960569 0.954478 0.920507 0.872758 0.872323 1.75162 0.778136 0.754895
threshold=1.4231008693107448 0.010989558943293544 -0.37316257854721518 -0.041620136084225816 0.93659018491376889 0.40378559360266092 0.1960446651137818 -0.020465267398698302 -0.064897736350609025 0.100635664552274 -0.30523625484841804 0.91452447625870881 -0.090003290807297451 -0.35275345043080281 0.024132712610863215 0.010126068770781817 0.017294894173962575 0.02356079905003626 0.98255177859596055 -0.15327850463673823 0.46905575234430436 0.00835566600051252 0.571952717148283 1.9988881638273834 -1.6657567047371205 1.914389827763888 0.16041723833470653 0.99427826777128347 1.5277940755647486 0.026639798790907169
decision_type=10 10 10 10 10 10 10 10 10 8 10 10 10 8 10 8 8 10 10 10 10 10 8 8 8 10 10 10 8 10
left_child=4 3 8 -2 13 -4 7 -6 9 -3 -11 12 -7 17 15 20 -17 -1 24 28 -15 -13 -10 29 -9 -5 27 -8 -16 -19
right_child=1 2 5 25 6 11 26 18 22 10 -12 21 -14 14 19 16 -18 23 -20 -21 -22 -23 -24 -25 -26 -27 -28 -29 -30 -31
leaf_value=0.015770862851524653 0.0045126380603880282 -0.0067422408651761773 -0.010022077761489893 -0.0082788663906176937 -0.011342124552167968 0.0086126912988594879 0.00022045573958283848 -6.742679857792685e-05 0.019889930221298993 0.012429586816715809 0 -0.02201005056265402 0.00084790821280626997 -0.0044032416120816271 0.008157269622351011 -0.0016165702108425094 0.0052641962700626151 0.0085874466222864813 -0.0044001988685605925 -0.016119983385178463 -0.0016808889022644643 0 0.0071889777173154475 -0.015874812829682425 0.01454601039233647 -0.029959634631332915 0.0076719073384339236 -0.01447310300012678 -0.0097882927310785888 -0.009364727924329087
leaf_weight=8.6595106824534032 4.6001788269495583 11.654166408814488 13.764250610256566 4.3671168385772017 4.0481246776180333 41.29030323389452 35.100997438828927 3.9908229337306693 15.585383636876939 32.824939484824426 16.859910283004865 3.393529297085478 246.33731565723429 220.05378167307936 3.2010317965177846 96.832155784242786 55.445338495192118 5.8569840418640506 5.0835782433859995 12.485240766312925 303.80317672051024 3.4159411299042404 11.833157389424743 2.2012423872947693 28.347007469972596 5.172123683267273 7.6174403219483784 8.0882164416834694 3.4449440343305469 1.9862137807067481
leaf_count=179 92 181 259 234 253 895 4236 173 201 561 365 197 8215 43414 1066 17984 9648 441 160 3217 61638 157 185 47 1823 141 425 442 970 184
internal_value=-0.000231775 0.00213408 0.00273025 -0.0134798 -0.00144297 0.00105354 0.00299172 0.00785316 0.00844245 0.00528777 0.00824609 0.00161362 0.00199895 -0.00202371 -0.00226828 -0.00199326 0.000887193 0.00656917 0.0102489 -0.0112572 -0.00283638 -0.0124502 0.0149599 -0.00180183 0.0127046 -0.022046 -0.000993382 -0.00272863 -0.000816046 0.00315711
internal_weight=1217.34 411.098 396.959 14.1394 806.246 308.201 92.2762 41.4695 88.7576 61.339 49.6848 294.437 287.628 713.97 695.266 676.134 152.277 18.704 37.4214 19.1312 523.857 6.80947 27.4185 10.0444 32.3378 9.53924 50.8067 43.1892 6.64598 7.8432
internal_count=157983 11683 11216 467 146300 9723 7512 2409 1493 1107 926 9464 9110 138788 137937 132684 27632 851 2156 5253 105052 354 386 672 1996 375 5103 4678 2036 625
is_linear=0
shrinkage=0.03


Tree=60
num_leaves=31
num_cat=0
split_feature=58 6 44 14 19 38 17 34 54 46 9 44 32 9 51 40 71 53 44 65 31 71 76 69 36 44 14 30 9 40
split_gain=4.1444 2.19265 2.31611 3.22282 2.32897 3.45132 3.22233 2.16991 1.82294 2.20857 3.29818 2.03901 1.5909 1.85686 1.58704 1.54994 1.49951 1.41128 1.88005 2.60497 1.84439 1.696 1.32529 1.30146 1.25932 1.14919 1.14437 1.06335 1.0208 0.910974
threshold=0.86320287899235282 0.030498608767105178 0.1557699926064621 -0.22074135253556518 -1.1914507465427555 1.2773409215763476 -0.51700530113167098 0.00098830691173655951 0.77040262719322461 0.015272799414690232 0.61546121834369316 0.11987758590221288 0.16826964134666736 2.2462601214650788 0.37118932790584497 0.016421599216571246 2.1819300343007169 0.017062661025990872 0.068761063244456314 0.97486908239256875 -0.039271012534170084 1.4300293775538122 -0.23250666427834304 1.3267011379244551 0.20823388750469446 -0.12309321259282634 -0.14812172666147996 0.58829418215963647 1.2875261461921146 -5.3912500458518161e-05
decision_type=8 8 10 8 8 8 2 8 8 8 8 10 10 10 2 10 10 10 10 10 10 10 10 8 8 10 8 8 10 10
left_child=8 12 4 -4 5 14 22 -8 9 11 27 25 17 23 -3 -10 -15 18 19 -2 -20 -19 -6 29 -25 -1 -27 -11 -12 -14
right_child=1 2 3 -5 6 -7 7 -9 15 10 28 -13 13 16 -16 -17 -18 21 20 -21 -22 -23 -24 24 -26 26 -28 -29 -30 -31
leaf_value=-0.018143167289371674 0.0017526939850001013 0.0042525823131248294 -0.029338044312990332 0.0091865674863546402 -0.021633069051165323 -0.0061373412784515172 0.0077286189206483549 0.0012445344872588162 -0.013513232204114389 0.022720796268552643 0.0029524552104191705 -0.009595597497326136 -0.0094574497457191459 -0.010151027451326537 0.016859839686983777 0.0060812836437361406 0.0080926222669056285 -0.001401719455040825 0.0015508634246145241 -0.011172877398014019 -0.012029166324910376 -0.01951198644837334 -0.0017087839030371383 0.020244541044327959 0.0054337055720988956 0.0028853497403943237 -0.0018370555476455799 0 -0.01200190728194322 0.0059228129264970817
leaf_weight=2.757730846758931 173.78745849529514 14.846037928014992 3.483960636658594 2.6473559967707834 5.4434447847306728 9.613902972545473 69.924991321749985 140.26857136061881 18.82414755446371 8.8619588485453242 11.071070148027507 28.943109237006865 4.3147617321228564 10.486587189254349 30.077073886524886 3.6037154353689393 5.2070094831287852 12.389366589137355 14.00825076701585 14.231237218598833 21.638487028540112 7.0510162891587234 6.6580961942672712 9.7302611408522299 13.450919096940199 49.482714984216727 503.83860626904061 2.5136797195300469 5.144441431737504 8.8755700513138489
leaf_count=654 8992 227 262 103 177 300 1303 4580 4779 404 2106 6044 277 395 397 802 71 1291 982 1034 1376 261 165 206 409 5389 113294 323 1122 433
internal_value=-0.000195642 0.00163782 0.00352033 -0.0133277 0.0039509 0.00947476 0.00254591 0.00344218 -0.00186948 -0.00154686 0.0065784 -0.00194575 -0.000162491 0.00453422 0.0129421 -0.0101115 -0.00379605 -0.00119511 -0.000489057 0.000704545 -0.006714 -0.0087503 -0.0118671 0.00821423 0.0123547 -0.0015257 -0.00140488 0.018277 -0.00203919 0.000368354
internal_weight=1213.18 578.134 282.963 6.13132 276.832 54.537 222.295 210.194 635.041 612.613 27.5912 585.022 295.171 52.0651 44.9231 22.4279 15.6936 243.106 223.665 188.019 35.6467 19.4404 12.1015 36.3715 23.1812 556.079 553.321 11.3756 16.2155 13.1903
internal_count=158158 23241 7514 365 7149 924 6225 5883 134917 129336 3955 125381 15727 1791 624 5581 466 13936 12384 10026 2358 1552 342 1325 615 119337 118683 727 3228 710
is_linear=0
shrinkage=0.03


Tree=61
num_leaves=31
num_cat=0
split_feature=70 78 33 76 0 0 66 69 38 9 18 16 40 25 46 49 48 37 14 53 16 32 53 37 48 58 30 46 71 55
split_gain=4.55139 2.53648 2.27637 2.27862 2.24874 2.32681 2.2329 2.19006 2.06285 1.99044 2.69024 2.18066 1.67908 1.95564 1.66933 1.65341 2.79426 1.54003 1.45795 1.39008 1.29021 1.22336 2.25119 1.66393 1.52771 1.22112 1.74593 1.28996 1.19608 1.16135
threshold=1.156893412861421 -0.37316257854721518 -0.12403316560570561 -0.24647777726382944 0.012659143624057402 0.010818329902144265 0.11708989029295301 1.714102205556042 0.89179852926446823 2.9502547703398938 67.673818060362748 0.024865829079603555 0.0096357715067719799 1.0828878783777889 0.0060978645455475001 0.014239786485350294 -0.032301521326020981 0.61035630891867909 0.24009710827269784 0.014173515060986139 0.074446217197976408 0.23307903185234982 0.020281499889091097 0.15688136488034291 -0.0044362171728775648 0.93677693299542053 0.55516184393189827 0.0069234853148248754 1.5810407453465538 0.63455615226662465
decision_type=8 10 10 8 10 8 10 10 10 10 10 10 10 10 10 10 10 10 8 10 8 10 8 8 10 10 10 10 10 10
left_child=7 2 4 6 5 8 -4 20 -2 12 11 14 13 17 -11 16 -14 -3 -8 -12 -1 24 23 -23 28 27 -27 -5 -9 -26
right_child=1 9 3 25 -6 -7 18 21 -10 10 19 -13 15 -15 -16 -17 -18 -19 -20 -21 -22 22 -24 -25 29 26 -28 -29 -30 -31
leaf_value=-0.0014752277235749809 -0.004515287607778206 0.0008037765233267749 -0.0072999384407256901 0.012316589216207735 -0.012888053171837853 0.024529540967607896 0.011187327786670418 -0.0044416597594855714 0.019077022908053451 0.0096533671813186627 0.0016376732573080827 0.014476701812871272 0.0068592412690806851 -0.009325368819740304 -0.002819212382443273 0.012217605108539692 -0.0076814343744371271 -0.0058766867514729974 -0.00086169896744320122 -0.016579452912466909 -0.005297004712948348 -0.012303917664031817 0.015568635335614802 0.0044491928618776398 0.019884365132697184 0.007151528671279766 0.020731949658512459 -0.0039130853416038096 0.011031991257549407 0.0041380400692632721
leaf_weight=560.01062510622432 17.597476446419027 159.31312450539554 12.772240159567444 7.7754201863426697 9.3091481858864409 3.0629047078546163 23.266473869676702 12.157625415129589 3.0611028634011737 16.759958582231775 7.6503677656874043 25.236990133533254 29.040708062238988 24.53511773457285 19.893542859470472 15.465407686540855 18.621119404211644 37.427612483734265 13.488746140617875 5.7081074874149635 93.14428055373719 12.32244029373396 4.6405286451335988 7.8812954132445219 9.6822658809833246 17.903064507525414 20.987677427474409 7.7421143187675625 5.7908026301302007 9.0080062686465663
leaf_count=118021 1496 6508 220 203 236 53 408 2029 41 314 230 567 810 1363 418 353 548 1811 245 209 18886 600 109 357 344 369 258 204 126 789
internal_value=1.13792e-05 0.00221733 0.00568008 0.00784636 -0.00107852 0.00376846 0.00301728 -0.00151835 -0.000161562 0.000878202 0.00518453 0.00782893 -0.000264852 -0.00150757 0.00290916 0.00399995 0.00107555 -0.000475224 0.00678031 -0.00655016 -0.00203209 0.0038364 -0.00118356 -0.00572558 0.00726109 0.0120543 0.0148915 0.00429087 0.000711108 0.0130432
internal_weight=1211.26 496.618 136.966 103.936 33.0306 23.7215 49.5275 714.638 20.6586 359.652 75.249 61.8905 284.403 221.276 36.6535 63.1272 47.6618 196.741 36.7552 13.3585 653.155 61.483 24.8443 20.2037 36.6387 54.4083 38.8907 15.5175 17.9484 18.6903
internal_count=158125 16864 3733 1907 1826 1590 873 141261 1537 13131 1738 1299 11393 9682 732 1711 1358 8319 653 439 136907 4354 1066 957 3288 1034 627 407 2155 1133
is_linear=0
shrinkage=0.03


Tree=62
num_leaves=31
num_cat=0
split_feature=70 38 21 24 77 30 30 52 53 10 10 0 72 69 54 45 54 66 6 16 37 43 72 14 37 0 22 37 42 38
split_gain=4.80136 2.55042 2.52078 5.50609 4.13121 3.36729 3.12175 2.3571 2.19703 3.56267 2.73512 2.09117 2.33745 1.6494 1.62818 1.78432 1.58348 1.57273 1.58277 1.51565 1.19216 1.15097 1.09627 1.14364 1.3725 1.07324 1.01119 1.26398 0.986744 0.87949
threshold=1.0558356828664304 1.2773409215763476 -0.037491007981057638 -1.1419518327061933 -1.3501063472286743 0.67377780116350483 0.69868697027279747 0.60545601888554168 0.010989558943293544 1.6420038370577512 1.7504367715045626 -0.036443845034037241 -1.3641231055086969 1.3636166535769079 0.66790729425308604 0.0069925973011677094 0.49446345956972143 0.032955750710618993 0.018232609719968849 0.065287006236847925 0.027656550907443487 0.053263173519828684 -1.5319141377238441 -0.30180256036345432 -0.55666430135910494 0.00063678458456484243 0.11767449465785242 -0.23289126529590778 -0.015431771690425864 0.66834526784945791
decision_type=8 10 8 10 8 10 10 2 8 10 8 10 10 10 10 10 10 10 10 8 10 10 8 8 8 10 10 10 10 10
left_child=13 2 3 16 -4 7 -7 -5 9 -6 -10 -3 -13 19 15 17 -2 25 -19 22 -16 -21 29 24 -24 -15 27 -17 -25 -1
right_child=1 11 4 5 8 6 -8 -9 10 -11 -12 12 -14 14 20 26 -18 18 -20 21 -22 -23 23 28 -26 -27 -28 -29 -30 -31
leaf_value=-0.0055823792923445064 -0.0010093387737549035 0.0091986040919259122 -0.020439570892297958 0.0046026213655687796 0.0051013078019680001 -0.010941339736954634 0.0051141337192037008 0.014982389955949858 -0.001288571311220313 -0.027384832462240143 0.0051630979443328283 0.011220517498915164 -0.0058976381245121213 0.0031978367031805051 0.019791025001728749 0.017069972181570667 -0.023677689953794902 -0.0019448026022171893 0.010359680772956752 -0.0070659234778889203 -0.0032542634373854957 0.00098379598155859784 0.016193167622158895 -0.0052493477493624026 -0.00040843915502589227 -0.017942907548222014 -0.0096199986486046451 -0.005827135942800093 -0.0015636069897719362 0.0064369682483709336
leaf_weight=5.9120047964388531 5.4179729013703746 10.937869962537659 6.7521140235476196 33.843393767951056 5.4593622400425357 11.916620874078943 67.404772407957353 54.758829259313643 102.10686682153028 4.9109097233740613 136.54892023303546 6.9321412437129757 71.875129738473333 3.2693060871679327 6.3958537908038107 2.54151215555612 5.6454991344362497 13.081845059059559 27.477333613205701 83.810109994607046 2.1471636143978685 18.642582788248546 5.7033239505253732 79.930659755948 12.385298160836102 3.5233678959775716 16.995680825959425 4.4893985505914342 378.76831630687229 24.150922352506313
leaf_count=768 130 385 181 701 218 343 1836 1035 4437 159 4272 290 4604 132 338 143 182 2712 1012 18496 268 3888 144 18389 1090 182 1943 896 83714 5295
internal_value=-7.17586e-05 0.0020864 0.00303925 0.00576402 0.00110582 0.00714688 0.00255855 0.0111467 0.00178141 -0.0110743 0.00239643 -0.00247921 -0.00423255 -0.00171914 0.00229355 0.000683456 -0.0138292 0.00407678 0.00636754 -0.00225329 0.0139505 -0.00557682 -0.00156591 -0.00192253 0.00524296 -0.00827827 -0.00577995 0.003171 -0.00222241 0.00387311
internal_weight=1213.74 524.51 434.765 178.987 255.778 167.924 79.3214 88.6022 249.026 10.3703 238.656 89.7451 78.8073 689.225 79.9215 71.3784 11.0635 47.3519 40.5592 609.303 8.54302 102.453 506.851 476.788 18.0886 6.79267 24.0266 7.03091 458.699 30.0629
internal_count=158183 18773 13494 4227 9267 3915 2179 1736 9086 377 8709 5279 4894 139410 7626 7020 312 4038 3724 131784 606 22384 109400 103337 1234 314 2982 1039 102103 6063
is_linear=0
shrinkage=0.03


Tree=63
num_leaves=31
num_cat=0
split_feature=5 69 54 38 3 45 46 64 46 18 60 77 57 43 66 22 55 36 58 69 57 8 6 25 78 29 9 54 36 37
split_gain=4.77348 3.35515 2.90368 2.38051 2.2857 3.0649 3.08313 2.50651 2.45888 2.40343 1.97105 1.87756 1.83385 2.58169 1.72819 1.66523 1.49744 1.43629 1.32153 1.30593 1.74253 1.5037 1.29347 1.45322 1.04225 1.04035 0.528039 0.405145 0.343615 0.105704
threshold=0.026569326035926915 -2.6569084186387646 0.77040262719322461 1.2532781770515169 0.037857749195329367 0.017937755590757574 0.0044644538688797426 0.92438789770767926 0.0058836300152581992 66.987078419775898 0.10471182365432881 2.6114735092304655 0.94397445986550299 0.020680455508597876 0.98957245998608223 0.51408044202364434 0.66248689727463328 -0.011241193188713753 0.84761932495273606 -2.3446232655665509 0.032955750710618993 0.02691014144598829 0.034432586898517435 -0.79881086510384292 0.31340123221491317 5.4213701690270621 1.9329036006747986 0.53480567921725009 -0.016334839801458122 -0.46777966127800091
decision_type=8 8 8 10 8 10 8 10 10 10 10 8 10 10 8 10 10 10 10 8 10 10 10 10 10 10 10 10 10 8
left_child=1 -1 12 4 5 6 -2 9 -8 15 14 -11 22 17 29 -6 -15 -14 28 -12 27 -22 25 -24 -9 -3 -4 -21 -7 -5
right_child=3 2 26 10 7 18 8 24 -10 11 19 -13 13 16 -16 -17 -18 -19 -20 20 21 -23 23 -25 -26 -27 -28 -29 -30 -31
leaf_value=0.012630699214144234 -0.011197165342712359 -0.001126437216139832 -0.016891500823949589 0.023513314651991801 -0.0027005565473752625 -0.0024682338370994299 0.018562223791764039 -4.8870908137399744e-05 0.0066108396644081364 0.0017411808615247961 0.0056697572015398014 0.014856304274159987 0.012214056921040111 0.012345807712562187 -0.0059099551923388442 0.012086322551011134 0.0016247580640557594 -0.0040059885076688933 -0.01716108377646991 -0.0062144999867238433 0.0015220303101874907 -0.007153113756207352 0.0054765127955831144 -0.013717822826970061 -0.023282207222514888 -0.0043819563340851183 0.0010446411472911027 -0.021590883637643134 0.014293609997846632 0.0076562029722118856
leaf_weight=14.214362410712056 6.8931107036769381 565.63780076685362 11.917884404072536 3.6884289002045989 67.017517143511213 1.3581777822691949 17.361777958460152 3.0105430315015829 142.4095176946139 22.532987568760291 13.487678594188765 17.749605825869367 4.4606666109757489 24.963177603203803 2.9084387554321447 6.5898035184945902 23.340345980017446 44.994537126040086 6.0916322011034936 4.6223698408575711 39.468573305814061 30.99875562323723 3.7423776754876625 14.600791570730506 4.1997038676636294 105.33221580833197 1.1913984098937351 4.7490235078148544 1.0375074374023805 2.6901807180838633
leaf_count=235 99 106269 2443 84 3984 331 203 137 3509 1186 216 407 171 1064 161 128 1644 3586 269 191 2872 2540 171 723 246 24562 60 202 127 275
internal_value=5.04315e-06 -0.00130916 -0.00157598 0.00269242 0.00405525 0.00623959 0.00716021 0.000846159 0.00803559 0.0020069 -0.00121439 0.00781262 -0.00132822 0.00248613 0.0112175 -0.00119227 0.00736425 -0.00227046 -0.0103715 -0.00258911 -0.00407432 -0.0022989 -0.00187634 -0.00956602 -0.0151343 -0.00164773 -0.0150903 -0.0156263 0.005979 0.0191761
internal_weight=1213.26 814.396 800.181 398.865 296.252 175.152 166.664 121.1 159.771 113.89 102.613 40.2826 787.072 97.7587 9.28705 73.6073 48.3035 49.4552 8.48732 93.3264 79.8387 70.4673 689.313 18.3432 7.21025 670.97 13.1093 9.37139 2.39569 6.37861
internal_count=158095 140928 140693 17167 10626 4538 3811 6088 3712 5705 6541 1593 138190 6465 520 4112 2708 3757 727 6021 5805 5412 131725 894 383 130831 2503 393 458 359
is_linear=0
shrinkage=0.03


Tree=64
num_leaves=31
num_cat=0
split_feature=70 32 44 51 10 9 66 17 31 8 32 69 50 38 51 0 52 34 27 44 9 60 45 44 51 50 44 50 36 28
split_gain=4.99802 2.85211 3.21909 2.70755 2.69727 2.49505 2.46998 2.2945 2.16085 3.0181 2.10614 2.08471 1.95025 2.71557 2.2905 1.68406 1.62433 1.59617 1.57495 1.49596 1.19584 2.40929 1.49776 1.57831 1.4448 1.33098 1.63871 1.19617 1.17919 1.16934
threshold=0.78208220461870404 0.35371090442331415 0.076579330989720598 0.65291229516275007 1.9506151518407089 1.3430557342198808 0.84663221116667542 0.49589640292981446 -0.056704604695457454 0.017426723691070109 -0.24621379805880114 2.3617368352301114 0.022999484505132454 0.94822952093965474 0.64503281285358693 -0.036443845034037241 0.82753119741423842 0.0012917298659928694 -0.075467889784281303 0.10184825530283161 0.71309159537096523 0.98972249685231672 0.014715583376067634 -0.089159098601925488 0.61844256531064323 0.063363736456864342 0.12547976713689837 0.063363736456864342 0.24694259351518322 -0.31915455919912306
decision_type=10 8 10 2 10 10 10 2 10 10 10 10 8 8 2 10 2 8 10 10 10 8 10 10 2 10 10 10 8 10
left_child=11 2 5 4 -4 10 7 -7 16 -10 -2 20 13 -3 -14 -8 -5 -16 -15 -19 22 27 25 -24 -25 26 -1 -22 -13 -12
right_child=1 12 3 8 -6 6 15 -9 9 -11 29 28 14 18 17 -17 -18 19 -20 -21 21 -23 23 24 -26 -27 -28 -29 -30 -31
leaf_value=-0.00069077955483803975 0.010753977722225347 0.0095581552069991631 -0.0038400055929952845 -0.0023823790673185644 -0.024701678883195192 0.0065355004734600894 0.010508559108934551 -0.003224321348084765 -0.0042339619764600513 0.011570927884449371 -0.013234391703584755 0.012239416115972146 0.020135318117498146 -0.020524044017661495 0.013322740741497039 -0.0023280104562199222 -0.022756526854861139 -0.0075293697797070864 0.00082645859971916937 0.010456474532703592 -0.0022494363621763662 -0.01492729182034293 -0.0095342213181500591 0.018707555808455879 -0.0082682771639961405 0.013881298019903333 -0.015180078457981545 -0.013996261446931692 -0.0006286086142984847 -0.0014615777134325187
leaf_weight=186.30374396347906 11.174502879614009 13.569778708275409 15.063136033248158 11.176874527940525 8.7722250692313519 201.21996767044766 9.5536425397731346 23.246127896825783 22.200883583282121 19.339786604279652 7.3222014452330759 13.758785338082815 16.633475933689624 5.0371486507356167 12.609916177578269 69.376761687046383 4.6464876404497764 9.8879044954665023 5.7338224422419426 5.7111437995918086 380.94247608428122 13.772108187258707 2.2737041162326923 8.9214804973453266 1.4077174200210709 4.3502307516755527 6.3453279793029642 7.1251478687627232 10.417328228650151 108.09752270387253
leaf_count=38369 214 220 1067 659 296 5599 367 868 1209 563 184 767 352 164 212 4378 327 326 194 117 87036 2384 553 1024 292 743 1463 1693 505 5955
internal_value=0.000162536 0.00217564 0.00138692 -0.00404454 -0.0123241 0.00242657 0.00390115 0.00550163 -0.000400689 0.00315271 -0.0010868 -0.00167142 0.00785789 0.000825498 0.0115084 -0.000624722 -0.00954056 0.0058036 -0.00979881 -0.000530401 -0.00202063 -0.00297732 -0.000166823 0.00944554 0.014361 -0.000841519 -0.00125943 -0.00250825 0.00677078 -0.00234147
internal_weight=1215.99 580.373 511.19 81.1994 23.8354 429.991 303.396 224.466 57.364 41.5407 126.594 635.618 69.1832 24.3407 44.8424 78.9304 15.8234 28.209 10.771 15.599 611.442 401.84 209.602 12.6029 10.3292 196.999 192.649 388.068 24.1761 115.42
internal_count=158100 23271 21686 4121 1363 17565 11212 6467 2758 1772 6353 134829 1585 578 1007 4745 986 655 358 443 133557 91113 42444 1869 1316 40575 39832 88729 1272 6139
is_linear=0
shrinkage=0.03


Tree=65
num_leaves=31
num_cat=0
split_feature=58 38 58 43 60 51 53 57 16 54 57 48 53 3 18 19 69 53 0 28 60 54 26 24 78 28 60 22 7 51
split_gain=3.06022 2.23699 2.15528 3.10727 1.85923 2.19911 1.86294 1.64026 1.83999 1.48991 1.41807 1.34341 1.42238 1.39165 1.62099 1.31418 1.80541 1.79395 1.66242 1.48787 1.19877 1.54389 1.11925 1.56091 1.24817 1.10431 1.22401 1.16301 1.1512 1.0565
threshold=0.89028225489425283 0.94822952093965474 0.95197418202040296 0.053263173519828684 0.97486908239256875 0.47056754868249279 0.012225554290275128 0.93262013729977122 0.073425224654473889 0.66790729425308604 0.0043243293783250597 -0.0040033822479776373 0.011211793815241245 0.071891195348243411 72.158682108602122 -1.127461044052158 0.56884905894219873 0.011136521454053298 0.019079563973234851 -0.24712003529751483 0.088727133081971818 0.41988496537507342 0.66650948167680535 0.445113955846132 -0.54464877420361646 -0.34755537644168644 0.060860746097539477 -0.29597961423138291 0.0036229656481889818 0.71202604200462882
decision_type=8 10 10 10 8 2 10 10 8 10 8 10 10 8 8 8 8 10 10 10 10 10 8 10 10 8 10 10 10 2
left_child=7 2 10 4 5 -4 -6 8 25 11 -2 12 -9 29 -15 16 18 -17 19 -3 -19 -22 24 -24 -12 -1 28 -28 -27 -13
right_child=1 15 3 -5 6 -7 -8 9 -10 -11 22 13 -14 14 -16 17 -18 20 -20 -21 21 -23 23 -25 -26 26 27 -29 -30 -31
leaf_value=0.0087186335655020149 0.014950512724120919 0.0082764511361997414 -0.0085634784328335375 -0.0088816516730633975 0.0014750403649951653 0.0074644223893493185 0.0150279486935292 0.011632230146688734 -0.0062978251668211931 0.013248699725032459 -0.013631578607041017 0.00089469991634637345 -0.0053323295413297677 -0.015502798577054555 0.0056692087868399832 -0.015358564242501498 0.010628429230376631 0.0077181820615230632 -0.012061376851582293 -0.0019952819624985403 -0.0064536004332223255 -7.599265702593927e-05 0.0037798975844426375 -0.0048851074308804698 0.00066922204250787387 -0.008143364966747715 -0.015200287556671398 -0.0019094529290096802 0.0051145285366235426 0.015341125125274076
leaf_weight=8.3644339410820958 5.2252535782754412 20.978258191840723 9.4545249973889423 9.1590007161721569 12.481292297132311 27.789691566140391 42.597725274506956 4.1045734341023481 81.576464012090582 9.1381551404483599 9.1300379193853605 7.9803443407872718 31.782580585102551 4.3337765303440401 7.2200668536825114 7.0305859815562135 20.01981895044446 12.616083879256619 7.3615296245552591 28.583835147321224 42.741645111585967 160.65970155352261 73.226859613554552 23.848925955360755 10.991648838855324 5.8895892028231165 5.0997548097511745 465.01854311930947 37.476769667468034 11.840921881259417
leaf_count=754 44 481 198 212 199 522 559 234 17938 677 248 672 3984 437 691 463 471 508 264 1446 2170 6997 3088 788 365 1341 227 104392 6859 635
internal_value=-0.000266819 0.00145173 0.00371446 0.0069301 0.00860923 0.00319973 0.0120913 -0.00159578 -0.00212314 0.00250424 0.000989993 0.000827862 -0.00304794 0.00531092 -0.00263562 -0.00023387 0.00311033 -0.00140962 0.000276611 0.00237083 -0.000873131 -0.00145584 0.00022096 0.00159244 -0.00601578 -0.00145401 -0.00164217 -0.00209196 0.00310339 0.00999117
internal_weight=1203.72 523.896 223.905 101.482 92.3232 37.2442 55.079 679.826 603.426 76.4004 122.423 67.2623 35.8872 31.3751 11.5538 299.991 76.9434 223.048 56.9236 49.5621 216.017 203.401 117.197 97.0758 20.1217 521.849 513.485 470.118 43.3664 19.8213
internal_count=157864 19023 6223 1690 1478 720 758 138841 131511 7330 4533 6653 4218 2435 1128 12800 2662 10138 2191 1927 9675 9167 4489 3876 613 113573 112819 104619 8200 1307
is_linear=0
shrinkage=0.03


Tree=66
num_leaves=31
num_cat=0
split_feature=70 32 69 32 53 34 50 32 17 50 27 56 50 53 21 8 5 76 25 53 53 25 6 40 69 38 61 60 52 59
split_gain=4.24045 2.49464 2.26087 2.22669 2.19065 2.02054 1.90339 3.20681 1.9284 1.93864 1.52035 1.51688 1.45988 1.43419 1.37317 1.3387 1.9256 1.16207 1.13593 1.17351 1.64324 1.09077 1.07169 1.00145 0.942784 3.50826 1.21043 0.837055 1.43808 0.958533
threshold=1.278172605917123 -0.24621379805880114 1.714102205556042 0.35371090442331415 0.017635968509871418 0.0081074663553218768 0.050985234690685617 0.08323394907358346 0.46280020277912809 -0.055132036927876542 -0.012439437609686464 0.97080288796103009 0.021673246424923191 0.01076280470257312 0.062778201900762456 0.018534200217634179 0.01970784792327258 -0.59126360823090807 1.1831608890489205 0.013544353235365061 0.012891345076174206 -0.19073579763092424 0.020860065501922456 -0.0021701718024539885 -2.3446232655665509 0.67247317477048296 0.1407406246080522 0.064921893522299212 0.23099646237003255 0.409229998653108
decision_type=8 8 10 10 10 10 10 8 2 10 8 10 10 8 10 8 8 8 10 10 10 10 10 10 8 10 10 8 2 8
left_child=2 5 14 6 12 21 8 23 13 -10 -7 18 -5 -3 24 16 17 -13 19 20 -4 -2 -21 -8 25 -1 -27 28 -26 -29
right_child=1 3 11 4 -6 10 7 -9 9 -11 -12 15 -14 -15 -16 -17 -18 -19 -20 22 -22 -23 -24 -25 27 26 -28 29 -30 -31
leaf_value=0.015567452596427171 0.0080936973719582719 -0.0083302453124382125 0.0071659180574050905 0.0026933831847255466 -0.0035436008139022425 0.021110311084214215 -0.0026137466578404784 0.005363136636792362 0.012489527414644338 -0.0075249688433702156 0.0033446835529376585 -0.011435648345019362 0.016210796806209255 0.0023928970604205164 -0.0057975001403655245 0.013640855730624072 -0.018188245724279659 0.004992907607281695 -0.0095851395028828876 0.00052467491901308139 -0.014302382985622027 -0.0050852478890987896 0.016098978958391116 -0.024655042718164131 0.0177608590580066 -0.021514165615702335 0.0011243523680008367 -0.0037492802135110797 0.00026202406676136924 -0.0010730868056019794
leaf_weight=10.565847568097526 11.430509223020637 10.570617370773105 11.593347302521577 12.223696898669003 10.667871252400799 13.751400734763591 3.1708508643787363 7.815908110933381 3.9648914919234803 33.710917751537636 7.3739446201361742 4.2530630874680355 21.065714847063646 310.13815983186942 74.184173289628234 3.3135584176052353 5.6762615912593892 13.602755106636332 2.3643375111278138 5.6234350210288566 3.2776967857498667 9.2066308341454697 18.056495540193282 7.0200659860856804 3.8926728004589668 3.176168671809136 3.662955496343784 184.23617354652379 34.1601180852158 362.09994041139726
leaf_count=124 215 366 791 188 262 220 114 275 121 1549 193 225 285 10653 16373 147 275 704 318 1083 334 174 597 365 274 157 149 50336 7412 63620
internal_value=-2.60599e-05 0.00222556 -0.00143021 0.00151078 0.00782905 0.00914634 0.000746149 -0.00848936 0.00124086 -0.00507267 0.0154761 0.00374236 0.0115581 0.00200534 -0.00195791 -0.00167893 -0.00442651 0.00052175 0.00732618 0.00865533 0.00164209 0.00211236 0.0126931 -0.0189115 -0.00147079 0.00518593 -0.0104098 -0.00168269 0.00253787 -0.00198624
internal_weight=1205.85 462.111 743.739 420.349 43.9573 41.7625 376.391 18.0068 358.385 37.6758 21.1253 67.761 33.2894 320.709 675.978 26.8456 23.5321 17.8558 40.9153 38.551 14.871 20.6371 23.6799 10.1909 601.794 17.405 6.83912 584.389 38.0528 546.336
internal_count=157899 14980 142919 14178 735 802 13443 754 12689 1670 413 4474 473 11019 138445 1351 1204 929 3123 2805 1125 389 1680 479 122072 430 306 121642 7686 113956
is_linear=0
shrinkage=0.03


Tree=67
num_leaves=31
num_cat=0
split_feature=63 57 30 57 19 6 50 54 69 27 23 19 19 14 6 72 25 57 14 46 32 43 14 2 8 5 56 19 41 32
split_gain=4.66609 2.71811 2.58503 3.29683 2.93857 3.29864 2.79196 2.24474 1.80708 2.43654 1.54518 1.51907 1.52666 1.40778 1.82003 1.39294 1.38673 1.40166 1.37289 1.23264 1.47306 1.18596 1.1806 1.00671 0.998676 1.778 1.06919 0.876861 0.842994 0.594447
threshold=0.1323369911956106 0.96719734942567903 0.67377780116350483 0.82027195848548928 -1.127461044052158 0.02879062738777487 0.063223001779822444 0.34454861214736104 -2.6569084186387646 -0.17107269428372332 -0.058841250405944283 2.3807031295819638 1.3720632190739583 -0.39106255387995531 0.022574373522355782 3.2859724147737244 2.0724306357756936 0.47165691686578237 -0.30180256036345432 0.032323666858084542 -0.32529589207836856 0.014186503199483782 0.48353814349833085 -0.077654415296100718 0.032144996316424375 0.037135269143149789 0.98569967864446406 -1.581405386576775 -1.0000000180025095e-35 0.16826964134666736
decision_type=10 10 10 10 8 10 10 10 8 8 10 10 10 8 10 10 8 8 10 10 8 10 10 10 10 10 8 10 10 10
left_child=2 19 4 10 5 16 8 -3 -6 -10 15 12 22 -12 -15 18 17 -1 -4 20 -2 -14 -9 -5 25 -22 -26 -7 -21 -30
right_child=1 7 3 23 6 27 -8 11 9 -11 13 -13 21 14 -16 -17 -18 -19 -20 28 24 -23 -24 -25 26 -27 -28 -29 29 -31
leaf_value=0 0.017731365336361035 -0.013412154766996582 0.0047381461994127801 0.0019884333627774031 0.01039241342842245 0.0094734587431527517 0.01932910671845909 0.0077545017185999144 -0.013603873427655016 0.0016625466499261498 0.011193756102899662 -0.010007564413801677 0.0010476494591776888 -0.0033036864112578092 -0.021509322462207252 -0.017296112365079212 -0.01241167523728649 0.014263994154029288 -0.0022849621249242118 0.00032762090033699331 -0.0020928571112174194 0.013835341828792874 -0.00049201511733582839 0.016250805172118719 -0.0042829399062142056 0.0077585984031679368 -0.023822982472690355 0.020403396678617996 -0.01770432479702427 0.0030465880705291123
leaf_weight=18.220719719887715 2.3972151910420507 6.0800448597874484 35.264145638502669 8.3569618212059158 18.989119461970404 16.701686602784321 7.5648818353656671 22.089599626604468 8.8890682777855528 184.87771588470787 1.8221517968922851 5.5280426330864421 9.9955095249460992 12.186496752081444 8.5177075909450632 3.4106482882052651 3.9018676942214396 8.3853830462321621 79.890007266600151 3.7806420734850699 603.50103896454675 22.581688876380213 46.165736942377407 11.158409766154362 11.13981678371783 15.867576857446691 2.8020241734338933 19.061185600119643 8.4616155743133223 0.85003122920170504
leaf_count=1580 55 279 1132 170 189 278 328 1313 292 10869 19 263 525 1871 325 66 439 401 6455 1287 123083 824 1480 268 729 928 109 304 2195 80
internal_value=6.06452e-05 -0.00136515 0.00249202 -0.000537084 0.00419594 0.00970597 0.00248864 0.00291195 0.00178819 0.000880544 -0.00217456 0.00398929 0.00487685 -0.00921065 -0.0115776 -0.000746816 0.002219 0.00484518 -8.61422e-05 -0.00211435 -0.00191076 0.0101492 0.00220694 0.0106842 -0.00201768 -0.00182354 -0.00974242 0.0157771 -0.0109499 -0.0154074
internal_weight=1208.44 761.241 447.198 160.607 286.592 66.2708 220.321 112.441 212.756 193.767 141.091 106.361 100.833 22.5264 20.7042 118.565 30.508 26.6061 115.154 648.8 635.708 32.5772 68.2553 19.5154 633.31 619.369 13.9418 35.7629 13.0923 9.31165
internal_count=158136 133150 24986 10306 14680 3002 11678 4684 11350 11161 9868 4405 4142 2215 2196 7653 2420 1981 7587 128466 124904 1349 2793 438 124849 124011 838 582 3562 2275
is_linear=0
shrinkage=0.03


Tree=68
num_leaves=31
num_cat=0
split_feature=70 69 13 46 32 69 61 30 44 45 28 64 53 38 44 53 76 34 7 6 67 9 46 45 53 43 48 53 32 53
split_gain=4.39105 2.1588 2.96379 2.60354 3.12806 2.55252 2.25714 2.148 2.76607 2.75933 2.09089 2.03133 1.89365 2.84896 3.13606 2.54205 1.50482 1.54243 1.43092 1.65387 1.4021 1.26773 1.90249 1.24457 1.2101 1.93574 1.25119 1.18439 1.98651 1.90217
threshold=0.39692768389050043 1.2915350115504582 -0.062087277750288487 0.015511705849620694 0.32248815802103287 -0.065734503059880559 0.65444959525189217 0.67026228105180763 0.094605798344892036 0.01843872332398748 -0.11270517260405798 0.092707174638487225 0.013427136950494191 0.89179852926446823 0.037438161398865584 0.018028784986525707 -0.49277684214299672 0.00087008980615592858 0.013409741683580898 0.032627331574263667 -1.8286784064368724 0.29708726125767176 0.017801622996555751 0.0031193031895253025 0.017784369646342692 0.0093533666744997097 -0.056821247052466321 0.019447970887333878 0.23307903185234982 0.018097691933190219
decision_type=10 10 10 8 10 8 10 10 10 10 8 10 10 10 10 10 8 10 10 10 8 8 8 10 10 10 10 10 10 10
left_child=21 2 7 4 23 -5 12 8 9 -2 -6 -8 13 -3 -15 -14 20 -18 19 -13 -9 22 24 -4 26 -26 -1 29 -29 -23
right_child=1 6 3 5 10 -7 11 16 -10 -11 -12 18 15 14 -16 -17 17 -19 -20 -21 -22 27 -24 -25 25 -27 -28 28 -30 -31
leaf_value=-0.015446613539280148 0.0070892967700695239 0.010691110903351321 -0.016315094030259089 -0.031909870161109091 0.01899767517874448 0.0098984930125470948 -0.014681559475832025 -0.017845642045163604 -0.014842427192855898 -0.0065214204504844787 0.00066619723206143701 0.0018305959611466429 0.014901949054985684 0.0059950831611791681 -0.020559853440087143 -0.0029462929483235999 -0.0080998435508482375 0.002957911662571931 0.0074181380746882221 -0.012495437946499993 -0.00060638665815749887 -0.0023923546947484703 0.017002555080153591 -0.0018232551769353906 0.022273612361952553 -0.0026517426877180564 -2.9152142483035032e-05 -0.010077532554945546 0.0052332757796739503 0.0076061659776624707
leaf_weight=4.3063281734939656 143.13105883222306 15.699664852698335 4.557654484640806 3.6812040614895523 9.8232528942171466 1.1537078240653489 5.6257985788397482 6.884070455795154 5.0296693408163256 13.773851639125494 12.498929925728591 39.3116458352888 40.948127992101945 7.1980899462942016 6.8650564895942807 7.9834783911937839 12.409244081354698 71.065290697850287 31.610249330522493 7.8162537583848453 10.187417735520286 403.48557176592294 5.7446348363300777 216.56302079051966 4.3412455015350115 5.1214162243995816 47.989047841401771 36.850540822255425 8.5993147228145954 16.795066154561937
leaf_count=1060 5257 266 504 521 157 130 270 275 203 877 371 2176 848 214 227 182 725 3381 824 225 611 91974 310 18628 601 1257 10705 10792 848 3838
internal_value=0.000102314 0.00171321 0.00074297 -0.00159579 -0.00110348 -0.0214327 0.00471103 0.00296423 0.00509374 0.00584175 0.00933058 0.00123309 0.00833964 0.00214486 -0.00727313 0.0119291 -0.000452309 0.00120214 0.00257767 -0.000693332 -0.00832694 -0.00192707 0.00186882 -0.00220757 0.000164815 0.0095326 -0.00162102 -0.0024865 -0.00706577 -0.00196857
internal_weight=1207.05 673.817 510.758 248.278 243.443 4.83491 163.058 262.481 161.935 156.905 22.3222 84.3639 78.6944 29.7628 14.0631 48.9316 100.546 83.4745 78.7381 47.1279 17.0715 533.233 67.5027 221.121 61.758 9.46266 52.2954 465.73 45.4499 420.281
internal_count=158257 36872 31640 20311 19660 651 5232 11329 6337 6134 528 3495 1737 707 441 1030 4992 4106 3225 2401 886 121385 13933 19132 13623 1858 11765 107452 11640 95812
is_linear=0
shrinkage=0.03


Tree=69
num_leaves=31
num_cat=0
split_feature=70 78 63 72 41 10 53 46 24 46 38 41 26 24 53 41 53 46 54 56 46 71 37 71 41 42 42 44 6 41
split_gain=4.19481 2.37361 2.07993 1.66607 2.93067 3.75161 2.43997 2.41985 2.11477 1.54892 1.52296 1.46356 1.4581 1.41464 1.32353 2.60812 2.13791 1.12353 1.10718 1.99262 1.51297 1.63564 1.32106 1.14235 1.09224 1.03655 1.87056 1.1645 0.780453 0.711667
threshold=1.156893412861421 -0.64673109795040196 0.11664866810655149 2.4202605304444638 -0.0091144760214049696 2.5509177857946144 0.013305201627258385 0.0066862175226713406 0.059198162209229611 0.0084622075954983497 0.78690472156123348 0.0055960027183078473 1.2184197818191131 -0.8541790689734613 0.017251242930206453 0.0014768581408167727 0.015443449958978929 0.034133759215293408 0.66790729425308604 0.26791307499158712 0.012606883183078394 1.4300293775538122 0.11475118281097853 0.95272234232966502 0.012811883963340211 -0.015890083658364747 -0.0097707865105874352 0.043190304467678915 0.027391146292134155 0.030116918800226381
decision_type=10 10 10 10 10 10 10 10 8 8 10 8 10 10 10 10 10 10 10 10 10 10 8 8 10 8 8 8 10 10
left_child=17 2 12 10 8 6 -6 -7 -5 11 -3 -4 13 -2 16 -16 -12 18 20 23 25 24 -21 -20 -22 27 -27 -1 -24 -19
right_child=1 3 9 4 5 7 -8 -9 -10 -11 14 -13 -14 -15 15 -17 -18 29 19 22 21 -23 28 -25 -26 26 -28 -29 -30 -31
leaf_value=-0.0017365178937005497 0.0014787293547700638 0.0079064500636913844 0.011642329017031104 -0.015030168529654435 2.3790507382092057e-05 0.005366956879500711 0.017285263779994179 -0.011614367398472237 0.0044644379933845299 -0.010099952628747424 -0.00092131959679722479 -0.004512006105674508 -1.070525545285629e-05 0.014878707259938178 -0.012848956882095775 0.00076518595512224902 0.0062977346262484335 0 0.0007778561133017464 0.010993377194375948 -0.015493743130453026 0.0068348626314895721 0.0031447517992291654 -0.018706833575492045 -0.0046113200219557726 0.0057301220144039778 -0.0010742847118722896 -0.0090831488852559043 -0.016160491794361648 -0.014996510375083689
leaf_weight=67.074958746088669 9.6467244126833958 20.19075943226926 10.641722061205657 9.3402347618248296 9.99266205052845 21.582297794288028 31.433728777104989 10.335493224672971 8.6932981666177529 8.3455223264172655 179.40934129874222 7.8388078147545484 10.093993788585065 36.843962322920561 20.23761062277481 30.179378749220632 45.330134600983001 4.1529794953530637 5.6736889507155848 22.294121489394456 14.424758651293812 5.8061865172348908 4.2151395366527167 3.6356489176396281 23.315996912540868 38.083615608571563 507.16469905991107 27.612564671202563 1.896579466992989 7.7852712653111666
leaf_count=14034 176 517 179 169 182 330 495 209 141 233 7730 178 203 582 892 1302 1722 1358 1493 3723 3411 181 1025 177 5186 7645 97207 5223 367 2092
internal_value=5.59473e-05 0.00226757 0.00683516 0.00125958 0.00477702 0.00744417 0.013291 -0.000226515 -0.00573411 0 0.000148747 0.00475634 0.0100494 0.0122511 -0.000436212 -0.00478486 0.000542928 -0.00135936 -0.00119568 0.00372319 -0.00147653 -0.00683766 0.00767437 -0.00761709 -0.00914066 -0.00109694 -0.00058391 -0.00398281 -0.00385418 -0.0101589
internal_weight=1203.27 470.136 83.4107 386.725 91.3777 73.3442 41.4264 31.9178 18.0335 26.8261 295.347 18.4805 56.5847 46.4907 275.156 50.417 224.739 733.136 721.198 37.7152 683.483 43.5469 28.4058 9.30934 37.7408 639.936 545.248 94.6875 6.11172 11.9383
internal_count=158362 15240 1551 13689 1526 1216 677 539 310 590 12163 357 961 758 11646 2194 9452 143122 139672 6785 132887 8778 5115 1670 8597 124109 104852 19257 1392 3450
is_linear=0
shrinkage=0.03


Tree=70
num_leaves=31
num_cat=0
split_feature=71 32 44 32 51 14 14 46 62 9 10 51 50 38 60 45 72 53 53 7 66 48 51 48 50 42 53 44 43 40
split_gain=3.586 1.95678 3.27893 3.79193 3.05086 2.6892 2.81945 2.79626 2.75181 2.38967 2.35676 2.25361 2.06163 1.95831 2.02959 1.89893 1.6078 2.01828 2.00134 1.60851 1.5866 1.54616 1.98912 1.53175 1.72319 1.36168 1.27106 1.10081 1.00935 0.942112
threshold=0.4152036863211413 0.35371090442331415 0.076579330989720598 -0.16249368249854176 0.65291229516275007 -0.30180256036345432 -0.065538314449691312 0.012571263670552384 0.23227040277249486 1.5620728772673751 1.9912009583667556 0.68795777304106043 0.040238398363583568 0.66401020987386306 0.38777733315548446 0.0061329416264801683 -1.2294053513963665 0.019447970887333878 0.018097691933190219 0.0047537686636519999 0.056876337184424482 -0.00012101782438578289 0.61436163498194862 -0.10872555099910929 -0.040003385804206197 0.014501436123835589 0.010900370295388781 0.0078164816149044487 0.051227617896574269 0.0096357715067719799
decision_type=10 10 10 10 2 8 8 10 10 10 10 2 8 10 10 10 8 10 10 10 10 10 2 10 10 10 8 10 10 10
left_child=16 2 5 15 10 13 7 -7 -8 -6 -5 20 -13 -2 -15 -4 19 18 21 -1 -3 26 -23 -21 -25 -20 -18 -26 29 -19
right_child=1 11 3 4 9 6 8 -9 -10 -11 -12 12 -14 14 -16 -17 17 28 25 23 -22 22 -24 24 27 -27 -28 -29 -30 -31
leaf_value=-0.0044167803462052827 0.016141153560057814 -0.0018942398178064079 -0.0046831970270981215 -0.0041606032615573354 0.0074018861957831725 -0.0045203739371967953 0.0068010211471159609 0.006810639478496569 0.00077404940178275069 -0.0038511513618361254 -0.023199251362094456 -0.013692061970491975 0.0061166560083962106 0.016632307244958233 0.0020883145291363302 -0.034655015409240014 0.0050081691519356479 -0.013037689499872432 0.016435653925190877 -0.010343416901113144 0.012860190018438746 0.02079933985872336 0.00037045993987796019 0.025427055899469531 -0.0063542638174568095 -0.0005494975078051338 -0.0036008857851429731 0.0077901437185249854 -0.00026454488618143858 0.0024963610417892477
leaf_weight=17.652794775436632 15.84436141035985 7.300843929173424 4.0067981489701179 20.81944442703389 31.271841331152245 114.054591853288 94.892565302434377 22.526370872394182 242.0390827912488 34.617317109135911 7.8234060315880916 7.2054210708010942 10.039899215335028 9.4482237728079763 56.835477464832366 4.1512362154899165 15.158699641120618 28.19493623520248 7.8691930954810214 3.5210980353876939 35.299096201197244 3.6184397373581296 66.176116010872647 3.7214790347497901 4.9965336333261829 7.4040137841366231 291.79491852561478 26.843609852716327 10.504108805907888 3.3061962497886261
leaf_count=4630 253 206 114 1771 2176 5855 4315 1352 15028 1853 354 190 241 192 1332 205 3670 8001 2074 796 770 1048 17369 390 1366 1820 70900 6249 2604 925
internal_value=0.000118095 0.0014703 0.000987574 -0.00390334 -0.00205977 0.00190226 0.0010188 -0.00259382 0.00249545 0.00147565 -0.0100692 0.00662776 -0.0022922 0.00688629 0.00442242 -0.0223808 -0.00185357 -0.00247852 -0.00178692 0.00283546 0.0102773 -0.00223283 0.00175079 0.00621445 0.00817402 0.0084896 -0.00315111 0.00535327 -0.00867169 -0.0112884
internal_weight=1208.94 718.176 658.331 102.69 94.532 555.641 473.513 136.581 336.932 65.8892 28.6429 59.8453 17.2453 82.1281 66.2837 8.15803 490.762 434.027 392.021 56.7355 42.5999 376.748 69.7946 39.0827 35.5616 15.2732 306.954 31.8401 42.0052 31.5011
internal_count=158049 36207 34800 6473 6154 28327 26550 7207 19343 4029 2125 1407 431 1777 1524 319 121842 108411 96881 13431 976 92987 18417 8801 8005 3894 74570 7615 11530 8926
is_linear=0
shrinkage=0.03


Tree=71
num_leaves=31
num_cat=0
split_feature=63 8 69 53 9 54 44 31 6 60 78 17 7 56 76 53 16 40 67 59 38 5 8 49 49 29 8 35 17 54
split_gain=3.33076 3.23962 2.09417 2.19187 2.48556 2.07443 5.15414 3.44417 2.82626 2.52197 2.17325 2.06029 1.81836 1.49226 1.46939 1.69271 1.47221 1.99747 1.59384 1.33008 1.29988 1.71519 1.68388 1.25564 2.05841 1.99496 1.23831 0.89791 1.1124 1.2991
threshold=0.12850998119923682 0.0088654898669384505 1.714102205556042 0.020968545333561059 3.3868714407679774 0.46630491232942867 0.056900219699129513 0.11844642940043794 0.02931586072884999 0.59104977069588827 -1.2419696239357474 -0.2349025029752512 0.016408356495340125 0.036999011331660205 -0.93208384028343549 0.018229653661318748 0.057479475748359994 -0.0020649720679858548 -0.4721677017223892 0.94031386278484141 0.83056889229830466 0.018048898016628574 0.012688126751188753 -0.0027757622442718395 -0.009029883444002627 -1.7989524090679685 0.024439900310365557 0.033844572661153136 -0.0050314748966450709 0.3778435587459314
decision_type=10 10 10 10 10 10 8 10 8 8 8 2 10 10 10 8 10 10 10 10 10 10 10 10 10 10 8 10 2 10
left_child=1 27 3 4 -2 8 23 9 11 -8 -10 19 -12 -13 15 -4 20 -18 -19 -3 21 -16 -22 24 -7 -25 -6 28 29 -1
right_child=2 5 14 -5 26 6 7 -9 10 -11 12 13 -14 -15 16 -17 17 18 -20 -21 22 -23 -24 25 -26 -27 -28 -29 -30 -31
leaf_value=-0.01274696101483651 -0.0017090951060608306 6.7147218938462994e-05 -0.013165848198075298 -0.0092523379101170176 0.016445206520885804 0.0034322197392072668 0.01210702428253425 -0.022828537880568187 -0.003952305481352429 -0.0063252844451154996 0.0039572473610317233 -0.0036280892296714387 0.016123625181691723 0.0089529047312008475 0.0081827098473786324 0.009385637789894272 -0.014767770736359102 0.018694581539333267 0.0013101701224495933 -0.019654659639184596 0.00099830370047582218 -0.013093732312807018 0.018826927078902118 0.011022822577309086 -0.011155441313891391 0.0025694729576597542 -0.0010606460249086938 -0.015492012298089861 0.0014820088431403153 -0.0018920059701918127
leaf_weight=12.27195031987503 586.90102696849499 5.7372047433163953 9.4579918492818216 33.010282519855537 9.3581460051936993 49.021807126700878 7.3696164616849265 8.5891605028882605 7.1143728303723037 31.481219089357182 16.91454196581617 11.794092861237003 42.123345020459965 23.856518438551575 8.8486175178550166 3.2194843026809403 5.50726025388576 4.1464229633565983 73.859598130802624 4.9564127344638109 7.7431011885637444 4.1954826267901799 13.826722159399649 46.338527729385532 9.5089744183351268 57.832932058256119 4.9531026879558349 3.4155791287776074 54.022902261698619 45.163009393028915
leaf_count=1829 119440 421 530 7757 344 1524 418 294 138 1408 820 477 606 992 436 125 154 73 3524 129 740 103 345 1401 343 2116 132 561 5350 5542
internal_value=8.28863e-05 0.00217017 -0.00110817 -0.00182365 -0.0013961 0.00371101 0.00191529 -0.00666863 0.00699253 -0.00253751 0.0109323 0.00119341 0.0128119 0.00472352 0.00232568 -0.006952 0.00339655 0.00116184 0.00249714 -0.00971632 0.00851998 0.000680721 0.0128876 0.00446193 0.000864319 0.00642735 0.010517 -0.00212628 -0.0015559 -0.00444114
internal_weight=1202.54 437.512 765.027 634.223 601.212 322.639 210.142 47.44 112.496 38.8508 66.1523 46.3442 59.0379 35.6506 130.805 12.6775 118.127 83.5133 78.006 10.6936 34.6139 13.0441 21.5698 162.702 58.5308 104.171 14.3112 114.873 111.458 57.435
internal_count=158072 24369 133703 127673 119916 11087 7504 2120 3583 1826 1564 2019 1426 1469 6030 655 5375 3751 3597 550 1624 539 1085 5384 1867 3517 476 13282 12721 7371
is_linear=0
shrinkage=0.03


Tree=72
num_leaves=31
num_cat=0
split_feature=55 14 24 57 18 56 44 70 23 45 6 44 36 47 59 68 9 8 54 30 46 44 41 68 70 47 60 55 14 78
split_gain=3.12608 2.44996 2.36406 2.19335 1.77293 1.73677 2.10488 2.33373 2.9848 2.00123 1.50435 1.5 2.10089 2.36479 2.34711 2.28689 1.83384 1.92413 2.2115 1.46963 1.53647 1.43331 1.39954 1.87897 1.68591 1.37362 2.57665 1.34169 1.31943 1.31845
threshold=0.10885026826521828 0.28161227220483981 0.53494547668725623 0.016931235890636762 30.730952363508049 0.89772703015399336 0.10184825530283161 3.9444467264555256 0.22626467197867087 0.0058208877832417521 0.036646447238563848 0.10410281038812709 -0.16411939142881302 -0.015386318565358657 0.99787007213174261 -1.5015629199254088 -1.1306993078671757 0.019973663953419502 0.55070531996547933 0.66527120332805689 0.0081859262648210137 0.077141816382879549 -0.012718311656929769 -1.7786362384490022 2.8403293471190332 -0.089117253508498237 0.95950122148079731 0.68685814301680692 0.21147572420187247 1.505757745601719
decision_type=8 10 10 10 10 10 10 10 8 10 10 10 8 10 10 10 8 8 10 10 10 10 10 10 10 10 10 10 10 10
left_child=1 3 -3 4 29 11 7 9 -9 27 -8 12 13 -2 21 -15 -13 18 -18 -6 -21 -14 25 24 -24 26 -5 -7 -25 -1
right_child=5 2 -4 22 19 6 10 8 -10 -11 -12 16 14 15 -16 -17 17 -19 -20 20 -22 -23 23 28 -26 -27 -28 -29 -30 -31
leaf_value=-0.0045319350967046061 0.0081444412430828998 0.013766550084062261 -0.0046294805531338964 0.0065076247673041439 0.014699554050543013 0.010057654787192326 0.0018449171059118702 -0.025981986430047035 0.0012577062525596342 -0.0017161261381134331 0.015247595205398966 0.018332875692743042 -0.0022271956719710326 -0.0052562516959294104 -0.025185826204763916 0.0076873011103712439 -0.010544952084996843 -0.021532474149937812 0.0022559735575204505 0.0087286682086475057 -0.0082081325132972068 0.0024451227252136496 -0.0041689614675846373 0.0011825717861916683 -0.022137851026547573 0.010046500502231943 -0.027455788530289908 0.0015730530980356866 -0.012405434796005236 0.010590782141298693
leaf_weight=18.141742945299487 42.046035310835578 28.888946764520369 7.1469534980133167 5.2064200140303027 22.969345408142544 27.395717683713883 16.186381411505867 5.7180236899293941 7.2369889316614717 90.417883871763479 14.732765021035446 1.611021644435823 525.97859640518436 38.254215441294946 2.8828627378679803 16.808621954522096 26.460646352148615 6.7054102965630582 20.675954954931512 13.665513301617468 6.1120321473572394 65.12778788455762 20.755823571700606 85.390497936750762 5.6385075571015468 18.115834024152718 1.9610585048794744 44.682844495633617 5.9431296653347081 6.0999751847703001
leaf_count=680 1809 730 237 489 490 1548 1025 167 168 8555 354 39 98171 1448 67 1003 5322 779 4361 539 179 13068 1133 9913 192 1546 71 3694 534 146
internal_value=-0.000128085 0.00287682 0.0100106 0.0015968 0.00603657 -0.000909271 0.00151409 0.000206195 -0.0115505 0.00122676 0.00860281 -0.00158431 -0.00119294 0.00286576 -0.00186522 -0.00118492 -0.00630116 -0.00741379 -0.00493742 0.00964577 0.00320701 -0.00170408 -0.000489496 -0.00189198 -0.00878508 0.00575034 -0.00464147 0.00493244 0.000141123 -0.000338917
internal_weight=1198.96 246.036 36.0359 210 66.9886 952.922 206.371 175.451 12.955 162.496 30.9191 746.551 691.098 97.1089 593.989 55.0628 55.453 53.842 47.1366 42.7469 19.7775 591.106 143.011 117.728 26.3943 25.2833 7.16748 72.0786 91.3336 24.2417
internal_count=158457 16879 967 15912 2034 141578 15511 14132 335 13797 1379 126067 115566 4260 111306 2451 10501 10462 9683 1208 718 111239 13878 11772 1325 2106 560 5242 10447 826
is_linear=0
shrinkage=0.03


Tree=73
num_leaves=31
num_cat=0
split_feature=63 57 14 14 36 10 13 6 30 48 60 19 26 2 10 67 55 25 67 52 54 28 76 35 56 60 41 10 43 28
split_gain=3.14164 2.59156 2.47734 3.42238 2.46101 2.39665 2.33411 3.15437 1.92815 1.87232 1.82537 1.56138 2.31638 2.01205 1.53552 1.49691 1.48958 1.66232 1.4846 1.48169 1.40706 1.40308 1.40068 1.81845 1.73648 1.53643 1.38112 1.36016 1.26605 1.17409
threshold=0.1323369911956106 0.94031386278484141 0.052378721910495092 -0.324590670276176 -0.20402693577158765 1.3395386211863287 0.49054973114284423 0.051829697362679367 0.67919032911724908 -0.0024304885339031519 0.9137754018268075 -1.1700760794411538 0.8589092173888544 0.081433442443959683 2.790567815925304 0.1960446651137818 0.71044447296372359 -0.56260539254787845 -0.71617548656235963 0.85832236953074925 0.52859964356374156 -0.23811222263995216 -0.25315694096422836 -0.042796912864008628 0.98255177859596055 0.94820215624986037 0.048511159025292468 2.790567815925304 0.03449958357942929 -0.065715655561496375
decision_type=10 10 10 8 10 10 10 8 10 10 10 10 10 8 10 10 10 8 10 2 10 8 10 8 10 10 8 8 8 10
left_child=2 14 3 4 8 -6 7 11 -1 16 19 12 -4 -13 26 22 17 -5 -12 -11 -10 -18 23 -3 -25 28 -2 29 -24 -17
right_child=1 15 6 9 5 -7 -8 -9 20 10 18 13 -14 -15 -16 27 21 -19 -20 -21 -22 -23 25 24 -26 -27 -28 -29 -30 -31
leaf_value=0.012514676672852068 -0.0020614727408277194 -0.0097366484593202993 0.018592810723434723 0.0076278327209512199 0.0092439236133344104 -0.013032905695456809 0.023249528002644775 -0.019585317975028244 0.010619213102825865 6.2774298522669413e-05 -0.0050784395187471135 0.00023982493078731571 0.0034781062911723097 0.016960248582274174 0.0093881587838462299 -0.0084212437366737083 -0.023997882786317086 2.4986246779149139e-05 -0.022852967441834255 -0.020270382109328269 -0.0050870139551189445 -0.003128056863026119 -0.0025184240812722142 0.01053916081113743 -0.010891832200510831 0.020259449021657133 -0.014905378511697666 -0.015944003493735998 0.013804003248601805 0.002061545648206254
leaf_weight=42.014173991279677 592.59969005809398 7.9600730524398386 16.910048849880695 30.596211948432028 6.3411577595397821 9.5570088336244208 5.839511487632989 3.5487279784865668 7.3656552450265762 35.485818294342607 11.187572886934506 48.067783318459988 21.012810098822229 6.5644679332617661 9.343695937888695 9.7469871629727987 2.6640732856467366 147.63501766260015 7.4330549847800276 2.5169095208402714 12.154908471042289 18.735936370561834 8.7941173018189165 16.155052872723907 3.2524685082025817 9.7196500946301949 6.7460740332026026 3.5136774436105034 6.5169934284640467 86.708726975310128
leaf_count=807 122939 296 559 1936 169 363 58 74 107 3394 324 2246 1055 141 203 461 89 11227 270 254 321 1472 656 900 101 131 1605 83 302 5644
internal_value=1.10021e-06 -0.00115894 0.0020326 0.000764728 0.00625373 -0.0039488 0.0061058 0.0048045 0.00895864 -0.000900095 -0.00566806 0.00597107 0.0105995 0.00257158 -0.00203717 0.00232031 0.000458848 0.00138215 -0.0131298 -0.00169216 0.000921879 -0.0068154 0.00637688 0.00145383 0.00644285 0.0113817 -0.00223562 0.000122279 0.00466546 0.00089592
internal_weight=1196.69 761.057 435.631 333.687 77.4329 15.8982 101.943 96.1038 61.5347 256.255 56.6234 92.5551 37.9229 54.6323 608.689 152.368 199.631 178.231 18.6206 38.0027 19.5206 21.4 52.3984 27.3676 19.4075 25.0308 599.346 99.9694 15.3111 96.4557
internal_count=158187 133321 24866 20733 1767 532 4133 4075 1235 18966 4242 4001 1614 2387 124747 8574 14724 13163 594 3648 428 1561 2386 1297 1001 1089 124544 6188 958 6105
is_linear=0
shrinkage=0.03


end of trees

feature_importances:
return_dispersion_20d=134
spy_return_60d=116
cs_z_momentum_120d=92
cs_rank_vol_60d=75
spy_vol_20d=69
cs_rank_momentum_120d=68
spy_return_20d=66
avg_corr_to_spy_60d=66
spy_vol_60d=63
momentum_120d=57
mom_60_20_divergence=52
vol_compression=52
spy_return_10d=52
cs_z_vol_60d=48
breadth_above_sma_50d=45
beta_20d_spy=43
cs_rank_beta_60d_spy=41
cs_z_beta_60d_spy=38
spy_drawdown_120d=37
spy_price_to_sma_50d=37
spy_price_to_sma_20d=36
macd_hist=35
downside_ratio=35
downside_vol_20d=34
spy_return_5d=34
cs_z_vol_20d=33
upside_vol_20d=32
residual_momentum_60d=32
beta_60d_spy=28
cs_z_vol_compression=28
distance_to_60d_high=27
cs_rank_vol_compression=27
vol_60d=26
beta_instability=26
return_60d=25
volume_zscore_20d=23
breadth_above_sma_20d=23
spy_drawdown_60d=22
cs_rank_vol_20d=22
cs_rank_distance_to_60d_high=22
price_to_sma_50d=21
mom_beta_adjusted=21
return_20d=19
cs_rank_momentum_60d=19
cs_z_volume_zscore_60d=18
vol_20d=16
rsi_14=16
cs_rank_momentum_20d=16
volume_zscore_60d=15
drawdown_reversal_setup=15
excess_return_20d_vs_spy=14
dollar_volume_ratio_20d=14
cs_z_momentum_20d=14
relative_momentum_20d_vs_spy=13
cs_z_distance_to_60d_high=13
return_1d=12
bollinger_z_20d=12
mom_vol_ratio=12
mom_divergence=12
trend_strength=11
excess_return_60d_vs_spy=9
cs_rank_excess_return_20d_vs_spy=9
cs_z_residual_momentum_20d=9
momentum_60d=8
cs_z_momentum_60d=8
return_10d=7
excess_return_5d_vs_spy=5
residual_momentum_20d=5
cs_rank_volume_zscore_60d=5
cs_rank_residual_momentum_20d=5
distance_to_20d_high=4
cs_rank_excess_return_60d_vs_spy=4
return_5d=3
momentum_5d=3
momentum_20d=3
price_to_sma_20d=3
short_reversal_5d=3
cs_z_excess_return_60d_vs_spy=2
cs_z_excess_return_20d_vs_spy=1

parameters:
[boosting: gbdt]
[objective: lambdarank]
[metric: ndcg]
[tree_learner: serial]
[device_type: cpu]
[data_sample_strategy: bagging]
[data: ]
[valid: ]
[num_iterations: 74]
[learning_rate: 0.03]
[num_leaves: 31]
[num_threads: 0]
[seed: 42]
[deterministic: 0]
[force_col_wise: 0]
[force_row_wise: 0]
[histogram_pool_size: -1]
[max_depth: 6]
[min_data_in_leaf: 150]
[min_sum_hessian_in_leaf: 0.001]
[bagging_fraction: 0.8]
[pos_bagging_fraction: 1]
[neg_bagging_fraction: 1]
[bagging_freq: 1]
[bagging_seed: 42]
[bagging_by_query: 0]
[feature_fraction: 0.75]
[feature_fraction_bynode: 1]
[feature_fraction_seed: 42]
[extra_trees: 0]
[extra_seed: 12879]
[early_stopping_round: 0]
[early_stopping_min_delta: 0]
[first_metric_only: 0]
[max_delta_step: 0]
[lambda_l1: 0.1]
[lambda_l2: 1]
[linear_lambda: 0]
[min_gain_to_split: 0]
[drop_rate: 0.1]
[max_drop: 50]
[skip_drop: 0.5]
[xgboost_dart_mode: 0]
[uniform_drop: 0]
[drop_seed: 17869]
[top_rate: 0.2]
[other_rate: 0.1]
[min_data_per_group: 100]
[max_cat_threshold: 32]
[cat_l2: 10]
[cat_smooth: 10]
[max_cat_to_onehot: 4]
[top_k: 20]
[monotone_constraints: ]
[monotone_constraints_method: basic]
[monotone_penalty: 0]
[feature_contri: ]
[forcedsplits_filename: ]
[refit_decay_rate: 0.9]
[cegb_tradeoff: 1]
[cegb_penalty_split: 0]
[cegb_penalty_feature_lazy: ]
[cegb_penalty_feature_coupled: ]
[path_smooth: 0]
[interaction_constraints: ]
[verbosity: -1]
[saved_feature_importance_type: 0]
[use_quantized_grad: 0]
[num_grad_quant_bins: 4]
[quant_train_renew_leaf: 0]
[stochastic_rounding: 1]
[linear_tree: 0]
[max_bin: 255]
[max_bin_by_feature: ]
[min_data_in_bin: 3]
[bin_construct_sample_cnt: 200000]
[data_random_seed: 175]
[is_enable_sparse: 1]
[enable_bundle: 1]
[use_missing: 1]
[zero_as_missing: 0]
[feature_pre_filter: 1]
[pre_partition: 0]
[two_round: 0]
[header: 0]
[label_column: ]
[weight_column: ]
[group_column: ]
[ignore_column: ]
[categorical_feature: ]
[forcedbins_filename: ]
[precise_float_parser: 0]
[parser_config_file: ]
[objective_seed: 16083]
[num_class: 1]
[is_unbalance: 0]
[scale_pos_weight: 1]
[sigmoid: 1]
[boost_from_average: 1]
[reg_sqrt: 0]
[alpha: 0.9]
[fair_c: 1]
[poisson_max_delta_step: 0.7]
[tweedie_variance_power: 1.5]
[lambdarank_truncation_level: 50]
[lambdarank_norm: 1]
[label_gain: 0,1,2,3,5,8,13,21,34,55]
[lambdarank_position_bias_regularization: 0]
[eval_at: 5,10,25]
[multi_error_top_k: 1]
[auc_mu_weights: ]
[num_machines: 1]
[local_listen_port: 12400]
[time_out: 120]
[machine_list_filename: ]
[machines: ]
[gpu_platform_id: -1]
[gpu_device_id: -1]
[gpu_use_dp: 0]
[num_gpu: 1]

end of parameters

pandas_categorical:[]
