tree
version=v4
num_class=1
num_tree_per_iteration=1
label_index=0
max_feature_idx=78
objective=lambdarank
feature_names=return_1d return_5d return_10d return_20d return_60d vol_20d vol_60d downside_vol_20d upside_vol_20d beta_20d_spy beta_60d_spy momentum_5d momentum_20d momentum_60d momentum_120d price_to_sma_20d price_to_sma_50d macd_hist rsi_14 bollinger_z_20d excess_return_5d_vs_spy excess_return_20d_vs_spy excess_return_60d_vs_spy relative_momentum_20d_vs_spy volume_zscore_20d volume_zscore_60d dollar_volume_ratio_20d distance_to_20d_high distance_to_60d_high mom_vol_ratio downside_ratio mom_divergence mom_60_20_divergence mom_beta_adjusted trend_strength residual_momentum_20d residual_momentum_60d beta_instability vol_compression short_reversal_5d drawdown_reversal_setup spy_return_5d spy_return_10d spy_return_20d spy_return_60d spy_vol_20d spy_vol_60d spy_drawdown_60d spy_drawdown_120d spy_price_to_sma_20d spy_price_to_sma_50d breadth_above_sma_20d breadth_above_sma_50d return_dispersion_20d avg_corr_to_spy_60d cs_rank_momentum_20d cs_rank_momentum_60d cs_rank_momentum_120d cs_rank_vol_20d cs_rank_vol_60d cs_rank_beta_60d_spy cs_rank_excess_return_20d_vs_spy cs_rank_excess_return_60d_vs_spy cs_rank_distance_to_60d_high cs_rank_volume_zscore_60d cs_rank_residual_momentum_20d cs_rank_vol_compression cs_z_momentum_20d cs_z_momentum_60d cs_z_momentum_120d cs_z_vol_20d cs_z_vol_60d cs_z_beta_60d_spy cs_z_excess_return_20d_vs_spy cs_z_excess_return_60d_vs_spy cs_z_distance_to_60d_high cs_z_volume_zscore_60d cs_z_residual_momentum_20d cs_z_vol_compression
feature_infos=[-0.43452086002130341:0.52290083351866889] [-0.61014506677948988:0.88260863646066867] [-0.76666676001584633:1.0566037219206561] [-0.82992959300040647:1.6011328544898928] [-0.85304846129940903:3.1843460360789875] [0:0.22421856826873654] [0:0.15098313757298154] [0:0.14329582689483941] [0:0.16337928506217941] [-13.695336652051001:20.575017736493713] [-4.0150354444359371:4.8863145846586109] [-0.61014506677948988:0.88260863646066867] [-0.82992959300040647:1.6011328544898928] [-0.85304846129940903:3.1843460360789875] [-0.83371666889775953:3.8670393633078328] [-0.69421675406925953:0.66131114246219425] [-0.79930209060374013:0.90110325101678534] [-132.53715276993574:80.364006761272208] [0:99.861064002984776] [-4.3588989435360253:4.3588989435401295] [-0.61785361460716337:0.89255894908746558] [-0.76226697825859691:1.4709262498516809] [-0.82325003413577813:2.9093509651538785] [-0.77334034633993176:1.3346613418224949] [-3.1806480089076725:4.3588989435406811] [-3.1101259120259019:7.6809377036926092] [0:20] [-0.81943929527332759:0] [-0.85817267691977117:0] [-18.434174057089137:32.856663781858032] [0:1.0000000000000919] [-1.3570371140447641:1.3461282104399377] [-2.0207635762504927:2.8009776406464884] [-4255.054879795227:293369.5094455303] [-0.10473653747653534:1.0402577970351286] [-0.74485383155652252:1.5881203998579891] [-0.82942588607499323:2.9338451054121673] [-14.199209155084294:17.446023411371137] [0:1.7062871113350522] [-0.88260863646066867:0.61014506677948988] [-0.64546696202342024:0.50171151574494388] [-0.14545744126113069:0.10760484201185005] [-0.22629779601085409:0.13822803980490006] [-0.30986743390721494:0.19880861742569533] [-0.28352709652536146:0.274995070925109] [0.0021730407002129165:0.057214741816212382] [0.0032232706999609892:0.038130971872760974] [-0.31978062336214919:0] [-0.31978062336214919:0] [-0.18100567109799204:0.10411800047981856] [-0.25990193283892948:0.1238681533580317] [0:0.98360655737704916] [0:0.96926229508196726] [0.0098679514967273917:0.048661982904750399] [0.24488979150676321:0.82571615686883615] [0.0020161290322580645:1] [0.0020161290322580645:1] [0.0020202020202020202:1] [0.0020161290322580645:1] [0.0020161290322580645:1] [0.0020161290322580645:1] [0.0020161290322580645:1] [0.0020161290322580645:1] [0.0020161290322580645:1] [0.0020161290322580645:1] [0.0020161290322580645:1] [0.0020161290322580645:1] [-10.036419993502314:15.738428657944262] [-8.1746387955449009:16.457532946110788] [-5.9157241416999637:14.200214981033803] [-2.7783768299596447:17.573692674142993] [-2.978287472938431:14.693670716098037] [-6.3973639442257371:8.9620875419638821] [-10.036419993502314:15.738428657944262] [-8.1746387955449009:16.457532946110788] [-11.877286334415963:2.8116906550125513] [-3.695230169623156:12.409992861481406] [-10.270567983075658:16.015437511423954] [-7.1400431277203094:5.6178337822902611]
tree_sizes=3586 3520 3527 3567 3576 3542 3534 3544 3541 3542 3559 3539 3569 3534 3557 3550 3572 3550 3540 3557 3567 3561 3576 3561 3588 3561 3529 3578 3562 3580 3560 3558 3562 3581 3545 3584 3532 3600 3536 3559 3552 3560 3593 3557 3530 3585 3552 3590 3570 3584 3578 3579 3567 3601 3561 3571 3586 3579 3596 3580 3579 3577 3568 3588 3580 3573 3589 3536 3572 3461 3568 3571 3573 3500

Tree=0
num_leaves=31
num_cat=0
split_feature=71 59 63 57 44 29 35 14 50 14 44 44 70 6 38 70 45 71 20 38 44 48 3 45 29 6 64 47 6 57
split_gain=37.3264 7.10717 4.63468 5.00135 4.48619 3.04994 2.77882 2.51839 2.40107 2.07585 2.16657 2.04223 1.86264 1.83318 2.47438 1.7262 1.70492 1.62304 1.58325 1.57245 1.32226 1.10628 1.04823 1.0202 0.970467 1.05708 0.991326 0.970339 1.10498 0.931742
threshold=0.19081774518401531 0.86292912896318308 0.47070918388910027 0.83190572267057972 0.012203981233588792 11.050906756266526 -0.051921890004463796 0.23673713790781173 0.040768637124111169 0.20889864821084561 0.07418281250083604 0.16428366975657974 -0.48483272950574913 0.030498608767105178 1.5033015942634533 -1.2872098570186516 0.0096454426430918703 -0.22534351661307603 -0.0039572725719039794 1.2272308239933747 0.087426643201365853 -0.10872555099910929 0.05673164993123881 0.0049817649411471017 4.688935504258569 0.01233856856545589 0.79170962199312722 -0.0063247595183868457 0.015445449908933673 0.80084301602529939
decision_type=8 10 10 10 10 10 8 8 10 8 10 10 10 10 10 10 10 10 10 10 10 8 10 10 10 10 10 8 8 10
left_child=2 6 7 9 19 8 23 12 -6 10 16 13 29 14 22 -11 -4 -17 -8 21 -12 -5 -3 -2 25 26 -9 -20 -29 -1
right_child=1 11 3 4 5 -7 18 24 -10 15 20 -13 -14 -15 -16 17 -18 -19 27 -21 -22 -23 -24 -25 -26 -27 -28 28 -30 -31
leaf_value=-0.0060682745968659605 0.001090396652034444 0.014470498323596662 -0.0060464776744249341 -0.028545428187560909 0.0033367678833421074 -0.014473798265070781 0.0061575053697270395 -0.0076864270089233898 0.018239784991678304 0.011002353726365988 0.0048264290377315611 -0.012452809870399841 0.00015014733487039462 0.019320456814489885 -0.0116714661629474 -0.016553095932706249 -0.011961125595797867 -0.0030331140731987847 0.0031728528128669876 0.0023662603092539113 -0.0045192639161119623 -0.0094687456477281148 0.0069729056775843573 0.013074527019246725 -0.0092206059592749891 0.014536107030088391 0.0124626257590966 0.0067732226803588801 -0.0050647392523975321 0.010984187961817759
leaf_weight=77.319284207827877 8.6284515205770713 62.666881449637003 163.12849727651337 3.5534915011958219 48.18654691206757 5.896692886366508 58.694425767520443 4.436301841051324 11.698896411689928 1.77023764559999 20.027215413516387 1.8575118477456261 152.99084709567251 41.586080610053614 3.1922622553538522 43.029342121735681 64.691957630391698 11.088530988199635 41.118920807028189 5.8381984106381415 37.181159730476793 14.606765987584373 29.642856353835668 36.191236314130947 1.6501279606018204 14.617560588812919 2.6772831748239696 7.4807502314215517 40.173729970818385 1.9830668246140692
leaf_count=12855 1623 9657 24632 569 6883 643 9198 761 1309 128 2762 383 24780 6041 520 6242 10788 1786 6834 827 5622 2493 4670 5312 298 2287 247 1126 6737 273
internal_value=-2.99629e-05 0.00822344 -0.00402347 -0.00592051 0.000345349 0.00443124 0.00442796 -0.000805493 0.00654917 -0.00757559 -0.00647562 0.0133854 -0.00177191 0.0138449 0.011254 -0.0129203 -0.00778405 -0.0139426 0.00237839 -0.0104637 -0.00116932 -0.0146531 0.0121955 0.010907 0.00835172 0.010165 0.000128533 -0.0001276 -0.00304375 -0.00547302
internal_weight=1017.61 331.233 686.372 430.698 89.7806 65.7821 192.288 255.674 59.8854 340.917 285.029 138.946 232.293 137.088 95.502 55.8881 227.82 54.1179 147.468 23.9985 57.2084 18.1603 92.3097 44.8197 23.3813 21.7311 7.11359 88.7734 47.6545 79.3024
internal_count=158286 52101 106185 64684 12724 8835 30830 41501 8192 51960 43804 21271 37908 20888 14847 8156 35420 8028 23895 3889 8384 3062 14327 6935 3593 3295 1008 14697 7863 13128
is_linear=0
shrinkage=0.03


Tree=1
num_leaves=31
num_cat=0
split_feature=59 32 71 14 57 72 53 44 14 75 76 69 59 72 0 39 71 32 57 59 14 50 53 52 52 6 55 57 66 50
split_gain=272.331 18.2156 16.288 10.1104 8.93836 10.5361 8.30492 8.58283 9.34308 7.94569 7.60469 7.58092 6.30585 6.29158 6.10153 5.18649 5.18321 4.88502 5.62836 4.8641 4.20794 3.87452 4.67897 3.77225 3.58499 3.36669 3.18216 3.04469 2.94787 2.75206
threshold=0.86292912896318308 0.23307903185234982 1.762121107196345 -0.28372563352121261 0.94031386278484141 1.4244114785173643 0.02123172071865408 0.10934274412443813 0.12804541673131833 0.33866019025953092 1.6499257160698082 1.5357089695967316 0.41311176389033316 3.2859724147737244 0.024285955184136013 0.11003324532561011 -0.41579815366761091 -0.24621379805880114 0.52426171136085464 0.98960494467496563 0.08178137171319845 0.028388126350731516 0.010900370295388781 0.80000131576639022 0.63626692456479705 0.037879802393454655 0.90986224705554208 0.98274000148953611 0.16474657425533043 0.049195567492122512
decision_type=10 8 10 8 10 10 10 10 10 10 10 8 10 10 10 10 8 10 8 10 8 10 10 2 2 10 10 8 10 10
left_child=1 6 9 19 5 10 12 15 -9 17 -5 -7 21 14 -6 -8 29 -2 25 -4 -11 22 -1 27 -23 -19 -20 -14 -22 -3
right_child=2 16 3 4 13 11 7 8 -10 20 -12 -13 23 -15 -16 -17 -18 18 26 -21 28 24 -24 -25 -26 -27 -28 -29 -30 -31
leaf_value=-0.0006290134086354975 0.022324161792718667 0 0.016361892317945274 0.0022811300736920331 0.023364847243845455 0.016782511045713513 -0.03599676344829629 -0.025351740606113733 0.024133307145435552 -0.013522785959376765 0.026505403641840904 -0.0011265777994172183 -0.011463525168070251 -0.00027531898418381879 0.0076439634686068054 0.0026590284442760959 -0.0012513390825942413 0.0051048974316031193 0.014448156109921367 0.030924875267079113 0.0098582419409710062 0.018150073067341323 -0.018457841440243129 -0.003171195821323598 -0.011329188614367571 -0.011366930144682565 -0.0085929256027918784 -0.0010164623244948983 -0.0040962829926920272 0.032389590662698364
leaf_weight=14.566448784898965 20.462835181970149 3.564139840891583 50.880532964132726 153.01805223780684 116.71915807388723 168.83758720289916 31.409350493457168 6.4043366936966759 5.3914113023784012 21.20145603606943 11.702935789944602 23.824524786090478 364.06927449826617 14.413846069015561 29.714113524416462 3.1524589841719708 86.094753302633762 163.57722069555894 89.444533758447506 43.085155208362266 23.067951319040731 2.8870267354650414 214.0741806414444 72.577847972861491 120.0932689961046 10.946632865816353 4.9345114275347433 27.86304112104699 30.183031475637108 5.791609987267293
leaf_count=2452 444 346 885 2569 1350 2353 5521 910 295 1008 151 270 50908 132 333 487 7814 5213 2634 398 814 491 36705 9548 19150 375 314 2196 1927 198
internal_value=7.33427e-05 -0.0112825 0.0112221 0.0142134 0.0125135 0.00980338 -0.0126575 -0.0250447 -0.00238102 0.00615529 0.00416985 0.014558 -0.0119205 0.0184188 0.0202686 -0.0324109 0.00111364 0.00840063 0.00725118 0.0233262 -0.00252732 -0.0149847 -0.0173427 -0.00956724 -0.0104721 0.00399577 0.0131346 -0.0107329 0.00196371 0.021186
internal_weight=1933.95 957.939 976.014 612.196 518.23 357.383 862.489 46.3576 11.7957 363.818 164.721 192.662 816.131 160.847 146.433 34.5618 95.4505 289.366 268.903 93.9657 74.4524 351.621 228.641 464.51 122.98 174.524 94.379 391.932 53.251 9.35575
internal_count=158191 137021 21170 8441 7158 5343 128663 7213 1205 12729 2720 2623 121450 1815 1683 6008 8358 8980 8536 1283 3749 58798 39157 62652 19641 5588 2948 53104 2741 544
is_linear=0
shrinkage=0.03


Tree=2
num_leaves=31
num_cat=0
split_feature=59 59 44 69 57 53 44 5 53 53 9 44 45 15 45 55 59 66 48 9 51 69 10 51 49 51 19 5 30 45
split_gain=347.551 22.3845 16.654 12.8451 10.5022 8.76912 8.25291 8.31575 8.21983 7.75323 7.56222 6.97085 6.52803 6.01231 5.80296 5.75945 5.32521 5.27409 6.4136 4.62702 4.43811 3.9155 3.8926 3.56379 4.53994 3.26992 3.09381 3.74838 2.92128 2.88611
threshold=0.86292912896318308 0.95557904627672086 0.074067940574290794 -2.0005736297801584 0.8281247965415317 0.019656345392460046 0.064480327285599839 0.020123630068726549 0.01719405553756265 0.020474421087514984 -0.10910670782241726 0.12240256111441151 0.018619033743462497 -0.13725836351766788 0.011332326617744427 0.69464875578066521 0.90179360784418805 0.35591369994819039 -0.012179897707237373 3.1253089488867727 0.72812158149710904 1.3267011379244551 1.7504367715045626 0.76210864092472441 0.013317042902940003 0.81340129923134497 -0.51590995642080228 0.019194558782197616 0.7221065020441092 0.006228340564539918
decision_type=8 10 10 8 8 10 10 8 10 10 10 10 10 10 10 8 10 10 10 10 2 8 10 2 10 2 8 10 10 10
left_child=2 15 5 17 11 8 19 -8 12 29 -9 23 14 -7 -1 16 26 -3 22 25 -10 -18 -19 24 -4 -5 27 -2 -13 -6
right_child=1 3 4 6 9 13 7 10 20 -11 -12 28 -14 -15 -16 -17 21 18 -20 -21 -22 -23 -24 -25 -26 -27 -28 -29 -30 -31
leaf_value=-0.017140000371745907 -0.0060762389175291753 0.030141945709737997 -0.0045403289265649157 0.01237061908657751 -0.013941880476933545 0.0034905490340409275 -0.013731602261307138 -0.01325613453112259 -0.00057249559482560708 0.022197376891584339 0.012075260914125719 -0.025830937413614145 0.0093119475624326483 -0.033584250471922983 -0.028353022112669331 0.0013529867467896501 0.0095784275198351407 0.011692057025519379 0.0030561433856824065 0.025555675194108007 -0.022395168702366994 0.020105814243000623 0.030347005786833619 0.000495630789507169 -0.020515222517796534 0.022567815645793569 0.0088818457945540902 0.006388685167077514 0 0.0037786809712592323
leaf_weight=429.44801842037123 39.816450269659981 63.099516292102635 39.706795697915368 214.65773197682574 12.968480790732427 3.9647790081799021 15.722939237253739 11.091666108462958 41.554308945313096 14.509180145571007 88.340514432173222 31.939872895134613 7.0860573863610616 43.425508672837168 49.362623495748267 137.11344929470215 154.38476680172607 19.154666081536561 20.727614222094417 37.139645329327323 9.626513905124737 42.064546383917332 28.607598777860403 33.73247612954583 27.514579679816961 35.138432066887617 75.440411510877311 45.303343345643952 4.3238032143563023 19.115922656608745
leaf_count=74893 1569 462 7339 3167 1814 420 314 171 7648 462 1304 5574 1286 8260 8819 8261 4341 229 202 450 1636 655 186 5989 4796 513 3200 1308 596 2407
internal_value=-0.000153214 0.0112503 -0.0154076 0.0155132 -0.00744653 -0.0178892 0.0127762 0.00587911 -0.0167241 0.00473862 0.00911582 -0.0116102 -0.0179309 -0.0304125 -0.0183589 0.00661814 0.00862248 0.0236945 0.017363 0.0155037 -0.0050851 0.0119382 0.0233203 -0.00738168 -0.0113279 0.0139013 0.00449825 0.000520287 -0.0227873 -0.00349818
internal_weight=1796.08 1027.8 768.279 533.68 183.811 584.468 402.091 115.155 537.078 46.5936 99.4322 137.218 485.897 47.3903 478.811 494.123 357.01 131.589 68.4899 286.936 51.1808 196.449 47.7623 100.954 67.2214 249.796 160.56 85.1198 36.2637 32.0844
internal_count=158271 26332 131939 6998 28977 102962 5919 1789 94282 4683 1475 24294 84998 8680 83712 19334 11073 1079 617 4130 9284 4996 415 18124 12135 3680 6077 2877 6170 4221
is_linear=0
shrinkage=0.03


Tree=3
num_leaves=31
num_cat=0
split_feature=71 71 44 14 53 53 57 21 53 53 45 1 44 38 5 5 57 35 53 4 42 45 57 52 44 18 52 42 51 44
split_gain=321.519 29.1972 14.9818 10.8302 9.14755 9.32231 8.49359 6.11052 6.09757 5.85443 5.62155 5.60827 5.2855 5.20372 7.81339 4.96822 4.58024 4.47986 3.78001 5.19435 4.39419 4.27022 3.69623 3.62754 3.47383 3.38936 3.29356 3.12742 4.58213 3.10913
threshold=0.77651362313118755 1.9988881638273834 0.074067940574290794 -0.28372563352121261 0.019656345392460046 0.01719405553756265 0.89772703015399336 0.03162795720180412 0.020474421087514984 0.010900370295388781 0.018619033743462497 -0.12604599264395203 0.10621104336596378 1.2838507762466802 0.024075673585301421 0.059352256444959776 0.91354117830911086 -0.039523627311193237 0.013104859337506615 -0.34331220534689483 -0.005241347237394999 0.010654879915014048 0.83190572267057972 0.57588735318928053 0.064480327285599839 41.032702055959277 0.59420748486516251 -0.014970936352843465 0.65291229516275007 0.074067940574290794
decision_type=8 10 8 8 10 10 8 8 10 10 10 10 10 10 10 10 10 10 10 10 10 10 10 2 8 8 2 10 2 10
left_child=2 7 4 18 5 9 12 16 -8 -1 -11 -6 27 14 17 -15 24 -5 -3 20 -20 -21 -14 -7 26 -26 -2 -4 -29 -16
right_child=1 3 6 13 11 23 8 -9 -10 10 -12 -13 22 15 29 -17 -18 -19 19 21 -22 -23 -24 -25 25 -27 -28 28 -30 -31
leaf_value=-0.0046073150093579188 0.0041504003147704678 0.032591497277650448 -0.024727963588076749 0.015885548945606825 0.0012729340666228922 0.0039382808259302363 -0.0045781746066330562 -0.00035458504010698439 0.023641564595799604 -0.019779026261299782 0.0061682334393651402 -0.035285730292110719 -0.021407183996494779 -0.0021576202995616791 0.019800082545787908 0.017399824644783613 0.014893595306685641 0.0029542361395810965 0.015990711320431197 0.018486217643578832 0.037073000308303065 0.00066513814346332392 -0.0016494936239505006 -0.012257735962750118 -0.0064923131641000656 0.0048893814830042615 0.011741104467673617 0.0083229165640261501 -0.0081540611663428984 0.010963948286089813
leaf_weight=27.261059627635404 102.27147471078206 31.338914121966809 6.3698803740553549 37.075244891224429 3.9299708488397291 23.617857340956107 15.409955329960214 120.86514299490955 10.917889161035417 403.10820693487767 7.0529833638574919 38.134750480588991 46.734286370221525 36.150433039525524 162.76789829228073 16.013096639304422 60.856420967145823 69.488918836927041 19.39633791288361 46.948900614865124 22.874221356585622 16.762580926064402 10.996472667204214 24.057424440281466 32.249951878329739 79.077274211216718 109.70073851128109 19.203767858911306 59.738944015000015 53.999926787801087
leaf_count=5074 3736 167 1204 562 390 4553 2324 9150 261 77057 1272 8021 9083 682 1998 183 1072 1305 148 374 177 237 753 4494 1591 3513 3539 3651 10898 751
internal_value=-9.23997e-05 0.0106495 -0.0157865 0.0156905 -0.0182865 -0.017041 -0.00792606 0.00550388 0.00745137 -0.0184147 -0.0193116 -0.0318503 -0.0108093 0.0129712 0.0143918 0.00400403 0.00735103 0.00758698 0.0229569 0.0198019 0.0280616 0.0139266 -0.017787 -0.00425668 0.00588045 0.00153711 0.00812954 -0.0059013 -0.00405434 0.0176731
internal_weight=1714.37 1017.84 696.533 512.816 527.162 485.098 169.371 505.021 26.3278 437.422 410.161 42.0647 143.043 375.496 323.332 52.1635 384.156 106.564 137.321 105.982 42.2706 63.7115 57.7308 47.6753 323.299 111.327 211.972 85.3126 78.9427 216.768
internal_count=158220 29185 129035 6584 100861 92450 28174 22601 2585 83403 78329 8411 25589 5481 4616 865 13451 1867 1103 936 325 611 9836 9047 12379 5104 7275 15753 14549 2749
is_linear=0
shrinkage=0.03


Tree=4
num_leaves=31
num_cat=0
split_feature=71 71 44 14 69 21 32 71 72 43 48 44 45 45 45 48 8 43 49 54 46 32 71 50 44 15 10 31 36 41
split_gain=292.302 26.1778 13.069 9.37289 7.75805 7.47525 6.9696 6.44741 5.53808 5.47399 8.42807 5.37866 6.07003 5.0579 4.868 4.72291 4.28511 3.96487 3.91999 3.91983 3.8364 3.55678 3.32049 3.18282 3.15318 2.93713 3.87228 2.82033 2.62797 2.5421
threshold=0.92502986310684865 2.0887261303619162 0.074067940574290794 -0.35275345043080281 1.0253238146490993 0.031008667179656894 -0.0677876249208159 0.47207618058493545 2.0737793983761557 -0.053124606254679956 -0.066023349413525653 0.085623198180254559 0.0044354176637267399 0.003831350350985615 0.0055173859025404292 -0.042309460487390697 0.0094014169071678696 0.0098299750125457903 -0.013734941273359945 0.57514232024538892 0.0058169080607466004 0.12950168387011443 0.68885092774672974 0.057982029668640307 0.040677483153744316 -0.0049219111348312574 2.0347928836060496 -0.024929246328000695 -0.28722137863925934 -0.021989232867950733
decision_type=8 10 10 8 8 8 10 10 10 10 10 10 10 10 10 10 10 10 8 10 10 10 10 10 10 10 10 10 10 10
left_child=2 5 7 6 11 16 28 9 17 18 -11 14 -13 -10 -4 -6 25 19 29 -5 -15 -19 -14 -17 -12 26 -2 -27 -3 -1
right_child=1 3 4 8 15 -7 -8 -9 13 10 24 12 22 20 -16 23 -18 21 -20 -21 -22 -23 -24 -25 -26 27 -28 -29 -30 -31
leaf_value=-0.002180632170380674 -0.0033421913181293267 0.033418038896642126 -0.011004966057937406 0.0011001256622548583 0.019602812254330439 -0.001121888888339531 0.0093052921007344483 -0.0080631016359521742 0.0021539297852918573 -0.029787192491217543 -0.014899055272507244 0.0052680598505378618 -0.019066063604883041 0.028464349310120006 0.008640974593715614 -0.0095350874716679176 0.010271988736894179 0.0094556999676723135 0.012476789793913132 0.014037465135890848 0.016511146487728813 0.019852461247428239 0.0026037371838479252 0.016721008390597029 -0.020952643182916685 -0.0036696369414885364 0.015709737319080271 0.011610017439347088 0.019072299924640698 -0.019992213431038564
leaf_weight=14.750028649461456 63.95370838069357 46.951192816253752 22.875243062851951 62.564958954695612 12.178578508086501 108.41003403032664 23.221742462832481 66.392671528272331 17.298670372460037 60.943068762426265 214.64916835248005 11.568720002076587 76.387248907005414 35.824783269315958 20.572094388189726 16.103800932061862 233.16336580831558 78.561262019444257 6.7145851557143024 31.389961720909923 110.22052105795592 52.855408164788969 6.4280297535005948 4.465959894238039 149.28681458346546 13.083124711876733 10.256111889728343 48.256467945873737 23.800203070044518 14.547390261199325
leaf_count=2962 2691 271 4111 1020 583 8203 257 10285 203 12498 43211 2078 15060 310 3860 2413 6262 1277 1209 474 1280 721 672 189 30100 567 238 1520 191 3053
internal_value=4.36974e-05 0.010783 -0.0147166 0.0157082 -0.00740537 0.00577155 0.0242892 -0.0170577 0.013569 -0.0183266 -0.0192848 -0.0105182 -0.0145089 0.0178284 -0.00165009 0.00553056 0.00780404 0.0104036 -0.00672535 0.00555635 0.0196373 0.0137782 -0.0173373 -0.00318455 -0.0174411 0.00349274 -0.000495376 0.00829631 0.0289671 -0.0114918
internal_weight=1657.67 959.812 697.863 482.689 170.58 477.123 93.9731 527.284 388.716 460.891 424.879 137.831 94.384 163.344 43.4473 32.7483 368.713 225.372 36.012 93.9549 146.045 131.417 82.8153 20.5698 363.936 135.549 74.2098 61.3396 70.7514 29.2974
internal_count=157769 25485 132284 6004 28966 19481 719 103318 5285 93033 85809 25781 17810 1793 7971 3185 11278 3492 7224 1494 1590 1998 15732 2602 73311 5016 2929 2087 462 6015
is_linear=0
shrinkage=0.03


Tree=5
num_leaves=31
num_cat=0
split_feature=59 59 32 69 67 46 45 7 54 52 14 60 78 42 59 14 34 17 63 24 59 63 6 0 6 53 57 21 0 57
split_gain=258.107 28.3563 12.14 8.12831 6.95013 6.15724 6.76347 5.87117 5.39168 6.5463 5.0215 6.33775 4.83771 4.66868 4.32846 4.32014 2.92266 2.8453 2.78169 2.73236 2.35918 2.0986 1.92848 1.91002 1.72171 3.03439 1.72097 1.5842 1.38424 1.30551
threshold=0.86292912896318308 0.95557904627672086 0.28034760572583078 -2.1360657191067025 0.056083615125486506 0.034133759215293408 0.017937755590757574 0.011961857633773986 0.56051988495789973 0.26987778544356539 0.46554044264939359 0.94050188118250755 0.80641726949758308 0.021973706366506755 0.47265285424514641 0.11494757531577239 0.038403611504545888 0.17312041409225346 0.12447695082024618 0.49893466300957218 0.98960494467496563 0.14040715040669091 0.019455281425537149 0.00063678458456484243 0.030498608767105178 0.015925607003153982 0.97870072131742514 0.043355656733986787 -0.006641684334373287 0.52834308313421785
decision_type=8 10 10 8 8 10 10 10 10 2 10 10 10 10 10 10 10 2 10 8 10 10 8 10 10 10 10 10 8 8
left_child=2 4 5 12 15 6 8 16 9 -1 11 -9 17 -10 -4 21 18 20 -5 -12 -3 22 -2 -8 25 -17 27 28 -6 -23
right_child=1 3 14 7 26 -7 23 10 13 -11 19 -13 -14 -15 -16 24 -18 -19 -20 -21 -22 29 -24 -25 -26 -27 -28 -29 -30 -31
leaf_value=0.014567646106740714 -0.0049459264966673381 0.021617434893911856 0.023889267307016814 0.012388619759297313 -0.0054826768350455064 -0.034222607360750473 -0.0057508818588302112 0.0043455798448539156 -0.022510024221362931 -0.013816406862522017 0.023510373334915596 0.015558523443936141 0.010574744213080243 -0.011651861416230969 -0.0052985429397413375 0.012080838599585397 0.018673001143536608 0.016462969867750126 0.001040347973487537 0.0083737065288932849 0.035975423706807244 -0.0041601532944027545 0.0070577530035180304 0.013158648958473724 0.020047486217484752 -0.0042117993192765145 0.0087452765582493475 -0.0062849273768528485 0.0028630819954871311 0.0062164731342967397
leaf_weight=6.5741536477580658 12.263914181967264 30.729670496657491 8.5209016195731255 26.400659604696557 24.550845861434937 15.044477035058661 8.9013620440382528 69.163787045283243 140.74181967787445 399.17927137343213 67.591504795011133 141.92896306887269 31.838236217387021 54.457821548450738 7.9689987595193079 65.944312219042331 14.069314123596994 31.720410980284214 70.073239636607468 15.276790765114127 27.956617524847388 36.010358478641137 129.97007202624809 8.2517314392607641 19.472534995758906 11.337444860255344 13.132140124100259 52.0544046087889 58.325669793412089 14.374467224115504
leaf_count=1334 489 250 322 494 1280 3336 1725 1419 29090 82144 614 1721 286 11163 1260 1456 173 223 1475 181 127 1304 4894 1361 327 316 683 4990 3153 469
internal_value=-9.6885e-05 0.0097457 -0.0147022 0.014431 0.00407693 -0.0153683 -0.01485 0.0123066 -0.0153808 -0.0133145 0.0145327 0.0119366 0.0212793 -0.0195709 0.0101158 0.00677598 0.00628265 0.0248594 0.00427188 0.0208888 0.0289956 0.00411819 0.0059745 0.00340431 0.0119402 0.00962907 -0.001188 -0.00223405 0.000319127 -0.00107802
internal_weight=1613.83 964.185 649.641 526.749 437.436 633.151 618.106 404.504 600.953 405.753 293.961 211.093 122.245 195.2 16.4899 289.373 110.543 90.4067 96.4739 82.8683 58.6863 192.619 142.234 17.1531 96.7543 77.2818 148.063 134.931 82.8765 50.3848
internal_count=158059 26324 131735 6963 19361 130153 126817 6077 123731 83478 3935 3140 886 40253 1582 9255 2142 600 1969 795 377 7156 5383 3086 2099 1772 10106 9423 4433 1773
is_linear=0
shrinkage=0.03


Tree=6
num_leaves=31
num_cat=0
split_feature=59 71 32 63 66 8 46 21 45 34 31 69 30 6 41 68 46 46 71 4 50 24 44 69 52 45 9 30 0 14
split_gain=237.1 26.3041 9.5117 7.34567 8.10249 6.78079 5.9567 5.48117 5.0718 4.79506 4.15128 3.85146 3.82628 3.56402 3.27536 3.03164 2.94937 7.64611 2.80889 2.55203 2.48549 2.20209 1.8221 2.32686 1.9204 1.74666 1.23936 1.2128 1.20061 0.950519
threshold=0.86292912896318308 1.9988881638273834 0.28034760572583078 0.080881963450163338 0.95914193898418276 0.0084183687438222476 0.034133759215293408 0.031008667179656894 0.018188477923048129 0.014192317471904451 0.038744262874275189 1.2603936146787305 0.27675562010602173 0.030498608767105178 0.017080036858539208 -1.0543330103087818 0.0098034715565004805 0.0090042221378546488 2.4500003928547391 0.095532981043797274 0.061574548261462143 -0.86378521683880338 0.07418281250083604 1.8728195782436308 0.6513878278584162 0.017937755590757574 0.59177413745125695 0.4889241088749699 0.00097661718327046753 -0.070507359971297798
decision_type=8 10 10 10 10 10 10 8 10 10 10 10 10 10 10 10 10 10 10 10 10 10 10 10 2 10 10 8 10 8
left_child=2 7 6 4 5 10 8 13 16 -6 -3 12 -5 22 26 -14 17 -1 -7 -13 -18 -21 23 -2 -24 -15 -4 -9 -10 -29
right_child=1 3 14 11 9 18 -8 27 28 -11 -12 19 15 25 -16 -17 20 -19 -20 21 -22 -23 24 -25 -26 -27 -28 29 -30 -31
leaf_value=-0.014860137889364852 0.0047094086017451988 -0.0093967123302761708 0.011593607186787976 -0.011068664130847483 -0.013764488378555097 0.013302485607092095 -0.033636832570401426 -0.0056212114041890226 -0.0056328154828995582 0.012128967507206913 0.01472790869233994 0.025616593548702091 0.021519870333758719 0.016080676356604595 0.022099566718784762 0.0061590503545729926 -0.019758714443683302 -0.002473795947253932 0.022733713466577533 0.0026913039506452274 -0.004548212744827574 0.014206420772972909 -0.014698928238331783 0.015696228877872496 0.0017383797591389719 0 -0.0094382208933241306 -0.0095733247963399621 0.010030802342126584 0.0027227424487486986
leaf_weight=387.26169094763463 242.39258463715669 10.768701702822002 2.5440684104105475 9.3043992980383319 10.279878917615862 42.404253986896947 14.537300863885319 47.298895507701673 7.5338617914821935 13.951762404758481 13.053577905520795 15.488517362624405 12.580911726690827 38.489164853002876 6.8668775481637558 104.65108867594972 134.18724880367517 51.887012933497317 173.17572325980291 19.418337255716324 11.727096460293977 87.876689354423434 6.7171109013725063 18.294527083169669 35.72535190556664 7.1094987129326901 7.5030527533963323 5.4704046819824725 7.9524864639388397 41.914298507967032
leaf_count=81736 8643 181 182 240 186 659 3321 4498 1534 181 152 157 189 988 386 1847 28812 11031 1529 236 2282 1091 193 316 1056 304 1031 441 1334 3348
internal_value=4.9778e-05 0.00947056 -0.0141938 0.0140935 0.0176188 0.0192862 -0.0148069 0.00409619 -0.014291 0.000915029 0.00376245 0.0102983 0.00649943 0.00583308 0.00751867 0.00800096 -0.0147398 -0.0134124 0.0209624 0.0141049 -0.0185959 0.0121942 0.00461151 0.00554894 -0.00107247 0.0136162 -0.00327372 -0.00226368 0.00234927 0.00107268
internal_weight=1588.37 956.366 632.001 512.954 263.634 239.402 615.087 443.412 600.549 24.2316 23.8223 249.32 126.536 348.728 16.914 117.232 585.063 439.149 215.58 122.784 145.914 107.295 303.13 260.687 42.4425 45.5987 10.0471 94.6836 15.4863 47.3847
internal_count=158084 26435 131649 6648 2888 2521 130050 19787 126729 367 333 3760 2276 11500 1599 2036 123861 92767 2188 1484 31094 1327 10208 8959 1249 1292 1213 8287 2868 3789
is_linear=0
shrinkage=0.03


Tree=7
num_leaves=31
num_cat=0
split_feature=71 71 32 69 53 23 69 58 38 11 71 53 44 71 53 29 30 6 71 44 57 10 44 6 44 48 48 38 69 29
split_gain=220.023 22.1113 11.7662 7.76497 7.41398 6.60488 6.30483 5.31062 4.82869 4.51942 4.21346 4.5681 7.22961 4.19767 3.94793 3.76198 3.47004 3.47735 2.87942 2.25775 3.0153 2.20556 2.45657 1.84996 1.78373 1.65329 1.64817 1.5475 1.19921 1.10202
threshold=0.92502986310684865 1.9988881638273834 0.28034760572583078 -2.3446232655665509 0.019656345392460046 0.031947111407716118 1.788957377697374 0.86708213610830687 1.2773409215763476 -0.12604599264395203 0.40098562023965284 0.018097691933190219 0.043656292209295906 -0.32885559829694139 0.010900370295388781 0.90036301196872148 0.69664048811147306 0.044824303988298765 4.6722473133435569 0.085218821842120943 0.89025652678887057 1.9142461317093058 0.06534283894239902 0.030498608767105178 0.07418281250083604 -0.010642294267424466 -0.0045801719642709062 1.2325851401169301 1.0948785235165206 4.3810340834375765
decision_type=8 10 10 8 10 8 10 10 10 10 10 10 10 8 10 10 10 10 8 10 10 8 8 10 10 10 10 10 10 10
left_child=2 5 4 16 10 6 23 21 15 -6 11 14 -13 -4 -1 -9 17 -3 -10 -11 -21 22 -5 24 -2 -8 29 -25 -28 -7
right_child=1 3 13 7 9 26 25 8 18 19 -12 12 -14 -15 -16 -17 -18 -19 -20 20 -22 -23 -24 27 -26 -27 28 -29 -30 -31
leaf_value=-0.0020622214670548505 0.0047592002549905485 0.018379879361887803 0.022836572883821526 0.0026042238401780059 0.0058411199090838998 -0.0029123045424684496 0.008727766999805691 0.017302971725341509 -0.00015700018518080501 -0.031281546460846098 -0.0063376895064557372 0.013792895821636009 -0.016298730941997075 -0.0043023189312848022 -0.015435195217892102 0.010397307572489212 0.01182531121286438 0.033514769769000578 0.016730626916977975 -0.022130028268920153 0.0055098341568106659 0.012238097026754607 -0.015526481889047037 0.013172754243606857 -0.0025091803775988417 0.024503045518230761 -0.0021195039548027074 -0.0015931399920589583 0.010667953631969023 -0.01184970113613395
leaf_weight=21.707274067448452 223.97317430831026 39.709681645967066 9.2641801654826832 27.068956220755357 3.6632526128087184 39.991438016411848 11.927058712346481 176.28236061893404 36.753739660605788 35.891789326560684 76.494696561829187 12.76326354686171 13.998148376587777 9.4225263076368737 437.2034814018989 135.45213816314936 29.111136658582836 28.258967939764261 10.917375393328255 15.676770044025035 3.8684131170157334 13.229577202815561 7.8066952163353518 34.750877828220837 33.92119866469875 18.780679738614708 15.221094728796745 7.104275186546146 9.973134898231363 18.670813834876753
leaf_count=4517 8236 287 291 640 426 3527 208 1969 875 8190 14148 2633 3088 1336 93963 1924 224 137 108 3559 246 246 226 1034 1115 241 1482 263 693 2213
internal_value=9.06256e-06 0.00941287 -0.0134827 0.0136279 -0.0141922 0.00425176 0.00615949 0.0117407 0.0129929 -0.024393 -0.0130731 -0.0141126 -0.00185925 0.00947633 -0.014815 0.0143548 0.0213186 0.0251106 0.00391316 -0.0265121 -0.0165116 0.00225035 -0.00169026 0.0047817 0.00378559 0.0189389 -0.00321475 0.0106178 0.0030419 -0.00595809
internal_weight=1558.86 918.904 639.954 504.591 621.267 414.314 330.457 407.511 359.406 59.1002 562.167 485.672 26.7614 18.6867 458.911 311.734 97.0798 67.9686 47.6711 55.437 19.5452 48.1052 34.8757 299.75 257.894 30.7077 83.8565 41.8552 25.1942 58.6623
internal_count=158045 25648 132397 6636 130770 19012 11097 5988 4876 12421 118349 104201 5721 1627 98480 3893 648 424 983 11995 3805 1112 866 10648 9351 449 7915 1297 2175 5740
is_linear=0
shrinkage=0.03


Tree=8
num_leaves=31
num_cat=0
split_feature=59 59 32 69 7 69 60 46 43 42 48 41 69 60 23 49 78 50 59 69 55 17 63 8 13 21 31 24 24 29
split_gain=206.774 22.4081 13.4826 6.48124 5.75009 5.71966 5.4215 4.93398 5.42755 5.25691 4.99014 6.30104 4.59097 7.30912 3.88306 3.73728 2.92974 3.25546 2.91577 2.72734 2.69916 2.55845 2.00013 2.67482 2.33233 1.9004 1.84683 1.66892 1.54841 1.22846
threshold=0.86292912896318308 0.95557904627672086 0.2995341135814748 -2.3446232655665509 0.011961857633773986 1.788957377697374 0.172156229942415 0.034133759215293408 -0.053124606254679956 -0.018482152589615549 -0.024865507282126827 -0.011728208266522709 1.8728195782436308 0.94050188118250755 0.039759736952692533 0.024747632098001463 -0.86291184119336639 0.004063376147092069 0.89016505466778817 1.1190185434263544 0.69464875578066521 0.25280563796204347 0.1323369911956106 0.0090031509826765978 0.21392093496881706 -0.13335125682068202 -0.10834289784982491 -0.25396239000876303 -0.48259894937715592 4.7492384870413638
decision_type=8 10 10 8 10 10 8 10 10 10 10 8 10 10 10 10 10 10 10 8 10 2 8 10 10 10 10 10 10 8
left_child=2 5 7 16 19 14 -4 8 9 25 15 -12 13 -6 22 -10 -3 -18 -7 21 28 -5 23 -2 -24 -1 -14 -21 -20 -22
right_child=1 3 6 4 12 18 -8 -9 10 -11 11 -13 26 -15 -16 -17 17 -19 20 27 29 -23 24 -25 -26 -27 -28 -29 -30 -31
leaf_value=0.015045580847237835 -1.6194527711718092e-05 0.027041910966226816 0.031585007106181381 0.0045161121115808297 0.003198598585129719 -0.0034930508217066885 -0.0021757428078208909 -0.031573081615557962 -0.020814232227251366 0.014689323617471158 0.0029237681592024045 -0.013398098800029215 0.011293474431071256 0.014836072885596739 -0.0061987119609873747 -0.0072703602071561187 0.023316781323642389 0.0084852848022481265 0.027836630253162152 0.0039513807951170165 -0.0061878889273013988 -0.0098674512556467878 0.00028170658610168471 0.0089444445111932815 0.010457111534672586 -0.012056318552912067 0.022379949671160124 0.01599183653003038 0.01193860501080871 0.011126576493909027
leaf_weight=1.6322449846193219 41.56943642126862 38.695121064782143 6.8035165121545988 37.462330985930748 72.125423605320975 7.2541855869349083 8.8848125956719741 14.123849848285316 138.32017431815621 10.531100677442735 21.958176454761997 360.56670460075838 23.256849113851786 157.02395859942771 39.343116030271631 23.574762469856068 25.950946262106299 31.850099328905344 15.885563593357803 21.344005888793617 5.0401575167197743 14.643755436642094 163.64744118100498 100.67603290302213 22.267906252294779 23.221115035936236 62.443505727220327 22.778954762266949 13.304622364230452 8.3145647142082417
leaf_count=131 1549 207 147 936 1523 342 1149 3336 30344 1956 4864 79548 265 1878 4908 5159 186 288 161 439 279 377 7849 2988 679 5093 526 390 189 446
internal_value=0.000130246 0.0090695 -0.0134197 0.0133012 0.0115877 0.00389577 0.0133008 -0.0141517 -0.0136685 -0.00211711 -0.0144085 -0.0124482 0.0135544 0.011216 0.00257356 -0.0189172 0.020376 0.0154785 0.0133515 0.00504885 0.0163068 0.000307615 0.00365002 0.00632304 0.00156594 -0.00964725 0.0195709 0.0104505 0.0213253 0.00440715
internal_weight=1534.49 924.878 609.616 507.575 411.079 417.303 15.6883 593.928 579.804 35.3845 544.42 382.525 314.85 229.149 367.504 161.895 96.4962 57.801 49.7991 96.229 42.5449 52.1061 328.161 142.245 185.915 24.8534 85.7004 44.123 29.1902 13.3547
internal_count=158132 26405 131727 7015 6334 19390 1296 130431 127095 7180 119915 84412 4192 3401 17973 35503 681 474 1417 2142 1075 1313 13065 4537 8528 5224 791 829 350 725
is_linear=0
shrinkage=0.03


Tree=9
num_leaves=31
num_cat=0
split_feature=59 59 4 36 53 59 30 14 15 41 53 23 43 53 9 44 10 51 43 51 66 51 8 55 41 44 10 57 17 48
split_gain=182.208 19.0179 11.0959 7.364 5.72166 5.12679 5.11032 4.8305 4.77055 4.57079 7.11865 4.43339 4.34125 4.19602 4.07836 3.92813 3.76069 3.50199 3.39522 3.25639 3.25023 3.02423 3.01832 2.95413 2.91278 2.88339 2.8049 2.73849 2.479 1.83159
threshold=0.86292912896318308 0.95557904627672086 0.3285036359263615 -0.26493132846187639 0.019656345392460046 0.39742205238965506 0.66855763757242848 0.42043169187122303 -0.10529148955021504 0.0083482291346139732 0.016926753424887551 0.03130088629009687 0.047820791633721112 0.010900370295388781 3.3868714407679774 0.071648708741143943 2.2178028791013404 0.76637126534667532 -0.026609793503165276 0.75154760271623577 0.72879601361546842 0.69633474557687092 0.0093499129995874251 0.62670620122766774 0.008445134797109401 0.085218821842120943 2.4008604379846656 0.92474147021804953 0.036688149884651695 -0.034075768338217009
decision_type=8 10 10 10 10 10 10 10 10 10 10 10 10 10 10 10 8 2 10 2 10 2 10 10 10 10 10 10 2 10
left_child=2 7 4 6 9 -4 15 11 -6 10 13 22 14 -1 26 29 17 -14 -11 -12 -16 -8 -2 -9 -20 -10 -5 -27 -24 -3
right_child=1 3 5 12 8 -7 21 23 25 18 19 -13 16 -15 20 -17 -18 -19 24 -21 -22 -23 28 -25 -26 27 -28 -29 -30 -31
leaf_value=-0.0015799321809409229 0.00019123739855805545 0.034595999331636235 0.02421571339405525 0.011397205292999058 0.0049857201844706366 -0.0051548381601814854 0.0046289999470532067 0.017086216860339717 -0.030577330920127283 0.0088881974896543522 0.0020468077279331889 -0.0064482368012104491 -0.0090106945629994505 -0.016940464194728971 0.028626262314098504 0.010758064871810469 -0.015676795746767207 0.013195220920462887 0.022995984647779875 -0.026666351071353199 0.010867770424757348 0.021462392250268306 0.0088674746476116763 0.0020842449357646722 -0.009922159994471132 -0.018193685532129005 0.0029236315564603 0.013645199422828991 0.0015724778422795118 0.020634609269910759
leaf_weight=17.658551752800122 129.15816506592091 27.538073377683759 9.2336541214026528 262.27264188870322 4.6371857462218022 10.339173927844966 28.517352356109768 35.292841874063015 33.732261952362023 8.5465925387106818 29.853683141351212 42.765708010643721 8.490866045001896 280.92191409657244 21.160200385376811 16.950668202247471 8.6216411963105184 18.57400818169117 1.4827745617367316 3.0086305509321383 20.616593373939395 14.650415088515727 115.26380794204306 18.692178017867263 184.50193581625354 15.575226439163091 42.680169828701764 1.9903346230275918 68.089163729571737 24.406666786409914
leaf_count=3797 6518 204 297 4253 642 1695 340 554 7989 1597 6841 5327 176 62577 168 203 131 304 326 643 253 136 3512 1096 41774 3549 578 104 2236 229
internal_value=7.773e-05 0.00859156 -0.0127026 0.0125489 -0.0134539 0.00905873 0.0193627 0.00378402 -0.0226868 -0.0124252 -0.0145953 0.00248483 0.010499 -0.0160503 0.0115221 0.0244748 0.000434153 0.00604899 -0.00865659 -0.00120323 0.0203916 0.0107665 0.00373352 0.0120788 -0.00952209 -0.0252932 0.0102345 -0.0138838 0.00619793 0.0286064
internal_weight=1505.22 903.741 601.482 494.479 581.909 19.5728 112.063 409.262 55.935 525.974 331.443 355.277 382.416 298.58 346.73 68.8954 35.6865 27.0649 194.531 32.8623 41.7768 43.1678 312.511 53.985 185.985 51.2978 304.953 17.5656 183.353 51.9447
internal_count=158049 26218 131831 6975 129839 1992 1112 19243 12284 117555 73858 17593 5863 66374 5252 636 611 480 43697 7484 421 476 12266 1650 42100 11642 4831 3653 5748 433
is_linear=0
shrinkage=0.03


Tree=10
num_leaves=31
num_cat=0
split_feature=59 59 57 57 44 7 21 69 53 45 28 50 76 45 41 53 52 45 1 26 21 16 49 63 52 26 17 57 47 44
split_gain=176.781 17.7378 9.61139 7.42325 9.51641 7.00912 5.65183 5.17419 5.15049 4.50905 4.22732 6.1334 5.12279 3.82285 3.93786 5.93828 4.70396 3.656 3.61135 3.55561 2.70835 2.77028 2.09037 1.9185 2.05164 1.8673 1.73227 1.44266 1.86873 1.37363
threshold=0.86292912896318308 0.95557904627672086 0.012806844896397137 0.92086291413116983 0.14533402036593771 0.011961857633773986 0.030371379647780587 1.788957377697374 0.019656345392460046 0.0053649433499116618 -0.38975637630218746 0.030296922362995641 -0.13316735185361031 0.01843872332398748 0.0083482291346139732 0.016926753424887551 0.60545601888554168 0.0042033190621472609 -0.12604599264395203 0.52701680270403817 0.19782484636431311 0.16605234147872841 0.0064035045749687445 0.1323369911956106 0.23099646237003255 0.97226291397414577 0.1685565004667485 0.89025652678887057 -0.0045142292354601867 0.085218821842120943
decision_type=8 10 8 10 10 10 8 10 10 10 10 10 10 10 10 10 2 10 10 10 10 10 10 8 2 10 2 8 10 10
left_child=3 6 10 8 -5 20 7 23 13 17 -3 12 -12 14 15 -1 -16 -7 -10 -11 21 -4 -9 24 -2 -22 -25 -8 -29 -20
right_child=1 2 5 4 -6 9 27 22 18 19 11 -13 -14 -15 16 -17 -18 -19 29 -21 25 -23 -24 26 -26 -27 -28 28 -30 -31
leaf_value=-0.016439684598401977 -0.007353372069000122 0.029402528836385017 0.0020108045193946164 -0.0081849092814347737 0.024058136054038365 0.0099859831638093623 -0.0084247704852620543 0.0047493536782575807 0.0052927585241161262 -0.001718376794947333 0.028785490364498168 0.0018552991170547469 0.0093490382028468041 0.0054034850019815525 0.00064671070238813159 -0.0021857236066672187 -0.011608068653884897 0.023079750607623736 -0.028900924633675093 0.011067134582695448 0.0013242900765746421 -0.016861281089973205 0.020290702504756692 0.003002398030761879 0.007561975392189519 0.020576702672941424 -0.0062582274122133076 -0.0039281986007949337 0.008627419521348826 -0.016192271848531781
leaf_weight=273.62841598980594 7.8780599414603776 33.009414350613952 66.255651804851368 35.045881929167081 9.6724881569389236 35.376402202760801 29.900987747125328 12.630744948983191 3.4002296878024927 21.183552162256092 31.809299078769982 21.161527225282043 22.495557956397533 9.7112176956143212 34.163910670788027 30.004296977305785 146.4130407187622 52.721058050636202 31.094216820667498 182.93287060945295 8.4082813644781726 6.8132072880398473 26.883540661074221 129.94521246547811 131.08886229188647 10.296144330408422 19.994382537784986 34.198759879160207 14.301537954830563 18.739073920994997
leaf_count=62247 293 193 1602 7671 293 409 3614 206 392 351 217 210 217 1840 7782 6829 33375 552 7577 2699 189 185 285 5319 4084 144 983 3590 944 4080
internal_value=0.000104644 0.00848335 0.0123113 -0.0126136 -0.000771508 0.0100211 0.00382337 0.0055517 -0.0135728 0.01229 0.0202252 0.0158398 0.0211029 -0.0125538 -0.0129305 -0.0150528 -0.00928223 0.0180266 -0.0225669 0.0097237 0.00270977 6.71381e-06 0.0156368 0.00411281 0.00664849 0.0125808 0.00171434 -0.00335749 -6.57558e-05 -0.0245936
internal_weight=1491.16 899.285 492.463 591.873 44.7184 383.987 406.822 328.421 547.154 292.214 108.476 75.4664 54.3049 493.921 484.21 303.633 180.577 88.0975 53.2335 204.116 91.7733 73.0689 39.5143 288.907 138.967 18.7044 149.94 78.4013 48.5003 49.8333
internal_count=158372 26286 6968 132086 7964 6131 19318 11170 124122 4011 837 644 434 112073 110233 69076 41157 961 12049 3050 2120 1787 491 10679 4377 333 6302 8148 4534 11657
is_linear=0
shrinkage=0.03


Tree=11
num_leaves=31
num_cat=0
split_feature=59 59 32 69 69 60 53 55 69 37 30 51 44 48 30 72 41 53 52 44 53 41 51 59 8 63 53 32 53 1
split_gain=155.741 16.4626 9.82846 6.44674 6.62588 6.30481 4.99822 4.73371 5.21647 4.20666 4.13698 3.97677 3.94027 3.83177 3.63465 3.18507 3.14921 5.94672 5.02666 4.37405 4.245 3.46624 3.18785 2.83895 2.5428 3.61334 2.34965 1.83551 1.7025 1.30543
threshold=0.86292912896318308 0.95557904627672086 0.2995341135814748 -2.3446232655665509 1.2915350115504582 0.94050188118250755 0.019656345392460046 0.69085146289890209 1.714102205556042 0.41503558296981524 0.682910091249049 0.16188524590163936 -0.0076421492621853706 -0.021829673173097915 0.4460058747042509 -0.87094783155653666 0.0083482291346139732 0.016926753424887551 0.60545601888554168 0.064480327285599839 0.015585943405125801 0.008445134797109401 0.75154760271623577 0.98960494467496563 0.0093499129995874251 0.1323369911956106 0.013751366612732767 0.21128794183495972 0.013544353235365061 0.0014952457815862188
decision_type=8 10 8 8 10 10 10 8 10 10 10 2 10 10 10 10 10 10 2 10 10 10 2 10 10 10 10 10 10 8
left_child=2 7 6 10 5 23 16 8 24 -7 13 -8 -6 -3 -14 -4 17 20 19 -18 -1 -20 -19 -5 26 -26 -2 -13 -10 -9
right_child=1 3 15 4 12 9 11 29 28 -11 -12 27 14 -15 -16 -17 18 22 21 -21 -22 -23 -24 -25 25 -27 -28 -29 -30 -31
leaf_value=-0.013441220526306696 0.0030350767268104892 0.030831594154192506 0.025340534364621671 0.0031623971911368437 0.00033857055556606305 0.0063458435172398919 0.0024000770519298662 -0.0076964074422004886 0.0061092128495236651 0.016629721475492017 0.0084848687749238746 -0.025459731179953315 0.0088001068853934133 0.015305793144856928 0.020199564691551968 -0.0013974568273984894 -0.003776935630172906 0.001890054188074462 0.024356114927505595 0.020772067525044319 -0.025139357055019042 -0.011484943366790092 -0.026313346073103573 -0.009925361009866086 0.0089272751215710884 0.00026195217161381851 -0.0068453260148957648 -0.0015960478881301113 0.019815844777358694 0
leaf_weight=254.7071339316899 61.274765115813352 30.704244548454881 6.7428321962943301 70.811275615589693 15.107915889471768 94.01421976974234 5.3395132962614289 30.27151600754587 14.627097819000481 60.735846042633057 27.823971901088953 46.42662124207709 40.010994126088917 35.688675275072455 88.106937168166041 7.7009656394948234 32.710518175153993 30.091825814044569 1.5113255870528508 7.0899185265880069 33.220531433005817 150.64645350247156 3.0701719953212878 17.805038107559085 114.60776826413348 70.515360535006039 32.163843489368446 3.5253153603989622 25.429728617891669 53.730845764977857
leaf_count=59074 2953 180 138 1839 211 1506 904 2614 214 757 261 11056 614 244 936 1135 7161 6934 318 1638 7557 34827 666 402 3166 2562 1811 574 291 5719
internal_value=2.18907e-05 0.00796212 -0.0120024 0.0117078 0.00992879 0.00684646 -0.0126302 0.00346368 0.00513419 0.0104821 0.0187951 -0.0213083 0.0150616 0.0228814 0.0167585 0.011723 -0.0116495 -0.0135013 -0.00848247 0.000924546 -0.0148836 -0.0109527 -0.00132705 0.000417881 0.0036335 0.00566182 -0.000370703 -0.0238988 0.0151545 -0.00282312
internal_weight=1466.21 883.43 582.783 480.809 386.592 243.366 568.339 402.621 318.619 154.75 94.2169 55.2914 143.226 66.3929 128.118 14.4438 513.048 321.09 191.958 39.8004 287.928 152.158 33.162 88.6163 278.562 185.123 93.4386 49.9519 40.0568 84.0024
internal_count=158262 26280 131982 6950 6265 4504 130709 19330 10997 2263 685 12534 1761 424 1550 1273 118175 74231 43944 8799 66631 35145 7600 2241 10492 5728 4764 11630 505 8333
is_linear=0
shrinkage=0.03


Tree=12
num_leaves=31
num_cat=0
split_feature=59 59 32 57 69 0 53 73 30 8 7 38 41 53 52 44 46 53 60 57 41 10 1 44 15 47 44 57 10 57
split_gain=149.005 18.6914 10.2799 7.60924 5.76414 5.10381 4.62056 4.45807 4.37566 4.23006 4.08903 3.80632 3.48142 5.80453 5.22072 5.06925 4.14405 3.71446 3.18279 3.06812 2.86573 2.60095 2.5002 2.485 2.43444 2.15987 1.93795 2.04554 1.74489 1.4996
threshold=0.86292912896318308 0.95557904627672086 0.2995341135814748 0.0085745007398149112 2.3617368352301114 0.024285955184136013 0.019656345392460046 0.064105114382713616 0.682910091249049 0.0094014169071678696 0.0084320051814746506 1.2773409215763476 0.0083482291346139732 0.01728576884807179 0.60545601888554168 0.064480327285599839 0.010494831013335136 0.010900370295388781 0.14841379599363005 0.96719734942567903 0.008445134797109401 2.0347928836060496 -0.12604599264395203 0.035014447917201215 -0.0052834758525582273 -0.0018047834488448264 0.085218821842120943 0.82414171085924248 2.2929257446121047 0.96319682362627157
decision_type=8 10 10 8 10 10 10 8 10 10 10 10 10 10 2 10 10 10 8 10 10 10 10 8 10 10 10 10 10 10
left_child=2 7 6 8 10 28 12 9 23 21 -5 -12 13 17 15 -14 -15 -1 -4 25 -16 24 -8 -3 -2 -11 -24 -28 -6 -9
right_child=1 3 18 4 5 -7 22 29 -10 19 11 -13 14 16 20 -17 -18 -19 -20 -21 -22 -23 26 -25 -26 -27 27 -29 -30 -31
leaf_value=-0.00068346656761915641 -0.0061362857063797715 0.030020058118970107 0.025239004326090327 -0.0028218724490954032 0.021787526075245905 0.00035994914366502593 0.0024194257866750526 -0.0031309689348690771 0.0085098468804239834 0.0084253975247900095 0.010431877711249402 -0.00064893462128917385 -0.0036276501543039664 0.012836892447153726 0.02122855205728566 0.022686748754833414 -0.01033247552144013 -0.015416519366281292 -0.00070515770334965021 0.019571347935651386 -0.011129528535176788 0.013234520645429791 -0.027066699981384213 0.015821744790549843 0.0044157966934093911 0.00046098296302808921 -0.018390117579348605 0.0043015894899977548 0.008997419254046516 0.0053087508204429749
leaf_weight=16.868164914427325 48.656289208563976 34.976522900164127 7.0708973561413559 27.360980496043339 65.259774271398783 15.034012351185082 3.4480182284023604 101.41867188562173 23.030295638833195 126.43963896564674 242.03864358994178 30.819388275733218 32.81201912695542 11.731918762088755 1.5528130376478646 7.1684492896310976 14.285132435383273 274.06801862479188 8.4342996614868753 17.603468131273985 148.70522421179339 10.592251151683739 32.534485392738134 24.078340213745832 31.398040270898491 41.575585283339024 12.980958147672938 4.0985980415716758 14.613117773085831 22.102107856713701
leaf_count=3821 2658 197 122 801 651 212 405 8967 230 3571 3705 753 7234 2724 338 1605 3262 64352 1178 162 34831 275 8181 178 1408 1225 3327 486 165 1025
internal_value=0.00016744 0.00795111 -0.0116767 0.0119567 0.0101674 0.0166399 -0.0123504 0.00314432 0.020308 0.00525932 0.0080628 0.00917154 -0.0114122 -0.0133677 -0.00808571 0.00145575 9.27198e-05 -0.0145779 0.0117568 0.00784193 -0.0106372 -2.42686e-05 -0.020885 0.0246408 -0.00195723 0.00648673 -0.0225796 -0.0128421 0.0196248 -0.00156622
internal_weight=1452.76 876.997 575.759 477.211 395.126 94.9069 560.254 399.786 82.0852 276.265 300.219 272.858 507.192 316.953 190.239 39.9805 26.0171 290.936 15.5052 185.619 150.258 90.6466 53.0621 59.0549 80.0543 168.015 49.614 17.0796 79.8729 123.521
internal_count=158049 26183 131866 6892 6287 1028 130566 19291 605 9299 5259 4458 118167 74159 44008 8839 5986 68173 1300 4958 35169 4341 12399 375 4066 4796 11994 3813 816 9992
is_linear=0
shrinkage=0.03


Tree=13
num_leaves=31
num_cat=0
split_feature=59 71 4 69 7 38 69 26 46 43 48 49 26 16 14 67 4 49 69 53 45 43 25 70 17 70 33 45 44 25
split_gain=125.363 15.8902 5.79743 5.48962 5.30317 4.92918 4.34625 4.09348 4.07634 4.65886 4.09562 4.06708 3.92123 3.8965 3.73331 3.3446 3.26529 3.20909 3.06372 3.01086 2.98789 2.53648 2.2771 2.18046 2.17402 2.0769 1.99937 1.70079 2.87923 1.38891
threshold=0.85898826408587803 1.9988881638273834 0.39506149335626056 -2.1360657191067025 0.0092476477046607615 1.0805088327520969 1.788957377697374 0.52701680270403817 0.034133759215293408 -0.053124606254679956 -0.024865507282126827 -0.01500162799034349 0.81534127640165643 0.050620328790984222 0.038245371209544528 0.28887471056934516 -0.34331220534689483 0.024747632098001463 0.74117901198051162 0.018457254057282525 0.0058913032852132372 -0.080163433576240492 -0.67872938730447252 1.0558356828664304 -0.12010165506963626 -0.63899086623327905 0.070276099575113757 0.017937755590757574 -0.050410913465199096 -0.69379887470105861
decision_type=8 10 10 8 10 10 10 10 10 10 10 8 10 10 10 10 8 10 8 10 10 10 10 10 2 10 10 10 8 10
left_child=2 6 8 5 18 12 15 22 9 19 17 -12 -3 23 -9 27 -7 -11 -5 21 29 -1 -6 -8 -22 -4 -20 28 -2 -15
right_child=1 3 25 4 7 16 13 14 -10 10 11 -13 -14 20 -16 -17 -18 -19 26 -21 24 -23 -24 -25 -26 -27 -28 -29 -30 -31
leaf_value=-0.022150404886212994 0.015131548920951265 0.02877256363789002 0.022974886360044348 -0.010607349950354731 0.0066478775356508864 0.015531152782783735 0.007103534561009062 0.0070451095720223652 -0.027661153730461699 -0.01772657616880351 0.028854911335842812 -0.010173608481897809 0.014016291936899126 0.024215334283188335 0.01440273222080579 -0.0049908345509282028 -0.003741188684005135 -0.0048354328013015526 -0.002394928761402217 0.011099889804155778 -0.022680224151439714 0 -0.0091053964083596967 0.026635753534245854 0.00087823137323574606 -0.0015418979597168969 0.01339376211566712 -0.0090897935504488866 0.0024676365514685297 0.0046407983069289794
leaf_weight=5.843136439099907 16.376760105020367 34.124767968663946 4.6721753743477166 16.425126019166782 19.517544375965372 15.331317814067006 9.9515798692591506 106.18889966234565 13.402721055550499 130.88110383250751 1.4452176712802611 355.0965820174315 39.52999304048717 4.9422031724825493 169.63216965389438 57.907279872160871 14.363147750496864 21.844308317871764 13.710193777224051 12.275171496323308 3.8204634198336871 15.379011848475786 12.803435154608449 14.268253798596559 12.059867758303877 6.1665072961477545 13.122079383116214 9.3629890386946482 273.93820545420749 9.7778526335023361
leaf_count=1312 523 206 118 572 318 123 208 1869 3340 30541 325 83831 287 101 2165 6510 202 5161 328 2325 125 3563 273 166 484 814 254 441 11315 375
internal_value=-0.000118933 0.00704842 -0.0110788 0.0109126 0.00905939 0.0170378 0.00276416 0.0104368 -0.0115083 -0.0110538 -0.0117654 -0.00992676 0.021187 0.0105612 0.0116166 0.00153434 0.00629324 -0.0159457 -0.000698561 -0.000121296 0.00313448 -0.0069542 0.000231457 0.0193291 -0.00561953 0.00982099 0.00542241 0.00281759 0.0032418 0.0125261
internal_weight=1434.16 867.154 567.006 454.749 351.399 103.349 412.405 308.142 556.167 542.765 509.267 356.542 73.6548 54.8202 275.821 357.585 29.6945 152.725 43.2574 33.4973 30.6004 21.2221 32.321 24.2198 15.8803 10.8387 26.8323 299.678 290.315 14.7201
internal_count=158175 26845 131330 6597 5779 818 20248 4625 130398 127058 119858 84156 493 1459 4034 18789 325 35702 1154 7200 1085 4875 591 374 609 932 582 12279 11838 476
is_linear=0
shrinkage=0.03


Tree=14
num_leaves=31
num_cat=0
split_feature=59 71 69 32 53 44 32 52 52 48 7 10 69 16 43 42 42 54 48 51 9 52 23 67 44 17 38 65 57 53
split_gain=113.468 13.5854 6.44081 6.10829 5.04609 4.43298 4.3973 6.59935 4.37618 5.01326 4.3975 3.73883 3.60119 5.00439 3.49568 3.63942 3.54274 4.41422 3.49125 3.13553 2.95525 4.27315 2.6402 2.63684 2.44387 2.25846 5.07175 2.43346 2.13855 1.73447
threshold=0.86292912896318308 1.762121107196345 -2.1360657191067025 0.28034760572583078 0.019858297474099552 0.074067940574290794 0.11689485219137542 0.7422405514781536 0.60896649527140501 -0.0079094084004419623 0.013806456972601296 2.4008604379846656 1.788957377697374 0.040158075737742334 -0.053124606254679956 -0.015890083658364747 0.024424182527982622 0.56826542617411058 -0.053212192330729428 0.16188524590163936 0.51426334929231576 0.74767666740830763 0.039759736952692533 -0.65721743721915948 0.1557699926064621 -0.13437099009862727 1.556857392158095 0.080881963450163338 0.90179360784418805 0.014360075143227473
decision_type=8 10 8 10 10 10 10 2 2 10 10 10 10 10 10 10 10 10 10 2 10 2 10 10 10 2 8 8 10 10
left_child=3 12 20 4 14 8 7 -7 9 -4 -10 -8 22 -14 15 -1 17 -16 -18 -6 -3 23 25 -22 -5 26 -2 -27 -26 -15
right_child=1 2 5 24 19 6 11 -9 10 -11 -12 -13 13 29 16 -17 18 -19 -20 -21 21 -23 -24 -25 28 27 -28 -29 -30 -31
leaf_value=-0.0071601527879814131 0.0010790990679527999 0.026910253815191527 0.0075800852104069812 -0.0066360161929717694 0.001045877843770018 0.0076315133075623804 0.011267991132111223 -0.018728959950945739 0.007110141103774714 -0.011184968986490261 0.017067904356068399 -0.0069090739880924412 0.021377560332455983 0.0072840171360612797 -0.010057132864035461 0.014517230176897227 -0.021036526371634688 -0.017711592777246335 -0.0026962041307368326 -0.023261102595052995 0.021363966261933879 0.00080826724204366982 -0.0074268398643551762 0.0087995264938202904 -0.0033892178199764369 0.010024304008699169 -0.018341994247504819 0.0019206843603295038 0.024681613158622679 -0.007907086237144716
leaf_weight=20.445765648270029 78.950400705507491 20.155543940141797 127.64189519220963 5.9654051567194974 5.0296038876986122 15.002721488242967 43.346730978228152 17.369025799329393 72.088924732757732 13.225230265641583 99.880820391932502 12.261039249598978 18.998724821489304 16.22059137723409 293.67554753576405 9.3251113762380538 9.8476161474827659 93.333605296560563 75.821323898271658 41.029312989325263 45.864268690347672 19.083193720784038 28.736247124441434 26.835168737452477 2.9979585502296668 43.319411881559063 13.23219514149241 143.6700022436562 6.7259206902235746 10.068527999334036
leaf_count=4886 2874 144 2407 1026 874 311 745 478 1665 270 1382 228 269 556 69768 1634 2246 22244 18492 10180 385 185 4558 237 456 1305 923 7051 128 431
internal_value=-2.41018e-05 0.00679198 0.00990814 -0.0104845 -0.0110166 0.00807999 0.00205856 -0.00655967 0.0097519 0.00573077 0.0129762 0.00715586 0.0022444 0.0100553 -0.0100951 -2.15444e-05 -0.0107219 -0.0119518 -0.00505743 -0.0205772 0.0162981 0.0136704 0.00105701 0.0169492 0.00748478 0.00196438 -0.0018434 0.00385733 0.0162384 0.00127946
internal_weight=1430.15 865.951 512.755 564.197 548.508 400.816 87.9795 32.3717 312.837 140.867 171.97 55.6078 353.196 45.2878 502.449 29.7709 472.678 387.009 85.6689 46.0589 111.938 91.7826 307.908 72.6994 15.6893 279.172 92.1826 186.989 9.72388 26.2891
internal_count=158338 26404 8437 131934 130324 7486 1762 789 5724 2677 3047 973 17967 1256 119270 6520 112750 92012 20738 11054 951 807 16711 622 1610 12153 3797 8356 584 987
is_linear=0
shrinkage=0.03


Tree=15
num_leaves=31
num_cat=0
split_feature=59 71 32 36 30 53 57 67 9 57 37 31 53 44 7 45 45 69 53 60 43 4 23 78 45 6 60 38 16 32
split_gain=104.287 12.1245 9.66292 6.54847 6.77421 5.07442 4.6523 4.37222 4.25205 6.10104 4.13541 3.92118 3.09627 5.91999 2.93421 2.75968 2.85578 2.75858 2.48684 2.47627 2.43011 2.41534 2.41231 2.38783 1.69739 2.43416 1.62945 1.62498 1.80328 1.58398
threshold=0.87066310274021108 2.0887261303619162 0.2995341135814748 -0.23407605539944401 0.6669250384915516 0.019656345392460046 0.96719734942567903 -0.023798827498066239 2.8104613499239823 0.045027076366764097 0.90144932993473836 0.021309214021304149 0.018097691933190219 0.019152812517309829 0.016408356495340125 0.01843872332398748 0.011930488655915996 -2.1360657191067025 0.016186363775167741 0.14436256873561995 0.018318504468765488 0.20539818552186787 -0.18591860877474667 0.3032673237306413 0.0054897911259051699 0.025630258802715907 0.31969845845808736 1.4838472618402385 -0.10141354678630236 0.2995341135814748
decision_type=8 10 8 10 10 10 10 10 10 10 10 10 10 8 10 10 8 10 10 10 8 10 10 10 10 10 8 10 8 10
left_child=2 6 5 4 14 12 7 27 10 -10 11 -5 15 26 20 16 -1 -6 -11 -4 -3 -8 -7 -16 25 -9 -14 28 -2 -23
right_child=1 3 19 8 17 22 21 24 9 18 -12 -13 13 -15 23 -17 -18 -19 -20 -21 -22 29 -24 -25 -26 -27 -28 -29 -30 -31
leaf_value=-0.0095651056855025236 0.0097976190149602505 0.021468904644463157 0.024978432473751914 0.003830221410536874 0.011475475892746282 0.0072431775441429659 0.017717054013053079 -0.0020775971630883848 -0.0037614217330239133 0.022441076964033187 -0.0086720287059881534 0.012081242451460241 0.023843114149870642 -0.012954768237491195 0.032405249743551662 0.0060055571135801435 -0.017963273859622837 -0.0048208282894932905 0.0064987491718706443 0.0014999185144808943 0.0031100815265476781 -0.00062198919296574905 -0.020701520080902043 0.016970551107163896 -0.0065040006372977764 0.01701917323107504 0.0035738955874473951 -0.008531422151743474 0.003127337280591488 0.013488421318350341
leaf_weight=430.14026125898818 44.495708071277477 13.234629100188611 6.8363958394620594 135.77183093188796 27.947517749853432 2.3022418239852405 26.143131273682229 30.370886006625369 12.603814881294964 41.990195447579026 15.074212895706294 86.045483822003007 5.9629976875148687 15.131913575343789 27.66670330427587 8.6283266842365247 41.680038762278855 12.820712032029403 13.108222915790973 9.2452521803788823 13.463446318404751 17.872021123650487 50.529369883821346 21.175686488859355 61.427650012308732 6.4010584825882679 9.0798730915412307 8.1009887552354467 211.66010582342278 10.459432067349551
leaf_count=100764 1251 127 122 2412 270 209 454 2359 187 457 292 1230 1048 3615 213 1616 9900 246 189 1203 180 600 12363 203 5211 239 1963 379 8364 240
internal_value=1.90527e-05 0.00678612 -0.00975374 0.0103763 0.016456 -0.0104163 0.00313843 0.00188446 0.00799869 0.0146322 0.00603673 0.00708421 -0.00945362 -3.01923e-05 0.0217515 -0.0100379 -0.0103498 0.0062861 0.0188852 0.0125344 0.0127657 0.0112435 -0.0193161 0.0262484 -0.00348031 0.00152981 0.012781 0.00389496 0.00433126 0.00476729
internal_weight=1417.37 837.833 579.537 420.902 116.309 563.455 416.931 362.456 304.594 67.7022 236.892 221.817 510.623 30.1748 75.5405 480.449 471.82 40.7682 55.0984 16.0816 26.6981 54.4746 52.8316 48.8424 98.1996 36.7719 15.0429 264.257 256.156 28.3315
internal_count=157906 25103 132803 6006 1239 131478 19097 17803 4767 833 3934 3642 118906 6626 723 112280 110664 516 646 1325 307 1294 12572 416 7809 2598 3011 9994 9615 840
is_linear=0
shrinkage=0.03


Tree=16
num_leaves=31
num_cat=0
split_feature=71 72 69 69 32 53 7 15 50 53 53 53 37 44 54 44 53 44 41 41 53 44 7 52 72 33 64 7 66 0
split_gain=99.6353 11.0122 8.35924 8.54569 7.30496 4.85778 4.25044 3.50012 3.34373 3.36664 3.22155 4.97422 3.1646 2.98658 3.25987 2.82877 2.71699 3.94438 3.06016 4.68284 3.53601 2.68651 2.55249 2.25765 2.20538 2.05387 1.9273 3.46451 2.34867 1.57259
threshold=0.92502986310684865 2.0737793983761557 -2.3446232655665509 1.2915350115504582 0.2995341135814748 0.019656345392460046 0.0094803134017959947 -0.18017811060994868 0.030296922362995641 0.01935745309250168 0.012622810410547271 0.014396641992198747 0.70434302000484983 -0.0076421492621853706 0.48147911187439763 0.14724935955061461 0.01728576884807179 0.024185861372650001 0.0083482291346139732 0.010649598244185212 0.010900370295388781 0.012203981233588792 0.0084320051814746506 0.7422405514781536 -0.97686051448369404 -0.036015996314492461 0.7761350153000689 0.019605101409862883 0.88912811717808482 0.0061218504534946714
decision_type=8 10 8 10 10 10 10 10 10 10 10 10 10 10 10 10 10 10 10 10 10 10 8 2 10 10 10 10 10 10
left_child=4 2 10 15 5 16 29 -7 26 12 -2 -12 -10 25 -15 22 18 21 20 -20 -1 -18 -4 -19 -6 -5 28 -28 -8 -3
right_child=1 6 3 13 24 7 8 -9 9 -11 11 -13 -14 14 -16 -17 17 23 19 -21 -22 -23 -24 -25 -26 -27 27 -29 -30 -31
leaf_value=0.0011173032696201262 0.02490772545172865 -0.0070560955827624573 -0.0042762133721269066 0.0081591069901578682 0.021235074018183218 0.0080437214839521459 0.019422998855806423 -0.021101534798776619 -0.0022823291702622284 0.019890311208441574 -0.0046481596553619997 0.016622085551116376 0.013569011844048883 0.0062691504600281113 0.015871233257787939 -0.019324484006830331 0.00038640707330127804 -0.016792536345818267 0.0052809229177697937 -0.0087387982510611206 -0.012709251404566399 0.024173837074206096 0.0022794423806487231 0.0022457357508950085 -9.3747284267787094e-05 -0.013997718507581587 -0.00099907045861651121 0.016799180421178908 0.005276230102852361 0.0083497001711192939
leaf_weight=17.1399245535722 19.243982568616048 12.689390783547426 62.902371451840736 5.9098110096529126 7.0584285419899961 3.3493669098243108 100.39461995917372 47.94774215912912 31.54947546205949 13.611314207082613 13.928229401353745 29.040928503964096 16.308097965316847 74.366963657317683 60.068798353080638 5.1357357078231862 24.740865245927129 17.813827777514238 24.358924824045971 138.67763416329399 272.22293652873486 4.2454397417604914 320.97488263639389 7.30700502579566 8.893293474451637 7.1936528745572996 16.194628404453397 22.574987963307649 13.476100335596128 9.5437595667317492
leaf_count=3877 191 462 4958 94 119 309 1317 12185 565 223 202 317 215 1478 1182 409 4985 4273 5585 32489 64539 1012 12645 1894 1175 243 270 268 231 286
internal_value=1.26541e-05 0.00662468 0.00443955 0.00320993 -0.00960079 -0.0101794 0.012106 -0.0190238 0.013397 0.00722262 0.0147783 0.00971031 0.00322499 0.00933362 0.0106672 0.000861748 -0.00924208 -0.00274969 -0.0100042 -0.00660643 -0.0118789 0.00466042 0.00118911 -0.011266 0.00986294 -0.00392205 0.0158007 0.00945098 0.0178354 -0.000239159
internal_weight=1408.86 835.108 598.765 536.552 573.755 557.804 236.342 51.2971 214.109 61.4689 62.2131 42.9692 47.8576 147.539 134.436 389.013 506.507 54.1071 452.399 163.037 289.363 28.9863 383.877 25.1208 15.9517 13.1035 152.64 38.7696 113.871 22.2332
internal_count=157998 25556 21719 21009 132442 131148 3837 12494 3089 1003 710 519 780 2997 2660 18012 118654 12164 106490 38074 68416 5997 17603 6167 1294 337 2086 538 1548 748
is_linear=0
shrinkage=0.03


Tree=17
num_leaves=31
num_cat=0
split_feature=59 57 69 71 13 60 7 53 16 38 53 37 35 53 53 78 59 30 60 52 67 46 63 3 17 25 76 21 19 57
split_gain=94.8661 6.98753 9.26673 6.65323 7.87301 5.83537 4.71279 4.25395 4.16068 4.11735 3.36389 3.25389 3.12611 2.97792 3.25553 2.92933 2.85558 2.58906 2.52478 2.20301 2.11799 2.10138 2.09045 2.03654 2.77341 1.91954 1.77383 1.72626 1.71064 1.46421
threshold=0.89379644373673051 0.94397445986550299 -2.3446232655665509 0.40098562023965284 0.3285036359263615 0.94050188118250755 0.0094194857844852545 0.019656345392460046 0.10119256385768129 1.2773409215763476 0.014559210353948337 -0.056077854862299929 0.082685058441627934 0.010900370295388781 0.018097691933190219 -0.80764467220675484 0.98569967864446406 0.66855763757242848 0.172156229942415 0.59420748486516251 -0.97905256852425138 0.0058836300152581992 0.22419017763845353 0.015035189174846366 -0.13437099009862727 -0.10984157951073363 -0.9546355354206536 -0.13335125682068202 0.39355241806438584 0.65887345957862031
decision_type=8 10 8 10 10 10 10 10 10 10 10 10 10 8 10 10 10 10 8 2 10 10 10 10 2 8 8 10 10 8
left_child=3 2 15 4 7 23 29 13 10 -8 11 28 25 21 -15 -2 -14 20 -6 -13 -17 -1 -5 24 -4 -10 -25 -9 -3 -7
right_child=1 8 5 22 18 6 9 27 12 -11 -12 19 16 14 -16 17 -18 -19 -20 -21 -22 -23 -24 26 -26 -27 -28 -29 -30 -31
leaf_value=-0.0057802806849247459 0.020567573074718865 -0.004471931488832708 -0.0023219100358612666 0.0011219966400979851 0.022034309326204177 -0.014042861736860379 0.010567696476707071 0.0025698055239671237 0.0039077402747576566 -0.0035946877614800926 0.023025028191376674 0.0070330164765638487 0.0033575617669091402 -0.010963976131007115 -2.2326713756735017e-05 0.022006517380655226 0.017632044032519691 0.0013047106936201402 -0.0014051541557775476 0.021522401329138768 0.0066192185211705066 0.01340910386224128 -0.0060288352567097591 0.0095829700181637428 0.0052744923281992616 -0.01369994715750923 -0.0043815142900616921 -0.021171100833263286 0.01120798524492634 0.0021155520433008414
leaf_weight=12.420859756297434 38.746238042833284 13.365476068574937 63.65863350930158 68.50375449686544 7.4926986949285466 9.5906052860664222 172.70031618280336 2.4943362728226921 13.770805834792553 19.847744460799731 41.228553921333514 17.182881465414539 26.327334367204458 389.79855244490318 26.699558177031577 16.802519636228681 25.546016180887818 22.613507875707 7.406642100540922 27.772730104858056 18.327120790490881 7.2719208432827136 76.400159454729874 8.1303102870006096 128.27079840138322 7.874081329675394 74.096951649524271 40.8342722869711 9.9924775790423137 8.6795527068898064
leaf_count=2854 262 200 2577 7553 186 452 3365 394 244 562 467 269 707 93808 5855 137 277 305 1124 309 232 1688 12650 399 5023 166 5153 10365 182 355
internal_value=0.000171511 0.00730082 0.00566487 -0.00834737 -0.0100044 0.00394998 0.00769257 -0.0106794 0.0124219 0.00908132 0.0161424 0.0116731 0.00669581 -0.00973255 -0.0102715 0.0141246 0.0106446 0.00947363 0.0108381 0.0163231 0.0144674 0.00146634 -0.00264318 0.00104364 0.00274041 -0.00268732 -0.00286616 -0.0197096 0.00229749 -0.00649942
internal_weight=1403.85 764.525 581.464 639.323 494.419 484.975 210.818 479.519 183.06 192.548 109.542 68.3136 73.5182 436.191 416.498 96.4894 51.8734 57.7431 14.8993 44.9556 35.1296 19.6928 144.904 274.157 191.929 21.6449 82.2273 43.3286 23.358 18.2702
internal_count=158120 21643 18822 136477 116274 17886 4734 114964 2821 3927 1427 960 1394 104205 99663 936 984 674 1310 578 369 4542 20203 13152 7600 410 5552 10759 382 807
is_linear=0
shrinkage=0.03


Tree=18
num_leaves=31
num_cat=0
split_feature=59 59 32 3 69 59 2 53 53 63 52 8 53 52 42 44 53 0 30 50 9 25 34 29 30 60 25 15 45 27
split_gain=92.9764 9.70647 6.58322 6.17826 8.12375 5.78845 5.02777 5.07302 4.05105 3.65265 3.00014 2.8834 2.71033 3.58073 3.18484 3.97964 3.48502 2.69991 2.6266 2.50007 3.2023 2.68455 2.53752 2.47723 2.36826 2.11523 1.96564 1.63038 1.60069 1.56341
threshold=0.8551968087450964 0.99371727059814219 0.2995341135814748 0.045323930346327319 1.2915350115504582 0.95557904627672086 -0.091234900104982183 0.013708592338092036 0.019656345392460046 0.16836741069011338 0.77193064667291489 0.0094014169071678696 0.017635968509871418 0.57588735318928053 0.024424182527982622 0.061421834541732896 0.010900370295388781 0.012889845389455703 0.68684498449397868 0.049195567492122512 3.1253089488867727 -0.54116551632074017 0.011349241559360334 -5.4231497956419323 0.37046943507964797 0.14841379599363005 -0.45086446406701935 0.084167986082931093 0.0097280508722366061 -0.030637612054968729
decision_type=8 10 10 8 10 10 10 10 10 10 2 10 10 2 10 10 10 10 10 10 10 8 8 8 10 8 10 10 10 8
left_child=2 3 8 4 5 11 -6 -8 12 18 -7 -2 14 28 16 -16 -1 -11 26 20 22 27 -5 -10 -22 -4 -3 -21 -14 -23
right_child=1 9 25 19 6 10 7 -9 23 17 -12 -13 13 -15 15 -17 -18 -19 -20 21 24 29 -24 -25 -26 -27 -28 -29 -30 -31
leaf_value=0.0010587383239388677 -0.0022125434192824794 0.012408473516736379 0.019959538406706678 -0.0022657268430968688 -0.0045861662417427309 0.01084406169005501 0.0091571690629285475 0.023742826656988528 0.0038541383997861048 -0.002795461872321305 -0.00048773840908734103 0.0045597244058888341 0.025663454232060894 -0.0089248992327055614 -0.0086019430402384002 0.0061606186235998615 -0.011477302144132397 0.014901512444376765 0.0066054944549709055 -0.0054842210372230095 -0.0028050985898933427 0 0.0052911803044878884 -0.020050953213227266 0.018528015040977414 -0.001075512770037495 0.025084951595455415 0.01620094881302989 0.0034353640951178756 -0.022028314012561438
leaf_weight=20.535486809560098 84.690580881433561 21.037387649528682 7.439025443978605 99.517812785808928 10.278696043882517 155.42280857777223 43.903720430564135 47.281865851953626 3.7151092267595232 15.633470365777614 23.615378213115036 163.98592188075418 3.0855271079926778 22.416358728893101 48.704965351615101 23.466579122818075 348.14630745956674 13.510671554133294 15.799406077712773 6.9604298588819784 5.8410978415049639 3.8820137346629053 65.228765238425694 45.23187248443719 15.840609086793846 8.0644910926930606 41.582390433875844 4.0804693009704351 13.249006372177972 9.8541126474738139
leaf_count=4785 5064 202 115 5828 146 2487 742 614 526 229 431 5926 694 5531 11972 5832 85652 164 205 348 215 184 3403 11852 307 1112 337 131 2614 533
internal_value=0.00038274 0.00659259 -0.00928459 0.00534869 0.00707829 0.00523413 0.014696 0.0169282 -0.00985608 0.0149989 0.00933831 0.00224169 -0.00896887 -0.00123744 -0.00963733 -0.0037423 -0.01077 0.00553118 0.0183658 0.000988069 0.00220092 -0.00775272 0.000722081 -0.0181356 0.0127783 0.00943375 0.0211354 0.00296088 0.00904549 -0.0161843
internal_weight=1392 847.948 544.055 740.384 529.179 427.715 101.464 91.1856 528.551 107.563 179.038 248.677 479.604 38.7509 440.853 72.1715 368.682 29.1441 78.4192 211.205 186.428 24.777 164.747 48.947 21.6817 15.5035 62.6198 11.0409 16.3345 13.7361
internal_count=158181 27496 130685 26359 15410 13908 1502 1356 129458 1137 2918 10990 117080 8839 108241 17804 90437 393 744 10949 9753 1196 9231 12378 522 1227 539 479 3308 717
is_linear=0
shrinkage=0.03


Tree=19
num_leaves=31
num_cat=0
split_feature=59 59 69 32 75 66 53 23 9 3 69 7 27 23 51 43 48 42 42 69 0 42 8 16 30 53 72 53 9 8
split_gain=80.9397 11.0017 6.34806 5.77474 5.30806 5.47135 4.20029 3.86691 3.52527 4.14772 3.42719 3.2801 3.04655 3.00099 2.82674 2.76913 3.3943 4.20266 2.99487 2.6286 2.5227 2.50851 2.43278 2.01367 1.98586 1.84676 1.79788 1.47155 1.33806 1.22676
threshold=0.86292912896318308 0.95557904627672086 1.788957377697374 0.2995341135814748 -1.172196612650936 0.95914193898418276 0.019858297474099552 0.027507131643157549 3.3868714407679774 0.11853334589136878 1.966448070784675 0.013669042429212821 -0.020413522351751364 0.03130088629009687 0.16188524590163936 -0.053124606254679956 -0.066023349413525653 0.024424182527982622 -0.018482152589615549 -2.3446232655665509 0.0091166190914370188 0.0052645766741123987 0.0090031509826765978 -0.10640433498495598 0.4695925984906954 0.020474421087514984 1.5303104879821101 0.013741127444030344 0.68720383953334896 0.011390709229906249
decision_type=8 10 10 10 10 10 10 10 10 8 10 10 10 10 2 10 10 10 10 8 10 8 10 10 8 10 10 10 10 10
left_child=3 2 13 6 5 12 15 26 10 -10 20 -12 19 22 -8 18 -17 -18 -1 -3 -6 -7 27 -24 -14 -5 -4 -2 -27 -9
right_child=1 4 7 25 8 21 14 29 9 -11 11 -13 24 -15 -16 16 17 -19 -20 -21 -22 -23 23 -25 -26 28 -28 -29 -30 -31
leaf_value=-0.0069483009449133803 9.8639859127295837e-05 0.019651018687555567 0.01083866751952841 -0.0036069312362535942 -0.0037746161762941704 -0.015618354194865233 0.0022631300977290201 0.01134820643237084 0.026461320568438567 0.0027694933590325902 0.0012757129897777676 0.014748892714277912 0.012450115830242392 -0.0073925350903369727 -0.021040331065148944 -0.017320810557847281 -0.009697927045323896 -0.0017886540293885534 0.012120911732818195 0.011992241263217351 0.0058514643004851296 0.0056513090784150854 0.0090437727779903183 0.0018046356423809667 -0.0035775489994825473 0.024316322236071965 0.025170867830152287 -0.007845660084527353 0.0014638712493304769 -0.0038354889323717256
leaf_weight=18.408809083164673 74.115054599242285 64.478090565651655 25.904982021078467 6.4468767464859438 59.800402485067025 7.7102213697507977 4.8449703898513681 5.7322125172941041 13.451063113287089 13.384786425158383 29.880218863487244 36.702163308858871 11.107852875022219 36.693906751170289 38.681992452591658 42.067906034761108 339.02647841966245 75.345538891386241 10.980479115853084 146.35336535191163 40.026568526634946 10.579920417862015 45.784529316937551 141.87706808710936 15.165445911465211 5.6501123618800175 13.992784250527619 27.87080566061195 4.1890589811373502 15.444187938817775
leaf_count=4557 4269 457 337 839 1493 185 884 208 107 211 548 393 168 5528 10189 10337 83814 18960 1957 2114 872 206 1353 4868 254 105 128 1950 357 749
internal_value=0.000100473 0.00596603 0.00224378 -0.00887596 0.00916151 0.0120093 -0.00942276 0.0110404 0.00533995 0.0152764 0.00363795 0.00885526 0.0132283 0.000559645 -0.0183865 -0.00857739 -0.0091511 -0.00827477 0.000242062 0.0144304 7.50525e-05 -0.00350426 0.00159936 0.00362527 0.00329669 0.00824029 0.0164311 -0.00209836 0.0158963 0.000465677
internal_weight=1381.7 836.056 387.416 545.642 448.64 255.395 529.356 61.0742 193.245 26.8358 166.409 66.5824 237.105 326.341 43.527 485.829 456.44 414.372 29.3893 210.831 99.827 18.2901 289.647 187.662 26.2733 16.286 39.8978 101.986 9.83917 21.1764
internal_count=158397 26398 19390 131999 7008 3384 130698 1422 3624 318 3306 941 2993 17968 11073 119625 113111 102774 6514 2571 2365 391 12440 6221 422 1301 465 6219 462 957
is_linear=0
shrinkage=0.03


Tree=20
num_leaves=31
num_cat=0
split_feature=59 8 59 69 69 68 43 44 53 57 16 33 17 53 53 43 43 31 47 59 10 3 41 16 48 69 64 69 64 49
split_gain=75.7545 6.85705 6.44233 6.29662 7.28917 4.65919 4.73556 4.46905 4.75658 4.30668 3.86267 3.80054 2.96573 2.87489 2.87469 2.45397 2.43035 2.36985 2.33585 2.09439 2.03256 1.81292 1.73304 1.47881 1.43433 1.36636 1.33291 1.25463 1.12683 1.16726
threshold=0.90179360784418805 0.0084183687438222476 0.72973101539526042 -2.6569084186387646 1.2915350115504582 -0.87926991998665194 0.047050343089792508 0.1557699926064621 0.019656345392460046 0.9095668413226653 0.078628637743002452 -0.10467512797499123 -0.08672886255323102 0.013397260249336948 0.010900370295388781 -0.0062752558754549095 -0.053124606254679956 -0.061380236714785201 -0.0097054253522175209 0.97481634163099218 1.1309932519503068 -0.089497617735482468 -0.033876741167031647 0.0017874091111244053 -0.016604066911281964 -0.073927559023330605 0.38405187228454851 4.0367598014921997 0.44783942384635911 0.021695495621608666
decision_type=8 10 10 8 10 8 10 10 10 10 10 10 2 10 10 8 10 10 10 8 8 10 10 8 10 8 10 8 8 10
left_child=2 13 7 18 5 11 -7 8 14 -9 17 -5 -12 20 15 -1 -16 -6 -3 -15 26 -4 -10 -22 -24 -25 -2 -23 -21 -30
right_child=1 3 21 4 10 6 -8 9 22 -11 12 -13 -14 19 16 -17 -18 -19 -20 28 23 27 24 25 -26 -27 -28 -29 29 -31
leaf_value=0.012908576224877394 -0.01752761178036253 0.023336976064812522 0.0039568788784455277 -0.0018883991458137266 0.0041082602831213465 0.0031393467516317784 -0.011145263215730611 -0.0074662742112850712 -0.00016127914045112364 0.022267699160236555 -0.0028501986306116601 0.010035427541003585 0.010256646979947201 -0.00086756508297983952 -0.00018847483646237229 -0.0076679940511637555 -0.010047947397433168 0.01838804441260989 0.0090241854331622167 0.0029448155113810954 0.011842371509938426 -0.0045763577899325817 -0.026506737005925901 -0.016178496042869611 -0.010571380797795885 0.0035764180323756135 0 0.0075966694718509536 -0.027270464632203829 -0.005898606679187731
leaf_weight=9.1437249203445372 4.9820711159263764 30.610679152654484 29.92525194096379 27.784866436733864 13.493316740961744 177.83966839278582 22.607260162942111 8.8163742825854552 3.8193939896300426 6.9199311188422135 19.261345996172167 150.16983006941155 66.630578864482231 18.843587556155398 24.667057974380441 9.6530543433036673 367.53938122757245 77.573884317884222 19.294187099672854 1.8215622652787686 20.783795915078372 148.9948262333055 23.36617885180749 2.4371937206014991 9.8374161947285739 34.23081525915768 11.156059467466546 6.9675675530452272 6.5941992993466556 4.8887688093818724
leaf_count=2159 206 237 3092 671 255 6449 1012 2087 859 226 379 3108 1319 697 5487 2195 89860 836 184 48 676 22341 5930 116 2571 2524 333 837 600 654
internal_value=-2.06701e-05 0.00673899 -0.00742231 0.00796869 0.00701758 0.00463368 0.00146605 -0.00931399 -0.00986994 0.00597903 0.0120436 0.00815679 0.00728392 -0.000280656 -0.00888743 0.00233641 -0.00943754 0.0163724 0.0181483 -0.00765472 0.00295995 -0.00266222 -0.0201776 0.00561768 -0.0223203 0.00178909 -0.00610221 -0.00396849 -0.0163252 -0.0196134
internal_weight=1360.65 711.004 649.65 605.266 555.361 378.402 200.447 463.763 448.026 15.7363 176.959 177.955 85.8919 105.738 411.003 18.7968 392.206 91.0672 49.9049 32.1481 73.5899 185.888 37.023 57.4518 33.2036 36.668 16.1381 155.962 13.3045 11.483
internal_count=157948 20304 137644 14450 14029 11240 7461 111374 109061 2313 2789 3779 1698 5854 99701 4354 95347 1091 421 1999 3855 26270 9360 3316 8501 2640 539 23178 1302 1254
is_linear=0
shrinkage=0.03


Tree=21
num_leaves=31
num_cat=0
split_feature=59 69 69 32 29 10 43 50 28 42 42 44 49 43 26 48 32 50 54 43 73 51 32 60 6 10 30 51 28 17
split_gain=70.4214 9.2675 6.93478 5.29171 4.51685 4.48758 6.12551 3.41066 3.043 3.00517 3.22346 5.22262 3.99253 3.77704 2.86667 3.6244 2.70674 2.59892 2.56999 2.50385 2.36615 2.27295 2.24748 2.18976 2.18517 2.04258 1.99441 1.71434 1.48551 1.4146
threshold=0.85898826408587803 -2.3446232655665509 1.2915350115504582 0.2995341135814748 2.0093811384430844 2.0347928836060496 0.047820791633721112 0.0066357148539138997 -0.1740113512701901 0.055434110044205183 0.024424182527982622 0.057719583043885588 0.017568545295339914 0.031550245551659202 1.0224802160892859 -0.002088223491738261 0.2254793195320737 0.04635633862584277 0.37375366722601772 0.052913381553721169 -0.72824220984577182 0.6479607137501876 -0.14238275198891001 0.172156229942415 0.033475437455423071 1.3395386211863287 0.54817547146741685 0.92042679542679551 -0.035526561768527747 -0.063466797682881007
decision_type=8 8 10 8 10 10 10 10 8 10 10 10 10 10 10 10 10 10 10 10 10 2 10 8 10 10 10 2 10 2
left_child=3 7 5 9 14 8 18 22 21 10 12 27 17 -13 16 -16 -4 -1 -7 -14 24 -3 -2 -5 -9 28 -27 -12 -6 -10
right_child=1 2 4 23 25 6 -8 20 29 -11 11 13 19 -15 15 -17 -18 -19 -20 -21 -22 -23 -24 -25 -26 26 -28 -29 -30 -31
leaf_value=-0.0077549009415747291 0.026756405602301688 0.0014926452503929816 0.020644286530353381 0.019465446698842356 -0.011894989817772957 -0.002839648010302117 -0.014687631810092833 0.0045862299659340548 -0.0034853443374110666 -0.02138848035531702 -0.010525536119672255 0.021198189085033608 -0.021194927749407014 -0.00017668827175618181 -0.0022240161729520759 0.018810067592369206 0.009618366814218772 -0.023320794248735056 0.011310121068556623 -0.0024381012166727325 0.0015643172312545042 0.0096784900128626273 0.011169024722405706 -0.0021916758644011138 0.021735562928397019 0.0097349020093461733 -0.0053352427847968278 0.008844361014451815 0.0019283900276333701 0.0010176667294203596
leaf_weight=367.0458427289268 25.402460674755275 73.166570484638214 48.232118717161939 7.4305258227977875 8.2797445867909101 12.267714741872622 9.0920311578083766 12.876265967497604 97.134626080980524 15.836724281776695 45.621326449792832 9.5409775864100066 36.011037748656236 24.316661553340964 21.122807148261931 10.028838255675508 41.538862037588842 9.4208970861509425 100.3467054234352 8.5366429435089213 22.62119904870633 53.290132182766683 16.743902740068734 7.5796061977744111 16.205230517312884 51.140609695808962 8.3830315783852694 3.5909925049636504 26.862036817590706 172.0761194244842
leaf_count=91533 188 2306 601 133 243 312 287 230 4962 3952 11347 2586 8796 6099 378 111 505 2398 2264 2310 259 1437 199 1119 115 1195 193 961 881 10227
internal_value=0.000329906 0.00581703 0.00466132 -0.00814064 0.00917704 0.00275977 0.00777742 0.0146672 0.00119307 -0.00865414 -0.00820658 -0.00271362 -0.00927428 0.00619596 0.0130145 0.00482873 0.0157376 -0.00821313 0.00973088 -0.0177989 0.00911825 0.00501465 0.0210358 0.00888814 0.014647 0.00415897 0.00750984 -0.00890439 -0.00148453 -0.00060286
internal_weight=1361.74 826.811 732.962 534.931 215.588 517.374 121.706 93.8491 395.667 519.921 504.084 83.07 421.014 33.8576 120.923 31.1516 89.771 376.467 112.614 44.5477 51.7027 126.457 42.1464 15.0101 29.0815 94.6654 59.5236 49.2123 35.1418 269.211
internal_count=158127 26893 25902 131234 4107 21795 2863 991 18932 129982 126030 20993 105037 8685 1595 489 1106 93931 2576 11106 604 3743 387 1252 345 2512 1388 12308 1124 15189
is_linear=0
shrinkage=0.03


Tree=22
num_leaves=31
num_cat=0
split_feature=70 6 69 6 36 30 44 65 7 9 16 69 48 44 53 19 44 43 48 72 35 43 52 6 32 43 4 6 14 44
split_gain=50.1849 9.37057 5.58789 4.94191 4.93664 7.24168 5.57977 4.72712 4.40334 4.67927 4.39113 3.72125 3.62973 3.37068 3.11592 3.07119 3.31203 2.85094 3.74579 2.51239 2.50711 2.35527 2.2741 2.21354 2.09219 2.07073 1.90244 1.77579 1.77063 1.7275
threshold=0.39692768389050043 0.030498608767105178 2.2046456638681273 0.018610232347499884 -0.26493132846187639 0.67919032911724908 0.077840328853798116 0.82419748330765297 0.034777503507402281 2.2462601214650788 0.047427164680640573 -2.3446232655665509 -0.080661643082043474 0.077141816382879549 0.010989558943293544 -1.2126731207012171 0.040297305603458795 -0.053124606254679956 -0.066023349413525653 2.0737793983761557 -0.11785612768071434 -0.0062752558754549095 0.6513878278584162 0.023345203361527588 0.2995341135814748 -0.00048110227318515214 0.31403964677334401 0.027391146292134155 -0.39106255387995531 -0.097151723167054158
decision_type=10 10 10 8 10 10 10 10 10 10 10 8 8 10 10 10 10 10 10 10 10 8 2 10 10 10 10 10 8 8
left_child=3 2 7 14 5 6 -3 11 15 -10 -4 20 26 -13 21 16 -6 29 -19 -17 -2 -1 -7 -12 28 -20 -5 -25 -14 -16
right_child=1 4 10 12 8 22 -8 -9 9 -11 23 13 24 -15 17 19 -18 18 25 -21 -22 -23 -24 27 -26 -27 -28 -29 -30 -31
leaf_value=0.012228796182774721 -8.6202046671027556e-05 0.024674951422988728 0.021028730969279645 -0.014895840227089721 0.0061951242446614844 -0.0099797304925842885 0.0029299637457056381 -0.0073830693771498885 0.0025497265453514168 -0.029821014953570018 -0.0066098764260162585 0.0025335142497982881 0.022338593915171602 -0.0069134769058173378 -0.019711600496932141 0.0032512703902395613 0.02483097708889925 -0.01918367160295632 -0.013243051094139913 0.010400494391293636 0.019705802700143941 -0.0060248658112041931 0.0090222870848107508 0.016013382698191525 0.0093190886104234909 -0.0072700420166552978 0.006337763875878707 -0.00077487407672714303 -0.0022916929420716066 0.0046494680259840269
leaf_weight=10.339896468329242 8.1540815352927911 50.47151454037521 22.391359102213755 25.628509425674569 18.487321781460196 10.079749794444071 14.159366064704953 52.250055327138398 12.165589737123812 4.8067655139602712 11.133385241962968 260.04179715062492 1.6619426028337327 37.989979929639958 1.9941234432626513 111.40143763145898 17.728929276810959 33.954515442950651 70.451118062774185 76.049143215408549 16.380531912203878 13.367970189778136 10.592109858756883 12.748824413749391 15.806248623528516 252.83674452581909 3.6418367249425492 8.9441513585625199 144.73101964517264 19.255001290002841
leaf_count=2300 178 507 318 5652 286 182 313 6748 554 123 668 17611 22 3522 424 3345 281 8285 17135 1130 277 2881 174 304 808 62316 246 190 16817 4334
internal_value=2.3641e-05 0.00514941 0.00222374 -0.00649613 0.00898164 0.0151964 0.020074 0.000889679 0.00671243 -0.00760028 0.011049 0.00225767 -0.00248934 0.00130019 -0.00838525 0.00784086 0.0158206 -0.00904641 -0.00968113 0.00620745 0.0132647 0.00198755 -0.000137763 0.00373258 -0.00068559 -0.00861776 -0.0120327 0.00923016 -0.00184206 0.00144527
internal_weight=1349.65 755.976 430.034 593.669 325.942 85.3027 64.6309 374.816 240.639 16.9724 55.2177 322.566 191.47 298.032 402.199 223.667 36.2163 378.492 357.242 187.451 24.5346 23.7079 20.6719 32.8264 162.199 323.288 29.2703 21.693 146.393 21.2491
internal_count=157931 36711 29816 121220 6895 1176 820 28336 5719 677 1480 21588 23545 21133 97675 5042 567 92494 87736 4475 455 5181 356 1162 17647 79451 5898 494 16839 4758
is_linear=0
shrinkage=0.03


Tree=23
num_leaves=31
num_cat=0
split_feature=71 59 32 57 69 53 21 21 72 5 43 1 78 53 53 42 52 17 30 17 5 20 43 9 7 45 54 43 28 50
split_gain=58.8705 8.27258 6.09331 5.36616 4.53651 3.83333 3.51047 3.44168 3.20242 3.42003 3.52103 2.81634 2.48479 2.33101 2.76481 3.62141 3.55057 2.24504 2.1955 2.01526 2.00549 2.22417 1.9646 1.834 1.73533 1.49405 1.27386 1.70976 1.21754 1.17566
threshold=0.92502986310684865 0.95937565144882231 0.2995341135814748 0.96719734942567903 -2.6569084186387646 0.019858297474099552 0.027819914863383536 0.00099586128834938691 2.0737793983761557 0.023820162671039938 0.047820791633721112 -0.12604599264395203 -0.71949870670977001 0.010989558943293544 0.016926753424887551 0.017294894173962575 0.57588735318928053 -0.70692734424362602 0.57987877179920677 0.40632684973942146 0.019324501497016783 -0.045506844224147906 0.003487583473110845 0.59978118532949332 0.03112884456558903 0.0053649433499116618 0.43507809265933584 0.0016196113343674992 -0.20405698532486236 0.00439898766668645
decision_type=8 10 10 10 8 10 10 8 10 10 10 10 10 10 10 10 2 2 10 2 10 10 10 8 10 10 10 10 8 10
left_child=2 3 5 7 12 13 18 20 17 25 -11 -7 -3 22 15 -15 -16 28 -5 -19 21 -2 29 -4 -22 -10 27 -13 -6 -1
right_child=1 4 23 6 8 11 -8 -9 9 10 -12 26 -14 14 16 -17 -18 19 -20 -21 24 -23 -24 -25 -26 -27 -28 -29 -30 -31
leaf_value=0.001186948302895826 -0.016498758205181267 0.024136775448185994 0.019750521641102671 0.024125318195113619 0.0025389049222204543 0.0073401852485660661 0.00098144765472622472 -0.0034931224274733844 0.0057261950801554854 0.01420247895331133 -0.00080355496663696269 -0.020550338042417453 0.010121485524674628 -0.010452352222377698 0.0069456192403842074 -0.0039860256543533812 -0.0069674748120904456 0.0068632491539838371 0.0083263018804158942 -0.0016235162958586392 0.005710625748225443 0.00057438806627148429 -0.0085487207288885026 0.00031181806365158845 -0.0066348415517160251 -0.0091824295531478528 -0.020434429395249767 0.013785921721655051 -0.0129982334477794 0.017979721811151792
leaf_weight=10.201201835880058 6.6340972121106452 22.769905000925064 7.6343064741231501 16.858904770808294 7.6172796059399843 3.3789646634832016 21.906413835589774 111.16626683727372 14.464489795267584 111.86292911181226 15.530540421605108 1.2510895995656022 29.05820432305336 280.75767162826378 24.372169589565601 112.59441300819162 45.907734354375862 157.20022535522003 18.598192259436473 28.897311051143333 144.00151497998741 65.489877373562194 9.4665596182458085 9.5597894820384699 9.984090135782024 8.933677811175583 36.044700065162033 2.0949240736663342 8.5610581948421913 5.5280508347786954
leaf_count=2311 358 125 214 159 145 406 872 9718 244 1333 257 302 274 69721 5359 27886 11463 3003 229 639 4300 3237 2251 1093 432 191 9750 666 179 1298
internal_value=0.000179384 0.00537252 -0.00737706 0.00226245 0.00838339 -0.00795286 0.0106661 0.00079698 0.00711395 0.0104353 0.0123577 -0.016574 0.016676 -0.00716013 -0.00764352 -0.00862382 -0.00207075 0.00458407 0.0163763 0.00552775 0.0029255 -0.00115916 0.00157247 0.0097188 0.00485317 0 -0.0188306 -0.000136739 -0.00578626 0.00799006
internal_weight=1348.33 799.535 548.792 394.639 404.896 531.597 57.3635 337.276 353.068 150.792 127.393 42.7697 51.8281 488.828 463.632 393.352 70.2799 202.276 35.4571 186.098 226.11 72.124 25.1958 17.1941 153.986 23.3982 39.3907 3.34601 16.1783 15.7293
internal_count=158415 25695 132720 19305 6390 131413 1260 18045 5991 2025 1590 11124 399 120289 114429 97607 16822 3966 388 3642 8327 3595 5860 1307 4732 435 10718 968 324 3609
is_linear=0
shrinkage=0.03


Tree=24
num_leaves=31
num_cat=0
split_feature=59 59 36 57 3 44 14 30 24 18 54 8 43 43 47 44 46 46 46 44 59 41 34 57 23 0 25 17 78 3
split_gain=55.6726 5.6418 5.25028 6.73957 5.20674 4.65746 5.52039 3.63739 3.41911 3.33002 2.86745 2.84388 2.88634 2.61068 2.30254 2.28899 2.24064 3.75942 2.23807 2.21402 2.19315 2.04943 1.72506 1.65809 1.60106 1.4033 1.77721 1.38446 2.14881 1.78465
threshold=0.89379644373673051 0.74528293594110551 -0.31802785211507395 0.94397445986550299 0.036556895885416114 0.16428366975657974 0.24998206043859375 0.6634850185469362 0.31576210042544617 61.871062179990567 0.56051988495789973 0.0088654898669384505 -0.053124606254679956 0.0093533666744997097 -0.013118329399512295 0.11987758590221288 0.0087237783845299944 0.0095316198268267146 0.0077292891755586313 0.077141816382879549 0.99371727059814219 0.008445134797109401 0.0022785738684152697 0.66700473292765394 0.021612946713400309 -0.026917480996676121 -0.21340787541271947 -0.025195295310890872 -1.1204541402174584 -0.01032218281142344
decision_type=10 8 10 10 10 10 10 10 10 8 10 10 10 10 10 10 10 10 10 10 10 10 8 8 10 10 10 2 10 10
left_child=1 5 7 9 8 10 -7 14 18 11 15 23 -13 22 -2 19 -12 -18 -5 -1 -15 -9 -6 -4 27 -11 -27 28 29 -3
right_child=2 24 3 4 13 6 -8 21 -10 25 16 12 -14 20 -16 -17 17 -19 -20 -21 -22 -23 -24 -25 -26 26 -28 -29 -30 -31
leaf_value=-0.0070774838229806835 0.025292015749123223 -0.014622703427992871 -0.0041014992209422989 0.012306371889834534 -0.016061072294874391 -0.0084479466781331829 0.025523438297847249 -0.001527585469687781 0.0030424505906302261 0.010924201700069606 -0.017556010497167877 -0.0040808914987632908 0.0070663791060700323 0.0046697412981522432 0.011037180853864906 -0.0188366963379238 0.0079276934124383313 -0.010773660115593442 0.023873028303526281 -0.00045579337098516904 0.017486224156334749 0.014201073164650363 0.0014693456279548953 0.0070865560813118096 -0.0064478853912114534 0.00085487465343927821 -0.0077674607316403728 0.0025078124195666344 0.00061498472020099211 0.0011302682304299963
leaf_weight=223.21590807510074 24.885221865028143 18.783687193528753 43.649274401715957 35.698745684465393 5.9130782054271549 7.9714399550575745 7.3302410198375583 17.050746849272404 17.093282117508352 6.3943826382746911 41.353116249432787 21.851393153541721 245.30772482627071 47.751966988900676 23.025112726725638 11.999571549007667 9.7454267007997242 104.71970780007541 35.740684433607385 58.414218579418957 16.194106189534068 11.643149728886781 17.372864112257961 15.184084204374811 46.539102431212086 51.617790149641223 35.055895144469105 82.936657539277803 51.069209222856443 8.9155001947656256
leaf_count=55622 246 2013 1509 392 179 1833 166 281 246 146 10235 694 6225 1084 286 2882 2501 26368 339 14489 157 152 411 481 10185 2061 1583 8327 6510 937
internal_value=0.000353017 -0.00573811 0.00646225 0.00548412 0.0104097 -0.00757566 0.00820935 0.0138502 0.0155227 0.00339119 -0.00813676 0.0048191 0.00613162 0.0050694 0.0188684 -0.00632942 -0.0114614 -0.0091006 0.0183842 -0.00572113 0.00818093 0.00501693 -0.00333672 -0.0010937 -0.00160622 -0.00157655 -0.0026471 -0.000163269 -0.00300949 -0.00958507
internal_weight=1344.42 672.994 671.43 594.825 175.765 464.75 15.3017 76.6042 88.5327 419.061 449.448 325.992 267.159 87.232 47.9103 293.63 155.818 114.465 71.4394 281.63 63.9461 28.6939 23.2859 58.8334 208.244 93.0681 86.6737 161.705 78.7684 27.6992
internal_count=158540 142068 16472 15507 2808 114096 1999 965 977 12699 112097 8909 6919 1831 532 72993 39104 28869 731 70111 1241 433 590 1990 27972 3790 3644 17787 9460 2950
is_linear=0
shrinkage=0.03


Tree=25
num_leaves=31
num_cat=0
split_feature=59 71 69 69 55 32 53 38 5 45 32 64 53 44 49 53 31 18 27 30 32 24 53 23 53 49 47 10 45 66
split_gain=46.1133 4.64832 4.56829 6.24148 5.33174 4.40088 3.91887 3.86887 3.42302 3.37962 3.21176 2.75702 2.48469 3.61488 2.53911 2.41993 3.51584 1.98781 2.25697 2.17528 1.82016 1.74868 1.69635 1.60519 1.54002 1.43883 2.66298 1.21663 1.30501 1.08885
threshold=0.89016505466778817 0.4152036863211413 -2.3446232655665509 1.788957377697374 0.70637424090174339 0.2995341135814748 0.019858297474099552 1.2838507762466802 0.026569326035926915 0.017937755590757574 0.21794918464609817 0.36825459399890698 0.017635968509871418 0.043656292209295906 -0.010866855403496132 0.012622810410547271 0.021309214021304149 66.987078419775898 -0.052066710686110289 0.44809348550509137 0.25377911881932386 -0.72157720405085668 0.014884105562848001 -0.045821021022622026 0.020474421087514984 0.017644467003675283 -0.035988012215656 0.60805617171744752 0.0093197598497616486 0.96308356125624839
decision_type=10 8 8 10 10 10 10 10 10 10 10 10 10 10 10 10 10 8 10 10 10 10 10 10 10 10 8 10 10 10
left_child=1 5 15 7 10 6 12 8 20 -10 11 -5 14 -14 -1 -2 -17 18 -6 -19 -4 -12 -18 29 -7 26 -8 -9 -29 -3
right_child=2 23 3 4 17 24 25 27 9 -11 21 -13 13 -15 -16 16 22 19 -20 -21 -22 -23 -24 -25 -26 -27 -28 28 -30 -31
leaf_value=-0.013765694290693936 0.019990196581810567 0.0025087764905071222 -8.8008861732160199e-05 0.027609420032558028 0.0077455215374798341 -0.0048382252010583269 -0.014992189846735428 0.0064328730426008712 0.0076824749144243643 -0.010490804889399765 0.015939726340130758 0.01140098278900813 0.0091881199479607913 -0.0088630117928600281 -0.0066775411204687473 -0.00066406922624920903 0.005111786138862531 0.0026048378374967751 -0.0076023708076280415 0.016874811123352845 0.0089441002180850795 0.0031195591155840936 0.018088950775722795 -0.0040466071286555756 0.01625736867761755 -0.023618649252972343 0.013325981697140721 -0.011934324853998451 -0.001679410471332348 -0.012853638566145515
leaf_weight=54.657937860582024 23.253969905897975 71.517328073037788 183.39519402058795 22.355344515293837 12.841727946302852 3.7928045578300944 16.428802384529263 6.1367260115221134 160.31583785742987 8.7821190843824279 15.324110213667153 21.32365956902504 19.277255830238573 18.651726808631793 327.37905561295338 23.91101203719154 16.149681767448783 28.2624798247125 21.650915888370946 14.489775450900195 21.46435310668312 26.606680540367961 26.697950338944793 108.36082214629278 8.5101521199103427 17.539685019524768 2.6859414565842625 22.160084412898868 23.830742544494569 3.370612015714868
leaf_count=13802 223 6715 6929 161 225 519 4454 244 3679 330 154 208 4164 4935 82793 267 195 630 529 252 631 317 264 17061 330 4576 839 960 898 415
internal_value=-0.000109422 -0.00580433 0.00535694 0.00437243 0.00935758 -0.00738724 -0.00787303 0.00244257 0.00351607 0.00666488 0.0144864 0.020196 -0.00700721 0.000234693 -0.00773276 0.0116466 0.00844394 0.00352255 -0.00174654 0.00778499 0.000882616 0.00813688 0.0134943 -0.00171935 0.0096536 -0.0172638 -0.0103992 -0.00512336 -0.00683327 0.00161754
internal_weight=1331.12 652.172 678.952 588.94 162.855 468.923 456.62 426.085 373.958 169.098 85.6098 43.679 419.966 37.929 382.037 90.0126 66.7586 77.2449 34.4926 42.7523 204.86 41.9308 42.8476 183.249 12.303 36.6544 19.1147 52.1276 45.9908 74.8879
internal_count=157699 140603 17096 16147 2476 116412 115563 13671 11569 4009 840 369 105694 9099 96595 949 726 1636 754 882 7560 471 459 24191 849 9869 5293 2102 1858 7130
is_linear=0
shrinkage=0.03


Tree=26
num_leaves=31
num_cat=0
split_feature=59 7 14 57 36 30 63 46 13 53 38 54 57 43 67 44 53 72 53 53 40 6 0 41 9 41 43 45 44 0
split_gain=45.9115 6.35867 5.88976 4.51942 4.4649 7.53127 4.37156 4.02437 3.22111 4.20068 3.13146 3.05285 2.78442 3.15313 3.02835 2.68719 2.65982 3.63099 2.21751 2.24819 2.09007 2.02293 1.82362 1.73349 1.54352 1.52874 1.43278 1.38528 1.30386 1.19635
threshold=0.90179360784418805 0.011961857633773986 -0.35275345043080281 0.94397445986550299 -0.26493132846187639 0.66855763757242848 0.23632527809743001 0.0045607667144013436 0.3285036359263615 0.019858297474099552 1.296877753765499 0.66790729425308604 0.93262013729977122 0.011955602360510411 -0.016216731991534727 0.077840328853798116 0.016655146278439562 1.6665578237108389 0.010989558943293544 0.017635968509871418 -0.0014824301081952929 0.019910714199847985 0.0039649941862055513 0.014572130336414026 0.59177413745125695 0.003797899272415806 0.003487583473110845 0.0056004574279897622 0.16428366975657974 -0.034281992027007595
decision_type=8 10 8 10 10 10 10 10 8 10 10 10 10 10 10 10 10 10 8 10 8 10 10 10 8 8 10 10 10 10
left_child=6 2 -2 4 5 15 21 -5 9 18 11 -6 20 -14 -15 -3 23 -18 26 -20 25 -1 -7 -9 28 -4 -8 -22 -10 -12
right_child=1 3 12 7 10 22 8 16 24 -11 29 -13 13 14 -16 -17 17 -19 19 -21 27 -23 -24 -25 -26 -27 -28 -29 -30 -31
leaf_value=-0.0041354897895754267 0.025367999881502745 0.020207105361346532 0.013859032766258389 -0.002687473571661032 0.0057915009451313523 0.0054660154537487403 0.0083476646478408811 0.020705770081719498 0 -0.017802340260740814 0.0066774158838727449 -0.0081481575886589858 -0.0038036770265231492 0.022884322837766608 0.0048327506859724085 0.0042691155901525505 -0.0014800880958518821 0.018704617851138958 -0.0081264559508657484 -0.00022157184242515369 -0.00070764168477299477 0.0027849602007478068 -0.0072155710675926047 0.0078560781793377745 -0.0020980607515582407 0 -0.0065849503290370832 -0.0070167340986055961 0.023320103941176611 -0.0075271020924236468
leaf_weight=95.428496400942095 7.7962742240633816 51.759230643510818 10.646963800536467 12.859360776375977 195.30253478523809 27.00402380968444 13.102937680669131 52.934877578052692 3.6046021378133446 34.406656861770898 5.5115872512105843 14.202808812260626 19.957821403746493 11.572766363620756 29.219007263774984 12.997538003604857 18.348158481414433 12.748716442147268 357.97205636056606 36.51412659091875 75.491615283885039 61.386881209327839 14.990948678343555 14.535118288360534 13.681734816811515 18.306367402081381 8.6943270685151202 54.367227125796489 4.2166323463898152 27.7854370882269
leaf_count=21118 67 726 335 138 4563 555 2906 575 336 9147 157 524 561 114 719 239 299 143 85849 8294 4230 6478 361 168 1837 641 1854 4080 75 1038
internal_value=6.98007e-05 0.00542206 0.00129258 0.00744505 0.00572344 0.0108263 -0.00578185 0.0127202 -0.00722238 -0.0077662 0.00343237 0.00479803 0.000312965 0.00573353 0.0104509 0.0171673 0.0147673 0.00702646 -0.00688883 -0.00740477 -0.00176467 -0.00140692 0.000806759 0.0181365 0.00388094 0.00536202 0.00223228 -0.00340539 0.0137323 -0.00496225
internal_weight=1317.35 688.338 227.358 460.98 349.554 106.752 629.008 111.426 472.193 450.69 242.802 209.505 219.562 60.7496 40.7918 64.7568 98.5669 31.0969 416.283 394.486 158.812 156.815 41.995 67.47 21.503 28.9533 21.7973 129.859 7.82123 33.297
internal_count=158127 20233 10747 9486 8163 1881 137894 1323 110298 108050 6282 5087 10680 1394 833 965 1185 442 98903 94143 9286 27596 916 743 2248 976 4760 8310 411 1195
is_linear=0
shrinkage=0.03


Tree=27
num_leaves=31
num_cat=0
split_feature=59 36 69 57 32 30 55 18 59 44 10 46 46 46 72 45 44 44 45 17 46 41 72 64 41 14 68 3 49 41
split_gain=43.6589 8.68518 6.27677 4.53243 4.38603 4.1359 3.89925 3.67296 3.59503 3.2921 2.86863 2.27261 5.41281 5.24738 3.16566 2.23615 2.09695 2.15614 2.03611 1.99759 1.94689 1.94634 1.94039 1.77709 1.29683 1.29288 1.16292 1.04901 0.717487 0.580811
threshold=0.89016505466778817 -0.31802785211507395 1.2915350115504582 0.0085745007398149112 0.2995341135814748 0.66855763757242848 0.69849768112337729 62.670734120808085 0.5914195923273402 0.071648708741143943 2.087686288015417 0.0099375364885104286 0.0090042221378546488 0.0076388682106252152 -0.77556405614717983 0.0059565674559729073 -0.0047878224528351545 0.018055241089030675 0.017937755590757574 -0.88966237386286517 0.028220184399655488 0.008445134797109401 -0.87094783155653666 0.10880808983358108 -0.1031057721569003 0.055374987888647705 -0.37161294069377443 -0.042678285258813113 0.0043173865477826876 -0.0091144760214049696
decision_type=8 8 10 8 10 10 10 8 8 10 10 10 10 10 10 10 10 10 10 2 10 10 8 10 10 10 10 10 10 10
left_child=4 5 3 15 8 9 19 10 11 27 -5 12 13 -1 -14 -3 -8 -18 24 -4 -20 -7 -6 -21 -13 -9 29 -2 -17 -10
right_child=1 2 6 7 22 21 16 25 26 -11 -12 18 14 -15 -16 28 17 -19 20 23 -22 -23 -24 -25 -26 -27 -28 -29 -30 -31
leaf_value=-0.0058352344515094209 0.0296865819875974 0.0015253307666985923 0.0010007647414301643 0.0010950807780535153 0.018196887309710225 -0.0028150317389416713 -0.010429455822240896 -0.0065035601496931227 0.0033918218225784699 0.0059627461138052158 0.0080279883530981477 0.011031089966360427 0.015796694405108395 -0.016910131018991685 -0.0023252542236886372 0.020852701307764981 0.016581675661685797 0.0029887838410956203 0.0082200551546968079 0.0031424816342808712 -0.013569292013082705 0.013360242018966725 -0.00048913471695820538 0.01539626524141249 -0.01439278540740864 0.0009535956439715278 -0.0051837370215181023 0.016694384255871043 0.0094713587761371173 -0.0020019623176442784
leaf_weight=175.38727111229673 19.376417281106114 15.37993821967393 13.276565318927167 253.10308166808682 8.2087523825466615 14.156150778988378 7.5441673425957552 63.974148389534093 22.352124942466617 13.401606856845317 67.854669235181063 1.0224102451466013 12.255026220344005 49.862968472065404 23.906867443816736 14.741666357498618 11.735225281561723 70.436566811404191 7.6990636927075666 13.620446203276513 5.3801717874594033 10.904321873094885 10.179826721316205 82.340670997276902 81.04082724894397 29.562201958266087 117.61013454012573 17.846939076669514 13.711660996545104 74.5335607365123
leaf_count=43841 149 215 172 9967 160 260 216 4254 4050 219 1454 225 2632 12459 6357 146 228 1651 1934 154 1599 153 1265 956 20748 1556 26296 200 168 14348
internal_value=0.000240839 0.00512819 0.004 0.00205124 -0.00582989 0.0147068 0.00844164 0.00106044 -0.00630066 0.0195916 0.00259049 -0.00815105 -0.00663418 -0.00836402 0.00399524 0.0111208 0.00369912 0.00514213 -0.0121752 0.0122405 -0.000857123 0.00435063 0.00820597 0.0137383 -0.0139109 -0.00412983 -0.00318731 0.0241356 0.0159777 -0.000704997
internal_weight=1322.41 732.966 657.281 458.327 589.439 75.6854 198.954 414.494 571.05 50.625 320.958 356.555 261.412 225.25 36.1619 43.8333 89.716 82.1718 95.1425 109.238 13.0792 25.0605 18.3886 95.9611 82.0632 93.5364 214.496 37.2234 28.4533 96.8857
internal_count=158032 22118 21137 17760 135914 981 3377 17231 134489 568 11421 89795 65289 56300 8989 529 2095 1879 24506 1282 3533 413 1425 1110 20973 5810 44694 349 314 18398
is_linear=0
shrinkage=0.03


Tree=28
num_leaves=31
num_cat=0
split_feature=59 69 69 71 60 32 53 4 43 60 53 53 53 44 50 32 36 53 42 71 43 54 37 44 46 71 17 7 44 44
split_gain=37.1654 5.37402 7.77477 5.11007 4.52437 3.40999 3.981 2.89196 4.24487 3.24566 3.16245 2.66479 3.53698 2.63076 3.38054 2.92312 2.48797 2.30285 2.42514 2.24693 2.04062 1.98025 1.95786 1.91075 1.7209 1.66546 1.57635 1.55456 1.84144 1.48259
threshold=0.90179360784418805 1.788957377697374 -2.3446232655665509 0.4152036863211413 0.94050188118250755 0.2995341135814748 0.02123172071865408 0.20539818552186787 0.0069618556358034276 0.95950122148079731 0.013427136950494191 0.012967524304535403 0.014884105562848001 0.076579330989720598 -0.0088289251997013523 0.19931335190594965 -0.36820339616085029 0.010900370295388781 0.024424182527982622 2.8052423030107594 -0.0062752558754549095 0.53096810766953684 0.21300428341967037 0.16428366975657974 0.0076388682106252152 2.0887261303619162 0.049246646759919389 0.013532424520485574 0.051015678551763817 -0.075688263751398963
decision_type=10 10 8 8 10 10 10 10 10 8 10 10 10 10 10 10 10 10 10 10 8 10 8 10 10 8 2 10 10 8
left_child=3 2 11 5 19 6 17 10 9 21 25 -2 -13 14 -6 -15 -14 20 -19 24 -1 -9 -12 -7 -4 -3 29 28 -10 -5
right_child=1 7 4 26 13 23 -8 8 27 -11 22 12 16 15 -16 -17 -18 18 -20 -21 -22 -23 -24 -25 -26 -27 -28 -29 -30 -31
leaf_value=0.012614732740813912 0.019403472743524362 0.013225618732761775 -0.0032056959485340032 0.015010874246411409 -0.0024024856111228114 -0.0074646930694327839 -0.019019262432766117 -0.024317150487826053 0.011769235555440729 0.0084393687622573901 0.02530817569062678 -0.0017741850653428628 0.022499325733661986 -0.0092069418169507637 0.0087878189297411948 0.0068469574046709685 0.0062930063242047918 -0.0080920510396973282 -0.0020582298583453769 -0.0086525908006461604 -0.005857614249068872 -0.001743732078052034 0.010091514420287351 0.016344409190218148 0.0029577936317264583 -0.0022107083723582103 -0.0046049658077377126 0.014496064553340814 -0.0019441043983041044 2.2457925013067942e-05
leaf_weight=9.6454863502876815 26.878105255309492 11.542128634173421 80.245469426852651 5.2377329578157514 29.171861804672517 3.6676291788462532 23.869007508736104 6.4571899891598168 16.873797062318772 9.4576323819346708 24.640730525832623 21.66960284858942 14.795237643644212 21.638859132071957 124.66001934115775 17.487540397210978 22.616906146518886 334.22395738837076 75.731656326446682 32.535529712680727 9.7799052817281353 7.4897715428378433 14.886135721346362 7.9608684706036001 80.773024044116028 11.57799135707319 76.797541179810651 35.386858352925628 16.285672817612067 133.09345942578511
leaf_count=2292 271 169 3346 462 755 489 6489 176 297 121 234 260 114 631 2790 416 272 85775 19451 878 2288 175 171 334 3207 156 10770 408 373 14714
internal_value=-0.000173438 0.00508788 0.00347624 -0.00502993 0.00163915 -0.0067975 -0.00721723 0.00994 0.00638333 -0.00442071 0.0149309 0.0115883 0.00771921 0.00488218 0.00664456 -0.00196507 0.013199 -0.00651152 -0.00699244 -0.00158696 0.00333631 -0.0133232 0.0200419 0.008601 -9.61652e-05 0.00559994 -0.00118267 0.0101259 0.00508661 0.000715169
internal_weight=1307.08 627.07 472.472 680.007 386.512 464.879 453.25 154.598 91.9509 23.4046 62.647 85.9599 59.0817 192.958 153.832 39.1264 37.4121 429.381 409.956 193.554 19.4254 13.947 39.5269 11.6285 161.018 23.1201 215.129 68.5463 33.1595 138.331
internal_count=158284 15220 12940 143064 12023 117118 116295 2280 1550 472 730 917 646 4592 3545 1047 386 109806 105226 7431 4580 351 405 823 6553 325 25946 1078 670 15176
is_linear=0
shrinkage=0.03


Tree=29
num_leaves=31
num_cat=0
split_feature=71 69 69 32 60 37 57 16 49 24 30 31 43 7 16 17 48 43 41 49 44 47 44 48 43 48 49 45 41 41
split_gain=33.2394 5.60166 5.36202 3.31641 3.22747 4.27436 4.46264 3.10624 2.8936 2.71463 2.6349 2.3197 3.07619 2.14422 2.0895 2.41153 1.91403 4.18549 3.62323 3.79546 3.2998 3.07211 3.97706 3.47078 1.89456 1.83705 2.68634 1.95675 1.79836 2.14254
threshold=0.92502986310684865 -2.3446232655665509 2.0762332303598612 0.2995341135814748 0.92894269776876282 0.49278458938280684 0.0043243293783250597 -0.018042053117870934 0.0087090309757040813 -1.0339838037093052 0.66855763757242848 0.091882250239630883 0.014186503199483782 0.013145409141676811 0.11085605695005731 -0.065913861398970403 -0.024865507282126827 -0.027805513792282962 -0.010205669391176784 -0.0061283379770390991 0.077141816382879549 -0.019690313859286598 0.013191512427173204 -0.019394914371108626 -0.0065995130285416695 -0.062788491177733094 0.024747632098001463 0.017937755590757574 -0.012132293554775296 -0.030760450731421193
decision_type=8 8 10 10 10 10 10 10 10 10 10 10 10 10 10 2 10 10 10 8 10 10 10 10 10 8 10 10 10 10
left_child=3 10 4 16 14 9 -7 -4 13 -6 11 12 -2 -9 15 -3 17 28 19 24 -21 22 -20 -23 -18 27 -27 -19 29 -1
right_child=1 2 7 -5 5 6 -8 8 -10 -11 -12 -13 -14 -15 -16 -17 18 25 21 20 -22 23 -24 -25 -26 26 -28 -29 -30 -31
leaf_value=0 0.017942597008846664 -0.0031571296881183525 0.018668297406144375 0.0072073010100302979 -0.0085962121644799563 -0.010283986095800945 0.012712067297989514 -0.0064631228426683934 0.010059804964702558 0.0029237941778756452 0.0031366549277575561 0.024429723373479033 0.0018562561837783946 0.0059026398125338712 -0.0088661069760807044 0.0024873247890000293 -0.0026269890342296722 -0.020958881674067658 0.0049800359989699413 -0.014465019252723242 0.016004059861225179 0.020506943660571823 -0.024337311874301954 -0.0053755752754015857 0.022927456133510198 -0.011746868104186424 0.0019437313536304788 -0.0024472552444537868 0.0028910865696913719 -0.01522722312581287
leaf_weight=17.135273222345862 22.397231762995943 110.9239411886665 20.962663863087073 15.897266840445807 19.997702114051208 7.6699162151198825 65.788317327504046 21.220431393710896 69.181843689759262 145.12831795285456 28.070824893889949 15.753207496367393 21.030191736761481 28.110417638672516 23.452199027407914 172.75357631471707 2.9450556214433155 30.0362576066982 5.0093338652513948 9.4419690590584668 3.6027409918606272 3.7325635876040897 15.032464265590532 283.7035553092137 9.5999286946607736 69.693151794490404 15.019018590217454 6.9561076585669062 29.728375445469283 14.610439860727636
leaf_count=4000 213 5180 195 1290 639 127 1442 576 1074 4142 413 125 269 386 1667 9113 667 7706 1290 2306 977 981 3603 72352 2600 17622 3933 2176 7217 3897
internal_value=-0.000109755 0.00386071 0.0029334 -0.0058752 0.00157785 0.00418894 0.0101648 0.00816681 0.00614354 0.00146725 0.0109932 0.0145558 0.0104373 0.000500984 -0.000447775 0.000266348 -0.00629702 -0.00878896 -0.00489533 0.00572722 -0.005296 -0.00580481 -0.0169786 -0.00495914 0.0169558 -0.0119983 -0.00929024 -0.0177129 -0.00229688 -0.00718671
internal_weight=1304.58 772.441 685.189 532.144 545.714 238.584 73.4582 139.475 118.513 165.126 87.2515 59.1806 43.4274 49.3308 307.13 283.678 516.246 183.179 333.068 25.5897 13.0447 307.478 20.0418 287.436 12.545 121.705 84.7122 36.9924 61.4741 31.7457
internal_count=158178 25561 24541 132617 22310 6350 1569 2231 2036 4781 1020 607 482 962 15960 14293 131327 46551 84776 6550 3283 78226 4893 73333 3267 31437 21555 9882 15114 7897
is_linear=0
shrinkage=0.03


Tree=30
num_leaves=31
num_cat=0
split_feature=70 57 6 44 57 38 29 52 44 53 43 14 5 57 52 35 75 33 10 32 43 5 53 53 45 45 51 43 10 37
split_gain=28.0905 5.10924 5.09692 4.27191 4.02347 3.14715 3.61814 4.28269 2.83156 2.81158 2.70276 2.66292 2.60364 2.44282 2.44187 2.86126 2.42915 2.30542 2.24979 2.14549 2.09129 2.08947 2.00608 1.85145 1.66 1.64382 1.60786 1.47666 1.94214 1.42003
threshold=0.42530750794793987 0.90572098097046594 0.02879062738777487 0.16428366975657974 0.96319682362627157 1.2773409215763476 2.3559287225727243 0.70764203117144309 0.16428366975657974 0.02123172071865408 0.015317162684066467 -0.1949859644014709 0.067781354775872452 0.19618228927694262 0.76679996017787222 0.038022743504473523 0.77488604422477703 -0.10861755179279826 0.92526756414785649 0.23307903185234982 0.047422651393787658 0.019324501497016783 0.010989558943293544 0.017635968509871418 0.0052247375753810494 0.012387343223926135 0.16188524590163936 0.017122810635651579 0.94860239696012061 -0.21609969775258234
decision_type=10 10 8 10 8 10 10 2 10 10 10 8 10 8 2 10 10 10 8 10 8 10 10 10 10 10 2 10 10 8
left_child=1 9 4 5 10 6 17 -8 25 11 14 29 18 -5 15 -2 19 -4 -7 21 22 -6 -13 -14 -21 -3 -11 28 -12 -1
right_child=2 8 3 13 16 12 7 -9 -10 26 27 20 23 -15 -16 -17 -18 -19 -20 24 -22 -23 -24 -25 -26 -27 -28 -29 -30 -31
leaf_value=0.012958057398422543 0.0045963646066971417 0.0025158954441218285 0.0015931491504959498 -0.027662772875133756 0.00055131179756298936 0.0097142816692812311 0.010317175914351889 -0.0028978841704095401 0.019397622067355937 0.0021175997956913856 0.0075565947472282912 0.0019108727027204603 0.018150202961043253 0.0055650859719861496 -0.018705047846703626 -0.0067654111716248409 -0.0061405816894110456 0.011159500507420893 -0.0092670531055348369 0.0089258943588372709 -0.00064743452421082612 0.014898336264867558 -0.0071925629182478532 0.00018493618197534163 -0.010864221031553822 -0.011713134712692514 -0.018955923785640569 -0.002796115069374419 -0.022457181048346875 -0.0017561310629812207
leaf_weight=9.1352139891823736 127.84647618012968 50.961495138937607 26.923783141421154 4.2249201773665837 12.203436636948025 6.1089781381888315 37.390879670041613 50.637384942616336 7.1762427373323581 3.3229116902221021 1.8794706983026097 22.133614876074716 8.3464305504458043 2.5450959785375744 3.8671434958232558 22.505359283240978 9.6900568671990168 193.44515856541693 25.596807918976996 6.2619968261569721 60.359395292121917 42.746355004725046 390.112138699973 12.352081605698912 6.9641551095992327 7.4845482538221395 20.539169876254164 110.17497316899244 6.5340164450462908 12.955663049244324
leaf_count=696 8658 6827 487 365 748 171 1140 1455 215 794 174 4712 91 222 387 3418 624 3630 795 136 11031 1208 90151 493 189 1426 5198 10375 606 1572
internal_value=-8.64698e-05 -0.00496939 0.00388224 0.0063481 0.00127832 0.00681185 0.00796337 0.00273448 0.00285113 -0.00596841 -0.000435087 -0.00545051 0 -0.0156765 0.00216573 0.0028424 0.00724874 0.0100168 -0.00533286 0.00925643 -0.0059303 0.0118325 -0.0066931 0.00807009 -0.0013148 0.000476887 -0.0159335 -0.00383224 -0.0153433 0.00449635
internal_weight=1302.43 584.18 718.245 367.572 350.673 360.802 308.397 88.0283 65.6223 518.558 272.807 494.696 52.4043 6.77002 154.219 150.352 77.866 220.369 31.7058 68.1759 472.605 54.9498 412.246 20.6985 13.2262 58.446 23.8621 118.588 8.41349 22.0909
internal_count=157994 122622 35372 8849 26523 8262 6712 2595 8468 114154 23618 108162 1550 587 12463 12076 2905 4117 966 2281 105894 1956 94863 584 325 8253 5992 11155 780 2268
is_linear=0
shrinkage=0.03


Tree=31
num_leaves=31
num_cat=0
split_feature=59 36 69 48 52 32 18 69 10 38 59 53 17 16 18 52 52 47 42 42 32 45 33 34 72 45 64 39 46 39
split_gain=33.4352 5.66755 5.15214 4.61553 3.3195 3.29504 3.21164 3.62552 4.0295 3.19657 2.98773 3.01184 2.47622 2.62918 3.15434 2.37081 2.21789 2.43378 2.37451 1.92301 1.47653 1.97496 1.28244 1.25952 1.24134 1.10292 0.7618 0.863516 0.725973 0.705569
threshold=0.90179360784418805 -0.31802785211507395 1.3636166535769079 -0.0098380688561880408 0.7422405514781536 0.2995341135814748 61.871062179990567 -2.3446232655665509 1.9912009583667556 0.88908181557558963 0.5914195923273402 0.020765565365582783 -0.9492785185519429 0.10119256385768129 66.987078419775898 0.62285426991309356 0.23099646237003255 -0.14112833282860052 -0.015431771690425864 -0.012734600833202157 0.19393903681449878 0.010343456098693643 0.042289577779794231 0.00059404088714137186 -0.87094783155653666 0.016248166844256593 0.78803720446594594 0.04701699367824997 0.028220184399655488 0.0089102169783894531
decision_type=8 8 10 10 2 10 10 8 10 10 10 10 2 10 8 2 2 8 10 10 10 8 10 10 8 10 10 10 10 10
left_child=5 3 6 19 -5 10 7 9 -9 -3 11 16 -4 15 -15 -14 17 -1 -18 -2 21 -8 -22 29 -25 -13 27 -12 -27 -7
right_child=1 2 12 4 -6 23 20 8 -10 -11 26 25 13 14 -16 -17 18 -19 -20 -21 22 -23 -24 24 -26 28 -28 -29 -30 -31
leaf_value=-0.021741677263572758 0.007790096728606497 0.019046417480317251 -0.00404529246677671 0.011576000371755846 -0.0092398338040608034 -0.011504323751271198 -0.0071696158786142931 1.9916913572354861e-05 0.0079561469062696243 0.0017423461656279025 -0.0026525892731324679 -0.024389972562696146 0.0062557353599704884 -0.0044619704013093642 0.0089040769701026323 0.015879118130017973 -0.013965776659743263 0.0078275501865308159 -0.0059941100002404383 0.022274386399077341 0.014907862670989938 0.0048350481890114018 -0.0036486427203827362 0.0199642305897932 0.0017933108983420381 0.0024987344011521595 -0.0061675175680489386 0.003641524100136944 -0.013777315438927117 0.0054358176917748031
leaf_weight=1.9230315005406737 13.995011622551827 21.845790681545623 13.565754146780817 14.220730490051212 11.540994023904203 3.5698030573548776 60.937835158780217 229.66118981433101 76.190979012288153 17.670816066209227 173.40316367574269 11.49550992541481 43.076036140322685 23.766409083851613 43.003214143915102 58.536533440463245 39.207874615676701 16.0484145693481 273.46817713906057 31.903358502779156 6.028921736404298 14.338417042861691 5.4185357781825587 6.6348470002412796 7.1881203452358005 2.947579446481539 49.10992656549206 20.851118340622634 6.0775705879786983 3.176468393416144
leaf_count=452 182 207 206 186 211 343 3598 9819 1613 279 33820 2948 657 536 866 689 10006 3613 70055 357 156 616 229 115 809 955 9526 3076 1845 273
internal_value=6.08982e-05 0.00461538 0.00366374 0.0125658 0.00214181 -0.00501071 0.00186301 0.00316252 0.00202618 0.0116165 -0.0054243 -0.00719895 0.00789019 0.00888769 0.00410657 0.0119295 -0.00645212 0.00352613 -0.00704461 0.0181822 -0.00325501 -0.00481026 0.00629584 0.00650175 0.011476 -0.0182342 -0.00283226 -0.00194643 -0.00844336 -0.00346876
internal_weight=1300.8 685.701 614.04 71.6601 25.7617 615.102 432.092 345.369 305.852 39.5166 594.532 351.168 181.948 168.382 66.7696 101.613 330.647 17.9714 312.676 45.8984 86.7237 75.2763 11.4475 20.5692 13.823 20.5207 243.364 194.254 9.02515 6.74627
internal_count=158243 20407 19471 936 397 137836 16517 11918 11432 486 136296 89874 2954 2748 1402 1346 84126 4065 80061 539 4599 4214 385 1540 924 5748 46422 36896 2800 616
is_linear=0
shrinkage=0.03


Tree=32
num_leaves=31
num_cat=0
split_feature=70 59 38 57 29 6 63 57 53 14 16 15 26 53 45 78 64 16 45 47 1 14 26 78 43 32 64 41 26 53
split_gain=30.4476 5.57363 6.39709 3.60911 3.11306 2.69255 2.67716 2.67444 2.63914 2.51121 3.08203 3.23179 2.31552 2.2583 2.27529 2.17158 1.99597 2.1037 1.70672 2.97667 1.50735 1.44267 1.43843 1.4249 1.37342 1.67888 1.30155 1.26404 1.20369 1.3175
threshold=0.56253546700676005 0.99371727059814219 1.2773409215763476 0.90572098097046594 2.3559287225727243 0.030498608767105178 0.22014519760851001 0.98578678738105852 0.010989558943293544 0.98300017197780165 -0.021778387578229527 0.035037815608786389 0.67701801272431783 0.02123172071865408 0.018188477923048129 2.0431510323838471 0.90500905382114893 0.020747591503562649 0.0073345363531153616 -0.03250450370800733 -0.036522571882012127 -0.14812172666147996 0.87788081932786188 -2.4510436916850433 0.015317162684066467 0.2995341135814748 0.58653898843772267 0.0023066732784443604 0.60529105981385167 0.011211793815241245
decision_type=10 8 10 10 10 10 8 10 8 8 8 8 10 10 10 10 10 10 10 8 10 10 10 10 10 10 10 8 10 10
left_child=3 2 4 6 5 7 21 -2 -8 18 -11 22 -7 14 -10 -4 17 -6 27 -20 -17 23 -12 -1 28 -26 -13 -3 -5 -30
right_child=1 9 15 24 16 12 8 -9 13 10 11 26 -14 -15 -16 20 -18 -19 19 -21 -22 -23 -24 -25 25 -27 -28 -29 29 -31
leaf_value=-0.0091953342609182743 0.0030341671570237798 0.010065859458552262 -0.00060783560819243449 0.0092609990975252281 -0.0090789936506536512 0.002253538064550161 0.0038868520692411763 0.015144886965506591 -0.0069385798133204894 -0.011807393858829111 0.020926672040000142 -0.01400730785493136 0.011699502401351723 -0.016747990026161348 0.0092371119709833398 0.00082436194115397476 -0.011225955381442223 0.0033319843891601838 0.015978199492480215 -0.002038018716038596 -0.014091392320286937 -0.0038217650004863427 0.0033252231940060105 0.0058256640147374512 0.0010833828912740473 0.014574954323414449 0.0062097179779703601 0.022563575620421394 0.0096061029007095851 -0.0082391729266238257
leaf_weight=5.8113899716408914 212.05897767667193 15.529984816908835 62.161734084074851 4.9003629841608953 13.100092810229397 32.202741666114889 19.395315172034316 17.100925939390436 381.73342855635565 7.5843909763498232 12.779906947165729 5.4477830035612005 99.87024878943339 20.882955336594023 7.0057339651975772 7.5637554317945641 10.976267925463615 92.038136487128213 17.785994661971927 13.888076300732793 22.74022528360365 75.989249192760326 7.2615564181469372 31.933157236897387 28.207104472909123 11.224841635441406 4.1245059261564165 24.445520517416298 3.3864590891171273 23.299250291311182
leaf_count=216 10631 161 4859 552 711 688 4256 209 88026 134 273 353 1947 5479 1621 470 862 5756 201 194 2030 15216 174 4154 4228 368 58 230 305 3689
internal_value=8.81762e-05 0.00446629 0.0032589 -0.00474733 0.00465998 0.00603078 -0.00557959 0.00401283 -0.00666461 0.0106724 0.00408359 0.00850418 0.00945312 -0.00717977 -0.00661642 -0.00391443 0.000354712 0.00168636 0.0139485 0.00816624 -0.0103652 -0.0014382 0.0151529 0.00325786 0.00156063 0.00526363 -0.00524904 0.0181457 -0.0029898 -0.00560105
internal_weight=1292.43 678.661 569.813 613.769 477.347 361.233 542.751 229.16 429.017 108.848 37.1981 29.6138 132.073 409.622 388.739 92.4657 116.114 105.138 71.6496 31.6741 30.304 113.734 20.0415 37.7445 71.018 39.4319 9.57229 39.9755 31.5861 26.6857
internal_count=158051 29941 28163 128110 20804 13475 118968 10840 99382 1778 992 858 2635 95126 89647 7359 7329 6467 786 395 2500 19586 447 4370 9142 4596 411 391 4546 3994
is_linear=0
shrinkage=0.03


Tree=33
num_leaves=31
num_cat=0
split_feature=58 36 69 69 30 3 63 31 44 38 46 4 32 33 17 46 46 46 54 8 19 0 29 17 34 43 43 69 64 28
split_gain=25.0079 5.00387 5.38529 4.26224 3.93935 3.81858 3.55917 3.27275 3.14433 3.10783 2.81525 2.78653 2.88219 2.48814 2.45905 2.31193 2.07514 3.76547 2.02961 2.12337 1.88584 1.86187 1.84064 1.71254 1.61107 1.58768 1.6214 1.45423 3.9688 3.20855
threshold=0.86320287899235282 -0.31802785211507395 1.788957377697374 1.4897528889877814 0.6634850185469362 0.0012683501418582213 0.24025307341529109 -0.056704604695457454 0.16428366975657974 1.2773409215763476 0.004667345329538536 -0.060314780556948382 0.35371090442331415 -0.11387333863026006 0.13744795579908473 0.0044955273699602847 0.0057736429749772862 0.0071743398670720071 0.28492887358299862 0.0094014169071678696 -1.2126731207012171 -0.036443845034037241 -3.5362647561135128 -0.084003497491837123 -0.00013890087365142333 0.043880879830363158 0.023863586788772543 -2.3446232655665509 0.52721488409403749 -0.22960360623954826
decision_type=10 10 10 10 10 10 8 10 8 10 10 10 10 10 2 10 10 10 10 8 10 10 10 2 8 10 10 10 10 10
left_child=3 4 9 6 5 -2 27 23 25 11 -9 13 -13 -3 -7 18 -17 -18 19 -8 -12 -11 -6 24 -4 26 -5 28 -1 -30
right_child=1 2 7 8 22 14 15 10 -10 21 20 12 -14 -15 -16 16 17 -19 -20 -21 -22 -23 -24 -25 -26 -27 -28 -29 29 -31
leaf_value=0.016864411772420901 0.021852062178794287 -0.0054536776946117124 0.0051345399375563247 -0.00057336380541360323 0.0071544992119011181 -0.01099357533476936 -0.014458575728911304 -0.00011771413706219486 0.023074845042145568 0.0078297337337787931 0.026385464171322374 -0.00085079262129490675 0.010678318308198634 0.0077710725339470536 0.011894683578109867 -0.012534735454471028 -0.00052019432217944683 -0.0079191911348561357 0.0026799571065566491 -0.00055013658578721995 0.012155919405025927 -0.00624485124323496 -0.0083257517437622525 0.005881126924081782 -0.014177618761678197 -0.010982284900581623 0.010707788313647553 -0.0017763623887766212 -0.035520203014298458 0.0038415195845632436
leaf_weight=11.834006802062506 35.310385932098143 13.465004151104948 5.8912565662758425 32.617207112605684 23.72074727434665 5.4830471352906924 16.113091150997207 12.922381675452923 5.7014485716354093 8.8275010267971066 11.035014018765649 165.45160480943741 21.08095245086588 111.24687015858945 10.998756276560014 52.223649642430246 84.913699731696397 238.21696025063284 47.38169885694515 24.69401350512635 54.931282497709617 57.857991430850234 8.5242543013300729 41.344721836503595 7.9071354840416443 7.1695918668992809 16.240723607130349 146.61951513879467 1.9063757380936293 4.4273533660452804
leaf_count=552 385 466 124 3427 424 280 3257 195 115 377 99 8059 466 3330 292 11846 19951 57605 10350 2199 795 4887 173 994 230 875 1247 24273 59 436
internal_value=5.53951e-05 0.00455506 0.00341915 -0.00382756 0.0113183 0.0163832 -0.00456886 0.00856793 0.00362272 0.00156744 0.0124649 0.00283292 0.000486164 0.00628732 0.00391547 -0.00591365 -0.00694091 -0.00599171 -0.00147894 -0.00632826 0.0149395 -0.00424925 0.00284458 0.00281666 -0.00593974 0.00122071 0.00325595 -0.000755025 0.00699364 -0.0108247
internal_weight=1286.06 595.999 511.962 690.059 84.0372 51.7922 628.33 134.032 61.729 377.93 78.8887 311.244 186.533 124.712 16.4818 463.543 375.354 323.131 88.1888 40.8071 65.9663 66.6855 32.245 55.1431 13.7984 56.0275 48.8579 164.787 18.1677 6.33373
internal_count=157768 21576 20022 136192 1554 957 130528 2437 5664 17585 1089 12321 8525 3796 572 105208 89402 77556 15806 5456 894 5264 597 1348 354 5549 4674 25320 1047 495
is_linear=0
shrinkage=0.03


Tree=34
num_leaves=31
num_cat=0
split_feature=59 57 9 43 38 69 16 30 29 71 32 53 45 37 4 38 34 53 52 53 33 64 44 53 3 44 26 57 41 71
split_gain=26.0832 5.05376 4.91031 6.02405 4.27852 3.64633 4.48003 2.84556 2.78494 2.64997 2.70434 2.69706 2.6448 2.52915 2.51813 2.85999 2.3023 2.17154 3.02425 2.36581 1.97474 1.28733 1.1649 2.12299 1.01124 1.11863 0.987659 0.97417 0.867621 0.826423
threshold=0.90179360784418805 0.0085745007398149112 2.8104613499239823 0.047820791633721112 1.2773409215763476 1.2915350115504582 -0.018783563028749613 0.66855763757242848 0.42730284630291765 0.043642118929555648 0.2995341135814748 0.019656345392460046 0.017937755590757574 0.27819972514575375 -0.27280405198197283 0.71816741637420656 0.038403611504545888 0.017635968509871418 0.57588735318928053 0.010900370295388781 -0.025215925900013311 0.66943877727445633 0.085218821842120943 0.020587870294827216 -0.069871785991803312 0.04252273045038802 0.97226291397414577 0.92086291413116983 -0.0077900021143855183 0.9843585577274826
decision_type=8 8 10 10 10 10 10 10 8 10 10 10 10 10 10 10 10 10 2 10 10 10 10 8 10 10 10 10 10 8
left_child=9 7 5 4 20 8 -7 14 12 10 11 17 -3 -8 -2 -16 -10 19 -19 -1 -4 -9 28 -24 25 29 -6 -12 -13 -11
right_child=1 2 3 -5 26 6 13 21 16 24 27 22 -14 -15 15 -17 -18 18 -20 -21 -22 -23 23 -25 -26 -27 -28 -29 -30 -31
leaf_value=0.0044971905422527426 0.023609391160050213 0.003167276029348689 0.002994464199142002 -0.013260446770047424 -0.010343904017509023 0.016526178848565182 0.0059611571352516475 0.0086992366118198109 -0.0039893621695776191 0.00083882529030953072 -0.0037277626392720146 -0.0074044247614634302 -0.012794568834687672 -0.0034692628646037491 0.018667234544417492 0 0.012050550258220244 0.013357840039938226 -0.0060677160073903747 -0.0068890934916140808 0.016584521823585822 -0.0047732840293202641 -0.017496549086155559 0.0073263028252742142 -0.0028826062562792515 -0.0048660286297508215 0.0054460008999691802 0.015282792608420555 -0.022648977908499849 0.010543815864088613
leaf_weight=16.400319015723653 20.532169727608562 204.48564569023438 12.578018855303524 8.6718524585012329 7.667560489382593 27.909517480060458 89.661097132833675 13.23455871269107 130.36637276539113 19.937138921290174 2.8075179010629636 6.7845087845344105 8.7501928689889592 34.469247904373333 13.514023685362192 15.030305870459413 7.54011401021853 11.788308456074448 15.42413728055544 295.55648772988934 62.864329843549058 10.412342828698455 5.1900484762154493 5.1859560955781498 181.11425343283918 13.724925371119751 4.963158662780188 6.2983009526506066 15.025215262663551 13.194476838805707
leaf_count=3858 140 6362 184 254 246 303 1649 172 8169 3844 350 2160 330 688 118 219 256 2497 4085 76737 960 184 1433 1521 34443 1895 129 159 4104 469
internal_value=4.43479e-05 0.00411499 0.00319085 0.0093548 0.0117391 0.00198357 0.00584917 0.0115513 0.000289443 -0.00445039 -0.00598441 -0.00639219 0.00244161 0.00331169 0.015621 0.00916871 -0.00301033 -0.00555778 0.00241621 -0.00626845 0.0144268 0.00269224 -0.0146623 -0.00527288 -0.0018622 0.00199711 -0.00397492 0.0093357 -0.0185708 0.00498736
internal_weight=1281.08 672.651 599.927 96.7449 88.0731 503.182 152.04 72.7234 351.142 608.432 380.461 371.355 213.236 124.13 49.0765 28.5443 137.906 339.169 27.2124 311.957 75.4423 23.6469 32.1857 10.376 227.971 46.8565 12.6307 9.10582 21.8097 33.1316
internal_count=157918 20363 19530 1773 1519 17757 2640 833 15117 137555 96904 96395 6692 2337 477 337 8425 87177 6582 80595 1144 356 9218 2954 40651 6208 375 509 6264 4313
is_linear=0
shrinkage=0.03


Tree=35
num_leaves=31
num_cat=0
split_feature=59 59 14 66 7 40 25 60 46 54 54 52 50 50 49 14 2 51 41 13 45 60 20 33 43 43 70 10 20 16
split_gain=22.3861 5.01312 3.28443 3.23767 2.86107 2.5558 2.13224 2.91485 2.10917 3.28113 2.04387 3.95597 5.41614 3.102 2.8702 2.01085 1.52697 1.79185 1.4946 1.42212 1.25919 1.21594 1.12966 1.12535 0.982747 0.955865 0.85571 0.966888 0.823509 1.4471
threshold=0.8551968087450964 0.99371727059814219 0.98300017197780165 0.98565567747109939 0.0085283959717613479 0.0016204759018599386 -0.04674588628786009 0.98581558827635496 0.034133759215293408 0.66790729425308604 0.56051988495789973 0.60809578262408459 0.016420858324572189 0.0098493763997515877 0.024747632098001463 0.32969383510515987 -0.0088680669220744229 0.80756606631880168 -0.1031057721569003 -0.11966349547990217 0.018188477923048129 0.82425510333460139 -0.036550853632682061 -0.017579258171930977 0.066497867068758612 0.082894869130863871 3.4471254650610716 0.97598977473241844 0.070277485096447836 0.016420931937797815
decision_type=8 10 8 10 10 8 10 10 10 10 10 2 10 10 10 8 8 2 10 8 10 10 10 8 10 10 10 8 10 10
left_child=8 3 21 4 16 26 7 -6 9 10 11 12 -1 -13 18 20 22 -18 -12 -8 -11 23 -2 -3 -16 -10 -5 -28 29 -23
right_child=1 2 -4 5 6 -7 19 -9 25 15 14 13 -14 -15 24 -17 17 -19 -20 -21 -22 28 -24 -25 -26 -27 27 -29 -30 -31
leaf_value=-0.0015414666274656008 0.005312227836062504 0.011701049240529292 -0.0022608278411910239 -0.0035837088150447202 0.0038062527766872388 0.0031681630061697573 0.0044270551862270659 0.011414305291697527 -0.023305332511039219 -0.0036537673787984293 0.01349931623956813 -0.023610871068966876 0.019835523788689604 -0.0054563839724453876 0.0045486092103456449 0.021602739640559011 0.0019525873446277976 -0.0091599149989909819 -0.010802814266655402 -0.00083439550994301613 0.009316009535677126 0.016074925103958755 -0.010752039843081981 -0.0013042984095404859 -0.0067223873619906439 -0.0032779799712048929 -0.0073913765232574797 -0.031379491626096309 0.021178334664459949 0.0035493330104357087
leaf_weight=100.44396471243817 3.9043585329782244 11.877871094271539 16.194039843976498 3.8306728114839634 295.13363049883628 8.2979098814539629 71.656069632736035 53.844335229019634 7.2716968448366952 16.734047472709793 1.4035181191284198 8.0968068481888604 10.910286668338811 200.39657207683194 17.751271576154981 4.3205062791239497 84.808073092717677 14.387441382976247 111.51325555844232 124.69040793715976 9.7746629291214031 24.356997302500531 20.599785369704477 10.15937554696575 10.03744612331502 3.9088559804949909 3.7553276554681352 4.4061241621384388 15.387437310069798 14.416119977366177
leaf_count=26063 251 154 240 310 9763 315 1882 887 1970 4138 315 1959 2989 52448 4525 133 5615 1161 29768 4335 2210 230 1648 172 2596 1346 161 197 139 195
internal_value=2.66747e-05 0.00320345 0.00974008 0.00231013 0.00267656 -0.00918948 0.00361131 0.00501794 -0.00490519 -0.0045802 -0.00521874 -0.00385481 0.000684213 -0.00628507 -0.00824894 0.00472893 -0.00141611 0.000235541 -0.0103586 0.00108326 0.00118438 0.0123257 -0.00796689 0.00577888 0.000281159 -0.0173938 -0.0175569 -0.0226809 0.0147821 0.0116996
internal_weight=1284.27 781.706 92.3918 689.314 669.024 20.29 545.324 348.978 502.563 491.382 460.553 319.848 111.354 208.493 140.705 30.8292 123.7 99.1955 112.917 196.346 26.5087 76.1978 24.5041 22.0372 27.7887 11.1806 11.9921 8.16145 54.1606 38.7731
internal_count=158115 27655 1130 26525 25542 983 16867 10650 130460 127144 120663 83459 29052 54407 37204 6481 8675 6776 30083 6217 6348 890 1899 326 7121 3316 668 358 564 425
is_linear=0
shrinkage=0.03


Tree=36
num_leaves=31
num_cat=0
split_feature=59 57 57 77 10 33 38 52 38 63 13 53 45 41 50 42 72 45 52 59 70 2 17 26 41 41 8 16 25 77
split_gain=21.0208 5.36766 4.70898 3.17237 3.00782 2.53504 2.45915 3.03725 2.42287 2.41979 2.31694 3.68101 2.38115 2.35117 2.243 4.00544 2.11986 2.10545 1.97866 1.81745 1.63655 1.58287 1.56065 1.29208 1.18532 1.69244 1.14177 2.07003 1.57983 1.53964
threshold=0.90179360784418805 0.012806844896397137 0.94397445986550299 0.23253033095362904 2.790567815925304 0.034912813521353267 0.82790996120212113 0.71369044544311866 1.296877753765499 0.23632527809743001 0.3285036359263615 0.019656345392460046 0.01843872332398748 0.0083482291346139732 0.0066357148539138997 -0.0056350960316951517 2.1700937274261141 0.0097280508722366061 0.67414139568871045 0.93262013729977122 -0.73914409571582473 -0.00048145281804212731 -0.10132140028526525 0.7781973060726719 0.030116918800226381 0.024689277196043195 0.011227632915551114 -0.11810490589013344 -1.4756580712670802 -0.58970187384327943
decision_type=10 8 10 10 10 8 10 2 10 10 8 10 10 10 10 10 10 10 2 10 8 10 2 10 10 8 10 10 10 8
left_child=9 6 4 16 5 8 23 22 -3 26 11 12 13 -11 15 -5 19 -7 -16 -4 -12 -6 -8 -2 25 -13 -1 29 -29 -28
right_child=1 2 3 14 21 17 7 -9 -10 10 20 24 -14 -15 18 -17 -18 -19 -20 -21 -22 -23 -24 -25 -26 -27 27 28 -30 -31
leaf_value=-0.0023680953928575618 0.022857166814859831 0.0025214877778395 0.016917481480558869 0.0039905489583510079 0.0012525244461153292 -0.0077012752846170674 0.00041298233376087505 -0.0066712399188541306 -0.0068078479704615693 -0.0067252341953770028 0.019247456039060157 -0.012413165782898201 0.011063210305315501 -0.0018667114713502954 0.013465859096662423 -0.019964133802565141 0.019018564305393178 0.0035600248416543254 0.001803010821014635 0.0046218531355484002 0 0.0171691162939894 0.014133878440732812 0.010635917575522151 -0.023170111254651009 0.012755234533568595 0.015938820500144297 -0.020517068962104507 0.00034726560156650481 -0.0012437178598841529
leaf_weight=150.7920367521001 16.852280379738659 230.46120762208011 14.376132532954214 16.893508834415119 10.025053087621929 55.206877302844077 11.056630016770212 11.827815821394323 26.996636290918104 242.5969841479091 4.1027402261970565 23.623269126517698 7.5547886383719733 146.59343718539458 19.910134525969625 8.6523644430562836 22.428658929420635 19.264740810496733 38.019329333445057 45.0848921649158 18.427336649852808 13.825342459371312 25.81562763650436 22.655622076592408 10.51638224464841 1.7431559339165712 12.900330995733382 2.5876081922324365 33.541845189582091 6.4141525559825849
leaf_count=26623 154 6369 167 345 153 2741 184 221 1059 60421 200 6891 1605 35583 380 217 205 870 804 542 2287 212 318 281 2731 500 679 222 4181 655
internal_value=-2.4525e-05 0.00398958 0.00281145 0.00698062 0.0008511 8.8031e-05 0.0108069 0.00600423 0.00150907 -0.00372775 -0.00494895 -0.00544157 -0.00457358 -0.00491237 0.00276565 -0.00445629 0.0111558 -0.00473982 0.00602288 0.00787488 0.00421223 0.0109192 0.0102182 0.0163586 -0.0145732 -0.0101517 -0.00100724 0.00261714 -0.00157859 0.0103047
internal_weight=1270.75 609.353 521.145 165.365 355.78 331.929 88.208 48.7001 257.458 661.394 455.158 432.628 396.745 389.19 83.4753 25.5459 81.8897 74.4716 57.9295 59.461 22.5301 23.8504 36.8723 39.5079 35.8828 25.3664 206.236 55.4439 36.1295 19.3145
internal_count=157800 15222 14064 2660 11404 11039 1158 723 7428 142578 110218 107731 97609 96004 1746 562 914 3611 1184 709 2487 365 502 435 10122 7391 32360 5737 4403 1334
is_linear=0
shrinkage=0.03


Tree=37
num_leaves=31
num_cat=0
split_feature=58 36 57 25 38 44 30 15 19 33 57 50 44 53 53 49 49 49 44 53 9 45 45 40 10 17 78 44 31 74
split_gain=18.6608 4.77669 4.07312 3.0705 2.97277 2.80645 2.78537 2.66198 3.82015 2.61231 2.98633 2.5807 2.10048 3.3961 2.49979 2.62145 2.96649 2.44275 2.3486 3.38869 2.24298 2.09624 2.04776 2.0421 1.91276 1.73862 1.69435 1.78722 1.63569 1.51321
threshold=0.74595135064253881 -0.31802785211507395 0.94397445986550299 1.0229574055681654 0.95337602791754306 0.077840328853798116 0.67026228105180763 0.00065290481984037207 0.22932857181716906 0.032790903297737921 0.060860746097539477 0.048561306587760485 0.074067940574290794 0.020765565365582783 0.017033352651483157 -0.010866855403496132 -0.0061283379770390991 0.017568545295339914 0.084656320395306919 0.020474421087514984 0.68720383953334896 0.0055173859025404292 0.0042033190621472609 0.0096357715067719799 0.63515610537381062 -0.88966237386286517 1.8862571142118574 0.077141816382879549 0.048013377754128291 1.1016444726506402
decision_type=8 8 10 10 10 10 10 10 10 8 10 10 10 10 10 10 10 10 10 10 10 10 10 8 10 2 10 10 10 8
left_child=12 5 4 7 9 6 28 25 -9 10 -3 -11 13 14 15 -1 -17 24 21 22 -21 -14 -20 -15 -16 -4 27 -6 -2 -5
right_child=1 2 3 29 26 -7 -8 8 -10 11 -12 -13 18 23 17 16 -18 -19 19 20 -22 -23 -24 -25 -26 -27 -28 -29 -30 -31
leaf_value=-0.011820594409734989 0.011451313626377713 0.0094965064275638004 0.00097234687785828055 -0.01753778506687349 0.00054135026810273794 -0.00062237952241997387 0.0036410019656748591 -0.017839245418524396 0.0060110769005829647 0.0007519593422676918 0.0016843811312542308 -0.014757002707347285 -0.0010045695287020995 -0.021040001120302448 0.018068348879248814 0.0055215762689399834 -0.0054021556433981998 -0.0073002921363880188 0.0081854345203159293 0.020489921826317262 -0.0016265796741061439 0.014632524120105551 -0.0078730224377172829 0.0021541118931373031 0.0015596585152074941 0.015145730715927553 -0.0076610909980592877 -0.0074802730822623367 0.025568541606081067 0.00041953251147620082
leaf_weight=52.254065317101777 20.785994271049276 78.725796150858514 10.026453298167324 5.0817586127668619 201.13072959391866 15.904929951997472 19.015334811992943 5.4729250564705572 87.494650822249241 72.060180276515894 102.15721672098152 10.093672130373305 15.560099860886114 17.515719140996225 8.5090475770412031 23.43420872988645 256.46825425035786 16.008669886505231 7.0481784180738023 6.9502825790550542 7.8280120976269245 13.477808510768226 63.006801607669331 3.6956644193269339 20.895122219459154 46.792948569869623 32.746733890788164 27.475349802640267 15.950710743898524 12.678908271947877
leaf_count=12296 233 2153 201 213 17025 378 341 153 2654 4878 4960 919 3430 4847 1699 5291 57578 3681 1445 695 1606 3419 14475 936 5168 713 3527 2921 154 413
internal_value=-3.18227e-06 0.00296544 0.00218796 0.00624829 0.000875512 0.0102982 0.0134226 0.00765356 0.0044002 0.00312495 0.00513447 -0.00127199 -0.00442794 -0.0054533 -0.00475651 -0.00565939 -0.00446051 0.0017623 -0.000794776 -0.00333796 0.00922414 0.00639895 -0.00612271 -0.0169488 0.0068728 0.0127566 -0.00138027 -0.000438054 0.0181755 -0.00521953
internal_weight=1276.25 763.594 691.937 167.548 524.39 71.657 55.752 149.787 92.9676 263.037 180.883 82.1539 512.652 398.781 377.569 332.157 279.902 45.4128 113.871 84.8333 14.7783 29.0379 70.055 21.2114 29.4042 56.8194 261.353 228.606 36.7367 17.7607
internal_count=158402 41836 40730 4347 36383 1106 728 3721 2807 12910 7113 5797 116566 91496 85713 75165 62869 10548 25070 18221 2301 6849 15920 5783 6867 914 23473 19946 387 626
is_linear=0
shrinkage=0.03


Tree=38
num_leaves=31
num_cat=0
split_feature=59 69 69 16 53 10 53 32 53 6 6 50 53 63 44 7 18 9 54 8 59 52 54 44 38 57 8 15 44 45
split_gain=18.7892 2.97022 4.66486 3.73885 2.59791 2.93454 2.53903 2.4209 2.67343 2.3619 2.35609 2.94075 2.17929 2.16783 2.08698 1.90978 3.15698 2.52343 2.38204 1.88923 1.72002 1.68739 2.01821 2.01214 1.64153 1.61407 1.56717 1.52127 1.00386 1.00324
threshold=0.90179360784418805 1.2915350115504582 -2.3446232655665509 0.078628637743002452 0.010989558943293544 1.7733966723369583 0.014559210353948337 0.2995341135814748 0.019656345392460046 0.022382743965839762 0.051829697362679367 0.032715595336144328 0.012924724258625559 0.16419481539670075 0.051015678551763817 0.013669042429212821 70.549084168677339 2.1652445513456295 0.53768365825982556 0.010758949239431886 0.409229998653108 0.23099646237003255 0.57514232024538892 -0.089159098601925488 1.556857392158095 0.98274000148953611 0.019454335758013769 0.02130108512856799 -0.04022897102771688 0.0072707661124572073
decision_type=8 10 8 10 8 10 10 10 10 10 10 10 10 10 10 10 10 10 10 10 10 2 10 10 10 10 10 10 10 10
left_child=7 2 10 6 19 24 9 8 20 -3 11 12 -2 28 -7 18 17 -17 25 -4 21 23 -23 -1 -6 -5 -8 -11 -10 -20
right_child=1 3 4 15 5 14 26 -9 13 27 -12 -13 -14 -15 -16 16 -18 -19 29 -21 -22 22 -24 -25 -26 -27 -28 -29 -30 -31
leaf_value=-0.017439761820782003 0.016942302632307872 0.017503471938310977 -0.00052834180464492913 7.4575643400433432e-05 -0.00025452554040475504 0.0080072523204877417 0.020863657894598306 0.0061789030968165256 0.0097159975809269095 0 0.018250457781707339 -0.0067527771526629489 0.0036536657254247415 -0.013815726539761266 0.00087522073775023765 -0.0073650586461417511 0.0180777196400758 0.010794280611009205 0.012267792392323828 -0.022300464646492702 -0.0021320443628839981 -0.0045437241961232364 -0.011626707928909559 0.010366869758912375 -0.01520622115621776 -0.013456683714578577 0.0069799607304301473 0.012035041070476286 -0.0076003894837612601 -0.0017600892925369197
leaf_weight=1.9410775871947397 18.583962902892381 12.749162923661059 7.7153372487518919 14.376549094682561 236.89714850636665 77.885310010751709 25.918262097751722 19.786646459368058 5.2995982349384576 35.357732215896249 17.870320776477456 12.359930448117664 29.151318361982703 40.55893498880323 71.898483796627261 14.821654449449854 13.436199723742901 11.170381398755124 10.100157411769034 6.3102580588310957 315.73629999632249 156.58196283946745 48.618589768419042 10.31063914450351 5.8189064152538768 15.556440625805406 13.006966524291782 11.73007324663922 4.6958684715209511 6.8739682340528807
leaf_count=460 206 195 268 430 11963 1809 278 1519 530 481 139 184 392 11348 1934 285 164 148 197 195 67429 40272 12801 2295 294 404 180 159 1025 195
internal_value=-2.6463e-05 0.00342883 0.00217661 0.00666109 0.000870104 0.00134235 0.0106265 -0.00386425 -0.00421979 0.00648859 0.00885368 0.0057573 0.00913015 -0.0107896 0.00463217 0.00202076 0.00682238 0.000438763 -0.00201082 -0.0113557 -0.00357222 -0.00563027 -0.00628471 0.0047514 -0.000686211 -0.00706844 0.0165905 0.00314192 0.00135656 0.00663818
internal_weight=1273.12 669.589 484.491 185.098 406.525 392.5 98.7622 603.53 583.743 59.837 77.9655 60.0952 47.7353 50.5544 149.784 86.3354 39.4282 25.992 46.9071 14.0256 533.189 217.452 205.201 12.2517 242.716 29.933 38.9252 47.0878 9.99547 16.9741
internal_count=158179 20500 17384 3116 16463 16000 1293 137679 136160 835 921 782 598 12903 3743 1823 597 433 1226 463 123257 55828 53073 2755 12257 834 458 640 1555 392
is_linear=0
shrinkage=0.03


Tree=39
num_leaves=31
num_cat=0
split_feature=59 36 30 69 10 31 68 72 43 0 55 17 32 53 53 75 46 18 17 7 10 40 46 6 14 43 45 50 60 9
split_gain=15.9469 3.55719 3.78051 2.59448 4.00074 3.10206 3.07434 2.47621 4.1138 3.39513 2.88133 2.53948 2.37452 2.43151 2.24099 2.12112 2.00998 1.91935 1.8918 1.85924 1.83748 2.00703 1.45923 1.29796 1.34375 1.24781 1.24046 0.997432 0.985428 0.869152
threshold=0.90179360784418805 -0.31802785211507395 0.6634850185469362 2.3617368352301114 2.4008604379846656 -0.034370243040980124 1.6197116571365962 2.2881648840727622 0.047820791633721112 0.0080499276106698065 0.63064089566712223 -0.13437099009862727 0.2995341135814748 0.019447970887333878 0.017635968509871418 0.40017210766793448 0.0074337075573167244 73.883475008960644 0.25280563796204347 0.021953632666105633 0.34311905152262051 0.013296021007864615 0.0071574059169649948 0.018709693522532558 0.24998206043859375 -0.0096787581715406228 0.0041626231447062902 0.041000412974615548 0.080881963450163338 0.60776434840884586
decision_type=8 8 10 10 10 10 10 10 10 10 10 2 10 10 10 10 10 8 2 10 10 10 10 10 10 8 10 10 10 8
left_child=12 2 18 7 5 17 -7 10 9 -9 11 -3 13 14 15 28 -4 -5 -2 -12 25 -22 -17 -14 -25 -15 -16 -26 -1 -28
right_child=1 3 16 4 -6 6 -8 8 -10 -11 19 -13 23 20 26 22 -18 -19 -20 -21 21 -23 -24 24 27 -27 29 -29 -30 -31
leaf_value=0.004146384911523901 0.019297699335730292 -0.0020963304073460648 0.010076427709593201 -0.00061158518078075635 -0.0076809301444541568 0.021958305347335765 0.0050166708971066043 0.0030136393122080262 -0.011848026135355997 0.014617443838365253 -0.0052835251177621107 0.0039169338383056897 -0.010246848206956514 0.023185040524469899 -0.011241658425351081 -0.0036066816806181426 -0.0071426231552426927 0.011716716771693477 0.0050419088044363304 0.0083321601756382035 -0.013293409089863947 0.0030798031192128964 -0.0087127622480003483 -0.0032581455775946714 0.002144818934037437 -0.0049824954696454371 0.01405169612971249 0.020155052276486802 -0.0025697884288456031 0.0026120106598399263
leaf_weight=20.061014592938591 28.63772501796484 94.019355732365511 9.3748351810500044 31.87760901323054 14.051573954056947 23.518322316929698 18.011470307596028 63.583137164707296 10.189546916633843 35.720091875293292 92.628663084935397 185.88991476036608 2.6820586913963806 1.567775977309793 3.192086615599691 110.76164886634797 13.810275991447268 16.238570810761303 13.827249067369847 8.9359720998909307 48.387257298920304 7.0838438203791148 100.43251034535933 4.8616228693863404 4.9788161565083993 2.2490808485308658 8.0237184258876368 7.9075323957949877 258.79613094701199 22.468040964507964
leaf_count=4380 309 3227 145 639 208 190 257 1180 284 622 5573 6677 286 123 703 27653 263 278 193 294 12836 1197 26239 569 335 557 1810 330 55922 4994
internal_value=-8.041e-05 0.00313652 0.00972924 0.00238854 0.00668609 0.00903104 0.014972 0.00146301 0.00541945 0.00732164 0.000308367 0.00188617 -0.00360479 -0.00396295 -0.0032896 -0.00380844 0 0.00364181 0.0149476 -0.00398677 -0.00970812 -0.0111319 -0.00607861 0.00618421 0.00924139 0.00837589 0.00406447 0.0140682 -0.00206282 0.00606817
internal_weight=1263.77 660.314 65.6501 594.664 103.698 89.646 41.5298 490.967 109.493 99.3032 381.474 279.909 603.453 583.023 523.735 490.051 23.1851 48.1162 42.465 101.565 59.288 55.4711 211.194 20.43 17.748 3.81686 33.6838 12.8863 278.857 30.4918
internal_count=158273 20339 910 19429 1572 1364 447 17857 2086 1802 15771 9904 137934 136414 121701 114194 408 917 502 5867 14713 14033 53892 1520 1234 680 7507 665 60302 6804
is_linear=0
shrinkage=0.03


Tree=40
num_leaves=31
num_cat=0
split_feature=59 69 69 9 23 45 45 44 32 59 53 53 46 53 52 42 44 67 16 70 45 54 44 29 50 57 45 51 57 6
split_gain=17.7745 4.60448 3.38479 2.77881 2.46251 2.43033 4.11948 3.90217 2.35293 2.13934 2.09451 2.05594 2.44046 2.28897 1.96159 2.18874 2.12099 1.95321 1.87619 1.6276 1.70495 1.625 1.17168 1.06704 1.17301 1.35924 0.974037 0.83516 0.777999 1.00646
threshold=0.90572098097046594 -2.3446232655665509 2.2046456638681273 2.9502547703398938 -0.036300852388684794 0.006228340564539918 0.0044011192485553501 0.082514527549341757 0.2995341135814748 0.5914195923273402 0.02123172071865408 0.012967524304535403 0.0095597713807813161 0.014884105562848001 0.23099646237003255 -0.015431771690425864 -0.12918337154265866 -0.19474551001351623 0.086113730923189205 0.42530750794793987 0.0097280508722366061 0.59255623376732636 0.063232386428749413 7.7972716346367408 0.036476175421955477 0.90179360784418805 0.017708530022331932 0.67185328418635581 0.016931235890636762 0.020031428726280741
decision_type=8 8 10 10 10 10 10 10 10 10 10 10 10 10 2 10 8 10 10 8 10 8 8 8 10 10 8 2 10 8
left_child=8 11 3 19 -4 6 -5 -7 9 10 14 -2 13 -13 16 -16 -1 -6 -19 21 -21 -3 26 24 -10 -26 -12 -14 29 -11
right_child=1 2 4 5 17 7 -8 -9 23 28 22 12 27 -15 15 -17 -18 18 -20 20 -22 -23 -24 -25 25 -27 -28 -29 -30 -31
leaf_value=-0.019895301931199188 0.0175702115813045 -0.0010086448488741007 0.014889965284906619 0.00042136312448518378 -0.0079077589071978108 0.0076871480726481839 0.019186354127412594 -0.018791463958795839 -0.0010821247960820979 -0.0017400811337739887 -0.025448504575846319 -0.0098378809281861566 0.0066785311067166404 0.0083649317105593327 -0.012168976083914726 -0.0044609554677025199 0.0082397538790322557 0.012586972988321165 0.0026927905284868186 -0.00017693303076616584 0.0044413271346577712 -0.012338249247654724 0 -0.010846875729033962 -0.00050154136383549145 0.019409521832610771 -0.0068216297375774801 0.017606429540411882 -0.0022547057005842799 0.012561684388271387
leaf_weight=1.7885070326738057 24.329909291118383 43.131898038438521 27.598976692184806 18.876871201675385 9.0378605797886831 13.784225101815538 23.943006054614671 6.5567749773617825 7.3284749342128661 9.4488532620016503 8.2719122838461736 11.306024195742795 16.569150622934107 11.525764429941772 38.17460067581851 268.70375923125539 16.356842024601068 25.999578978866339 52.941860296647064 227.66263532883022 103.37379013560712 14.946025102515703 3.308596117654818 2.0608676797710386 4.0346582075580946 8.6818471434526128 5.5164819459896544 13.987584866583346 236.70456507022027 6.5794725725427261
leaf_count=443 266 2742 237 400 116 279 385 194 636 1767 2251 181 186 147 10075 70717 3607 344 1049 8121 3180 1759 982 161 512 266 1839 146 44896 415
internal_value=6.84338e-05 0.00354788 0.00259291 0.00140627 0.00715878 0.0071942 0.0111808 -0.00118806 -0.00356738 -0.00392995 -0.0054784 0.0103658 0.00676477 -0.000557576 -0.00489324 -0.00546596 0.00441559 0.00455971 0.00610568 0.000443051 0.00126522 -0.00413453 -0.0155517 0.00580726 0.00809611 0.0132975 -0.0191643 0.0121753 -0.00180869 0.00434741
internal_weight=1262.53 645.572 567.854 452.275 115.578 63.1609 42.8199 20.341 616.959 594.854 342.121 77.7184 53.3885 22.8318 325.024 306.878 18.1453 87.9793 78.9414 389.114 331.036 58.0779 17.097 22.1058 20.045 12.7165 13.7884 30.5567 252.733 16.0283
internal_count=158299 19732 18806 17060 1746 1258 785 473 138567 136992 89914 926 660 328 84842 80792 4050 1509 1393 15802 11301 4501 5072 1575 1414 778 4090 332 47078 2182
is_linear=0
shrinkage=0.03


Tree=41
num_leaves=31
num_cat=0
split_feature=58 78 57 57 7 53 76 57 44 17 60 37 57 29 38 16 46 63 53 57 48 30 4 53 43 7 42 43 57 34
split_gain=14.1533 3.3199 4.03972 3.8533 2.63531 2.71535 2.485 2.30079 2.5449 2.24844 2.65128 3.2541 2.69451 2.54758 2.33181 2.32568 2.32223 2.21759 2.79728 2.19351 1.90958 1.90412 1.82925 1.66656 1.65598 1.58335 1.56925 1.39553 1.20277 1.40259
threshold=0.87090053763440867 -0.33203583600935233 0.0043243293783250597 0.91354117830911086 0.016657051333041229 0.014741878768722136 -0.20410120345641078 0.90572098097046594 0.16428366975657974 0.41968823991489757 0.98274000148953611 0.50400448040974621 0.98274000148953611 1.763927562833419 0.97622308390613888 -0.11196014730843072 0.0087237783845299944 0.23632527809743001 0.02123172071865408 0.97870072131742514 -0.062788491177733094 0.45826009159504266 -0.014781499631468185 0.010900370295388781 -0.014756483944819708 0.022832324023088674 -0.015890083658364747 -0.0062752558754549095 0.045027076366764097 0.0051319852289951557
decision_type=8 8 8 8 10 10 10 10 10 2 10 10 10 10 10 10 10 8 10 8 10 10 8 10 10 10 10 8 10 10
left_child=7 2 -2 4 5 -4 19 17 20 10 12 16 15 -14 -13 -3 -12 28 23 -5 -9 25 -23 27 -6 -11 -25 -19 29 -1
right_child=1 9 3 6 24 -7 -8 8 -10 21 11 14 13 -15 -16 -17 -18 18 -20 -21 -22 22 -24 26 -26 -27 -28 -29 -30 -31
leaf_value=0.005751102990049297 0.020798732542568941 0.0045876555703845984 0.00096821823563111766 0.015605555086855816 -0.0018274516126271939 -0.014727658509315981 0.018639779582963686 -0.011917349037483288 0.017173115296218528 -0.012892558267249743 0.0071507024038229708 0.023785057254781763 0.016880534880665744 0.00092984420944475796 0.0077313653319589209 -0.0014785008847594016 -0.007311316552629509 0.012235146236228468 -0.015605418812740418 0 0.0015350854771146957 -0.0049068109992886242 0.0089097107280339104 -0.009360842110019028 0.012334703139842525 0.0065967467139145912 -0.0039250540461887324 -0.003690349915163771 -0.0023615254065481326 -0.0080826100003369983
leaf_weight=36.905448071309365 16.510836077854037 81.448978489730507 31.626835205359384 11.497111570322884 10.60201005311683 13.183102591428904 22.870064199203625 9.9333757300628331 7.3307501077651969 20.772194602061067 24.856312186340801 13.23552846862003 17.654516865499318 18.491085152956657 24.867693602223881 181.78744148934493 15.199754871719049 8.8873465942451713 20.400819009519182 22.218767236918211 70.865226099966094 18.509850051137619 14.362909804214722 57.495151564478874 20.063807723578066 3.6651809809263787 322.3974903835915 8.8080456135794538 121.79382390517276 6.9181081077549598
leaf_count=2926 114 3507 822 163 234 400 320 1670 229 1500 460 141 210 487 369 10778 311 1899 5725 325 8412 716 639 14095 336 110 77065 1902 21761 605
internal_value=-0.000130238 0.00328255 0.00714788 0.00527517 0.000762591 -0.00380472 0.0111243 -0.00309929 0.001381 0.00194166 0.00278715 0.00768115 0.00147818 0.00904607 0.0138501 0.000397357 0.00154543 -0.00378218 -0.00494549 0.00554992 -0.000207554 -0.003529 0.00112621 -0.00435321 0.00744063 -0.00970714 -0.00477803 0.00437423 -0.000816131 0.00336875
internal_weight=1255.16 583.424 148.573 132.062 75.4758 44.8099 56.5859 671.736 88.1294 434.851 377.541 78.1593 299.382 36.1456 38.1032 263.236 40.0561 583.606 417.989 33.7159 80.7986 57.3101 32.8728 397.588 30.6658 24.4374 379.893 17.6954 165.617 43.8236
internal_count=158231 21942 2714 2600 1792 1222 808 136289 10311 19228 16263 1281 14982 697 510 14285 771 125978 100686 488 10082 2965 1355 94961 570 1610 91160 3801 25292 3531
is_linear=0
shrinkage=0.03


Tree=42
num_leaves=31
num_cat=0
split_feature=71 72 53 53 70 51 44 57 57 73 17 78 45 44 44 54 52 53 44 53 52 45 44 10 63 41 41 48 47 60
split_gain=13.9465 3.36593 3.11994 4.7116 4.27455 3.84324 3.28493 2.45239 2.62762 2.78586 2.46031 2.42516 2.20916 2.17278 3.31701 2.95649 2.94361 2.90702 2.54186 2.45223 2.38242 2.43703 2.27402 2.05759 1.90111 1.92734 1.79695 1.75841 1.67767 1.28582
threshold=0.51878994884361929 2.0737793983761557 0.019447970887333878 0.017784369646342692 1.8757523816890271 0.63073477474373341 0.071648708741143943 0.0043243293783250597 0.98274000148953611 0.29845137598339194 -0.065913861398970403 -0.65852471686157887 0.014075581991936519 0.074067940574290794 0.084656320395306919 0.35812406606086405 0.71967429796997362 0.020765565365582783 0.069399657099751391 0.017033352651483157 0.76095749503120758 0.006228340564539918 0.068761063244456314 0.38458443056177949 0.18000124207621915 0.0095563703244798699 0.0083482291346139732 -0.037633860567644443 -0.15327850463673823 0.27987496043051602
decision_type=8 10 10 10 10 2 10 8 10 10 2 8 10 10 10 10 2 10 10 10 2 10 10 10 10 10 10 10 10 10
left_child=13 7 3 4 6 -6 -3 11 9 10 -9 -2 -4 17 15 -15 27 18 19 22 26 -22 -1 -21 -10 -26 -18 -16 -19 -17
right_child=1 2 12 -5 5 -7 -8 8 24 -11 -12 -13 -14 14 16 29 20 28 -20 23 21 -23 -24 -25 25 -27 -28 -29 -30 -31
leaf_value=-0.0053939336809410128 0.018700195614813474 0.0028765612005411034 0.020272966226952367 -0.016450868117215311 0.014089294987608005 0.0024295541722658301 -0.012628232690864155 -0.0016105147565906909 0.013998874487029432 -0.0041883948366437393 0.0032897350443925584 0.00072998550133457861 0.0015719141166112927 -0.01150935776108096 0.0017490598786742181 0.021982223974050533 -0.00055666231960545774 -0.002844740575096546 -0.016449712441551342 0.01829870622483621 -0.011216112537247235 0.0028436475892134696 0.021688368399821547 -9.4135194480627572e-05 0.0068454212056011602 -0.0050204002140041906 0.021398609354387449 -0.016803597696210728 -0.021861470904356729 0.0064015127142522466
leaf_weight=273.57045573100913 12.849339188775046 50.154665404348634 19.084048626944426 8.5657878249185142 57.099661534186453 47.415038584498689 15.159447910264133 163.56453544821125 18.658383563626558 115.68261106644059 207.56507671717554 14.078634831588717 8.6838539622258377 4.5919186018873033 5.4955221721902516 8.1140060893958452 5.6663064365275186 6.8042836649110567 15.073739881743675 5.3538688039407125 18.224839163944125 24.986886118305847 1.8127942682476703 37.215798891964369 35.737718061427586 17.391547922044992 6.26119272375945 17.644988076295704 13.899774420773609 14.375894880970007
leaf_count=73243 127 1456 317 213 766 734 506 8830 211 11421 10547 247 174 1162 1202 1952 1520 2128 3920 971 4545 5824 595 9723 882 466 1503 4619 3980 4078
internal_value=-0.000147179 0.00226196 0.00555272 0.00402425 0.00516479 0.00890123 -0.000813036 0.00109069 0.000649973 -0.000138624 0.00112351 0.00977488 0.0147868 -0.00430407 -0.000485025 0.0083476 -0.00364537 -0.00542857 -0.00470546 -0.00408944 0.000123588 -0.00313786 -0.00512697 0.00251712 0.00596732 0.0028848 0.0115002 -0.0123834 -0.016169 0.012847
internal_weight=1250.78 791.69 206.163 178.395 169.829 104.515 65.3141 585.528 558.6 486.812 371.13 26.928 27.7679 459.092 105.362 27.0818 78.2797 353.731 333.027 317.953 55.1392 43.2117 275.383 42.5697 71.7876 53.1293 11.9275 23.1405 20.7041 22.4899
internal_count=157862 36897 4166 3675 3462 1500 1962 32731 32357 30798 19377 374 491 120965 26405 7192 19213 94560 88452 84532 13392 10369 73838 10694 1559 1348 3023 5821 6108 6030
is_linear=0
shrinkage=0.03


Tree=43
num_leaves=31
num_cat=0
split_feature=59 69 17 72 52 48 45 70 69 27 53 43 72 59 44 6 52 52 53 25 48 42 53 42 44 53 31 53 44 44
split_gain=15.1319 3.88486 3.62312 3.62123 3.08283 4.47823 3.00784 3.40022 2.98333 2.85534 2.43295 2.18727 2.11656 2.76484 1.85316 1.72126 2.5608 1.71114 1.53954 1.44385 1.38817 1.37983 1.36468 1.57985 2.46929 1.65516 1.12386 1.10904 2.14442 1.07468
threshold=0.90572098097046594 -2.3446232655665509 0.46280020277912809 2.0737793983761557 0.60809578262408459 -0.0079094084004419623 0.0042397005393222187 1.8757523816890271 0.72684920116147722 -0.03735130660085461 0.013305201627258385 0.025030839831437394 -1.2294053513963665 0.42121710017799807 0.074697451810853868 0.051829697362679367 0.75080741573434695 0.23099646237003255 0.01449245750998006 -0.04674588628786009 -0.061424138205338978 -0.026985891441460349 0.019391976598328607 0.024424182527982622 0.061421834541732896 0.017635968509871418 -0.044490015755155203 0.020474421087514984 0.10410281038812709 0.1557699926064621
decision_type=10 8 2 10 2 10 10 10 8 10 10 10 8 8 10 10 2 2 10 10 10 10 10 10 10 10 10 10 10 8
left_child=12 15 3 4 5 -3 9 -8 -6 -5 11 -4 14 22 17 16 19 21 -12 -2 -19 -1 23 25 -25 -14 -20 28 -16 -24
right_child=1 2 10 6 8 -7 7 -9 -10 -11 18 -13 13 -15 27 -17 -18 20 26 -21 -22 -23 29 24 -26 -27 -28 -29 -30 -31
leaf_value=-0.0010945308369197102 0.014718176425264348 -0.00015185950303313304 -0.024484133709160045 -0.011640913241129144 0.0005207873423810792 -0.020254913587963705 0.0023868295182412772 0.01293366085711725 0.0081311151593736614 0.0083221521380217461 0.0078532769876307577 0.00073487015137239367 -0.007442283002287579 -0.0020185378274925332 0.013355518118577277 0.018484001413617505 -0.0045483489449047575 -0.014530835406358605 -0.0097464217740201742 0.0032767230871617236 -0.00034506349235209535 0.026685566983033569 -0.016357959515375844 -0.0058550842329141047 0.011011760637145063 0.0060790857107235093 0.00070994153433727512 0.021876198293010227 -0.011229262187650382 0
leaf_weight=2.5055626143002883 27.796692318981513 102.91060132894199 7.6049217473482695 12.513953940244393 99.879842337453738 10.083649393054655 43.23070481873583 81.472347582224756 87.251289994688705 11.257791598793117 12.075685519143006 4.3937559153418988 139.08544038876425 402.01379667461151 7.7980619954178128 16.84707136452198 12.022521700710056 6.5359657180961213 16.052033005747941 17.407460190355778 38.33715822926024 2.4533674299018449 18.148080854560249 18.872102186549458 11.834913785452953 7.6783478023717171 18.887666317168627 4.588203855440951 3.9850954206194729 4.1937210187315968
leaf_count=576 308 3319 307 206 3598 321 1048 1181 1819 251 348 155 36826 76374 1632 132 193 1699 610 249 8890 218 5247 4930 3028 1932 552 272 928 782
internal_value=0.000166056 0.00370262 0.00274602 0.00366943 0.00174957 -0.00213413 0.00749248 0.00934934 0.00410947 -0.00211142 -0.00416753 -0.0156724 -0.00290986 -0.00347164 0.00212806 0.0100941 0.00729769 -0.00074283 -0.000903674 0.0105434 -0.0027484 0.0143177 -0.00635566 -0.00538921 0.00069329 -0.00667822 -0.00414798 0.010579 0.00457819 -0.0133443
internal_weight=1249.72 581.688 507.614 448.6 300.125 112.994 148.475 124.703 187.131 23.7717 59.0141 11.9987 668.03 601.826 66.2034 74.0737 57.2267 49.8321 47.0154 45.2042 44.8731 4.95893 199.813 177.471 30.707 146.764 34.9397 16.3714 11.7832 22.3418
internal_count=157931 14597 13715 11743 9057 3640 2686 2229 5417 457 1972 462 143334 129119 14215 882 750 11383 1510 557 10589 794 52745 46716 7958 38758 1162 2832 2560 6029
is_linear=0
shrinkage=0.03


Tree=44
num_leaves=31
num_cat=0
split_feature=70 38 6 45 45 9 57 29 34 14 44 44 42 68 5 72 32 38 42 32 10 64 16 78 69 38 39 45 69 58
split_gain=12.8418 3.97573 3.50224 2.8229 4.30755 3.26956 2.61567 2.47025 2.00012 1.92568 2.05664 2.21987 2.17289 1.81942 1.77648 1.8196 1.73654 1.6524 1.63457 1.60111 1.57685 1.517 1.46976 1.45274 1.45217 1.29408 1.25429 1.24834 1.18263 1.15185
threshold=0.56253546700676005 1.3107641361099482 0.02931586072884999 0.006228340564539918 0.0064180405812269276 2.9502547703398938 0.97080288796103009 0.90036301196872148 0.02700018866892721 -0.25424018730717163 0.076579330989720598 0.084656320395306919 0.017456881710605002 1.567180251303451 0.067781354775872452 -1.1906323799713847 0.23307903185234982 0.68480026373968927 0.050074529414674725 0.084408340964451392 1.3884684918922408 0.96315691415035343 0.026981154223932883 -2.4510436916850433 2.3617368352301114 0.76966918662214068 -0.02901083768951462 0.0048905697814625917 -1.1482006541045477 0.99787007213174261
decision_type=8 10 10 10 10 10 10 10 10 8 10 10 10 8 10 10 10 8 10 10 8 10 8 10 10 8 10 10 8 8
left_child=6 2 17 5 -5 8 9 -6 -4 23 18 20 -13 19 15 -3 -15 -2 22 -8 -12 24 -11 -1 -19 -21 -18 -7 -25 -16
right_child=1 14 3 4 7 27 13 -9 -10 10 11 12 -14 16 29 -17 26 21 -20 25 -22 -23 -24 28 -26 -27 -28 -29 -30 -31
leaf_value=-0.010899287085048783 0.011427980013271957 0.009401460959322842 0.003357947253146074 -0.013947645030033682 0.0079697793211030554 0.011199109100240356 -0.0042236125893927575 0.00050244856837116498 0.018678285176071039 -0.0029824838818282851 0.011685335692850825 -0.0067184314975254318 0.002763682108914027 0.010053397401430818 -0.0021753555709609312 -0.0065874196189705768 0.0045112020729842599 0.0008545629437142579 -0.015440869434282353 0.025027488910004621 -0.0073268322171265617 -0.0091055614443144983 -0.0066939079301361728 0.013438779277509503 0.007479093020129053 0 -0.015781551905892897 0.024426983982958648 -0.0051387259314747665 0.012766386821974634
leaf_weight=2.910482952604073 14.027044304762965 6.0757101890631011 47.642648972338066 10.124012217391281 110.86722469667438 17.617114776745439 2.8191107357852152 63.553739975672215 8.5346971002873016 244.87208788614953 18.357087143347599 46.936732933507301 38.494690258172341 6.4822747136931929 8.1031282609328645 64.629496265319176 3.4559413709212095 261.23924745887052 12.13989769562613 7.0930937269004035 3.9902300629764822 11.288187988859134 166.00438756350195 12.412120269145815 32.956201821449213 2.5096846545930029 6.4705990834627283 15.81593301007524 3.1516576666617757 8.4262721128761751
leaf_count=70 334 451 871 264 2186 182 411 2137 121 57119 4483 10565 8496 567 359 5538 162 17253 3127 221 698 922 38474 866 764 405 300 151 786 115
internal_value=0.000170491 0.00296254 0.00384321 0.00632925 0.00414368 0.0107017 -0.00311231 0.00528439 0.00602391 -0.00358025 -0.00391766 -0.00018641 -0.00242862 0.00552336 -0.00297242 -0.0050597 -0.00095203 0.00168762 -0.00485857 0.0137342 0.0079937 0.00119475 -0.00450189 0.00566321 0.00162964 0.0191902 -0.00867576 0.0180715 0.0094126 0.00556419
internal_weight=1259 680.901 593.666 274.155 184.545 89.6104 578.1 174.421 56.1773 549.269 530.795 107.779 85.4314 28.8307 87.2346 70.7052 16.4088 319.511 423.016 12.4219 22.3473 305.484 410.876 18.4743 294.195 9.60278 9.92654 33.433 15.5638 16.5294
internal_count=158398 31648 25185 5912 4587 1325 126750 4323 992 124684 122962 24242 19061 2066 6463 5989 1029 19273 98720 1037 5181 18939 95593 1722 18017 626 462 333 1652 474
is_linear=0
shrinkage=0.03


Tree=45
num_leaves=31
num_cat=0
split_feature=59 57 69 53 9 38 45 7 9 32 63 53 53 52 53 16 30 5 60 6 41 44 41 45 42 69 48 51 7 69
split_gain=11.5263 3.67454 3.23736 4.0257 2.85933 2.77844 2.62431 2.42144 2.01501 1.90059 2.0044 2.45197 2.11345 2.38813 1.97038 1.77461 2.71962 1.6843 1.34749 0.981102 1.23032 1.15111 0.965868 1.06927 0.799155 0.907847 0.83613 0.677208 0.509823 0.499646
threshold=0.90572098097046594 0.0043243293783250597 2.2046456638681273 0.010900370295388781 2.9502547703398938 0.9610496418079113 0.0040241815136636272 0.014575746752959457 2.0657586242194075 0.28034760572583078 0.391258868473713 0.019656345392460046 0.017392016336547866 0.60809578262408459 0.010900370295388781 -0.016569264343410824 0.57987877179920677 0.018161077221125903 0.15231194475352799 0.02042644183907218 0.022339475395064205 0.057719583043885588 0.030116918800226381 0.016248166844256593 0.016993462733556845 0.09910072757961709 -0.040393149409261357 0.97405797597453725 0.010157787040358239 -0.032657525453993558
decision_type=8 8 10 8 10 10 10 8 8 10 8 10 10 2 10 10 10 10 10 10 10 10 10 10 10 8 10 2 10 10
left_child=9 8 3 17 7 -6 -4 -5 -2 10 19 12 14 -14 -12 -8 -17 -3 -11 24 21 -21 23 -13 25 -1 -26 -24 -22 -20
right_child=1 2 6 4 5 -7 15 -9 -10 18 11 22 13 -15 -16 16 -18 -19 29 20 28 -23 27 -25 26 -27 -28 -29 -30 -31
leaf_value=-0.0051014850943642857 0.015859305105200051 -0.0026155598710558515 -0.0042266374043251065 -0.0018507640211713496 0.014274502372667272 0.0018019954487597015 0.017921457647162159 0.0028212471139437345 0.0017957798339948016 0.014819000945067405 0.0052674034085004508 -0.012464682691420334 0.012340921955896251 -0.0037701857004455385 -0.005322050837032204 0.0099394231550513409 -0.0022620626710851926 -0.024243269152712087 -0.011505528386954513 0.0064179584406613664 0.0046152101452256837 -0.0020872008253258376 -0.024165745494074548 0.0025701402272643495 -0.0087279858685372583 0.00084851483496849601 0.0023691865212463361 0.0022087740908578153 -0.0087294279562813368 0.0022720497382659193
leaf_weight=92.591820027679205 28.399720197543502 6.7476828201906738 15.609815872041507 179.52741044654977 28.82580376486294 36.984520416590385 15.425237989984451 221.50664404721465 14.475432096049188 7.6846656864509013 15.750306826783342 14.757266059517866 13.787100516434295 17.642302742693573 265.45747510535875 60.390958416624926 21.511984208598733 6.5726163031067699 1.811305077048021 41.129873785946984 2.2665567884687325 20.423057620762847 7.3906895470572627 5.0059676994569591 6.0410191335249683 29.207980495877564 43.33059285080526 0.57358992751687754 11.207446050597353 14.018566183920479
leaf_count=22481 274 247 264 9123 493 785 139 6663 171 204 3449 4310 2920 4444 67918 1031 292 204 325 3951 370 2978 1983 1772 1512 6186 10334 228 1682 1442
internal_value=0.000100984 0.00292704 0.00229658 0.00120744 0.00169037 0.00744191 0.00684958 0.000722905 0.0113287 -0.0028401 -0.00318093 -0.00467223 -0.00387284 0.00336736 -0.00470175 0.00868145 0.00670986 -0.0144445 0.00532237 -0.00109655 0.00172551 0.00355976 -0.0131325 -0.00857155 -0.00235377 -0.00365494 0.000805484 -0.0218971 -0.00611359 0
internal_weight=1246.06 635.978 593.103 480.165 466.844 65.8103 112.938 401.034 42.8752 610.078 586.563 340.365 312.637 31.4294 281.208 97.3282 81.9029 13.3203 23.5145 246.198 75.0269 61.5529 27.7275 19.7632 171.171 121.8 49.3716 7.96428 13.474 15.8299
internal_count=158175 19686 19241 17515 17064 1278 1726 15786 445 138489 136518 87024 78731 7364 71367 1462 1323 451 1971 49494 8981 6929 8293 6082 40513 28667 11846 2211 2052 1767
is_linear=0
shrinkage=0.03


Tree=46
num_leaves=31
num_cat=0
split_feature=58 32 54 4 30 69 57 53 60 32 6 69 53 34 44 54 54 42 44 27 52 41 66 42 1 53 6 59 34 38
split_gain=10.8113 2.62534 2.34216 2.94376 2.27319 2.44386 2.26956 2.1834 2.03269 1.9717 2.16644 1.94955 1.87893 1.79685 1.7617 1.76148 1.77175 1.70115 2.26001 1.69852 1.64672 1.60381 1.64484 1.77734 1.57428 1.4945 1.68012 1.33644 1.29868 1.29815
threshold=0.87090053763440867 -0.2761710207036227 0.55934547302098792 -0.30076630711650776 0.43533173115158247 2.2046456638681273 0.94397445986550299 0.013617060730033111 0.95592859785423612 0.35371090442331415 0.070717937891513788 -1.1288907789759677 0.024132712610863215 0.0021459066673752548 0.00083594828880284588 0.55238095765588868 0.45794670749167254 0.024424182527982622 0.061421834541732896 -0.058071042938878596 0.60809578262408459 -0.0077900021143855183 0.31230466156093678 0.031861202967666598 -0.12604599264395203 0.020474421087514984 0.025324225384607452 0.89016505466778817 0.0013459598069361282 0.55274674647995237
decision_type=10 10 10 8 10 10 10 10 10 10 10 8 10 8 10 10 10 10 10 8 2 10 10 10 10 10 10 10 10 10
left_child=6 2 -2 -4 21 9 11 19 -9 10 -6 15 17 -11 -8 16 -1 20 -19 -7 -13 -3 -23 -24 -14 26 27 -16 -28 -18
right_child=1 4 3 -5 5 7 14 8 -10 13 -12 12 24 -15 25 -17 29 18 -20 -21 -22 22 23 -25 -26 -27 28 -29 -30 -31
leaf_value=0.0020980777242581351 0.016198250327326427 -0.011255690298776011 0.011264431843542399 -0.0068623374559153814 0.0011967531099388049 0.010111085158083314 -0.008671843839134814 0.0066631651797740736 0.020900051131220225 0.017976496845512759 0.016260527412696214 -0.0021368813725116671 0.0071415118157100044 0 0.00017636963401292406 0.0067771431892738997 -0.02637661063433416 -0.0033442582221271471 0.0061560254358849478 -0.0037516268817390044 -0.005883049915955561 -0.011753277543996608 0.0035038277592421498 -0.011030557513797492 -0.015883725392608735 0.017374571778484088 0.0027972165318528746 0.012395194922451577 -0.015958930228726607 -0.0050557133285735823
leaf_weight=27.979629294597544 23.834260624134913 13.250247155898249 17.734928623423912 13.07336162007414 315.89631625602487 12.693261992768383 8.7464590158779156 23.835292503004894 16.299636199139059 12.146460893331094 7.8892664890736333 203.10470160329714 2.3502873356919762 8.5822163275443035 16.677466156252194 31.050708990194835 2.6278416839195442 57.401612980989739 35.645947209559381 17.740434957435358 231.067979227053 8.6598995369859022 55.040238453773782 7.7117582184728226 17.055143095669337 6.8407283189008004 5.8764260718598944 15.62296533375047 5.4569080853834748 13.537845138052942
leaf_count=3523 534 828 343 461 12550 142 1324 395 161 243 111 43286 347 201 3317 3262 145 12857 8164 343 53078 264 3216 499 4833 204 140 325 215 2362
internal_value=-2.58421e-05 0.0030792 0.00928667 0.00350419 0.00237729 0.00329283 -0.00255864 0.00835829 0.0128855 0.00222537 0.00162196 -0.00309585 -0.00371967 0.0110042 0.00299002 0.00138884 -0.00240087 -0.0033587 0.000290101 0.00207251 -0.00414643 -0.00206243 -0.000183336 0.0015256 -0.0127347 0.00519833 0.00287567 0.00637117 -0.0065522 -0.010031
internal_weight=1235.43 554.388 54.6426 30.8083 499.745 415.083 681.043 70.5686 40.1349 344.514 323.786 621.822 546.626 20.7287 59.221 75.196 44.1453 527.22 93.0476 30.4337 434.173 84.6621 71.4119 62.752 19.4054 50.4745 43.6338 32.3004 11.3333 16.1657
internal_count=157673 20291 1338 804 18953 14146 137382 1041 556 13105 12661 131857 122565 444 5525 9292 6030 117385 21021 485 96364 4807 3979 3715 5180 4201 3997 3642 355 2507
is_linear=0
shrinkage=0.03


Tree=47
num_leaves=31
num_cat=0
split_feature=71 36 69 48 46 16 32 45 40 14 53 6 3 48 44 53 44 44 52 53 44 53 45 52 45 7 8 66 9 53
split_gain=9.30059 4.78319 3.35307 2.94926 2.23691 2.21513 2.13607 2.79361 2.40791 2.969 2.12711 2.14369 1.92528 1.99458 1.86934 3.06033 2.72775 2.67224 2.51101 2.4601 2.33254 2.81606 2.34885 2.32903 2.40765 1.85011 1.84633 1.72832 1.70796 1.47471
threshold=0.4152036863211413 -0.31802785211507395 2.2046456638681273 -0.068583797197533145 0.0085616971296806517 0.078628637743002452 0.35371090442331415 0.0054444848819808498 0.016421599216571246 -0.038616343096642407 0.014656034047414527 0.024742570816884354 0.11853334589136878 -0.0025932675702812764 0.074067940574290794 0.020765565365582783 0.069399657099751391 0.063232386428749413 0.67414139568871045 0.01728576884807179 0.084656320395306919 0.020109400190769285 0.0055173859025404292 0.71967429796997362 0.0042033190621472609 0.013669042429212821 0.011745136401301993 0.96308356125624839 0.68720383953334896 0.015780824008733377
decision_type=8 8 10 10 10 10 10 10 10 10 10 10 10 8 10 10 10 10 2 10 10 8 10 2 10 10 10 10 10 10
left_child=14 3 6 -2 26 10 8 -8 27 -10 11 -4 13 -7 15 16 17 19 -19 -1 22 23 -16 -22 -25 -14 -5 -3 -23 -6
right_child=1 2 5 4 29 12 7 -9 9 -11 -12 -13 25 -15 20 -17 -18 18 -20 -21 21 28 -24 24 -26 -27 -28 -29 -30 -31
leaf_value=-0.0049981816866610865 0.018371069857905563 -0.00041716678674773663 0.012278760221859959 -2.2639423302562068e-05 -0.010503597738815328 -0.01269195457167799 0.020078863324710053 0.0011533606992618667 0.0013896081531615985 0.018864838962339963 0.0175165598245644 -0.0012977572369273168 -0.00022049791422293409 0.0037713208304315324 -0.0011731605029282465 -0.016072227336794788 -0.016298234745058676 0.028814170312253459 0.0014940619581155781 0.0035137248587163495 -0.013747049659308301 0.019696015720506575 0.016149167175196207 0.016906703390000461 -0.0040595738915996729 0.012287514195912673 0.015913264483171777 -0.0079688384570727796 -0.0003636701537418835 0.0047728814453424518
leaf_weight=253.59876427054405 21.408812512643635 498.56425931077683 19.216325690038502 9.5087608045432734 9.6707397159189004 12.753228434594346 9.8580039518419671 21.304128174670041 31.247172693605535 11.500523679889737 19.996547481976449 20.617731248959899 22.13425027707126 11.697552189114505 13.450518551748248 19.271420483710244 14.493399210390633 3.0504991865018409 13.579881965648381 33.584259044844657 19.766699340660125 6.0648882964160276 12.878380359266883 4.640313606709241 37.230290371226147 18.657051078625955 17.617052162997425 27.963164345186669 7.6218914167257026 11.009093101369215
leaf_count=68487 306 32972 412 220 152 391 167 719 1128 315 256 242 680 271 3466 5932 3824 904 3728 8249 5324 674 3469 1141 9795 301 224 2125 1630 233
internal_value=-0.000117529 0.00181574 0.00108587 0.00929909 0.00488175 0.00553435 0.000146595 0.00767179 -0.000272804 0.00648334 0.0096656 0.00531852 0.00161176 -0.00485914 -0.00361849 -0.00468972 -0.00394301 -0.00329223 0.00802564 -0.00398362 -2.07913e-05 -0.00274233 0.0074709 -0.00551302 -0.00132584 0.00558574 0.0104182 -0.000838259 0.00905676 -0.00238762
internal_weight=1233.96 794.724 725.51 69.2145 47.8056 125.073 600.437 31.1621 569.275 42.7477 59.8306 39.8341 65.2421 24.4508 439.231 337.578 318.307 303.813 16.6304 287.183 101.653 75.3241 26.3289 61.6373 41.8706 40.7913 27.1258 526.527 13.6868 20.6798
internal_count=157737 41114 39979 1135 829 2553 37426 886 36540 1443 910 654 1643 662 116623 91124 85192 81368 4632 76736 25499 18564 6935 16260 10936 981 444 35097 2304 385
is_linear=0
shrinkage=0.03


Tree=48
num_leaves=31
num_cat=0
split_feature=70 6 32 32 14 46 6 44 34 72 10 54 53 57 69 54 44 47 35 69 53 34 45 33 44 9 53 19 42 44
split_gain=10.5284 2.93695 2.28059 2.14794 3.19216 2.80965 2.78472 2.77541 4.84066 2.75095 2.78918 2.45063 4.04287 2.07139 2.20191 2.21578 2.10228 1.93664 3.64608 2.66932 2.09962 1.65763 1.63803 1.601 1.55706 1.53601 1.39931 1.95885 1.69521 2.12363
threshold=0.93506742378112695 0.030498608767105178 0.35371090442331415 -0.0677876249208159 -0.030532036408277338 0.01447023822114047 0.049269487730682605 0.090415656457718221 0.0058922812066477485 3.2859724147737244 1.3884684918922408 0.55395264673269551 0.014806521240892741 0.94397445986550299 -1.1288907789759677 0.57113465240665617 0.16428366975657974 -0.00012101782438578289 0.1131147517835835 2.2046456638681273 0.017062661025990872 0.023688630517492423 0.0038644609692475716 -0.013392326938664966 0.058458757028019732 1.8091465202905577 0.02123172071865408 -0.65172561200421308 0.024424182527982622 0.057719583043885588
decision_type=10 8 10 10 10 10 10 8 10 10 10 10 8 10 8 10 8 10 10 8 10 10 10 8 10 10 10 8 10 10
left_child=13 2 17 7 5 6 -5 11 23 10 -6 -3 -13 14 15 -1 22 18 20 21 -2 -19 -15 -9 -21 -7 28 -28 -16 -30
right_child=1 3 -4 4 9 25 -8 8 -10 -11 -12 12 -14 16 26 -17 -18 19 -20 24 -22 -23 -24 -25 -26 -27 27 -29 29 -31
leaf_value=-0.0019686427644156155 0.0039992559419221307 0.015787863303001554 0.01532777659710861 -0.0042062450102256614 0.00054253400165900335 -0.0019965850114496788 0.01533121583129321 0.015811342109811267 -0.025691037090091146 -0.0074562478897863983 0.011166275831756538 -0.0082550019567897235 0.010169744827737158 0.011454726200144313 -0.0040514468885164343 0.0083985115181061058 0.018769581402752058 -0.00943334504601844 -0.011251640442123671 0.013929637261126985 -0.0071022146605654746 0.01158574646073381 -0.0014702638527173569 -0.0033895760130135955 -0.0039421250538340061 -0.02970401889696914 0.0020178719983773787 -0.015357068804114925 -0.0035066177244378245 0.0056322464478637023
leaf_weight=51.150454438349698 171.69390922470484 42.170357278431766 8.5418861457146686 30.714861983200535 35.523020142456517 3.3971888867672524 7.2768600434064856 7.1945212413556874 4.6868798825889817 11.713535798713563 61.886536907870322 12.812898010946808 46.86779123917222 9.6903156064217892 432.55950425117044 27.638529891497456 5.5683921647723755 42.907309878617525 16.577185815782286 8.7332679774845001 15.738940303330308 2.6967813943047068 48.764769260655157 6.5218898747116345 6.9858829838922238 4.1197383981198072 7.5945878314087167 18.677621299168099 51.868966390378773 39.260186853469349
leaf_count=6773 7876 656 198 728 823 149 99 99 288 168 1003 211 1140 587 95925 2704 135 2733 1412 202 985 157 4914 242 181 263 1775 5139 11693 8905
internal_value=2.37944e-05 0.00312711 0.000909446 0.00531444 0.00291628 -0.00366302 -8.99204e-05 0.00832394 -0.0021662 0.0056957 0.00736741 0.0102512 0.00609383 -0.00243105 -0.002957 0.00169015 0.00265401 0.000378203 0.00179499 -0.0042402 0.00301839 -0.00790409 0.000778525 0.00686787 0.00604693 -0.0192389 -0.00363007 -0.0103346 -0.00326895 0.000416416
internal_weight=1241.53 548.761 273.875 274.886 154.632 45.5086 37.9917 120.254 18.4033 109.123 97.4096 101.851 59.6807 692.773 628.75 78.789 64.0235 265.333 204.01 61.3232 187.433 45.6041 58.4551 13.7164 15.7192 7.51693 549.961 26.2722 523.689 91.1292
internal_count=158163 19613 13744 5869 3233 1239 827 2636 629 1994 1826 2007 1351 138550 132914 9477 5636 13546 10273 3273 8861 2890 5501 341 383 412 123437 6914 116523 20598
is_linear=0
shrinkage=0.03


Tree=49
num_leaves=31
num_cat=0
split_feature=59 63 57 9 41 27 19 17 31 48 51 18 9 54 41 53 28 19 6 18 71 57 43 50 50 49 50 46 41 6
split_gain=8.69186 3.35686 2.99124 2.46718 3.46101 2.32667 4.31783 2.25336 2.29307 2.16181 2.93597 2.97274 2.65041 2.40354 2.04306 2.15851 1.96167 1.94639 1.87735 2.31351 1.83348 2.86993 1.77858 2.23892 1.78275 2.29765 1.79318 3.09804 1.84932 1.53362
threshold=0.90179360784418805 0.1323369911956106 0.91354117830911086 1.9119651620222455 0.013802064493068202 -0.087868869559643445 -1.2126731207012171 -0.04532730869233869 0.044672949498622945 -0.012179897707237373 0.53412292234012593 28.673337375496185 -0.26554971043423953 0.47271490267061933 0.0012064804190147218 0.016477175911792114 -0.064270260687116096 -1.2126731207012171 0.034432586898517435 55.779401801690007 3.3700339467442721 0.98274000148953611 0.047820791633721112 0.021413577096854323 0.037965012428448637 0.012038774439121493 0.032641911993514856 0.012571263670552384 0.0096873839932020162 0.020159598918756485
decision_type=8 8 10 10 10 10 10 2 10 10 2 10 10 10 10 10 8 10 8 10 10 10 10 10 10 10 10 8 10 10
left_child=22 2 9 7 14 6 -4 20 16 10 11 -2 -11 -14 15 -5 -9 -12 -6 -20 21 -3 24 -24 26 -26 29 28 -28 -1
right_child=1 3 5 4 18 -7 -8 8 -10 12 17 -13 13 -15 -16 -17 -18 -19 19 -21 -22 -23 23 -25 25 -27 27 -29 -30 -31
leaf_value=-0.0039949960082027109 -0.006309977181873083 -0.0074634001330027575 0.016777545693065755 0.0051955691946830368 -0.012195880960826947 0.020818915256429295 -0.0058809376444979751 -0.010929173426185289 0.0089845526931471766 0.01352953244804053 0.018870539426374486 0.0055245546056490562 0.0022558448861632178 -0.0072437088042309741 0.010782963291257346 -0.010651559727973599 0.00035025044254947648 0.0070198218500409333 0.015565555614345849 -0.007256545382257268 -0.022250554541528206 0.0077995245354917104 -0.0092431828536061831 0.0044149979877316633 0.0022704220311237874 -0.010562504141885429 -0.0014683023500024781 -0.018808884395056319 0.010610210734267735 0.00094025433901077579
leaf_weight=338.59213375288527 26.969172577490099 53.876852326793596 14.985367638990281 34.001557916402817 15.003246208420025 15.80414281086996 13.380651738494636 15.019098403165115 23.106333428644575 10.852949397405608 16.665803928626701 58.736501976731233 59.523947624838911 38.487679602229036 48.054212164832279 8.8825328243547101 100.3217524116626 57.78430088434834 5.9656810783781102 8.2898984549101424 4.8722639088518909 12.847572449361904 12.226833438151514 56.707493615685962 15.382432136451824 54.213728216825984 19.20648583304137 4.3023661077022544 25.078761462122202 66.489251576073002
leaf_count=85338 714 3149 155 841 499 159 183 672 676 218 298 1305 1444 958 1148 272 5638 1203 107 270 127 230 3070 12509 3778 12441 4446 1031 6125 8922
internal_value=-5.95417e-06 0.00240371 0.0046242 0.000281213 0.00369957 0.0118102 0.00615077 -0.00166898 0.00055216 0.00339386 0.00560049 0.00173613 9.88512e-05 -0.00147967 0.00658636 0.00167689 -0.00117403 0.00992734 -0.00509476 0.00249169 -0.00595378 -0.0044085 -0.00262878 0.00185203 -0.00322721 -0.00769164 -0.00252032 0.00284951 0.00538877 -0.00317723
internal_weight=1235.63 643.432 313.191 330.241 120.197 44.1702 28.366 210.044 138.447 269.02 160.156 85.7057 108.865 98.0116 90.9383 42.8841 115.341 74.4501 29.2588 14.2556 71.5967 66.7244 592.199 68.9343 523.265 69.5962 453.669 48.5876 44.2852 405.081
internal_count=157926 20266 6637 13629 3137 497 338 10492 6986 6140 3520 2019 2620 2402 2261 1113 6310 1501 876 377 3506 3379 137660 15579 122081 16219 105862 11602 10571 94260
is_linear=0
shrinkage=0.03


Tree=50
num_leaves=31
num_cat=0
split_feature=59 8 33 72 72 38 72 0 7 7 27 41 69 75 48 52 46 46 46 7 54 58 37 19 37 72 30 57 38 19
split_gain=8.62236 2.64924 3.64126 4.30258 1.81321 1.88755 1.74452 2.12455 1.70583 1.68713 1.47466 1.43791 1.40725 1.3771 1.57722 1.6803 1.49331 2.16373 2.1549 1.36657 1.30121 2.49389 2.46842 1.91178 1.89751 1.82532 1.64455 1.23469 2.23993 1.444
threshold=0.89379644373673051 0.010615671096786607 0.032790903297737921 2.4202605304444638 2.8673905519149083 0.68480026373968927 3.2859724147737244 -0.0048792846259561587 0.014575746752959457 0.0084320051814746506 -0.11344385253225341 -0.0069981574547499084 -2.3446232655665509 0.42941108601499473 -0.10872555099910929 0.23099646237003255 0.0076388682106252152 0.0057736429749772862 0.0090042221378546488 0.0066088064221658136 0.51251070095533002 0.97486908239256875 -0.059326782945793237 0.22932857181716906 -0.23289126529590778 0.50543283912331904 0.45826009159504266 0.016931235890636762 0.77269483914119419 -1.1914507465427555
decision_type=8 10 10 8 10 8 10 8 10 10 10 10 8 10 10 2 10 10 10 10 10 10 10 10 8 10 10 8 10 10
left_child=13 4 3 27 5 9 8 -8 -5 19 12 -11 -7 -1 -15 -16 17 -17 -18 -2 21 22 -4 25 -25 -22 -23 28 -3 -29
right_child=1 2 20 6 -6 10 7 -9 -10 11 -12 -13 -14 14 15 16 18 -19 -20 -21 23 26 -24 24 -26 -27 -28 29 -30 -31
leaf_value=-0.0014101155002336813 0.0040790117314514866 0.019702582913829328 -0.014605506552820112 0.0045432827957433072 -0.015589290058007637 -0.01365844350574537 0.011670618705728383 -0.0048738568479962576 0.015623113941467369 -0.0028328194519655343 -0.0058023534281924586 0.012164794147877075 0.0027174709454998803 -0.013503842606262383 0.0088933462054606397 -0.0056858681973850746 -0.013357694851139889 0.002490577227497676 -0.0039205586512569054 -0.0073866015877698272 0.0042256294694373534 -0.002582135522964856 -9.4422841913677661e-05 0.011563436618311797 0.00061293640742232311 -0.018701333117904916 0.010635186018900723 0.0065726934901437547 0.0034118643700886469 0.00053570746046751401
leaf_weight=324.21658823487815 21.880594800575636 9.6150145251303893 22.272044052719139 18.739255509339273 6.1374936834909013 4.212483549490571 12.963312609121202 12.850796974264087 53.026729429140687 6.6501201362116289 58.489493444096297 24.045376856578514 47.090908258687705 15.435517268488182 8.0698802832048369 60.112411933369003 31.139087069081143 54.245084472117014 76.728539695672225 14.76086823560763 4.7983109095366654 19.267783327610232 20.092678101325873 20.891729181399569 42.942774179391563 5.9737809908110648 13.406461299979126 46.047320678131655 31.205934590427205 153.87921247084159
leaf_count=74538 893 99 1183 501 150 93 156 185 737 229 3885 567 2420 4312 1768 15171 8058 13790 19181 561 152 593 910 582 1634 211 233 1098 529 4100
internal_value=-1.02552e-06 0.00229907 0.00345331 0.00517324 -0.000760009 -0.000144706 0.0104707 0.00344795 0.0128734 0.00375948 -0.00257858 0.00883408 0.00108007 -0.00271444 -0.00441052 -0.00373232 -0.00424203 -0.00179342 -0.00677009 -0.000533694 -0.000423843 -0.00320902 -0.00795328 0.00234319 0.00436616 -0.0087425 0.00290671 0.00297924 0.0077001 0.00196688
internal_weight=1241.19 671.24 487.973 338.328 183.267 177.13 97.5801 25.8141 71.766 67.337 109.793 30.6955 51.3034 569.947 245.731 230.295 222.225 114.357 107.868 36.6415 149.646 75.039 42.3647 74.6066 63.8345 10.7721 32.6742 240.747 40.8209 199.927
internal_count=158519 21701 12903 7405 8798 8648 1579 341 1238 2250 6398 796 2513 136818 62280 57968 56200 28961 27239 1454 5498 2919 2093 2579 2216 363 826 5826 628 5198
is_linear=0
shrinkage=0.03


Tree=51
num_leaves=31
num_cat=0
split_feature=71 60 43 37 71 33 38 9 32 17 46 52 46 53 5 52 17 71 16 30 53 14 28 57 48 43 2 58 72 71
split_gain=7.57787 3.36251 3.61201 2.81788 3.40651 2.57359 2.40371 2.40198 2.04461 1.50871 3.32206 2.81458 2.65093 2.39372 2.96417 2.10321 2.08099 1.97348 1.61818 1.49348 1.75343 1.44927 1.84552 1.82799 1.41477 1.41294 1.40304 1.25122 1.22155 1.02224
threshold=1.1894724829501249 0.98274000148953611 0.047820791633721112 0.53950425152083503 3.8546524542663514 0.032041029977253499 1.1562129850844527 2.2462601214650788 0.2995341135814748 -0.065913861398970403 0.0044955273699602847 0.60545601888554168 0.011954369246739066 0.012703870879685969 0.021530192766973478 0.52535896507161428 0.034747682045974761 2.4500003928547391 0.097347296066567904 0.57987877179920677 0.019447970887333878 -0.324590670276176 -0.26959219551997288 0.89772703015399336 -0.063597867329977617 0.052913381553721169 0.010151094471985036 0.9445014830025098 -1.2100165108166643 -0.38317276289562929
decision_type=8 10 10 10 10 10 10 10 10 2 10 2 10 8 10 2 2 8 10 8 10 8 8 10 10 10 8 10 10 10
left_child=8 9 3 4 5 -3 -5 -4 19 10 13 15 -13 14 -2 -12 18 -15 27 20 24 22 -18 -23 -1 -26 -20 -11 -21 -30
right_child=1 2 7 6 -6 -7 -8 -9 -10 16 11 12 -14 17 -16 -17 21 -19 26 28 -22 23 -24 -25 25 -27 -28 -29 29 -31
leaf_value=-0.0096817632466758702 -0.0065142892389617943 0.0041072570084773321 0.0045680434789031679 0.018766735305657509 0.014154198400163128 -0.0099924395034346487 0.0036857910629328784 -0.019147149365827655 0.0068598835564273016 0.0046365727617420811 -0.00018522619901071118 0.0065578765784024655 -0.010013160785755872 0.008912910747808922 -0.035252460590558053 -0.011659226135897887 0.011520270840240763 -0.011250787680686967 0.0096561915186105206 0.0045246302043529651 -0.01075412270976075 -0.0023604689339414057 -0.0046365353316747447 0.0042220452791732329 -0.0032512418996570895 0.0044165955970837381 -0.0092307486874005692 0.012171103107784553 -0.0044030770771906168 -0.00030968029828902722
leaf_weight=27.051141642965376 9.0823744633235055 54.153353486675769 6.5272318061906827 29.937521791085601 23.926169313490391 13.727178018074481 15.363409178564323 6.9580887469928712 20.139593836502172 65.296085620066151 51.045618772623129 72.691990571096539 8.8198864024598134 7.4460560814477486 4.9598909860942504 19.342712807119824 20.396486382931471 7.9800408801529557 4.1277374443598074 30.509605439146981 31.467636759276502 123.68866673193406 8.0958794391481224 53.499393326055724 209.86536041519139 22.916252045892179 10.17500956985168 30.787402258487418 83.835297980811447 161.20658175472636
leaf_count=6575 684 1009 133 327 255 390 247 180 1482 2778 1575 1871 338 198 144 629 342 794 111 6958 8745 6312 187 1204 51734 5731 408 608 22724 33321
internal_value=0.000185703 0.00242271 0.00633998 0.00781338 0.00465676 0.00110871 0.013907 -0.00793838 -0.00227873 0.00122044 -0.000945445 0.000844436 0.00462885 -0.00999509 -0.0185331 -0.00349946 0.00247182 -0.00138521 0.00577841 -0.00262021 -0.00411799 0.000663319 0.00682617 -0.000343597 -0.00326466 -0.00246788 -0.00330916 0.00718221 -0.00101681 -0.00173454
internal_weight=1235.02 648.028 150.593 137.108 91.8067 67.8805 45.3009 13.4853 586.991 497.435 181.369 151.9 81.5119 29.4684 14.0423 70.3883 316.067 15.4261 110.386 566.852 291.3 205.68 28.4924 177.188 259.833 232.782 14.3027 96.0835 275.551 245.042
internal_count=157994 20724 2541 2228 1654 1399 574 313 137270 18183 6233 4413 2209 1820 828 2204 11950 992 3905 135788 72785 8045 529 7516 64040 57465 519 3386 63003 56045
is_linear=0
shrinkage=0.03


Tree=52
num_leaves=31
num_cat=0
split_feature=58 72 7 49 78 44 49 60 53 36 76 38 25 35 13 63 44 44 53 53 26 47 62 57 53 57 49 60 54 45
split_gain=7.44797 4.31164 2.37202 2.08493 3.35452 2.5379 2.97925 2.64829 2.06231 2.00984 2.26659 1.98308 1.91105 2.83083 2.13399 1.85386 1.70315 2.33648 2.32825 2.09199 1.68643 1.61547 1.42977 1.40632 1.39495 1.3873 1.54834 1.2906 1.27338 1.23762
threshold=0.87090053763440867 2.4202605304444638 0.0098360503532397732 0.025881013748611851 -0.65852471686157887 0.019350218527347866 0.0021142251448761367 0.99371727059814219 0.010900370295388781 -0.36820339616085029 0.17228431565355559 1.4838472618402385 1.0229574055681654 0.13392819506480699 0.39506149335626056 0.27604105610045204 0.07418281250083604 0.083205026635764803 0.020765565365582783 0.01728576884807179 1.5012712388440612 -0.15327850463673823 0.43538074712643687 0.63936092659757049 0.020474421087514984 0.045027076366764097 0.010453935899109592 0.33956392339544522 0.59917937951341294 0.004296995453320125
decision_type=8 8 8 8 8 8 10 8 10 10 8 10 10 8 10 8 10 10 10 10 10 10 10 8 10 10 10 10 10 10
left_child=8 9 -3 5 -5 7 -7 -4 29 10 -2 12 14 -14 -11 23 18 27 19 -17 28 -20 -6 25 -19 26 -10 -18 -13 -1
right_child=1 2 3 4 22 6 -8 -9 15 11 -12 20 13 -15 -16 16 17 24 21 -21 -22 -23 -24 -25 -26 -27 -28 -29 -30 -31
leaf_value=-0.0021955862681083105 0.018706965238440086 -0.0067404096746303474 0.011045807707266311 -0.024854590850341789 0.0069415793654787426 0.019884462353368045 0.0079014449171865356 -0.0057087560515880938 0.0089594890753191669 0.0010231051206049213 -0.00044031251160687985 -0.016080272699061732 -0.0014761422665132585 -0.022526758986039772 0.0090586987693219191 -0.0047373689810730028 0.016408342351606115 -0.0044210588246889537 -0.00044599017540207053 0.002951674293065721 0.0070754104981931949 -0.020518999613384596 -0.011167267930494771 0.0051157624403064339 0.0059066905201562306 -0.0028561249860170638 -0.0033397729131570491 0.0018458578237588003 0 0.0099495560112050994
leaf_weight=11.061276723397897 10.847121248370966 10.024539492325856 14.779847804689778 3.0427432209253311 24.973213672754362 29.268200922058895 59.487645628047176 17.246226146584377 20.817831433610991 285.16378081595758 9.8460530948359537 13.926132881722884 42.301728963153437 5.7672000278253099 32.478772901697084 285.8102685107151 9.005718062398957 64.421090707066469 5.4365325024118674 34.648298770771362 4.6861062340904018 12.322252620942889 3.590776956640183 38.169006571988575 13.229863583110271 116.12780639505945 14.779144847649148 13.958410936640574 5.8199315129313609 19.044855617801659
leaf_count=1933 148 383 240 58 1564 453 1049 317 1459 12450 167 1047 2329 341 798 65869 1955 14618 1941 7990 236 3359 87 4208 2100 23055 1257 3155 305 3251
internal_value=0.000112841 0.0026133 0.00673864 0.00768305 0.000691512 0.00946729 0.0120639 0.00203288 -0.00205892 0.000962767 0.00985785 0.000459307 0.0010272 -0.0044705 0.00188001 -0.00243201 -0.00350162 -4.32096e-05 -0.00451844 -0.00389009 -0.0076294 -0.0148853 0.00426291 2.94695e-05 -0.00257059 -0.00125555 0.00381938 0.00812833 -0.0114366 0.00546374
internal_weight=1232.08 573.25 162.413 152.389 31.6067 120.782 88.7558 32.0261 658.832 410.837 20.6932 390.144 365.711 48.0689 317.643 628.726 438.832 100.615 338.217 320.459 24.4322 17.7588 28.564 189.894 77.651 151.725 35.597 22.9641 19.7461 30.1061
internal_count=158122 21972 4151 3768 1709 2059 1502 557 136150 17821 315 17506 15918 2670 13248 130966 100987 21828 79159 73859 1588 5300 1651 29979 16718 25771 2716 5110 1352 5184
is_linear=0
shrinkage=0.03


Tree=53
num_leaves=31
num_cat=0
split_feature=59 45 14 53 57 45 33 4 38 30 34 63 53 44 53 53 42 52 44 53 36 57 2 17 47 59 9 16 27 45
split_gain=9.16767 2.23264 3.06088 2.55374 2.53322 2.14137 3.62129 2.43019 2.031 1.75653 1.75982 1.61157 1.60877 2.02757 2.28798 2.86271 2.01705 7.14355 1.55271 1.53573 3.5212 1.50947 1.49078 1.36455 1.24866 1.18591 1.13302 1.42351 1.08898 1.04938
threshold=0.90179360784418805 0.017937755590757574 -0.35275345043080281 0.034327126981860252 0.94397445986550299 0.0098045686684422161 -0.068186333636793647 0.39506149335626056 0.76966918662214068 0.45019117339934095 0.0098846698622006308 0.22818037848693701 0.010900370295388781 0.063232386428749413 0.020765565365582783 0.01728576884807179 -0.0015008942554547431 0.6513878278584162 0.12592046267089277 0.014884105562848001 -0.36820339616085029 0.52834308313421785 0.061269498327719225 -0.24740025955616449 -0.15327850463673823 0.89772703015399336 1.9119651620222455 -0.18219575227258653 -0.13353150318479121 0.0039898183791871331
decision_type=10 10 8 10 10 10 10 10 10 10 10 10 10 8 10 10 10 2 8 10 10 10 10 2 10 8 10 10 10 10
left_child=11 2 8 28 5 7 -7 -4 -2 22 -11 21 29 14 15 -14 18 -18 -15 -10 -21 23 -6 25 -16 -1 -25 -28 -3 -13
right_child=1 3 4 -5 9 6 -8 -9 19 10 -12 12 13 16 24 -17 17 -19 -20 20 -22 -23 -24 26 -26 -27 27 -29 -30 -31
leaf_value=-0.0037280309632885425 0.01646297369130173 -0.025361252370464916 -0.00089063636063056858 0.0064850905033088987 -0.0059288494425487077 -0.0047608302259835927 0.0094515065476528434 0.010904671608214268 -0.0041921202100146746 0.0058130431921227929 0.016053664160864161 -0.0057157697608243704 -0.0055281637464396913 -0.014418325571569343 -0.0023570501813269954 0.0037327829836156286 0.025352957794547045 -0.0013784459944137196 0.0049567545567758865 0.021364330216264302 -0.00077491864220301211 0.0062632176343423857 0.0050713063558235983 -0.00096274078328185682 -0.020175265311891032 -0.019323510459665044 0.019074570771977724 0.0014125293246644787 -0.0060166335062747708 0.0090284142377445534
leaf_weight=26.713236438110474 23.304851954337209 4.5542028017807761 260.74712121509947 7.2274945620447388 17.720489014289342 21.526192972320132 55.680378287914209 15.7165327782277 10.757592769339679 90.487949642934836 18.540196535177529 5.0297840435523566 236.64699921652209 13.805444558965972 5.7201184100704294 33.278427881828975 8.7787310731364396 110.72283418930601 4.1382638856302973 10.347842945717273 14.297549049835654 28.068408500403166 26.049385215970688 121.9967084749369 12.639006152632644 4.6957980276783919 4.9265441733878133 15.432404824066905 7.6641459061065698 14.228645788738502
leaf_count=5272 307 182 8323 192 462 656 1837 354 167 1327 241 1052 60964 3407 2047 7833 2277 26559 581 101 287 3971 567 19676 3691 462 176 1821 244 3212
internal_value=0.000165354 0.00288775 0.00323886 -0.00682948 0.00246782 0.0010563 0.00544036 -0.000172394 0.0096876 0.00568733 0.0077118 -0.00229128 -0.00329799 -0.00368826 -0.00511541 -0.00436577 -0.000657912 0.000754479 -0.00976581 0.00481541 0.00887429 -5.16348e-05 0.000517865 -0.00111885 -0.0151872 -0.00667649 0.000124471 0.00651987 -0.0148272 0.00493748
internal_weight=1231.44 584.622 565.176 19.4458 506.468 353.67 77.2066 276.464 58.7078 152.798 109.028 646.821 444.988 425.73 288.285 269.925 137.445 119.502 17.9437 35.403 24.6454 201.833 43.7699 173.765 18.3591 31.409 142.356 20.3589 12.2183 19.2584
internal_count=158248 15247 14629 618 13767 11170 2493 8677 862 2597 1568 143001 111623 107359 74535 68797 32824 28836 3988 555 388 31378 1029 27407 5738 5734 21673 1997 426 4264
is_linear=0
shrinkage=0.03


Tree=54
num_leaves=31
num_cat=0
split_feature=63 6 69 69 44 49 44 71 38 8 38 33 59 28 38 35 41 52 14 54 75 65 21 70 14 58 69 76 37 59
split_gain=5.84782 4.21457 3.09463 3.034 2.39297 3.08199 2.60064 3.10944 2.36839 2.3054 2.48385 2.94181 2.03094 1.89552 1.76965 1.75729 1.7154 1.71138 1.64766 1.44475 1.4001 1.19827 1.17791 1.47874 1.17556 1.17172 1.07233 1.04967 1.29692 0.852528
threshold=0.1323369911956106 0.070717937891513788 2.556209146352074 1.0709109645214621 0.00083594828880284588 -0.015757479479800437 0.025403912297903179 2.4500003928547391 0.97097524956373849 0.0093499129995874251 1.0595924677069422 0.031319132465816302 0.97481634163099218 -0.061569439775036587 1.09688689955952 0.018682070639578441 0.048511159025292468 0.1960167714884696 0.80039347458641819 0.63590306021311716 -3.0554749866455433 0.98575786928948728 0.13078812738836557 2.3053475307801947 0.24998206043859375 0.92124435847840125 1.8728195782436308 0.3041861637740676 0.046736087368143948 0.97481634163099218
decision_type=10 10 10 10 10 10 8 10 10 8 10 8 10 8 10 10 10 2 10 8 8 10 10 10 10 10 8 8 10 10
left_child=1 2 9 16 5 8 12 19 24 17 11 -11 15 -9 -12 -6 21 -1 25 -8 -3 22 23 -2 -5 -7 -10 -23 -29 -24
right_child=3 20 -4 4 6 18 7 13 26 10 14 -13 -14 -15 -16 -17 -18 -19 -20 -21 -22 27 29 -25 -26 -27 -28 28 -30 -31
leaf_value=-0.013641420357051353 -0.0031602951476568933 0.021671267778175261 0.012622766939386418 0.0050963893236965069 0.013042760595004926 -0.010523849431895473 0.0022049118751962557 -0.018952799808569266 -0.00045015352929834469 0.0066098833881095146 -0.012109798657526415 -0.0016668610397427739 0.020013465557025836 -0.0027482546263654659 7.473851358560719e-05 -0.0029450961924879855 -0.017740105597791565 -0.0012689697048539849 0.0083507891884538523 0.015769778306294904 0.0057056934514469497 0.010023221256709189 -0.0057503109255679589 0.0048377711941499863 -0.021543230655427261 -0.030504151597640392 0.020113874541442364 -0.02024664783743731 0.008043746862467718 -0.022308199420506776
leaf_weight=10.327719227061605 507.29061242146417 11.798922412097452 21.166858434677124 1.7077166191302264 10.12446296203416 10.917428519809617 103.65106856316561 7.9660173114389181 3.0437955236993721 144.57628330856096 11.19314203772228 51.429944000672549 10.925973766716195 27.57216227427125 85.316597676370293 12.793197342194615 6.1888354680268085 101.68784825148759 1.7299865904496989 6.7600984713062635 10.651337153278293 10.711480430210937 11.519218302972147 20.540318055311218 2.7238010079599917 4.2497739337850371 5.4163773814216247 1.8877074967604142 1.9538411981193347 3.7667268472723654
leaf_count=1706 112218 117 206 246 629 1900 9138 145 527 4128 488 3345 131 505 3439 1400 1488 11271 43 267 259 723 1902 707 234 167 214 217 105 117
internal_value=-0.000332884 0.00238777 0.00169351 -0.00191421 0.00115334 -0.00655902 0.00247697 0.000691849 0.00416182 0.00108453 0.00248928 0.00442549 0.00984833 -0.00688197 -0.00141735 0.00424253 -0.00305974 -0.00254685 -0.0146816 0.00319646 0.0147908 -0.00285998 -0.00309395 -0.00283482 -0.0116769 -0.0178483 0.0131327 0.00531603 -0.00654882 -0.0111339
internal_weight=1221.59 448.149 425.698 773.441 209.582 29.7889 179.793 145.949 12.8917 404.532 292.516 196.006 33.8436 35.5382 96.5097 22.9177 563.859 112.016 16.8972 110.411 22.4503 557.67 543.117 527.831 4.43152 15.1672 8.46017 14.553 3.84155 15.2859
internal_count=157982 24959 24583 133023 15546 3331 12215 10055 1221 24377 11400 7473 2160 650 3927 2029 117477 12977 2110 9405 376 115989 114944 112925 480 2067 741 1045 322 2019
is_linear=0
shrinkage=0.03


Tree=55
num_leaves=31
num_cat=0
split_feature=59 17 60 17 59 30 42 8 42 54 38 69 54 46 52 14 70 11 53 31 24 37 60 59 38 46 46 54 4 54
split_gain=5.76577 1.85256 2.36732 3.24098 3.33268 2.7219 2.11414 2.05946 1.86577 1.84737 1.83971 1.73624 1.71843 3.46949 2.83304 2.30452 1.99003 1.64718 1.56172 1.54914 1.41656 1.38294 1.17403 1.71752 1.13172 1.10559 1.80111 2.00772 1.08291 1.29032
threshold=0.89379644373673051 0.30356924545063996 0.97870072131742514 0.11117676807451757 0.97860960120060769 0.51269021746283594 0.0049454804524819993 0.014865777852196478 -0.014417241828652004 0.47591936362505138 0.82256951312502313 1.5357089695967316 0.48983077733338304 0.0057736429749772862 0.60896649527140501 0.37715318310228546 2.8403293471190332 -0.028051233694090291 0.013544353235365061 -0.029238196677790648 0.17427921233912216 -0.25753705492545625 0.14841379599363005 0.41311176389033316 0.87644897070473593 0.0076388682106252152 0.0057736429749772862 0.48983077733338304 0.3285036359263615 0.57113465240665617
decision_type=10 2 10 2 10 10 10 10 10 10 10 10 10 10 2 10 10 10 10 10 10 10 10 10 10 10 10 10 10 10
left_child=22 2 12 5 -5 9 8 18 -3 -4 -9 -7 13 16 -15 19 -2 -17 -8 -14 -12 -10 28 25 -20 26 -24 -28 29 -1
right_child=1 6 3 4 -6 11 7 10 21 -11 20 -13 15 14 -16 17 -18 -19 24 -21 -22 -23 23 -25 -26 -27 27 -29 -30 -31
leaf_value=0.0010163615233886945 0.0048168031706270608 0.0014482396329188484 0.0018512615100680265 0.00043401034149896921 0.02171704334065688 0.003146869922863445 -0.017036886134378756 0.012015124749834155 -0.0015404163747627666 -0.014576409676953037 0.0033345713976005516 0.012872546334653187 -0.0038901578062676629 -0.014660931687814365 -0.0017969868221859265 0.019949379875612357 -0.0065122952565251592 0.0056407114205674312 -0.0080986924991068784 0.0031179362831941617 -0.0082283265847237722 -0.02226627661699208 -0.0073486886718933074 -0.0016590822558328173 0.0087862465276660716 -0.0079490356631549686 0.0069576252499516343 -0.0054517488562799438 0.011162620753799526 -0.0056097433598809405
leaf_weight=108.61968738090945 77.905750243458897 7.8548576529137817 12.843260935042055 10.369418582646178 19.109952988103032 63.188367607886903 8.0657792602432909 14.894625605549662 4.6949722324498007 10.068539543193763 33.726319347973913 22.581042390316725 36.054801536840387 21.81666499027051 50.607648232835345 9.4922985588200373 15.849368840456007 31.518211938207969 6.9723268786910904 117.95610406517517 12.134079696843399 9.3419101393083075 42.607617380097508 303.59680450812448 5.4441889286972582 82.6035709916614 24.10866786877159 20.900644018198363 6.4592582235345608 33.739132896647789
leaf_count=18657 2261 259 261 266 197 1147 354 348 167 268 1002 242 1627 752 1492 131 404 587 278 3453 419 371 11324 68696 147 23169 6433 5454 223 7536
internal_value=-0.000281475 0.00180641 0.0025643 0.00589601 0.014589 0.0033992 -0.0018239 0.000404974 -0.00988236 -0.00555007 0.00321758 0.00586083 0.00126886 -0.000956496 -0.0058598 0.00317562 0.00282143 0.00942004 -0.00755961 0.00144344 0.00010085 -0.016097 -0.00230628 -0.00303502 -0.00036859 -0.00544752 -0.00299219 0.00113672 0 -0.00056128
internal_weight=1225.13 602.49 499.361 138.161 29.4794 108.681 103.129 81.2373 21.8917 22.9118 60.755 85.7694 361.201 166.179 72.4243 195.021 93.7551 41.0105 20.4823 154.011 45.8604 14.0369 622.635 473.817 12.4165 170.221 87.6169 45.0093 148.818 142.359
internal_count=157925 16433 13088 2381 463 1918 3345 2548 797 529 1769 1389 10707 4909 2244 5798 2665 718 779 5080 1421 538 141492 115076 425 46380 23211 11887 26416 26193
is_linear=0
shrinkage=0.03


Tree=56
num_leaves=31
num_cat=0
split_feature=59 36 30 78 32 51 53 44 47 41 17 44 72 59 44 54 45 75 17 44 16 45 43 44 44 53 52 50 17 53
split_gain=6.33895 3.54922 3.69352 2.00008 3.0264 2.605 2.06723 2.24176 1.71744 1.69425 1.65156 2.62061 1.49519 1.60019 1.51809 1.44591 1.76848 1.70968 1.5413 1.40497 1.30572 1.2102 1.05754 0.934912 1.5937 1.88031 1.19172 1.84344 0.872444 0.864561
threshold=0.90179360784418805 -0.31802785211507395 0.67196180029753216 -1.7136975244203712 0.35371090442331415 0.68795777304106043 0.019586952900428178 0.064480327285599839 -0.013118329399512295 0.008445134797109401 0.44756917404089697 0.064480327285599839 -1.2294053513963665 0.29393448366471059 0.16428366975657974 0.55974061043506673 0.011071307957438202 0.6619455902543353 -0.19501810305069908 0.064480327285599839 0.011489934449284813 0.0069470900740142743 0.010815427482554487 0.074067940574290794 0.085623198180254559 0.013708592338092036 0.60809578262408459 0.016420858324572189 -0.17523453733762304 0.019447970887333878
decision_type=10 10 10 10 10 2 8 10 10 10 2 10 10 10 10 8 8 10 2 10 10 10 10 10 10 10 2 10 2 10
left_child=12 2 8 6 10 22 7 28 -2 -4 11 -5 14 23 15 16 21 18 -17 -12 -9 -1 -6 26 25 -25 27 -14 -3 -15
right_child=1 3 9 4 5 -7 -8 20 -10 -11 19 -13 13 29 -16 17 -18 -19 -20 -21 -22 -23 -24 24 -26 -27 -28 -29 -30 -31
leaf_value=0.0048091101057419353 0.019851959018977544 -0.0098901583986272124 -0.0079910645382832036 0.0033512269290611359 0.0064147640364500816 -0.0013983548549741966 0.013033852390639167 -0.0028031336316272485 0.0071724861381444868 0.0083366923212309894 -0.0070299996787223538 -0.002718114265296783 -0.0051730746548057528 -0.0012376179029997545 0.017093840231790215 -0.012835605343259459 0.020225426226498557 -0.014007790681954679 0.001195327916490951 0.0036813097888630784 -0.025357212539524082 -0.0075187441461097484 0.018255809915498751 -0.0080649519166844826 -0.0058082267155862566 0.016605252747404126 -0.010166795363771195 0.015162632214902569 0.00014070535618689839 -0.0057097160345059165
leaf_weight=31.503693575737998 21.445704964455217 9.1773747423430851 12.748901676852258 280.20530452480307 14.093826773110775 14.015479984227566 4.8376696680206797 4.2761210466269386 21.697175411507487 8.7314050970599038 35.063612139201723 81.541447891388088 43.825544949038886 351.78837096615462 4.0392524532508096 7.0124063618713981 4.673318139393813 8.8117559447418881 56.483735279063694 14.720277663320301 6.2368341123219579 8.1054873927496356 19.264851075829938 3.3705796506255883 19.783091849414632 6.842894613975659 51.696598089649342 3.380446537747047 30.965286490740258 43.584046262083575
leaf_count=6438 252 324 256 7375 263 266 93 136 297 144 1297 2467 11907 78486 248 1212 793 2275 6598 516 262 1864 302 847 5285 1784 14225 895 982 10011
internal_value=1.83367e-05 0.0022972 0.00887866 0.00144894 0.0021051 0.0092152 -0.00386535 -0.0057584 0.0138502 -0.00114503 0.00125898 0.00197114 -0.00202348 -0.00271694 0.000963287 0.00023832 0.00447407 -0.00234045 -0.000482698 -0.00379364 -0.0174843 0.00208948 0.0136727 -0.00561936 -0.000830033 0.00820305 -0.00701906 -0.00337026 -0.00226427 -0.00175133
internal_weight=1223.92 579.021 64.6232 514.398 458.905 47.3742 55.4933 50.6556 43.1429 21.4803 411.531 361.747 644.901 524.272 120.63 116.59 44.2825 72.3079 63.4961 49.7839 10.513 39.6092 33.3587 128.899 29.9966 10.2135 98.9026 47.206 40.1427 395.372
internal_count=158100 15232 949 14283 12486 831 1797 1704 549 400 11655 9842 142868 123440 19428 19180 9095 10085 7810 1813 398 8302 565 34943 7916 2631 27027 12802 1306 88497
is_linear=0
shrinkage=0.03


Tree=57
num_leaves=31
num_cat=0
split_feature=59 57 14 64 66 43 60 42 42 48 58 9 48 37 52 48 9 43 59 72 59 7 52 44 22 43 42 13 42 53
split_gain=6.55332 3.03584 3.05138 2.77795 2.6239 2.00696 2.45454 2.43282 3.37005 1.99031 1.90757 1.89963 1.79781 2.96563 2.21536 1.63731 1.60285 1.57012 1.5289 1.3754 1.691 1.48329 1.07099 1.31887 1.05346 0.952847 0.736085 0.838838 1.05402 0.653624
threshold=0.90179360784418805 0.0085745007398149112 0.058463523461833707 0.10880808983358108 0.64581083513318949 -0.0025465836723961295 0.98581558827635496 -0.02291146451503084 -0.005241347237394999 -0.030513450039425735 0.81236893588024539 0.25416021376289016 -0.068583797197533145 0.25655635696977497 0.703523608174771 -0.0023130323703834939 0.82253251947871386 0.012907221040144525 0.99371727059814219 -1.2294053513963665 0.2740742565830146 0.004860140058925779 0.23099646237003255 0.0078164816149044487 0.082925388114256218 0.047151806273919135 0.055434110044205183 -0.15692505262490833 0.029694433610594765 0.019391976598328607
decision_type=8 8 10 10 10 8 10 10 10 10 10 10 10 10 2 10 8 8 10 10 10 10 2 10 10 8 10 10 10 10
left_child=19 12 5 4 9 7 16 10 -9 -4 -3 17 -2 14 -14 -8 -7 -5 -13 21 29 -1 24 -24 -23 -25 27 -22 -29 -21
right_child=1 2 3 11 -6 6 15 8 -10 -11 -12 18 13 -15 -16 -17 -18 -19 -20 20 26 22 23 25 -26 -27 -28 28 -30 -31
leaf_value=-0.0044911218057332378 0.018072299951427537 -0.014725072838193092 0.0040103134796432658 -0.016289843886718943 0.0088720833421851615 0.0051315907153687826 0.011720629662729186 -0.017164457307275307 -0.0012048330694353841 -0.014473981927676429 0.0047174999524860753 0.0047512083063272247 0.016071619540513653 -0.00460716463491172 0.00015479772995087422 -0.0028561809804553578 -0.0018491702080610604 0.001257008237429885 0.012175425842291329 -0.0048317421125171657 0.0034463055849128306 0.025257214519405546 -0.0080822672330315079 0.0029353520606495626 -0.0017706860167617056 0.01597074643157096 -0.0087081592690202089 -0.0023705257818889547 0.0026405487998570794 -0.012239323005327729
leaf_weight=20.114103159750812 13.265415788162498 4.3436367836548007 6.508705959422513 5.1524338648887351 8.9043593879323435 36.135227356688119 26.609089914127253 21.913850583485328 26.046392329153605 17.370223697507758 28.421027382602915 195.1308105608914 21.940197213436477 16.344167453004047 12.594796535093336 8.4035146357491595 143.78651456127409 16.627838104497645 29.231471564620733 105.71596738789231 28.510565643256996 3.1898713322589165 6.5804580030962816 26.994155869819227 1.416202748659998 5.7333703351905525 12.035179276717825 323.80713267129613 41.365171682788059 12.437624534824861
leaf_count=5071 136 472 158 197 189 1857 450 824 1074 448 837 5096 253 255 170 192 6965 453 362 28497 4292 420 1758 5875 304 836 2784 74854 9214 3607
internal_value=0.000213102 0.0023173 0.00161184 0.00385806 -0.00420047 -0.000502989 0.00100292 -0.00451248 -0.00875997 -0.00935643 0.00169136 0.00495615 0.00846873 0.00560694 0.0105189 0.00815653 -0.000409968 -0.00329513 0.00578153 -0.00206798 -0.00257777 0.00203239 0.00512064 0.00318652 0.0175785 0.00571372 -0.00163973 -0.00139452 -0.00178904 -0.00573287
internal_weight=1226.63 638.73 574.585 278.926 32.7833 295.659 214.934 80.7249 47.9602 23.8789 32.7647 246.143 64.1446 50.8792 34.535 35.0126 179.922 21.7803 224.362 587.9 523.872 64.0282 43.9141 39.308 4.60607 32.7275 405.718 393.683 365.172 118.154
internal_count=157900 20388 19574 6903 795 12671 9464 3207 1898 606 1309 6108 814 678 423 642 8822 650 5458 137512 123248 14264 9193 8469 724 6711 91144 88360 84068 32104
is_linear=0
shrinkage=0.03


Tree=58
num_leaves=31
num_cat=0
split_feature=70 72 43 41 53 30 67 57 57 53 6 54 32 21 46 46 32 72 43 49 17 37 47 69 54 53 47 31 10 43
split_gain=5.78324 3.07721 2.63718 2.59911 2.42127 2.82315 2.64707 2.02231 1.92486 1.8895 2.20015 1.58987 1.65856 1.55777 1.49614 2.68721 2.60921 2.04679 1.94632 2.05983 1.96903 1.28587 1.27526 1.25217 1.87941 1.48756 1.45372 1.13554 1.10058 1.62485
threshold=1.156893412861421 2.4202605304444638 0.049309442177419401 -0.0085046138530076015 0.011951372157486926 0.73882989446077008 -0.88141532244818543 0.0043243293783250597 0.96719734942567903 0.016926753424887551 0.041033116837099537 0.66123071405507827 0.25377911881932386 0.078569656852854677 0.0076388682106252152 0.0058169080607466004 0.071701157422053366 -1.6383099836631221 -0.027805513792282962 -0.027246210363992326 0.20073118859503586 0.15688136488034291 -0.024633109856134313 -1.1288907789759677 0.55974061043506673 0.012225554290275128 -0.025687900195905996 -0.0021446307904243174 0.6964137692920499 -0.024324811211989313
decision_type=8 8 10 10 10 8 10 8 10 10 10 8 10 10 10 10 10 10 10 10 2 10 10 8 10 10 10 8 8 10
left_child=8 7 3 9 6 -6 -5 -2 13 10 -3 12 22 23 15 16 -9 -17 19 -16 -20 27 -10 24 26 -26 -1 -14 29 -25
right_child=1 2 -4 4 5 -7 -8 14 11 -11 -12 -13 21 -15 18 17 -18 -19 20 -21 -22 -23 -24 28 25 -27 -28 -29 -30 -31
leaf_value=-0.014188559922174828 0.0097919285990462953 -0.00029004141242035085 -0.0071355045274611867 0.0091792869460793087 0.014187393936725995 -0.003027232710128495 -0.0097810334058887321 -0.0033121473763288237 -0.0066832244522202437 -0.014426159275375234 0.020828178624503712 0.01654287270509034 -0.019776594642267491 -0.0074345875091927421 0.0022920052267688868 0.011111940901185615 0.0076960611857637218 -0.0074714938774366382 0.0057568280087302876 -0.01302262481560562 -0.0020280284539262216 0.0039697000561419492 0.0084281107642051236 0.0099992138905007771 0.019130911901867567 0.0035123588421901498 -1.1470385788176919e-05 0.00048657340726584856 -0.0030329790254472336 -0.00099842491452982202
leaf_weight=6.6501980685279696 20.552396985585801 25.211430189781826 11.575422442285342 15.020736229489559 69.520096118212678 9.08397563616745 10.252085603307931 38.983274526079185 5.2119600619189432 5.5936912337783715 4.3164558168500653 6.5780014316551378 5.8838053777581081 46.238097894995008 16.493337679887194 4.7893566916463888 36.355767236324027 66.928365738363937 105.03044831083389 13.330013903672805 39.105535283684731 5.9315187649335703 25.037340490147475 12.555779306916518 6.1298491558991364 30.723351880908012 46.562752345111221 3.3843922404339519 417.09180527285207 110.11996482207906
leaf_count=986 267 1030 293 803 1148 219 213 1891 648 121 38 331 298 10473 557 127 1078 2961 3723 576 1818 247 1657 2650 370 2939 5558 106 89189 25788
internal_value=-2.32739e-05 0.00248346 0.00604489 0.00720708 0.00957286 0.0121472 0.00129419 0.000891647 -0.00172284 5.55915e-05 0.00327994 0.00376794 0.00153805 -0.00215475 0.00028387 -0.00192584 0.00199193 -0.00605348 0.00216933 -0.0046562 0.00362463 -0.00620312 0.00559787 -0.00175122 0.00149049 0.00662624 -0.0020676 -0.0127583 -0.00229944 0.000174668
internal_weight=1220.24 492.142 150.574 138.998 103.877 78.6041 25.2728 341.568 728.099 35.1216 29.5279 52.027 45.449 676.072 321.016 147.057 75.339 71.7177 173.959 29.8234 144.136 15.1997 30.2493 629.834 90.0662 36.8532 53.213 9.2682 539.768 122.676
internal_count=158103 16863 3865 3572 2383 1367 1016 12998 141240 1189 1068 3287 2956 137953 12731 6057 2969 3088 6674 1133 5541 651 2305 127480 9853 3309 6544 404 117627 28438
is_linear=0
shrinkage=0.03


Tree=59
num_leaves=31
num_cat=0
split_feature=70 57 16 10 72 2 44 28 14 50 60 8 41 27 18 14 64 48 22 43 0 0 14 59 10 43 59 56 59 45
split_gain=5.30612 2.23662 2.53887 2.01817 2.67104 2.33634 1.99705 1.86208 2.6927 3.15108 3.01791 1.7234 1.52232 2.30075 1.7315 1.05045 1.71054 1.02999 0.93641 1.4724 1.18852 1.00045 0.956108 0.925385 0.889346 1.8258 1.07365 0.736572 0.393256 0.468713
threshold=0.85447327246506166 0.94397445986550299 0.074446217197976408 2.790567815925304 3.2859724147737244 -0.031846010270069218 0.16428366975657974 -0.11270517260405798 0.0052872393550152949 0.064660839580354082 0.97116371812820856 0.021156467556827523 0.013119998381612154 -0.091918706926089375 69.053818051709001 -0.35275345043080281 0.52345426441171139 -0.0059050527944578537 0.16875831007941136 0.044001230250880215 -0.0055001497161704096 0.0080499276106698065 0.46554044264939359 0.89772703015399336 0.75901257662119959 -0.027805513792282962 0.41311176389033316 0.89772703015399336 0.90179360784418805 0.0064180405812269276
decision_type=8 10 8 10 10 10 10 10 10 10 10 10 10 10 8 8 8 10 10 10 8 8 10 10 10 10 10 10 10 10
left_child=1 2 15 4 7 -5 18 8 9 -2 -10 -7 13 -9 -14 16 -1 28 21 20 -20 23 -21 -3 25 -17 -26 -23 29 -4
right_child=3 6 17 5 -6 11 -8 12 10 -11 -12 -13 14 -15 -16 24 -18 -19 19 22 -22 27 -24 -25 26 -27 -28 -29 -30 -31
leaf_value=0.016687330278706562 0.00095906616923646085 0.0023698987905668321 -0.0027668260310621255 -0.0025694473412069007 -0.010603234768045236 0.01955168779854851 0.019034872977729371 -0.010303794360367335 0.0036817861869306908 0.021087525562796056 0.015615499628014236 0.0037971311304885974 -0.0075030844236866224 0.0024688033824369461 0.0031365521980299799 0.0084473685169382216 -0.008851235410217732 -0.0033525068710886269 -0.0091716042662021418 0.0010643735116679057 0.0046876780694057032 -0.011108140379494407 -0.025932108536150199 0.016998727434165261 -0.0052289182082115027 -0.0012256718678871539 -0.0015564637307615677 0.0071303916998304347 -0.019346012457615303 -0.010959173339768844
leaf_weight=5.7694635771913427 211.92507343454054 8.9128757895668986 10.393453561584463 11.195077392272649 14.724684183020143 15.537885418976659 5.7622342451941213 12.831110294093376 56.386541308485903 6.270590516505762 29.320044019958004 11.863377418369053 42.210291582392529 147.63716888119234 19.055957148782909 19.121607498847879 2.6798233933513993 34.7977421291871 6.6282749726669863 1.3856715515721583 19.31370112544392 3.7053600434446734 2.3745606628945097 7.4991240790113798 106.20509700977709 137.04543846473098 231.84259225300048 2.3787954921135679 4.5552919588517389 28.749957127380185
leaf_count=257 8051 1897 2322 165 239 222 130 596 1882 207 431 163 2225 7805 1108 4061 244 7873 516 175 1485 619 238 128 29666 32014 46131 256 344 6639
internal_value=-2.66734e-05 -0.00191222 -0.00247673 0.00204935 0.00156029 0.00860819 0.00364311 0.00192621 0.00344791 0.00164478 0.0079319 0.0132102 -0.000152023 0.00137143 -0.00414838 -0.00167732 0.00819038 -0.00747258 0.00156173 -0.00184709 0.000826241 0.00607721 -0.0172198 0.00981891 -0.00186828 0 -0.00273111 -0.0035538 -0.0105379 -0.00898176
internal_weight=1218.08 639.121 581.16 578.958 540.361 38.5963 57.9606 525.637 303.902 218.196 85.7066 27.4013 221.735 160.468 61.2662 502.664 8.44929 78.4964 52.1984 29.7022 25.942 22.4962 3.76023 16.412 494.215 156.167 338.048 6.08416 43.6987 39.1434
internal_count=158089 134995 129551 23094 22544 550 5444 22305 10571 8258 2313 385 11734 8401 3333 112373 501 17178 5314 2414 2001 2900 413 2025 111872 36075 75797 875 9305 8961
is_linear=0
shrinkage=0.03


Tree=60
num_leaves=31
num_cat=0
split_feature=71 69 52 38 19 5 72 63 69 0 63 69 44 16 30 72 42 59 30 72 56 21 28 17 42 28 28 44 24 64
split_gain=6.51974 2.33663 2.82006 2.60101 2.86921 3.26923 2.15007 1.90544 1.61428 1.61289 1.55147 1.56378 2.78309 1.34242 1.23461 1.18624 1.17145 1.13903 0.959623 1.57183 0.945758 1.2388 0.911857 0.864169 0.829106 0.776451 0.745073 0.668332 0.596428 0.33065
threshold=1.5810407453465538 -2.3446232655665509 0.75080741573434695 1.3107641361099482 2.2479105084769881 0.026569326035926915 1.3022155178633936 0.88102523738972327 1.4897528889877814 0.026733719071159404 0.54188164728632437 0.4042846864461131 0.1319346304811059 0.072438439280799641 0.67026228105180763 1.8401181254867447 0.065690294477439029 0.93262013729977122 0.53993643428968674 -1.1906323799713847 0.0043243293783250597 -0.13335125682068202 -0.14420954515619652 -0.47844262292781564 0.017294894173962575 -0.26959219551997288 -0.19410509796137451 0.00083594828880284588 0.7767028439819299 0.44004132231404963
decision_type=8 8 2 10 10 10 8 8 10 8 10 8 8 10 10 10 10 10 10 10 10 10 10 2 10 10 8 10 8 10
left_child=10 2 14 4 5 8 -7 9 -3 23 11 20 17 -6 25 16 18 22 27 -20 -1 26 -13 -5 -23 -2 -22 -12 29 -17
right_child=1 3 -4 7 13 6 -8 -9 -10 -11 15 12 -14 -15 -16 28 -18 -19 19 -21 21 24 -24 -25 -26 -27 -28 -29 -30 -31
leaf_value=-0.017674005373389607 0.019068988238670637 -0.0011346895902947503 -0.0034172524614760839 -0.015717670085346781 0.0026278593232400144 0.00098850393452440117 0.0078584748554388958 0.0091201009918721095 0.0051686261767754423 -0.02272077342670914 -0.0099781136234492734 0.010183053752410116 0.021254430393418549 -0.017683437259594797 0.004345105705532021 0.0011479433243340286 -0.017138299025118237 -0.012239003966081994 0.006716428919400959 -0.0028330219355099605 0.0083732279388183915 -0.0029426343431349315 0.0009634962516960274 -0.0022063430696183106 0.00045837335853568409 0.0084291787391497647 -0.002322564735613679 -0.0040844878426581129 -0.0053301245689067345 0.014632632106196634
leaf_weight=2.2714858518447718 18.098883423954245 149.98196980881039 14.285388233140109 4.4972150097601142 3.6522283570375276 59.735330363619141 140.05403479607776 6.0077813303796566 47.158631269121543 4.7956067225895813 20.772270582150668 10.215976690058595 5.8338543290738007 7.9735159018309787 17.903558317571878 3.3419421180151385 4.9473593685543156 4.21061023173388 17.542619031271897 91.578827320947312 16.887558824266307 207.52574246213771 80.292665273009334 24.919276194297709 91.004341145628132 15.238479823223317 7.6171646940056261 139.66208975476911 2.096442106179893 4.4682998845819384
leaf_count=158 157 8038 197 181 228 1425 2524 155 846 172 5790 726 399 288 260 283 1381 129 3671 22795 1230 41147 12146 829 17905 197 891 33699 167 254
internal_value=0.000188345 0.00276006 0.00802656 0.00196829 0.0026923 0.003139 0.00583451 -0.00520038 0.000376482 -0.00798791 -0.00167086 -0.000514186 0.00272779 -0.0113623 0.0112787 -0.00338443 -0.00376563 0.00134524 -0.00344667 -0.00122354 -0.00153077 -0.00135381 0.00213683 -0.00481943 -0.00189778 0.01468 0.00497017 -0.00492323 0.00628014 0.00998837
internal_weight=1224.57 514.302 65.5263 448.776 408.556 396.93 199.789 40.2199 197.141 34.2121 710.269 425.859 100.553 11.6257 51.2409 284.41 274.503 94.7193 269.556 109.121 325.306 323.035 90.5086 29.4165 298.53 33.3374 24.5047 160.434 9.90668 7.81024
internal_count=158268 15497 811 14686 13349 12833 3949 1337 8884 1182 142771 74731 13400 516 614 68040 67336 13001 65955 26466 61331 61173 12872 1010 59052 354 2121 39489 704 537
is_linear=0
shrinkage=0.03


Tree=61
num_leaves=31
num_cat=0
split_feature=75 57 30 6 45 45 41 32 17 45 68 44 66 23 0 44 14 53 43 45 59 75 78 30 51 17 43 43 52 6
split_gain=5.05364 3.31709 3.12633 2.59153 2.68476 1.87128 2.31752 1.93682 1.85317 2.91225 1.87549 1.7818 1.72719 1.72144 1.6764 1.61139 1.47963 1.40506 1.25293 1.24136 2.07871 1.23837 1.23829 1.49778 2.10175 1.32777 1.22426 2.77535 1.85707 2.23498
threshold=-0.9212751973332679 0.96719734942567903 0.6669250384915516 0.025630258802715907 0.017937755590757574 0.01231094118588816 0.026653162638870413 0.32248815802103287 0.25280563796204347 0.013050358722861517 -0.92249470230419151 0.10621104336596378 0.65376290376290391 -0.026225631644613275 -0.030752027874483664 0.10184825530283161 0.50603014139481284 0.013591519621708337 0.056015909947571448 0.017937755590757574 0.91717799109103471 -1.9044456952940998 1.9636736952257201 0.70076894851498228 0.71770777270438735 0.39448433026758117 0.0093533666744997097 -0.0013369895108847894 0.68205741416063292 0.02931586072884999
decision_type=8 10 10 10 10 10 10 10 2 10 10 10 10 10 10 10 8 10 10 10 8 10 10 10 2 2 10 10 2 10
left_child=2 5 3 21 8 7 19 15 10 -10 -5 17 -6 16 -4 -2 -3 -9 -17 -7 -21 -1 23 24 -16 -25 27 -15 -28 -30
right_child=1 13 14 4 12 6 -8 11 9 -11 -12 -13 -14 26 22 18 -18 -19 -20 20 -22 -23 -24 25 -26 -27 28 -29 29 -31
leaf_value=-0.0046357220610041628 -0.0013818863480275516 0.020442610570476652 0.0064040133042172374 0.012710130246970035 0.0020251238864375082 -0.0057869689471508603 -0.01581859857488244 0.010737153146580062 -0.0033450376186444893 0.016690943494989782 0.0050045984780767612 0.015308102328030281 -0.019667251589226369 0.0031553569680129166 -0.010911198460527946 -0.010047045810377559 0.0022115370453450718 -0.0091923618863431044 0.0025515343395728115 0.0074505374716643284 -0.018551088134307142 0.0031970256715512964 -0.0096368790157262615 0.001900647482632688 0.0063673301056343581 -0.013519992732999874 0.011827287222313536 -0.013723257732162252 0.0065246847396874773 -0.0068786415896495085
leaf_weight=28.130788452399429 522.92885462322738 8.140187237877397 26.669498387724161 74.199789182981476 8.0821962130721641 58.002724960329942 17.08403261739295 4.2592349739279616 25.614402762614191 7.6214315411634734 51.585559864528477 10.615519164595751 4.1909612538292995 25.13323618285358 22.730816190363843 33.141412825323641 8.3535486861364934 6.9751002751290798 8.0801763143390399 15.308834291994573 2.3133502601413047 47.114507639722433 14.637210433254948 96.368806377984583 7.6573592633940271 4.2735739393392569 19.1781271698419 12.125188545789568 25.018536200630479 18.588078161119483
leaf_count=1885 100954 205 1154 1420 290 11685 3799 114 667 211 1176 478 230 1245 1554 7286 165 325 1845 3869 124 5855 999 6818 511 267 712 605 1319 424
internal_value=6.9602e-05 -0.00133226 0.00273505 0.00489588 0.00692503 -0.00213821 -0.00608765 -0.00149896 0.00797921 0.00151519 0.00963809 0.00704472 -0.00607989 0.00331428 -0.000349263 -0.00184705 0.0120349 -0.00113131 -0.0075045 -0.00367248 0.00306319 0.000206978 -0.00164137 -0.000659259 -0.00639755 0.00108975 0.00174198 -0.00247424 0.00429062 0.000717906
internal_weight=1214.12 795.246 418.877 246.54 171.294 678.709 92.7089 586 159.021 33.2358 125.785 21.8499 12.2732 116.537 172.337 564.15 16.4937 11.2343 41.2216 75.6249 17.6222 75.2453 145.668 131.031 30.3882 100.642 100.043 37.2584 62.7847 43.6066
internal_count=158191 135154 23037 11734 3994 130479 19477 111002 3474 878 2596 917 520 4675 11303 110085 370 439 9131 15678 3993 7740 10149 9150 2065 7085 4305 1850 2455 1743
is_linear=0
shrinkage=0.03


Tree=62
num_leaves=31
num_cat=0
split_feature=58 72 8 44 69 7 44 66 14 32 33 1 66 14 44 10 16 59 10 25 38 44 44 72 50 51 51 10 35 52
split_gain=4.76505 2.44127 2.26341 2.52425 2.51315 2.3071 2.77411 2.09225 3.60959 2.68949 2.42222 1.81844 1.61867 1.61651 2.39928 1.95888 1.77549 1.60477 1.56525 1.5566 1.4113 1.34147 2.43795 1.66799 1.58584 1.29586 1.25624 1.65454 1.14051 1.13993
threshold=0.74595135064253881 2.4202605304444638 0.010687379448485702 0.077141816382879549 0.03278825312729837 0.0092476477046607615 0.015911531372269975 0.45530185089084935 -0.28372563352121261 0.35371090442331415 -0.10055077540527414 0.0023189457918829652 0.11298855394277865 -0.049365769769413197 0.00083594828880284588 0.37110150417492199 -0.031021336870796831 0.97860960120060769 2.4008604379846656 -0.35837188348877141 1.2173336951674942 0.077141816382879549 0.083205026635764803 -1.469867548924223 0.067212861888321554 0.66911764705882359 0.70641601197156756 1.1446129657504507 -0.029356381234293693 0.72896270396270413
decision_type=8 8 10 10 8 10 8 10 8 10 10 10 10 8 10 10 10 10 8 10 10 10 10 8 8 2 2 10 8 2
left_child=21 7 11 5 -5 25 -7 8 17 10 -10 28 -11 14 20 -16 19 -2 -18 -15 -9 24 26 29 -1 -4 27 -23 -3 -24
right_child=1 2 3 4 -6 6 -8 13 9 12 -12 -13 -14 16 15 -17 18 -19 -20 -21 -22 22 23 -25 -26 -27 -28 -29 -30 -31
leaf_value=-0.0025830714418440806 0.0047399264203531475 -0.0053761858621129586 -0.019075111743756656 0.0064943222774811729 -0.011615969222921142 0.0024156606932132217 0.01319876478724559 0.0068379528639645566 -0.010626251850655168 -0.00021130166343079704 0.0010630754512585797 -0.010934582513850806 0.015921556282677683 0.011681493224235404 0.010505261227888408 -0.0079075422323927648 -0.00026011934429461507 0.017634694556944618 -0.01591393167864108 0.001343294939109645 -0.0039485074279565491 0.024994713063486367 -0.0055269662777549435 -0.0026165270220138231 -0.013534102841687448 0.0032851170588320149 0.0020497698406807918 -0.0036359962767970092 0.007025814385853534 0.01737805939935843
leaf_weight=376.92358853726182 19.35024409845937 9.1485439653624763 3.030967744300141 14.103350835153831 11.614910926902668 32.870802484918386 68.654034155304544 23.889607568038628 16.957607945078053 7.9452933622524169 141.20870588999242 11.736477406579068 15.253595683956517 20.504033119068481 4.6053262712084679 73.406920352601446 151.80935637379298 18.040694111958146 4.9997972620185456 36.38043105462566 18.223099299357273 6.5144084880594182 1.9583631267305461 76.531278874259442 11.522219777805729 4.5572763157542795 8.6942290430888516 1.8641767420340327 18.00407331681345 5.7190661320928484
leaf_count=91112 525 282 210 252 266 563 1156 1626 703 164 5968 754 307 1143 300 5430 15839 176 158 3043 1411 1466 405 17780 2514 217 2015 526 1178 704
internal_value=0.000134255 0.00167778 0.00477205 0.0066044 -0.00170102 0.00858692 0.00979438 0.000692713 0.00296913 0.00117483 -0.000230221 -0.00151193 0.0104919 -0.000794508 -0.00356821 -0.0066634 0.000760074 0.0113369 -0.000875925 0.00525896 0.00211751 -0.00214753 0.000897798 -0.00120233 -0.00294953 -0.00647802 0.0109157 0.0185962 0.0026981 0.0112261
internal_weight=1216.02 726.295 173.72 134.831 25.7183 109.113 101.525 552.575 218.756 181.365 158.166 38.8891 23.1989 333.819 120.125 78.0122 213.694 37.3909 156.809 56.8845 42.1127 489.727 101.282 84.2087 388.446 7.58824 17.0728 8.37859 27.1526 7.67743
internal_count=158193 41671 4878 2664 518 2146 1719 36793 7843 7142 6671 2214 471 28950 8767 5730 20183 701 15997 4186 3037 116522 22896 18889 93626 427 4007 1992 1460 1109
is_linear=0
shrinkage=0.03


Tree=63
num_leaves=31
num_cat=0
split_feature=70 53 45 46 6 45 45 57 56 48 37 14 32 54 32 14 57 44 14 22 53 45 41 44 14 27 48 48 14 48
split_gain=4.82614 2.9381 2.41242 2.03723 2.11218 1.9754 1.90883 1.83644 1.72004 1.87128 2.59339 1.68942 2.67558 2.24068 1.6794 1.6348 1.53601 1.54021 1.28102 1.25048 1.15045 1.26601 1.07447 1.07073 1.13661 1.64763 1.0348 1.03089 1.24115 1.04396
threshold=1.1214045438021174 0.010900370295388781 0.0040241815136636272 0.0059351470964873225 0.023345203361527588 0.0039898183791871331 0.0047600475289864197 0.72610080310163394 0.97481634163099218 -0.00093189866935011734 0.069146739434955154 0.46554044264939359 -0.0097758627186311769 0.43903981424116462 0.1046553211014233 -0.060767905180600372 0.80490309009866301 0.16428366975657974 0.32969383510515987 -0.030031049245488047 0.020968545333561059 0.018188477923048129 0.0078588017796509275 0.10621104336596378 -0.35275345043080281 -0.021534755818642334 -0.012513939005419581 -0.025758632796409938 0.25698687194562725 -0.063597867329977617
decision_type=8 8 10 8 8 10 10 8 10 10 8 10 10 10 10 8 10 10 10 8 10 10 10 10 10 10 10 10 10 10
left_child=16 5 8 4 15 -2 -6 -7 9 14 -11 12 -5 -13 -3 -4 19 26 -19 23 21 22 -21 24 25 -1 27 29 -29 -18
right_child=1 2 3 11 6 7 -8 -9 -10 10 -12 13 -14 -15 -16 -17 17 18 -20 20 -22 -23 -24 -25 -26 -27 -28 28 -30 -31
leaf_value=0.010838021143335552 0.0054200997303918315 0.00025303579988723808 -0.011280170331445259 0.0038405363083846436 0.0039498687067231839 -0.0020604962092076393 0.016998857408241471 -0.026910651947440991 -0.01468280534664328 -0.022421798958670389 0 -0.0021575920878458277 -0.0021136516180818594 0.0095542248895183549 0.017588211716956959 0.0055684579370065043 -0.005142580103218628 -0.0022131650464655922 0.019843865199091527 -0.0052877583793309651 -0.013094455615720688 0.010135456247874297 -0.0014824958130604862 -0.0076674538500523708 -0.00099835227849077567 -0.0090415135177124399 0.0022407631148859937 0.0013184531256824959 -0.011726872492571316 0.0041816255154919629
leaf_weight=15.362303575035186 4.3324656302575013 34.808680494315922 6.2993855879176408 159.37457523983903 18.40311756497249 5.1133207650855157 26.102535771206021 5.9230452704941863 8.3640057680895534 6.3903595114825293 12.046876024920495 19.123251590761356 116.3007115231012 53.853202048805542 4.9627518611960104 16.739122303668413 17.580185024766251 3.0445405042264593 5.6519175861030817 163.28049312112853 10.937951638246885 5.0258233137428752 118.73589910613373 18.600329875363968 211.82213300553849 3.878263459657318 85.848432426573709 9.3374737798003498 17.327547290828079 24.740567507920787
leaf_count=1299 143 2047 355 5222 344 207 440 225 196 301 470 471 4879 984 128 983 3626 395 117 38320 3250 1096 26287 4245 40783 578 11929 1983 2460 4182
internal_value=-0.00016564 0.00209368 0.0025178 0.00336879 0.00812313 -0.0103854 0.0118744 -0.0167742 -0.00272912 -0.00074185 -0.00843016 0.00241856 0.00131921 0.00645695 0.00286806 0.000559155 -0.0017531 0.000780689 0.0123807 -0.00251522 -0.00382778 -0.00342002 -0.00370715 -0.000927652 -0.000341474 0.00643401 3.46442e-05 -0.00266066 -0.00716773 0.000209768
internal_weight=1209.31 498.137 482.769 416.196 67.5442 15.3688 44.5057 11.0364 66.5727 58.2087 18.4372 348.652 275.675 72.9765 39.7714 23.0385 711.174 163.531 8.69646 547.643 297.98 287.042 282.016 249.663 231.063 19.2406 154.834 68.9858 26.665 42.3208
internal_count=157945 17395 16820 13678 2122 575 784 432 3142 2946 771 11556 10101 1455 2175 1338 140550 24692 512 115858 68953 65703 64607 46905 42660 1877 24180 12251 4443 7808
is_linear=0
shrinkage=0.03


Tree=64
num_leaves=31
num_cat=0
split_feature=58 71 41 33 37 65 14 33 76 31 43 10 33 6 44 37 17 54 40 54 69 6 45 37 59 52 78 55 40 20
split_gain=4.98017 2.66177 1.73582 1.96964 2.4672 2.39807 1.65351 2.16883 1.63272 1.58307 1.50407 2.50982 2.19754 3.39035 3.27928 1.7782 1.43741 1.35884 1.71976 1.6344 1.41371 1.59001 1.40348 1.22823 1.16259 2.13051 1.18031 1.13466 1.64222 1.98031
threshold=0.86320287899235282 2.3067756443074638 -0.0077900021143855183 -1.0000000180025095e-35 -0.076966853109049924 0.33548396048396051 0.049269895164200779 0.018561441037758624 1.6499257160698082 -0.0076666963006075664 0.047820791633721112 2.4008604379846656 -0.12403316560570561 0.039295345200480135 0.057527713524851205 0.66293271871570836 -0.74612767783467293 0.77040262719322461 0.016421599216571246 0.66790729425308604 0.75643978553939706 0.027391146292134155 0.01524258120370464 0.13172329053144335 0.45265323803335505 0.23099646237003255 -2.4510436916850433 0.02098638197417332 0.0007431472947384024 0.0032362524409761399
decision_type=8 8 10 10 10 10 8 10 8 10 8 10 10 8 8 8 2 8 10 10 10 8 10 8 8 2 8 10 10 10
left_child=17 6 3 5 -5 16 27 8 9 -8 12 15 14 -14 -4 -12 -3 19 -19 22 21 -21 24 -22 25 -1 -26 -2 29 -29
right_child=1 2 10 4 -6 -7 7 -9 -10 -11 11 -13 13 -15 -16 -17 -18 18 -20 20 23 -23 -24 -25 26 -27 -28 28 -30 -31
leaf_value=0.010585532569847757 0.0034262490535817173 -0.014035718237973354 0.0061664959704815529 0.0036770972941074821 -0.016533396513639744 0.014942864008815454 0.01186136634137252 -0.0021631970804459502 -0.0095303632355281179 0.0032424913274119054 0.010222862680008526 -0.018915768565794688 0.0040048468539682289 0.013011653334304965 -0.018967189910448011 -0.0035492299230241672 0.002061130646541402 -0.012559165189897288 0.0061528014138349449 0.0053442103235857548 0.017335586172034442 -0.011948542190173996 -0.011493407932588707 -0.0067203320899951987 -0.0083364515337112973 -0.003816055914719751 -2.9958745240387938e-05 0.0082757938040028955 -0.0070862428773848483 -0.0032515834277249988
leaf_weight=8.598630666267125 26.006408823421225 4.9942807334009549 11.800259592011569 8.9266242353478464 11.158558917930348 11.009193829959257 28.454268999863416 59.077182878623717 5.4455572345759711 62.808724214148242 15.199311016593127 4.4415455558337262 93.16421524330508 65.369800632470287 6.3222863825503763 16.404987734043974 28.421584145515226 19.208803186193112 4.7588790056761345 15.546735234325753 9.2939162548864243 5.721389772836118 12.313078559236599 1.5818710722960521 15.218443893594667 221.58749624661868 319.12943124724552 17.439363623794634 55.592958724417258 48.15016123955138
leaf_count=1854 1109 110 248 198 266 165 1259 4559 350 2578 243 102 1642 1147 178 945 1039 4824 829 3724 775 1125 2643 247 831 60380 57653 1028 3069 3024
internal_value=0.000100056 0.00210817 0.00422727 -3.91033e-05 -0.00766041 0.00343333 0.000151867 0.00230812 0.00506444 0.00606166 0.00552938 0 0.0066631 0.00779579 -0.00297818 0.00309251 -0.000595432 -0.00173633 -0.00862605 -0.00144656 0.00501505 0.000229854 -0.00181987 0.0133128 -0.00158363 -0.00322165 -0.000440721 -0.00211025 -0.00334129 -6.33054e-05
internal_weight=1213.15 580.187 277.213 64.5102 20.0852 44.4251 302.975 155.786 96.7086 91.263 212.702 36.0458 176.657 158.534 18.1225 31.6043 33.4159 632.959 23.9677 608.991 32.1439 21.2681 576.847 10.8758 564.534 230.186 334.348 147.189 121.182 65.5895
internal_count=158144 23259 6283 1778 464 1314 16976 8746 4187 3837 4505 1290 3215 2789 426 1188 1149 134885 5653 129232 5871 4849 123361 1022 120718 62234 58484 8230 7121 4052
is_linear=0
shrinkage=0.03


Tree=65
num_leaves=31
num_cat=0
split_feature=58 78 54 43 9 41 44 9 46 46 57 35 33 57 46 49 46 45 35 59 60 52 44 44 54 41 0 33 68 44
split_gain=4.34257 3.71914 2.97145 2.45742 2.24688 2.03023 2.21018 2.62674 2.01886 2.06483 4.8528 1.8846 2.6929 1.88074 1.73753 1.6386 1.62751 1.58168 1.42092 1.3231 1.61573 1.83417 1.70411 1.46857 1.77566 1.67583 0.965515 1.12509 1.11316 1.06954
threshold=0.90185970260127835 -0.32245789228195276 0.40811973383027905 0.053765239728748145 2.3972189862257141 -0.020850695544599781 0.092566718576639576 1.5003548278730643 0.0095798457491210343 0.0090042221378546488 0.18796074826410583 -0.016803368869005051 -0.064227222384482266 0.012806844896397137 0.0044955273699602847 0.03122555017467377 0.0076388682106252152 0.0066572363760285186 -0.030677723797068727 0.41311176389033316 0.14841379599363005 0.23099646237003255 -0.089159098601925488 0.00083594828880284588 0.54577245362991922 -0.009897626106818434 0.023546832494262596 -0.13011824278140074 -2.511366079794398 0.02696928583284797
decision_type=10 10 10 10 10 10 8 10 10 10 8 10 10 8 10 8 10 10 8 10 8 2 10 10 10 10 10 10 10 8
left_child=19 2 14 8 15 -4 13 -8 9 16 -11 12 -10 -7 18 -5 -3 -13 -2 20 21 22 -1 24 -23 -25 28 -28 29 -21
right_child=1 3 5 4 -6 6 7 -9 11 10 -12 17 -14 -15 -16 -17 -18 -19 -20 26 -22 23 -24 25 -26 -27 27 -29 -30 -31
leaf_value=-0.0093534168704664019 -0.002269416713599059 -0.00077774970973195842 -0.008670116602587874 -0.011976226943982633 -0.020184592954478681 0.016960240482961096 0.0090957241026765022 -0.01348100863780235 0.00063312244781055813 -0.02700906041447837 0.0035874952097214711 0.011156540298031762 0.014119616817330627 0.0050733353708760911 0.024800702033235599 0.0056249680785104136 0.0054426973849192265 -0.0031329716493745897 0.015373895146659735 0.0015196030341737029 -0.0044408288674329683 0.010539055958233512 0.023023522500390383 0.012743907559477729 -0.017356867034833516 -0.0011457950464027796 0.0084044008087176929 -0.0068605186524685058 0.0001827163889931483 -0.016062791369323648
leaf_weight=1.2013650445733217 6.4001552532427013 166.10324432142079 8.9898566256742907 7.0655191414989549 8.2042335695587081 15.330325869843362 7.0497565425466773 9.8541611852124316 23.572108665015548 7.2407446902361725 9.9607641418697295 7.884767878567799 31.493932203389704 56.853762129554525 10.410995062906293 10.481646410189571 47.797490225406364 31.360695665120147 8.4620899497531372 4.5528822717023996 208.84060761262663 1.8239169628359357 4.6748702068580306 8.4276959280250576 7.491022068192251 43.744549291790463 3.9339873552089548 33.976188545697369 408.14850615902105 6.5202399078989401
leaf_count=360 108 6272 202 343 343 141 156 230 763 277 418 271 859 1141 141 405 1747 1464 242 129 51147 486 580 1750 2166 11006 401 5325 68829 231
internal_value=-5.41984e-05 0.00217681 0.00663793 0.00058687 -0.00814142 0.00414581 0.00555425 -0.00391572 0.00130959 -0.000192276 -0.00990319 0.00498468 0.00851423 0.0078361 0.015669 -0.00156415 0.000617148 0 0.00792291 -0.00150289 -0.00314043 0.000853186 0.0155703 -0.000731966 -0.0111117 0.00123895 -0.00050223 -0.00502407 -7.51978e-05 -0.00905796
internal_weight=1207.85 474.516 123.351 351.165 25.7514 98.0779 89.088 16.9039 325.414 231.102 17.2015 94.3115 55.066 72.1841 25.2732 17.5472 213.901 39.2455 14.8622 733.336 276.204 67.3634 5.87624 61.4872 9.31494 52.1722 457.132 37.9102 419.222 11.0731
internal_count=157933 15523 2361 13162 1091 1870 1668 386 12071 8714 695 3357 1622 1282 491 748 8019 1735 350 142410 67495 16348 940 15408 2652 12756 74915 5726 69189 360
is_linear=0
shrinkage=0.03


Tree=66
num_leaves=31
num_cat=0
split_feature=70 22 53 2 17 66 46 45 57 18 48 29 57 26 57 44 54 16 44 57 66 20 71 48 48 42 42 42 22 6
split_gain=3.55212 3.13325 2.81071 2.11695 3.56111 1.9517 1.72765 2.44994 1.9899 1.66104 1.65809 1.65649 1.58625 1.3573 1.30047 1.89549 1.63779 1.31117 1.22476 1.17856 1.19269 1.2661 1.17303 1.16666 1.06259 1.05334 1.05219 1.04935 0.948925 1.27814
threshold=1.1214045438021174 0.40197102194064099 0.010989558943293544 0.042333095606834188 -0.25438366304550364 0.83471938863722828 0.0059351470964873225 0.0044644105449606697 0.98578678738105852 72.435302403136674 -0.012513939005419581 -5.1803455458645651 0.49578945502251542 0.77186106848571934 0.80084301602529939 0.00083594828880284588 0.64116860737538472 0.067879037342431406 -0.031313836158695478 0.041052239434808256 0.26023314463079561 -0.0086975442592721035 1.9988881638273834 -0.062788491177733094 -0.00097620138940379675 0.017294894173962575 0.050074529414674725 0.013921619395735331 0.29166380207103065 0.032627331574263667
decision_type=10 8 10 10 2 10 10 10 10 10 10 10 8 10 10 10 10 10 10 8 10 8 10 10 8 8 10 8 10 8
left_child=14 2 10 4 -3 6 7 -4 -8 24 22 13 -13 -7 17 18 28 19 23 20 21 -1 -2 -16 -5 27 -27 -21 29 -17
right_child=1 3 5 9 -6 11 8 -9 -10 -11 -12 12 -14 -15 15 16 -18 -19 -20 25 -22 -23 -24 -25 -26 26 -28 -29 -30 -31
leaf_value=0.012157203298422483 -0.0046856646324088466 -0.0014205097894441241 0.0017002602519362708 -0.013345455812812356 0.020917769006528336 -0.0040102625583094739 0.00060863279881519813 0.013379277544092663 0.0094266704648487149 0.009463805410729411 0.00038165962539573554 -0.0059376822341555792 0.001058608679189542 0.014763629966645899 -0.0043152850067652449 0.0016461999610705227 0.013816837586692898 -0.0062510292534402575 -0.012946323996798218 -0.0024163965301520632 -0.0037476944237591131 4.1352196586595425e-05 -0.027273233339174873 0.014827365226064398 0.0029129237298136032 0.0011136545825418589 -0.0078542400208866485 -0.0092716739977046162 -0.0051288845370648086 0.015865197968791492
leaf_weight=15.347076521371489 4.5167725328356045 8.7354758461006004 35.600832938682288 6.17661460977979 19.96191343141254 4.550550188519991 194.31934401043691 30.243308384902775 25.32217709813267 12.706398782203904 6.7132775856880462 60.708805138710886 53.657719163456932 8.565253110136835 12.759363516815936 108.53942732285941 9.5733378892764431 58.517981982440688 11.815387018490581 301.59182260092348 14.67064731987193 15.751455829013141 4.9354265382280573 2.6126799953635809 6.2364675733260828 122.18339366465807 11.997728382470084 21.155207479256205 15.957509063999167 5.1136555599514386
leaf_count=611 262 203 835 171 329 205 5206 647 344 303 237 3429 3179 322 2798 17933 853 13558 2327 66332 2034 708 130 396 154 25339 3046 4940 952 104
internal_value=-2.96393e-06 0.00198687 0.00111333 0.00875033 0.0141981 0.00161043 0.00298881 0.00722941 0.00167697 0.00210643 -0.0107649 -0.00145224 -0.00264848 0.00821481 -0.00132879 0.000984123 0.00242136 -0.00202031 -0.00609212 -0.00151044 0.00300836 0.00630644 -0.0182476 -0.000171576 -0.00534522 -0.0019752 0.000237433 -0.00290226 0.00145735 0.00244492
internal_weight=1210.54 482.95 429.133 53.8169 28.6974 412.968 285.486 65.8441 219.642 25.1195 16.1655 127.482 114.367 13.1158 727.587 166.371 139.184 561.215 27.1874 502.697 45.7692 31.0985 9.4522 15.372 12.4131 456.928 134.181 322.747 129.611 113.653
internal_count=157887 15956 14796 1160 532 14167 7032 1482 5550 628 629 7135 6608 527 141931 25363 19842 116568 5521 103010 3353 1319 392 3194 325 99657 28385 71272 18989 18037
is_linear=0
shrinkage=0.03


Tree=67
num_leaves=31
num_cat=0
split_feature=58 32 58 7 17 10 19 14 42 50 32 45 10 51 68 53 53 63 63 42 42 45 69 33 46 2 33 22 69 26
split_gain=3.15929 2.00753 3.23298 3.11497 2.1236 1.94131 1.82963 3.67012 3.61414 2.14992 2.10483 1.87658 1.80551 1.52816 1.52248 1.08609 1.04193 1.76931 1.19286 1.31691 1.97303 1.34543 1.20463 0.962374 0.764441 0.834731 0.761224 1.4402 0.742954 0.62481
threshold=0.87090053763440867 0.35371090442331415 0.99371727059814219 0.011025812788087128 -0.13053865872011639 1.4842866556524066 -1.2126731207012171 0.28161227220483981 -0.042085920216848864 -0.040003385804206197 -0.13123888679830278 0.014293726911723694 2.790567815925304 0.43219232223253262 3.710684681206319 0.0154747887493212 0.010989558943293544 0.15231194475352799 0.27604105610045204 0.050074529414674725 0.03859867731219447 0.017937755590757574 2.0762332303598612 -0.12403316560570561 0.0058169080607466004 -0.029657707048287182 -0.34377180869331719 -0.29597961423138291 1.6493751801400169 0.92101558848643184
decision_type=10 8 10 10 2 10 8 8 10 10 10 10 10 2 10 10 8 10 8 8 10 8 10 10 10 10 10 10 10 8
left_child=16 6 3 14 5 -5 7 10 29 23 -2 -12 -11 -9 -3 -6 17 -1 22 20 21 -20 26 -10 -19 -26 -18 -28 -21 -8
right_child=1 2 -4 4 15 -7 8 13 9 12 11 -13 -14 -15 -16 -17 18 24 19 28 -22 -23 -24 -25 25 -27 27 -29 -30 -31
leaf_value=-0.010575564694397016 0.010570125413645298 -0.019617921442448893 -0.0093470409304982072 -0.0072357830438818434 0.020429995578952843 0.011365720875099792 0.019965911235121897 0.0023996506622477342 0 -0.0011015296244043158 3.591850304097055e-05 -0.018788723514387907 0.0074151723285511319 0.019126708004646279 0.0046756727602534961 0.0063226872117771822 0.0090135896822221475 0.001032076694408122 -0.0032861968547028943 -0.011424430306192319 0.00813655178756785 0.0040368210190437686 0.013197173694616508 -0.020817083875519976 -0.0039237776157247739 0.014312607197997682 -0.013855957032802272 -0.00026086065523337767 0.0055358359513797374 0.0044012242492625
leaf_weight=5.5636064363643518 15.553262331522999 3.7117075070273122 9.1793636153452081 7.826860003406181 20.894876873586334 10.660087144235147 7.6340153063647422 7.9066860968014252 3.0569386633578688 324.84601094183745 62.120608965517022 4.1343716259580097 23.011821134481579 16.391651200829074 3.6697244145907462 8.7684278846718353 6.3126191858900702 12.962053678347731 381.54368693201104 20.93008051940706 14.168237387784755 22.807415763032623 5.0225206979084751 5.9452334239613247 1.9989206052850921 11.804231910035012 6.3487630913150488 168.76805729325861 1.7553782837931056 4.9168166846502581
leaf_count=702 298 242 195 212 313 198 216 191 90 14305 2478 233 362 288 71 221 765 2558 90370 4372 3321 3897 114 325 421 2091 347 28622 172 186
internal_value=-0.000348153 0.00134859 0.00626963 0.00902381 0.0118154 0.00336923 0.00066086 0.0041154 -0.000331729 -0.000914612 0.000975374 -0.00135605 -0.000509885 0.0141123 -0.00806542 0.0166999 -0.00174149 0.00340519 -0.00201635 -0.00286491 -0.00245898 -0.0028568 0 -0.0146394 0.0066956 0.0113824 -0.000439606 -0.000846654 -0.00980709 0.0148646
internal_weight=1200.21 540.228 64.711 55.5317 48.1503 18.4869 475.517 106.107 369.411 356.86 81.8082 66.255 347.858 24.2983 7.38143 29.6633 659.986 32.3288 627.657 441.205 418.519 404.351 186.452 9.00217 26.7652 13.8032 181.429 175.117 22.6855 12.5508
internal_count=158176 20424 1452 1257 944 410 18972 3488 15484 15082 3009 2711 14667 479 313 534 137752 5772 131980 102132 97588 94267 29848 415 5070 2512 29734 28969 4544 402
is_linear=0
shrinkage=0.03


Tree=68
num_leaves=31
num_cat=0
split_feature=7 17 69 75 30 45 61 18 42 17 72 21 74 0 42 43 48 53 9 37 44 44 45 44 53 37 52 48 52 59
split_gain=3.22362 2.273 2.29865 2.52128 4.18695 2.60852 2.41031 2.36625 1.95473 1.91233 2.23796 1.87077 1.76924 1.76746 1.73842 1.59171 1.53576 1.62609 1.49402 1.42564 1.39057 1.62132 2.20521 2.17638 1.75037 1.34127 1.24887 2.11913 1.74622 1.17823
threshold=0.0084320051814746506 0.30356924545063996 1.966448070784675 -2.1510125071915991 0.6669250384915516 0.0044354176637267399 0.71044447296372359 73.883475008960644 0.0051391552835872165 -0.12696880229172944 3.2859724147737244 0.19782484636431311 0.736150335216048 -0.0043104207006816045 -0.026419510037929191 0.021378978790476347 -0.031464899589573374 0.018355607768962112 0.28239326738500597 0.33188410993895984 0.11987758590221288 0.077141816382879549 0.006228340564539918 0.087426643201365853 0.014656034047414527 -0.7691072199756499 0.60896649527140501 -0.0079094084004419623 0.64960433417427466 0.87066310274021108
decision_type=8 2 10 8 10 10 10 8 8 2 8 10 10 10 10 10 10 10 10 8 10 10 10 8 8 10 2 10 2 10
left_child=16 2 3 4 5 -2 12 25 14 10 -5 -10 -4 -6 -3 -14 17 -1 -19 -11 21 26 24 -24 -23 -8 27 -18 -28 -16
right_child=1 8 6 9 13 -7 7 -9 11 19 -12 -13 15 -15 29 -17 20 18 -20 -21 -22 22 23 -25 -26 -27 28 -29 -30 -31
leaf_value=-0.0076019407213906189 -0.0040840920558894052 0.0029029718839804061 0.016373932798082098 -0.0018703465888258739 0.0036009506047960773 0.011562063763034288 0.0090890113252852112 0.013903945571324922 -0.0025203329688182718 -0.00049868231763247031 -0.016728773314597874 0.0088102059099571511 0 -0.0052854058372069756 -0.0011463153999306591 0.01207237465187763 -0.0013691889278129676 0.018308281387250384 -0.0037465534484628906 0.0040155663997275357 -0.0097733213862297354 0.002222025474605998 0.021622532957194306 0.0026549775252835521 -0.013830362527342727 -0.0070384750853230808 -0.011481161651028709 0.01023516880260616 -0.0022490127683283045 -0.018230427951739236
leaf_weight=71.138384101563133 10.437735228682866 6.5654772475827512 21.489377450663596 159.70026797591709 41.334150722599588 63.391750945127569 4.6390929477056515 7.3696268897037944 82.751564994454384 152.15590572188376 8.7944003171287459 14.507210193434728 21.686241231393069 37.28044224990299 5.412286932347345 16.507017398020253 68.30177453707438 3.4999990558717382 6.0929055844899267 105.0321851799963 16.008417339529842 27.076007725438103 8.6957678493345139 14.156126366695391 6.7780335068237028 24.301452677464113 20.516845566919073 16.743199891876429 149.01669594994746 14.703318615444003
leaf_count=16334 226 528 325 21419 1377 1368 94 139 8758 19088 599 480 441 1472 1238 282 15005 413 1570 8583 3517 5159 2091 3698 1522 883 4624 3615 32914 596
internal_value=-0.000166395 0.000939813 0.00162948 0.000904627 0.00420286 0.00928496 0.00590971 -0.000119512 -0.00277034 -0.000276576 -0.00275769 -0.000727264 0.00956877 -0.000588893 -0.00981415 0.00534323 -0.00233438 -0.0060268 0.00498572 0.00134167 -0.00139887 -0.000928678 0.00359926 0.0106024 -0.0012104 -0.00413586 -0.00195913 0.00097295 -0.00344465 -0.0140478
internal_weight=1206.08 798.06 674.12 578.127 152.444 73.8295 95.9928 36.3102 123.94 425.683 168.495 97.2588 59.6826 78.6146 26.6811 38.1933 408.024 80.7313 9.5929 257.188 327.293 311.284 56.7059 22.8519 33.854 28.9405 254.579 85.045 169.534 20.1156
internal_count=158358 67896 56296 54132 4443 1594 2164 1116 11600 49689 22018 9238 1048 2849 2362 723 90462 18317 1983 27671 72145 68628 12470 5789 6681 977 56158 18620 37538 1834
is_linear=0
shrinkage=0.03


Tree=69
num_leaves=31
num_cat=0
split_feature=6 58 41 4 31 59 19 17 78 64 71 54 46 9 58 47 52 53 69 47 59 33 9 37 52 37 34 4 53 17
split_gain=3.3667 2.52392 1.96661 1.96329 1.87254 1.78712 1.77607 2.03764 1.72613 1.61796 1.86386 1.58566 1.75955 1.84277 1.57825 1.40209 2.99453 1.76188 1.34861 1.23785 0.913247 0.954602 0.714495 0.667529 0.569523 0.191212 0.141547 0.124604 0.0907922 0.0469952
threshold=0.070717937891513788 0.74974747474747494 0.01513616174617183 0.61440851388403117 -0.18659985230648554 0.99371727059814219 -1.1491757882461173 0.065236632869123609 2.0431510323838471 0.80358721568837577 4.6722473133435569 0.77040262719322461 0.015272799414690232 1.3353217700952564 0.96730021251854537 -0.0083900896169176713 0.60809578262408459 0.010900370295388781 0.9051842241728546 -0.15327850463673823 0.99371727059814219 0.086886148049017078 0.61546121834369316 0.22223426453517317 0.035949200566686913 0.089334786829853255 0.0083973790584587291 -0.23336220962815138 0.013821986130194133 -1.335289592313412
decision_type=10 8 8 10 10 8 8 2 10 10 8 8 8 10 10 10 2 10 8 8 10 8 8 8 2 8 10 8 10 2
left_child=1 11 8 6 -2 23 18 -8 9 14 -11 12 15 22 -3 17 -17 -1 -4 24 21 -10 -14 -6 29 -15 -26 -21 -29 -13
right_child=4 2 3 -5 5 -7 7 -9 20 10 -12 19 13 25 -16 16 -18 -19 -20 27 -22 -23 -24 -25 26 -27 -28 28 -30 -31
leaf_value=0.0056497703086161267 -0.0032129327106769313 0.0017701119711466431 0 0.012954650173294868 -0.0042634624733160209 0.021175826184400767 -0.0083403061713757248 -0.0007258881308652795 -0.010865036708089998 -0.00044445831463119486 -0.019587539660158332 0 0.016729676182497641 0 0.0060302625629056862 0.0094894748732605137 -0.0016027941915337884 -0.0045759592156857029 0.017859000917812375 0 0.0050602166138212432 0.0023853482169731671 0.0040053341186695691 0.01012543228491678 0 -0.015555612357666103 0.010107521335447858 -0.0029059437299353581 -0.018760549067210017 -0.012068414247750764
leaf_weight=15.303588668466544 6.7572610499337342 306.25328566308599 12.03358029690571 6.3057876813691101 4.4667584813432759 12.3572347369045 57.090334022999741 72.010136047378182 18.661507586075459 87.628251911024563 3.86000304785557 0.58148327050730619 7.8445545507129291 0.62789712357334704 106.57013415975962 23.379439212963916 212.75663529743906 200.78869539737934 4.7623238889500525 0.62875197839457542 5.2676444398239246 5.6389243348967346 10.238796120509509 4.9917926187627044 1.8129869868280368 2.2054517735959966 2.1816287897527218 1.2430125540122396 8.5870955326827225 1.4526300777215508
leaf_count=3062 191 20533 636 126 129 124 3659 4913 1872 5871 88 140 714 141 2052 5413 50899 49588 83 213 93 555 2044 185 791 518 654 270 2298 430
internal_value=-0.00011025 -0.000363871 0.00080694 -0.00218311 0.00988363 0.0140347 -0.00294154 -0.00415439 0.00166746 0.00208774 -0.00148762 -0.00200885 -0.00166962 0.00661055 0.00288903 -0.00207296 -0.00045653 -0.00381527 0.00592201 -0.0109199 -0.00523655 -0.00769895 0.0102698 0.00328556 0 -0.0125479 0.00629067 -0.0167094 -0.0174862 -0.0101879
internal_weight=1204.29 1175.71 686.082 152.202 28.573 21.8158 145.896 129.1 533.88 504.312 91.4883 489.633 473.145 20.9167 412.823 452.228 236.136 216.092 16.7959 16.4876 29.5681 24.3004 18.0834 9.45855 6.02873 2.83335 3.99462 10.4589 9.83011 2.03411
internal_count=158285 157656 40481 9417 629 438 9291 8572 31064 28544 5959 117175 112379 3417 22585 108962 56312 52650 719 4796 2520 2427 2758 314 2015 659 1445 2781 2568 570
is_linear=0
shrinkage=0.03


Tree=70
num_leaves=31
num_cat=0
split_feature=59 69 24 64 55 17 52 0 4 16 46 78 50 34 30 60 52 44 59 60 67 54 46 53 44 9 40 53 57 69
split_gain=3.53443 1.6405 2.45851 2.53239 2.50064 2.49454 2.31792 1.70675 1.58577 2.41062 2.16979 2.13413 2.2958 1.96596 1.39657 1.35871 1.96064 1.51436 1.37931 1.27945 1.20486 1.11558 1.3158 1.00636 1.50862 0.853008 0.81811 1.40456 1.13722 0.773792
threshold=0.90179360784418805 2.2046456638681273 0.49893466300957218 0.88153614128453761 0.14889156519024047 -0.065913861398970403 0.68205741416063292 0.00040653610503660348 -0.30076630711650776 -0.13530307861651028 0.015272799414690232 1.9636736952257201 -0.037315466529875156 0.0094616139007401203 0.67736530385592353 0.10471182365432881 0.23099646237003255 0.06534283894239902 0.2740742565830146 0.43123074948665302 0.92017831869096656 0.57254031279556139 0.0078844299428635026 0.020474421087514984 0.12323133889667993 0.63026950389083181 0.016421599216571246 0.019447970887333878 0.96719734942567903 -0.69639816965918577
decision_type=8 10 10 10 10 2 2 10 8 10 10 10 8 10 10 10 2 10 10 10 10 10 8 10 10 10 10 10 8 8
left_child=15 8 4 -4 -3 7 -7 -6 9 13 11 12 -10 -2 -15 16 20 21 -17 -13 -1 22 -18 24 -19 -23 27 -20 -29 -12
right_child=1 2 3 -5 5 6 -8 -9 10 -11 29 19 -14 14 -16 18 17 23 26 -21 -22 25 -24 -25 -26 -27 -28 28 -30 -31
leaf_value=0.024074533894272398 -0.0095906428231080695 0.018028653590213651 -0.012629901736945446 0.0065944980276557569 0.0036501082667003098 0.014345340641119102 0.0014422214201352495 -0.012788944363689374 -0.0093902042538365985 0.015728404355528514 -0.021737176392976641 0.001434249020162088 0.0016070047112406022 0.01415689986387262 -0.00038695566339402073 -0.0049797571354141552 -0.0026104085355571163 0.0066161600028196163 -0.00087878962012365202 -0.013963592472289833 -0.003065387854851412 -0.014022110586170655 0.012959691027558052 0.017377255836994534 -0.015231714640336671 0.0026972126863151697 0.0059115503683276806 -0.0084722289893918949 0.0091301148849820164 -0.00017147179783631264
leaf_weight=4.5146592298988244 9.2931668506935257 15.325891196727751 12.006282525835561 10.642767121782525 11.608715324429797 26.322770449682139 24.649691033177078 9.246502425754441 16.755503170192242 14.961929521523414 4.3052457994781435 6.7061138264834907 420.87637440388789 9.6163732158020157 12.507940099108962 113.78094772144686 22.466848091338765 14.746633910574024 352.71236710902303 12.844347209553233 1.4761680925730614 9.4422258381964621 5.148242227616719 5.1119803139008573 2.4438677990110582 2.962983494391664 12.822744840057565 34.830651157768443 2.6627590582938856 2.506379359168931
leaf_count=486 169 134 253 182 200 409 407 197 642 256 263 310 15698 161 259 31734 5385 3288 79881 646 352 2529 1209 326 574 770 1690 9172 242 153
internal_value=0.000129476 0.00170841 0.0050249 -0.00357265 0.00730841 0.00476369 0.00831107 -0.00375282 0.000980592 0.00621379 0.000438808 0.000711431 0.00115867 0.00124469 0.00614366 -0.00153898 0.00239197 0.000641537 -0.002068 -0.00872313 0.0174761 -0.00278671 0.000538921 0.00677763 0.00267866 -0.0099016 -0.00122825 -0.00148506 -0.00693948 -0.0152238
internal_weight=1205.3 620.176 109.803 22.649 87.1536 71.8277 50.9725 20.8552 510.373 46.3794 463.994 457.182 437.632 31.4175 22.1243 585.123 68.3136 62.3228 516.809 19.5505 5.99083 40.0203 27.6151 22.3025 17.1905 12.4052 403.029 390.206 37.4934 6.81163
internal_count=157977 20339 1782 435 1347 1213 816 397 18557 845 17712 17296 16340 589 420 137638 14919 14081 122719 956 838 9893 6594 4188 3862 3299 90985 89295 9414 416
is_linear=0
shrinkage=0.03


Tree=71
num_leaves=31
num_cat=0
split_feature=63 8 38 33 45 48 37 76 38 14 57 33 67 32 38 59 32 45 14 23 9 10 72 38 57 59 71 72 0 10
split_gain=3.63523 3.27973 2.07322 3.12646 2.92345 2.48527 2.48452 1.97208 1.86996 1.99766 1.65422 1.5695 1.46996 1.41297 1.36974 1.32881 1.32441 1.28583 1.2273 1.20949 2.17206 1.59032 1.38359 2.14615 1.07981 1.40754 1.07106 1.05836 0.914138 0.884238
threshold=0.12850998119923682 0.0094014169071678696 1.065670892558586 0.024178077964597183 0.016248166844256593 -0.017055197285775977 -0.076966853109049924 0.050329250193997706 1.09688689955952 -0.047224306113662233 0.0085745007398149112 -0.12403316560570561 3.0563268075744059 0.40615044897372876 1.2590583126672295 0.98569967864446406 -0.12678525588478404 0.018188477923048129 -0.28372563352121261 0.056531829553555853 3.3868714407679774 2.4008604379846656 2.0737793983761557 1.0538375004861753 0.80084301602529939 0.94031386278484141 1.914389827763888 -1.2294053513963665 0.04097053609559665 1.0268089215709792
decision_type=10 8 10 8 10 10 8 8 10 10 8 10 10 10 10 8 8 10 10 10 10 10 8 10 10 10 10 10 8 8
left_child=1 15 3 4 11 6 -5 -7 26 10 -10 -3 19 16 -11 18 -14 -6 -1 20 24 22 28 -24 27 -26 -4 -2 -21 -17
right_child=12 2 8 5 17 7 -8 -9 9 14 -12 -13 13 -15 -16 29 -18 -19 -20 21 -22 -23 23 -25 25 -27 -28 -29 -30 -31
leaf_value=0.0074399365472336025 0.0022587672589151589 -0.00010741672782026681 -0.00057689225591479204 0.016385215572041301 0.0024882414522174388 -0.016148990414386045 -0.0002266968117241275 0.00209200081870505 0.0064808572968853275 0.012343025097395014 -0.0046160908612549014 0.009356491007778283 0.011605444957818182 0.016698819950053387 -3.7831991223839605e-05 -0.023273612972086938 -0.0022882920462168792 -0.021291551350493758 -0.0022052954226460665 -0.0034311433444236586 0.01159201347200535 -0.014491350594629157 0.01182895078055482 -0.010144494993024594 0.0026580695386672609 -0.0035172100071039865 -0.02017604841397682 -0.0026187649511979919 -0.014421098089339737 -0.005750318656770113
leaf_weight=12.969087107805533 43.530998434638605 17.083572982344776 4.9627632346237061 9.4905159517656994 3.0629311990924171 12.029661650187334 34.007723763992544 8.2371113150147739 15.228709661401806 18.932305876747709 45.497436558478512 136.45732947217766 7.4505807491950691 6.0072249621152869 12.668416139320469 2.5738675077445805 21.457439856254499 3.4672904470935464 76.358444405719638 120.40027929376811 11.032502192188984 11.214748816099016 11.418154588202016 4.8759899412980294 111.23637674632482 45.958175720996223 5.0315696713514626 364.51754505839199 6.6035887359175822 18.195002229418609
leaf_count=670 9478 470 292 264 150 490 2539 358 261 591 2090 3360 200 102 558 72 805 183 9681 21333 289 357 356 176 17687 974 105 80809 954 2337
internal_value=-0.000104299 0.00207596 0.00358832 0.00519948 0.00742635 -0.000372711 0.00361707 -0.0088444 1.85276e-05 0.00142561 -0.00172472 0.00829021 -0.00135149 0.00455784 0.00743873 -0.00236932 0.0014606 -0.0108902 -0.000704869 -0.00164376 -0.0010012 -0.00399914 -0.00306248 0.0048736 -0.00127233 0.00082285 -0.0116545 -0.00208684 -0.0041342 -0.00902914
internal_weight=1201.96 436.254 326.157 223.836 160.071 63.765 43.4982 20.2668 102.321 92.3269 60.7261 153.541 765.704 34.9152 31.6007 110.096 28.908 6.53022 89.3275 730.788 576.276 154.513 143.298 16.2941 565.243 157.195 9.99433 408.049 127.004 20.7689
internal_count=157991 24471 11711 7814 4163 3651 2803 848 3897 3500 2351 3830 133520 1107 1149 12760 1005 333 10351 132413 109237 23176 22819 532 108948 18661 397 90287 22287 2409
is_linear=0
shrinkage=0.03


Tree=72
num_leaves=31
num_cat=0
split_feature=70 32 44 17 24 24 10 16 51 51 14 53 4 57 54 48 53 16 59 30 53 43 44 78 43 14 48 7 37 38
split_gain=3.78111 2.36384 2.66402 2.53323 2.35476 2.23263 2.11001 2.09823 2.45463 1.92018 1.73291 3.35773 1.94342 1.39539 1.362 1.51061 1.52021 1.2253 1.24348 1.19043 1.26217 1.07917 1.18003 1.04281 1.15005 1.00867 0.969658 0.829996 0.809662 0.778973
threshold=0.99427826777128347 0.35371090442331415 0.074067940574290794 -0.56026869236374932 -1.2593967088452607 0.071519774912829806 2.790567815925304 0.1948693510288019 0.65291229516275007 0.64503281285358693 0.33660504023620069 0.012316468289079114 -0.067814332255585516 0.96719734942567903 0.66123071405507827 -0.0044362171728775648 0.011382913592570191 0.074446217197976408 0.95937565144882231 0.44190021538285035 0.015337657944723795 0.054431982587977441 0.11987758590221288 -1.885491327091686 0.018861071376789388 -0.12702751202307963 -0.051042554421015456 0.0076126622988286321 -0.16090855643035246 0.73165760624402665
decision_type=10 8 10 2 10 10 10 8 2 2 10 10 10 10 8 10 10 10 10 10 10 10 10 10 10 8 8 10 8 10
left_child=13 2 6 -3 -4 19 10 8 -6 -7 12 -12 -2 17 15 16 -15 18 21 -5 -21 22 -1 -17 -25 28 -23 -19 -20 -29
right_child=1 3 4 5 7 9 -8 -9 -10 -11 11 -13 -14 14 -16 23 -18 27 25 20 -22 26 -24 24 -26 -27 -28 29 -30 -31
leaf_value=-0.0014975700890847881 0.0028839463486276581 -0.0072031658299653465 -0.019816766461765067 0.0027491965864662122 -0.0090832923621077619 0.0084859194508179955 0.011311494085035205 -0.017280249930249549 0.0032980790208960963 -0.011623355547179765 -0.0066832382645000384 0.0087811847980879525 -0.0022505251330305785 0.012405238863891463 0.015607284595610917 -0.0073421294014467935 -0.0082211585276951715 -0.0025736176723535594 0.014269230453091513 0.019687136239602356 0.0052400088623763188 -0.0042350896930183424 -0.0089966564713807214 -0.004444456351174823 0.013903852375957246 -0.0011045401474085478 0.0064720359130600062 -0.015175128872587092 0.00087863192338704667 -0.0044571376426616746
leaf_weight=483.80510210496141 155.79950341384392 8.2202078783884627 6.2977717051981008 8.7466105325147492 19.123912765760906 9.2016848560888302 21.952043212484568 6.1766755849821484 49.667545045493171 6.3538761562667778 14.715280302567406 63.348165875650011 113.58296817203518 2.9438640209846225 6.4701045341789714 2.7578601005952832 15.939558240701443 48.764852594351396 10.250842059496788 23.15321469004266 9.015747727127744 9.4300690422533062 18.920752292731777 3.118314492399807 13.191493172198532 14.711566397454588 26.159799094777554 11.178649348090405 7.367804364301267 17.054295232228469
leaf_count=106717 4963 201 235 274 930 204 291 310 2067 171 412 1481 6395 95 325 74 1605 11491 186 341 193 2480 4484 217 724 482 5556 1528 172 3860
internal_value=0.000222051 0.00216735 0.0013808 0.00749665 -0.00349256 0.00977673 0.00246755 -0.00183894 -0.000181767 0 0.00186931 0.00578047 0.000707625 -0.00122325 0.0038456 0.00141418 -0.00439251 -0.00158093 -0.00109002 0.0133789 0.0160086 -0.00144005 -0.00180306 0.00724659 0.0101684 0.00451659 0.00351482 -0.00512013 0.0091786 -0.00917742
internal_weight=1207.42 515.355 450.664 64.6913 81.2659 56.4711 369.398 74.9681 68.7915 15.5556 347.446 78.0634 269.382 692.065 44.4212 37.9511 18.8834 647.644 570.646 40.9156 32.169 538.316 502.726 19.0677 16.3098 32.3302 35.5899 76.9978 17.6186 28.2329
internal_count=158464 18468 17084 1384 3542 1183 13542 3307 2997 375 13251 1893 11358 139996 3040 2715 1700 136956 120077 808 534 119237 111201 1015 941 840 8036 16879 358 5388
is_linear=0
shrinkage=0.03


Tree=73
num_leaves=31
num_cat=0
split_feature=58 6 54 30 63 48 27 69 8 6 44 16 30 52 43 14 48 52 54 69 41 14 45 10 9 59 13 59 24 6
split_gain=3.05752 2.41872 1.84298 1.68586 2.10517 3.3391 1.7536 2.13777 1.80229 1.7217 1.51122 1.74622 1.22073 1.16773 1.12977 1.47356 0.953548 1.1741 1.00682 1.18876 0.924215 1.17109 1.16271 1.10816 1.04577 0.903736 0.899988 0.861103 0.829663 0.790132
threshold=0.90185970260127835 0.070717937891513788 0.71095035651356697 0.6669250384915516 0.032955750710618993 -0.026485070192339696 -0.12680727523571925 0.14979921678162969 0.018963118141164727 0.044824303988298765 0.14199934271006312 -0.16194739772493325 0.48561673140027956 0.685349178277186 0.051227617896574269 0.13138672264031007 -0.061424138205338978 0.60896649527140501 0.57514232024538892 -0.6543194682718797 0.02808491692279769 -0.324590670276176 0.011930488655915996 1.2437131024260184 1.3430557342198808 0.82390620727372177 0.39506149335626056 0.93650786541011222 -0.62461439439793198 0.035539605730817402
decision_type=10 8 10 10 10 10 10 10 10 10 8 10 8 2 10 8 10 2 10 10 10 8 10 8 8 10 10 10 10 8
left_child=12 2 3 4 5 -2 8 -8 -5 -6 13 -12 16 -3 20 -16 26 18 -18 -20 21 29 23 -22 -23 -24 -1 -4 -17 -14
right_child=1 10 27 6 9 -7 7 -9 -10 -11 11 -13 14 -15 15 28 17 -19 19 -21 22 24 25 -25 -26 -27 -28 -29 -30 -31
leaf_value=-0.010369990905838922 0.016643947935517517 0.0063010106310143563 0 0.0037333753303155737 0.002369657032397522 0.0021626941154251635 -0.0096244085411080777 0.0018828540716918593 -0.011681315065068611 -0.0063766679310725775 0.0094459135878132219 -0.011694819151810566 0.013912972278288343 0.020355186897405616 -0.000449592430543317 0 0.0051826545472856943 -0.0036625716947192243 0.01235934730173753 -0.014014560004943985 0.003437700924407578 -0.0017371040180406722 -0.019266475076360333 -0.010595882668268502 0.001223276375137359 0 0.007856742881453169 -0.020631799518167879 0.014387519378127833 -0.00031824599548018015
leaf_weight=22.774558809003796 22.79886274645105 13.149772430770101 2.9512143700849256 60.226275642868131 214.02188946935348 38.378038663417101 35.104262018227018 23.211501078563742 6.6403316392097613 21.252704399405047 7.3916240427643061 5.0340760424733144 7.4032593589508879 11.36142141278833 24.475994970300235 4.951727899140681 26.7640006475267 122.15056713437662 1.1164754477795211 4.8063290568534276 13.476113145705314 308.69251555681694 6.724362684064543 6.7117012887029004 162.40271204727469 2.8862424296094105 1.798750860383733 3.9409712145570666 12.781547015183603 5.2691916511394092
leaf_count=5497 314 302 239 1783 8321 662 1790 700 164 477 212 166 322 187 5031 836 5611 26640 115 1127 3210 66219 1968 876 23019 189 80 122 1554 349
internal_value=0.000111467 0.00201394 0.00135952 0.00163105 0.002864 0.00778858 -0.00126455 -0.00503906 0.00200882 0.00154325 0.00929111 0.000424494 -0.00109005 0.0134755 -0.000387155 0.00426243 -0.00323664 -0.00230607 0.00263238 -0.00754245 -0.000782669 -0.00045416 -0.00583058 -0.00136624 -0.000709775 -0.013913 -0.00866344 -0.012973 0.0106031 0.00818574
internal_weight=1200.65 465.463 428.526 421.634 296.451 61.1769 125.182 58.3158 66.8666 235.275 36.9369 12.4257 735.186 24.5112 555.775 42.2093 179.411 154.837 32.6868 5.9228 513.566 483.768 29.7984 20.1878 471.095 9.61061 24.5733 6.89219 17.7333 12.6725
internal_count=158082 15439 14572 14211 9774 976 4437 2490 1947 8798 867 378 142643 489 103573 7421 39070 33493 6853 1242 96152 89909 6243 4086 89238 2157 5577 361 2390 671
is_linear=0
shrinkage=0.03


end of trees

feature_importances:
return_dispersion_20d=157
spy_return_60d=138
cs_rank_vol_60d=97
cs_z_momentum_120d=90
spy_vol_20d=84
cs_rank_momentum_120d=84
spy_return_20d=66
breadth_above_sma_50d=61
mom_60_20_divergence=60
spy_vol_60d=51
momentum_120d=50
spy_drawdown_120d=49
spy_return_5d=48
macd_hist=47
vol_compression=45
vol_60d=44
spy_return_10d=44
downside_ratio=43
avg_corr_to_spy_60d=43
cs_z_vol_60d=43
cs_z_beta_60d_spy=39
beta_60d_spy=38
beta_20d_spy=36
downside_vol_20d=34
price_to_sma_50d=34
cs_rank_beta_60d_spy=31
spy_price_to_sma_50d=28
cs_rank_distance_to_60d_high=27
mom_beta_adjusted=26
beta_instability=26
breadth_above_sma_20d=26
spy_price_to_sma_20d=25
upside_vol_20d=23
return_1d=22
cs_z_vol_20d=21
cs_z_vol_compression=20
cs_rank_vol_20d=19
return_60d=18
spy_drawdown_60d=18
cs_rank_volume_zscore_60d=17
mom_divergence=16
trend_strength=16
residual_momentum_60d=16
cs_rank_vol_compression=16
mom_vol_ratio=15
excess_return_20d_vs_spy=14
vol_20d=13
rsi_14=13
bollinger_z_20d=13
volume_zscore_20d=13
dollar_volume_ratio_20d=13
relative_momentum_20d_vs_spy=12
volume_zscore_60d=12
distance_to_60d_high=12
return_20d=11
distance_to_20d_high=11
residual_momentum_20d=11
cs_rank_momentum_20d=10
cs_z_momentum_20d=10
cs_z_distance_to_60d_high=10
price_to_sma_20d=9
return_5d=8
return_10d=8
momentum_60d=8
drawdown_reversal_setup=8
cs_z_momentum_60d=8
cs_z_volume_zscore_60d=8
excess_return_5d_vs_spy=6
excess_return_60d_vs_spy=6
short_reversal_5d=4
cs_rank_residual_momentum_20d=4
cs_rank_momentum_60d=3
cs_z_excess_return_20d_vs_spy=3
momentum_5d=2
cs_z_excess_return_60d_vs_spy=2
cs_z_residual_momentum_20d=2
cs_rank_excess_return_20d_vs_spy=1
cs_rank_excess_return_60d_vs_spy=1

parameters:
[boosting: gbdt]
[objective: lambdarank]
[metric: ndcg]
[tree_learner: serial]
[device_type: cpu]
[data_sample_strategy: bagging]
[data: ]
[valid: ]
[num_iterations: 74]
[learning_rate: 0.03]
[num_leaves: 31]
[num_threads: 0]
[seed: 17]
[deterministic: 0]
[force_col_wise: 0]
[force_row_wise: 0]
[histogram_pool_size: -1]
[max_depth: 6]
[min_data_in_leaf: 150]
[min_sum_hessian_in_leaf: 0.001]
[bagging_fraction: 0.8]
[pos_bagging_fraction: 1]
[neg_bagging_fraction: 1]
[bagging_freq: 1]
[bagging_seed: 17]
[bagging_by_query: 0]
[feature_fraction: 0.75]
[feature_fraction_bynode: 1]
[feature_fraction_seed: 17]
[extra_trees: 0]
[extra_seed: 13015]
[early_stopping_round: 0]
[early_stopping_min_delta: 0]
[first_metric_only: 0]
[max_delta_step: 0]
[lambda_l1: 0.1]
[lambda_l2: 1]
[linear_lambda: 0]
[min_gain_to_split: 0]
[drop_rate: 0.1]
[max_drop: 50]
[skip_drop: 0.5]
[xgboost_dart_mode: 0]
[uniform_drop: 0]
[drop_seed: 30017]
[top_rate: 0.2]
[other_rate: 0.1]
[min_data_per_group: 100]
[max_cat_threshold: 32]
[cat_l2: 10]
[cat_smooth: 10]
[max_cat_to_onehot: 4]
[top_k: 20]
[monotone_constraints: ]
[monotone_constraints_method: basic]
[monotone_penalty: 0]
[feature_contri: ]
[forcedsplits_filename: ]
[refit_decay_rate: 0.9]
[cegb_tradeoff: 1]
[cegb_penalty_split: 0]
[cegb_penalty_feature_lazy: ]
[cegb_penalty_feature_coupled: ]
[path_smooth: 0]
[interaction_constraints: ]
[verbosity: -1]
[saved_feature_importance_type: 0]
[use_quantized_grad: 0]
[num_grad_quant_bins: 4]
[quant_train_renew_leaf: 0]
[stochastic_rounding: 1]
[linear_tree: 0]
[max_bin: 255]
[max_bin_by_feature: ]
[min_data_in_bin: 3]
[bin_construct_sample_cnt: 200000]
[data_random_seed: 94]
[is_enable_sparse: 1]
[enable_bundle: 1]
[use_missing: 1]
[zero_as_missing: 0]
[feature_pre_filter: 1]
[pre_partition: 0]
[two_round: 0]
[header: 0]
[label_column: ]
[weight_column: ]
[group_column: ]
[ignore_column: ]
[categorical_feature: ]
[forcedbins_filename: ]
[precise_float_parser: 0]
[parser_config_file: ]
[objective_seed: 20363]
[num_class: 1]
[is_unbalance: 0]
[scale_pos_weight: 1]
[sigmoid: 1]
[boost_from_average: 1]
[reg_sqrt: 0]
[alpha: 0.9]
[fair_c: 1]
[poisson_max_delta_step: 0.7]
[tweedie_variance_power: 1.5]
[lambdarank_truncation_level: 50]
[lambdarank_norm: 1]
[label_gain: 0,1,2,3,5,8,13,21,34,55]
[lambdarank_position_bias_regularization: 0]
[eval_at: 5,10,25]
[multi_error_top_k: 1]
[auc_mu_weights: ]
[num_machines: 1]
[local_listen_port: 12400]
[time_out: 120]
[machine_list_filename: ]
[machines: ]
[gpu_platform_id: -1]
[gpu_device_id: -1]
[gpu_use_dp: 0]
[num_gpu: 1]

end of parameters

pandas_categorical:[]
