tree
version=v4
num_class=1
num_tree_per_iteration=1
label_index=0
max_feature_idx=78
objective=lambdarank
feature_names=return_1d return_5d return_10d return_20d return_60d vol_20d vol_60d downside_vol_20d upside_vol_20d beta_20d_spy beta_60d_spy momentum_5d momentum_20d momentum_60d momentum_120d price_to_sma_20d price_to_sma_50d macd_hist rsi_14 bollinger_z_20d excess_return_5d_vs_spy excess_return_20d_vs_spy excess_return_60d_vs_spy relative_momentum_20d_vs_spy volume_zscore_20d volume_zscore_60d dollar_volume_ratio_20d distance_to_20d_high distance_to_60d_high mom_vol_ratio downside_ratio mom_divergence mom_60_20_divergence mom_beta_adjusted trend_strength residual_momentum_20d residual_momentum_60d beta_instability vol_compression short_reversal_5d drawdown_reversal_setup spy_return_5d spy_return_10d spy_return_20d spy_return_60d spy_vol_20d spy_vol_60d spy_drawdown_60d spy_drawdown_120d spy_price_to_sma_20d spy_price_to_sma_50d breadth_above_sma_20d breadth_above_sma_50d return_dispersion_20d avg_corr_to_spy_60d cs_rank_momentum_20d cs_rank_momentum_60d cs_rank_momentum_120d cs_rank_vol_20d cs_rank_vol_60d cs_rank_beta_60d_spy cs_rank_excess_return_20d_vs_spy cs_rank_excess_return_60d_vs_spy cs_rank_distance_to_60d_high cs_rank_volume_zscore_60d cs_rank_residual_momentum_20d cs_rank_vol_compression cs_z_momentum_20d cs_z_momentum_60d cs_z_momentum_120d cs_z_vol_20d cs_z_vol_60d cs_z_beta_60d_spy cs_z_excess_return_20d_vs_spy cs_z_excess_return_60d_vs_spy cs_z_distance_to_60d_high cs_z_volume_zscore_60d cs_z_residual_momentum_20d cs_z_vol_compression
feature_infos=[-0.43452086002130341:0.52290083351866889] [-0.61014506677948988:0.88260863646066867] [-0.76666676001584633:1.0566037219206561] [-0.82992959300040647:1.6011328544898928] [-0.85304846129940903:3.1843460360789875] [0:0.22421856826873654] [0:0.15098313757298154] [0:0.14329582689483941] [0:0.16337928506217941] [-13.695336652051001:20.575017736493713] [-4.0150354444359371:4.8863145846586109] [-0.61014506677948988:0.88260863646066867] [-0.82992959300040647:1.6011328544898928] [-0.85304846129940903:3.1843460360789875] [-0.83371666889775953:3.8670393633078328] [-0.69421675406925953:0.66131114246219425] [-0.79930209060374013:0.90110325101678534] [-132.53715276993574:80.364006761272208] [0:99.861064002984776] [-4.3588989435360253:4.3588989435401295] [-0.61785361460716337:0.89255894908746558] [-0.76226697825859691:1.4709262498516809] [-0.82325003413577813:2.9093509651538785] [-0.77334034633993176:1.3346613418224949] [-3.1806480089076725:4.3588989435406811] [-3.1101259120259019:7.6809377036926092] [0:20] [-0.81943929527332759:0] [-0.85817267691977117:0] [-18.434174057089137:32.856663781858032] [0:1.0000000000000919] [-1.3570371140447641:1.3461282104399377] [-2.0207635762504927:2.8009776406464884] [-4255.054879795227:293369.5094455303] [-0.10473653747653534:1.0402577970351286] [-0.74485383155652252:1.5881203998579891] [-0.82942588607499323:2.9338451054121673] [-14.199209155084294:17.446023411371137] [0:1.7062871113350522] [-0.88260863646066867:0.61014506677948988] [-0.64546696202342024:0.50171151574494388] [-0.14545744126113069:0.10760484201185005] [-0.22629779601085409:0.13822803980490006] [-0.30986743390721494:0.19880861742569533] [-0.28352709652536146:0.274995070925109] [0.0021730407002129165:0.057214741816212382] [0.0032232706999609892:0.038130971872760974] [-0.31978062336214919:0] [-0.31978062336214919:0] [-0.18100567109799204:0.10411800047981856] [-0.25990193283892948:0.1238681533580317] [0:0.98360655737704916] [0:0.96926229508196726] [0.0098679514967273917:0.048661982904750399] [0.24488979150676321:0.82571615686883615] [0.0020161290322580645:1] [0.0020161290322580645:1] [0.0020202020202020202:1] [0.0020161290322580645:1] [0.0020161290322580645:1] [0.0020161290322580645:1] [0.0020161290322580645:1] [0.0020161290322580645:1] [0.0020161290322580645:1] [0.0020161290322580645:1] [0.0020161290322580645:1] [0.0020161290322580645:1] [-10.036419993502314:15.738428657944262] [-8.1746387955449009:16.457532946110788] [-5.9157241416999637:14.200214981033803] [-2.7783768299596447:17.573692674142993] [-2.978287472938431:14.693670716098037] [-6.3973639442257371:8.9620875419638821] [-10.036419993502314:15.738428657944262] [-8.1746387955449009:16.457532946110788] [-11.877286334415963:2.8116906550125513] [-3.695230169623156:12.409992861481406] [-10.270567983075658:16.015437511423954] [-7.1400431277203094:5.6178337822902611]
tree_sizes=3569 3577 3562 3557 3510 3536 3516 3560 3540 3523 3525 3569 3533 3565 3566 3594 3573 3556 3547 3550 3564 3576 3580 3561 3547 3558 3545 3578 3559 3570 3575 3574 3589 3553 3565 3593 3560 3555 3563 3542 3578 3597 3573 3576 3587 3579 3555 3550 3577 3579 3576 3579 3575 3568 3589 3563 3550 3541 3574 3583 3575 3563 3569 3554 3499 3566 3586 3572 3586 3545 3539 3561 3219 3554

Tree=0
num_leaves=31
num_cat=0
split_feature=59 59 59 57 44 41 42 14 63 22 14 26 13 78 45 50 44 57 72 38 44 53 38 3 21 50 6 6 10 26
split_gain=39.3244 6.83898 5.9753 2.76564 3.69327 4.13015 2.62487 2.59657 2.59535 2.63213 2.50948 2.44771 2.33995 2.12534 1.969 1.87779 1.85307 1.84648 1.76348 2.84662 1.71771 2.09521 2.36058 1.65876 1.62352 1.58736 1.39597 1.43673 1.33768 1.33677
threshold=0.70228240328197722 0.86292912896318308 0.42901455395783894 0.82027195848548928 0.048801865079640801 -0.00067030580926785699 -0.013029361405556659 0.20889864821084561 0.39527376271436748 -0.054659737490822972 0.24340399931493698 1.0139816212901638 0.074358800094706759 -1.1025504017978565 0.0045304011523761368 -0.0012104868794311494 0.039895163890826153 0.28004149377593368 0.78565352204581196 0.78133971765429722 0.1557699926064621 0.020765565365582783 1.3414659123964399 -0.075329997389209577 0.011828085209631691 0.017963582252774283 0.01979814605971562 0.014693841438177422 1.0354786742086688 0.51937056900691247
decision_type=10 8 8 10 10 10 10 8 10 10 10 10 10 10 10 10 10 8 10 8 10 10 10 10 10 10 10 10 8 8
left_child=2 23 3 7 5 6 -5 18 10 -10 -4 -6 17 16 -13 -7 -9 -11 28 -20 21 22 -3 -2 -15 -14 27 -25 -1 -29
right_child=1 20 8 4 11 15 -8 13 9 12 -12 14 25 24 -16 -17 -18 -19 19 -21 -22 -23 -24 26 -26 -27 -28 29 -30 -31
leaf_value=-0.0053430809124420204 0.012111957560962843 0.014744948885512796 0.0013545874283299769 -0.0070632381164358942 -0.00074840580713123994 0 0.014364135461290393 -0.018641584452402722 0.010712234970784119 0.001776707862936775 0.017865025637374077 -0.0037521203937108112 0.004108762169284433 -0.0095090066625134646 0.02270887628812546 -0.020513479454084368 0.012147850463680426 -0.010679594231911478 0.026541872231510121 -0.0054302304277690158 -0.0081785243266127572 0.029600489061724057 0.0010411045519521029 0.0095009535485161712 -0.022497826978499738 -0.0040597054211467479 0.0075936203476589907 0.011392297278787114 -0.010366525258873792 -0.0020331625885839232
leaf_weight=236.00687386427308 23.316710173676256 114.97062336612726 132.60173158865655 9.1414472512551601 13.277494480600582 5.1514518258627531 9.3693425275268947 1.5754645741544653 10.515429805789607 12.471229199843945 7.917509878287091 2.7086458408739409 34.07512764056446 21.640906260581687 10.106885159388183 14.782271629839668 4.463840444223024 54.288745764701162 2.926471242681143 5.9420978747657509 2.291449340293183 7.8534130380721754 13.238417151442261 14.141424468543844 19.361171118798666 53.530357504088897 46.196730761148501 6.404694862314499 63.789612326072529 64.761225128895603
leaf_count=40500 3420 17566 21411 1598 1945 747 1090 237 1673 1785 1115 355 4755 3102 1045 2411 405 7653 98 495 443 1120 2117 2146 2727 8576 7495 923 8707 10593
internal_value=-7.11254e-06 0.0092441 -0.00375649 -0.00607365 -0.000305224 -0.00620182 0.00380893 -0.00710804 -0.000548779 -0.00310122 0.00242573 0.00818012 -0.0041244 -0.0136968 0.0170323 -0.0153792 0.00218248 -0.00831652 -0.00605322 0.00643647 0.0140861 0.0145399 0.0133722 0.00483522 -0.0161034 -0.000838118 0.00344069 0.00109505 -0.00645283 -0.000642225
internal_weight=1018.82 293.175 725.644 420.244 64.5375 38.4445 18.5108 355.706 305.4 164.881 140.519 26.093 154.365 47.0414 12.8155 19.9337 6.03931 66.76 308.665 8.86857 138.354 136.062 128.209 154.821 41.0021 87.6055 131.504 85.3073 299.796 71.1659
internal_count=158253 45823 112430 65462 9191 5846 2688 56271 46968 24442 22526 3345 22769 6471 1400 3158 642 9438 49800 593 21246 20803 19683 24577 5829 13331 21157 13662 49207 11516
is_linear=0
shrinkage=0.03


Tree=1
num_leaves=31
num_cat=0
split_feature=59 32 53 63 53 6 45 71 8 42 43 32 36 14 63 6 0 52 10 5 1 71 47 77 78 52 45 73 75 16
split_gain=173.802 16.6942 22.334 13.0859 8.96811 6.9084 6.42713 6.17885 6.12893 5.95854 9.53944 5.33167 5.77474 4.60537 7.44248 3.76817 3.88357 3.58367 3.77204 3.44653 3.39107 2.94678 2.86037 2.84548 2.72314 2.63537 2.5416 2.3065 2.2792 4.41258
threshold=0.86292912896318308 0.1220983057360245 0.020765565365582783 0.18000124207621915 0.010900370295388781 0.070717937891513788 0.017937755590757574 -0.14493356796043733 0.0089106724199908855 -0.015890083658364747 -0.053124606254679956 0.26586584127140339 0.22484826976382744 0.38675980045020769 0.3713386557417232 0.018056390178626668 0.050866910265254035 0.89779664779664792 1.266177907476151 0.013762613180349883 -0.12604599264395203 0.19081774518401531 -0.0011082149611713608 0.47452433099444452 -0.23238002336419791 0.22103004291845499 0.010343456098693643 -0.92760087998507179 0.15381047803898071 0.040766335730774601
decision_type=10 8 8 10 10 10 10 10 10 10 10 10 10 10 10 10 10 2 10 10 10 8 8 10 10 2 10 10 10 10
left_child=1 2 7 4 -2 6 8 9 -6 25 -11 12 13 24 -15 -5 17 18 -17 -13 -4 -21 -19 -18 -3 -1 -22 -8 29 -9
right_child=3 11 20 15 5 -7 27 28 -10 10 -12 19 -14 14 -16 16 23 22 -20 21 26 -23 -24 -25 -26 -27 -28 -29 -30 -31
leaf_value=-0.0063887691749036401 -0.0095869237549370025 -0.00042830243787604465 0.0025168170603751699 -0.0065049405197989095 0.0074870712317206441 0.032377590942409905 0.0050631185330363348 -0.0048930787181226685 0.016975713339159287 0.02454664243864705 -0.010287922527287215 -0.0080180233915363996 -0.021438968334922065 0.02348298675032482 -0.0032023025467943257 0.0040864108807148304 0.0090475213927486663 -0.021818362672096036 0.010393708190500275 0.023156027530465188 0.0042591123257605269 -0.00011922944636169234 0.0052283068946885796 -0.015518687690874751 -0.0080398000555181176 -0.022429021331830463 -0.035007569615232006 -0.016458211838281403 -0.0092252981402688988 0.011669938487496678
leaf_weight=12.971788635128176 13.115587500389664 101.60276423703181 2.1758175385184577 18.056222047423944 83.788713201414794 19.222112289164215 9.5106348395347613 180.65216932771727 271.4537235237658 6.2323827251093453 401.32344279321842 5.9846555121475857 13.142900955048388 14.97854250948876 21.985523515380919 133.83148913364857 5.6863808620255467 5.6066647837869823 254.69368673849385 15.204646908328863 1.1900201961398114 6.6350278118625345 6.6015542736276966 10.670516193378715 72.745511750457808 53.467837078031152 37.300884348805994 6.7628928560297927 99.159555197227746 14.692498742602764
leaf_count=2306 323 11587 380 510 2116 408 215 20069 6603 1010 57156 501 1313 335 1705 3840 134 118 6165 743 250 763 216 351 6845 8563 6586 171 15648 1181
internal_value=3.47192e-06 -0.00805762 -0.0101568 0.0102028 0.0140984 0.0149235 0.0139279 -0.00897749 0.0147734 -0.0111063 -0.00968911 -0.00129941 -0.00285838 -0.00159306 0.00786579 0.00655652 0.00714334 0.00773443 0.00824486 0.0108354 -0.03162 0.0162579 -0.00767729 -0.00677632 -0.00364899 -0.0194829 -0.0336405 -0.00414199 -0.00551501 -0.00357895
internal_weight=1900.45 1061.45 809.166 839 403.854 390.738 371.516 768.5 355.242 473.995 407.556 252.28 224.455 211.312 36.9641 435.147 417.09 400.733 388.525 27.8243 40.6667 21.8397 12.2082 16.3569 174.348 66.4396 38.4909 16.2735 294.504 195.345
internal_count=158111 136941 113149 21170 9836 9513 9105 105933 8719 69035 58166 23792 21785 20472 2040 11334 10824 10339 10005 2007 7216 1506 334 485 18432 10869 6836 386 36898 21250
is_linear=0
shrinkage=0.03


Tree=2
num_leaves=31
num_cat=0
split_feature=59 32 14 63 53 7 14 44 56 53 69 16 38 31 54 22 2 54 57 25 41 10 53 39 1 53 48 50 63 37
split_gain=248.845 29.1585 19.5136 16.6977 15.6171 12.9866 11.5473 10.3956 8.16008 7.10859 6.84405 7.19074 5.87206 5.75181 5.36232 5.55983 5.20526 6.06791 4.88302 4.79061 4.55825 4.38725 4.71543 4.2802 4.16524 4.01192 4.74396 3.6184 3.35798 3.33348
threshold=0.86292912896318308 0.1380308707187772 -0.35275345043080281 0.33956392339544522 0.020765565365582783 0.011961857633773986 0.28607029863116068 0.1557699926064621 0.0085745007398149112 0.010900370295388781 2.0762332303598612 0.0076350832692753121 1.5033015942634533 -0.027061275284603888 0.48188441906777596 -0.29597961423138291 -0.010269839449868088 0.45985548681665184 0.82414171085924248 -0.66409779432993221 0.013802064493068202 1.5722848006459023 0.010989558943293544 0.040865760375350009 -0.067087197431068377 0.012419288238736252 -0.0015945122306811885 0.029231513558577785 0.025130917607431389 -0.16582703670816515
decision_type=8 8 8 10 10 10 8 10 10 10 10 10 8 10 10 10 10 10 10 10 10 10 10 10 10 10 10 10 8 10
left_child=1 4 8 6 9 13 -3 24 -2 -1 12 -12 23 21 20 -16 17 -8 -9 -10 -15 28 -23 -7 -5 26 -11 29 -4 -21
right_child=2 3 5 7 -6 10 16 18 19 25 11 -13 -14 14 15 -17 -18 -19 -20 27 -22 22 -24 -25 -26 -27 -28 -29 -30 -31
leaf_value=-0.00066655490625107915 0.035818213799651735 -0.0093228762256378217 -0.022864276494433171 0.022598340976706009 -0.035130297437245932 0.0085374826477622127 -0.0074567285472503441 -0.0078622964273319662 0.028055524778900713 -0.024983243447163385 0.03387597839343482 0.01156817485767548 -0.0092108579775186331 0.0062003739908462717 -0.0076306690952288462 0.015416966158528604 0.034368798471258982 0.024116593452483456 0.021900512370036464 0.030680146747571971 -0.0099110474250193748 -0.016309923220640815 0.0074529463758458295 0.014897178054658703 -0.014903092931287235 -0.013914634737759038 -0.0105821510707694 -0.0034263631465509324 -0.0019207045521271197 0.0081938064801052868
leaf_weight=32.728733815602027 29.260794515488669 14.082154708565211 6.4304149542003861 1.8499928910750885 34.357336029177532 310.40232037543319 8.7315319561166707 7.146814055042344 19.728327793069184 72.097863057162613 23.053905819775537 33.313616733066738 12.982171308249233 66.993255248526111 9.818317059776744 83.110179222770967 16.079716830980033 11.797350645298136 12.059433405986054 8.2839616164565104 19.533238075906411 7.2233853281941256 85.561339967185631 145.40314368554391 68.337806007009931 486.16638616507407 33.010554427979514 12.395798171404747 108.75131970166694 21.378130041761324
leaf_count=4918 298 1955 114 108 7331 6353 232 877 278 13036 230 859 1084 2363 798 1899 202 209 346 107 714 125 2124 2421 10457 86318 5991 223 5947 401
internal_value=-0.000399925 -0.0128914 0.0095378 -0.000436076 -0.0155324 0.00819326 0.0131448 -0.00823049 0.0227463 -0.0143941 0.0112678 0.0211757 0.0100275 0.00399971 0.00792026 0.0128946 0.0218852 0.0108256 0.010836 0.016036 0.00245729 0.000580588 0.00541681 0.010601 -0.0135689 -0.0151465 -0.020631 0.00980765 -0.00330251 0.0153674
internal_weight=1802.07 798.446 1003.62 140.085 658.361 912.577 50.6908 89.394 91.047 624.004 525.155 56.3675 468.788 387.421 179.455 92.9285 36.6086 20.5289 19.2062 61.7862 86.5265 207.966 92.7847 455.805 70.1878 591.275 105.108 42.0579 115.182 29.6621
internal_count=158318 131980 26338 14386 117594 25031 2598 11788 1307 110263 10947 1089 9858 14084 5774 2697 643 441 1223 1009 3077 8310 2249 8774 10565 105345 19027 731 6061 508
is_linear=0
shrinkage=0.03


Tree=3
num_leaves=31
num_cat=0
split_feature=59 59 57 63 57 16 57 36 30 44 57 29 44 63 44 48 52 42 30 58 22 44 63 30 26 43 41 16 3 22
split_gain=274.775 36.7192 19.58 17.1948 11.0254 8.16151 7.30665 6.95316 6.91571 6.36444 6.37605 8.58185 6.46834 6.36278 5.29707 5.23047 8.59591 4.93707 4.6407 3.89616 3.67517 3.48207 3.40558 3.34308 3.29635 3.08442 3.01318 2.91768 2.85475 2.62348
threshold=0.86292912896318308 0.95937565144882231 0.9095668413226653 0.37949292173454391 0.0085745007398149112 -0.021778387578229527 0.91354117830911086 0.064464554265351942 0.68487973278681857 0.074067940574290794 0.68300265413566563 0.61617214172113888 0.10410281038812709 0.077081220419202179 0.1557699926064621 -0.078026185014830704 0.23099646237003255 -0.089224141413501976 0.65063648570715438 0.89778829910198288 -0.26904074231415309 0.055703684173730957 0.14436256873561995 0.73882989446077008 0.57535307490080823 -0.0078602859415573528 0.028528385788799796 0.090500303591036571 0.064765230523510922 0.048078444903553404
decision_type=8 10 10 10 8 8 10 10 10 10 8 10 10 10 10 10 2 10 10 10 8 8 8 8 10 10 10 10 8 10
left_child=2 5 9 7 8 18 13 -4 -3 15 12 29 -11 23 -5 17 -17 -1 22 -8 -7 -20 24 -6 -2 -18 -19 -21 -22 -12
right_child=1 4 3 14 6 20 19 -9 -10 10 11 -13 -14 -15 -16 16 25 26 21 27 28 -23 -24 -25 -26 -27 -28 -29 -30 -31
leaf_value=0.00074168630055230209 1.5205271979517546e-05 0.033587372931907604 -0.0059329268841348372 -0.0137118581300106 0.018052540668500001 0.028932713990553215 0.005976693214556769 0.028666712461799873 0.014423362151409271 -0.0083343648699577434 0.00041966583498100475 -0.011449641986694648 -0.024155418936036815 0.0046639055091418314 0.012870292249830094 0.010786714791443311 -0.022109885452074499 -0.023399729655441261 0.0087177008068766281 0.027115350007634102 0.0041893860305089823 -0.0019044856583879321 0.0023935868250863739 0.0056402053351606394 0.018240458265606684 -0.015270602576966727 -0.041855321492987096 0.013828298040192141 -0.0014161801867069973 0.021493736081821938
leaf_weight=5.8689820133149615 10.323987919487989 53.222987081855536 6.4743080026237321 43.561158053576946 98.256806510267779 3.7041337338741869 14.539290861925108 19.122922761715017 29.113266254309565 61.522390192840248 9.7248894951771963 32.571652830112725 39.180159264011309 83.332953774137422 7.0217412321362636 9.7187158692395297 83.571382871945389 55.169561565853655 96.529981708852574 63.109058992704377 223.60528879996855 37.804916698019952 19.890833307057619 26.72538117854856 85.917182004544884 331.78498151083477 12.058417325781191 25.525476932991296 126.92064890812617 11.699745359481311
leaf_count=1212 196 379 516 8200 1441 63 347 392 233 12081 1227 5200 7701 2169 215 1810 15981 10950 2083 577 7796 906 642 509 1397 63228 2404 745 6897 587
internal_value=-7.68318e-05 0.0101408 -0.0140699 0.000281671 0.0172636 0.00547604 0.0145751 0.0199086 0.0271016 -0.0157469 -0.0102671 -0.00183499 -0.0146963 0.0112153 -0.00978569 -0.0174186 -0.0160443 -0.0250459 0.00961526 0.0211571 0.00252204 0.00571422 0.0140148 0.015488 0.0163365 -0.0167037 -0.027319 0.0235193 0.0021529 0.012507
internal_weight=1727.57 998.522 729.051 76.1801 393.825 604.697 311.489 25.5972 82.3363 652.871 154.699 53.9963 100.703 208.315 50.5829 498.172 425.075 73.097 250.467 103.174 354.23 134.335 116.132 124.982 96.2412 415.356 67.228 88.6345 350.526 21.4246
internal_count=158084 26380 131704 9323 6400 19980 5788 908 612 122381 26796 7014 19782 4119 8415 95585 81019 14566 5224 1669 14756 2989 2235 1950 1593 79209 13354 1322 14693 1814
is_linear=0
shrinkage=0.03


Tree=4
num_leaves=31
num_cat=0
split_feature=71 32 71 75 69 63 44 53 60 7 78 14 53 66 53 63 51 4 53 58 23 69 6 69 30 31 8 41 60 23
split_gain=261.561 36.6413 28.5485 13.5125 13.068 11.5204 10.8747 9.91154 8.59684 7.86217 6.09131 6.06014 4.91567 4.82374 4.70625 4.66228 4.56802 4.54294 4.11586 3.9842 3.66668 4.31987 3.3784 4.95305 2.66114 3.5924 2.63533 2.50306 2.48474 2.05439
threshold=0.77651362313118755 0.19393903681449878 1.9988881638273834 -0.23319123260682548 -2.3446232655665509 0.14040715040669091 0.1557699926064621 0.020765565365582783 0.97116371812820856 0.0092476477046607615 0.75276329902833605 0.53260255151358971 0.017033352651483157 0.83471938863722828 0.020587870294827216 0.33159543028538668 0.16188524590163936 -0.25000560085352919 0.010900370295388781 0.90986224705554208 0.050687504784148747 1.788957377697374 0.019910714199847985 0.03278825312729837 0.67560867257661339 -0.019219707018316486 0.012357507939565577 0.016273746592601505 0.9445014830025098 0.047071323341939537
decision_type=8 10 10 10 8 8 10 10 10 10 10 10 10 10 10 10 2 8 10 10 8 10 10 8 10 10 10 10 10 8
left_child=1 7 5 26 10 22 -5 11 12 -10 -4 14 19 -11 18 -13 -9 -14 -1 -6 21 29 23 -2 25 -24 -3 -26 -22 -7
right_child=2 3 4 6 8 20 -8 16 9 13 -12 15 17 -15 -16 -17 -18 -19 -20 -21 28 -23 24 -25 27 -27 -28 -29 -30 -31
leaf_value=-0.0039642417821704945 -0.004091133303382755 0.030102838645010017 0.03023718767744769 -0.015458436069270696 0.002712974364807256 0.001312482093626242 0.016042325402925162 0 -0.0057424696465088474 0.022887825002029235 0.012600770593446326 0.02235815923282182 0.017656799992043577 0.0058389326427504828 0.016922703756014245 -0.014353645549611983 -0.035124673057320539 -0.0083864939766028681 -0.016301277055560354 0.013540947812252678 -0.006835973031622233 0.015727785594030302 0.0061385795360919823 0.019522718482593144 0.0089566477482053136 0.016894105672520868 0.0029912114569361531 -0.0063041878017549126 0.0041028627195314402 0.018237510717386857
leaf_weight=26.931716892169788 30.118164899409749 18.939261555438865 70.931436099112034 23.760048331925645 42.014202781952918 167.52724237903021 15.368677786784245 3.5609598155133417 10.441998079884796 114.73883551033214 27.076920329127461 6.1254861131310445 6.9487991645000875 18.659327166154981 3.1387659984175107 4.5360024203546345 31.629628095484804 23.74628921458498 548.82667295611463 126.16014145500958 62.924252283119131 22.620588646037504 41.441437697038054 9.7324650280643237 63.265712234890088 105.34469462418929 4.433339597657322 10.413813460734671 25.26710243220441 5.7712732274085274
leaf_count=4989 964 591 425 3884 1048 8452 866 770 262 1474 232 131 109 356 536 857 6784 584 108938 2136 6021 626 1029 265 1677 1826 215 330 1081 239
internal_value=0.000289297 -0.0139021 0.0101965 0.00786315 0.0158705 0.00557722 -0.0029196 -0.0160934 0.0130211 0.0186281 0.0255715 -0.0151106 0.0088777 0.0205866 -0.0155261 0.00659015 -0.031603 -0.00202505 -0.0157373 0.0108856 0.00137829 0.00366739 0.0101257 0.00193922 0.0115764 0.0139399 0.0254171 0.00670399 -0.00365746 0.00199474
internal_weight=1672.4 687.251 985.145 62.5013 440.718 544.427 39.1287 624.749 342.71 143.84 98.0084 589.559 198.869 133.398 578.897 10.6615 35.1906 30.6951 575.758 168.174 284.11 195.919 260.316 39.8506 220.466 146.786 23.3726 73.6795 88.1914 173.299
internal_count=157697 128561 29136 5556 6626 22510 4750 123005 5969 2092 657 115451 3877 1830 114463 988 7554 693 113927 3184 16419 9317 6091 1229 4862 2855 806 2007 7102 8691
is_linear=0
shrinkage=0.03


Tree=5
num_leaves=31
num_cat=0
split_feature=59 32 59 63 53 63 69 46 53 52 53 42 26 63 69 25 43 53 29 66 52 46 53 59 30 67 53 69 69 25
split_gain=261.663 33.732 26.9946 13.0193 10.9347 9.5844 9.43074 7.01857 5.65045 5.98368 5.79534 6.23737 4.84107 4.2686 5.01719 4.09619 4.06753 3.86753 3.68631 3.28362 2.96352 3.59201 4.61617 2.95847 2.67479 2.63324 2.46804 2.31889 2.26916 2.93936
threshold=0.86292912896318308 0.19393903681449878 0.95557904627672086 0.31969845845808736 0.019656345392460046 0.18000124207621915 -2.3446232655665509 0.01289903631529502 0.017635968509871418 0.57588735318928053 0.010900370295388781 0.017294894173962575 0.48554323516364556 0.16836741069011338 1.1448125328014422 -0.037764764073777102 -0.0062752558754549095 0.015107953925409959 -4.6660336994594163 0.077081220419202179 0.23099646237003255 0.0076388682106252152 0.014618525596878295 0.98960494467496563 0.4695925984906954 0.35401748618882095 0.019391976598328607 1.3636166535769079 1.4441464727009754 -0.06534687116960293
decision_type=8 10 10 10 8 8 8 10 10 2 10 10 10 10 10 10 10 10 8 10 2 10 10 10 8 10 8 8 10 8
left_child=1 4 5 27 8 20 15 -5 10 -10 16 -12 23 14 -14 -4 -1 -17 -6 -15 -2 22 -22 -8 -7 -23 -11 -3 -26 -30
right_child=2 3 6 7 18 24 12 -9 9 26 11 -13 13 19 -16 17 -18 -19 -20 -21 21 25 -24 -25 28 -27 -28 -29 29 -31
leaf_value=0.0092847088995695968 -0.0040364424283000676 0.010294714914058282 0.028048192827493521 -0.016934532630347329 -0.0015649266706895002 -0.0047999973440364723 0.0074758509266894318 0.0095437264593443722 0.010033222129838884 -0.0075486320951174439 -0.01886931192783791 -0.011237102822049493 0.013467070328887068 -0.0013546568026133389 0.024092027728722609 0.0045511167013546176 -0.013047316734813529 0.023279658275917627 -0.031715124620855809 0.011478452364793735 0.0086611130854275607 0.014759206460984706 -0.0068823332499809249 -0.012851336382754586 0.00078788805053079964 0 -0.031105961045768384 0.028812016534451243 0.015647060385305712 -0.0043442202010681441
leaf_weight=13.159342126920821 13.790506502380593 13.322886401554568 65.416646417696029 20.261243955581449 4.2795752317178994 60.091035696677864 18.047412693267692 14.629408871755002 15.586253938730804 20.46795881702565 346.57926078233868 145.03704614692833 155.1870038084453 21.054747025715187 58.855552517808974 19.015580108389258 14.169102144194765 22.496706837788224 48.982535561022814 100.70728277275339 95.223941522650421 114.53942178422585 19.934121443657205 8.7217880147509259 128.35099382250337 11.876809079665689 4.5830315535422406 15.591794190695511 21.408468781388365 8.5808560089208203
leaf_count=2555 392 807 371 3841 820 4346 370 1066 3264 4338 71150 29655 2445 670 444 172 2555 150 10665 2173 2243 2418 499 161 8008 403 916 145 626 341
internal_value=2.58257e-05 -0.0141965 0.0102352 0.00644402 -0.0163573 0.00515735 0.0153313 -0.00579222 -0.0150582 -0.00406621 -0.0159037 -0.0166511 0.0129367 0.0139131 0.016501 0.0232278 -0.00223982 0.0150801 -0.0294213 0.00924199 0.00909254 0.00986794 0.00590859 0.000520636 0.000522635 0.0133765 -0.0130022 0.0210095 0.00257888 0.00987454
internal_weight=1619.95 676.649 943.299 63.8053 612.844 473.796 469.503 34.8907 559.582 40.6372 518.945 491.616 362.574 335.805 214.043 106.929 27.3284 41.5123 53.2621 121.762 255.365 241.574 115.158 26.7692 218.431 126.416 25.051 28.9147 158.34 29.9893
internal_count=158009 131777 26232 5859 125918 19276 6956 4907 114433 8518 105915 100805 6263 5732 2889 693 5110 322 11485 2843 5955 5563 2742 531 13321 2821 5254 952 8975 967
is_linear=0
shrinkage=0.03


Tree=6
num_leaves=31
num_cat=0
split_feature=71 32 75 75 69 71 53 54 66 14 17 53 52 57 49 60 46 14 49 50 54 51 53 38 10 33 14 16 43 69
split_gain=218.579 32.8953 25 11.5098 11.4075 10.543 9.08098 8.10052 6.83276 5.23858 6.06578 4.72729 6.59231 4.72512 4.43585 4.15051 3.98931 3.89196 3.85191 3.53723 3.48476 4.12457 3.06647 2.90702 2.89944 2.73205 2.66844 2.57514 2.87428 2.31773
threshold=0.77651362313118755 0.19393903681449878 -0.9212751973332679 -0.24609669824807404 2.3617368352301114 1.762121107196345 0.019858297474099552 0.57978593761694641 0.95914193898418276 -0.35275345043080281 -0.1382252007747288 0.01719405553756265 0.57588735318928053 0.90572098097046594 -0.010866855403496132 0.98972249685231672 0.007469531264054809 0.31742909148365989 -0.0061283379770390991 0.041798985727144918 0.43507809265933584 0.16188524590163936 0.018097691933190219 1.4492350895435993 2.5509177857946144 -0.074306176745685723 0.11494757531577239 0.0017874091111244053 0.0086239136855211802 1.0000000180025095e-35
decision_type=8 10 8 10 10 10 10 10 10 8 2 10 2 10 10 10 10 8 10 10 10 2 10 10 10 8 8 10 10 10
left_child=1 6 5 17 15 16 11 -5 9 10 -7 14 22 -11 -1 -4 29 -3 -16 -14 -8 -22 -13 -10 27 -18 -9 -6 -29 -2
right_child=2 3 4 7 24 8 20 26 23 13 -12 12 19 -15 18 -17 25 -19 -20 -21 21 -23 -24 -25 -26 -27 -28 28 -30 -31
leaf_value=-0.023218228563285492 -7.9649518425308958e-05 0.00034457576559402667 -0.00062470523672050271 -0.018552635112584481 0.03371321277437004 0.0076509389985517902 -0.001803448560605727 -0.0085835353107196737 -0.010369301654661134 0.012322175664110343 0.02799729837252838 -0.0046180567158523346 -0.021250118856114577 0.022051688515187698 -0.0040732213604725972 0.010642051385380503 0.0033635880148170289 0.027066680869512943 -0.015374784937276805 -0.0030211307321337112 0 -0.03453421032423365 0.016594982854232675 0.010404119882223827 -0.0046147491181092156 0.013903555078224952 0.017240540962931421 0.0030796396240438525 0.018212424329234554 0.011582235390514039
leaf_weight=65.92071626347024 67.856190861086361 6.6253204175736755 277.51608262315858 17.21240602969192 6.3885998125188044 18.105987189803272 4.2070778661873183 4.1294377830345166 11.129582341760399 188.7433124226518 66.306524496991187 11.45835578069091 23.573632504558191 63.588510618545115 30.975084862671793 31.873460357543081 32.042492786771618 21.184279236011211 375.55992223811336 17.019435807364061 3.3653064683312541 36.784604888525791 11.073598088696597 11.121628863271324 6.0263312021270385 84.374561153817922 11.804693735670297 17.628175987163559 36.261132217245176 18.627279701642692
leaf_count=14086 2128 542 16880 3480 59 193 822 626 208 2728 480 2414 4913 439 6517 664 936 203 79388 3779 780 8492 2246 275 111 2077 625 560 949 411
internal_value=-0.000207982 -0.0137005 0.00901645 0.00713287 0.00300377 0.0130188 -0.0159039 -0.00471957 0.0161176 0.0171784 0.0238089 -0.0147589 -0.00681175 0.0148633 -0.0157978 0.000556883 0.0074693 0.0210375 -0.0145332 -0.0139358 -0.0290325 -0.0316997 0.00594204 0 0.014199 0.0110815 0.0102592 0.0161735 0.0134632 0.00250154
internal_weight=1578.48 640.894 937.59 60.9561 375.694 561.896 579.938 33.1465 358.996 336.744 84.4125 535.581 63.125 252.332 472.456 309.39 202.901 27.8096 406.535 40.5931 44.357 40.1499 22.532 22.2512 66.3042 116.417 15.9341 60.2779 53.8893 86.4835
internal_count=158011 128913 29098 5476 19223 9875 123437 4731 4323 3840 673 113343 13352 3167 99991 17544 5552 745 85905 8692 10094 9272 4660 483 1679 3013 1251 1568 1509 2539
is_linear=0
shrinkage=0.03


Tree=7
num_leaves=31
num_cat=0
split_feature=59 32 59 53 75 57 54 72 12 8 14 7 66 69 6 60 64 45 53 53 44 44 37 51 75 69 52 52 4 46
split_gain=204.502 29.0912 21.2475 8.54861 8.3566 7.73136 7.02022 5.06954 4.86473 4.88176 4.58002 4.24374 4.02535 4.00062 3.77987 3.83108 4.03517 3.77294 3.68028 3.29241 6.86318 5.49972 3.27317 3.11821 3.00064 3.34448 2.89868 2.79893 2.65371 2.51591
threshold=0.86292912896318308 0.19393903681449878 0.95557904627672086 0.020765565365582783 -0.24609669824807404 0.012806844896397137 0.58120797711331373 2.0737793983761557 0.074057092225598545 0.0088654898669384505 0.33660504023620069 0.01492907574035004 0.59417257898247533 0.74117901198051162 0.042846815326427569 0.85149640971295992 0.51143470912918143 0.005077135903756168 0.010900370295388781 0.01719405553756265 0.087426643201365853 0.074067940574290794 0.53950425152083503 0.16188524590163936 -0.78083975596816768 1.714102205556042 0.23099646237003255 0.59061093638685702 -0.044544425761128097 0.0058836300152581992
decision_type=8 10 10 10 10 8 10 10 8 10 8 10 10 10 10 10 10 10 10 10 10 10 10 2 8 10 2 2 10 10
left_child=1 3 8 18 10 14 -6 13 9 27 -3 22 -13 28 15 -4 -17 -15 29 21 -21 -20 -9 -5 26 -26 -11 -2 -7 -1
right_child=2 4 5 23 6 7 -8 11 -10 24 -12 12 -14 17 -16 16 -18 -19 19 20 -22 -23 -24 -25 25 -27 -28 -29 -30 -31
leaf_value=-0.0099868948721865813 -0.0048276205629392633 -0.0027984599979121146 0.024083862189793918 -0.0012379217157231972 -0.01756339960274992 0.0081855444392812567 0.0089250171107287911 0.0035296162815935928 -0.0026739570056490045 -0.0046472943885068618 0.023454683718784858 0.024778362337648928 0.011840198185417216 0.020080639873897712 0.027992859705957725 0.017729128414742668 -0.0010462689838051003 0.0074267517267908719 -0.017543900126120428 -0.0029588677851607294 -0.02292796817660514 -0.0087822488868225367 0.020708081451871002 -0.03334158409445185 0.00019533551772056641 0.01434171667584499 0.011332833380677821 0.0045196800674929928 -0.00099926474404739025 0.0085470746602328961
leaf_weight=16.531581604853276 48.998240024317056 7.4455175070324913 28.2757015270181 3.2953143452759823 16.872017497371417 63.902419823920354 17.106909478548914 38.759540256345645 74.399696424312424 10.116504434728993 22.969083515228707 53.782906104810536 43.343348880996928 37.107393586775288 40.689506168477237 21.421715826261789 18.336071695201099 55.003732877783477 357.46195314417128 54.357429933152162 21.136280308943242 84.452898972900584 13.030221523717044 29.097106355009601 68.494871303788386 18.448754579992965 157.98918432695791 66.911498591303825 48.934028265764937 9.4964701589196903
leaf_count=3202 2367 638 230 774 3684 1187 1325 685 6225 320 215 552 614 482 261 141 187 1029 78402 11535 4706 18487 183 7030 3812 458 3351 2752 1402 1866
internal_value=-0.000177339 -0.0131523 0.00897283 -0.0152901 0.00586088 0.0134737 -0.00426797 0.0112462 0.00427143 0.00567591 0.0170479 0.0154909 0.0192147 0.00808706 0.0205278 0.0156787 0.0091832 0.0127176 -0.0143359 -0.014891 -0.00881556 -0.0158999 0.00821892 -0.0303004 0.00798924 0.00336015 0.0103316 0.000535163 0.00420221 -0.00304765
internal_weight=1548.17 640.223 907.945 575.829 64.3935 462.587 33.9789 353.864 445.359 370.959 30.4146 148.916 97.1263 204.948 108.723 68.0335 39.7578 92.1111 543.437 517.409 75.4937 441.915 51.7898 32.3924 255.049 86.9436 168.106 115.91 112.836 26.0281
internal_count=158102 131864 26238 126002 5862 6953 5009 6134 19285 13060 853 2034 1166 4100 819 558 328 1511 118198 113130 16241 96889 868 7804 7941 4270 3671 5119 2589 5068
is_linear=0
shrinkage=0.03


Tree=8
num_leaves=31
num_cat=0
split_feature=59 59 44 57 57 3 53 53 33 57 63 53 38 3 44 45 53 49 9 46 63 53 1 71 16 57 53 57 63 45
split_gain=194.395 26.7492 14.6153 15.2789 8.28098 8.17997 7.16702 7.4829 5.84902 5.80044 5.6567 5.53612 4.7763 4.52558 3.88437 5.41509 4.84207 3.8687 3.66159 3.62099 4.33827 3.61462 3.58153 3.27471 3.19789 3.12673 2.98521 2.96895 2.81136 2.77349
threshold=0.86292912896318308 0.95557904627672086 0.074067940574290794 0.89772703015399336 0.0085745007398149112 0.067600870322997011 0.020765565365582783 0.01719405553756265 0.032041029977253499 0.98274000148953611 0.30793423778054757 0.010900370295388781 1.2532781770515169 0.2018101453300363 0.085623198180254559 0.0044354176637267399 0.013708592338092036 0.015048269411969241 2.1652445513456295 0.0076388682106252152 0.1323369911956106 0.019995066326639908 -0.083605290053360856 0.026002468720386057 0.019138412168496214 0.78504812049544703 0.017537675959739027 0.93262013729977122 0.391258868473713 0.017195517798448016
decision_type=8 10 10 8 8 8 10 10 8 10 10 10 10 10 10 10 10 10 10 10 8 8 10 10 10 10 10 10 10 10
left_child=2 5 6 14 18 19 7 11 9 12 -5 -1 -6 -10 16 -16 -4 -9 -3 27 29 -12 -8 -13 -11 -17 -19 -2 -15 -21
right_child=1 4 3 10 8 -7 22 17 13 24 21 23 -14 28 15 25 -18 26 -20 20 -22 -23 -24 -25 -26 -27 -28 -29 -30 -31
leaf_value=-0.0022324004955425066 0.0012127698794953455 0.025915973889102176 -0.015789410393635239 0.02711911678020671 0.013813169375219545 -0.0053741605183669234 0 0.0023433918829292152 0.0019354799521213964 0.031467178386251321 -0.0092456637560491012 -0.018597067451576531 -0.00022371543719380707 0.024654877759133314 0.0074130474977842746 -0.018346934081608368 0.0063054333785826028 0.0057443860344764588 0.011939457952679427 0.013463013970740867 0.0020456327240666677 0.017485392902479944 -0.033674348310402495 -0.011765833586371673 0.014279597308117202 -0.0025492123121770285 -0.019869999696000878 0.012710095770292119 0.0073178332699998933 -0.0051293664443418843
leaf_weight=25.956769213546067 167.98235887696501 66.509491311386228 12.551560264313592 14.144433773588391 185.48014772078022 73.952209917304572 3.2388678831048336 34.029874890344217 77.534276719903573 25.274554030504078 10.173893434461208 263.09720283991192 24.196664899471216 14.551924613304434 9.7547135993372631 63.212051347945817 25.053750559221953 4.705556804547089 27.417937056161463 102.84037654986605 59.15837783087045 6.6553945898776865 25.330989494221285 96.755798651138321 21.578426765976474 14.662097134278154 15.689499374711884 22.180649603717029 22.735835254425183 7.0123233748599878
leaf_count=5100 7109 411 2677 324 2814 6634 701 7008 1698 152 2123 57905 558 223 2126 13914 5468 998 217 2043 2724 252 5960 21779 298 2017 3319 507 553 261
internal_value=8.94903e-05 0.00902615 -0.0127453 -0.0047309 0.0140161 0.00363887 -0.0153937 -0.0143723 0.0119257 0.0144544 0.0138004 -0.0158419 0.0121857 0.00617436 -0.00941097 -0.0128434 -0.00120944 -0.00380256 0.0220365 0.0055127 0.00870513 0.00154507 -0.0300124 -0.0168063 0.0240779 -0.0154806 -0.0138277 0.00262899 0.0146294 0.0122136
internal_weight=1523.42 898.406 625.012 156.208 465.279 433.126 468.805 440.235 371.352 256.53 30.9737 385.81 209.677 114.822 125.234 87.6289 37.6053 54.4249 93.9274 359.174 169.011 16.8293 28.5699 359.853 46.853 77.8741 20.3951 190.163 37.2878 109.853
internal_count=157873 26202 131671 28901 6924 19278 102770 96109 6296 3822 2699 84784 3372 2474 26202 18057 8145 11325 628 12644 5028 2375 6661 79684 450 15931 4317 7616 776 2304
is_linear=0
shrinkage=0.03


Tree=9
num_leaves=31
num_cat=0
split_feature=59 59 32 75 53 28 66 5 29 63 69 8 69 69 44 69 53 52 48 41 8 53 33 51 27 69 29 46 59 53
split_gain=178.809 24.1203 23.1244 9.13568 7.40633 6.25566 6.30609 5.28981 5.16865 4.65127 4.25984 4.08037 4.01251 3.78514 3.71982 3.68867 3.59437 5.73418 4.11752 3.62605 3.10831 3.02194 2.99482 2.85794 2.73827 2.73348 2.60734 2.30886 2.34334 2.17259
threshold=0.86292912896318308 0.95557904627672086 0.19393903681449878 -0.46715328362217373 0.019858297474099552 -0.12266603089121168 0.85832477754962355 0.015139706155992584 -5.8290547904886347 0.14040715040669091 2.3617368352301114 0.0088171042640475365 1.3267011379244551 1.3636166535769079 0.074067940574290794 -2.3446232655665509 0.017635968509871418 0.57588735318928053 -0.024865507282126827 -0.009897626106818434 0.038164654943288301 0.012797157320502633 -0.022806030121036412 0.16188524590163936 -1.0000000180025095e-35 0.63064145133381344 -4.7677228332785511 0.007469531264054809 0.94781701007533814 0.019447970887333878
decision_type=8 10 10 10 10 10 10 10 10 8 10 10 10 8 10 8 10 2 10 8 10 10 10 2 10 8 10 10 8 10
left_child=2 9 4 13 16 6 7 -3 -9 11 15 -2 -11 -4 -5 -7 18 -18 21 -20 26 -1 -17 -6 -12 -16 -8 28 -13 -19
right_child=1 5 3 14 23 10 20 8 -10 12 24 27 -14 -15 25 22 17 29 19 -21 -22 -23 -24 -25 -26 -27 -28 -29 -30 -31
leaf_value=-0.028846108672945195 -0.00089985197119249927 0 0.0044288835794729677 -0.016955233105782695 0 0.021239441319394276 0.013232776770211341 0.0059848347101847171 0.020639270371724777 -0.0017740500921662483 0.018763316277727173 0.0062532870534411211 0.0078629936517809439 0.032604465907782862 -0.010342776081960357 -0.0074052349184616194 0.0092082572272281418 -0.0059089770680257102 -0.0015715090066930368 -0.012830120425519708 0.018934411436390373 -0.015990009329556538 0.0059137433908606572 -0.028338216367628333 0.0020743263721229557 0.0089319305697331854 -0.0046835085580107221 0.011508161996132383 -0.011156889281944828 -0.023751484242304489
leaf_weight=21.700294118258171 47.621892301132903 14.176527498289941 7.5497970243450254 10.624940953508483 3.3907611666945732 11.306904576718805 9.3903321186080522 25.923846254125237 210.13115604012273 165.23514267342398 46.610581771004945 46.29992796247825 49.708497638814151 11.310271617025139 8.5248861340805906 17.08335752109997 16.105420727166347 18.65462339529768 29.164831381640397 298.94520674447995 10.296285223215817 119.26924371707719 92.260525737889111 39.495792034431361 11.709384055342523 20.468205405515619 23.546498027280908 109.20083264750428 7.1192901644390068 9.5329899021889997
leaf_count=4681 1550 219 497 1867 798 85 143 313 2105 12135 628 1122 2036 76 1741 443 3226 4321 6610 67424 143 27258 2199 9595 244 1669 474 2353 159 2157
internal_value=0.000262146 0.00879709 -0.0121895 0.00563856 -0.0140759 0.0134586 0.0161788 0.01801 0.0190746 0.00359107 0.00891642 0.00675363 0.00046684 0.0222676 -0.00255711 0.00558154 -0.0130148 -0.00461002 -0.0137906 -0.0118463 0.00534481 -0.0181794 0.00375741 -0.0261228 0.0155546 0.00300865 0.000575458 0.00900503 0.00371549 -0.0126531
internal_weight=1512.36 897.621 614.737 58.4781 556.259 472.435 293.465 250.232 236.055 425.186 178.971 210.242 214.944 18.8601 39.618 120.651 513.373 44.293 469.08 328.11 43.2331 140.97 109.344 42.8866 58.32 28.9931 32.9368 162.62 53.4192 28.1876
internal_count=158271 26351 131920 5850 126070 6996 3397 2637 2418 19355 3599 5184 14171 573 5277 2727 115677 9704 105973 74034 760 31939 2642 10393 872 3410 617 3634 1281 6478
is_linear=0
shrinkage=0.03


Tree=10
num_leaves=31
num_cat=0
split_feature=59 32 59 75 69 7 63 69 46 8 54 45 48 41 41 4 43 46 48 69 30 41 2 38 67 69 60 52 52 21
split_gain=157.604 22.417 22.2301 7.86935 6.75701 7.71799 6.4404 5.32248 4.9729 4.60465 4.03402 3.51219 3.71888 4.94372 3.44462 3.25749 3.20394 3.0425 5.72706 2.93504 2.76359 3.54848 2.14273 1.94951 1.8938 1.78564 1.72649 1.56784 1.56387 1.41159
threshold=0.86292912896318308 0.2254793195320737 0.95937565144882231 -0.65774438174765659 -2.3446232655665509 0.011961857633773986 0.1323369911956106 1.2603936146787305 0.032323666858084542 0.022593669526987072 0.43903981424116462 0.017937755590757574 -0.024865507282126827 -0.009897626106818434 -0.012817539359135597 -0.05484081502638332 -0.053124606254679956 0.0087237783845299944 -0.055603962429733748 0.057154045748559569 0.65063648570715438 -0.0085046138530076015 0.086095280103421837 1.112906623300252 0.47212086892042832 0.66915927665152497 0.89778829910198288 0.67255420686793255 0.1960167714884696 -0.043801232572132413
decision_type=8 10 10 10 8 10 8 10 10 10 10 10 10 10 10 10 10 10 10 8 10 10 10 10 8 8 10 2 2 10
left_child=1 8 6 -3 17 22 14 15 11 -9 -5 12 16 -14 28 -7 -1 -4 -19 -8 21 -16 27 -24 -21 -12 -26 -6 -2 -22
right_child=2 3 4 10 5 7 19 9 -10 -11 25 -13 13 -15 20 -17 -18 18 -20 24 29 -23 23 -25 26 -27 -28 -29 -30 -31
leaf_value=-0.006116495166854705 0.0015519502988939242 0.029784326068266781 0.02517715711297748 -0.018311088810530653 0.0047532954597197677 0.013879056078221484 -0.0054659319686478202 0.023418646124424038 -0.030091541023383375 0.0087565378123188407 -0.0060712365541494111 0.0023502683283656346 0 -0.012333586365850996 -0.010701701909756819 0.0051880906204320584 -0.018475770727399046 0.024049148814217543 0.0018440272362396798 0.0046467979037755789 0.0026627811095646429 0.010241652881591467 0.015578135733900525 -0.0023619519002155008 -0.0055714231415977837 0.011956443826862034 0.0043834611803710314 -0.0047053231824707911 0.018674605147677693 -0.0091259382367424851
leaf_weight=23.979049687390216 6.4335845704190424 11.333113616798071 51.926433527842164 6.3495542744058211 30.334158117650077 89.839686753926799 64.263328842818737 68.057798000983894 15.069005253142675 30.178204388357699 5.8819032172905272 13.01947073463816 31.634061739139725 334.01947603817098 6.9507500864565364 73.506201448268257 146.97737230197527 21.192414417862892 20.698962481692433 99.185289238463156 69.073293720139191 93.392561298329383 17.26704110624269 7.0466571298893532 41.290195807872806 16.850469605298716 23.720813910244033 30.756953001022339 28.411729923915118 9.4610549886710924
leaf_count=5225 187 263 328 904 689 1311 4003 579 3609 423 1233 3036 7027 75819 166 1441 33557 146 176 5001 1950 2015 333 189 4521 1215 1252 757 626 276
internal_value=0.000118454 -0.0116622 0.00819924 0.00969217 0.0129625 0.0109534 0.0034255 0.0135065 -0.0132103 0.0190783 0.00103278 -0.0126882 -0.0130623 -0.0112631 0.00715602 0.0100417 -0.0168053 0.0201677 0.0134461 -6.72797e-05 0.00539129 0.00867003 0.0030331 0.0103723 0.00204779 0.00710618 -0.00188232 0 0.0157284 0.00110799
internal_weight=1488.1 605.113 882.987 40.415 440.805 346.987 442.183 261.582 564.698 98.236 29.0819 549.629 536.61 365.654 213.723 163.346 170.956 93.8178 41.8914 228.46 178.878 100.343 85.4048 24.3137 164.196 22.7324 65.011 61.0911 34.8453 78.5343
internal_count=158257 131888 26369 3615 6372 5722 19997 3754 128273 1002 3352 124664 121628 82846 5220 2752 38782 650 322 14777 4407 2181 1968 522 10774 2448 5773 1446 813 2226
is_linear=0
shrinkage=0.03


Tree=11
num_leaves=31
num_cat=0
split_feature=59 32 59 75 53 36 30 48 44 19 17 41 63 44 53 42 53 44 51 60 36 8 63 18 15 33 46 78 18 30
split_gain=135.149 23.2583 18.8474 9.26959 6.73768 6.18221 7.02736 6.24313 5.94755 4.72354 5.18773 4.7062 4.13018 4.02263 3.92225 3.4105 4.27417 4.1084 3.20628 3.11475 2.9768 2.96845 2.74469 3.73365 3.5051 2.67548 2.6066 2.53141 2.38839 2.24939
threshold=0.86292912896318308 0.19393903681449878 0.95937565144882231 -0.23319123260682548 0.020765565365582783 -0.23407605539944401 0.68684498449397868 -0.0031362504311308044 0.1557699926064621 -1.127461044052158 -0.56026869236374932 0.0082654600468586876 0.1323369911956106 0.07418281250083604 0.010900370295388781 0.017838899467839234 0.017635968509871418 0.057719583043885588 0.16188524590163936 0.80844439728353146 -0.081377981179852912 0.0091016524973806297 0.064921893522299212 27.256971734316974 -0.060898924176850049 -0.0087652392118664855 0.0058836300152581992 -0.87699013332683895 31.110328092264812 0.46761447138753559
decision_type=8 10 10 10 10 10 10 10 10 8 2 10 8 8 10 10 10 10 2 10 10 10 10 10 10 10 10 8 10 8
left_child=1 4 12 -3 14 6 7 -4 -5 22 -11 -12 13 21 26 16 -16 -17 -6 -8 27 -2 23 -7 -24 -23 -1 -15 -21 -14
right_child=2 3 5 8 18 9 19 -9 -10 10 11 -13 29 20 15 17 -18 -19 -20 28 -22 25 24 -25 -26 -27 -28 -29 -30 -31
leaf_value=-0.0079444525517655667 0.0010233023139230666 0.020272740912387861 0.026468911458130552 -0.01477005609066637 0.00039028544602949793 0.0080570611328278866 0.016803646465336931 0.0074285913571872147 0.011692982939801836 -0.010243883448822535 0.012233981619109813 0.003481534024958273 -0.0054269520360044916 0.0074211623882549918 -0.015383645628342862 -0.012819614707964994 -0.0041652964493921535 -0.0022265068636622034 -0.029831312433535775 -0.0094844837008024492 0.010247544173629081 0.013271765390581652 -0.0060612133552076569 0.026930143488933932 0.016825092249519412 0.0038743225260530327 0.011241371574417966 -0.012428354948190811 0.0087251242341606812 0.0017788496032579489
leaf_weight=15.051512349280531 42.678791715763509 25.582021849346347 68.176074715331197 17.640337575809102 3.3059370012488243 16.001759059494361 14.632741200737653 21.857796302065253 11.923478271812199 13.101167663466184 131.35103873885237 98.805999942356721 49.286129351006821 6.776115003041923 311.25177462451393 80.637866568518803 35.715653182356618 57.377597412560135 27.430980504490435 11.970996594056489 10.744835445890201 86.594811364077032 9.4854177526431176 29.796472610905766 13.242707674857227 42.657815059879795 9.5579554112628085 21.987819824833426 11.936102576088159 172.21445991215296
leaf_count=3191 1346 834 579 4088 791 207 152 231 884 258 2239 1764 4600 185 72796 18844 7852 13612 7026 173 266 1777 154 260 207 1017 1929 657 165 10133
internal_value=-1.88528e-05 -0.0110309 0.0074905 0.00738587 -0.0129262 0.0118565 0.0174368 0.0220118 -0.00396563 0.00949735 0.00746017 0.00852087 0.00302567 0.00601459 -0.0120466 -0.0126384 -0.0142528 -0.00848498 -0.0265764 0.0063868 -0.00250902 0.0079938 0.0164746 0.0207131 0.00729432 0.0102469 -0.000227829 -0.00755925 -0.000287232 0.000144818
internal_weight=1468.77 595.475 873.299 55.1458 540.329 440.358 128.574 90.0339 29.5638 311.785 243.258 230.157 432.941 211.44 509.592 484.983 346.967 138.015 30.7369 38.5398 39.5088 171.931 68.5264 45.7982 22.7281 129.253 24.6095 28.7639 23.9071 221.501
internal_count=158217 131847 26370 5806 126041 6389 1300 810 4972 5089 4261 4003 19981 5248 118224 113104 80648 32456 7817 490 1108 4140 828 467 361 2794 5120 842 338 14733
is_linear=0
shrinkage=0.03


Tree=12
num_leaves=31
num_cat=0
split_feature=71 71 32 69 5 53 53 55 8 78 50 53 53 52 51 14 42 53 28 51 54 69 56 69 43 55 43 18 42 43
split_gain=128.014 18.0202 15.8757 7.00575 6.40515 5.76309 5.753 4.65929 4.68967 4.32312 3.87659 3.63334 4.08145 5.84094 4.92729 2.99147 2.64846 2.62797 3.07497 2.54563 2.82967 2.4695 2.68355 2.46501 2.24469 2.23763 2.21766 2.15867 2.15099 2.00149
threshold=0.64763214713659634 1.9988881638273834 0.2254793195320737 -2.3446232655665509 0.020576064410959004 0.010989558943293544 0.019858297474099552 0.1407406246080522 0.0094014169071678696 1.9636736952257201 0.039750680025723024 0.010989558943293544 0.017635968509871418 0.57588735318928053 0.61040087992535075 0.3063774660548772 0.027057124506790323 0.01249303703187272 -0.26959219551997288 0.16188524590163936 0.43507809265933584 1.966448070784675 0.19210327191838897 1.0709109645214621 -0.0062752558754549095 0.57113186386576376 -0.0078602859415573528 61.280544174267639 0.018562687576489826 -0.057004995123478168
decision_type=8 10 10 8 10 10 10 8 10 10 10 10 10 2 2 8 10 10 10 2 10 10 8 10 8 8 10 8 10 10
left_child=2 7 6 17 23 -6 11 8 -2 -7 -4 24 14 -14 -13 -12 21 -3 -19 -8 28 22 -9 27 26 -17 -1 -5 -21 -10
right_child=1 3 10 4 5 9 19 16 29 -11 15 12 13 -15 -16 25 -18 18 -20 20 -22 -23 -24 -25 -26 -27 -28 -29 -30 -31
leaf_value=-0.0015675206130605324 0 0.028593646380462259 -0.0040976482341298533 -0.00043651677375877295 -0.010410182576808105 0.012797945164225048 0.00067548158565083969 0.0055180125207100741 -0.0043931083507390998 -0.0017028110871364717 0.00028494695514529175 -0.01693505307887079 0.0112217033163992 -0.011481384472455669 -0.010179167160857143 0.03130805283436975 -0.0057895859095978873 0.020123541600242947 0.0062521377097868184 -0.024691604393917731 -0.028362257415823062 0.0098341982870529445 -0.0014425419140387346 0.0080489791401880482 -0.0086527196884591123 0.0027321773686677653 0.022955752943505763 -0.01744154601877235 0.01220120222376108 0.012134306802896731
leaf_weight=7.5509513705037534 54.401635785121471 20.684058129787445 13.184684615058357 23.621293401811272 10.025931653100995 266.68206725153141 3.3340598933864376 71.862792101979721 6.3361181733198455 19.253220423706807 7.4889332272578031 180.6648016537074 15.104122347722294 26.684506153920665 235.09629345894791 9.5355729172006249 47.4312246395275 44.816856412217021 23.80388069152832 1.2395501615246747 33.896891540265642 29.779516340582632 156.01380623783916 18.081461406312883 13.710531506920235 3.8006595778279015 4.5058122655609605 8.641076011117546 2.8666757508181036 90.763389193394687
leaf_count=1527 2658 129 1623 572 145 4032 802 2889 249 562 840 42092 3143 6301 55183 270 3334 302 206 262 8529 1216 13214 386 3001 354 923 275 607 2547
internal_value=-7.43775e-05 0.00697259 -0.0113262 0.0113334 0.00933529 0.0110133 -0.012617 0.00278987 0.00707378 0.0118086 0.0082908 -0.0116395 -0.0122558 -0.00313496 -0.0131557 0.0160999 0.000636596 0.0188595 0.0155137 -0.0234297 -0.0255845 0.00184898 0.000753938 -0.00049308 -0.000534228 0.0241322 0.0084237 -0.00546873 -0.0010027 0.0109915
internal_weight=1450.86 892.198 558.664 435.61 346.305 295.961 524.654 456.588 151.501 285.935 34.0099 483.317 457.55 41.7886 415.761 20.8252 305.087 89.3048 68.6207 41.3372 38.0031 257.656 227.877 50.3438 25.7673 13.3362 12.0568 32.2624 4.10623 97.0995
internal_count=158173 32716 125457 6609 5972 4739 122370 26107 5454 4594 3087 112170 106719 9444 97275 1464 20653 637 508 10200 9398 17319 16103 1233 5451 624 2450 847 869 2796
is_linear=0
shrinkage=0.03


Tree=13
num_leaves=31
num_cat=0
split_feature=71 32 71 70 57 63 53 53 52 41 41 33 72 0 53 3 21 29 48 51 54 69 26 53 63 48 42 16 55 71
split_gain=117.838 18.7616 15.6565 7.09728 6.98997 6.27448 5.3755 4.10189 4.15737 3.91172 5.52259 3.85166 3.83813 3.50758 3.44762 3.38114 3.36245 2.92994 2.71359 2.64131 3.0554 2.3165 2.36232 2.08581 2.02109 3.02019 1.93469 1.79854 1.79764 1.70598
threshold=0.77651362313118755 0.2254793195320737 1.9988881638273834 0.07100918290780818 0.0043243293783250597 0.20423292273236285 0.019656345392460046 0.017635968509871418 0.57588735318928053 0.0083482291346139732 0.010649598244185212 0.033477046715056989 1.1480067989926201 -0.0068108618345080188 0.010900370295388781 0.2018101453300363 0.052106763365508686 -1.3806763345352684 -0.041649552304231778 0.16188524590163936 0.43507809265933584 1.788957377697374 1.006081296628822 0.019447970887333878 0.036999011331660205 -0.016154135000213451 0.0099162893004507442 0.051300611271934755 0.85149640971295992 1.2654441014506699
decision_type=8 10 10 10 8 10 10 8 2 10 10 10 10 10 10 10 8 8 10 2 10 10 10 10 8 8 10 8 8 10
left_child=1 6 16 17 13 -3 7 9 -9 14 -11 12 -6 -5 -1 -13 21 -4 -7 -8 26 24 27 -10 25 -2 -21 -23 -26 -18
right_child=2 5 3 4 11 18 19 8 23 10 -12 15 -14 -15 -16 -17 29 -19 -20 20 -22 22 -24 -25 28 -27 -28 -29 -30 -31
leaf_value=-0.0011438008381177212 0.014417594520940415 0.025985670907605948 0.0064930871442771482 0.028892992661466575 0.0065781724239804239 0.011674777876728564 0.0022964756083473235 0.0097066230842605371 -0.0045666103801717114 0.0054355599896698976 -0.010157901919819958 0.0011750285711571531 0.014641677820363054 0.012491612426044442 -0.014735149431742041 0.012061863898632685 -0.0075751969828930683 -0.019130058968136458 -0.0070329677856059061 -0.024807813803571555 -0.026673895448043074 0.023397087411969799 -0.00093358501111192151 -0.027153641033584572 0.0017135391881735328 0.0021435808958080913 0.0084254120150761124 0.0036134159494557415 0.019151766396115648 0.0014856134260429362
leaf_weight=18.606423129676841 32.765204867813736 12.538773747859521 5.9046704573556781 29.406353563070297 81.281634692568332 11.010400135186499 3.4047291044844306 16.200508223497309 18.382680771872405 23.049254626734182 137.97644521121401 68.665169229032472 179.48676832614001 24.772716445848346 270.33273632335477 40.942325863754377 35.008458021038678 8.8105158025864494 15.588588828512004 1.2671119421720494 37.782621210906655 13.764473269693555 8.3425766136497241 3.9855682384222737 253.24218847579323 41.111336701898836 4.1051431921077892 6.8647587341256466 4.4921709084883323 37.439976763445884
leaf_count=3769 800 219 126 161 1349 857 810 3217 4405 5360 32625 1474 2331 173 64000 753 4994 252 2345 270 9675 255 242 926 12363 1125 912 194 202 2404
internal_value=6.90677e-05 -0.0104718 0.00701554 0.011003 0.0117191 0.00935194 -0.0119421 -0.0109583 -0.00143878 -0.0117627 -0.00788756 0.0101801 0.0121745 0.0218103 -0.0138772 0.00534106 0.00294771 -0.0088986 0.000744656 -0.0217537 -0.0237281 0.00413477 0.0121829 -0.00970931 0.00338811 0.00774718 -0.00160526 0.0174238 0.00210192 -0.00289542
internal_weight=1446.53 574.231 872.301 439.27 424.555 39.1378 535.093 488.534 38.5688 449.965 161.026 370.376 260.768 54.1791 288.939 109.607 433.031 14.7152 26.599 46.5596 43.1549 360.583 28.9718 22.3682 331.611 73.8765 5.37226 20.6292 257.734 72.4484
internal_count=158588 129390 29198 6619 6241 3421 125969 114302 8548 105754 37985 5907 3680 334 67769 2227 22579 378 3202 11667 10857 15181 691 5331 14490 1925 1182 449 12565 7398
is_linear=0
shrinkage=0.03


Tree=14
num_leaves=31
num_cat=0
split_feature=59 59 44 69 69 69 8 72 38 63 44 45 75 45 46 43 45 69 44 72 26 50 29 6 50 43 24 72 46 28
split_gain=110.149 14.7822 10.047 8.60849 6.13956 4.52446 4.65462 4.10864 3.96679 3.82799 3.41792 3.71765 3.24568 3.2147 3.09083 3.38701 4.61783 2.89125 2.80613 2.75734 2.73503 3.44508 2.69336 2.64368 2.34922 2.49029 2.20682 2.16765 2.14264 2.0724
threshold=0.8551968087450964 0.95937565144882231 0.074067940574290794 1.3636166535769079 -2.3446232655665509 1.2915350115504582 0.022593669526987072 1.6190998429190839 1.2709844868571603 0.16419481539670075 0.085623198180254559 0.004263813630150535 -0.94680694081629335 0.0055173859025404292 0.034133759215293408 -0.053124606254679956 0.011870476064088519 0.048821371424764698 0.069399657099751391 1.1967136021955767 0.80618183955446809 0.0052408444847511513 0.14667738502037711 0.017084929988923848 0.015121232720002211 -0.053124606254679956 0.42792972348314007 -0.4336707309161203 0.010593698838762535 -0.20954880153797353
decision_type=8 10 10 8 8 8 10 10 10 10 10 10 8 10 10 10 10 8 10 10 10 10 8 10 10 10 10 8 10 10
left_child=2 12 14 10 20 7 9 22 -9 -7 13 -12 19 -4 15 -1 18 -14 -17 28 -3 -22 -6 -13 25 -21 -8 -15 -2 -30
right_child=1 4 3 -5 5 6 26 8 -10 -11 11 23 17 27 -16 16 -18 -19 -20 24 21 -23 -24 -25 -26 -27 -28 -29 29 -31
leaf_value=-0.0023463111456426058 9.3637766675718122e-05 0.022616535178840005 -0.007121652029223287 0.01382022017079533 0.0051137317666344363 0.021369609943999477 0.0076463791660087424 0.011209026816604106 -0.0079501817925009821 0.0091336779281152424 0.010289187076898371 -0.017081338203271321 -0.0061171714074977745 0.022264846677797972 -0.026921545004513037 -0.010754965012627581 -0.021941855285791945 0.0020555534446655296 -0.022839570455332595 -0.00283795535526302 0.019775978611256899 0.0036804546701461145 -0.005492955887292165 -0.005669001870109559 0.0041809100178544865 0.017117356610993617 -0.0085337227407636471 0.00092441659354582095 0.014897031880893483 -0.00033155143852466197
leaf_weight=31.608074150979519 93.934471694286913 47.253662275150418 18.445324318134226 21.456948844017461 50.824327448033728 57.070055237039924 33.706895555369556 101.39288828358985 9.8530522396322322 44.118861039169133 6.7789346362696952 38.694996566046029 50.404700577259064 6.88752651354298 12.962564786954315 322.62394095177297 44.628304018056951 159.78957114549121 18.808877134579234 5.9907390545122317 23.935689566656947 25.15511491894722 35.783496210351586 38.540354345459491 42.475666721235029 37.639838111586869 8.6606679614633304 10.260956357233228 19.484361120732501 12.548998648067935
leaf_count=7112 2816 289 4276 1871 974 480 561 1589 250 741 1528 9127 4024 1480 3322 76688 10701 11192 4286 193 168 208 1019 7755 1189 867 182 2595 510 359
internal_value=-3.40349e-05 0.00674553 -0.010232 -0.00322569 0.0106053 0.00865448 0.0127215 0.00563935 0.00942966 0.0162056 -0.00639773 -0.00967083 0.00272157 0.00129917 -0.0125073 -0.0119896 -0.0127633 6.18397e-05 -0.0114942 0.00533098 0.0173273 0.0118263 0.000684478 -0.0115702 0.00945214 0.014308 0.0041492 0.0104154 0.00243805 0.00901101
internal_weight=1431.72 860.023 571.697 141.065 437.755 341.41 143.556 197.854 111.246 101.189 119.608 84.0143 422.268 35.5938 430.632 417.669 386.061 210.194 341.433 212.074 96.3445 49.0908 86.6078 77.2354 86.1062 43.6306 42.3676 17.1485 125.968 32.0334
internal_count=158352 27611 130741 28632 6461 5796 1964 3832 1839 1221 26761 18410 21150 8351 102109 98787 91675 15216 80974 5934 665 376 1993 16882 2249 1060 743 4075 3685 869
is_linear=0
shrinkage=0.03


Tree=15
num_leaves=31
num_cat=0
split_feature=6 75 57 46 8 44 36 9 54 60 52 50 45 54 52 45 6 69 47 42 45 75 69 42 44 27 49 41 31 47
split_gain=84.2532 18.2388 11.4648 8.47182 7.45657 5.26771 5.19697 4.80967 3.91827 3.69306 3.44915 6.38713 4.80402 3.76903 3.65155 3.34941 3.3107 3.56269 3.14261 3.1014 3.95128 3.08508 3.62017 2.70261 2.66451 3.83957 2.34528 2.23954 2.19287 2.11124
threshold=0.018610232347499884 -1.1100483584575815 0.9095668413226653 0.032323666858084542 0.0093499129995874251 0.1557699926064621 -0.31802785211507395 2.0657586242194075 0.55974061043506673 0.97870072131742514 0.60896649527140501 0.016420858324572189 0.0063824549741248208 0.51533513111957663 0.26987778544356539 0.0044354176637267399 0.030498608767105178 -1.2321258414447727 -0.0018047834488448264 0.021973706366506755 0.017937755590757574 -0.2748630359774823 0.28080759291656066 -0.021282880800725542 0.0027441872291550378 -0.081722883666254173 0.0088823233396043717 -0.1031057721569003 -0.023893610273159612 -0.0094906830207938091
decision_type=8 8 10 10 10 8 10 8 10 10 2 10 10 10 2 10 8 8 10 10 10 10 10 10 10 8 10 10 10 10
left_child=8 4 3 16 -2 6 -6 -7 10 -8 11 13 -13 14 -1 18 28 -18 -12 20 27 22 -17 -15 25 -4 -21 -10 -3 -28
right_child=1 2 24 -5 5 7 9 -9 19 -11 15 12 -14 23 -16 21 17 -19 -20 26 -22 -23 -24 -25 -26 -27 29 -29 -30 -31
leaf_value=0.0099831287210985428 0.00089899183057024585 -0.0076983039603295495 0.013188415322004888 -0.023385622439001687 0.018616116394432881 0.008054278476980278 0.0076450176006662481 -0.03285959941072826 0.010838991475403133 0.015351477537428448 -0.012715254712156824 0.028245622469568552 -0.0077197737702726392 -0.025237225425981776 -0.012656620050858006 -0.010216108334101399 0.015292663099033699 0.00038923571023120635 -0.0012140232957571931 0.014600061379082527 0.0069145276430328867 -0.016505131160699588 0.013871820060959383 0.0033813179299145815 0.0091286513642708789 -0.011045091176840296 -0.017442456379382819 -0.019044319159622729 -0.00089871485027534905 -0.0011760913072876682
leaf_weight=6.1807832681806749 80.57651254942175 76.412235379684716 8.4746164674870652 15.60392079601297 75.531736559176352 4.8080476744798926 224.87558098818408 3.7614286635071039 1.5759467782918353 77.970926441950724 36.552490964648314 7.8322914554737491 4.635724644176662 2.2312120767310253 68.265207332908176 28.675469334353693 16.029787992942147 98.286762997100595 51.729560746462084 3.3406958843115708 5.173888034420087 99.387860426912084 5.921299419598653 34.809841235051863 130.94356463791337 14.438607879099438 13.133259463123977 99.589130078442395 98.403743532893714 15.789888532366604
leaf_count=1236 3149 9725 306 3393 859 216 5773 145 293 872 7912 1906 1218 517 15185 6193 330 7902 11161 860 1171 23246 600 7414 4483 1049 3167 23634 10392 3806
internal_value=-0.000208967 0.00509205 0.000829878 -0.00253321 0.00925571 0.0109813 0.0115185 -0.0111478 -0.0103308 0.00968299 -0.00855663 -0.00445338 0.0150703 -0.00677802 -0.0106298 -0.0108013 -0.00132078 0.00261954 -0.0060987 -0.0146482 -0.017133 -0.0138095 -0.00573526 0.000960479 0.0074837 -0.00178 -0.00609944 -0.0184479 -0.00391477 -0.00899856
internal_weight=1410.94 926.117 458.593 304.736 467.524 386.948 378.378 8.56948 484.825 302.847 346.222 123.955 12.468 111.487 74.446 222.267 289.133 114.317 88.2821 138.603 106.339 133.985 34.5968 37.0411 153.857 22.9132 32.2638 101.165 174.816 28.9231
internal_count=158113 48594 37580 31742 11014 7865 7504 361 109519 6645 76588 27476 3124 24352 16421 49112 28349 8232 19073 32931 25098 30039 6793 7931 5838 1355 7833 23927 20117 6973
is_linear=0
shrinkage=0.03


Tree=16
num_leaves=31
num_cat=0
split_feature=59 32 59 71 14 53 63 58 53 51 53 32 48 53 53 14 65 32 60 54 41 41 40 25 44 17 33 44 14 63
split_gain=92.3683 13.137 9.7853 7.0893 5.36074 5.30679 4.82225 4.28004 3.51173 3.80858 3.75038 3.17663 3.34404 2.96162 3.54272 3.53737 2.51882 2.51276 2.23488 1.99527 2.40666 1.99581 1.80773 1.96829 1.62723 1.5833 1.54865 1.54437 2.61893 1.54184
threshold=0.89016505466778817 0.2254793195320737 0.95937565144882231 0.4152036863211413 -0.35275345043080281 0.019656345392460046 0.16836741069011338 0.90589410546671123 0.017635968509871418 0.54182659540122702 0.010900370295388781 -0.13123888679830278 -0.027544194808018393 0.017033352651483157 0.011079521200423185 0.48353814349833085 0.080881963450163338 0.28034760572583078 0.86320287899235282 0.43507809265933584 -0.021169119306381098 0.027172943466049152 0.016421599216571246 -0.34384641759722906 0.025403912297903179 0.12388179991404065 0.043922581907908757 0.099831447456722691 0.32356741121797145 0.23632527809743001
decision_type=8 10 10 10 8 10 10 10 10 2 10 10 8 10 10 10 10 10 10 10 10 10 10 10 10 2 10 10 10 10
left_child=1 3 18 5 11 8 -3 16 10 -10 -1 25 -13 14 -9 -15 -6 -8 22 21 -21 -7 23 -2 -18 -4 -20 -19 -29 -5
right_child=2 6 4 29 7 19 17 13 9 -11 -12 12 -14 15 -16 -17 24 27 26 20 -22 -23 -24 -25 -26 -27 -28 28 -30 -31
leaf_value=0.0010722999453611718 0.0027103688148482166 0.023049002626491531 0.026779114589501215 -0.00017436642327325419 0.013110254135042762 -0.014515485882017534 -0.0082354934790782874 -0.0026964860617167564 0.0089791952866776822 -0.010234447844071749 -0.011622643861465437 -0.0021864802103595269 0.016880178193136388 -0.0047986208720486624 0.012152686541994041 0.013902937803367635 0.0058640504780435761 -0.0044725856991201006 0.0073099521044600992 -0.0039575423867630743 -0.027043463611291167 0.018828668128440942 0.012196300063286472 -0.003860475874134075 -0.0053355777628274056 0.015036610478854786 -0.00098584538704536359 -0.00139682558284265 0.022932407951663937 -0.0067858408193231228
leaf_weight=21.547618362121284 105.48299699806375 11.443509905831887 26.97327340953052 71.623446765355766 11.893307883292435 3.4570455146022132 14.002952988957984 14.761474812868981 16.909308980102651 18.226214883383363 376.54891014948953 13.876406578579916 17.980319786816839 24.039397511165589 222.63024438079447 13.245859985239802 16.185851240996271 5.7884103683172752 122.93826096178964 5.449944714899174 30.92885092360666 1.5149111333303151 11.074648267356677 65.685440498637035 34.856349864741787 28.77539781620726 23.203938407939859 6.394890946801751 8.2894598590210062 57.513069092063233
leaf_count=4540 7276 230 186 7246 193 844 2027 219 3465 4348 91374 206 140 547 3198 191 381 686 3854 1448 8019 292 284 2949 886 240 1332 718 362 10397
internal_value=-2.49999e-06 -0.0082878 0.00713733 -0.00946713 0.010141 -0.0111636 0.00702468 0.00836239 -0.0101257 -0.000912081 -0.010927 0.01679 0.00866989 0.00997585 0.0112093 0.00195649 0.00122778 0.00112138 0.00321981 -0.0214716 -0.0238636 -0.00240185 0.00097377 0.000163623 -0.00168201 0.0211427 0.00597464 0.00774649 0.0127325 -0.00317147
internal_weight=1403.24 649.639 753.603 603.719 425.218 474.583 45.9192 337.612 433.232 35.1355 398.097 87.6054 31.8567 274.677 237.392 37.2853 62.9355 34.4757 328.385 41.3508 36.3788 4.97196 182.243 171.168 51.0422 55.7487 146.142 20.4728 14.6844 129.137
internal_count=158078 135996 22082 131973 6387 114330 4023 5615 103727 7813 95914 772 346 4155 3417 738 1460 3793 15695 10603 9467 1136 10509 10225 1267 426 5186 1766 1080 17643
is_linear=0
shrinkage=0.03


Tree=17
num_leaves=31
num_cat=0
split_feature=59 32 69 57 60 57 71 7 78 44 12 48 41 52 42 49 72 76 31 76 68 78 63 0 72 41 31 9 62 39
split_gain=89.1137 15.9696 9.517 6.22854 5.80947 5.90241 5.68839 5.38385 4.44749 4.28912 3.84937 3.17036 5.00048 4.88186 4.58765 3.25711 3.04315 3.03461 2.99025 4.23634 3.30756 2.85941 2.42243 2.17429 2.52816 1.92673 1.63744 1.46582 1.22371 1.15157
threshold=0.89016505466778817 0.2254793195320737 -2.3446232655665509 0.9095668413226653 0.98581558827635496 0.98578678738105852 0.4152036863211413 0.0094194857844852545 0.75276329902833605 0.095771511722383088 0.035198604478408065 -0.030513450039425735 -0.009897626106818434 0.23099646237003255 0.024424182527982622 -0.009029883444002627 -0.84272177677725912 -0.13316735185361031 -0.034370243040980124 -0.55742776572430086 1.7431008054930468 -1.7662758602732691 0.1323369911956106 0.026733719071159404 3.2859724147737244 0.0057156813152142725 0.02928711449798849 2.4592175381581431 0.90572098097046594 0.034162773507214812
decision_type=10 8 8 10 10 10 10 10 10 10 10 10 10 2 8 10 8 10 10 10 8 10 8 10 10 10 10 10 10 10
left_child=1 6 8 28 5 10 11 -6 17 22 21 13 16 15 -14 -1 -13 25 19 -7 -20 -4 -5 24 -9 -2 -8 -12 29 -3
right_child=2 3 4 9 7 18 26 23 -10 -11 27 12 14 -15 -16 -17 -18 -19 20 -21 -22 -23 -24 -25 -26 -27 -28 -29 -30 -31
leaf_value=-0.0079162066935302977 0.02983836650902371 0.002129019438577517 -0.0032760162000075935 0.021171518976351878 -0.0083402108112926848 -0.011969417531894981 -0.0061194542362413814 0.01892222648038188 0.0047296489150871462 0.02402911238413501 -0.0026881377925247287 0.016814308911428367 -0.012152845688562224 -0.017157566318907171 -0.0028411034051843728 0.016678910268407097 -0.0033560259932476615 0.01137753070670597 0.029726020124760614 0.012516833004489608 0.0075026951535498258 0.0063274210614581786 -0.0089114491800843486 0.0032699719572703138 0.0076763904932052067 0.015812528333948715 0.00090402753267812444 0.0052844692173169786 -0.012652352864166442 -0.008006491540673186
leaf_weight=23.877882970613431 27.91555002424866 55.550042823946569 30.158307328820229 2.3605680763721475 9.7830743803642672 7.2364352088188744 76.300238221592735 67.410012240288779 25.11260109487921 17.62239161611069 96.991691463626921 8.3058152284938824 231.39868221525103 117.82695930602495 61.930568434414454 4.9953327158000311 23.06986506073736 30.391817718744278 15.270309689454733 27.130452884361148 11.656750677619131 262.58667524601333 7.4880592768313372 15.94570860499516 28.602802945766598 20.980668193195015 47.220120085345116 25.205905146314763 6.2528338999836697 11.254593818914143
leaf_count=5594 178 5734 1019 18 321 186 12376 947 294 499 4562 1615 56057 29256 15223 875 5786 274 148 553 209 6549 847 281 362 167 5178 891 1152 909
internal_value=0.000245987 -0.00735881 0.00777983 0.00364924 0.00629262 0.00476901 -0.00922695 0.0121409 0.0161292 0.0155592 0.00345677 -0.0107305 -0.00899712 -0.0144599 -0.0102134 -0.00314472 0.00224526 0.0195985 0.0134063 0.00708343 0.0208261 0.00532009 -0.000137582 0.0140151 0.0157166 0.0243177 -0.00342468 -0.000989718 -0.000938266 0.000284344
internal_weight=1397.83 695.454 702.379 100.528 597.978 476.237 594.925 121.742 104.401 27.471 414.943 471.405 324.705 146.7 293.329 28.8732 31.3757 79.288 61.2939 34.3669 26.9271 292.745 9.84863 111.959 96.0128 48.8962 123.52 122.198 73.0575 66.8046
internal_count=158060 141119 16941 9159 16028 14117 131960 1911 913 1364 13021 114406 78681 35725 71280 6469 7401 619 1096 739 357 7568 865 1590 1309 345 17554 5453 7795 6643
is_linear=0
shrinkage=0.03


Tree=18
num_leaves=31
num_cat=0
split_feature=59 32 59 69 71 53 19 15 57 69 66 33 17 44 42 50 44 3 46 26 48 68 15 58 39 46 77 38 39 45
split_gain=78.7317 11.8057 9.75023 5.86449 4.83316 5.03671 4.53272 5.02823 4.1311 4.07005 3.6659 3.63239 3.54093 2.97203 2.84932 4.25153 2.95675 2.59975 2.64405 2.37103 2.36817 2.1484 2.07503 1.78916 1.66679 3.45903 2.0258 1.61207 1.55684 1.97244
threshold=0.89016505466778817 0.2254793195320737 0.95557904627672086 -2.3446232655665509 0.47207618058493545 0.020765565365582783 -1.2126731207012171 -0.048676604957561258 0.92086291413116983 1.6493751801400169 0.53072047687660195 -0.066080227531952515 -0.24127636131142102 0.095771511722383088 0.031861202967666598 0.024902608082453596 0.11987758590221288 0.064765230523510922 0.0076388682106252152 0.80928311203459902 -0.021829673173097915 0.62214940331385293 -0.11749030964591638 0.86708213610830687 0.022438286600697802 0.0060978645455475001 0.74183675214155442 1.3334992203852332 0.013954937378496292 0.0049243614723385523
decision_type=8 10 10 8 10 10 8 10 8 8 10 10 2 10 10 10 10 8 10 10 10 10 10 10 10 8 10 10 10 10
left_child=1 4 17 10 5 14 8 -8 11 21 19 -5 -9 -11 16 -16 -1 18 24 -4 -12 -3 -7 -20 26 -26 -2 -25 29 -19
right_child=2 9 3 6 -6 22 7 12 -10 13 20 -13 -14 -15 15 -17 -18 28 23 -21 -22 -23 -24 27 25 -27 -28 -29 -30 -31
leaf_value=-0.0097594429140364161 0.001784213446978165 0.0087382768442425679 0.027536231469612989 -0.0023305282626071072 -0.0033157899044594114 0.0030311611619841254 -0.0088315264006641903 -0.0039696447779320994 0.022324088235320737 0.00084229100063679552 0.015790487100212545 0.014073166617738227 0.0078419117695617182 0.025890416626255262 -0.017920821539888509 0.0039316534375208627 -0.023495362287925158 0.0050945674089414176 0.0012784030300377195 0.014037504144548144 0.00055291068686404306 -0.0076137806362911141 -0.025319425552080183 0.011617872454634385 0.0040988104843710368 -0.012967814068955192 0.017383798434498523 0 -0.012341735566848073 -0.0059213139395966124
leaf_weight=394.93821934261359 92.773349302238785 11.395102294976825 26.516198664903641 18.528730843216181 109.82450080587296 2.128343683434653 19.378354543587193 24.450937062036246 30.456843223189935 6.9762338781729367 17.44762572273612 31.564005241263658 224.88661812618375 11.444648079690522 9.8162992340512556 29.684760031173937 14.583337607327847 27.145006966544315 33.555329179856926 30.555570282042027 19.269146671518683 16.273566663381644 24.797834649449214 64.700520756770857 21.52136990451254 19.2424297160469 7.2787533832015461 13.074539452907628 11.546927502495235 29.346152816549875
leaf_count=96139 4115 866 138 340 15248 464 362 544 264 615 154 470 4296 302 2376 7262 3620 1941 1326 225 183 2225 6724 1785 654 952 311 467 971 2665
internal_value=-8.6627e-05 -0.00791472 0.00639197 0.00927263 -0.00906763 -0.0103788 0.00742977 0.00550349 0.0136728 0.00655581 0.015953 0.00802005 0.00666041 0.0170906 -0.00956945 -0.00173317 -0.0103119 0.00238007 0.00378673 0.020727 0.00809995 -0.000704787 -0.0229428 0.00722474 0.00101567 -0.00400321 0.00310956 0.00970335 -0.00276881 -0.000579262
internal_weight=1395.1 631.863 763.238 443.054 585.773 475.949 349.265 268.716 80.5496 46.0896 93.7885 50.0927 249.338 18.4209 449.023 39.5011 409.522 320.184 252.146 57.0718 36.7168 27.6687 26.9262 111.33 140.816 40.7638 100.052 77.7751 68.0381 56.4912
internal_count=158004 135841 22163 6976 131833 116585 6276 5202 1074 4008 700 810 4840 917 109397 9638 99759 15187 9610 363 337 3091 7188 3578 6032 1606 4426 2252 5577 4606
is_linear=0
shrinkage=0.03


Tree=19
num_leaves=31
num_cat=0
split_feature=59 32 59 57 53 26 28 69 25 69 42 26 45 53 44 42 44 0 42 3 8 15 10 63 30 57 2 21 57 45
split_gain=73.3441 13.8289 11.3084 6.41333 6.09352 4.62158 4.53023 3.47379 3.46443 3.35546 3.0377 3.01262 2.62059 2.56549 4.63309 3.79165 2.54912 2.39556 2.29045 2.09176 3.45008 2.10327 2.58799 1.96829 2.68496 1.65397 1.54673 1.5337 1.46273 1.12639
threshold=0.8551968087450964 0.2254793195320737 0.95557904627672086 0.9095668413226653 0.019858297474099552 0.47576847305348463 -0.12266603089121168 1.1448125328014422 -0.54843025365337883 2.3617368352301114 0.023710771096916886 0.35472810958866358 0.018619033743462497 0.017635968509871418 0.043656292209295906 0.017838899467839234 0.090415656457718221 0.023546832494262596 -0.05662639025111648 0.06666664954964531 0.0094014169071678696 -0.0064059975790174408 1.8813265577289331 0.14040715040669091 0.65063648570715438 0.93659018491376889 -0.062066738259483605 -0.034571977816586656 0.25985029369308849 0.006103306016803949
decision_type=8 10 10 8 10 10 10 10 10 10 10 8 10 10 10 10 10 10 10 8 10 10 10 10 10 8 8 10 8 8
left_child=1 4 19 27 12 11 7 8 -7 10 -8 -4 13 15 -15 -1 26 -11 -6 20 21 22 -2 24 -22 -25 -5 -3 -13 -23
right_child=2 3 5 16 18 6 9 -9 -10 17 -12 28 -14 14 -16 -17 -18 -19 -20 -21 23 29 -24 25 -26 -27 -28 -29 -30 -31
leaf_value=-0.01151043886356235 -0.0076079620682392608 0.0034977143569964197 0.009200248417676811 0.018860151576650021 0 0.017512969678862563 0.0051666385962345403 0.020510787282002004 0.0083273748646977789 0.014605607238340137 -0.0070589581872801902 -0.0177467053569276 0.0086914422643939847 0.008341750518161075 -0.011311509637990096 -0.0050188913607584623 0.023071456218158946 -0.00090049138800739944 -0.023403446218639285 -0.0025364665031593924 0.010766864886233733 0.0065788426649396681 0.0078527636891595962 -0.0018684945745803489 0.0020718519296855854 0.0079539414313485723 -0.010785519117293536 -0.014180086993299625 -0.00094491801953175273 -0.0024334273534406085
leaf_weight=308.03066567477072 52.314431286999024 7.3737409901805213 11.545289019588383 1.4022202787455169 3.9569789730012408 50.600947408936918 82.988336754962802 39.96627663820982 159.34335015690885 45.086981929838657 22.288450638996437 8.8886302695609647 6.680591333191841 19.871226730116177 21.278708721511066 115.53234447329305 18.478615031344816 10.54954431671649 35.698997437488288 75.07319503929466 82.454326950479299 32.712861199397594 10.887385075911878 48.931038646842353 54.291664181975648 21.208074843161739 3.6247202199883786 8.3398653698386607 9.8119669258594495 18.543176688603126
leaf_count=76552 2887 628 205 28 961 591 1938 333 2181 625 559 157 1608 4272 5259 28638 543 184 9621 7029 2189 1559 386 3088 1494 711 618 1730 201 1218
internal_value=3.01055e-05 -0.00846739 0.00562039 0.00849533 -0.00978906 0.00892203 0.00975526 0.0122959 0.010628 0.00573933 0.00250803 -0.00224949 -0.00879159 -0.00906748 -0.00177707 -0.00976284 0.0181521 0.0116485 -0.0210644 0.00192608 0.00298258 -0.00116952 -0.00481708 0.00528871 0.0073766 0.00112942 -0.000261122 -0.00599219 -0.00957875 0.00327684
internal_weight=1387.75 550.269 837.486 39.2192 511.05 441.07 410.824 249.911 209.944 160.913 105.277 30.2459 471.394 464.713 41.1499 423.563 23.5056 55.6365 39.656 396.416 321.343 114.458 63.2018 206.885 136.746 70.1391 5.02694 15.7136 18.7006 51.256
internal_count=157993 130458 27535 3547 126911 6974 6411 3105 2772 3306 2497 563 116329 114721 9531 105190 1189 809 10582 20561 13532 6050 3273 7482 3683 3799 646 2358 358 2777
is_linear=0
shrinkage=0.03


Tree=20
num_leaves=31
num_cat=0
split_feature=59 63 14 57 57 57 63 44 53 44 37 26 25 59 45 8 16 50 44 38 44 53 36 50 37 45 42 65 60 14
split_gain=66.8063 10.258 8.12327 5.87449 5.50969 4.81841 4.37711 3.8368 3.8244 3.31068 3.49916 3.29676 3.73003 3.3668 2.80189 2.63639 2.5712 3.48031 4.61981 2.56584 2.38232 2.35352 2.26942 1.91027 2.30098 1.49844 1.44742 1.40204 1.35715 1.29467
threshold=0.90179360784418805 0.26006146422969384 0.35929418788434281 0.0085745007398149112 0.90572098097046594 0.93262013729977122 0.12447695082024618 0.16428366975657974 0.019858297474099552 0.03475704651216039 0.12816298253184263 0.61873726823049047 -0.5699808874444342 0.98569967864446406 0.018619033743462497 0.0088654898669384505 0.0017874091111244053 0.0052408444847511513 0.068761063244456314 0.85424900215775812 0.059948852170679919 0.010900370295388781 0.065667724035642042 0.060614552866280265 -0.41008711444331486 0.0064180405812269276 -0.0056350960316951517 0.080881963450163338 0.95592859785423612 0.46554044264939359
decision_type=10 10 10 8 10 10 10 8 10 10 8 10 10 10 10 8 10 10 10 10 10 10 10 8 10 10 10 8 10 10
left_child=1 2 15 9 6 8 11 -7 14 28 -11 13 -13 -5 21 25 19 26 -19 -6 27 -3 -4 24 -8 -1 -18 -17 -2 -21
right_child=3 5 22 4 16 7 23 -9 -10 10 -12 12 -14 -15 -16 20 17 18 -20 29 -22 -23 -24 -25 -26 -27 -28 -29 -30 -31
leaf_value=-0.0033321363081109585 0.023100436127479276 0.00080132851423760619 -0.00068413303722327076 0.0032198581986775544 0.0057450662236879571 -0.0037176361861276362 -0.0075836856045903255 0.01903202646720089 -0.019479978766099078 0.013328743789364812 -0.0047309842222002848 0.015631994460076425 0.0054204159325965499 -0.014759408790835832 0.010513468798097466 0.0092356874165132937 0.0031331734727335992 0.014473820793861315 0.00030393595431892973 0.0124366595588376 -0.007775447476747372 -0.010055837564666143 0.02391356414183227 -0.018539525486028562 0.0020218296182606009 -0.010400675754162749 -0.011217436532197634 0.00033259225548584157 0.011747975938025113 0.026200806062464884
leaf_weight=69.541814208729193 30.438139016740024 18.227064108010381 4.109145573340359 37.249338896595873 17.693391262553632 40.004417936317623 27.935546700959094 6.9686997667886308 36.465028531150892 25.923569896724075 14.100431961938737 40.122760914266109 169.96987587632611 11.38636645209044 5.4630700696725389 19.587967762316111 15.045512505574154 65.585154181462713 30.752986895851791 15.639113184530286 26.153595338109881 359.22346014197683 12.579994891013483 4.29125888692215 98.898371016490273 46.863945952383801 9.3270402217749488 74.068964016099926 21.245062425732613 18.281604668591172
leaf_count=12565 246 3893 389 870 221 6860 1357 146 8891 256 179 681 3471 222 1219 1515 414 1285 761 202 3536 85990 214 211 4270 9624 278 8000 153 143
internal_value=-0.000186702 -0.00649383 -0.00160549 0.00674572 0.00556962 -0.00912929 0.00356743 0 -0.0101475 0.0137852 0.00693295 0.00582493 0.00744961 -0.00114148 -0.00920257 -0.00307269 0.0100352 0.00748351 0.0100309 0.0156902 3.29445e-05 -0.00952289 0.0179913 -0.00087461 -0.00011312 -0.00626777 -0.00246603 0.00230423 0.0188024 0.0204786
internal_weight=1373.14 719.257 252.905 653.886 562.178 466.352 389.854 46.9731 419.379 91.7072 40.024 258.728 210.093 48.6357 382.914 236.216 172.325 120.711 96.3381 51.6141 119.811 377.451 16.6891 131.125 126.834 116.406 24.3726 93.6569 51.6832 33.9207
internal_count=158062 142842 35843 15220 14386 106999 11082 7006 99993 834 435 5244 4152 1092 91102 35240 3304 2738 2046 566 13051 89883 603 5838 5627 22189 692 9515 399 345
is_linear=0
shrinkage=0.03


Tree=21
num_leaves=31
num_cat=0
split_feature=59 59 69 69 44 78 44 44 53 53 45 45 7 53 69 72 3 8 49 51 14 53 1 9 47 40 44 40 21 46
split_gain=63.6725 11.4436 10.5149 4.75425 4.33915 3.69187 3.64609 4.10847 4.07823 6.44642 3.98055 3.83956 3.51583 3.26052 3.06896 4.22672 2.97487 2.93722 2.65486 2.4892 2.3616 2.23016 2.16828 1.85534 1.84993 1.65819 1.6496 1.61961 1.59327 1.59274
threshold=0.8551968087450964 0.95557904627672086 1.6493751801400169 -2.3446232655665509 0.10091979377260064 0.48267247097642535 0.074067940574290794 0.085623198180254559 0.019656345392460046 0.017251242930206453 0.0055173859025404292 0.0044354176637267399 0.011961857633773986 0.010900370295388781 2.0762332303598612 1.3914960880303535 0.06666664954964531 0.0093499129995874251 0.016685650323560956 0.72812158149710904 0.23673713790781173 0.013708592338092036 -0.07042511823056484 -0.031400627719094548 -0.0009577258951922184 0.0037279379285051727 0.077141816382879549 -1.0000000180025095e-35 0.19782484636431311 0.0076388682106252152
decision_type=8 10 10 8 10 10 10 10 10 10 10 10 10 10 10 10 8 10 10 2 10 10 10 10 8 10 10 8 10 10
left_child=2 16 6 5 -4 25 8 10 9 13 24 29 23 -1 15 -14 17 21 -16 -11 -13 -2 -10 -5 -8 -3 -12 -23 -25 -9
right_child=1 3 4 12 -6 -7 7 11 22 19 26 20 14 -15 18 -17 -18 -19 -20 -21 -22 27 -24 28 -26 -27 -28 -29 -30 -31
leaf_value=0.00040712503246403086 0.0019831172648641549 0.013758477530765019 -0.00047161518857786273 -0.012807470786041197 0.022155368005292629 0.0049992596623423726 -0.016959261965767164 0.01470086805941131 0.0007256495251997553 0.0065543185675952208 -0.0057239563839820021 -0.013591174013617469 0.00041257135634821469 -0.011318480314982924 0.017870129172094521 0.0099426438191636546 -0.0035281437405224147 0.005019488234626412 0.0031846079839174587 -0.01263175611729042 -0.0017288577677315611 0.0025519257770111321 -0.023320249453259282 0.0011564475672808507 0.0017266037058259191 0.024861349430477211 0.017318518904265272 -0.011344761916433301 0.012026963082973491 -0.01287989890125233
leaf_weight=22.332175373332575 67.084442797466181 35.460212467238307 16.975498502841223 6.0607282575219861 12.432777548790908 25.54258724488318 6.7007351729553193 8.0089889898663351 3.4865855110110742 29.427730442548636 2.634311328642073 51.214184115175158 62.277472963090986 306.60057264793431 50.119770312681794 131.86125979176722 77.38339961390011 209.94487379153725 15.449922979809342 6.5697490847669533 22.570116455084644 9.8394693036098015 27.621218388900161 68.293404824449681 11.465309392428027 27.117101613432169 15.722639860468915 24.369822126813233 14.068653255701063 1.4421811774373061
leaf_count=4972 3467 253 3362 182 420 265 1572 1878 856 6674 624 12789 1356 77660 511 2035 7158 7473 196 1565 3927 447 7389 1725 2851 159 3887 1998 286 326
internal_value=0.000189223 0.0054469 -0.00775535 0.00877824 0.00940963 0.0150287 -0.00875614 -0.00407991 -0.0101488 -0.00919645 0.00417697 -0.00774515 0.00714899 -0.0105145 0.00890651 0.00691866 0.00168664 0.00299995 0.0145547 0.00272488 -0.0100743 -0.00116462 -0.0205931 0.00191153 -0.00553459 0.0189323 0.013732 -0.00730356 0.00317128 0.0093755
internal_weight=1370.08 824.873 545.205 436.251 29.4083 88.1199 515.796 119.758 396.038 364.93 36.523 83.2355 348.131 328.933 259.708 194.139 388.622 311.239 65.5697 35.9975 73.7843 101.294 31.1078 88.4228 18.166 62.5773 18.357 34.2093 82.3621 9.45117
internal_count=158263 27511 130752 6968 3782 677 126970 27854 99116 90871 8934 18920 6291 82632 4098 3391 20543 13385 707 8239 16716 5912 8245 2193 4423 412 4511 2445 2011 2204
is_linear=0
shrinkage=0.03


Tree=22
num_leaves=31
num_cat=0
split_feature=59 70 32 78 53 78 56 14 44 9 29 41 53 52 44 53 41 25 44 18 42 54 7 13 14 51 32 35 17 22
split_gain=55.8035 10.3964 8.86908 7.19184 5.52075 4.44726 4.11387 3.75196 3.40293 3.36738 3.6012 2.98224 5.00833 4.11788 3.64973 3.49872 2.75107 2.39364 3.06622 2.39287 2.1531 2.05847 2.08281 2.05799 2.29207 1.94721 1.85943 1.92608 2.39139 1.51129
threshold=0.86292912896318308 1.278172605917123 0.2254793195320737 -0.33203583600935233 0.019858297474099552 1.9636736952257201 0.0085745007398149112 0.34385078347061077 0.090415656457718221 2.9502547703398938 0.90036301196872148 0.0083482291346139732 0.016926753424887551 0.60545601888554168 0.06278449585659597 0.015585943405125801 0.008445134797109401 -0.35100784533165225 0.064480327285599839 67.673818060362748 -0.05662639025111648 0.4040333730085946 0.016408356495340125 -0.30076630711650776 0.064672319324459063 0.75154760271623577 0.32248815802103287 0.056646967973235048 -0.14192479771993979 0.29166380207103065
decision_type=8 10 10 8 10 10 10 8 10 10 10 10 10 2 8 10 10 8 10 10 10 10 10 10 10 2 10 10 2 10
left_child=2 17 4 6 11 9 -3 -4 -9 10 -5 12 15 14 -13 -1 -15 18 29 -11 -6 -8 -23 -7 -25 -14 27 28 -19 -2
right_child=1 3 7 5 20 23 21 8 -10 19 -12 13 25 16 -16 -17 -18 26 -20 -21 -22 22 -24 24 -26 -27 -28 -29 -30 -31
leaf_value=-0.0095620783994790123 0.0072341359842179979 0.026708364327124829 -0.0055359151052679634 0.007409560322059903 0.00058992283992552875 0.012146944735581243 0.020953496239356242 -0.0065263110304098499 0.01948388060468664 0.014679962357725767 -0.00018290006275284209 -1.7389292745332579e-05 0.0041896474510329622 0.025865363279528656 0.024041387494920689 -0.020594185390705479 -0.0073212875662472107 -0.0075178315535658086 -0.0034219464165506099 -0.00054584411119681974 -0.021695073693749765 0.0032087059845019791 0.013150387817896467 -0.013286879415678769 0.0012159528090116038 -0.016507848396049549 0.011115925618290671 -0.011155660246505768 0.00098026218180416675 -0.0082533921344704105
leaf_weight=229.32814194913954 95.17122781847138 19.226198330521584 13.982229531568008 178.23744025256019 4.0216612794902167 5.4566997908987096 16.586112282238901 5.1797432770254117 18.145893298555166 61.165988508146256 80.743701538071036 29.334226800594479 29.303875985380728 1.2901194477453817 5.9631611797958604 30.081500079249963 138.09550871758256 38.953105618595146 39.244764251634479 10.396319643827153 35.284913138253614 34.368890408193693 46.816393417073414 18.635924113914371 18.604057546122931 3.7094591727945945 8.7045096958754566 18.890773076098412 115.08321308717132 5.0358972467947742
leaf_count=58053 3566 131 2088 3675 1002 78 188 762 706 961 3063 7225 7140 323 1581 7344 34704 1950 1692 264 9730 617 591 723 730 941 311 1596 5934 186
internal_value=-0.000143485 0.00483608 -0.00757456 0.00758055 -0.00861781 0.00550679 0.014068 0.00636332 0.0135538 0.00668538 0.00503929 -0.00766609 -0.00952991 -0.00449245 0.00451483 -0.0109271 -0.00681069 0.000625909 0.00357549 0.0124496 -0.0193825 0.0113067 0.00906844 -0.00349302 -0.00612089 0.00135886 -0.00162945 -0.00234848 -0.00118404 0.00635231
internal_weight=1355.04 811.321 543.72 490.238 506.413 373.24 116.998 37.3079 23.3256 330.543 258.981 467.106 292.423 174.683 35.2974 259.41 139.386 321.083 139.452 71.5623 39.3066 97.7714 81.1853 42.6967 37.24 33.0133 181.632 172.927 154.036 100.207
internal_count=157855 26256 131599 11021 128043 9494 1527 3556 1468 7963 6738 117311 73478 43833 8806 65397 35027 15235 5444 1225 10732 1396 1208 1531 1453 8081 9791 9480 7884 3752
is_linear=0
shrinkage=0.03


Tree=23
num_leaves=31
num_cat=0
split_feature=59 32 59 36 53 69 63 14 44 30 38 78 67 53 44 44 16 15 46 20 70 10 63 42 9 9 18 30 54 40
split_gain=53.1326 9.35837 5.14753 4.84502 4.57521 4.16729 3.95522 3.86877 4.36077 3.74301 3.27957 3.62701 3.15757 3.12953 3.22027 3.08653 2.70821 2.70583 2.47885 2.19743 2.16518 1.97062 1.90002 1.83634 2.90675 1.96273 1.80988 1.69405 1.59859 1.54031
threshold=0.90179360784418805 0.2254793195320737 0.72973101539526042 -0.31802785211507395 0.019656345392460046 2.3617368352301114 0.22818037848693701 0.32969383510515987 0.10621104336596378 0.66855763757242848 0.56076594474159791 2.0431510323838471 -0.96143580258302352 0.017635968509871418 0.043656292209295906 0.074067940574290794 0.07147270406955343 0.028195423286729086 0.0077991160663155893 0.043443245766275902 2.6236608613192707 2.4008604379846656 0.3635430278140751 0.032257816606969587 2.0081392748930011 2.3428438821667963 70.044367424452133 0.58974512971827597 0.79748760101844973 -0.0023841228606831335
decision_type=10 8 10 10 10 10 10 10 10 10 10 10 10 10 10 10 10 10 10 10 10 10 10 10 10 8 8 10 10 10
left_child=1 2 4 9 13 6 10 19 29 12 27 -12 -2 15 -15 -1 20 -14 -11 -3 -7 26 -10 24 -8 -25 -18 -5 -6 -9
right_child=3 7 -4 5 28 16 23 8 22 18 11 -13 17 14 -16 -17 21 -19 -20 -21 -22 -23 -24 25 -26 -27 -28 -29 -30 -31
leaf_value=-0.010091592180882599 0.025908344917166381 -0.0029246543509966853 -0.0026774748776189879 0.0022514157850713839 -0.02046097120222817 0.021026251159576528 -0.0027991601709079126 0.019445627033084674 0.029716297113573129 0.013447181879853585 0.0073114272162372873 -0.0076334036837067991 -0.00028331902644127048 0.0093506599531775064 -0.0090344188378538096 -0.0029187275217654111 0.0031518032163002987 0.019084986315055556 -0.0035649629886483074 0.013450747949247959 0.0061272225194620696 -0.0070923710814518766 0.0084775621607291653 -0.0025171683828092966 0.0067883752727040227 -0.026736415633755128 0.01518589187042281 -0.011890225103214729 0.0048313312894831643 -0.0066795274083890676
leaf_weight=294.4852426314028 24.061273633502424 69.398880813154392 165.1852709527011 16.77243184577674 35.124571832362562 28.987847046460956 74.333033297443762 1.4332486249040837 9.0280180766712892 13.212845351547005 293.20773613685742 14.398053894517941 11.996397978160532 17.669713723706082 14.811065316433085 68.848274180782028 28.111148136551492 12.352144040632991 15.723099132068453 7.2114038972649714 14.869865286629645 7.7580306250601998 8.6963807886932027 10.383131953421978 44.622500833589584 3.6079094118904314 19.58895779424347 12.222990595735608 1.8325059537310142 10.854376361123284
leaf_count=74172 212 6898 24439 418 9639 347 3589 33 115 162 5843 486 168 3642 3789 17313 587 141 239 566 122 138 431 502 1455 161 414 344 558 1219
internal_value=-7.41672e-05 -0.00577055 -0.00723002 0.00613144 -0.0089506 0.00514751 0.00394075 0.00237766 0.0113289 0.0131717 0.00566742 0.00657972 0.0182239 -0.007956 0.000858115 -0.00875238 0.0107268 0.00978926 0.00429268 -0.00119112 0.0162908 0.00606288 0.0204651 -0.000418218 0.000798908 -0.0103297 0.00836578 -0.00380762 -0.0190336 -0.00217237
internal_weight=1350.79 704.579 597.957 646.209 432.771 568.864 469.548 106.622 30.012 77.3458 336.601 307.606 48.4098 395.814 32.4808 363.334 99.3158 24.3485 28.9359 76.6103 43.8577 55.4581 17.7244 132.947 118.956 13.991 47.7001 28.9954 36.9571 12.2876
internal_count=158142 142814 133552 15328 109113 14406 12798 9262 1798 922 7091 6329 521 98916 7431 91485 1608 309 401 7464 469 1139 546 5707 5044 663 1001 762 10197 1252
is_linear=0
shrinkage=0.03


Tree=24
num_leaves=31
num_cat=0
split_feature=59 69 8 33 63 44 72 45 53 53 44 43 57 36 54 50 21 72 0 53 22 45 69 37 54 14 20 41 69 44
split_gain=49.7097 8.5366 8.22772 5.75103 5.22208 5.0719 4.13802 3.73995 3.10226 3.0457 4.93416 2.97969 3.36484 2.9285 3.93441 2.88408 2.82852 2.81398 2.73219 2.51671 2.38864 2.34025 2.13205 1.91424 1.85785 1.53073 1.38435 1.32448 1.27901 1.23918
threshold=0.90179360784418805 1.4897528889877814 0.0088654898669384505 0.022236322647418323 0.29184111412805475 0.090415656457718221 2.4202605304444638 0.0042397005393222187 0.019656345392460046 0.018097691933190219 0.019152812517309829 -0.053124606254679956 0.0085745007398149112 -0.23407605539944401 0.69144218145746505 0.021045782760243829 0.19782484636431311 3.2859724147737244 0.0084860777130791893 0.013741127444030344 0.045916842066536574 0.018619033743462497 -0.024540464800908962 0.038702238190554968 0.47591936362505138 -0.30180256036345432 0.046147228870861264 -0.033876741167031647 0.37492871726010296 0.085218821842120943
decision_type=8 10 10 10 10 10 8 10 10 10 8 10 8 8 10 8 8 8 10 10 10 10 8 8 8 8 10 10 10 10
left_child=1 4 19 6 22 -3 11 -8 9 21 -11 18 -13 15 16 -5 -15 -9 -4 25 -21 -6 -1 -7 -25 -2 28 -10 -27 -29
right_child=2 5 3 13 8 23 7 17 27 10 -12 12 -14 14 -16 -17 -18 -19 -20 20 -22 -23 -24 24 -26 26 -28 29 -30 -31
leaf_value=-0.0047748570404814224 0.01285097727630655 -0.0017350918653127247 0.0034240376600527091 0.023254173311136713 -0.0091260664392149079 0.02480791225288561 -0.0026467962161238327 0.019908006757558324 -0.00046064729974784488 0.015760828360574741 -0.011267230805525125 0.016614970804872124 0.006504000046300344 0 -0.021101519828370517 0.0031691887600450281 0.0095434071291898813 0.0093629335425796881 -0.017921713952022193 -0.013602440191815031 0.0060040424542993952 0.011945133026442725 0.0024616093218562882 0.01688473770783341 -0.0087320831583820573 -0.0039275035932226443 0.011082729227407388 -0.02366651696427316 0.0052598295739408997 -0.009911954078475017
leaf_weight=148.25503455637954 7.6092212814837694 32.384231696312781 16.816282056272033 10.550741928629575 329.78249412757577 11.328842277289366 10.584719772916285 59.691562537103891 4.1980490118730804 11.314567775581962 10.958800332853572 34.612555562518537 221.59465239476413 127.46856445260346 5.8327557134907684 16.324119245400656 34.98291544849053 43.810561836813577 6.7012146746274075 22.964803595095876 6.4180727256461969 3.8707330223405725 47.264109159819782 4.3081685069482782 3.8662808930967012 56.803536024643108 7.3913780187722287 21.494485315284692 16.697130939224735 12.33498341811355
leaf_count=27907 75 5195 423 130 81260 390 144 761 1004 2172 2688 320 4920 4824 317 271 899 811 197 1813 224 970 7151 244 188 3695 143 5692 488 2935
internal_value=1.11182e-05 -0.00602925 0.00549683 0.0069439 -0.00705877 0.00552233 0.00903111 0.0138777 -0.00904954 -0.00811992 0.00242102 0.00700131 0.0079409 0.00269227 0.00117322 0.0117133 0.00211555 0.0156055 -0.00301888 -0.0017054 -0.00916442 -0.00883769 -0.00300665 0.0172161 0.00481056 0.000812241 -0.000426663 -0.0172426 -0.00175756 -0.019166
internal_weight=1348.22 641.361 706.855 588.971 589.473 51.8875 393.812 114.087 393.954 355.927 22.2734 279.725 256.207 195.159 168.284 26.8749 162.451 103.502 23.5175 117.884 29.3829 333.653 195.519 19.5033 8.17445 88.5013 80.892 38.0275 73.5007 33.8295
internal_count=158251 137796 20455 14017 131779 6017 7576 1716 96721 87090 4860 5860 5240 6441 6040 401 5723 1572 620 6438 2037 82230 35058 822 432 4401 4326 9631 4183 8627
is_linear=0
shrinkage=0.03


Tree=25
num_leaves=31
num_cat=0
split_feature=59 32 69 60 53 14 7 38 44 69 10 20 52 71 53 44 53 53 31 72 45 36 50 41 10 30 47 42 20 67
split_gain=51.5662 9.68797 6.13155 5.70305 4.79448 4.42808 3.85327 3.75198 3.50501 3.30546 3.19987 3.18966 3.18636 3.1532 3.27901 3.07018 3.05193 4.63593 3.03095 2.81566 2.67398 2.6037 2.09292 1.82423 1.81294 1.91042 1.73986 1.70537 1.65595 1.61918
threshold=0.90179360784418805 0.2254793195320737 -2.3446232655665509 0.98581558827635496 0.019447970887333878 0.32969383510515987 0.0097782455777529597 0.82790996120212113 0.095771511722383088 1.2915350115504582 2.2929257446121047 0.042279179373856675 0.45531833985223819 0.2820550939569354 0.018097691933190219 0.077141816382879549 0.014884105562848001 0.012817838201482771 -0.02331638838373495 3.2859724147737244 0.017937755590757574 0.2157607010426249 -0.0249998814624624 0.0089214609204032475 0.42018180996358395 0.7120279615070646 -0.022691909509444438 0.012244993117291105 0.051041658498896976 -0.63562327266872964
decision_type=10 8 8 10 10 10 10 10 10 10 10 10 2 10 10 10 10 10 10 10 10 10 10 8 8 10 10 8 8 10
left_child=1 4 7 9 13 11 -5 29 -7 18 21 23 -8 14 15 -1 17 -9 26 -14 -20 -11 24 -3 -6 -26 -4 -16 -13 -2
right_child=2 5 3 6 22 8 12 16 -10 10 -12 28 19 -15 27 -17 -18 -19 20 -21 -22 -23 -24 -25 25 -27 -28 -29 -30 -31
leaf_value=-0.0093448618656121665 0.026513676701066486 -0.0091056176217250914 0.0039900017035035644 -0.0061409866222839147 0.020456056617395534 -0.0023232063898348254 0.00039258120322646959 0.012721101302616056 0.01879696009876921 0.012243591320862652 -0.010670227942087208 0.023098218670006009 0.018020232576880138 -0.0022559858729833773 0.011425669631407518 -0.0018120457194085245 0.014194129746938211 -0.012325359358159343 0.0044284266827596015 0.0059577224296250095 -0.01155145676990035 0.0032050998072479468 -0.018270603166483029 0.0011470134406041891 -0.013700966547035103 0.011659488142029519 -0.0050858901477837991 -0.0062923647173740438 0.0026478624659940298 0.013141685917204741
leaf_weight=305.59437294024974 19.726991655305028 31.957388220820576 24.567922784946859 10.204972679028286 1.2557860710658113 9.7555773220956343 17.185215005185455 11.955052359960975 21.095537680666894 71.529283592477441 7.3317124582827082 5.0918923130957392 65.218540312722325 144.81597503600642 11.400843887473455 59.765310694812797 28.200429879128933 12.664782692678271 200.12325262487866 26.588788775727153 8.850932253058998 50.747253437759355 44.982030311366543 28.436787516344339 11.103632294980342 2.4778472827747455 71.49315185949672 7.013069253414872 10.302506041130981 22.342759175226092
leaf_count=77614 141 4066 1017 335 150 1103 291 128 715 1255 143 188 858 22226 2226 15305 283 177 5394 374 313 1256 10995 2791 2605 388 3065 1838 429 184
internal_value=0.000158246 -0.00551325 0.00623843 0.00500528 -0.00702083 0.00276522 0.010807 0.0132774 0.012161 0.00338617 0.0073883 -0.00112899 0.0124625 -0.00607807 -0.00750292 -0.00812915 0.00763381 -2.42322e-05 0.0016573 0.0146609 0.00368553 0.0085732 -0.0150652 -0.00428922 -0.00461804 -0.00838609 -0.0027166 0.00454657 0.0105914 0.0199516
internal_weight=1343.78 695.049 648.731 553.841 588.409 106.64 119.198 94.89 30.8511 434.644 129.608 75.7886 108.993 528.59 383.774 365.36 52.8203 24.6198 305.035 91.8073 208.974 122.277 59.8193 60.3942 14.8373 13.5815 96.0611 18.4139 15.3944 42.0698
internal_count=157853 142639 15214 14301 133347 9292 1858 913 1818 12443 2654 7474 1523 119209 96983 92919 588 305 9789 1232 5707 2511 14138 6857 3143 2993 4082 4064 617 325
is_linear=0
shrinkage=0.03


Tree=26
num_leaves=31
num_cat=0
split_feature=59 59 32 53 63 17 75 6 72 53 3 69 42 44 2 50 44 69 40 60 69 59 6 59 10 7 26 40 57 54
split_gain=43.1322 8.87092 8.4397 4.36844 4.14795 5.17319 3.16812 3.11896 3.10036 3.08788 3.01438 3.53484 2.84986 3.54042 2.63253 3.5253 3.0134 2.45687 3.723 2.39841 4.93102 2.37669 2.32087 2.257 2.23589 4.21972 2.15511 2.14671 1.78586 1.89569
threshold=0.89379644373673051 0.97481634163099218 0.2254793195320737 0.019447970887333878 0.080881963450163338 -0.065913861398970403 -0.46715328362217373 0.010887495475095906 3.2859724147737244 0.017635968509871418 0.033228404829350529 0.3649286165665912 0.017838899467839234 0.057719583043885588 0.060126527085975885 0.034323193447608154 0.074697451810853868 2.2046456638681273 -0.0029178608819626591 0.97486908239256875 -2.3446232655665509 0.78835933789197288 0.030498608767105178 0.55566824430921813 1.9912009583667556 0.015104631379714654 0.83690850299971686 0.013296021007864615 0.89772703015399336 0.58885453227219042
decision_type=8 10 8 10 10 2 10 10 10 10 10 10 10 10 10 8 8 10 10 10 8 8 10 8 10 10 8 10 8 10
left_child=2 10 3 9 8 24 21 -5 19 12 11 14 23 -14 16 -16 -2 18 -7 20 -3 -4 26 -1 25 -6 -13 -9 -8 -30
right_child=1 4 6 7 5 17 28 27 -10 -11 -12 22 13 -15 15 -17 -18 -19 -20 -21 -22 -23 -24 -25 -26 -27 -28 -29 29 -31
leaf_value=-0.010138078337419336 0.0032994861652035821 0.01938294240415675 0.026499712778798687 0.015683455520744915 0.0012496196538303694 0.016603222158985236 -0.0089959783774389152 -0.018265297635784244 0.0018369082907362709 0.002556724053550806 -0.001521312528459219 0.012023289831838488 -0.0065849864410251115 0.0036569048665081819 0.00018775065632783443 0.023846020419533185 -0.0043548162352419545 0.0152390749989242 -0.0015748994632989884 0.01888721341114466 0.0045998828473810755 0.0016317578852763238 0.018968481711418753 -0.0050752021135741779 0.0047659821105528778 -0.024908501755844598 0.00051351927046224151 0.00067982038253148233 -0.0021191607592865253 0.01547420375360048
leaf_weight=201.64080547646154 155.3399866662221 33.286036796867847 8.7528037291485781 2.0289045146200797 11.207953149685638 13.651403599884359 10.187261386890897 48.984104110742919 23.520563954487443 34.206264373846352 130.20683778938837 29.110680268146098 80.112800210132264 47.345726092054974 12.085642436170017 10.154677790589632 64.58451300044544 30.526030402164906 31.680999704636633 54.64004112360999 53.75372676900588 5.9928214855026463 17.344689527060837 141.5147991507547 11.449260624125598 9.4503062870353443 29.79092667310033 5.6138983374694353 11.44992272090167 8.8748545662965608
leaf_count=51031 4279 241 224 242 277 237 2193 12576 239 7302 6656 648 18740 11083 335 227 4273 416 786 523 894 227 324 30130 186 204 798 1170 1116 289
internal_value=-3.8049e-05 0.0049126 -0.00593106 -0.00693927 0.0091691 0.00449228 0.00639113 -0.0148364 0.0121621 -0.00601992 0.00229949 0.00387118 -0.00665377 -0.00275833 0.00206315 0.0116802 0.00102856 0.00874619 0.00407471 0.0138303 0.0104433 0.0173291 0.00947375 -0.00807972 -0.00542817 -0.0111757 0.00635778 -0.0162862 0.000627753 0.00578773
internal_weight=1328.49 721.784 606.705 561.447 273.166 107.966 45.2577 56.6269 165.2 504.82 448.618 318.411 470.614 127.459 242.165 22.2403 219.924 75.8584 45.3324 141.68 87.0398 14.7456 76.2463 343.156 32.1075 20.6583 58.9016 54.598 30.512 20.3248
internal_count=157866 21543 136323 132274 4003 2106 4049 13988 1897 118286 17540 10884 110984 29823 9114 562 8552 1439 1023 1658 1135 451 1770 81161 667 481 1446 13746 3598 1405
is_linear=0
shrinkage=0.03


Tree=27
num_leaves=31
num_cat=0
split_feature=59 69 59 63 63 53 57 25 53 44 78 9 7 57 44 3 2 44 47 57 40 57 41 41 2 69 45 55 28 60
split_gain=40.5834 8.1698 5.95255 4.27773 3.78977 3.76281 3.66192 3.53081 3.23663 3.19494 3.1293 3.82287 4.28705 2.60205 2.55984 2.07914 3.57323 3.15259 2.0738 1.53263 1.52586 1.36929 1.35919 3.2043 1.19117 1.14093 1.09151 0.984119 1.19053 0.982479
threshold=0.89016505466778817 1.6493751801400169 0.95557904627672086 0.20041111054775307 0.23632527809743001 0.019447970887333878 0.0085745007398149112 -0.056066959108718555 0.018097691933190219 0.1557699926064621 1.9636736952257201 2.9502547703398938 0.016952520473744487 0.029258130170071891 0.074067940574290794 0.036556895885416114 0.060126527085975885 0.064480327285599839 -0.0023130323703834939 0.97080288796103009 -6.6522198287444079e-05 0.69077660299386723 0.030116918800226381 0.024689277196043195 0.069200514135573057 -1.0000000180025095e-35 0.0054444848819808498 0.62262139437582986 -0.086335560486379012 0.86708213610830687
decision_type=8 10 10 10 10 10 8 10 10 10 10 10 10 10 10 10 10 8 10 10 8 10 10 10 8 8 8 10 10 10
left_child=1 4 15 -3 25 8 7 -4 14 -5 11 12 -8 -13 -6 16 17 21 -10 -19 -12 -2 23 -7 -18 -1 -17 -28 -29 -22
right_child=2 3 6 9 5 22 10 -9 18 -11 20 13 -14 -15 -16 26 24 19 -20 -21 29 -23 -24 -25 -26 -27 27 28 -30 -31
leaf_value=-0.0038709429989412661 0.0025795502461550698 0.026769327686806187 0.018029077901838289 -0.0028469596552432152 -0.0090437680672487836 -0.015793633594970977 0.0011398839378865193 0.004093012813890815 0.01182115643716593 0.019618925296212276 -0.015426026487785464 6.0399511407738276e-05 0.0088835268195132534 0.016141971344875782 -0.0025198415311995705 0.0015007277792087332 0.023324784926745661 -0.004310656423324853 -0.0079891322155110651 0.013592890801351292 0.007887601061705567 0.0095838403852319381 -0.025715903562114003 0.010015104100735656 0.0081702877230188445 0.0025686154209547747 0.003757390080098429 -0.013812612530238442 -0.0029294245671174948 -0.0077519058347444636
leaf_weight=106.25039292185102 101.62026118987706 7.1741954904282457 47.064529411494732 24.49441013799515 283.36417503026314 32.077064843149856 138.40745560126379 26.860819479916245 12.165718838630712 6.3094895593821994 7.4245242462493479 11.516114216297863 121.49543402413838 49.189396580681205 69.725329266162589 34.095558094675653 7.46371624909807 70.289671798353083 6.4079025280661872 3.5481592770665875 7.1195057525765169 33.907910204492509 11.070658071083015 4.1417276426218441 17.254847934702415 30.844654105254449 7.7326303699519476 14.9004722306272 24.870682258508168 5.4564900207333267
leaf_count=22085 3294 113 341 4089 71976 8273 3054 271 2391 108 234 168 1891 634 17280 2025 155 4757 1591 66 195 938 2712 791 463 4590 326 1288 1904 163
internal_value=-3.12981e-05 -0.00585106 0.00470045 0.00743085 -0.00677531 -0.00819333 0.00706233 0.0131277 -0.00712839 0.00213253 0.00570257 0.00642711 0.00479144 0.0131903 -0.0077747 0.00157701 0.0030174 0.00169601 0.00477435 -0.00324011 -0.00552194 0.00441129 -0.0161799 -0.0125719 0.0135918 -0.00239229 -0.00250526 -0.00541404 -0.00731923 0.000809762
internal_weight=1324.24 594.026 730.218 37.9781 556.048 418.953 414.534 73.9253 371.663 30.8039 340.609 320.608 259.903 60.7055 353.09 315.684 234.085 209.366 18.5736 73.8378 20.0005 135.528 47.2895 36.2188 24.7186 137.095 81.5993 47.5038 39.7712 12.576
internal_count=158166 135999 22167 4310 131689 105014 6951 612 93238 4197 6339 5747 4945 802 89256 15216 9673 9055 3982 4823 592 4232 11776 9064 618 26675 5543 3518 3192 358
is_linear=0
shrinkage=0.03


Tree=28
num_leaves=31
num_cat=0
split_feature=59 57 32 53 60 32 7 50 53 6 47 6 48 52 53 14 50 40 57 6 70 39 37 4 46 14 56 77 57 53
split_gain=37.5692 6.83079 6.44535 4.04059 3.94711 3.66267 3.55561 3.00141 3.21566 2.98048 2.9761 2.93586 2.73726 3.65646 3.46351 2.70841 2.48674 2.44256 2.06779 2.68452 2.10637 2.80546 2.30039 2.04245 2.03629 1.97666 2.60098 1.46341 1.25208 1.198
threshold=0.90179360784418805 0.012806844896397137 0.28034760572583078 0.019447970887333878 0.94050188118250755 -0.13123888679830278 0.008480215782309888 -0.040003385804206197 0.019447970887333878 0.017390490731259371 -0.0030795278203686323 0.010996594639686101 -0.00012101782438578289 0.61049359953642746 0.018097691933190219 -0.35275345043080281 -0.0014540514683362702 0.008381567608063965 0.98274000148953611 0.041033116837099537 2.8403293471190332 -0.019668369774533342 -0.48027528206233688 0.20539818552186787 0.012488511374567855 0.28607029863116068 0.85898826408587803 0.30891676350545433 0.53620104841196436 0.017784369646342692
decision_type=8 8 10 10 10 10 10 10 10 10 10 10 10 2 10 10 10 10 10 10 10 8 10 10 8 8 10 10 8 10
left_child=2 5 3 9 18 15 28 24 -9 12 16 -5 14 -14 -1 -2 -7 -13 20 23 21 -3 -22 -20 -8 -4 -27 -11 -6 -29
right_child=1 4 25 11 6 10 7 8 -10 27 -12 17 13 -15 -16 -17 -18 -19 19 -21 22 -23 -24 -25 -26 26 -28 29 -30 -31
leaf_value=-0.0086690664132416193 0.020536339656830577 0.0056115639403052885 -0.0056455004366496274 0.014974964230041146 -0.018080156230099315 0.0082268651810853029 -0.016650047918597675 0.0066640149625202651 0.018228165898496289 4.6010661245669068e-05 0.014005783561911496 -0.017175538466752956 0.019714357981100272 -0.0036276648117988981 0.0085779394733392668 0.0064816552068758474 -0.0098755940273396788 0 0.020099160795477366 -0.0058613044034665409 0.0034855474020421928 -0.0010747594037683261 -0.01161680576180766 0.0049882230721829445 0.0052234831460072489 0.029280656305605189 0.0056584392237394813 -0.0083779862706131261 -0.0010064044571638036 0.0063127020846919374
leaf_weight=286.3323055615183 42.650811879429966 85.37157322501298 6.0829768848489039 2.2693761999253175 4.6218692013062563 11.269489941187205 6.8438996422337341 199.77258133492433 24.309469007654116 112.76780046406202 17.019534909632057 51.203125793486834 5.5200808892259365 78.480277424561791 9.9355372489662823 19.930538672953844 14.287559233140199 8.5560792285250482 12.811603039503096 10.386575764510779 13.147081086295655 161.07251608965453 24.383869027951732 23.433833292452618 6.4893423160538086 5.2710813961457523 16.232708570081741 36.27508234186098 14.180168443359433 4.7868508347892194
leaf_count=73504 307 3632 916 277 229 138 186 3736 544 16124 206 12579 1479 19733 1892 267 232 1692 184 195 473 8026 788 538 159 110 948 7427 497 1042
internal_value=-0.000143484 0.00466389 -0.00548078 -0.00614286 0.00338291 0.0116848 0.00617336 0.00717578 0.00800729 -0.0052727 0.0046434 -0.0133852 -0.0066984 -0.00184456 -0.00805367 0.0162798 -0.00177107 -0.0147403 0.0011992 0.0069857 0.000217287 0.00124267 -0.00629544 0.0108062 -0.00617312 0.00843553 0.0126259 -0.00170849 -0.00605603 -0.00648471
internal_weight=1315.7 691.982 623.713 596.127 586.824 105.158 256.217 237.415 224.082 534.098 42.5766 62.0286 380.268 84.0004 296.268 62.5814 25.557 59.7592 330.607 46.632 283.975 246.444 37.531 36.2454 13.3332 27.5868 21.5038 153.83 18.802 41.0619
internal_count=158060 20337 137723 135749 19187 1150 5351 4625 4280 121201 576 14548 96608 21212 75396 574 370 14271 13836 917 12919 11658 1261 722 345 1974 1058 24593 726 8469
is_linear=0
shrinkage=0.03


Tree=29
num_leaves=31
num_cat=0
split_feature=59 32 69 7 60 53 57 78 54 8 53 78 39 78 53 10 41 41 21 5 50 14 63 70 46 56 37 69 14 47
split_gain=38.0091 7.09974 6.46513 5.3702 5.05545 4.08602 3.95581 3.66301 3.13187 2.91927 3.51545 5.09856 2.7607 2.61435 2.45587 2.34389 2.308 3.44702 2.74446 2.19569 2.05376 2.05306 1.93899 1.8774 1.74536 1.58434 1.48585 1.45541 1.46955 1.44622
threshold=0.89016505466778817 0.28034760572583078 -2.3446232655665509 0.011961857633773986 0.97870072131742514 0.019447970887333878 0.98578678738105852 0.11370342544567964 0.48188441906777596 0.032144996316424375 0.015337657944723795 -0.14485314009264785 -0.0081867573609452054 -1.7662758602732691 0.018097691933190219 0.40844085434244631 0.0083482291346139732 0.010649598244185212 -0.084556372456247073 0.034799663572697509 -0.039429551017216284 0.24998206043859375 0.14040715040669091 1.6541947705853748 0.0088522806678255021 0.85898826408587803 -0.93751664913242894 1.0948785235165206 0.56483975878837844 -0.0023130323703834939
decision_type=8 10 8 10 8 10 10 10 10 10 10 10 8 10 10 10 10 10 10 10 10 10 10 10 10 10 8 10 10 10
left_child=1 5 9 12 6 14 13 23 -9 10 11 -2 24 -5 16 20 18 -18 -1 -8 -7 -3 -17 -6 26 -23 -4 -14 -29 -16
right_child=2 21 3 4 7 15 19 8 -10 -11 -12 -13 27 -15 29 22 17 -19 -20 -21 -22 25 -24 -25 -26 -27 -28 28 -30 -31
leaf_value=0.0027651447590775115 0.019981959904544343 -0.0070134358347790941 -0.0061769831337466176 -0.014491306235505959 0.007335650650062666 0.024435470461506598 0.017850906088865862 0.011964902923453705 -0.0016666372690605973 0.024169222517797243 -0.0013211865260449979 0.0012929274053840596 -0.0054306172784307051 0.0024311783564637634 0.0085805453377935624 -0.00097828160022068707 0.0073641891935266081 -0.004721250960974868 -0.0081942102113196219 0.0021495872715570291 -0.0085762425876213435 0.026400590313731209 -0.01796027540600385 0.018118737597400573 -0.0052258398955400713 0.0074607446170513823 0.0058041372837755864 0.0068409310127107341 -0.0080982362872470803 -0.0058621916838727459
leaf_weight=21.263891685579438 35.734849736560136 4.7255573233123895 9.2908023917116207 7.4995238836854687 24.537351342383772 1.7592499882448462 22.912220012978651 27.10551051562652 31.795488758943975 14.942544722929595 19.489603814668953 21.23564243549481 82.600075155729428 223.76682828785852 16.781304917181846 7.5326584344729772 23.66119140968658 148.97886395419482 284.22480564349098 13.216975417453794 3.3574812023434779 5.3768605375662473 45.311931225587614 51.174714316031896 18.041360066621564 16.250846697483212 92.61119130323641 19.293902419041846 7.2924848371185353 8.5149884175043535
leaf_count=3534 287 797 369 252 696 136 290 376 635 112 233 291 5307 6454 3037 1305 5693 35504 70141 234 779 122 12135 710 861 925 4217 593 208 2000
internal_value=0.000123142 -0.00553467 0.00473084 0.00363199 0.00571697 -0.00625617 0.00329251 0.010451 0.00465137 0.0121645 0.00949796 0.0132099 -2.20151e-05 0.00180947 -0.00535721 -0.0137899 -0.00584208 -0.00301473 -0.00741505 0.0124004 0.00442275 0.00939198 -0.0156584 0.0148044 0.0030945 0.0132606 0.00463321 -0.0034698 0.00248944 0.00356684
internal_weight=1310.28 587.74 722.541 631.138 402.009 561.386 267.396 134.613 58.901 91.4026 76.4601 56.9705 229.13 231.266 503.425 57.9613 478.129 172.64 305.489 36.1292 5.11673 26.3533 52.8446 75.7121 119.943 21.6277 101.902 109.186 26.5864 25.2963
internal_count=158233 136108 22125 21202 9647 134264 7230 2417 1011 923 811 578 11555 6706 119909 14355 114872 41197 73675 524 915 1844 13440 1406 5447 1047 4586 6108 801 5037
is_linear=0
shrinkage=0.03


Tree=30
num_leaves=31
num_cat=0
split_feature=59 32 59 53 69 7 57 44 14 37 30 67 32 37 10 53 42 48 53 28 55 69 48 46 48 77 20 76 52 55
split_gain=32.0508 7.22566 4.78691 4.04981 3.63161 4.1683 3.29793 3.16405 3.48825 3.02577 2.91522 3.39085 2.61416 2.45199 2.22316 2.19256 2.74834 3.6531 2.36309 1.87356 1.831 2.49618 1.72787 1.4966 2.05903 1.93912 1.36049 2.22806 1.75409 1.34396
threshold=0.89016505466778817 0.23307903185234982 0.95557904627672086 0.019447970887333878 -2.1360657191067025 0.011961857633773986 0.91354117830911086 0.095771511722383088 0.34385078347061077 0.58008045740337433 0.71945286242851225 -0.96143580258302352 -0.010737497771970304 -0.059326782945793237 0.35678226452256001 0.018097691933190219 0.017838899467839234 -0.048325089004320303 0.010900370295388781 -0.18927559901860444 0.71044447296372359 1.3267011379244551 -0.066896230549587418 0.0078665273584659929 -1.0000000180025095e-35 -1.3892544811944811 0.047668294155432785 -0.6745153858970635 0.727952602952603 0.48747384937238497
decision_type=8 10 10 10 8 10 10 10 8 10 10 10 10 10 10 10 10 10 10 10 8 10 8 10 10 10 8 10 2 10
left_child=1 3 20 15 10 -6 12 -3 -9 -8 11 -4 -7 -13 22 16 18 -18 -1 -16 21 23 -5 24 -2 -25 28 -28 -22 -10
right_child=2 7 4 14 5 6 9 8 29 -11 -12 13 -14 -15 19 -17 17 -19 -20 -21 26 -23 -24 25 -26 -27 27 -29 -30 -31
leaf_value=0.0026263377957618278 0.0011841479814260656 -0.0062768775662958576 0.022519304090846664 0.022718439099009152 -0.0011413460699366293 0.0077336430179385709 0.0072226574188532823 -0.0027636802274992678 0.026111156187258872 0.019345862618013462 0.0020149190013851624 0.015158490504850769 -0.0001070081342394513 0.00070148627309183059 -0.0043325088396730799 0.0032714071470387133 -0.017122960802187032 -0.00015880453964175971 -0.0077506996553700922 -0.018792762559431665 -0.0084111563487584001 0.011263876340957796 -0.0099792054751601522 0.0099216570401837907 -0.0095087358504963269 0.00082357257247511707 0.010427124272963408 -0.0058449347234869574 0.0023183157397868252 0.0089961778090872063
leaf_weight=20.143104227492586 90.935364583041519 11.203615791106129 28.431414010003209 1.7949617470148949 79.082543521071784 78.769086407730356 59.375796443782747 9.557761362288149 10.230352145386862 28.587581919971853 23.120571278035641 23.154797546565533 72.085115221096203 19.74523270688951 11.780013938550836 24.838610763777979 11.737351359101011 114.81540486041922 316.64603532210458 38.304803959093988 39.409896878409199 27.003942970186472 2.0321437214734028 34.984752242919058 18.62926018203143 53.363984962576069 15.593940783408472 12.816854700329712 19.642649546149187 10.207110250368713
leaf_count=4566 4468 1529 211 172 2153 1387 754 1365 196 301 272 188 1540 223 2800 4909 2709 27848 78207 10496 3632 607 516 898 643 2013 776 852 1274 435
internal_value=2.97944e-05 -0.0051976 0.00424249 -0.0061227 0.00636318 0.00478568 0.00675745 0.00676037 0.0117721 0.0113695 0.0115354 0.0145093 0.00399123 0.00874038 -0.0139091 -0.00523 -0.00569827 -0.0018776 -0.00711524 -0.0156018 0.00142217 0.00285702 0.00626437 0.00164402 -0.000676386 0.00453057 -0.0022243 0.00303523 -0.00481308 0.0185217
internal_weight=1308.02 583.291 724.733 542.092 412.352 317.9 238.818 41.1988 29.9952 87.9634 94.452 71.3314 150.854 42.9 53.9119 488.181 463.342 126.553 336.789 50.0848 312.381 224.917 3.82711 197.913 109.565 88.3487 87.4633 28.4108 59.0525 20.4375
internal_count=157940 135748 22192 132223 7029 6135 3982 3525 1996 1055 894 622 2927 411 13984 118239 113330 30557 82773 13296 15163 8629 688 8022 5111 2911 6534 1628 4906 631
is_linear=0
shrinkage=0.03


Tree=31
num_leaves=31
num_cat=0
split_feature=59 32 59 26 50 20 58 66 76 18 7 63 46 45 45 46 57 28 44 34 77 45 46 8 27 51 30 29 57 7
split_gain=34.4348 5.66269 4.79338 3.07171 3.06924 3.6084 3.01128 3.87143 3.07885 2.7522 2.70782 2.68807 2.54699 3.37442 6.18261 4.18851 2.32528 2.23836 1.88512 1.82821 1.79418 1.77245 2.51712 1.85807 1.72896 1.67246 1.6071 1.55258 1.46287 1.42951
threshold=0.90179360784418805 0.2254793195320737 0.95557904627672086 0.52701680270403817 0.040238398363583568 0.043443245766275902 0.90589410546671123 0.49895397031726657 -0.14078690708492639 38.13775915359804 0.013029329302862873 0.23632527809743001 0.0071080236035789548 0.0053649433499116618 0.0045304011523761368 0.005799110011828537 0.67492267975359777 -0.069282883163214501 0.16428366975657974 0.0041261621807987085 -0.84622633770017586 0.017937755590757574 0.01404985681647313 0.017426723691070109 -0.026350947614699468 0.37118932790584497 0.86934207321895041 2.0093811384430844 0.94031386278484141 0.0089796567813396986
decision_type=10 8 10 10 10 10 10 10 10 10 10 10 10 10 10 10 8 8 10 10 10 10 10 10 10 2 10 10 10 8
left_child=1 11 26 9 5 -3 8 25 19 -4 -9 -1 13 14 -13 -15 -6 -18 -19 -5 -10 22 -14 -23 -11 -8 27 28 -2 -7
right_child=2 4 3 6 16 29 7 10 20 24 -12 12 21 15 -16 -17 17 18 -20 -21 -22 23 -24 -25 -26 -27 -28 -29 -30 -31
leaf_value=-0.0021982115007935714 0.0023327925829457682 -0.0046673947140331799 -0.013727785842902638 0.0094725763360478093 -0.010055569944991452 -0.0026175969863415582 0.0056089179703789679 -0.003373166407329872 0.0054439913273843683 0.0077517176365635094 0.0074350483386213034 -0.0023024810558604368 -0.0087414512315376319 -0.012752066747053684 -0.017051172994021469 0.0050860677823319714 0.026973434998287804 -0.0019298179620489925 0.018358480117890538 -0.0039132206677605624 -0.013204980126263652 0.010205362006363315 -0.021576028241565976 -0.008964317663525425 -0.0077245663322679714 0.014182863849846209 -0.013269474252591529 -0.0022093734858469579 0.010842572731132521 0.015636930001689427
leaf_weight=145.90144626027904 138.11493226641323 59.579445132229012 9.9016628414392454 35.968300006701611 3.3312163371592787 4.6979257086059105 28.32430778676644 23.694085639435798 5.7996584204956916 23.512005585012957 132.94608293403871 76.966920284903608 210.93318513652775 14.194885859498752 38.061966851120815 52.413900006737094 7.2588769122958183 9.173388819908725 5.9470381308346978 11.228642782894893 13.960356291616334 8.0088986493647116 14.761598755838348 8.1670035356655699 7.7737549189478186 121.31587539426982 5.3654743060469618 56.773807860445231 20.522164824884385 12.396032745135015
leaf_count=27175 4282 6905 215 790 629 221 397 583 111 409 2062 19216 53675 3560 9077 13044 132 839 224 285 408 1980 3782 2287 195 1551 235 3272 420 368
internal_value=0.00013719 -0.00459215 0.00514305 0.00704398 0.00186617 -0.0011354 0.0079005 0.00916058 0.00204244 -0.000649933 0.00577009 -0.0057599 -0.00697179 -0.00421966 -0.00731343 0.00110785 0.0106371 0.0141439 0.00650754 0.00621059 -0.00758833 -0.00900032 -0.00968561 0.000393757 0.00369317 0.0126279 0.00154557 0.00198806 0.00351348 0.0105868
internal_weight=1306.99 671.794 635.201 414.425 102.384 76.6734 373.237 306.28 66.957 41.1874 156.64 569.41 423.508 181.638 115.029 66.6088 25.7105 22.3793 15.1204 47.1969 19.76 241.871 225.695 16.1759 31.2858 149.64 220.776 215.411 158.637 17.094
internal_count=158329 143114 15215 7006 9318 7494 6187 4593 1594 819 2645 133796 106621 44897 28293 16604 1824 1195 1063 1075 519 61724 57457 4267 604 1948 8209 7974 4702 589
is_linear=0
shrinkage=0.03


Tree=32
num_leaves=31
num_cat=0
split_feature=71 63 8 44 53 53 71 19 17 52 53 72 36 78 69 47 44 50 6 54 41 44 32 42 53 54 53 53 6 42
split_gain=28.1875 7.07379 4.47423 3.9925 3.65332 3.82533 3.38893 3.70746 4.25972 3.10556 2.99812 2.82853 2.57673 2.39794 2.33205 2.64927 2.79622 2.2 2.43726 2.12868 1.88978 1.86521 2.35864 2.66742 1.99368 1.81886 1.77999 1.75722 1.74403 2.36016
threshold=0.64763214713659634 0.12850998119923682 0.0092515719216232084 0.074067940574290794 0.019656345392460046 0.01719405553756265 2.6145959405166943 -1.127461044052158 -0.025195295310890872 0.23099646237003255 0.010900370295388781 -1.2294053513963665 -0.086351316267179332 0.3032673237306413 1.5860133112543762 -0.0025932675702812764 0.079007416911976783 0.049195567492122512 0.030498608767105178 0.71095035651356697 -0.021169119306381098 0.085623198180254559 0.23307903185234982 0.017939101984861931 0.013708592338092036 0.50772692064058722 0.013665193276155651 0.020587870294827216 0.012847994523436384 0.017636487753423861
decision_type=8 8 10 10 10 10 8 10 2 2 10 10 10 8 8 10 10 10 10 8 10 10 10 10 10 10 10 10 10 10
left_child=3 2 -2 4 5 10 9 13 -9 -4 25 27 -11 -8 17 -16 -17 18 -3 -12 -6 24 23 -23 -13 -1 -20 -5 29 -7
right_child=1 14 6 11 20 28 7 8 -10 12 19 21 -14 -15 15 16 -18 -19 26 -21 -22 22 -24 -25 -26 -27 -28 -29 -30 -31
leaf_value=-0.0033733273245933277 -0.00052737407836686795 -0.0027544501332525478 -0.0095457474966932077 0.003468177677868849 0.00021510901492348121 0.020162092519409154 0.022815700347372316 -0.0038752467489346757 0.010845506144386979 0.0038646179993645411 -0.0085012113110644136 -0.0066673352407163634 0.012045746952629739 0.0079862763921649069 0.00059515108290338146 0.012045849670742828 -0.0039881111505809426 -0.011290153315592393 0.013935457254215257 0.0088716670632495824 -0.020427128374896613 -0.013775169110329687 0.003489203796040446 -0.00034986802330661231 0.0088949856585609065 0.014040496698205528 0.0012828788353677397 0.025306904738010002 -0.0013053422625863872 -0.0088528990861920145
leaf_weight=12.611426485818813 72.592466849775519 132.09536552854115 11.39078392437659 11.431252438924274 4.3717814185656634 7.8431522013852355 31.361259620636702 21.920544693013653 77.589947914239019 142.95336148986826 279.73294559668284 10.288569429423662 46.476785854552872 17.35587818454951 126.35382461757399 42.49474663217552 11.766621746588497 18.359373437939212 13.393457329832016 5.5539299811935043 24.395678271190263 32.085584262618795 19.87844234216027 23.168313721078448 20.253788532689214 7.8674892523558801 35.750323020969518 4.202634028857573 29.460601203725673 2.6988723736722022
leaf_count=3041 2965 10641 380 2525 1251 1373 273 358 873 3913 74367 2498 1029 221 7345 1200 450 1416 274 1534 6899 8846 1822 6197 5358 1818 1564 233 6824 652
internal_value=5.58243e-05 0.00353358 0.00620525 -0.00555799 -0.00708762 -0.00618294 0.00761153 0.0110668 0.00756662 0.00500413 -0.00732428 -0.000791459 0.00594033 0.0178598 0.000554445 0.00302184 0.00850534 -0.00166726 -0.0006194 -0.00812271 -0.0172875 -0.0026021 -0.0051406 -0.00830547 0.00351234 0.00351918 0.00500013 0.0106876 0.00243373 0.0123506
internal_weight=1297.7 801.855 421.641 495.844 374.536 345.768 349.049 148.228 99.5105 200.821 305.766 121.309 189.43 48.7171 380.214 180.615 54.2614 199.599 181.239 285.287 28.7675 105.675 75.1323 55.2539 30.5424 20.4789 49.1438 15.6339 40.0026 10.542
internal_count=158140 32902 10012 125238 97759 89609 7047 1725 1231 5322 80760 27479 4942 494 22890 8995 1650 13895 12479 75901 8150 24721 16865 15043 7856 4859 1838 2758 8849 2025
is_linear=0
shrinkage=0.03


Tree=33
num_leaves=31
num_cat=0
split_feature=70 66 75 57 59 6 19 51 6 76 53 44 44 52 46 0 4 69 53 68 69 53 10 42 9 9 53 78 6 0
split_gain=23.0529 4.41931 4.12792 4.09334 2.78491 2.70096 3.10186 3.71103 2.4395 2.30803 2.25932 2.52243 3.22893 3.19004 2.33313 2.22654 2.21345 2.34162 2.10266 2.15694 1.87857 1.62666 1.781 1.60093 2.45758 2.01893 1.18827 1.83685 1.04441 1.03975
threshold=0.85447327246506166 0.95914193898418276 -1.1100483584575815 0.96719734942567903 0.62286309175920518 0.030498608767105178 -1.1914507465427555 0.50919380627787603 0.070717937891513788 2.2899527088847083 0.010900370295388781 0.074067940574290794 0.085623198180254559 0.23099646237003255 0.0058836300152581992 -0.032352893925710217 -0.27280405198197283 1.714102205556042 0.013544353235365061 1.567180251303451 -2.3446232655665509 0.011079521200423185 1.6263409183197941 0.031321955870558867 2.8104613499239823 2.2462601214650788 0.011202886736087313 -1.5853547599418227 0.018510758040862201 -0.034281992027007595
decision_type=8 10 8 10 8 8 10 2 8 8 10 10 10 2 10 10 8 10 10 10 8 8 10 10 10 8 10 10 10 10
left_child=3 2 5 4 10 9 7 -7 -8 15 14 13 -13 -12 -1 -2 -3 29 26 28 -6 22 -4 24 -23 -25 -5 -28 -20 -18
right_child=1 16 21 18 20 6 8 -9 -10 -11 11 12 -14 -15 -16 -17 17 -19 19 -21 -22 23 -24 25 -26 -27 27 -29 -30 -31
leaf_value=-0.0047477056686143918 0.015795253925720391 0.0089423553709133217 0.0024186641091861662 0.010637047485671658 0.0084380712781022427 0.0069881711531086825 0.0044940753724659359 0.023257872341435303 0.015903039013095491 -0.013180895000714586 0.002136246232433278 0.0064085248872594773 -0.0062143405754226059 -0.0092932577049340739 0.017066111441184011 0.0034481769946093453 0.0044288833171532696 0.0046239470268329037 0.00017595780090294045 0.00042922857817241064 -0.0028917117504624586 0.001803279743911575 -0.02020725162772621 0.00089022243132266398 0.010681594281527153 -0.016787272551620235 -0.022829394720948575 0.00040590860428486636 0.022828733746755637 -0.011238061883634073
leaf_weight=9.7047275643562916 14.140530384727752 9.5459594833664578 5.5624125645263103 3.2330396864563218 12.794093617470933 25.948189761955291 90.901250716182403 27.629510104190558 20.651344113517553 5.6708827475085846 23.317926471703686 25.726595253217965 55.911730334977619 243.92936511116568 6.4626239193603388 122.5026468244032 3.4347636910388237 12.81659086619038 2.5398208776023266 10.660929549019782 261.19608628342394 169.73531347198877 5.1643527168780565 18.17780090298038 33.137295662541874 7.2998277670703855 3.6015117160277432 8.3312045642524009 9.992176797706632 35.511711047787685
leaf_count=2313 318 214 271 134 270 371 1455 272 297 223 5112 6513 13943 63963 1376 3480 179 461 558 847 38521 9541 215 1085 905 357 152 743 409 3305
internal_value=-0.000258032 0.00397759 0.00483664 -0.00406333 -0.00463859 0.00713449 0.00975447 0.0157057 0.00675536 0.00402668 -0.00635727 -0.00686977 -0.00217079 -0.00828058 0.00428343 0.00485318 -0.00358675 -0.00607987 0.00531853 0.010853 -0.00232299 0.00185179 -0.00901292 0.00241232 0.00331346 -0.00450414 -0.0031075 -0.00759795 0.0188117 -0.00970498
internal_weight=1285.23 607.83 546.521 677.402 639.043 307.444 165.13 53.5777 111.553 142.314 365.053 348.886 81.6383 267.247 16.1674 136.643 61.309 51.7631 38.3587 23.1929 273.99 239.077 10.7268 228.35 202.873 25.4776 15.1658 11.9327 12.532 38.9465
internal_count=157803 22949 18790 134854 132011 6416 2395 643 1752 4021 93220 89531 20456 69075 3689 3798 4159 3945 2843 1814 38791 12374 486 11888 10446 1442 1029 895 967 3484
is_linear=0
shrinkage=0.03


Tree=34
num_leaves=31
num_cat=0
split_feature=58 72 57 44 53 69 49 53 49 42 44 53 72 71 44 57 40 45 55 40 24 44 16 38 68 42 49 71 38 45
split_gain=23.1314 4.83956 4.22778 3.65165 3.84285 3.62231 3.47285 5.75962 3.48655 4.8693 3.46376 2.97744 3.07119 2.96342 2.55334 2.8335 2.48524 2.45863 2.4584 2.37989 2.22387 2.19739 2.03142 2.05573 1.98414 1.92299 2.39894 2.26539 1.89362 1.793
threshold=0.80490309009866301 2.0737793983761557 0.0043243293783250597 0.077141816382879549 0.019656345392460046 1.0948785235165206 0.0024380458441615187 0.01935745309250168 0.025881013748611851 0.0086435410758919379 0.013191512427173204 0.017251242930206453 -0.52646722089909448 0.043642118929555648 0.084656320395306919 0.9095668413226653 0.0089453100277865922 0.018619033743462497 0.49150739271547067 0.0096357715067719799 -0.37233875921849252 -0.045709846935057356 0.10814953440398146 0.78690472156123348 -0.34400255725714296 0.017636487753423861 0.01693935753421261 -0.28783079158945996 0.9091493727578267 0.0055173859025404292
decision_type=10 10 8 8 10 10 10 10 10 10 10 10 10 10 8 10 8 10 10 10 8 8 10 10 10 8 8 8 8 10
left_child=3 2 20 4 11 22 10 8 9 -8 21 13 -13 17 29 25 -6 -1 -17 24 -2 -3 23 -4 -7 27 -27 -16 -10 -5
right_child=1 6 5 14 16 19 7 -9 28 -11 -12 12 -14 -15 15 18 -18 -19 -20 -21 -22 -23 -24 -25 -26 26 -28 -29 -30 -31
leaf_value=-0.0081120731982213898 0.020851887476113048 0.013536471691478308 0.0050693700560997578 -0.0012881386665579717 -0.019530532666932908 -0.0096552382499920392 -0.0056708469492821123 0.01860736374353605 -0.020800444898352911 0.0086766450020495118 0.018896892381502522 0.012230094565936619 -0.0039833151142798307 -0.0020266913273127912 -0.01456514224761012 0.018895101457036562 0.0027125823847013999 0.014330895580965938 -0.0012377775935586116 0.016936712756700348 0.0039987068177377199 -0.00211594425992867 -0.0083809708275461216 -0.0009049725417128588 0.0052208918662515463 0.016694342514294459 -0.0019476127928095277 -0.0027751071379489866 0 0.015564583228133642
leaf_weight=239.96425715112127 14.719959348090923 13.806135169928892 65.062886848929338 8.8016064817784372 25.635184937040322 7.7099926009541369 30.567257218295708 21.260843401541933 7.495985949179155 64.01891947700642 39.12050630885642 16.663915194803849 24.775275432912167 127.86648803442949 23.106535894447006 9.0688354494050163 4.8974848426878479 3.5018865172751239 11.113540920079684 14.168277446413411 14.792460249853322 16.654175868490714 24.824582319590263 238.4011437225854 102.48348093032837 6.1219977190485224 47.242827042238787 41.198866310762241 7.7542175697162756 13.006843167822806
leaf_count=62807 126 224 2350 1832 6961 211 608 345 171 1186 618 2699 5363 18783 6300 357 1129 906 998 191 190 315 2354 17413 4158 1429 8350 6387 162 3082
internal_value=-4.23159e-05 0.00373392 0.00208797 -0.00432286 -0.00572179 0.00134882 0.00764374 0.00467349 0.00180571 0.00399779 0.013052 -0.00492546 0.00260043 -0.0057781 -0.000408563 -0.00195189 -0.0158947 -0.00771969 0.00813213 0.00568818 0.0129108 0.00508792 -0.000298186 0.00037852 0.00407559 -0.0037607 0.000403546 -0.00721566 -0.0110149 0.00887324
internal_weight=1285.81 682.841 482.163 602.966 443.304 452.65 200.678 131.097 109.836 94.5862 69.5808 412.772 41.4392 371.333 159.661 137.853 30.5327 243.466 20.1824 124.362 29.5124 30.4603 328.289 303.464 110.193 117.67 53.3648 64.3054 15.2502 21.8084
internal_count=158005 30622 26993 127383 98648 26677 3629 2472 2127 1794 1157 90558 8062 82496 28735 23821 8090 63713 1355 4560 316 539 22117 19763 4369 22466 9779 12687 333 4914
is_linear=0
shrinkage=0.03


Tree=35
num_leaves=31
num_cat=0
split_feature=6 63 57 50 58 57 57 37 60 72 50 17 57 60 43 43 21 41 72 52 42 48 53 46 46 40 1 50 67 48
split_gain=19.7468 5.68926 4.42731 4.21873 4.14424 3.57553 3.02421 2.81627 2.52482 3.80332 2.36224 3.28055 2.35042 2.28741 2.28466 2.34632 2.22121 1.90071 1.75882 2.35574 2.04145 2.11691 2.10198 1.91023 2.41485 1.73854 1.48935 1.47238 1.16217 0.898527
threshold=0.02042644183907218 0.1323369911956106 0.91354117830911086 0.058779712677423109 0.97870072131742514 0.0085745007398149112 0.9095668413226653 -0.70946801856425068 0.97870072131742514 3.2859724147737244 0.031646820640931835 0.19590184258681806 0.89772703015399336 0.85929120630613187 0.014665091442149449 -0.0016647100332195517 -0.070280889995839133 0.011684012329707507 -1.0950268681424691 0.23099646237003255 0.024424182527982622 -0.053212192330729428 0.019447970887333878 0.0099375364885104286 0.0090042221378546488 -0.0034578568296695406 0.03064822220185515 0.0090400603008533604 0.85335674032932884 -0.0038235390387544306
decision_type=8 8 10 10 10 8 10 10 10 10 10 2 10 8 10 10 10 10 10 2 10 10 10 10 10 10 8 10 10 10
left_child=12 2 5 6 -4 10 13 -5 25 -10 11 -2 18 -3 15 -8 -14 -16 19 28 22 -22 -20 24 -21 -7 -15 -23 -1 -18
right_child=1 3 4 7 -6 8 14 -9 9 -11 -12 -13 16 26 17 -17 29 -19 20 23 21 27 -24 -25 -26 -27 -28 -29 -30 -31
leaf_value=0.024031240363171898 0.017648358582104236 -0.0048894274635458623 0.020640162175617052 0.011567291990622048 0.0028292074413115613 0.0053264373178299029 0.0055094857409235453 -0.018270813342177977 0.010463540482888688 -0.0072218567497816426 0.00034904669669943777 0.0012929275057860688 0.020469615650419545 -0.0011155446982208403 0.011818036442054593 -0.0062738155730754901 -0.0038687630940847325 0.0016989312431312012 -0.0065015406754632748 -0.0022908055266289513 -0.016152396744582815 -0.014762220504340009 -0.019483560973254304 -0.012620408302634702 0.016827148531110749 -0.0008239122528520905 0.0048929799711439105 0.0023628077131402736 -0.0045393617624447935 0.0040417115092882165
leaf_weight=3.7962964730104423 39.94531415682286 82.277321348141413 30.463721841573715 2.6063705140259144 20.028635270893574 56.808483221218921 33.661890831775963 15.258295945823191 61.542649351526052 12.313438184559343 17.515678744763136 15.898603784851728 3.9418322106357655 91.142030352842994 47.097247519530356 26.057629005983472 30.070084611768834 27.333718625828624 307.54893147671828 45.719338049180806 6.3914462567772707 3.9174429632257661 11.232913595507851 12.2673805616796 5.811122319486457 142.88328754506074 60.71516958612483 52.414057373069227 1.1472321806941179 20.982082644477487
leaf_count=443 387 11804 307 228 220 1880 1238 2419 880 194 232 171 171 7449 1341 839 5944 1056 74569 10623 1539 969 3126 3206 1403 5436 3079 13139 243 3385
internal_value=7.22691e-05 0.00305514 0.00557098 0.000450561 0.0138256 0.00432461 0.00116379 -0.0133761 0.00271223 0.00741783 0.0101793 0.0131494 -0.00454468 -0.000884583 0.00474113 0.00029998 0.00124656 0.0082135 -0.00525987 -0.00077915 -0.00605524 -0.0010322 -0.00702787 -0.00246695 8.73179e-05 0.000928618 0.00128344 0.000882844 0.017248 -0.000544791
internal_weight=1288.79 783.549 397.4 386.15 50.4924 346.907 368.285 17.8647 273.548 73.8561 73.3596 55.8439 505.24 234.135 134.15 59.7195 54.994 74.431 450.246 68.7414 381.505 62.7229 318.782 63.7978 51.5305 199.692 151.857 56.3315 4.94353 51.0522
internal_count=157920 39160 9707 29453 527 9180 26806 2647 8390 1074 790 558 118760 22332 4474 2077 9500 2397 109260 15918 93342 15647 77695 15232 12026 7316 10528 14108 686 9329
is_linear=0
shrinkage=0.03


Tree=36
num_leaves=31
num_cat=0
split_feature=58 78 69 57 71 60 76 38 48 50 6 57 34 31 53 52 48 72 44 69 55 44 66 30 3 71 72 14 38 46
split_gain=17.8027 6.20658 5.36538 4.13566 3.29339 3.19882 2.86755 2.79559 2.59321 2.46748 2.28337 3.20469 2.26326 2.2419 2.16222 2.23379 2.6748 2.0607 2.02752 1.81176 1.78723 2.12214 1.93996 1.72947 1.60189 1.51481 1.56373 1.35221 2.44262 1.34538
threshold=0.90185970260127835 -0.38415390979225522 1.2915350115504582 0.0043243293783250597 -0.0084552558160545365 0.98972249685231672 -0.29905107012679055 1.2773409215763476 -0.017955265721333376 0.039109424865627636 0.023573708608318592 0.18407474908232155 0.0016408459521449429 0.020595687300865365 0.019858297474099552 0.23099646237003255 -0.030513450039425735 -1.0091197160084604 0.1319346304811059 1.1190185434263544 0.65036316674467398 0.077141816382879549 0.4077166163194596 0.59413897492927226 0.06666664954964531 4.6722473133435569 2.603157250239883 -0.324590670276176 0.6808722268059878 0.0073759017087650864
decision_type=10 8 10 8 8 10 10 10 8 10 8 8 10 10 10 2 10 8 10 8 10 8 8 10 10 8 8 8 10 10
left_child=2 3 4 -2 14 6 8 10 -5 29 11 -3 -9 18 15 17 -17 -1 -11 -8 22 -22 -12 -7 27 26 -14 28 -6 -4
right_child=1 7 9 5 24 23 19 12 -10 13 20 -13 25 -15 -16 16 -18 -19 -20 -21 21 -23 -24 -25 -26 -27 -28 -29 -30 -31
leaf_value=0.017543235134797972 0.024168569585319228 -0.010997110004117652 0.0044490335480833042 0.006282815640530813 0.016789782546163076 0.0075179803091044457 0.0038811876964234592 -0.010282740956532718 -0.0093332833234590507 -0.0020761440584911904 -0.0037638786103799116 0.0034391893054397144 0.00045809992640300965 0.024691373091899844 -0.014119084942676163 -0.011139576069049062 -0.004316066743001337 -0.0023376687379464346 0.017222893414753058 0.017796502454598507 0.0041897259677352089 -0.006779952004279644 0.0079494342747080029 0.023620341200899932 -0.0065732711735625657 0.011327219561253937 -0.0139929265977207 -0.0014362678549054515 -0.0050501307307397481 -0.0040096996344197357
leaf_weight=6.0488476457539946 15.969376858323811 19.825381176138762 35.599179159034975 17.862726118415594 9.2139041259652021 13.462455547181891 20.494363934500143 22.029662506538443 18.309191743843257 12.224847863777546 12.993479070253668 39.980423753499053 57.329913584748283 7.139997045043855 27.238765874528326 68.43751781701576 226.88133746443782 12.876744478708135 6.7515566307120016 15.248083801707251 62.644332009833306 20.047715692548081 145.45788614905905 14.018172500655053 52.727266641799361 9.0495550669729692 6.5844367803074411 260.75946787314024 7.448222095728851 30.338480991544202
leaf_count=731 93 1042 3356 331 201 192 394 1450 377 1222 209 2249 3133 145 7713 18073 59131 3229 221 199 1707 980 2770 126 9450 126 143 34179 586 3873
internal_value=-0.000145055 0.00418019 -0.00304652 0.010282 -0.00397964 0.00780256 0.00430472 0.00237333 -0.00157934 0.00369901 0.00379023 -0.0013992 -0.00207704 0.0113229 -0.00604567 -0.00529378 -0.00593974 0.00442749 0.00515846 0.010222 0.00509011 0.00144518 0.00695251 0.0163782 -0.00182183 0.000465443 -0.00117705 -0.000887618 0.00712398 0.000510521
internal_weight=1274.99 511.307 763.686 115.364 671.632 99.395 71.9144 395.943 36.1719 92.0541 300.949 59.8058 94.9936 26.1164 341.483 314.244 295.319 18.9256 18.9764 35.7424 241.143 82.692 158.451 27.4806 330.149 72.9639 63.9144 277.422 16.6621 65.9377
internal_count=157631 15521 142110 1712 133293 1619 1301 13809 708 8817 8957 3291 4852 1588 88877 81164 77204 3960 1443 593 5666 2687 2979 318 44416 3402 3276 34966 787 7229
is_linear=0
shrinkage=0.03


Tree=37
num_leaves=31
num_cat=0
split_feature=70 6 69 66 43 9 33 72 7 6 6 12 69 53 69 41 52 47 53 53 53 53 52 53 71 54 33 28 7 29
split_gain=19.0531 5.73652 3.78716 3.2761 3.00567 4.02237 3.21102 2.80395 3.02971 2.65448 2.29903 2.49993 2.23164 2.90894 2.21072 1.86013 2.59077 2.89982 2.11525 2.8312 2.70918 1.91536 1.8422 1.78977 1.7707 1.76561 1.85611 1.85596 1.61331 1.59763
threshold=0.37059906374031798 0.030498608767105178 1.6493751801400169 0.95914193898418276 0.051227617896574269 1.3880112172914256 0.1648797573170078 2.4202605304444638 0.015104631379714654 0.035539605730817402 0.021007752133037936 0.057575920960712741 1.3636166535769079 0.014559210353948337 -1.3120025529689985 0.0083482291346139732 0.60809578262408459 -0.0081652386929095804 0.016926753424887551 0.015443449958978929 0.019391976598328607 0.01699657074490438 0.81706636921360853 0.014330048641292805 2.4500003928547391 0.56523834714899612 -0.10467512797499123 -0.16127442724890614 0.0094194857844852545 4.569480105994784
decision_type=8 10 10 10 10 10 10 10 10 10 8 8 10 10 8 10 2 10 10 10 10 10 2 10 10 10 8 10 10 10
left_child=2 10 9 4 7 -6 -7 14 -9 15 -2 12 13 -12 -3 18 17 -17 19 -1 -20 -18 24 -14 -13 27 -27 -5 -4 -24
right_child=1 3 28 25 5 6 -8 8 -10 -11 11 22 23 -15 -16 16 21 -19 20 -21 -22 -23 29 -25 -26 26 -28 -29 -30 -31
leaf_value=-0.0057447779601660486 -0.0025913059750998285 0.011060697095804553 0.00073983534111963535 -0.021937554515787088 0.012626598543159815 -0.012627684842419098 0.012689655001365407 0.00096916029560665553 0.016273553838567611 -0.016668679609453115 0.0051010427645553922 -0.0017265567470451189 0.0054604415679256413 -0.0024028789464742985 0.0034207785537363963 -0.00029268331818032119 -0.0019954308620049287 0.016817543481489033 0.0062875697476271215 -0.015439526314406135 -0.0089573351208507221 -0.0099628735258500845 -0.0064837496590756452 0.019245808253226093 -0.014317922963606913 0.018629789120239652 -0.0038727981087351595 0 0.014839332783918959 0.013709211500886123
leaf_weight=218.87129925034242 114.19323957944289 54.551424589590169 23.414678387576714 5.9885605580639094 12.920816339086739 20.117400489049036 4.7562697604298583 14.933172483230008 62.534674094058573 16.012479171506129 136.72664469206939 67.247658007778227 27.586931400815956 68.832675306708552 96.519814055413008 33.931844103964977 107.61525696562603 10.920846335589884 25.49112777778646 31.190400914754719 16.355656774016097 36.360357985948212 4.1979343418497583 12.85982199735008 11.096214341348967 4.1107591724721715 8.1886293302522954 7.2642053700983542 10.036488182144238 10.226647292263804
leaf_count=51422 17744 841 2534 160 361 937 138 257 683 3288 3881 5184 444 3870 2880 7297 24906 2527 5594 7311 4253 8833 357 299 298 103 345 217 671 618
internal_value=9.37875e-05 0.00318846 -0.00424594 0.00646277 0.00744973 -0.000305359 -0.00736729 0.00874103 0.0134116 -0.00490866 0.00106234 0.00230674 0.00388894 0.00257432 0.00625385 -0.00447694 -0.0021161 0.00408385 -0.00598143 -0.00702264 0.000189148 -0.00408311 -0.00185371 0.0102744 -0.00370572 -0.00360453 0.00425784 -0.0108986 0.00536519 0.00759867
internal_weight=1275.05 744.853 530.2 291.886 266.334 37.7945 24.8737 228.539 77.4678 496.749 452.968 338.775 246.006 205.559 151.071 480.737 188.828 44.8527 291.908 250.062 41.8468 143.976 92.7685 40.4468 78.3439 25.5522 12.2994 13.2528 33.4512 14.4246
internal_count=158253 39617 118636 6922 6097 1436 1075 4661 940 115431 32695 14951 8494 7751 3721 112143 43563 9824 68580 58733 9847 33739 6457 743 5482 825 448 377 3205 975
is_linear=0
shrinkage=0.03


Tree=38
num_leaves=31
num_cat=0
split_feature=59 69 69 7 30 36 54 14 75 63 36 43 54 45 42 20 4 0 7 37 52 48 41 10 26 37 54 69 48 45
split_gain=18.2011 3.82644 3.61144 3.16731 4.67935 4.55843 4.46797 4.2407 2.90116 2.44045 2.36617 3.10064 2.62169 2.33787 2.57307 2.40954 2.15815 2.67885 2.1418 2.09169 1.94957 3.12504 3.70342 2.62079 1.81207 1.7041 1.6615 1.65997 1.41934 1.25477
threshold=0.90179360784418805 2.2046456638681273 1.3636166535769079 0.016179583627744614 0.6669250384915516 -0.28722137863925934 0.64983063829012555 -0.35275345043080281 -0.78083975596816768 0.25607297403619206 0.2157607010426249 0.0093533666744997097 0.50305873083351371 0.0058208877832417521 0.032257816606969587 0.043443245766275902 0.24919812964815305 -0.015914331587781435 0.013409741683580898 -0.056077854862299929 0.23099646237003255 -0.030513450039425735 -0.009897626106818434 0.64158155714769793 0.7781973060726719 -0.110653711113524 0.66790729425308604 -0.024540464800908962 -0.031025180643603264 0.017937755590757574
decision_type=8 10 10 10 10 10 8 8 10 8 10 10 10 10 10 10 8 10 10 10 2 10 8 8 10 10 10 8 10 10
left_child=2 3 9 7 5 28 -7 -2 -4 27 12 24 19 14 -9 -15 17 -6 25 -3 23 29 -23 -11 -12 -13 -10 -1 -5 -22
right_child=1 10 8 4 16 6 -8 13 26 20 11 18 -14 15 -16 -17 -18 -19 -20 -21 21 22 -24 -25 -26 -27 -28 -29 -30 -31
leaf_value=-0.0028568882536772681 0.014842890584007416 -0.0012630538163674273 0.019183734417578726 0.02219195088661826 0.0060470990004591225 0.0079147348827370602 -0.0088561204156610823 0.0028786591290628728 -0.0016804489471939216 0.016227786638297437 0.0044628575427910228 -0.010210673347133131 0.020873277858024498 -0.0052082818718912184 -0.018463326187082577 0.0047536062158899956 0.013647422656527205 -0.0037869293600432952 0.016295076840332417 0.013140458092991835 -0.011658535395602427 0.0061253917737190506 -0.0056131708823830007 -0.003948922760087183 -0.014766935968637269 0.0089469517393287873 0.01263479288252713 0.0043769504830296589 0.0096481278651037988 0.0012250957227870674
leaf_weight=120.78680354281096 16.531958081293851 14.419636741746215 7.8977895716670892 22.776273262337781 35.952307685744017 84.647403877461329 16.138773342361674 150.06528217939194 44.473149110330269 7.3994936491362751 6.7585974594112512 6.3235974353738156 22.289081358350813 108.51058661192656 4.2417936094570896 26.158985329442658 9.5081363860517722 75.32792922121007 16.302230834029615 21.32557542109862 91.870874425745569 25.853350740100723 237.74941602745093 17.46078060625587 9.2766287366393936 8.6821706118062121 7.6697120278840876 36.109138969273772 18.01571805390995 6.6964977172901845
leaf_count=24424 176 228 171 298 668 1721 571 6317 6802 1000 143 169 288 5575 163 948 181 1738 242 279 24144 6475 62068 4516 238 196 599 5592 229 2078
internal_value=0.00020301 0.0035947 -0.0035725 0.0026035 0.00501588 0.0086984 0.00513914 0.000512385 0.00333905 -0.00434566 0.00883336 0.00365427 0.0128741 -0.000345457 0.00215756 -0.00323034 0.000638934 -0.000557482 0.00909336 0.00737218 -0.00562471 -0.00618433 -0.00443175 0.00233582 -0.00669958 0.000552741 0.000566863 -0.00115587 0.0170872 -0.0107496
internal_weight=1277.22 673.253 603.967 567.875 262.367 141.578 100.786 305.509 60.0407 543.926 105.378 47.3432 58.0343 288.977 154.307 134.67 120.788 111.28 31.308 35.7452 387.03 362.17 263.603 24.8603 16.0352 15.0058 52.1429 156.896 40.792 98.5674
internal_count=158237 20368 137869 18585 5406 2819 2292 13179 7572 130297 1783 988 795 13003 6480 6523 2587 2406 607 507 100281 94765 68543 5516 381 365 7401 30016 527 26222
is_linear=0
shrinkage=0.03


Tree=39
num_leaves=31
num_cat=0
split_feature=58 6 33 57 57 8 24 30 44 54 53 10 25 53 44 40 41 52 53 54 78 41 59 51 44 40 54 44 31 28
split_gain=17.1743 4.70911 3.02601 2.93767 3.06871 2.27186 2.1056 3.04201 4.35276 2.45235 2.00314 2.16269 2.17543 1.91544 1.90895 1.81482 1.76797 2.48406 2.46483 1.59357 1.57585 1.56216 1.96326 2.00631 1.53438 1.50987 1.49486 1.41223 2.10892 2.06592
threshold=0.86320287899235282 0.030498608767105178 0.017345413759232344 0.90572098097046594 0.045027076366764097 0.022593669526987072 -0.97524116795853033 0.6457067675675543 0.093494946956844696 0.51533513111957663 0.013580383782067385 2.4008604379846656 1.1471939122883914 0.02123172071865408 0.00083594828880284588 0.016421599216571246 0.0083482291346139732 0.60545601888554168 0.016926753424887551 0.66790729425308604 -2.4510436916850433 0.0083482291346139732 0.95937565144882231 0.4573906485671192 0.04252273045038802 0.0016204759018599386 0.57113465240665617 0.056900219699129513 0.039605076796417678 -0.12119412939884698
decision_type=8 10 10 10 8 10 10 10 10 10 10 10 10 10 10 8 10 2 10 10 10 8 10 2 10 10 8 10 10 10
left_child=3 5 6 4 20 21 25 8 -8 -9 -4 12 -12 16 -5 -15 18 -18 -6 -16 -1 22 -2 -24 26 -3 -7 28 -23 -29
right_child=1 2 10 14 13 24 7 9 -10 -11 11 -13 -14 15 19 -17 17 -19 -20 -21 -22 27 23 -25 -26 -27 -28 29 -30 -31
leaf_value=-0.010771267040525397 0.0015409530289647684 -0.0070352395620174573 0.0093567790240178198 -0.0080628832388383257 -0.0067471637500945226 -0.019975295103954765 0.01662233671328334 0.011898683032425769 -0.0022501572378225126 0 0.004006867826917818 -0.012231696170525899 -0.012775276989460503 -0.016029159018637443 0.0021552654642968674 0.0044201474407850648 0.0039500517625079704 -0.0039049962875307201 0.0011976234794634491 0.016682631361233255 0.0058687687871793164 -0.0029797876142994414 0 0.011499019209356254 0.00036506249846971725 0.008163344742155217 -0.00046535772448690993 -0.014623898266366054 0.0075920362329471519 -0.00024443509645846197
leaf_weight=4.8870949218980959 139.07398284890223 11.324015299556779 25.752820691093802 13.680537221254779 268.86093874077778 9.0785144821857102 74.338370806770399 26.18125388212502 12.29985546111129 36.945235315477476 55.387029397767037 10.455360057065262 6.8929529055021694 21.614687776542269 65.951611522759777 4.0078819819027585 46.229503146139905 152.22988797840662 39.373743861971889 6.7757069731596848 36.6484509492293 36.663673258968629 20.08193744905293 43.277954168152064 14.389273230568504 10.240917614661155 6.0149530338821942 13.054681691457516 29.707282078219578 26.287071019527502
leaf_count=146 9312 237 414 2366 61448 530 1072 354 311 706 1644 220 247 6016 7612 846 9546 34877 8668 228 3325 2208 353 632 941 172 462 501 1179 1699
internal_value=9.29751e-06 0.00364898 0.00659908 -0.00333517 -0.00411248 0.00127002 0.0090051 0.0102596 0.0139137 0.00505892 0.00233498 -0.000203671 0.00192953 -0.00472816 0.00178074 -0.0126719 -0.00429638 -0.00204956 -0.00572201 0.00375733 0.00363316 0.00204444 0.00358512 0.00793178 -0.00652723 9.13402e-05 -0.0128988 -0.00088371 0.00175003 -0.00533453
internal_weight=1267.71 607.447 269.818 660.26 573.852 337.629 171.33 149.765 86.6382 63.1265 98.4882 72.7353 62.28 532.317 86.4079 25.6226 506.694 198.459 308.235 72.7273 41.5355 308.147 202.434 63.3599 29.4827 21.5649 15.0935 105.713 66.371 39.3418
internal_count=158272 23194 5377 135078 124872 17817 2852 2443 1383 1060 2525 2111 1891 121401 10206 6862 114539 44423 70116 7840 3471 15884 10297 985 1933 409 992 5587 3387 2200
is_linear=0
shrinkage=0.03


Tree=40
num_leaves=31
num_cat=0
split_feature=59 69 72 43 69 63 53 58 44 17 52 47 38 48 60 14 69 58 44 55 53 30 60 52 59 48 49 42 63 49
split_gain=15.2404 5.05792 3.41965 4.16181 3.19668 4.1165 2.91011 3.20925 2.74099 2.57298 2.62938 3.38721 2.50914 2.99875 2.40794 2.32988 2.15292 2.44914 2.04044 1.79541 1.78016 1.69385 1.68957 2.55448 1.75169 1.69674 1.53429 1.31917 1.30395 1.1171
threshold=0.90572098097046594 -2.3446232655665509 2.0737793983761557 0.047820791633721112 1.3636166535769079 0.2484008237973786 0.019447970887333878 0.94820215624986037 0.03190657456897706 -0.056379610771099674 0.60545601888554168 -0.0068747925724110806 0.66834526784945791 -0.021704254642833428 0.94050188118250755 0.0071139259966209742 2.3617368352301114 0.91372095536582743 0.14199934271006312 0.820224977043159 0.019858297474099552 0.62140010922000444 0.15231194475352799 0.23099646237003255 0.409229998653108 -0.030513450039425735 0.017644467003675283 0.024424182527982622 0.1760937927262784 0.01562238643055769
decision_type=8 8 10 10 10 10 10 10 10 2 2 8 10 10 10 10 8 10 10 10 10 10 10 2 10 10 10 10 10 10
left_child=4 12 9 6 20 -6 7 -4 -5 10 11 -3 -2 21 -15 -12 19 -18 -7 -11 22 -14 23 -1 27 -25 29 -24 -28 -22
right_child=1 2 3 8 5 18 -8 -9 -10 16 15 -13 13 14 -16 -17 17 -19 -20 -21 26 -23 24 25 -26 -27 28 -29 -30 -31
leaf_value=0.015907438847548666 0.018746294184733944 -0.0036844546988420873 -0.0010312590874736942 0.0056708894531133066 0.017256171365228206 -0.003687723149690081 0.018681402887332377 0.0087564026802185984 -0.017418760797404252 0.0023888371890981013 -0.004894634133670279 -0.02172601639500996 0.01940078860684559 0.0066338564825087452 -0.010363933660613747 0.0051374208284061008 0.0012708275805973978 0.01112225447414172 0.012664682641975516 -0.0045972236344240395 -0.0065741104883938221 0.0050719734572295238 -0.0082223216886514044 -0.0094264076462632681 -0.0028926466628125249 0.0010030553794401749 -0.00061010167077321696 -0.00066027429679217599 -0.019484141290604433 0.011883250869384116
leaf_weight=7.4929824296850702 21.670385245233774 55.157141900388524 43.112523287301883 7.0411715584341463 13.133146682986988 42.07021134783281 17.14885051548481 94.056977265514433 10.047943411627783 111.52815819811076 34.157575714983977 10.63228110980708 16.452201902866364 17.232000708580021 11.725858356803654 49.840175002231263 47.839257615152746 44.15936544269789 7.142437912290915 45.834780626231804 21.908471909002404 15.823402264155446 125.93003280670382 17.266887179110199 272.93006666144356 58.54690868454054 4.5641731630312306 26.092178085586056 16.266853570239618 2.3587230517296112
leaf_count=892 165 1782 1134 135 364 7066 266 1409 273 3224 1515 971 145 238 145 1291 3691 918 215 2291 5594 196 33483 4356 59648 13894 782 6956 4498 653
internal_value=-1.8335e-05 0.00316802 0.00214569 0.00567882 -0.00340461 0.00297059 0.00724906 0.00567322 -0.00795179 0.000610558 -0.00247718 -0.00692672 0.0100586 0.00668407 -0.000265088 0.00101301 0.00247978 0.00610052 -0.00104973 0.000318897 -0.00413236 0.0128296 -0.00360188 0.000268535 -0.00436652 -0.00142503 -0.00983801 -0.00695682 -0.0157035 -0.00426206
internal_weight=1269.16 653.46 570.556 171.407 615.703 62.3458 154.318 137.17 17.0891 399.149 149.787 65.7894 82.9038 61.2335 28.9579 83.9978 249.362 91.9986 49.2126 157.363 553.357 32.2756 508.259 83.3068 424.952 75.8138 45.0982 152.022 20.831 24.2672
internal_count=158190 19789 18900 3217 138401 7645 2809 2543 408 15683 5559 2753 889 724 383 2806 10124 4609 7281 5515 130756 341 119229 19142 100087 18250 11527 40439 5280 6247
is_linear=0
shrinkage=0.03


Tree=41
num_leaves=31
num_cat=0
split_feature=70 75 32 30 36 47 45 33 53 36 50 0 44 44 20 45 53 53 40 46 45 16 45 38 22 19 9 53 75 19
split_gain=14.5964 3.94975 3.59303 3.27158 3.57513 3.86424 2.83811 2.68103 2.41261 2.40374 2.23923 2.19365 2.11804 3.11429 2.95733 2.81986 2.12493 3.31682 2.13857 2.03087 1.9461 1.68357 1.64588 1.59103 1.93188 1.52884 1.33973 1.31673 1.27368 1.1962
threshold=0.34524282116195498 -0.9212751973332679 0.2995341135814748 0.6669250384915516 -0.31802785211507395 -0.013118329399512295 0.017937755590757574 0.024178077964597183 0.010900370295388781 -0.055351360108352336 0.055916910045066943 0.025823113868782669 0.074067940574290794 0.085623198180254559 0.047668294155432785 0.0055173859025404292 0.019656345392460046 0.017251242930206453 0.0089453100277865922 0.0099375364885104286 0.0044644105449606697 -0.16194739772493325 0.0039898183791871331 1.4492350895435993 0.35067656645257755 0.22932857181716906 3.3868714407679774 0.013427136950494191 -0.5516423300453428 2.1803297355065694
decision_type=10 10 10 10 8 10 10 10 8 8 10 10 8 8 10 10 10 10 8 10 10 10 10 8 10 10 10 10 10 10
left_child=2 3 8 4 5 -2 7 -6 22 11 23 21 16 15 -15 -14 17 -10 -18 20 -11 -5 -1 26 -25 -7 29 -4 -12 -3
right_child=1 10 27 9 6 25 -8 -9 12 19 28 -13 13 14 -16 -17 18 -19 -20 -21 -22 -23 -24 24 -26 -27 -28 -29 -30 -31
leaf_value=-0.0074122661569252573 0.022417678484508978 0.0013390620364136584 -0.0062917480464926437 0.0064146076958334916 0.0077277814611970636 -0.0033340163491569022 -0.011054789832220224 -0.00040487043262408596 -0.0062295647686247896 0.015282062149975009 0.0063569742843679429 -0.012337513854712641 -0.0017897147646864205 -0.0059266174110904441 0.010169094235217183 0.014629066251159896 -0.01775332042755761 0.0032441625838457084 0.0045260483409613446 0.019784819372090805 -0.00014228171033797278 -0.0015815060779424063 0.0095156215410477935 -0.012680733846347478 0.0091042476367851569 0.01191186688519193 0.0092115094513078102 0.012335090830314874 -0.014726862775528845 -0.0072143241782374294
leaf_weight=6.1050896565429893 24.249152494594455 237.86888476723107 3.3942619754234356 31.858947543776594 154.86762226902647 10.350081610726194 8.3461851875763369 46.605106859467924 292.14615938818315 8.8894014696124923 2.3818358447169894 12.010761720244771 18.935174329555593 90.212340731639415 10.539714089711195 16.838815839146264 21.662919649272226 36.455145375686698 4.0052313788328346 8.5553514685016108 27.282257539103739 83.307422601326834 17.722095901379362 14.078981127822773 3.8797785311471662 11.253260056721045 17.462244891677983 15.720720672514288 12.151413815212432 14.616172938724047
leaf_count=1167 299 20138 238 764 4349 164 413 1674 70079 248 178 407 4082 19390 847 4044 6318 7438 997 179 927 4306 3432 1828 94 148 496 954 1241 1313
internal_value=7.05576e-05 0.00282818 -0.00369378 0.00468096 0.00682999 0.0143887 0.00510351 0.00583899 -0.0041771 0.00144636 0.000192126 -0.000648134 -0.00463464 -0.00141752 -0.00412996 0.00604468 -0.00585851 -0.00516279 -0.014125 0.00735139 0.00387678 0.000640844 0.00493361 0.000797766 -0.00758414 0.00465054 0.00139239 0.00873001 -0.0108915 0.000805571
internal_weight=1263.75 730.015 533.738 427.576 255.671 45.8525 209.819 201.473 514.623 171.904 302.439 127.177 490.796 136.526 100.752 35.774 354.269 328.601 25.6682 44.727 36.1717 115.166 23.8272 287.906 17.9588 21.6033 269.947 19.115 14.5332 252.485
internal_count=158152 39166 118986 13878 7047 611 6436 6023 117794 6831 25288 5477 113195 28363 20237 8126 84832 77517 7315 1354 1175 5070 4599 23869 1922 312 21947 1192 1419 21451
is_linear=0
shrinkage=0.03


Tree=42
num_leaves=31
num_cat=0
split_feature=70 78 69 57 63 7 7 46 29 38 14 16 61 46 46 52 42 43 24 24 24 69 76 0 60 57 63 50 45 7
split_gain=13.3004 3.94972 3.45072 2.72576 2.72234 2.42197 3.10427 2.35285 2.0664 2.72702 2.51876 2.44056 2.10425 1.90197 2.74775 1.87631 1.87515 2.69125 2.3877 1.85445 3.06394 1.79262 2.49911 1.77486 2.03672 1.65868 1.61394 1.60955 1.59934 1.52207
threshold=1.1214045438021174 -0.38415390979225522 1.6493751801400169 0.0043243293783250597 0.23632527809743001 0.016408356495340125 0.015104631379714654 0.0044955273699602847 0.90036301196872148 0.95337602791754306 0.29101140469949155 -0.018042053117870934 0.9896587273069487 0.0054334250470449786 0.0068630998330873336 0.66874514374514382 0.015615161830784487 0.043494117582915222 -0.55336965861689713 -0.74707403784671977 0.49893466300957218 -2.1360657191067025 -0.14078690708492639 0.011798889024873584 0.98581558827635496 0.91354117830911086 0.1206720259502151 0.043447128160359678 0.0077166835594376431 0.013532424520485574
decision_type=10 10 10 8 10 10 10 10 10 10 10 10 10 10 10 2 10 10 10 10 10 8 8 10 10 10 10 8 10 10
left_child=2 3 4 -2 21 6 25 15 9 16 27 -12 23 -9 -15 -6 18 -18 -3 -7 -21 22 -1 24 -10 -5 -4 -11 29 -14
right_child=1 8 26 5 7 19 -8 13 12 10 11 -13 28 14 -16 -17 17 -19 -20 20 -22 -23 -24 -25 -26 -27 -28 -29 -30 -31
leaf_value=0.013983641713221357 0.019469712187937888 0.022033626661749926 0.018446758691527083 0.00051036453215219982 0.010340725477576139 0.0012896780901833834 -0.013758963168590014 -0.011635145032689647 -0.0028684300239810051 0.0010368645971167204 0.016884043703456437 0.00098051731962313761 0.0029788815979722508 0.00028769508051269376 -0.006138199469987885 -0.0021482295468581193 -0.011074787970869812 0.012659096527358242 0.0062733904097445154 0.018780527408767015 0.0013254159424037244 -0.0015364545031262514 -0.0069464583913534592 -0.0084107883838470711 0.0093690518086109818 0.012593056722424296 0.0023138229224510093 -0.013345592982603049 -0.0044032359785877752 0.018656825343753774
leaf_weight=14.79715649364516 16.184668850153685 15.467586623970417 5.3446219491306683 29.320646898355335 13.809009800548663 15.647378603927789 8.7139213159680349 40.655113913817331 54.336198573000729 150.7546887951903 17.279865040443838 17.606022975058295 14.647718510357665 75.631936032325029 270.09466962463921 38.74711009056773 7.6801230132114124 7.4985456321155652 22.289056980982423 30.197976543335244 13.514425461180506 226.52024908654857 6.6519142957404283 34.672669574385509 14.707530059386043 15.254283900372682 58.227127040328924 6.3308134751860043 9.3111103735864145 9.1636565830558521
leaf_count=328 99 231 72 813 3210 261 202 9367 3238 5328 276 412 549 17878 66177 9069 158 164 430 423 222 31008 279 1740 255 240 4739 307 376 135
internal_value=-9.73866e-05 0.00363139 -0.00263966 0.00816212 -0.00326167 0.00635409 0.00159355 -0.00467998 0.00207716 0.00372414 0.0020179 0.00919252 -0.000854379 -0.0054898 -0.00472703 0.00120901 0.00970413 0.000522502 0.0132091 0.0104809 0.0136014 -0.000730317 0.00733875 -0.00297564 -0.000122257 0.00489668 0.00398129 0.000357496 0.00559256 0.00964212
internal_weight=1261.06 510.579 750.479 128.833 686.907 112.649 53.2889 438.938 381.746 244.907 191.971 34.8859 136.839 386.382 345.727 52.5561 52.9353 15.1787 37.7566 59.3598 43.7124 247.969 21.4491 103.716 69.0437 44.5749 63.5717 157.086 33.1225 23.8114
internal_count=157986 15859 142127 2260 137316 2161 1255 105701 13599 7306 6323 688 6293 93422 84055 12279 983 322 661 906 645 31615 607 5233 3493 1053 4811 5635 1060 684
is_linear=0
shrinkage=0.03


Tree=43
num_leaves=31
num_cat=0
split_feature=70 38 69 71 44 72 32 45 3 54 69 54 54 7 44 33 9 16 66 44 63 44 53 44 42 51 33 26 32 9
split_gain=12.1853 3.80061 3.64701 3.63378 3.39061 3.77263 3.64056 3.01622 2.61746 2.40913 2.24083 2.22644 6.15649 2.14976 1.98694 1.70422 1.68793 1.66516 1.62376 1.61836 1.56032 1.40318 1.81725 1.51661 1.26238 2.13488 1.45914 1.18027 1.17392 1.14178
threshold=0.85447327246506166 1.2773409215763476 1.6493751801400169 4.6722473133435569 0.077141816382879549 2.4202605304444638 0.35371090442331415 0.010276662663940733 -0.024348942110343882 0.55934547302098792 -2.3446232655665509 0.49113377878025627 0.47118301779499216 0.011870245201834011 0.16428366975657974 -0.42173193317289476 1.0913179441074281 0.040766335730774601 0.84663221116667542 0.039895163890826153 0.28387054992228561 0.077141816382879549 0.019656345392460046 0.085623198180254559 -0.015890083658364747 0.37118932790584497 -0.20921330441419178 0.82775661588365446 0.25377911881932386 2.0657586242194075
decision_type=10 10 10 10 8 8 10 10 10 10 8 10 10 10 8 10 10 10 10 10 10 8 10 10 8 2 8 8 8 8
left_child=2 4 10 15 5 11 7 16 19 -10 27 12 -2 -13 20 -3 -6 24 -9 -7 -4 22 -19 -23 26 -26 -12 -1 -22 -8
right_child=1 3 14 -5 6 8 29 18 9 -11 17 13 -14 -15 -16 -17 -18 21 -20 -21 28 23 -24 -25 25 -27 -28 -29 -30 -31
leaf_value=0.016567479179127299 0.0033581690238704788 0.012401886209132617 0.012673823451748029 0.013132791956554504 0.0059679199377117012 0.010469804733793036 0.016029127340701204 -0.025344388159409859 0.0099995936484793546 -0.0037348616861777716 0.0066688637489437331 -0.0015178123243929646 -0.015933555670276052 0.007323374795704083 0.020001966664418277 -0.0054355509951674779 -0.0040587693056603766 -0.0069018088448106448 6.0726343414070036e-05 0.023266420856408846 0.0031438502017941765 0.0059269999277376103 -0.020179713051777796 -0.0052248235028221571 0.0047659237930102521 -0.0028378245932929314 -0.0072713683323309408 -0.00075054271965975462 -0.0077143430447924139 0.0015966173646881898
leaf_weight=6.3852620073594126 91.876364565338008 4.0876025243196628 9.2014248301275057 10.994082883931695 19.759668927174062 26.775959942257032 11.778190224198623 6.9304763055406493 35.278899695724249 15.803973362315444 6.3849804362980649 29.04035053611733 16.724413937306963 139.05767015332822 5.6211938064079723 83.52412925689714 53.721969941048883 108.8765365362633 2.8354455166263506 17.166345409117639 25.410079888184558 13.925903943949377 9.9174190888879803 39.522752975230105 35.964067396067549 314.96258686273359 79.050612971768714 6.0446149465860808 12.510101588792162 9.2497712331824022
leaf_count=125 3321 195 226 149 794 337 302 373 587 280 1077 1614 722 4247 97 5703 2053 25433 178 185 3306 2840 2710 9072 6342 67275 17278 178 690 237
internal_value=-0.000218633 0.00298549 -0.00295596 -0.00233745 0.00409704 0.00543584 -0.000653369 -0.00351312 0.0105856 0.00570271 -0.00360294 0.00362472 0.000241619 0.0057783 0.0045315 -0.00443891 -0.00127833 -0.00386844 -0.0183691 0.0159421 0.00224637 -0.00637785 -0.00819455 -0.00220866 -0.00285874 -0.00203872 -0.00612974 0.00849359 -0.000467424 0.0101774
internal_weight=1248.38 574.605 673.778 98.6058 475.999 371.724 104.276 83.2476 95.0252 51.0829 621.035 276.699 108.601 168.098 52.7428 87.6117 73.4816 608.605 9.76592 43.9423 47.1216 172.243 118.794 53.4487 436.362 350.927 85.4356 12.4299 37.9202 21.028
internal_count=157926 21277 136649 6047 15230 11293 3937 3398 1389 867 132330 9904 4043 5861 4319 5898 2847 132027 551 522 4222 40055 28143 11912 91972 73617 18355 303 3996 539
is_linear=0
shrinkage=0.03


Tree=44
num_leaves=31
num_cat=0
split_feature=70 38 57 63 8 49 44 6 57 42 49 17 9 44 3 67 0 0 27 44 24 46 46 48 76 54 5 24 46 0
split_gain=11.832 3.41542 3.27956 2.82772 4.45891 2.51796 2.23343 2.1969 2.79255 2.17852 3.10328 2.68389 2.14527 3.19175 1.9666 1.90666 1.83063 1.82651 2.20855 2.07777 1.68774 1.58661 2.33057 1.57575 1.46102 1.443 1.5082 1.43621 1.37147 1.35594
threshold=0.56253546700676005 0.95082821526577599 0.90572098097046594 0.080881963450163338 0.0095140376067225293 0.024854990840089134 0.16428366975657974 0.036646447238563848 0.0085745007398149112 -0.015890083658364747 -0.0061283379770390991 -0.027036226308878957 -0.06968301848469384 0.117705297222389 0.022838523337792797 3.0563268075744059 0.03781794254699012 0.0099482961108344776 -0.012439437609686464 0.064480327285599839 0.29992902440243935 0.0044955273699602847 0.0057736429749772862 -0.053212192330729428 -0.072625664922123689 0.53096810766953684 0.022472146741285212 0.59161467765673492 0.0039256239848210073 -0.0048792846259561587
decision_type=8 8 10 10 10 10 10 10 8 8 8 2 10 10 8 10 8 8 10 8 10 8 8 10 10 10 10 10 10 10
left_child=2 3 7 4 20 15 -4 8 -1 11 25 14 -6 -14 16 23 -3 19 -19 -12 29 28 -23 -5 -13 26 -11 -7 -10 -2
right_child=1 9 6 5 12 27 -8 -9 21 10 17 24 13 -15 -16 -17 -18 18 -20 -21 -22 22 -24 -25 -26 -27 -28 -29 -30 -31
leaf_value=0.01423732627348114 0.0096593555309533764 0.0052353573635535965 0.00065186393075404342 -0.0066808198696184738 0.023764742609320644 -0.0031355492418660884 0.017011104916238237 -0.015159340670663787 -0.0075439681669128116 0.0020259998356211427 0.00099185136429940529 0.016817131138512489 0.010395611301123969 -0.0072791847104431411 -0.014348203434227089 0.015149205449520373 -0.014137797252129476 0.0066948103600117043 -0.0027466318086732905 -0.0055933651212753122 -0.017970157995508048 -0.010141185872759509 -0.0037694314092315793 0.0035922921933405991 0.0010915156635022739 -0.0029755768278364632 -0.022729582482218135 -0.023780020566819576 0.0031776816877962469 -0.0078491079649040205
leaf_weight=6.5826452489709473 6.7525798428105199 39.857403873582371 63.183908879291266 14.274071188992819 9.2812279860954714 12.932399253477344 7.6150159409735343 15.164828895474782 13.076661026803775 2.3537161045242128 123.87578732974362 19.406602217117328 101.45789644564502 9.1980637307278794 5.6020881941076359 10.604062213096766 3.8882039225427425 69.187771687516943 31.476707892375998 64.544503899640404 5.2851070699980474 60.82981738820672 365.36879502865486 105.42808437580243 7.9579132111975914 13.427692873869089 9.2577617017086578 3.3494491240708149 43.774584213853814 7.1371882155071953
leaf_count=294 158 2099 8941 787 110 657 210 3241 2835 335 7367 879 1531 263 605 235 193 3119 2302 4520 194 13766 87037 4018 492 763 463 236 10323 234
internal_value=-0.000164979 0.00252076 -0.0033258 0.00500954 0.00806697 0.0020527 0.00266564 -0.00417566 -0.00379915 0.00068567 -0.000416835 0.00518612 0.0102136 0.00884752 0.000875245 0.00347333 0.00316891 0.000465161 0.00371509 -0.00126574 -0.00505228 -0.00408004 -0.00470748 0.0022972 0.0125494 -0.0103418 -0.0177109 -0.00868632 0.000571906 0.000538306
internal_weight=1252.13 676.536 575.596 285.7 139.112 146.588 70.7989 504.797 489.633 390.836 314.124 76.7122 119.937 110.656 49.3477 130.306 43.7456 289.085 100.664 188.42 19.1749 483.05 426.199 119.702 27.3645 25.0392 11.6115 16.2818 56.8512 13.8898
internal_count=158207 31560 126647 8423 2490 5933 9151 117496 114255 23137 18869 4268 1904 1794 2897 5040 2292 17308 5421 11887 586 113961 100803 4805 1371 1561 798 893 13158 392
is_linear=0
shrinkage=0.03


Tree=45
num_leaves=31
num_cat=0
split_feature=58 78 57 64 33 14 53 28 38 42 14 16 32 53 53 43 0 36 13 76 31 34 28 48 54 48 60 41 32 78
split_gain=13.1133 4.48088 3.28763 2.99619 3.42413 2.4324 2.33303 2.15514 2.08145 1.9308 1.86581 3.07499 2.26688 2.67456 2.20261 2.10131 2.34633 2.08008 1.96086 1.78723 1.69324 1.88003 1.607 1.56842 1.55848 1.44065 1.36225 1.31743 1.16635 1.16275
threshold=0.89390847247990113 -0.33203583600935233 0.94397445986550299 0.87787076386618734 -0.12403316560570561 -0.35275345043080281 0.02345009680187644 -0.17067237850901892 0.6808722268059878 0.021683781789667237 0.28161227220483981 -0.017261271604468772 -0.24621379805880114 0.017033352651483157 0.01565671076783472 0.015317162684066467 0.023546832494262596 -0.26493132846187639 0.044273397933114585 0.65261452683026699 -0.027605370277579807 -0.00058531761369487901 -0.38975637630218746 -0.031464899589573374 0.66790729425308604 -0.012513939005419581 0.90986224705554208 0.016378498803084399 0.040931068263114607 -0.65852471686157887
decision_type=10 10 10 10 10 8 10 10 8 10 10 10 10 10 10 10 10 10 10 8 8 8 8 10 10 10 10 10 8 10
left_child=2 3 5 4 -2 8 20 29 -1 -9 12 26 19 14 -14 18 -17 -15 -13 22 23 -22 -3 -7 25 28 -12 -8 -4 -6
right_child=1 10 24 -5 7 6 27 9 -10 -11 11 15 13 17 -16 16 -18 -19 -20 -21 21 -23 -24 -25 -26 -27 -28 -29 -30 -31
leaf_value=0.01836122571803896 -0.0079610426039540046 0.020272161185776773 0.0096837293727647499 0.021051553195710133 0.014735864326486587 -0.0099922687700155725 -0.0030147368588157794 0.0069699445024490707 -0.0045293366679991778 -0.0054561371779804774 0.0053451800474570493 0.01399052764741574 -9.150060836584708e-05 0.0043063652302612982 0.0089435858280313852 0.0092774120178100265 -0.0059571412340794303 -0.010583406851607007 -0.0063988200895753761 -0.0044349654197790439 0.012091801067373958 -0.0022519068614859057 0.0042199312490962312 -0.0037236031027732333 0.014482166862093498 0.0054789977211360235 0.021021243402791847 -0.019086275530119597 -0.006802710304119222 0.0040696736346739256
leaf_weight=7.7157888308865923 12.063898190157486 10.648605625843627 3.6840679208980873 14.141073807841165 44.156973681645468 49.293171045952477 8.4370794874848816 47.329809595597908 5.2139041722984993 13.584572972031308 10.072055115830155 3.9512538552517098 171.78832037682878 10.273267316631971 27.160966186551377 42.992832335876301 10.477459716494193 33.110196870751679 27.748313791584224 6.9253405525814768 7.3468685336410999 422.10264593543252 13.293876599054785 145.86786263034446 9.3647563409758714 36.253132589510642 13.058165262686087 12.283931923680937 20.04715495440178 13.818999086972324
leaf_count=151 237 151 442 187 746 11104 2378 897 511 293 194 89 7496 226 982 1244 340 1709 1091 176 986 83628 335 33474 569 2788 175 3159 2142 195
internal_value=0.000138194 0.00374235 -0.00246769 0.008219 0.00666151 -0.00312529 -0.00339187 0.00822432 0.00925273 0.00410697 0.00201488 0.00533197 0.000674351 -0.000301667 0.00116554 0.00257726 0.00618258 -0.00697231 -0.00341548 0.0081999 -0.00304387 -0.00197203 0.0120061 -0.00536508 0.00368726 0.00174293 0.0148238 -0.0131205 -0.00383396 0.0123565
internal_weight=1254.21 526.596 727.61 145.095 130.954 658.261 645.332 118.89 12.9297 60.9144 381.501 108.3 273.201 242.333 198.949 85.1699 53.4703 43.3835 31.6996 30.8678 624.611 429.45 23.9425 195.161 69.3491 59.9844 23.1302 20.721 23.7312 57.976
internal_count=158095 16763 141332 2555 2368 135391 134729 2131 662 1190 14208 3133 11075 10413 8478 2764 1584 1935 1180 662 129192 84614 486 44578 5941 5372 369 5537 2584 941
is_linear=0
shrinkage=0.03


Tree=46
num_leaves=31
num_cat=0
split_feature=58 72 57 43 9 6 58 41 11 41 69 54 46 44 44 69 28 33 44 14 65 36 33 69 16 47 43 9 16 14
split_gain=12.5909 3.96738 3.16824 2.28609 5.48486 2.7777 2.08289 2.06334 2.75435 2.18155 1.92639 1.77946 3.27098 2.52319 2.51328 1.69186 1.80125 1.69525 2.3176 1.62886 1.55056 2.72238 1.43546 1.43285 1.28204 1.2619 1.20415 1.10836 0.957368 1.26049
threshold=0.86320287899235282 2.0737793983761557 0.0043243293783250597 0.047820791633721112 2.3972189862257141 0.02879062738777487 0.57553978112984339 -0.0091144760214049696 -0.03389322882306927 1.0000000180025095e-35 -2.3446232655665509 0.77040262719322461 0.015272799414690232 0.11987758590221288 0.077141816382879549 1.2915350115504582 -0.24712003529751483 -0.039109954238918519 0.00083594828880284588 -0.24221009465649032 0.82419748330765297 0.050719461533540684 -0.11387333863026006 4.0367598014921997 -0.28404543697738899 -0.15327850463673823 0.045926480790714048 1.1526094994899168 0.11085605695005731 0.43415723948460255
decision_type=10 8 8 10 10 8 8 10 10 10 8 8 8 10 10 10 10 10 10 8 10 10 10 10 10 8 8 8 10 10
left_child=6 2 -2 5 -5 20 11 8 -7 -9 -8 12 13 14 -1 16 24 22 -19 -18 21 -3 -17 28 -4 -13 -15 -14 29 -12
right_child=1 3 15 4 -6 7 10 9 -10 -11 23 25 27 26 -16 17 19 18 -20 -21 -22 -23 -24 -25 -26 -27 -28 -29 -30 -31
leaf_value=-0.0050084167064688313 0.011502662919833651 0 -0.0072290613028687962 0.009094104849563819 -0.020464409279891113 0.0091933342026029857 0.011294208532016996 0.019035128541767418 -0.010104401428757289 0.0089543273409747395 -0.0018020590332764191 -0.00071757607649422213 0.012212770061004919 -0.021053361201797988 0.0022381540908641812 0.0017843039301513287 -0.0093917144383830874 -0.015062314358593589 0.0033008463046223357 -0.00090904582107302558 -0.0097000406958039753 0.018000443450069858 0.016756003434096549 0.014645785583904967 0.0059130164047876011 -0.020332344743042255 -0.00255489533017976 -0.0068659169717567251 -0.0078344528916459068 0.0055376737841742116
leaf_weight=270.36989878932945 25.19667437998578 33.670826580724679 6.6626282827928653 13.483861337648706 8.236894272034986 17.782579398481179 10.181392723461611 28.617411957122386 9.2553552986355481 76.052517882781103 237.67134250688832 4.6762472903355956 13.726290282094849 11.028304409235714 49.979610000504181 10.627160126809033 22.151925735583063 5.7721974140731609 67.689567780122161 184.017074290663 7.9673412800766519 8.6698675295338017 13.897443525027482 3.9050098039442664 48.549608340603299 9.4280592945869994 5.2488553307484862 2.466797613771635 20.160877761547454 21.971071408130229
leaf_count=67230 275 800 209 269 236 260 229 414 193 1252 41491 1544 2040 2677 12252 270 913 292 2103 12128 288 174 229 115 1299 2135 1320 563 3179 1648
internal_value=4.08709e-05 0.00323254 0.00142232 0.00661113 -0.00239032 0.00770889 -0.00279662 0.00999018 0.00235575 0.0118929 -0.000897131 -0.0043033 -0.00384712 -0.00449382 -0.00386505 0.000677268 -0.000575618 0.00402173 0.00163478 -0.00187589 0.00159964 0.0039699 0.01071 -0.00138331 0.00417336 -0.0145058 -0.015755 0.0089016 -0.00166906 -0.00115059
internal_weight=1249.11 588.301 384.564 203.737 21.7208 182.016 660.814 131.708 27.0379 104.67 293.89 366.924 352.82 336.627 320.35 359.368 261.381 97.9864 73.4618 206.169 50.308 42.3407 24.5246 283.708 55.2122 14.1043 16.2772 16.1931 279.803 259.642
internal_count=158027 21604 17718 3886 505 3381 136423 2119 453 1666 46662 89761 86082 83479 79482 17443 14549 2894 2395 13041 1262 974 499 46433 1508 3679 3997 2603 46318 43139
is_linear=0
shrinkage=0.03


Tree=47
num_leaves=31
num_cat=0
split_feature=59 33 72 53 8 38 14 8 5 59 41 59 50 51 62 32 2 50 43 14 9 14 14 41 5 53 44 46 44 44
split_gain=9.52505 3.13679 2.892 2.82494 2.73206 3.34249 3.41593 2.81878 2.79298 2.60547 2.10954 1.95155 1.83328 1.77171 1.75071 1.73648 1.62419 1.76986 2.01507 1.85083 1.95652 1.53164 2.3351 1.66603 1.43069 1.40287 1.3618 1.27761 1.26429 2.1094
threshold=0.90179360784418805 0.033477046715056989 -1.1705190593593671 0.018097691933190219 0.0088171042640475365 1.0625405173152054 -0.047224306113662233 0.038164654943288301 0.030558364495882891 0.41311176389033316 0.013469990212482854 0.99371727059814219 -0.036256840962084473 0.53761065702475841 0.41145313216917229 0.19393903681449878 0.23114579540328298 0.048561306587760485 0.047422651393787658 -0.28372563352121261 2.7016056896542575 -0.30180256036345432 0.16224720864854605 0.013802064493068202 0.019842763805832355 0.010989558943293544 0.00083594828880284588 0.0068061746222111688 0.074067940574290794 0.085623198180254559
decision_type=8 8 10 10 10 10 10 10 10 10 10 10 10 2 10 10 10 10 10 8 10 10 10 8 8 10 10 10 10 10
left_child=2 4 3 26 12 8 7 -7 10 25 -6 -10 -2 24 -8 -15 17 19 -19 -3 -21 23 -23 -14 -5 -4 27 -1 -27 -30
right_child=1 16 9 13 5 6 14 -9 11 -11 -12 -13 21 15 -16 -17 -18 18 -20 20 -22 22 -24 -25 -26 28 -28 -29 29 -31
leaf_value=0.01239917383212312 -0.015203708138681583 0.0083784492935849112 0.0040836361288567489 0.027627038949761949 0.006140621574748613 -0.0066454672354602602 0.010896222530265518 0.010479046155638154 0.014235020400647684 -0.0019990704251245666 -0.0019676188154408429 0.0035476186702773447 0.001946434005750603 -0.0078099591162514659 0.00086683009748414919 0.018778070238129642 0.0084820675082068041 0.0023129338643388419 -0.018598878708982327 -0.0031261129478860694 0.0072585753944465758 -0.0070846399380360223 0.0063927692190529298 0.024975552897768094 0 -0.008500721508867019 0.0015516229895327777 -0.014675382975863906 0.0066736261452865148 -0.007066685464158568
leaf_weight=0.97903175966348399 6.9450799522455773 17.169029145035893 9.8033856393303704 6.780785706359894 144.44777084537782 55.413410380249843 29.536203237948939 9.1802518796175701 58.256558207329363 337.09463341295486 34.876214358955622 22.985123212449253 11.123983906581996 5.1451935161603606 34.012719071470201 2.4283682350069284 14.54179916414432 5.9932767786085597 9.9003925734432396 124.73104854056146 17.67330917227082 32.551228468539193 16.54878197168 3.0598924704827359 2.3414057773770773 133.82734397344757 47.444555985450279 8.1407973924651724 14.142974012647754 28.529459711979143
leaf_count=222 993 275 2384 449 3350 1340 588 183 957 71317 897 271 784 1416 844 82 348 200 466 6635 425 1230 471 44 296 36605 11405 2058 3632 7644
internal_value=-7.6113e-05 0.00243512 -0.00281194 0.00271913 0.00377598 0.00476003 0.000757807 -0.00404329 0.00670637 -0.00359556 0.00454487 0.0113277 -0.00161888 0.0131875 0.00567135 0.00156113 -0.000790608 -0.00161979 -0.0108656 -0.000618281 -0.00177476 3.86338e-05 -0.00244537 0.00842977 0.0214358 -0.00644212 -0.000494032 -0.0105344 -0.00706337 -0.00239549
internal_weight=1245.6 648.946 596.658 73.2601 458.937 388.708 128.143 64.5937 260.566 523.398 179.324 81.2417 70.229 16.6958 63.5489 7.57356 190.009 175.467 15.8937 159.573 142.404 63.2839 49.1 14.1839 9.12219 186.303 56.5644 9.11983 176.5 42.6724
internal_count=157811 20301 137510 15928 11952 8430 2955 1523 5475 121582 4247 1228 3522 2243 1432 1498 8349 8001 666 7335 7060 2529 1701 828 745 50265 13685 2280 47881 11276
is_linear=0
shrinkage=0.03


Tree=48
num_leaves=31
num_cat=0
split_feature=58 66 57 44 20 30 2 35 7 65 36 14 30 46 5 32 10 77 23 46 35 1 30 1 21 45 20 48 52 14
split_gain=8.01119 4.46736 3.54142 2.43699 2.32289 3.49909 2.66895 3.20231 2.48786 2.88224 2.03011 3.5596 2.40933 2.30479 2.57973 2.25246 2.16495 2.15708 1.94651 1.926 2.42654 2.42657 1.86502 1.70468 1.64599 1.5716 1.35629 1.3474 2.11182 1.34186
threshold=0.90185970260127835 0.49895397031726657 0.90572098097046594 0.11630502220911633 0.01865077560125428 0.56338327139486688 0.018454078773364139 -0.17650956949528965 0.016657051333041229 0.92887480161592861 -0.31802785211507395 -0.047224306113662233 0.67196180029753216 0.0050211767469981296 0.032025349293724581 -0.099142032762483165 0.81589070523047347 0.84170673293715403 0.19524289376610163 0.0095798457491210343 -0.055017546919824974 0.072920496695848006 0.49222123062788931 0.057105110137087307 -0.014739065783835213 0.0069203487003286377 0.049239882361784733 -0.022927011131925908 0.60809578262408459 -0.324590670276176
decision_type=8 10 10 10 10 10 10 10 10 10 10 10 10 10 10 10 10 10 10 8 10 10 8 10 8 10 10 10 2 8
left_child=2 4 22 25 5 8 7 -7 9 -2 12 13 -3 16 -15 -14 -12 23 -19 20 -6 -22 27 -13 -21 -4 -26 -1 -29 -24
right_child=1 10 3 -5 19 6 -8 -9 -10 -11 11 17 15 14 -16 -17 -18 18 -20 24 21 -23 29 -25 26 -27 -28 28 -30 -31
leaf_value=-0.010071911029964464 -0.010699908838800908 0.013613004205842112 0.0041213102397750952 0.012776180211598879 -0.0086464351745065542 -0.0036317212149523416 -0.006171303268542907 0.012597196271738031 0.0091136924154496257 0.0081423561438509363 0.00091705081452570566 0.0060689430226617738 -0.012947877386069824 0.0022388552342972709 -0.007665288236255537 0.0082200801616157532 -0.025131159573020451 -0.0073045755565153397 0.0036890346900000552 0.025308352982310055 0.014610135544702153 -0.0014773514716809176 0.0063477089888307921 -0.0042294426685670176 -0.00042291461452041105 -0.0040190390466642014 0.014522602627019794 0.0054451206090352236 -0.0056834014526806493 -0.0023415540798556638
leaf_weight=47.296214182861149 29.677331677405164 20.389130646595731 50.958709863363765 17.672421420924366 7.7059702123515299 12.700447244569657 10.293847459834067 56.666676732013002 11.353960219770668 8.5982361654750985 3.8433497585356218 98.183255547541194 7.4031105204485383 42.959603333612904 49.851318744476885 8.7290951905306411 7.78438049799297 32.107762243133038 24.554709960822947 10.507933033164589 22.758036632207222 12.328766685212029 15.476665659691205 15.852079571108332 7.1171605587005642 35.052239815238863 17.602347884094343 17.172302290447988 95.049537370563485 443.93093637761194
leaf_count=10846 1814 281 5233 812 142 186 182 846 174 256 173 3741 151 1943 1658 168 338 2233 783 109 407 239 925 610 347 4896 306 3805 22049 92427
internal_value=-0.000112242 0.00272582 -0.0021556 0.00294034 0.00612831 0.00358032 0.00745075 0.00957382 -0.00259734 -0.00629125 0.00044057 -0.000440341 0.0069918 -0.00478658 -0.00307396 -0.0015076 -0.016893 0.00221375 -0.00250711 0.010214 0.00562059 0.0089899 -0.00301748 0.00458696 0.0154018 0.000761313 0.0102538 -0.00581475 -0.00392095 -0.00202916
internal_weight=1241.58 518.969 722.609 103.683 207.311 129.29 79.661 69.3671 49.6295 38.2756 311.658 275.136 36.5213 104.439 92.8109 16.1322 11.6277 170.698 56.6625 78.0202 42.7928 35.0868 618.926 114.035 35.2274 86.0109 24.7195 159.518 112.222 459.408
internal_count=158080 17087 140993 10941 5008 3458 1214 1032 2244 2070 12079 11479 600 4112 3601 319 511 7367 3016 1550 788 646 130052 4351 762 10129 653 36700 25854 93352
is_linear=0
shrinkage=0.03


Tree=49
num_leaves=31
num_cat=0
split_feature=59 72 17 70 45 44 57 26 26 72 71 17 46 3 2 68 34 75 44 49 69 63 47 48 41 10 46 45 45 46
split_gain=9.83823 2.59661 2.64234 2.63472 3.34799 2.6694 2.46028 2.35231 2.19884 2.126 2.36993 2.04195 2.68282 2.01696 1.88619 2.69752 1.82064 1.78506 1.77587 1.68213 1.3066 1.87498 1.27786 1.26937 1.23825 1.42844 1.15382 3.51534 3.30006 2.60389
threshold=0.90179360784418805 2.0737793983761557 0.25280563796204347 1.8757523816890271 0.0042033190621472609 0.071523181633927471 0.0043243293783250597 1.030682819956604 0.51937056900691247 -1.1705190593593671 -0.14493356796043733 -0.11373212648699761 0.013694336113529543 0.035859394534621843 0.23114579540328298 -1.54429414659665 0.014192317471904451 0.28117180504883998 0.1557699926064621 0.018105741519111599 1.3636166535769079 0.20041111054775307 -0.0035397180451566253 -0.00037870043817572746 0.016066551039606639 0.32833704085728438 0.0071080236035789548 0.0053649433499116618 0.0044644105449606697 0.0057603814407279309
decision_type=8 10 2 10 10 10 8 8 8 10 10 2 8 8 10 10 10 8 10 10 8 10 10 10 8 10 10 10 10 10
left_child=9 6 3 5 -5 7 -2 -3 17 18 26 12 -10 -13 15 -4 -6 -8 19 24 -12 -22 -7 -17 -1 -26 27 28 -11 -29
right_child=1 2 14 4 16 22 8 -9 11 10 20 13 -14 -15 -16 23 -18 -19 -20 -21 21 -23 -24 -25 25 -27 -28 29 -30 -31
leaf_value=0.0011057487267396378 0.0098004595603340267 0.010503381115993417 -0.016808543913129585 -0.0042780269899535071 0.014835820956850522 -0.019151336699979885 -0.0094973809750769182 -0.0044206517308273147 -0.00019672781130104208 -0.0021392387868052034 -0.0024174378329378339 0.0052873232410639136 -0.014534606570747056 6.5537538489354635e-05 0.011542736021862315 -0.0035893127586934712 0.0039497866128889196 0.0046797444473882172 0.018051748490042745 -0.00803971797243061 0.012990805334362351 -0.00034603327714638005 -0.00045711246842564183 0.0096278929335097199 0.023342122978184381 -0.0012904862229191215 -0.0072750810051295141 -0.010771169616836588 -0.015698339810307591 0.007283873759855587
leaf_weight=46.326491997460835 27.958874941803515 28.325708628166467 9.5124885193072242 11.596223477041347 64.782716886373237 5.4705622489564121 29.783784297876991 13.0469457518775 101.83090131497011 44.83590562036261 216.59721415210515 143.83754379255697 12.350862517720087 125.4306167056784 7.738976201042532 17.331021849997342 19.676668574102223 9.7887512213783321 4.7348145772702983 14.628055311855858 11.554249786539001 36.997776906122454 7.4972766616847348 9.0937743438407797 4.2559744672616935 3.0166631796164438 143.87918210029602 7.9912355663254848 25.185790018062107 34.216691765468568
leaf_count=10454 295 595 164 173 877 157 980 311 2985 12069 46382 4590 1144 6381 125 425 306 478 319 3757 701 5179 212 191 629 732 39520 2147 6561 9006
internal_value=2.84611e-05 0.00259443 0.00549231 0.00737034 0.0103417 0.00197176 0.00133135 0.005733 0.000742727 -0.00275166 -0.00342466 0.00144833 -0.0018864 0.00287525 -0.000927605 -0.00393406 0.0124107 -0.00588765 0.00199713 0.000594972 -0.00141307 0.00296539 -0.00936466 0.00103505 0.00311055 0.0138411 -0.00548199 -0.00311279 -0.00721086 0.0036259
internal_weight=1239.27 645.054 194.072 150.396 96.0556 54.3405 450.981 41.3727 423.022 594.22 521.258 383.45 114.182 269.268 43.6763 35.9373 84.4594 39.5725 72.962 68.2272 265.149 48.552 12.9678 26.4248 53.5991 7.27264 256.109 112.23 70.0217 42.2079
internal_count=157845 20389 3536 2631 1356 1275 16853 906 16558 137456 121565 15100 4129 10971 905 780 1183 1458 15891 15572 52262 5880 369 616 11815 1361 69303 29783 18630 11153
is_linear=0
shrinkage=0.03


Tree=50
num_leaves=31
num_cat=0
split_feature=70 66 28 27 70 69 32 55 55 57 16 9 59 17 66 16 41 0 59 72 49 54 48 60 53 54 48 5 45 54
split_gain=8.95035 3.37426 2.72426 2.46407 2.31093 2.54714 2.46403 2.19761 2.43763 2.16922 2.46725 2.14782 2.08454 1.86863 2.16947 2.16936 1.75427 1.54936 1.5012 1.87773 1.57411 1.2116 1.63469 1.17558 1.14205 1.10271 1.14994 1.0709 1.10434 1.05269
threshold=1.156893412861421 0.95914193898418276 -0.12757036531403773 -0.094804877802335305 2.0640172528578709 1.0948785235165206 -0.0087976114624314077 0.19250760154889682 0.2564936281859071 0.90572098097046594 0.065287006236847925 2.610549304375732 0.97080288796103009 0.22779039047821484 0.79957580991966037 -0.062925648131192266 0.012811883963340211 -0.034281992027007595 0.46865087613074641 -1.1705190593593671 -0.0061283379770390991 0.66790729425308604 -0.0045801719642709062 0.092707174638487225 0.010900370295388781 0.57514232024538892 -0.030513450039425735 0.023326639171715947 0.0062566718320173744 0.77040262719322461
decision_type=8 10 10 10 10 10 10 8 10 10 8 8 10 2 10 8 8 10 8 10 10 10 10 10 8 10 10 10 10 8
left_child=9 2 4 11 5 6 -2 16 -9 10 18 12 -4 14 -6 -15 -5 -3 19 20 -1 22 25 -19 -21 26 -11 28 -24 -23
right_child=1 17 3 7 13 -7 -8 8 -10 21 -12 -13 -14 15 -16 -17 -18 23 -20 24 -22 29 27 -25 -26 -27 -28 -29 -30 -31
leaf_value=0.0096278896173124049 0.0039275831099184937 0.0086423162626313825 -0.0049745124389499766 0.014960364528111204 0.012939987795507745 0.016507418864004111 -0.0062770043079894266 -0.017153156098465894 0.0017865656672281954 0.0081025382388503001 -0.0070665411758585759 0.0060159860937501934 -0.028392775517060067 -0.0080885927887500604 0.0035890070086431369 0.0083446120269306326 -0.0029405795818293924 0.0063706755185248109 -0.00051203094027648093 0.0042730723133382565 -0.0020650103422770972 0.014795259122591758 0.0025951622975118626 -0.0074101646032234559 -0.0057746125976559336 -0.009982111750796158 -0.0035096494138844199 -0.0090366129030645427 0.013258637973958071 -0.0059615152892977192
leaf_weight=13.958016011398284 89.135440080775879 6.7478269127896047 10.427217061747795 18.427624230040237 79.462747449520975 10.302830550586803 26.772135385079309 5.383522573276422 137.6739577781409 9.764456287375646 99.910250082612038 5.9913421773817417 4.9149656733497968 11.474346912000327 33.638412637403235 16.06389669934288 5.862643473781648 5.3594575362512833 299.29311979596969 9.7900888583390024 32.192367875250056 9.338397135958072 28.025919553125277 43.382403650437482 166.97638740134425 13.597704659914596 25.674084652680907 3.5349088991060844 12.899438528227618 1.9694931539706892
leaf_count=2443 3527 232 400 499 989 128 938 191 5141 1152 21495 113 106 196 639 273 192 301 49421 2329 8452 549 2656 2987 46219 2137 2945 213 1072 424
internal_value=5.19465e-05 0.00309333 0.00394772 0.00115978 0.00589609 0.00287924 0.00151135 0.00240999 0.000938879 -0.0020833 -0.00275752 -0.00818175 -0.0139386 0.00854279 0.010241 0.00134878 0.0105758 -0.00381322 -0.00191544 -0.0037756 0.00153703 0.00187873 0.000672207 -0.00573696 -0.00518035 -0.00304006 -9.32328e-05 0.00480935 0.00626386 0.0107457
internal_weight=1237.95 511.021 455.531 188.681 266.85 126.21 115.908 167.348 143.057 726.925 622.12 21.3335 15.3422 140.639 113.101 27.5382 24.2903 55.4897 522.21 222.917 46.1504 104.804 93.4965 48.7419 176.766 49.0362 35.4385 44.4603 40.9254 11.3079
internal_count=158359 16852 13332 6642 6690 4593 4465 6023 5332 141507 130359 619 506 2097 1628 469 691 3520 108864 59443 10895 11148 10175 3288 48548 6234 4097 3941 3728 973
is_linear=0
shrinkage=0.03


Tree=51
num_leaves=31
num_cat=0
split_feature=71 57 63 63 54 52 52 50 45 58 53 44 25 37 26 32 18 9 47 52 29 34 40 60 8 48 44 51 19 16
split_gain=8.72476 3.00844 2.8681 2.45949 2.11467 2.64342 2.87445 2.33946 2.22034 2.03182 3.23115 1.95004 1.8545 2.70519 2.36491 1.85684 1.73955 1.7079 2.19444 1.57393 1.54337 1.46512 1.47578 1.30748 1.29406 1.29165 1.20587 1.14795 1.1132 1.07481
threshold=1.9988881638273834 0.96719734942567903 0.26006146422969384 0.48253947616186804 0.57514232024538892 0.60896649527140501 0.56155059157242582 0.0098493763997515877 0.018188477923048129 0.90589410546671123 0.010989558943293544 0.071523181633927471 -0.074342137908151862 0.90144932993473836 0.67701801272431783 -0.22414534929242738 47.022177668532613 2.4592175381581431 -0.016359625809801544 0.7540071584189233 2.3559287225727243 0.0055588400244239678 0.0038874570954158315 0.064921893522299212 0.020516410197288389 -0.0030047983287290188 0.00083594828880284588 0.23353881587860728 0.7108653780480495 0.0065396665436207044
decision_type=10 10 10 10 10 2 2 10 10 10 10 10 10 10 10 10 10 10 10 2 10 10 8 8 10 8 10 2 10 8
left_child=1 3 -3 17 5 6 -5 -7 25 11 -11 21 14 19 15 -12 -15 23 29 -14 -16 22 -2 -1 -10 -6 27 -4 -28 -19
right_child=9 2 26 4 8 7 -8 -9 24 10 12 -13 13 16 20 -17 -18 18 -20 -21 -22 -23 -24 -25 -26 -27 28 -29 -30 -31
leaf_value=0.0056330967283680575 0.00082796001302432802 0.01589305779443529 0.0057035443575132391 -0.0017424484001141143 -0.011624892744631497 -0.021764845921082739 0.010895395608888577 -0.004110513578068231 0.011793179333746219 -0.01049903570077357 0.014706204498576238 -0.011736363958917428 0.0066501655454338825 -0.015497534123327154 0.013493512017112436 0.001473705870841826 0.00063508088865325612 0.0057264738374096557 0.00023654432250924516 -0.0030045426113792829 0.0045390770564727569 -0.0088668352081171711 0.014697034168511404 -0.0017600782281134387 -0.0078173089275070592 -0.00099664315859435289 -0.0055654793572001305 -0.018060349877874114 0.0056377334177462757 0.024038106583441316
leaf_weight=21.505851107067429 30.31758318212815 14.493907715659587 1.9748255162267003 57.24888845323585 64.802317145164125 6.3038436023052773 21.347372358781286 135.79828394029755 6.6756963398074713 10.704005701816639 10.453857236076145 11.40884063055273 79.326608664356172 9.5773254046216625 62.989026250783354 63.835079704411328 12.997621095739303 7.9902068839874101 33.138218485168181 17.651046856772155 27.245004794793203 8.6133373545017076 8.2116478388197667 439.05902138364036 3.947791455197148 13.180844297516158 9.4651342618744803 4.2400908120907843 31.409624389256351 5.2949570813216269
leaf_count=3723 830 261 227 13506 15651 1489 5021 32797 1493 200 133 371 1315 197 787 1207 264 322 2009 330 559 247 157 66667 1276 3452 699 606 2032 178
internal_value=-4.22462e-05 -0.00164683 0.00468251 -0.00213315 -0.00423946 -0.0026265 0.00174616 -0.00506127 -0.00814935 0.00392939 0.00494242 -0.00111771 0.00556957 0.00265539 0.00764023 0.00354621 -0.00644892 -0.000836406 0.00457319 0.00484955 0.0109021 0.00158018 0.00415676 -0.0013969 0.00420205 -0.00990183 0.000910851 -0.0103495 0.00290087 0.0144066
internal_weight=1231.21 877.877 61.5836 816.293 309.305 220.698 78.5963 142.102 88.6066 353.331 294.78 58.5514 284.076 119.553 164.523 74.2889 22.5749 506.988 46.4234 96.9777 90.234 47.1426 38.5292 460.565 10.6235 77.9832 47.0897 6.21492 40.8748 13.2852
internal_count=158006 151409 3825 147584 74685 52813 18527 34286 21872 6597 4992 1605 4792 2106 2686 1340 461 72899 2509 1645 1346 1234 987 70390 2769 19103 3564 833 2731 500
is_linear=0
shrinkage=0.03


Tree=52
num_leaves=31
num_cat=0
split_feature=58 57 38 0 0 32 44 5 58 32 38 30 17 60 42 41 43 47 60 42 45 41 53 26 43 51 43 42 34 28
split_gain=8.17063 3.59762 3.08198 2.83268 2.70347 2.55699 2.64306 3.30503 2.25581 2.18839 2.13637 1.8896 2.27007 1.66132 1.49308 3.08774 2.60626 3.29984 2.60193 2.39015 1.74309 1.6528 1.32326 1.16551 1.1417 1.35832 1.26814 1.03156 0.980549 1.34878
threshold=0.63103782038276879 0.0085745007398149112 1.2773409215763476 -0.0053370889677178393 0.026733719071159404 0.32248815802103287 0.099831447456722691 0.02696695282707352 0.96335109558255505 0.21128794183495972 0.84119207604279012 0.73003861439141915 -0.63851408832409684 0.10471182365432881 -0.015890083658364747 -0.0091144760214049696 -0.054272746263668507 -0.013118329399512295 0.30801254559474617 -0.00019104467859831772 0.0058208877832417521 -0.012718311656929769 0.015273806860299364 0.38181172706785693 -0.028825218732043741 0.33119148401908388 -0.030107645794047452 0.016993462733556845 -0.00083076913628653802 -0.16127442724890614
decision_type=8 8 10 10 10 10 10 10 10 10 10 8 2 10 10 10 8 10 8 8 10 10 10 8 10 2 10 10 10 10
left_child=14 3 5 10 8 6 7 -3 -5 -8 -2 12 -7 -4 24 18 -17 23 19 21 -19 -16 -12 -18 26 -26 -1 -21 29 -15
right_child=1 2 13 4 -6 11 9 -9 -10 -11 22 -13 -14 28 15 16 17 20 -20 27 -22 -23 -24 -25 25 -27 -28 -29 -30 -31
leaf_value=-0.0050032927411212541 0.02249542362555618 0 0.0078195877763208108 0.0034862483412360671 0.013354971322545334 -0.0078808162104957134 -0.010985404853996595 0.0048839512345825462 -0.014763983478976204 0.003664879453996074 -0.00025767124736159313 0.023014852636298006 0.0081171303665305648 -0.030645555001402477 0.0091978864904179638 0.015123851464650126 0.011727683199323215 -0.0047338688418568997 -0.0019054227871367613 -0.011064059078895161 0.00067738154356833218 0.032224301655232435 0.014338709860240054 -0.010275457257196863 -0.017714575049900618 -0.0052696059849716634 0.016277462104408096 0.012957224840881541 -0.0040922952279644721 -0.0022384122189135062
leaf_weight=26.274492725031454 14.675297700101508 367.33576832851395 8.9218413517810387 13.851256251800807 11.05838085641153 8.5321210604161006 26.946859629941173 188.62191140186042 9.2699908894719538 12.676126170670612 10.674358432763258 5.5748525778762987 47.723370129708201 2.1904563596472144 9.115039290394634 5.3216863360721618 1.3088770693866525 121.68037652957719 23.981575008598156 4.0345915604848441 93.188465587911196 4.666596355964427 9.8265104063320887 73.711408082046546 16.154458225588314 18.610871602082625 1.7526822159998108 1.3320227253716437 87.325638821464963 3.6570693661924443
leaf_count=6444 129 36521 759 277 131 256 3345 5471 147 790 191 91 1356 143 1480 942 305 29624 6203 1138 23196 1057 129 18497 4042 4539 470 419 9427 338
internal_value=-0.000107085 0.00159119 0.000984116 0.00808805 0.00173932 0.0017413 0.00112609 0.00166743 -0.00401517 -0.00624982 0.0139554 0.0075074 0.0055431 -0.00383207 -0.00361892 -0.00280075 -0.00390249 -0.00431287 0.00458992 0.0125645 -0.00238085 0.0188504 0.00694065 -0.00970289 -0.0078674 -0.0114699 -0.00305423 -0.00353194 -0.00505083 -0.0162391
internal_weight=1229.99 828.862 759.506 69.3558 34.1796 657.411 595.581 555.958 23.1212 39.623 35.1762 61.8303 56.2555 102.095 401.133 338.341 295.211 289.889 43.1298 19.1482 214.869 13.7816 20.5009 75.0203 62.7925 34.7653 28.0272 5.36661 93.1732 5.84753
internal_count=157857 59501 58497 1004 555 47830 46127 41992 424 4135 449 1703 1612 10667 98356 82861 72564 71622 10297 4094 52820 2537 320 18802 15495 8581 6914 1557 9908 481
is_linear=0
shrinkage=0.03


Tree=53
num_leaves=31
num_cat=0
split_feature=70 38 12 6 24 44 69 59 21 43 41 41 24 42 60 38 16 69 67 71 60 52 5 47 17 20 72 45 78 42
split_gain=6.85156 3.45639 2.28341 2.68242 3.08063 2.25498 2.25169 2.16312 2.04508 1.99019 1.95483 2.42044 2.63672 1.75627 1.60454 1.48994 1.46721 1.45899 1.45387 1.45154 1.58792 1.79518 1.23445 1.37245 1.22164 1.20035 1.14677 1.10977 1.10313 1.09001
threshold=1.278172605917123 1.2773409215763476 0.037857749195329367 0.02879062738777487 -1.1878739353990502 0.044735591631502654 1.3267011379244551 0.99371727059814219 -0.12649421573241051 0.015317162684066467 -0.0077900021143855183 -0.0055207451974239033 1.5444395220350262 0.019772250757816971 0.10876430757152673 0.86171332158487812 0.074446217197976408 -1.2838659788153193 -0.14587748859434788 0.035108447406966982 0.28786263487756031 0.23099646237003255 0.042593105249369843 -0.0055507088504878612 0.18178665682136205 -0.056971946601832295 2.603157250239883 0.014770771177377314 -2.4510436916850433 0.019729855803148569
decision_type=8 10 8 8 8 10 10 10 10 10 8 8 10 10 10 10 8 8 10 8 10 2 10 10 2 10 10 10 8 10
left_child=6 2 3 5 -5 15 16 14 -6 27 17 -12 -13 -7 -3 -2 19 -4 -11 20 21 -1 23 -16 -19 -24 28 -8 -21 -18
right_child=1 7 10 4 8 13 9 -9 -10 18 11 12 -14 -15 22 -17 29 24 -20 26 -22 -23 25 -25 -26 -27 -28 -29 -30 -31
leaf_value=0.010399608869069167 -0.0082478394880327703 0.0090514100813627353 0.0063025074286873805 -0.0069835017598359819 0.0036145309030498839 -0.00035567064392285166 -0.0047150498047917322 0.0074010667421725729 0.011782596649647144 0.01216306693675265 0.018289666550471633 0.0026065554146814844 -0.013794624598249783 -0.015914999616066933 0.0014735912098595781 0.0068228187971988759 -0.0091518600150656115 -0.016704327135907162 0.0020771452791345773 -0.008876719545068492 -0.0051291841846706617 -0.0018631050512256018 -0.00085614982021788044 -0.0087908790542303855 0 -0.01649371876609014 -0.010661404420621239 0.0083077595402068528 0.00051709005354365052 -0.0021231573001828886
leaf_weight=10.809503621421753 5.5850376673042765 5.8518763975007451 4.6362486744765192 10.239340897300279 41.674753635190427 28.11726013245061 34.799347529537044 14.878244381397961 97.108648441499099 20.724488679552451 7.0899934847839177 105.45646711962763 8.5927557046525163 7.695523274363949 25.094153556390665 54.494787038420327 47.833601663238369 11.03728985972703 35.08766533981543 10.786748566781169 181.60740474006161 115.07437877880875 6.8657966593746123 20.008632686920464 5.7683145710034287 14.826977270422502 8.2640322925290075 5.9744690962834275 243.91152497020084 36.97455661802087
leaf_count=1889 106 329 102 198 616 843 3803 231 1432 962 160 3987 339 269 1688 1498 9980 731 3343 624 50943 30390 177 1475 225 605 276 477 32535 7700
internal_value=-8.8061e-05 0.00272655 0.00394438 0.00569833 0.00821031 0.00171915 -0.0018716 -0.0026148 0.00939471 0.00237065 0.000891971 0.00239988 0.00123561 -0.00412208 -0.00477943 0.00526063 -0.00250414 -0.00722085 0.00602328 -0.00194211 -0.00333906 -0.000712813 -0.00615103 -0.0031068 -0.0112645 -0.0119324 -0.000290776 -0.00258184 7.43597e-05 -0.00618291
internal_weight=1226.87 475.022 387.496 244.915 149.023 95.8926 751.848 87.5257 138.783 96.586 142.581 121.139 114.049 35.8128 72.6474 60.0798 655.262 21.4419 55.8122 570.454 307.491 125.884 66.7956 45.1028 16.8056 21.6928 262.962 40.7738 254.698 84.8082
internal_count=157933 15011 10506 4962 2246 2716 142922 4505 2048 8585 5544 4486 4326 1112 4274 1604 134337 1058 4305 116657 83222 32279 3945 3163 956 782 33435 4280 33159 17680
is_linear=0
shrinkage=0.03


Tree=54
num_leaves=31
num_cat=0
split_feature=59 69 32 72 53 50 53 53 53 37 53 10 69 52 50 67 5 48 16 40 50 59 7 48 72 56 32 46 47 14
split_gain=7.91533 3.33066 2.61284 2.60017 2.55121 2.05634 1.8873 3.56827 1.79323 2.39579 1.778 2.18696 1.65415 1.8044 4.46504 2.60609 1.6846 1.5945 1.57699 1.56889 1.41103 1.36291 1.21725 1.768 1.67437 1.00485 0.936865 0.744599 0.685139 0.627491
threshold=0.90179360784418805 -2.3446232655665509 0.2995341135814748 2.4202605304444638 0.019586952900428178 1.0000000180025095e-35 0.015687345190923036 0.012967524304535403 0.017149272158104051 -0.44331652337593397 0.019447970887333878 0.35678226452256001 2.3617368352301114 0.6048222636334869 0.016420858324572189 -0.040851934741607872 0.035914171543868265 -0.063597867329977617 0.095389315501432717 0.008381567608063965 0.051343830820821619 0.99371727059814219 0.004860140058925779 -0.024865507282126827 -1.271467964569666 0.85898826408587803 -0.20620835986647437 0.0097516835767139931 -0.0011082149611713608 0.38675980045020769
decision_type=8 8 10 10 10 10 10 10 10 10 10 10 10 2 10 10 10 10 10 10 10 10 10 10 10 10 10 10 8 10
left_child=2 5 10 12 8 -2 7 -7 9 -5 20 17 13 14 -3 -15 18 -12 -14 26 22 -18 23 -1 -24 29 -13 -27 -22 -4
right_child=1 3 25 4 -6 6 -8 -9 -10 -11 11 19 16 15 -16 -17 21 -19 -20 -21 28 -23 24 -25 -26 27 -28 -29 -30 -31
leaf_value=-0.013635219342345406 0.014807077122230977 -0.0014785835596859366 0.0030564112882896961 -0.0032024430683728461 0.017480988479340147 0.010400876014878116 0.013238623648408884 -0.0079811492953036824 -0.0069103391623717139 0.0080199439921553699 0.022668321100560943 4.3869864866751928e-05 0.012034010384862509 0.0041863929454526994 -0.024391938618972937 -0.0024811672691871945 -0.010473199107899192 -0.0069826399776663252 0.0012543679860708415 0.0021058403192795059 0.010579839254593198 0.0052194952017693705 0.0046985555456263784 -0.0035640596061274738 -0.0024081971566279623 -0.0040951118391742954 -0.013281855010626648 0.0080305763730675397 0.00055842314865935734 0.025256280713529873
leaf_weight=18.695911822491325 26.875562704633921 155.46989931771532 2.5273985581006881 21.724919193424284 13.423312832135705 16.82064957683906 14.253520641475914 19.323191676288843 11.308670544764025 67.912043711869046 2.6007000523386523 4.8608884545974425 28.851348960306495 131.10830323363189 7.0953458546428001 86.413552047568373 9.3054709793068486 2.1108417958021155 22.248775101965293 7.9540260256035245 9.0161396956536901 8.5046873241662961 31.505952383973636 93.059524441719986 341.39873138954863 6.5995957857230705 39.744589113630354 10.012709638103841 17.996705160359856 2.9919657132122666
leaf_count=5089 285 7712 310 439 215 205 159 260 230 1160 188 1308 424 3870 298 4260 236 526 539 1652 1982 112 6789 24784 78786 565 11001 605 4075 49
internal_value=6.64881e-05 0.0023771 -0.00243259 0.00156175 0.00558185 0.00818724 0.00437928 0.00054243 0.00381417 0.0052616 -0.00283396 -0.00782809 0.000520952 -0.00025098 -0.00264002 0.00152465 0.00476428 0.00996227 0.00751234 -0.00963509 -0.00225494 -0.00294105 -0.00263276 -0.00538149 -0.00178878 0.00743226 -0.0117948 0.00308405 0.00426866 0.0175789
internal_weight=1231.71 640.639 591.076 563.366 114.369 77.2729 50.3974 36.1438 100.946 89.637 568.944 57.271 448.997 380.087 162.565 217.522 68.9103 4.71154 51.1001 52.5595 511.673 17.8102 484.66 111.755 372.905 22.1317 44.6055 16.6123 27.0128 5.51936
internal_count=158113 20404 137709 19495 2044 909 624 465 1829 1599 136180 14675 17451 16140 8010 8130 1311 714 963 13961 121505 348 115448 29873 85575 1529 12309 1170 6057 359
is_linear=0
shrinkage=0.03


Tree=55
num_leaves=31
num_cat=0
split_feature=70 69 78 76 53 43 12 44 7 7 50 53 14 37 43 10 44 30 21 14 30 8 28 54 61 19 41 44 43 15
split_gain=6.2084 2.09292 2.07659 2.66261 2.82314 2.2975 2.63418 2.27979 2.01132 2.97048 1.71862 1.62675 1.84989 1.90142 1.5993 1.98855 2.13706 1.60502 1.50141 1.44577 2.64028 1.84369 1.49887 2.12108 1.41065 1.32995 1.17811 1.13331 1.2731 1.13073
threshold=1.1214045438021174 1.6493751801400169 -0.38415390979225522 -0.24647777726382944 0.018586135180179677 0.015077842816831334 -0.01032218281142344 0.019152812517309829 0.016408356495340125 0.013669042429212821 -0.011819095873397021 0.024132712610863215 -0.28372563352121261 -0.55666430135910494 0.053765239728748145 1.2175361988361895 0.03190657456897706 0.44809348550509137 -0.050139134205401718 0.46554044264939359 0.27675562010602173 0.038164654943288301 -0.1113446889536651 0.45922623023517395 0.32778350470811429 -1.415670574747697 -0.020850695544599781 -0.12918337154265866 -0.053124606254679956 0.010280617166503971
decision_type=10 10 10 8 10 10 10 10 10 10 10 10 8 8 10 10 10 10 10 10 10 10 10 10 10 10 10 8 8 10
left_child=1 11 3 4 5 7 -7 -2 9 -5 -10 12 13 -1 19 -16 17 -17 -3 20 -4 -22 -21 -24 -18 -15 -13 -14 -29 -20
right_child=2 18 14 8 -6 6 -8 -9 10 -11 -12 26 27 25 15 16 24 -19 29 22 21 -23 23 -25 -26 -27 -28 28 -30 -31
leaf_value=0.016944936555384874 -0.0064074087370478315 0.013644924189028325 -0.013429989816746484 0.0098103663297948399 0.015042519744651449 0.00329699183741388 -0.0171625731114914 0.010370347405115551 0.0048257388364414955 -0.0095912015639719635 0.01901828828655297 0.00080299034569933185 -0.01949658966578419 0.010575351189511915 0.0061328271429609291 0.0098371144753141137 -0.003838508550124953 -0.010915457374843261 -0.0052895952295465461 0.013113512215329179 0.00086908135164225455 0.010821900124566261 -0.0032161272538767951 0.0096572689296023206 -0.030436073597097227 -0.006760309020364519 -0.014310911456995506 0.0037100818813854742 -0.0026134806728545434 0.0038876555142429011
leaf_weight=8.0153846091125143 11.137108343886213 9.4831919382559118 10.006534030078909 21.677096208324659 9.7109672597143781 8.6855305042117852 13.006577217485754 17.057821495924145 13.174940870841963 9.2935668926220369 24.373627162072808 5.7467945420648929 2.539909218903631 5.2723455782979718 8.3649435464758444 5.0863355521578359 3.4774037429597211 6.3947490674909204 16.016048732330091 18.005917793605477 255.06485622294713 17.056889666826464 23.487047548172995 20.558662455994636 4.8220359422266483 9.8642713727895188 15.962255411897784 28.893677258514799 584.12043713475578 39.889876439003274
leaf_count=205 211 224 983 486 154 126 263 283 207 213 308 1315 603 314 391 166 88 217 1273 249 9684 388 667 514 330 590 4264 5864 124072 3260
internal_value=-9.86745e-05 -0.00187256 0.00246666 0.00575348 0.00102582 -0.00188569 -0.00905406 0.00364784 0.00974853 0.00377668 0.0143706 -0.00238275 -0.00209261 0.00603062 0.00131524 -0.00541415 -0.0105017 -0.00142977 0.0031933 0.00188833 0.000954103 0.00154126 0.00600585 0.00280702 -0.0212256 -0.000254922 -0.0103187 -0.00241229 -0.00230498 0.00115907
internal_weight=1226.25 725.804 500.443 128.117 59.598 49.887 21.6921 28.1949 68.5192 30.9707 37.5486 660.415 638.706 23.152 372.325 28.1455 19.7805 11.4811 65.3891 344.18 282.128 272.122 62.0516 44.0457 8.29944 15.1366 21.709 615.554 613.014 55.9059
internal_count=157912 141984 15928 2251 1037 883 389 494 1214 699 515 137227 131648 1109 13677 1192 801 383 4757 12485 11055 10072 1430 1181 418 904 5579 130539 129936 4533
is_linear=0
shrinkage=0.03


Tree=56
num_leaves=31
num_cat=0
split_feature=71 19 20 35 69 59 24 28 66 18 54 33 52 44 53 53 44 52 6 46 46 53 52 28 71 14 33 52 0 16
split_gain=7.22399 2.44985 2.81673 2.84752 2.44238 2.35334 2.11211 2.2449 1.96487 1.88604 1.83557 1.94428 1.79383 1.79224 2.61227 2.49446 2.47697 2.72622 2.09424 2.01964 1.85159 1.76547 1.75275 1.65766 1.55364 1.39481 1.31842 1.28976 1.99005 1.2425
threshold=1.762121107196345 -1.0474503511411009 0.015942785972848931 -0.13468942812789789 -1.0722697537945465 0.64248871695680221 1.3136646825266109 -0.13652228363920951 0.97449518905000687 30.34314127170347 0.31072012667549004 0.033477046715056989 0.83316361167685005 0.077141816382879549 0.020765565365582783 0.017033352651483157 0.084656320395306919 0.71967429796997362 0.012847994523436384 0.0057736429749772862 0.015511705849620694 0.010900370295388781 0.78622612810545889 -0.13474593908690111 2.4500003928547391 0.80039347458641819 0.0095424196041640937 0.60809578262408459 -0.013349542941368918 0.093676860474746451
decision_type=10 8 10 10 8 8 8 10 10 10 10 8 2 10 10 10 10 2 10 10 10 10 2 10 10 10 10 2 10 10
left_child=5 9 3 4 -3 13 8 -8 12 27 -5 -12 -4 14 15 21 19 20 -17 -15 -18 -1 -19 24 -11 29 -27 28 -2 -7
right_child=1 2 6 10 -6 25 7 -9 -10 23 11 -13 -14 16 -16 18 17 22 -20 -21 -22 -23 -24 -25 -26 26 -28 -29 -30 -31
leaf_value=0.0044400598230491094 0.0054509149747350091 -0.021210358206656701 0.0056064835232363741 0.014937372623568099 -0.00043669217086741828 0.00021687787653766323 0.008560913509481842 -0.013363035380688284 -0.0072916913791351646 0.005143592042015332 0.0023865257932260981 -0.0056545709214999157 0.01679442026177224 -0.0059731666793984353 -0.015994325345484367 0.012434418671515237 -0.014862824221627333 0.010425840544021138 -0.0017682553117179145 0.017260162952233388 0.0085168871600894772 -0.0055369254330465264 -0.0018894435553538612 0.0018920014288239513 0.01723505169787818 0.020964748798061442 0 0.0082437330580816936 -0.010050100404719682 -0.0049081056279124576
leaf_weight=16.149235827848315 15.252319767838346 9.7693917384603974 108.14824837842025 6.6428041085600844 10.321777229430156 394.05302814301103 5.7601270908489814 10.047541960608212 8.195281522232106 16.416684139752761 82.332624002825469 39.036604708409868 14.577756509417666 3.8266265396960071 15.698480722610837 13.46192285674624 16.548089708201591 14.352461942587977 25.053413396584801 11.319990184972992 2.8319953235331914 218.28090349654667 30.73377401533071 16.31668111984618 31.050664476118982 4.4505350786494073 5.9048016571905464 19.307364507578313 12.66895688488148 46.627498330781236
leaf_count=3839 278 205 2156 126 193 44560 95 333 273 326 1685 1221 273 961 4918 2464 4252 3676 6596 2966 503 60653 7173 339 347 111 361 318 258 6541
internal_value=0.000102686 0.00337328 0.00191674 -0.000984001 -0.0112069 -0.00151591 0.00485181 -0.00516168 0.00611356 0.00716318 0.000671635 -0.000200331 0.00708466 -0.00329197 -0.00438926 -0.00365489 0.000654243 -0.00191051 0.00330901 0.0111983 -0.0110489 -0.00482096 0.00210699 0.0105079 0.0133075 -5.51086e-05 0.0103186 0.00245962 -0.00158307 -0.000328478
internal_weight=1225.14 405.845 294.832 148.103 20.0912 819.293 146.729 15.8077 130.921 111.013 128.012 121.369 122.726 368.257 288.644 272.945 79.6129 64.4663 38.5153 15.1466 19.3801 234.43 45.0862 63.784 47.4673 451.036 10.3553 47.2286 27.9213 440.681
internal_count=158000 8426 6560 3430 398 149574 3130 428 2702 1866 3032 2906 2429 98001 78470 73552 19531 15604 9060 3927 4755 64492 10849 1012 673 51573 472 854 536 51101
is_linear=0
shrinkage=0.03


Tree=57
num_leaves=31
num_cat=0
split_feature=59 72 53 5 25 24 11 33 64 17 59 69 68 69 68 51 15 53 31 30 0 47 3 18 30 48 58 8 46 46
split_gain=6.49032 2.19097 2.21747 1.99659 3.71337 1.98044 2.34789 1.88481 1.86361 2.11496 1.77096 1.7685 2.01169 1.88995 1.75158 1.747 1.49867 1.47622 1.43369 2.93523 3.04928 1.62791 1.43505 2.22362 1.84533 1.36156 1.35736 1.19367 1.12161 1.9242
threshold=0.90179360784418805 -1.2100165108166643 0.018097691933190219 0.026569326035926915 -0.083665534742940625 -0.70566903058118691 0.1068565189152554 0.017345413759232344 0.092707174638487225 -0.065913861398970403 0.41311176389033316 2.3617368352301114 1.9942931132541817 -2.3446232655665509 -1.7786362384490022 0.53761065702475841 -0.011605416783375564 0.013741127444030344 0.095320844693145571 0.66855763757242848 -0.036443845034037241 -0.062196129129436388 0.21774330582538484 48.73147131743044 0.40204721234959356 -0.0039647519872217365 0.27018702814001377 0.012803456068113964 0.0071743398670720071 0.0057736429749772862
decision_type=8 10 10 10 10 10 10 10 8 2 10 10 10 8 8 2 8 10 10 8 10 10 10 10 10 10 10 8 10 10
left_child=1 2 26 11 5 6 7 -5 -7 -10 28 13 -13 16 -15 27 -2 -16 22 21 -21 -20 23 -6 -24 -14 -1 -4 29 -3
right_child=3 10 15 4 18 8 -8 -9 9 -11 -12 12 25 14 17 -17 -18 -19 19 20 -22 -23 24 -25 -26 -27 -28 -29 -30 -31
leaf_value=-0.0048781094192156199 0.014162239591181583 -0.0067176172898878389 0.024536106012152805 0.0045116362780387026 0.00046827010179808723 -0.0045866255290343549 0.018055297054305593 -0.0054741889492142155 0.0037192551824854849 0.013402793640171115 -0.0015445554966999786 0.013411063186874749 -0.0087100187498022723 -0.0082557837481499786 0.0015519539055870479 0 -3.923421976961211e-06 -0.0036465577014890707 0.0014362933338233394 0.012873017894050218 -0.0087064849695610846 0.018694328532822824 -0.0026159798064635644 -0.0098010918844327281 0.014536784398056567 0.0069488011826201162 0.0045246845263458421 0 -0.0073687845577247481 0.0022242026924459406
leaf_weight=27.408697760431096 12.43945164978504 45.569952811696567 7.5917306850897157 50.609772548777983 43.546684454078786 7.277248565806075 7.3681024820543817 24.245862915646285 31.859821377438493 66.380486518028192 336.18945865822025 17.824469124432653 8.5931275021284836 27.801830210839398 132.75336104282178 7.0368252639891571 12.604017129167916 76.552848052233458 8.4972092821262795 7.3471506719943163 18.836646309820935 12.926331446971743 12.200961192371325 31.824227467179298 8.7995786906685662 9.3829678772017342 25.831464626826346 2.1432405071100229 100.50798388570547 39.107211890048347
leaf_count=7127 152 12360 443 961 930 186 127 737 668 1406 71549 282 242 797 6491 1391 173 4395 207 118 493 187 358 1029 190 186 5721 263 28418 10374
internal_value=6.17405e-05 -0.0021907 0.00274166 0.0021821 0.00378055 0.00654901 0.00295267 0.00120814 0.00926923 0.0103617 -0.00286276 0.000385763 0.00655014 -0.000466363 -0.00131454 0.0119216 0.00719103 -0.000343413 0.000129655 0.00435592 -0.00229013 0.0123524 -0.0019506 -0.00390009 0.00476902 -0.000443039 -0.000261371 0.0195385 -0.00521858 -0.00257516
internal_weight=1221.06 591.387 70.012 629.672 331.72 187.741 82.2237 74.8556 105.518 98.2403 521.375 297.952 35.8006 262.152 237.108 16.7718 25.0435 209.306 143.979 47.6073 26.1838 21.4235 96.3715 75.3709 21.0005 17.9761 53.2402 9.73497 185.185 84.6772
internal_count=157961 137646 14945 20315 7597 4085 1825 1698 2260 2074 122701 12718 710 12008 11683 2097 325 10886 3512 1005 611 394 2507 1959 548 428 12848 706 51152 22734
is_linear=0
shrinkage=0.03


Tree=58
num_leaves=31
num_cat=0
split_feature=59 69 69 33 60 48 2 7 26 45 27 61 43 72 59 66 75 2 14 51 54 5 43 45 41 67 33 30 46 45
split_gain=5.20083 3.57425 2.41182 2.2605 1.97867 2.40193 1.97821 1.91083 2.36533 2.18299 1.86755 1.81225 2.52231 1.68167 1.70273 1.56474 1.55157 1.54336 1.50834 1.45891 1.31908 1.30215 1.29792 1.44588 1.19243 1.11777 1.10896 1.00184 0.964123 2.19483
threshold=0.94397445986550299 -2.3446232655665509 1.3636166535769079 -0.10861755179279826 0.95592859785423612 -0.025302203043303714 -0.018938848163499052 0.011961857633773986 0.52701680270403817 0.0054244966173402987 -0.046732180904957614 0.49566158479201966 0.049940771449069728 -1.2294053513963665 0.409229998653108 0.049060133164152954 -4.4612146713969389 -0.074888165073164134 0.35133091486671769 0.68266874784471032 0.4040333730085946 0.028802373773296565 -0.027805513792282962 0.0069470900740142743 0.01021745097606397 0.95670651588497535 -0.15429967242024623 0.42340302462779317 0.0071080236035789548 0.0053649433499116618
decision_type=10 8 10 10 10 8 10 10 10 10 10 10 10 10 10 10 10 8 8 2 10 10 8 10 10 8 10 8 8 10
left_child=2 4 13 6 19 -6 18 10 9 -9 20 12 17 21 28 -12 -10 -4 26 -2 -5 22 25 -24 -23 -1 -3 -16 29 -15
right_child=1 3 11 7 5 -7 -8 8 16 -11 15 -13 -14 14 27 -17 -18 -19 -20 -21 -22 24 23 -25 -26 -27 -28 -29 -30 -31
leaf_value=0.015229551364149758 0.0080381145079893197 0.00044064935649162202 -0.013198945089208417 0.0017497892860018458 0.010802361809100798 -0.0061729004037423948 -0.015134639089545489 0.0049246078739355534 -0.0070051457057254182 -0.01352288158150243 -0.0067748932377444055 -0.00014993209021015957 0.022043780165483584 -0.0064331768239635446 -0.0055341730111021555 0.0035148116109216449 0.0052557589497172329 0.0062727750909028733 0.010343921513417684 0.020746070986415833 -0.015128118362505862 0.015876619567070975 0.0015594836291176345 -0.0060774713445467662 -0.0021405212275711211 -0.00590925054909719 -0.014791166302061027 -0.0010599475208434726 -0.0071563910863223137 0.003669993829035502
leaf_weight=7.4530288092792016 24.229197956621647 10.462424850789832 3.2596665911842138 5.3753016162663725 14.548740919679402 13.381209420040252 11.783312299521638 9.2639848035760242 8.7000885624438506 12.152327309362589 17.072302624583244 59.571560935350135 8.1330125146778283 49.777452949783765 51.108641797094606 48.842505460139364 197.48260956211016 24.03825802158099 7.0160915865562883 14.712925573810933 12.195637356140649 8.4844804232707229 64.384542671265081 32.668100822018459 4.3322481145150951 2.21930945396889 5.8463661973364642 367.75685937574599 97.74816944624763 30.043861850514077
leaf_count=969 275 263 152 163 158 158 378 182 134 326 687 6682 298 13500 11381 1421 3800 1502 97 135 411 333 10378 6392 231 468 166 60944 28067 8019
internal_value=-3.7508e-05 0.00269618 -0.00143519 0.00144711 0.00900173 0.00263358 -0.00564326 0.00227244 0.00369606 -0.00554557 -0.00157092 0.0030216 0.00829411 -0.00203413 -0.0026859 0.000743469 0.0046926 0.00345737 -0.000299981 0.0133137 -0.00998709 0.00118821 3.7701e-05 -0.0010163 0.00985528 0.00999895 -0.0053854 -0.0016249 -0.00514875 -0.00259498
internal_weight=1224.04 413.065 810.979 346.193 66.8721 27.93 35.1082 311.085 227.599 21.4163 83.4857 95.0025 35.4309 715.977 596.435 65.9148 206.183 27.2979 23.3249 38.9421 17.5709 119.542 106.725 97.0526 12.8167 9.67234 16.3088 418.866 177.569 79.8213
internal_count=158070 8754 149316 8028 726 316 904 7124 4442 508 2682 8634 1952 140682 121911 2108 3934 1654 526 410 574 18771 18207 16770 564 1437 429 72325 49586 21519
is_linear=0
shrinkage=0.03


Tree=59
num_leaves=31
num_cat=0
split_feature=59 78 69 10 72 29 63 17 17 72 53 59 38 58 20 58 30 57 53 48 44 44 43 43 34 1 53 53 43 45
split_gain=5.43807 2.23715 2.04677 2.1967 2.75359 2.40519 2.07865 1.97884 1.91005 1.86041 2.48067 1.97358 1.81647 1.52397 1.46011 1.38087 0.960502 0.901124 0.898648 0.880356 0.761119 1.42449 1.17383 0.896666 0.739143 0.697359 0.69091 0.767981 0.684704 0.648382
threshold=0.90179360784418805 2.3982584691087849 1.2603936146787305 2.790567815925304 3.2859724147737244 0.99371725489810669 0.060860746097539477 -0.88966237386286517 -0.034878505100577932 -1.2100165108166643 0.018097691933190219 0.2740742565830146 0.75754244084942146 0.25813228576971242 -0.015680793437754133 0.97486908239256875 0.53119431977497478 0.97080288796103009 0.019447970887333878 -0.031183539083992903 0.077141816382879549 0.085623198180254559 0.0093533666744997097 0.044044651633585737 -0.00027875385680039313 -0.089720742125147288 0.019586952900428178 0.016926753424887551 0.011955602360510411 0.018619033743462497
decision_type=10 10 10 10 8 8 10 2 2 8 10 8 10 10 10 10 10 8 10 10 10 8 10 8 8 8 10 10 8 8
left_child=9 2 3 4 5 -2 -4 -8 -5 10 13 20 -9 29 -3 18 -12 -15 24 -16 26 22 -22 -23 -13 -20 27 -11 -17 -1
right_child=1 14 6 8 -6 -7 7 12 -10 11 16 15 -14 17 19 28 -18 -19 25 -21 21 23 -24 -25 -26 -27 -28 -29 -30 -31
leaf_value=-0.0067900799477036075 0.0027062156362907589 0.001455065031117275 0.013472549196702922 -0.00089506126163189014 -0.013252073468224724 -0.0025297335233608743 -0.0103463660711808 -0.0011527542998854997 0.015144787175235479 -0.0074179265999458439 0.00056622874849159986 0.0037175004507861401 0.0070896495977115026 0.0059372295953897206 -0.0015014932610944447 0.015182353314302843 0.016441712934330409 -0.012005180530744218 0.0047164244191475165 -0.020677122966319437 0.024197345212848765 -0.010229913080064094 0 0.0034232924638537376 -0.0018145758608803983 -0.0072144228123110134 -0.01641880697873585 0.0014714361480872885 -3.7309557435894019e-05 0.012904480529405996
leaf_weight=25.616444651503119 254.72179581702221 7.7948065287200761 23.294665114954114 9.8838476443197596 11.440992789110167 112.82109899050556 7.3659606880974016 32.699144476908259 17.105923557654023 74.411656921380199 5.2989647689973962 21.791420558933169 82.082180114462972 24.617484106682245 3.7026572346221664 5.3864056640304607 12.027653521508908 1.765218075714073 3.9354928457178175 6.7756292757112506 2.0187925668433309 11.753503174404612 4.5496200864436105 5.5312959573930192 383.44423924770672 40.240823387750424 6.8744271332398048 8.936307048192246 3.8890115773538128 0.59009244153275986
leaf_count=6701 6295 269 228 168 193 4631 173 846 248 20790 851 3790 1692 5513 124 178 1231 346 702 316 487 3353 1183 1485 81720 9637 2169 2377 179 126
internal_value=-0.000148445 0.0019811 0.00233272 0.00122293 0.000613795 0.00108834 0.0053805 0.00371603 0.00934158 -0.00204094 0.00253054 -0.00260763 0.00472595 -0.000714855 -0.00804446 -0.00171279 0.0120461 0.0042326 -0.00196293 -0.0148836 -0.00613348 -0.00115671 0.00969302 -0.00574842 -0.00150129 -0.00600427 -0.00738926 -0.00642312 0.00912647 -0.00577833
internal_weight=1212.37 569.689 551.416 405.974 378.984 367.543 145.442 122.147 26.9898 642.679 69.9159 572.763 114.781 52.5892 18.2731 458.687 17.3266 26.3827 449.412 10.4783 114.076 23.8532 6.56841 17.2848 405.236 44.1763 90.2224 83.348 9.27542 26.2065
internal_count=158001 15183 14474 11535 11119 10926 2939 2711 416 142818 14768 128050 2538 12686 709 96206 2082 5859 95849 440 31844 6508 1670 4838 85510 10339 25336 23167 357 6827
is_linear=0
shrinkage=0.03


Tree=60
num_leaves=31
num_cat=0
split_feature=59 32 69 16 17 40 66 50 43 44 68 46 5 57 26 10 32 47 36 70 45 46 46 45 72 7 29 34 44 45
split_gain=6.32489 2.50736 2.30066 2.72484 2.58008 3.781 2.34926 2.20519 2.11536 2.2309 2.02334 2.33188 1.98003 1.93535 2.58484 2.29236 1.85869 1.78955 1.68832 1.48736 1.46292 2.71639 1.54074 1.44275 1.4008 1.60377 1.23058 1.19542 1.13519 1.12281
threshold=0.89016505466778817 0.2995341135814748 2.3617368352301114 0.07147270406955343 0.27378807722501902 -0.0041706400559136806 0.62607766629505768 0.052822522001625523 0.0093533666744997097 0.069399657099751391 -1.54429414659665 0.01404985681647313 0.026569326035926915 0.0085745007398149112 0.69027895992335309 2.0347928836060496 0.018960479656886856 -0.0024304885339031519 -0.15187949605785081 2.6236608613192707 0.017937755590757574 0.012571263670552384 0.028220184399655488 0.0077166835594376431 -1.1906323799713847 0.0044919935796022504 3.0137536117037462 0.011349241559360334 0.091090681887800576 0.014553897021091179
decision_type=8 10 10 10 2 8 10 8 10 10 10 10 8 8 10 10 10 10 10 8 10 10 10 10 10 10 8 10 10 10
left_child=1 20 4 19 5 6 17 10 27 -10 11 -6 -9 14 -7 -15 -8 -2 -12 -4 21 24 -22 -23 25 -1 -14 -5 -3 -26
right_child=2 28 3 8 7 13 16 12 9 -11 18 -13 26 15 -16 -17 -18 -19 -20 -21 22 23 -24 -25 29 -27 -28 -29 -30 -31
leaf_value=-0.0055492557700877795 0.017802005927575273 -0.0067044443966821259 0.016032209015183506 -0.014543982791652975 -0.014943057109615111 0.017027559494259849 0.0069158172243046073 -0.011055774426469425 0.010239415541209503 -0.0048037092453122442 0.0085371515088042745 0.0043239045881860285 0.02169197749892179 -0.00090428674629780873 0.0016476161569139423 0.0046359191495962222 -0.0098531096917148855 0.0033191394694821689 -0.0038879898922974587 0.0027794069698375114 0.011733971512656587 0.00045537870174728381 -0.0046425393322184691 -0.011982047981438725 -0.0025532900823049642 0.0053423600537613643 0.0032207366480065244 0.0023645221316639202 0.010665845338289249 -0.011976186587926825
leaf_weight=16.099034416372888 26.88365559768863 3.1949206617428016 27.823176723904908 8.1843405498657358 24.519735958427194 14.538876584731041 18.439775284612555 3.4540960396407199 26.540806093253195 12.059649954549966 11.318766256794332 6.4868588270619503 5.5099665792658898 267.10129188664723 28.86898147710599 88.552991793723777 7.5167280797613776 12.102092151995747 46.975902052246965 11.822346818633376 11.718603977817112 9.852742037503047 7.6659085624851278 40.581753553822637 397.69458424241748 40.360270126140676 8.2462596960831434 5.5064561583567402 17.686351218144409 11.014725856948642
leaf_count=4177 477 390 371 244 648 159 406 369 487 305 294 119 110 12694 386 2088 212 254 2033 129 2858 2340 2434 10583 100674 8832 282 133 1092 2718
internal_value=0.00010682 -0.00224811 0.00208779 0.0064755 0.00136538 0.00233529 0.00899876 -0.00281442 0.00184035 0.00546122 -0.0047323 -0.0108093 0.00668579 0.00122361 0.00713391 0.000475867 0.00176305 0.0135767 -0.00132158 0.0123196 -0.00265507 -0.0029657 0.00520041 -0.00953237 -0.00222838 0.00214194 0.0117912 -0.00784112 0.00768608 -0.00284317
internal_weight=1218.32 555.869 662.453 91.9368 570.516 464.004 64.9423 106.512 52.2913 38.6005 89.3013 31.0066 17.2103 399.062 43.4079 355.654 25.9565 38.9857 58.2947 39.6455 534.988 515.603 19.3845 50.4345 465.169 56.4593 13.7562 13.6908 20.8813 408.709
internal_count=158298 136098 22200 1669 20531 16676 1349 3855 1169 792 3094 767 761 15327 545 14782 618 731 2327 500 134616 129324 5292 12923 116401 13009 392 377 1482 103392
is_linear=0
shrinkage=0.03


Tree=61
num_leaves=31
num_cat=0
split_feature=71 57 32 44 26 32 26 43 30 25 57 75 55 43 51 76 72 75 57 46 44 0 54 44 23 26 43 5 14 42
split_gain=6.65654 2.76153 2.42281 3.65823 2.95105 2.52634 2.3934 3.38919 2.4549 2.19943 2.06937 1.91284 1.74186 1.64816 2.33891 1.50388 1.48098 1.5308 1.49663 1.29155 1.38083 1.22226 1.28137 1.85881 1.12787 1.12114 1.03907 1.1888 1.03726 0.994913
threshold=1.762121107196345 0.012806844896397137 0.40615044897372876 0.094605798344892036 0.52701680270403817 0.21794918464609817 0.67000689702495897 0.014186503199483782 0.6409413387668198 -0.56260539254787845 0.95553201506591356 0.2364492212763078 0.16474657425533043 0.0093533666744997097 0.65878576001695033 0.11279890213052228 -1.2294053513963665 0.33062523740447108 0.52834308313421785 0.0071574059169649948 0.061421834541732896 0.044770482987874234 0.55974061043506673 0.022874320615856484 -0.060051250701853791 0.52701680270403817 0.018650951718324541 0.023326639171715947 -0.011107055264442054 -0.005241347237394999
decision_type=10 8 10 10 10 8 10 10 10 10 10 8 10 10 2 8 10 10 8 10 10 8 8 10 10 8 10 10 10 10
left_child=10 6 3 4 11 28 -2 8 -8 -6 16 -3 -12 -4 -15 -9 21 18 -18 20 -19 22 23 -1 -20 -24 29 -28 -5 -14
right_child=1 2 13 5 9 -7 7 15 -10 -11 12 -13 26 14 -16 -17 17 19 24 -21 -22 -23 25 -25 -26 -27 27 -29 -30 -31
leaf_value=0.013735186647745107 0.01627449997270046 -0.011705354009885803 0.00015962140732721575 -0.0075154395069890172 0.0079999767277786193 0.0015917341702708862 0.018719798426370927 -0.01157742277776296 0.0010998202694800572 0.0013791551729791063 0.014855769835954161 0.006903822305997882 0.0031083404037792008 0.024900005387576279 0.0044198661698431046 0.0032296403914301563 -0.0026524898906201376 -0.0044607198160100834 0.005978468277594521 -0.0065618970806045496 0.0025694616394711578 0.018558735916804559 0.0093749354512891372 0.00053849820126330582 -0.00040333013975092196 -0.0032966844239331076 0.0086079748106604008 -0.0034435040005575202 -0.028491627413905617 -0.0082453346432409744
leaf_weight=12.499807476648128 23.149690373800695 20.138795718667097 11.488007211592047 5.2558172135613868 59.572757724788971 7.4956622535828528 16.019538642838601 10.900610060431061 13.112240195274351 186.38469210243784 9.3401884951163066 5.5503501901403096 11.781155141419731 9.4152066989336181 11.555781343718989 11.669397986959668 267.69195504649542 71.164696014020592 33.059288847027346 125.07195229630452 37.209646789473481 2.4981144405901423 5.8995114521821952 35.436917578219436 89.838651054073125 63.564277934026904 22.609221863560379 9.6291709877550584 5.6373911371920231 13.884797830483876
leaf_count=1729 253 572 233 178 1230 206 153 165 174 4303 233 177 1194 145 206 154 45752 17734 3532 33237 9020 122 598 7276 16211 9377 1738 533 210 1410
internal_value=4.26829e-05 0.0032216 0.00199083 0.00109332 0.00199452 -0.0114809 0.00838859 0.00455891 0.0111883 0.00302082 -0.00151282 -0.00746426 0.00347626 0.00964843 0.0144661 -0.00398221 -0.00197188 -0.0025594 -0.0013936 -0.0044829 -0.0020181 0.00105707 0.000505724 0.00425128 0.00132354 -0.00206014 0.00136873 0.0049228 -0.020106 -0.00300015
internal_weight=1208.53 397.346 322.494 290.035 271.647 18.3889 74.8515 51.7018 29.1318 245.957 811.179 25.6891 67.2445 32.459 20.971 22.57 743.935 624.036 390.59 233.446 108.374 119.899 117.401 47.9367 122.898 69.4638 57.9043 32.2384 10.8932 25.666
internal_count=158055 8359 7460 6876 6282 594 899 646 327 5533 149696 749 5108 584 351 319 144588 125486 65495 59991 26754 19102 18980 9005 19743 9975 4875 2271 388 2604
is_linear=0
shrinkage=0.03


Tree=62
num_leaves=31
num_cat=0
split_feature=71 44 44 32 17 51 53 69 51 31 41 8 32 63 54 52 45 50 52 6 43 69 53 52 62 51 52 28 6 0
split_gain=5.11412 2.33686 3.22485 2.7726 2.38963 3.33588 2.5558 2.3294 2.28099 3.42399 3.39482 2.85374 1.85642 1.70587 1.98103 3.12086 2.43736 2.25327 2.20143 1.65532 1.4582 1.43325 1.42331 1.37858 1.3759 1.33873 1.62224 1.06423 0.898776 0.9309
threshold=1.762121107196345 0.074067940574290794 0.069399657099751391 0.35371090442331415 -0.83381134022434045 0.52096498184398354 0.02123172071865408 1.2915350115504582 0.65291229516275007 -0.061380236714785201 0.0013138048459536702 0.016246797472308897 0.2995341135814748 0.44689671964230382 0.57514232024538892 0.60896649527140501 0.017937755590757574 0.00810943323630209 0.56155059157242582 0.032627331574263667 0.051227617896574269 1.788957377697374 0.034327126981860252 0.71967429796997362 0.0043243293783250597 0.66736694677871156 0.58923790229013095 -0.23811222263995216 0.018709693522532558 0.025823113868782669
decision_type=10 10 10 10 2 2 10 10 2 10 10 10 10 10 10 2 10 8 2 10 10 10 10 2 8 2 2 8 10 8
left_child=12 2 4 8 5 -2 7 -6 10 19 -3 -11 13 21 15 18 20 -17 -15 -10 -16 24 -18 -5 -1 26 -23 -26 -14 -30
right_child=1 3 -4 23 6 -7 -8 -9 9 11 -12 -13 28 14 16 17 22 -19 -20 -21 -22 25 -24 -25 27 -27 -28 -29 29 -31
leaf_value=-0.018558402349569559 -0.016907781189308434 -0.0020059154288875757 0.016768437824430348 0.015977493610332166 0.0012651332514099171 0.0067958418234997349 0.014713469577955171 0.0074146246115537806 -0.0022987404856588092 -0.0053764550082705019 -0.02960975040180586 0.011715025415918661 -0.0084204087848552683 -0.0002202724886944032 -0.010833915497221912 -0.020304413266426836 0.011151800864291472 -0.0035161834161985591 0.010286928612041559 -0.025540455467784783 -0.00080009203483652968 0.010440030052072356 -0.0094519674093221408 0.00029013816729877662 0.0043624789629680121 0.015861221103127539 -0.013110978607928887 -0.0010877582031927127 0.0091190139403953714 -0.0069557366556363756
leaf_weight=2.9080702532082787 11.179366654017942 9.5709239793941396 15.732506376691161 8.5699560800567287 190.30925789487083 8.5418873913586122 17.503867354243994 78.533445585519075 5.7536569515941647 15.901422956958411 6.4578162742545819 17.19511812669225 2.6697557778097716 64.547272297786549 65.448825124185532 6.7402739394456148 8.9309946108842251 147.24494213354774 23.560139767476358 5.4380706222727895 17.24646819580812 4.6419885125942546 3.3100303340470409 11.585851561743764 33.985090492176823 8.1696350664133188 3.9202872834866866 392.48361123539507 25.85728921811096 2.7319759051315549
leaf_count=188 274 260 288 148 4167 156 313 1321 178 367 218 292 295 14925 16758 1636 2154 35478 5472 212 4044 173 1071 253 2996 254 183 62578 1430 193
internal_value=-2.49481e-05 0.00273599 0.00388009 -0.00179376 0.00315539 -0.00666373 0.00386293 0.00309344 -0.00503446 -0.00133963 -0.0143891 0.00349849 -0.00139408 -0.00168565 -0.00329468 -0.00182321 -0.00695763 -0.00439667 0.00263962 -0.0150066 -0.00881172 -0.000458695 0.0050608 0.00754193 -0.00080841 0.00788603 -0.00027266 -0.000637224 0.00564346 0.00729837
internal_weight=1216.67 402.273 321.8 80.4728 306.068 19.7213 286.347 268.843 60.317 44.2883 16.0287 33.0965 814.397 783.138 337.029 242.093 94.9363 153.985 88.1074 11.1917 82.6953 446.109 12.241 20.1558 429.377 16.7319 8.56228 426.469 31.259 28.5893
internal_count=158275 8447 6519 1928 6231 430 5801 5488 1527 1049 478 659 149828 147910 81538 57511 24027 37114 20397 390 20802 66372 3225 401 65762 610 356 65574 1918 1623
is_linear=0
shrinkage=0.03


Tree=63
num_leaves=31
num_cat=0
split_feature=58 78 66 72 43 60 14 14 37 19 38 72 75 36 72 59 53 49 63 7 46 46 46 54 66 0 43 52 2 70
split_gain=4.65935 2.27991 2.69792 2.44851 2.0257 1.98815 2.06228 3.40811 1.73114 2.37859 1.84685 1.70135 2.19803 1.72491 1.33385 2.22084 2.06789 1.93571 1.39372 1.25041 1.07758 1.83904 1.62599 1.41662 1.03547 0.966287 3.20492 1.22833 1.41882 0.945825
threshold=0.90589410546671123 -0.32245789228195276 0.39193417223078247 2.4202605304444638 -0.030878128363564735 0.99787007213174261 -0.15280172018423746 0.0035348347636710025 0.53950425152083503 -1.127461044052158 0.95337602791754306 -0.22505122867788427 -4.4612146713969389 -0.20402693577158765 -1.2294053513963665 0.409229998653108 0.017635968509871418 0.012914346934029821 0.391258868473713 0.017267714787913564 0.0071743398670720071 0.0057736429749772862 0.0044955273699602847 0.48983077733338304 0.5502631744124532 0.050866910265254035 -0.12446042191353472 0.14462555537712116 0.058035566693645631 -0.53976973389587302
decision_type=10 8 8 10 10 10 10 10 10 10 10 8 8 10 8 8 8 8 10 10 10 10 10 10 8 8 10 2 10 10
left_child=14 4 -3 11 -2 6 19 -8 9 -5 -10 13 -13 -4 16 20 29 24 -19 -6 21 22 -16 -23 -18 27 -27 28 -17 -1
right_child=1 2 3 8 5 -7 7 -9 10 -11 -12 12 -14 -15 15 25 17 18 -20 -21 -22 23 -24 -25 -26 26 -28 -29 -30 -31
leaf_value=-0.0044113019823033492 -0.0042151530851011892 -0.014941795916994986 0.015176167853600899 0.012721225283975308 0.0080691291996312763 -0.0049266521088326262 -0.010713152407456478 0.0084237537913936095 0.021989541635897971 -0.0025026575404511042 0.0061820244760089809 -0.015082021488559453 -0.0003645756207300346 0.0019171348500069958 -0.00021867437088802776 -0.0089376036389513819 0.02168642042479545 0.010832114699099199 -0.014107334579825586 0.020328798496645858 -0.0070161108147107831 0.0080608212956995457 -0.011704589498785722 -0.0030735714886930086 0 0.029049216935365104 -0.0075354429264408353 -0.00069359175963157945 0.0058218022613664936 0.0031240970957626775
leaf_weight=29.343996441108175 14.514151384588329 8.2874902654439193 10.769651380949652 11.994651187211273 18.596731752622873 9.5941626355051977 9.2983610482187924 43.421270588296466 9.3194632469676417 30.536788719007745 24.977879120851867 8.5581492087803781 221.52749129664153 39.896162429940887 21.475358681404032 31.084803592879325 9.211691352189515 2.7349663544446257 3.3177235695766285 17.027906141243875 98.497851938591339 19.153693253290839 23.308304098434746 19.710695008281618 2.6517548977863052 2.9149147487478331 3.8983385921455911 431.4645073505817 6.1841900547733522 28.380530744092539
leaf_count=7209 256 203 237 158 287 124 215 723 119 603 421 183 9032 2169 5999 4986 733 367 783 188 28483 5264 6329 5134 353 185 622 71347 452 4974
internal_value=-0.00013312 0.00216506 0.000999989 0.00141847 0.00588697 0.00744186 0.00885877 0.00485606 0.00612753 0.00191545 0.0110636 0.000101995 -0.000987878 0.00503276 -0.00163711 -0.0020735 0.00209567 0.0107148 -0.0024748 0.014406 -0.0048853 -0.00228752 -0.00638729 0.00240314 0.0173465 -0.000982225 0.00944729 -0.00116 -0.00632199 -0.000665291
internal_weight=1211.65 478.32 365.868 357.58 112.453 97.9384 88.3443 52.7196 76.8288 42.5314 34.2973 280.751 230.086 50.6658 733.333 657.693 75.6407 17.9161 6.05269 35.6246 182.146 83.6481 44.7837 38.8644 11.8634 475.547 6.81325 468.734 37.269 57.7245
internal_count=158138 14918 13125 12922 1793 1537 1413 938 1301 761 540 11621 9215 2406 143220 128801 14419 2236 1150 475 51209 22726 12328 10398 1086 77592 807 76785 5438 12183
is_linear=0
shrinkage=0.03


Tree=64
num_leaves=31
num_cat=0
split_feature=70 44 6 6 36 5 38 60 70 46 45 54 46 9 53 44 45 14 0 78 58 66 37 54 38 72 77 7 58 49
split_gain=4.77925 2.13069 2.69584 1.91124 2.22568 2.64138 1.88242 2.48527 1.82862 3.02716 1.58567 1.77788 1.61217 2.97116 1.5158 1.5012 1.41348 1.31437 1.01638 1.01505 0.902205 0.73947 0.718376 0.600792 0.285861 0.2957 0.279124 0.422342 0.250407 0.237283
threshold=0.85447327246506166 0.16428366975657974 0.047002521300884136 0.070717937891513788 -0.36820339616085029 0.059352256444959776 1.2773409215763476 0.10471182365432881 1.9630145435903179 0.0044955273699602847 0.017937755590757574 0.77040262719322461 0.015272799414690232 1.2304664548674089 0.029764367986026909 0.07418281250083604 0.01524258120370464 -0.18776360334059514 -0.036443845034037241 -1.8218339793564213 0.63891706107730462 0.98957245998608223 -0.110653711113524 0.67931353569504271 1.5277940755647486 -1.6383099836631221 0.4069447682771215 0.012362628619043477 0.80490309009866301 0.10254335321869724
decision_type=8 10 10 10 8 10 10 10 10 8 10 8 8 8 10 10 10 8 10 10 8 8 10 10 10 10 10 10 10 10
left_child=10 3 -3 6 -5 -6 8 21 15 -10 11 12 16 22 19 -2 17 -1 -9 -12 -13 -8 -14 -18 25 -21 27 -22 29 -16
right_child=1 2 -4 4 5 -7 7 18 9 -11 14 20 13 -15 28 -17 23 -19 -20 24 26 -23 -24 -25 -26 -27 -28 -29 -30 -31
leaf_value=0.0034795286609808278 0.0018200054567212179 0.0080025565809206806 -0.030623759026421744 0.02083982508693168 0.013805246513852832 -0.0098022110773178534 0.017368216316816839 0.0044220396992367276 -0.0060085076631982348 0.0058772943303303411 -0.0072236360862752416 -0.017889440495622091 0.017763752903997069 -0.011092498213336667 -0.010261147265289263 -0.0041124530738498068 -0.014988119894453636 -0.0023736400588265723 -0.0054019438990496882 0 0.010419819758467275 0 -0.0018248149185318143 0.0035189669099659131 0 0.015482861645834472 -0.010559183258402355 -0.0054445916274753594 0.0049512628768275235 0.0026238981403373008
leaf_weight=35.647451295284554 216.13869553816039 2.0052324144635341 2.9977934586349875 9.3978273905813694 7.7755010793916881 7.2418198487721384 5.7703990576555926 9.8535084256436658 20.566466650925577 177.31046062137466 1.7179995727492539 8.7720144069753552 10.00165990437381 4.7070899519603726 4.9809280999470493 45.465629149693996 9.5671014392282778 533.27680453762878 69.037475309451111 1.1186933014541889 1.9472132502123725 3.2529647449264312 1.4642841753084184 1.1692184589337564 1.0114057953469462 12.266432055039326 1.0893721706233916 1.9561654082499442 0.66533956292551 0.76297012693248678
leaf_count=3197 10080 133 263 107 167 189 273 387 365 3311 176 2150 1311 967 1565 2435 1998 118933 5142 124 158 180 284 320 276 2688 201 359 87 323
internal_value=-0.000116223 0.00185407 -0.0158883 0.00204201 0.010114 0.00233247 0.00165872 -0.00232662 0.00243117 0.00460285 -0.00191895 -0.0022143 -0.00194993 0.0070825 0.00570138 0.000765813 -0.00221887 -0.00199617 -0.00409738 0.010495 -0.0125477 0.01172 0.0150758 -0.0125889 0.0131362 0.0142329 -0.00124279 0.00236864 -0.00573606 -0.00796948
internal_weight=1208.94 576.814 5.00303 571.811 24.4151 15.0173 547.396 87.9143 459.481 197.877 632.122 609.598 595.834 16.173 22.5238 261.604 579.661 568.924 78.891 16.1145 13.7648 9.02336 11.4659 10.7363 14.3965 13.3851 4.99275 3.90338 6.40924 5.7439
internal_count=158149 23032 396 22636 463 356 22173 5982 16191 3676 135117 129878 127010 2562 5239 12515 124448 122130 5529 3264 2868 453 1595 2318 3088 2812 718 517 1975 1888
is_linear=0
shrinkage=0.03


Tree=65
num_leaves=31
num_cat=0
split_feature=70 30 36 30 17 45 7 32 16 38 44 57 16 44 48 48 7 46 44 68 14 45 31 38 17 42 52 51 16 14
split_gain=4.38184 2.15718 2.11338 2.57261 3.05659 2.37167 2.20801 1.76792 1.59205 1.49259 1.4876 1.30623 2.15784 1.27176 1.87067 1.5378 1.53193 1.22706 1.18342 1.16108 1.11412 1.09572 1.26966 0.8413 0.746043 0.739852 0.75282 0.669823 0.657768 1.01192
threshold=1.156893412861421 0.91452447625870881 -0.28722137863925934 0.67377780116350483 -0.34536743456699276 0.017937755590757574 0.016657051333041229 0.35371090442331415 0.086113730923189205 1.0805088327520969 0.056035393175887356 0.80490309009866301 0.074446217197976408 0.019350218527347866 -0.026485070192339696 -0.0024304885339031519 0.0073166252078473498 0.0077991160663155893 0.1557699926064621 -2.511366079794398 -0.35275345043080281 0.0081963875291159501 -0.010718895615700661 0.7755040215234007 0.10198031246374177 0.016674770646731733 0.91210543842122804 0.66495740581106444 0.039024935013695201 0.53260255151358971
decision_type=8 10 8 10 2 10 10 10 10 8 10 10 8 10 8 10 8 10 10 10 8 10 10 8 2 10 2 2 10 10
left_child=11 2 3 6 -5 7 -2 8 -4 -7 -9 12 13 14 16 -16 -1 -6 21 -15 -21 28 -23 -20 -11 -14 -27 -3 29 -13
right_child=1 27 5 4 17 9 -8 10 -10 24 -12 18 25 19 15 -17 -18 -19 23 20 -22 22 -24 -25 -26 26 -28 -29 -30 -31
leaf_value=-0.010219868000958372 0 -0.018429942087152741 0.0022859855627448984 0.013319499315416383 0.00010901681165540441 -0.022676282155215371 0.015271631236594075 -0.0017254680956073542 -0.0024791522375943037 0.0059172234577781974 0.011209916680071871 0.0022444600706935107 -0.011284466912382652 -0.013407661382318572 0.0062864790952256505 -0.0084405463186716517 -0.0002436522557422669 -0.016457039334876449 0.016738613581338994 0.011345437893728466 -0.0026345630263779687 -0.0077424690063229917 0.0013624235625351569 -0.0017911030954990963 -0.010842074759816685 -0.0017164961595762954 -0.013772095363808129 -0.00037403246438150699 -3.2069848978121e-05 0.014188234187027251
leaf_weight=16.05482607986778 11.236843191087244 4.8853228160878626 292.3914103488205 7.5960197312524569 6.8198927727062237 4.6633004322648022 32.588354390230961 10.010249394690616 78.966714055626653 4.187262603547425 29.464636165183038 33.773072522715665 28.033597296802327 8.0820067102322337 54.609452196513303 6.1709816174115977 77.745127977570519 7.6773117531556636 5.7315118556143689 4.1699591233627871 313.20459518872667 27.827580267563462 25.026579632656649 2.6092190773924822 3.3467157231643796 25.756201841402802 5.0616457127034655 3.2664376284228638 64.972731025423855 7.3464844545815131
leaf_count=4235 195 258 10579 137 139 211 442 166 3552 166 552 4872 6326 285 10330 1287 16059 180 305 171 70493 5618 3893 246 186 5689 1133 143 9678 199
internal_value=-0.000107984 0.00204476 0.00231567 0.00728449 -0.00092909 0.00151897 0.0114204 0.00192298 0.00126072 -0.0109762 0.00789399 -0.00162836 -0.00234746 -0.00166584 0.000556472 0.00463028 -0.00207262 -0.00896616 0.000670444 -0.00272901 -0.0024064 4.13607e-05 -0.00343033 0.0110496 -0.00157409 -0.00773644 -0.00416145 -0.0123541 0.00181482 0.00473577
internal_weight=1203.28 497.1 488.949 65.9184 22.0932 423.03 43.8252 410.833 371.358 12.1973 39.4749 706.176 538.888 480.037 154.58 60.7804 93.8 14.4972 167.287 325.457 317.375 158.946 52.8542 8.34073 7.53398 58.8514 30.8178 8.15176 106.092 41.1196
internal_count=157725 16906 16505 1093 456 15412 637 14849 14131 563 718 140819 116008 102860 31911 11617 20294 319 24811 70949 70664 24260 9511 551 352 13148 6822 401 14749 5071
is_linear=0
shrinkage=0.03


Tree=66
num_leaves=31
num_cat=0
split_feature=59 17 16 43 43 9 46 46 46 45 57 16 46 22 58 72 59 68 48 7 6 72 46 45 44 43 0 43 43 56
split_gain=4.35876 2.27104 2.5406 2.22254 2.90799 2.75814 2.05278 2.91349 2.60749 1.78953 1.72296 1.6236 1.37069 1.77494 1.18051 1.16921 1.58328 1.16387 1.091 1.02661 1.00661 0.998873 0.807564 1.31534 1.17641 0.891311 1.07078 0.79185 1.06001 0.940213
threshold=0.95557904627672086 -0.7869016487229773 -0.035778983916173561 0.047820791633721112 0.043745770702018356 2.2917785971642055 0.0044955273699602847 0.0057736429749772862 0.0040265585837819511 0.009584607532441532 0.96719734942567903 0.037871035615775768 0.0061687314905205003 0.16875831007941136 0.87474118307733872 -1.2294053513963665 0.26624057284434649 -2.2653190012270765 -0.0030047983287290188 0.015723828500780353 0.02986741203624994 1.3304018183399975 0.0071743398670720071 0.0053080883399007411 0.048801865079640801 0.052023788456372573 0.017857208831320918 -0.024324811211989313 0.0011446820455722764 0.80809157674829335
decision_type=10 2 10 10 10 10 10 10 10 10 10 10 10 10 10 8 8 8 10 8 8 10 8 10 10 10 10 10 10 8
left_child=10 2 -2 4 6 9 8 -8 -3 -5 11 15 14 18 -12 27 -17 -18 21 20 -15 -14 23 24 -13 -24 -27 29 -29 -1
right_child=1 3 -4 5 -6 -7 7 -9 -10 -11 12 22 13 19 -16 16 17 -19 -20 -21 -22 -23 25 -25 -26 26 -28 28 -30 -31
leaf_value=0.014506416991576711 0.001209612016816094 0.010745147494125962 -0.01790780150490286 -0.005261690374270581 0.015989914381957081 -0.01533849524183007 0.011461868788693682 0.0028284469393384652 -0.0082848511889410999 0.010687817322363576 0.0038754564545488194 -0.0097716869609651581 -0.00065197107053108281 0.0007522990324711692 -0.010792478252821303 -0.0052403425363858631 -0.0079052428363092283 -0.00018883430803721444 0.022004148326439734 0.01132365641085507 -0.016352576338545019 0.01725798114183337 -0.0066212484538846865 0.0035724745304143188 -0.0010805022543455805 0.0028320235573600352 -0.010209753853783601 -0.0071685981895422994 0.0040750692599323931 -0.0050681404114721398
leaf_weight=8.7186967557063291 16.275892322883013 7.6113079418428233 8.7991265852469933 12.534425422083588 16.934807922458276 11.169047096045686 42.359695340041071 203.80810232949443 24.795855431235395 10.78172219218686 9.201096936711112 20.471236920799129 6.9288050580071303 16.018369646626532 8.4164803782477957 73.988243371015415 17.406145108863711 427.41662941651884 7.2467145788250482 5.6076574579346916 2.7416889792075372 3.3256563276518136 102.06322064087726 28.96817001583986 43.995173841714859 21.065683954744603 6.5960255637764922 8.8180119481403363 30.685964007047005 2.0429788955952981
leaf_count=1144 298 134 237 282 289 282 755 3992 519 202 740 4568 744 1188 365 21002 799 67293 279 205 139 84 22705 6048 9071 4703 1433 1867 6362 331
internal_value=-9.37922e-05 0.00269141 -0.00581337 0.00336233 0.00420851 -0.00371839 0.00342694 0.00436656 -0.00353772 0.00212644 -0.00126021 -0.00163369 0.00360892 0.0065405 -0.00317406 -0.000773697 -0.00120307 -0.000514565 0.0135637 0.00104225 -0.00229672 0.00590723 -0.00380014 -0.00160288 -0.00399331 -0.0053354 -0.000420876 0.00353653 0.00137619 0.0104204
internal_weight=1206.79 355.07 25.075 329.995 295.51 34.4852 278.575 246.168 32.4072 23.3161 851.723 792.236 59.4865 41.8689 17.6176 569.077 518.811 444.823 17.5012 24.3677 18.7601 10.2545 223.16 93.4346 64.4664 129.725 27.6617 50.2657 39.504 10.7617
internal_count=158060 6990 535 6455 5689 766 5400 4747 653 484 151070 147326 3744 2639 1105 98798 89094 68092 1107 1532 1327 828 48528 19687 13639 28841 6136 9704 8229 1475
is_linear=0
shrinkage=0.03


Tree=67
num_leaves=31
num_cat=0
split_feature=58 53 38 9 57 36 14 16 36 30 17 14 8 53 63 69 50 6 72 48 19 50 10 30 20 34 5 7 43 3
split_gain=4.66569 4.08208 3.09087 2.98483 2.65909 2.63379 2.18957 2.47141 1.82364 2.24271 1.72837 1.65695 1.26618 1.16749 1.22546 1.69239 2.28515 2.25117 1.43745 1.10942 1.10425 1.08173 1.02307 1.20981 1.01447 0.998437 1.13701 0.9585 0.89736 0.872955
threshold=0.90589410546671123 0.010989558943293544 0.95082821526577599 2.8104613499239823 0.012806844896397137 0.26137329935359027 0.29101140469949155 -0.019517200157737832 -0.31802785211507395 0.6634850185469362 -0.53748599046109991 -0.46245002035326016 0.011745136401301993 0.010989558943293544 0.4110889242127666 1.3267011379244551 0.037825589900678531 0.025324225384607452 2.603157250239883 -0.010077812289497721 -1.5082676210430945 0.081408910052067532 1.6907955181615297 0.4771339095420295 0.11663369755848797 0.010819525431911416 0.030558364495882891 0.010785691807096527 -0.00048110227318515214 0.070851254997703741
decision_type=10 10 10 10 8 10 10 10 10 10 2 10 10 8 8 10 10 8 8 10 8 10 10 8 10 10 10 10 10 10
left_child=13 12 3 4 -3 -6 8 -8 9 -4 -9 -10 -2 20 15 18 17 -17 29 -14 -1 24 23 -22 28 26 -5 -20 -16 -15
right_child=1 2 6 25 5 -7 7 10 11 -11 -12 -13 19 14 21 16 -18 -19 27 -21 22 -23 -24 -25 -26 -27 -28 -29 -30 -31
leaf_value=-0.0088178959048311016 -0.0027611663313615725 0.012677958933964175 0.015182495323369479 0.0092396144551909389 -0.00013102532875722842 0.010921540216079433 0.014613759254087234 -0.012229741467949562 -0.011668487143960113 -0.0012676729684219809 0.0036946345602844534 -0.0011993933906872362 -0.028148790358064935 -0.00037594958670558411 -0.0052120795038269043 0.0067578881214134289 0.015862267149010262 -0.014225162850471904 -0.0013634191293731123 -0.0045982041691918539 -0.0017158690892201207 -0.019603099946324077 -0.0090457946052062178 0.011460349797126441 0.011704382676188119 0.0036425158879502127 0.023127852370228134 -0.023485881314906552 -0.0019975161851488355 -0.0068948778802906214
leaf_weight=4.4410851928405464 8.8413363964064065 24.429586013313383 12.114036083454268 14.3735060649924 101.13178852119017 22.857019786490127 17.397736727492884 5.8538424082798874 14.101339987129903 16.282510542077944 54.716550534241833 154.56564435234759 4.6241684013511986 260.82233516173437 117.68295924912672 12.035051189828669 11.804405339760704 6.0955699014011762 3.7305881869979194 3.8415849253069592 8.1298493387876132 2.6115136140724635 2.7568995726760468 19.712079152814113 3.2058360077207899 8.627703716279937 12.310822965693658 3.3087177565321326 252.19736674055457 19.050254159257747
leaf_count=839 296 230 158 264 2459 404 253 193 474 338 1824 7374 200 46315 26286 657 298 157 212 131 1533 652 314 3314 256 172 183 129 59148 3053
internal_value=-0.000104731 0.002199 0.00275322 0.00575722 0.00381191 0.00195356 0.000721992 0.00494999 -0.000952215 0.0059257 0.00193326 -0.00215595 -0.0116758 -0.00161716 -0.0018917 -0.000503573 0.00615033 -0.000514684 -0.00122718 -0.0193937 0.00362762 -0.00304998 0.00575078 0.00758278 -0.002874 0.0135207 0.0163593 -0.0137629 -0.00303966 -0.000853327
internal_weight=1203.65 476.069 458.762 183.73 148.418 123.989 275.032 77.9681 197.064 28.3965 60.5704 168.667 17.3071 727.585 692.545 316.847 29.935 18.1306 286.912 8.46575 35.0399 375.698 30.5988 27.8419 373.086 35.312 26.6843 7.03931 369.88 279.873
internal_count=158116 14953 14326 3712 3093 2863 10614 2270 8344 496 2017 7848 627 143163 137163 50821 1112 814 49709 331 6000 86342 5161 4847 85690 619 447 341 85434 49368
is_linear=0
shrinkage=0.03


Tree=68
num_leaves=31
num_cat=0
split_feature=6 69 28 23 37 14 44 72 60 43 37 71 45 45 45 46 45 43 53 45 49 53 26 47 7 17 44 51 0 45
split_gain=5.34329 2.27724 2.79493 2.60301 2.15095 2.41917 2.0569 1.92262 1.86615 2.46302 2.03713 1.59795 1.59332 2.25852 2.30394 1.77417 1.81427 1.74261 2.48117 1.57249 1.73564 1.51046 3.14316 3.46357 1.46443 1.44326 1.34341 1.30332 1.99088 1.79779
threshold=0.021479460387252146 1.6493751801400169 -0.12757036531403773 -0.03489364362993929 -0.70946801856425068 -0.28372563352121261 0.12861870529591304 3.2859724147737244 0.72610080310163394 0.046568975245512852 -0.099251045718781225 1.5278543333690344 0.017937755590757574 0.011930488655915996 0.010917202582082319 0.0090394115514529898 0.011332326617744427 -0.027805513792282962 0.016333377400264328 0.010037060078684068 -0.027866205699008658 0.013073886095789022 0.73655664178121716 -0.00044317999713444628 0.028406453352386455 0.036688149884651695 0.077141816382879549 0.65878576001695033 -0.0044565049348199706 0.010037060078684068
decision_type=8 10 10 10 8 10 10 10 8 10 8 10 10 10 10 10 8 10 10 10 10 10 10 8 10 2 10 2 10 10
left_child=12 2 4 -3 5 -2 7 -6 26 10 -10 -11 13 14 19 -16 -17 18 -15 -1 -21 22 -5 -24 -8 -7 -4 28 -23 -29
right_child=1 3 8 21 6 25 24 -9 9 11 -12 -13 -14 17 15 16 -18 -19 -20 20 -22 27 23 -25 -26 -27 -28 29 -30 -31
leaf_value=-0.0017671949963966869 0.015871176686983946 0.012377853845619308 -0.0096437030568500646 0.01016461315621023 0.002632676319127716 0.006643916354550152 -0.0032766212310007567 -0.0087540279685924191 -0.0033985051739221805 -2.6197987112546464e-05 0.0045494820238779158 -0.017629455379480796 0.010308718348810069 -0.012945166312094135 -0.0023867415784937147 0.032323813524203021 0.0055786071030094475 -0.014517056212027571 0.0049621862607995169 0.012659712459994255 -0.012731060150031821 -0.0007195956174058277 -0.01793144262903924 0.0072343559909151386 -0.031714687114790814 -0.0094736900942035233 -0.00012738743473744867 0.0046782798286731375 0.013361922521215966 -0.011001753475780859
leaf_weight=434.98591894644778 20.936410729773343 34.05503544700332 37.560019113356248 10.096585575491192 282.34419274504762 14.283129194867799 5.7997454224387175 12.935775612248106 44.900232420885004 8.7780095483176428 77.115126457298175 9.7508331029675883 7.9678724583936846 11.396907386137174 7.1871706915553686 3.1123780200723532 7.1864069569855937 22.416364393895492 14.743384497822261 1.8212188612669731 19.581659238203429 12.77676030853763 13.407235869439317 6.5928770485334125 1.6330502454657105 6.3780469270423046 21.451997424825095 24.408572526182979 26.29142995737493 7.857583495322614
leaf_count=98558 326 468 3878 185 14358 390 603 191 2517 1376 3992 426 1781 3065 1693 899 2114 6361 3312 626 5207 409 344 116 123 232 3135 634 688 373
internal_value=6.00758e-05 0.00182304 0.000944918 0.00529327 0.0025831 0.00891598 0.00167649 0.00209585 -0.0018654 4.26503e-06 0.00159648 -0.00987194 -0.00219152 -0.00240723 -0.00175778 0.00860414 0.0160722 -0.00852146 -0.00292401 -0.00217929 -0.00996794 0.00278774 -0.0027212 -0.00954342 -0.0129004 0.0013223 -0.0062941 0.00515898 0.00877884 0.0005537
internal_weight=1209.75 679.353 543.867 135.486 344.31 41.5976 302.713 295.28 199.556 140.544 122.015 18.5288 530.399 522.431 473.875 17.486 10.2988 48.5567 26.1403 456.389 21.4029 101.431 30.0967 20.0001 7.4328 20.6612 59.012 71.3343 39.0682 32.2662
internal_count=158380 34764 31547 3217 16223 948 15275 14549 15324 8311 6509 1802 123616 121835 109097 4706 3013 12738 6377 104391 5833 2749 645 460 726 622 7013 2104 1097 1007
is_linear=0
shrinkage=0.03


Tree=69
num_leaves=31
num_cat=0
split_feature=58 6 3 38 60 45 45 51 52 54 46 6 38 53 44 44 27 54 0 8 4 39 78 41 63 43 58 34 26 32
split_gain=4.51363 2.87111 1.93674 1.8881 2.43939 1.80215 2.35674 1.77662 1.73136 1.51733 2.39975 1.42403 1.3504 1.3265 1.32625 1.806 1.46305 1.29219 1.23483 1.20268 1.0718 0.947499 0.897428 0.805976 0.67476 0.576393 0.422503 0.341136 0.338032 0.330002
threshold=0.80084301602529939 0.070717937891513788 0.18870531408189353 1.248066232395215 0.096537881925778404 0.017937755590757574 0.013513946008573467 0.61040087992535075 0.68986766234201624 0.77040262719322461 0.015272799414690232 0.044824303988298765 1.0805088327520969 0.02123172071865408 0.11987758590221288 0.077141816382879549 -0.062283397005437273 0.79748760101844973 -0.036443845034037241 0.016246797472308897 -0.05842550926379108 0.098726584185554259 2.6011594819330788 0.030116918800226381 0.064921893522299212 0.0064453065896105119 0.5914195923273402 0.0060665143119999687 0.83383753048009457 -0.1484431434637998
decision_type=8 10 8 10 10 10 10 2 2 8 8 10 8 10 10 10 10 10 10 10 10 10 8 10 10 8 10 10 10 10
left_child=9 3 8 5 22 6 7 -2 -3 10 13 -8 29 14 15 -1 -16 23 21 26 -20 -6 27 25 -15 -11 -12 -5 -21 -7
right_child=1 2 -4 4 18 12 11 -9 -10 17 19 -13 -14 24 16 -17 -18 -19 20 28 -22 -23 -24 -25 -26 -27 -28 -29 -30 -31
leaf_value=-0.0020401353767165223 0.0040094294760790921 0.0065349403524906343 -0.00073503901149649673 0.005185707461375747 0.011333097175960856 -0.0045754774206049429 0.013429550010438726 0.00038182008796031573 0.026051507759385237 -0.010449349882351272 0.01290556668654003 -0.0039642062084196544 0.00517457112921158 0.0054864895655454245 0.0063553078002838133 0.0029969295036873056 -0.011190284487285587 0.0085078146789872213 -0.0086256271891061703 0.0044363090423999406 -0.0018104082811271822 -0.0045184824563907619 -0.0019333344083273278 -0.02152456754527322 -0.015773968659549258 0.0029603445276638377 0 0.021751389574717551 -0.011196874807476659 -0.023504922457744319
leaf_weight=391.56753616011702 221.62740650586784 9.7068863702006656 7.6175248981453505 3.2014621038688329 7.4125407772371528 2.3073936537839472 24.782792529207658 272.52249803137966 8.5024422225542349 8.8785070958547312 15.707620543544186 4.3005678583867839 2.5615813652984807 0.84830808732658436 4.3350294184638214 75.227713972330093 21.934179661097005 2.1829299837118006 36.271333263954148 0.91987676057033185 51.763775646104477 4.6350502874702215 2.7463268981082365 5.5067831390770143 7.6585645372979343 3.121643440565097 2.811369714094325 4.0991931674070656 2.5371002061292529 3.3900972991250429
leaf_count=92048 10019 185 212 237 365 128 956 11954 135 2101 2558 314 138 101 620 16764 4925 620 2416 129 5088 185 168 1536 2069 912 565 137 431 233
internal_value=0.000309282 0.00196261 0.0115999 0.00155257 -0.00199474 0.0022956 0.00252804 0.00201968 0.0166857 -0.00171644 -0.00139197 0.0107115 -0.0107886 -0.00182783 -0.00160339 -0.00121729 -0.00805796 -0.00971483 -0.00346384 0.008072 -0.00471738 0.00512572 0.0113569 -0.012486 -0.0129842 -0.00677088 0.0110943 0.0163484 -0.00630187 -0.0181145
internal_weight=1210.69 667.449 25.8269 641.622 110.13 531.492 523.233 494.15 18.2093 543.237 523.547 29.0834 8.25907 501.571 493.064 466.795 26.2692 19.6899 100.083 21.976 88.0351 12.0476 10.047 17.5069 8.50687 12.0002 18.519 7.30066 3.45698 5.69749
internal_count=158249 32870 532 32338 8596 23742 23243 21973 320 125379 120210 1270 499 116527 114357 108812 5545 5169 8054 3683 7504 550 542 4549 2170 3013 3123 374 560 361
is_linear=0
shrinkage=0.03


Tree=70
num_leaves=31
num_cat=0
split_feature=69 69 63 54 42 74 72 37 14 6 72 8 53 50 0 52 49 55 10 18 16 9 59 7 26 74 22 53 7 53
split_gain=3.41944 2.80778 2.48762 2.49588 2.55869 2.36489 2.27581 2.28038 2.64289 3.07629 2.25852 2.15936 2.4623 2.62154 2.04441 2.41556 1.84715 3.10014 1.7921 1.71084 1.58443 1.45194 1.44035 1.41205 1.39763 1.36288 1.36222 1.20249 1.13152 0.755364
threshold=1.788957377697374 -2.3446232655665509 0.18407474908232155 0.5118361324855496 0.0066565011678662031 0.008174254267170904 1.6190998429190839 0.26700001005028795 -0.1949859644014709 0.02931586072884999 -1.271467964569666 0.038164654943288301 0.013131585567969487 0.0069651271082181729 0.0059942456636419292 0.71545849991199628 0.0063127247234243686 0.064921893522299212 2.4008604379846656 72.158682108602122 -0.11810490589013344 3.1253089488867727 0.98569967864446406 0.0043007390427937239 0.68700153224827887 2.2391962033887904 -0.26904074231415309 0.019586952900428178 0.011025812788087128 0.015273806860299364
decision_type=10 8 10 10 10 10 8 10 10 10 10 10 10 8 8 2 10 10 10 8 8 10 10 10 8 10 10 10 10 8
left_child=1 11 3 4 -2 -4 10 14 26 -10 23 12 13 -1 15 -8 20 -18 19 25 -14 27 -21 29 -16 -7 -9 -12 -23 -3
right_child=2 6 5 -5 -6 18 7 8 9 -11 21 -13 16 -15 24 -17 17 -19 -20 22 -22 28 -24 -25 -26 -27 -28 -29 -30 -31
leaf_value=0.020209311313272912 -0.0056122915904051425 -0.0092793550807370243 0.019652877696935318 0.020087047475429862 0.011685593486898113 0.0021838445735833352 -0.00076584781060692853 0.0064994986385137473 0.00079611236489140959 0.014468823480206809 -0.0021491115638510127 0.017266771149361957 -0.015336732364343162 0 -0.0062044713292799389 -0.01139703253582742 0.01527672045141714 -0.0064601419142864451 -0.011417646184200613 0.002859590574858351 0.001021664762238098 0.0016404420855163748 0.017013814172055788 0.0046032699394893571 0.0051628293590117516 -0.0064919413776731933 -0.0093861136728419139 -0.0065721458849328212 -0.019909706234745379 0.0055998329894390748
leaf_weight=10.858480349415911 12.148824092233555 10.860760797513645 5.0637504120822987 13.670413862913845 17.428666101768613 41.851745038991794 75.258917500148527 6.2969223663676557 27.582512903725728 32.588400924578309 580.27899471647106 9.6396368313580734 11.042541864793746 11.421295898151586 10.683691492769865 25.256844001472928 10.415222435607577 11.162812292226588 9.4698167548049224 22.992102530784909 8.7686959712300467 2.527636068989521 8.7544524520635587 62.157480876892805 54.949953865841962 25.111938916728832 13.259093825588932 61.525927275069989 6.6604887917637825 3.1217805738560864
leaf_count=133 169 2851 179 148 207 2603 5118 130 1288 604 111360 96 192 230 526 1345 160 227 227 1335 155 239 120 9851 2738 908 415 13510 355 619
internal_value=-0.000305131 -0.000926959 0.00381291 0.009859 0.00453127 0.00141156 -0.00135738 0.00112625 0.00526873 0.00836573 -0.00220172 0.00468689 0.00249832 0.0103293 -0.000863203 -0.00355268 -0.00179053 0.00411079 0.000358048 0.00162102 -0.00825097 -0.00277594 0.00725475 0.00264133 0.00320212 -0.00107316 -0.00405775 -0.00258735 -0.0141077 -0.00560512
internal_weight=1202.81 1046.32 156.492 43.2479 29.5775 113.244 973.009 245.876 79.7269 60.1709 727.133 73.3087 63.669 22.2798 166.149 100.516 41.3893 21.578 108.18 98.7102 19.8112 650.993 31.7466 76.14 65.6336 66.9637 19.556 641.805 9.18812 13.9825
internal_count=158038 152142 5896 524 376 5372 150949 12164 2437 1892 138785 1193 1097 363 9727 6463 734 387 5193 4966 347 125464 1455 13321 3264 3511 545 124870 594 3470
is_linear=0
shrinkage=0.03


Tree=71
num_leaves=31
num_cat=0
split_feature=59 40 57 38 73 57 78 18 17 23 16 54 65 10 59 23 10 16 49 63 54 52 54 20 69 10 68 27 51 44
split_gain=4.7914 2.29254 2.08115 1.99686 2.12546 2.26595 2.02554 1.88517 1.83524 1.76133 2.66409 1.52236 1.47345 1.44921 1.68801 1.4119 1.25523 1.37339 1.18418 1.16112 1.17616 2.63918 1.6152 1.15905 1.3494 1.23209 0.930606 1.20331 0.971762 0.914938
threshold=0.95937565144882231 0.016421599216571246 0.96719734942567903 1.2773409215763476 0.76402493096937385 0.99787007213174261 -1.7136975244203712 56.320010363306558 -0.53748599046109991 0.15186697748357972 0.16605234147872841 0.60141950405793987 0.42351690143285342 0.89658458479225522 0.99371727059814219 0.028145629578368751 1.1092820699186043 -0.0044886882484740922 0.022837774323979713 0.47848794161201613 0.57514232024538892 0.60896649527140501 0.58346620426428608 0.041150909298186107 0.18397409343959489 0.97598977473241844 1.4376571135663074 -0.034256797217811379 0.66350283743184602 0.00083594828880284588
decision_type=10 10 10 10 10 8 10 10 2 10 8 10 10 10 10 10 8 10 10 10 10 2 10 10 10 10 8 10 2 10
left_child=1 2 19 4 6 9 16 11 -5 18 -11 -8 -9 -10 -15 26 -2 -18 -6 23 21 -21 -22 24 -1 -25 28 -28 -4 -17
right_child=3 -3 15 8 5 -7 7 12 13 10 -12 -13 -14 14 -16 29 17 -19 -20 20 22 -23 -24 25 -26 -27 27 -29 -30 -31
leaf_value=-0.0022580349465376169 -0.0094739713311144703 0.0069005339953134596 0.0041288602186155786 -0.016592507767016342 5.890234507053158e-06 -0.012956620320531497 0.0037564913537706016 0.0065799056080446837 0.010133729793705604 0.015711550932498517 -0.0012139995253178386 0.012352689990921564 0.019527539714292181 -0.008573966428915232 0.0064961162989772905 -0.012539031268235317 0.0085396609416521895 -0.0071950405404689046 -0.013189260255571334 0.0023072588694474207 -0.015811046524489225 -0.0045380482512559763 -0.0043488186364765338 0.0087767174593813176 0.0017999230905365341 -0.00094359175421688884 -0.0089018823988760553 0.0093351407654275621 0.018679699582974236 0.0014617854124211317
leaf_weight=338.7781068260083 10.346151307690887 29.934188025188632 8.9853407690534386 6.2788714186754069 32.448293151101097 9.7234459854662401 117.96344561409205 19.039213102776557 8.4188089943490905 15.089842548244631 16.542722241254527 22.074145818129182 16.536839126609266 18.449168022372763 9.1063693922478688 3.8720128420973188 12.878795475699009 6.7091638613492277 6.4182154498994342 77.90639455372002 12.81607359764166 139.40549371484667 72.94522942090407 20.943727378966287 92.56683153193444 23.81213129684329 4.8264794838614762 6.2949061585823092 9.6413473535794747 28.806333238491789
leaf_count=55255 320 2455 473 182 797 217 1789 291 187 267 367 330 242 584 141 591 236 242 174 18685 3144 34459 18784 1218 12041 1919 183 283 361 1907
internal_value=5.30402e-05 -0.00110779 -0.00140405 0.0031404 0.00404399 -6.25916e-05 0.0056538 0.00688067 -0.00285369 0.00183017 0.00700219 0.00521076 0.0130497 0 -0.00343556 0.00381099 -0.00143662 0.00291687 -0.00237402 -0.00183006 -0.00328253 -0.00207093 -0.00625879 -0.000894227 -0.00137811 0.00363191 0.00843102 0.00109165 0.0123814 -0.000431133
internal_weight=1199.56 871.535 841.6 328.023 285.77 80.2225 205.548 175.614 42.2532 70.4991 31.6326 140.038 35.5761 35.9743 27.5555 62.4264 29.9341 19.588 38.8665 779.174 303.073 217.312 85.7613 476.101 431.345 44.7559 29.7481 11.1214 18.6267 32.6783
internal_count=158124 151758 149303 6366 5272 1822 3450 2652 1094 1605 634 2119 533 912 725 3798 798 478 971 145505 75072 53144 21928 70433 67296 3137 1300 466 834 2498
is_linear=0
shrinkage=0.03


Tree=72
num_leaves=28
num_cat=0
split_feature=72 69 4 66 61 76 56 57 31 37 72 7 0 78 78 72 53 44 48 53 0 34 46 78 69 37 47
split_gain=4.63705 3.13332 3.25578 1.9446 2.12347 1.93109 1.88285 2.05488 3.88461 1.74619 2.11992 2.35036 1.83288 1.82537 1.76982 1.43399 1.42834 1.42219 1.19817 1.96599 1.05479 1.39645 1.02686 0.94422 1.09239 0.807258 0.596494
threshold=2.4202605304444638 -2.3446232655665509 0.39506149335626056 0.52675778324124756 0.060860746097539477 -1.0181011528374815 0.98569967864446406 0.98578678738105852 -0.034370243040980124 0.5273611795514328 3.2859724147737244 0.015505796076088455 -0.0091448777552459153 0.12360543462132753 -0.76886270499912668 -1.271467964569666 0.01173252897458134 0.032267290103820907 -0.00022473655869859052 0.013189486030231594 -0.011576619605218328 0.038403611504545888 0.0060118480122622019 0.64162568359026195 0.98372243096000045 -0.52470225480561983 -0.013440747577876886
decision_type=10 8 10 10 8 10 10 10 10 10 10 10 10 10 10 8 10 10 8 10 10 8 10 8 8 10 10
left_child=1 3 6 17 -5 -2 7 15 -9 10 11 16 -11 -13 -12 -3 -7 -1 20 -20 26 -22 -14 24 -8 -21 -4
right_child=5 2 18 4 -6 9 23 8 -10 12 14 13 22 -15 -16 -17 -18 -19 19 25 21 -23 -24 -25 -26 -27 -28
leaf_value=0.016544550480232342 0.016927486751964607 0.0025035741651903138 0.0070303860710894082 0.0058566345327840681 -0.013585030153214909 -0.01387605559154898 0.0015641189719844593 -0.0055104368102006588 0.014182138699145568 0.017446146170874612 0.0034259212073208226 0.015420067143255896 0.010607683939696702 0.0012756548005192938 -0.012898787734990147 -0.0016999804511872039 0.0018121390707080312 0.0034114487231248956 0.014094186547293155 0.0019143612241356185 0.0011951708509882824 0.016119211408577538 -0.0020548957836333172 0.00060353913420787533 -0.018092449686014696 -0.015173568815449337 0.02290029558876145
leaf_weight=17.915221720933914 11.3674436454894 78.632548433146439 6.0870501514291391 14.236631935229527 6.5501618414418763 5.8662136953789767 2.6855866460828084 14.573937074164858 20.401822544052266 14.960251535056157 9.5792054159101117 19.954711355734617 9.1822368472348916 14.633811330073511 12.722102661849929 832.42181157995947 20.269528252189048 14.37910587294027 3.8168405264150342 3.1692883474752298 22.494690953870307 6.8690428840927771 11.997120455838738 4.613883123034614 11.124323320807889 5.752351901610381 5.6970579002518189
leaf_count=235 190 13455 271 285 201 176 190 617 477 194 159 249 134 273 239 136889 560 230 89 95 1098 170 243 279 639 325 120
internal_value=0.000183997 -0.000465615 -0.000841142 0.0065656 -0.000474314 0.00550187 -0.00124702 -0.00105248 0.00596803 0.00425519 0.00176826 0.00468752 0.00968635 0.0097241 -0.0059119 -0.00133154 -0.00198014 0.0110652 0.00625886 -0.00149844 0.00871011 0.00520104 0.00353041 -0.0105132 -0.0142198 -0.00921982 0.0161286
internal_weight=1201.95 1071.42 1018.34 53.0811 20.7868 130.533 964.454 946.03 34.9758 119.165 83.0256 60.7243 36.1396 34.5885 22.3013 911.054 26.1357 32.2943 53.8863 12.7385 41.1478 29.3637 21.1794 18.4238 13.8099 8.92164 11.7841
internal_count=158082 155665 154714 951 486 2417 152546 151438 1094 2227 1656 1258 571 522 398 150344 736 465 2168 509 1659 1268 377 1108 829 420 391
is_linear=0
shrinkage=0.03


Tree=73
num_leaves=31
num_cat=0
split_feature=70 78 64 69 66 37 18 52 14 53 17 10 17 54 24 54 28 60 69 14 45 23 2 72 52 59 2 37 30 67
split_gain=4.5903 2.34736 2.70006 2.25189 2.23459 1.78655 3.51504 2.20455 2.68542 2.48105 2.54227 1.96506 3.34159 2.66806 1.73599 1.51625 1.5079 1.48359 1.26682 1.14186 1.68743 1.16685 1.13961 0.95219 2.23036 1.25367 0.931084 0.926847 0.914895 0.901613
threshold=1.4231008693107448 -0.38415390979225522 0.48383613181913193 1.2915350115504582 0.100635664552274 0.43233831051594124 64.887058353635126 0.74868851596150654 -0.30180256036345432 0.017062661025990872 -0.11373212648699761 2.1457240176290679 -0.058662459664683204 0.49930532939727962 0.51742499729572933 0.31072012667549004 -0.13837279376602538 0.98972249685231672 -2.3446232655665509 -0.35275345043080281 0.0066572363760285186 0.062203071795444605 -0.018381827244800138 -1.271467964569666 0.23099646237003255 0.27001029791034442 0.056059233435274088 -0.1146189562968805 0.60834872608721746 -0.098580699168512573
decision_type=10 8 10 10 10 8 8 2 8 10 2 10 2 10 10 10 10 10 8 8 10 10 8 8 2 8 10 8 10 10
left_child=3 2 4 19 -2 7 11 9 -9 18 -11 12 -7 -13 -4 -10 -5 22 -3 20 -1 23 -6 24 -21 -25 29 -28 -22 -18
right_child=1 5 14 16 17 6 -8 8 15 10 -12 13 -14 -15 -16 -17 26 -19 -20 21 28 -23 -24 25 -26 -27 27 -29 -30 -31
leaf_value=0.01755834770826362 -0.0095158485494153018 0.011602884528250383 0.017975994404546246 0.016271921405026382 0.0080798402632101616 -0.0023991762747157313 -0.0044465599625712303 -0.026150612760598126 0.0098579134278814016 -0.017850235836131392 0.00063840555460969767 0.018628564702469506 0.0093617064003557911 0.0001526443302659356 0.0041502829397801937 -0.0057646241417426899 0.0037410536941145413 0.014607748251497816 0.0021724884430871132 0.019690457544862459 0.006484294132311239 -0.0056140215994005043 -0.0051451634139715536 -0.004854203253057539 7.4970696295346124e-05 -0.0011752692467209651 0.012389893229434163 0.001198914716480922 -0.0084392041787224974 -0.0027416241062325911
leaf_weight=5.7382022510282722 10.240184282884 14.254531429847702 23.713414246216416 6.1410251574125132 10.110983576625584 39.097676403820515 32.924100270611234 4.3855507904663682 5.6250919571612021 9.8505716419313121 16.534879917977378 21.485680101788603 46.221518940525129 10.741295357467605 14.294249446596949 33.37780318420846 33.863892814493738 10.598707480356095 96.502097055199556 4.8951997975818804 6.42602676223032 69.722870941623114 11.281545935431501 103.39958397729788 48.202985292999074 441.24365777918138 12.170922946999779 15.316333762952128 6.2868569422280416 42.181717037572525
leaf_count=85 162 185 281 195 155 1353 1301 112 171 385 537 319 1309 202 215 1250 1837 122 3383 354 343 15459 225 29519 10414 80730 809 1531 433 5020
internal_value=0.00022789 0.00279959 0.00738289 -0.0010995 0.00199058 0.0016606 0.00406479 -0.000338087 -0.00616604 0.00151531 -0.00655424 0.00649149 0.00397215 0.0127507 0.0130929 -0.0032464 0.00286415 0.00594144 0.003506 -0.00174088 0.00539656 -0.00195045 0.00105323 -0.00150944 0.00226935 -0.00188682 0.00189211 0.0065204 -0.000754235 0.000117329
internal_weight=1206.83 411.24 80.2391 795.589 42.2314 331.001 150.47 180.531 43.3884 137.142 26.3855 117.546 85.3192 32.227 38.0077 39.0029 109.674 31.9912 110.757 685.915 18.4511 667.464 21.3925 597.741 53.0982 544.643 103.533 27.4873 12.7129 76.0456
internal_count=158396 11667 1160 146729 664 10507 4484 6023 1533 4490 922 3183 2662 521 496 1421 9392 502 3568 137337 861 136476 380 121017 10768 110249 9197 2340 776 6857
is_linear=0
shrinkage=0.03


end of trees

feature_importances:
return_dispersion_20d=155
spy_return_60d=121
cs_z_momentum_120d=101
cs_rank_vol_60d=80
cs_rank_momentum_120d=71
spy_vol_20d=68
spy_vol_60d=64
momentum_120d=58
cs_rank_distance_to_60d_high=56
breadth_above_sma_50d=52
avg_corr_to_spy_60d=52
mom_60_20_divergence=51
cs_z_beta_60d_spy=51
spy_return_20d=49
spy_return_5d=45
spy_return_10d=41
spy_drawdown_120d=41
vol_60d=39
downside_vol_20d=39
spy_price_to_sma_50d=37
vol_compression=36
downside_ratio=35
cs_rank_beta_60d_spy=34
cs_z_vol_compression=33
price_to_sma_50d=32
cs_z_vol_60d=32
return_1d=29
upside_vol_20d=28
macd_hist=28
breadth_above_sma_20d=28
cs_rank_vol_20d=28
beta_60d_spy=26
dollar_volume_ratio_20d=26
beta_20d_spy=24
beta_instability=24
mom_beta_adjusted=23
residual_momentum_60d=23
spy_drawdown_60d=22
cs_rank_vol_compression=22
cs_z_vol_20d=22
cs_z_distance_to_60d_high=22
distance_to_60d_high=20
spy_price_to_sma_20d=20
vol_20d=18
drawdown_reversal_setup=18
return_20d=17
excess_return_5d_vs_spy=15
return_10d=14
volume_zscore_20d=13
mom_vol_ratio=13
mom_divergence=13
cs_rank_momentum_20d=13
rsi_14=12
volume_zscore_60d=12
cs_z_volume_zscore_60d=12
bollinger_z_20d=11
excess_return_20d_vs_spy=11
trend_strength=11
cs_z_momentum_20d=11
cs_z_momentum_60d=11
excess_return_60d_vs_spy=9
return_5d=8
return_60d=8
relative_momentum_20d_vs_spy=8
distance_to_20d_high=8
cs_rank_momentum_60d=8
price_to_sma_20d=7
short_reversal_5d=7
cs_z_residual_momentum_20d=7
momentum_20d=5
cs_rank_residual_momentum_20d=5
residual_momentum_20d=4
cs_rank_excess_return_20d_vs_spy=4
cs_rank_volume_zscore_60d=4
momentum_60d=3
cs_rank_excess_return_60d_vs_spy=3
momentum_5d=2
cs_z_excess_return_20d_vs_spy=2
cs_z_excess_return_60d_vs_spy=2

parameters:
[boosting: gbdt]
[objective: lambdarank]
[metric: ndcg]
[tree_learner: serial]
[device_type: cpu]
[data_sample_strategy: bagging]
[data: ]
[valid: ]
[num_iterations: 74]
[learning_rate: 0.03]
[num_leaves: 31]
[num_threads: 0]
[seed: 101]
[deterministic: 0]
[force_col_wise: 0]
[force_row_wise: 0]
[histogram_pool_size: -1]
[max_depth: 6]
[min_data_in_leaf: 150]
[min_sum_hessian_in_leaf: 0.001]
[bagging_fraction: 0.8]
[pos_bagging_fraction: 1]
[neg_bagging_fraction: 1]
[bagging_freq: 1]
[bagging_seed: 101]
[bagging_by_query: 0]
[feature_fraction: 0.75]
[feature_fraction_bynode: 1]
[feature_fraction_seed: 101]
[extra_trees: 0]
[extra_seed: 15181]
[early_stopping_round: 0]
[early_stopping_min_delta: 0]
[first_metric_only: 0]
[max_delta_step: 0]
[lambda_l1: 0.1]
[lambda_l2: 1]
[linear_lambda: 0]
[min_gain_to_split: 0]
[drop_rate: 0.1]
[max_drop: 50]
[skip_drop: 0.5]
[xgboost_dart_mode: 0]
[uniform_drop: 0]
[drop_seed: 23279]
[top_rate: 0.2]
[other_rate: 0.1]
[min_data_per_group: 100]
[max_cat_threshold: 32]
[cat_l2: 10]
[cat_smooth: 10]
[max_cat_to_onehot: 4]
[top_k: 20]
[monotone_constraints: ]
[monotone_constraints_method: basic]
[monotone_penalty: 0]
[feature_contri: ]
[forcedsplits_filename: ]
[refit_decay_rate: 0.9]
[cegb_tradeoff: 1]
[cegb_penalty_split: 0]
[cegb_penalty_feature_lazy: ]
[cegb_penalty_feature_coupled: ]
[path_smooth: 0]
[interaction_constraints: ]
[verbosity: -1]
[saved_feature_importance_type: 0]
[use_quantized_grad: 0]
[num_grad_quant_bins: 4]
[quant_train_renew_leaf: 0]
[stochastic_rounding: 1]
[linear_tree: 0]
[max_bin: 255]
[max_bin_by_feature: ]
[min_data_in_bin: 3]
[bin_construct_sample_cnt: 200000]
[data_random_seed: 368]
[is_enable_sparse: 1]
[enable_bundle: 1]
[use_missing: 1]
[zero_as_missing: 0]
[feature_pre_filter: 1]
[pre_partition: 0]
[two_round: 0]
[header: 0]
[label_column: ]
[weight_column: ]
[group_column: ]
[ignore_column: ]
[categorical_feature: ]
[forcedbins_filename: ]
[precise_float_parser: 0]
[parser_config_file: ]
[objective_seed: 2051]
[num_class: 1]
[is_unbalance: 0]
[scale_pos_weight: 1]
[sigmoid: 1]
[boost_from_average: 1]
[reg_sqrt: 0]
[alpha: 0.9]
[fair_c: 1]
[poisson_max_delta_step: 0.7]
[tweedie_variance_power: 1.5]
[lambdarank_truncation_level: 50]
[lambdarank_norm: 1]
[label_gain: 0,1,2,3,5,8,13,21,34,55]
[lambdarank_position_bias_regularization: 0]
[eval_at: 5,10,25]
[multi_error_top_k: 1]
[auc_mu_weights: ]
[num_machines: 1]
[local_listen_port: 12400]
[time_out: 120]
[machine_list_filename: ]
[machines: ]
[gpu_platform_id: -1]
[gpu_device_id: -1]
[gpu_use_dp: 0]
[num_gpu: 1]

end of parameters

pandas_categorical:[]
