tree
version=v4
num_class=1
num_tree_per_iteration=1
label_index=0
max_feature_idx=78
objective=regression_l1
feature_names=return_1d return_5d return_10d return_20d return_60d vol_20d vol_60d downside_vol_20d upside_vol_20d beta_20d_spy beta_60d_spy momentum_5d momentum_20d momentum_60d momentum_120d price_to_sma_20d price_to_sma_50d macd_hist rsi_14 bollinger_z_20d excess_return_5d_vs_spy excess_return_20d_vs_spy excess_return_60d_vs_spy relative_momentum_20d_vs_spy volume_zscore_20d volume_zscore_60d dollar_volume_ratio_20d distance_to_20d_high distance_to_60d_high mom_vol_ratio downside_ratio mom_divergence mom_60_20_divergence mom_beta_adjusted trend_strength residual_momentum_20d residual_momentum_60d beta_instability vol_compression short_reversal_5d drawdown_reversal_setup spy_return_5d spy_return_10d spy_return_20d spy_return_60d spy_vol_20d spy_vol_60d spy_drawdown_60d spy_drawdown_120d spy_price_to_sma_20d spy_price_to_sma_50d breadth_above_sma_20d breadth_above_sma_50d return_dispersion_20d avg_corr_to_spy_60d cs_rank_momentum_20d cs_rank_momentum_60d cs_rank_momentum_120d cs_rank_vol_20d cs_rank_vol_60d cs_rank_beta_60d_spy cs_rank_excess_return_20d_vs_spy cs_rank_excess_return_60d_vs_spy cs_rank_distance_to_60d_high cs_rank_volume_zscore_60d cs_rank_residual_momentum_20d cs_rank_vol_compression cs_z_momentum_20d cs_z_momentum_60d cs_z_momentum_120d cs_z_vol_20d cs_z_vol_60d cs_z_beta_60d_spy cs_z_excess_return_20d_vs_spy cs_z_excess_return_60d_vs_spy cs_z_distance_to_60d_high cs_z_volume_zscore_60d cs_z_residual_momentum_20d cs_z_vol_compression
feature_infos=[-0.43452086002130341:0.52290083351866889] [-0.61014506677948988:0.88260863646066867] [-0.76666676001584633:1.0566037219206561] [-0.82992959300040647:1.6011328544898928] [-0.85304846129940903:3.1843460360789875] [0:0.22421856826873654] [0:0.15098313757298154] [0:0.14329582689483941] [0:0.16337928506217941] [-13.695336652051001:20.575017736493713] [-4.0150354444359371:4.8863145846586109] [-0.61014506677948988:0.88260863646066867] [-0.82992959300040647:1.6011328544898928] [-0.85304846129940903:3.1843460360789875] [-0.83371666889775953:3.8670393633078328] [-0.69421675406925953:0.66131114246219425] [-0.79930209060374013:0.90110325101678534] [-132.53715276993574:80.364006761272208] [0:99.861064002984776] [-4.3588989435360253:4.3588989435401295] [-0.61785361460716337:0.89255894908746558] [-0.76226697825859691:1.4709262498516809] [-0.82325003413577813:2.9093509651538785] [-0.77334034633993176:1.3346613418224949] [-3.1806480089076725:4.3588989435406811] [-3.1101259120259019:7.6809377036926092] [0:20] [-0.81943929527332759:0] [-0.85817267691977117:0] [-18.434174057089137:32.856663781858032] [0:1.0000000000000919] [-1.3570371140447641:1.3461282104399377] [-2.0207635762504927:2.8009776406464884] [-4255.054879795227:293369.5094455303] [-0.10473653747653534:1.0402577970351286] [-0.74485383155652252:1.5881203998579891] [-0.82942588607499323:2.9338451054121673] [-14.199209155084294:17.446023411371137] [0:1.7062871113350522] [-0.88260863646066867:0.61014506677948988] [-0.64546696202342024:0.50171151574494388] [-0.14545744126113069:0.10760484201185005] [-0.22629779601085409:0.13822803980490006] [-0.30986743390721494:0.19880861742569533] [-0.28352709652536146:0.274995070925109] [0.0021730407002129165:0.057214741816212382] [0.0032232706999609892:0.038130971872760974] [-0.31978062336214919:0] [-0.31978062336214919:0] [-0.18100567109799204:0.10411800047981856] [-0.25990193283892948:0.1238681533580317] [0:0.98360655737704916] [0:0.96926229508196726] [0.0098679514967273917:0.048661982904750399] [0.24488979150676321:0.82571615686883615] [0.0020161290322580645:1] [0.0020161290322580645:1] [0.0020202020202020202:1] [0.0020161290322580645:1] [0.0020161290322580645:1] [0.0020161290322580645:1] [0.0020161290322580645:1] [0.0020161290322580645:1] [0.0020161290322580645:1] [0.0020161290322580645:1] [0.0020161290322580645:1] [0.0020161290322580645:1] [-10.036419993502314:15.738428657944262] [-8.1746387955449009:16.457532946110788] [-5.9157241416999637:14.200214981033803] [-2.7783768299596447:17.573692674142993] [-2.978287472938431:14.693670716098037] [-6.3973639442257371:8.9620875419638821] [-10.036419993502314:15.738428657944262] [-8.1746387955449009:16.457532946110788] [-11.877286334415963:2.8116906550125513] [-3.695230169623156:12.409992861481406] [-10.270567983075658:16.015437511423954] [-7.1400431277203094:5.6178337822902611]
tree_sizes=2779 2533 2619 2417 2711 2726 2823 2711 2739 2147 2905 2802 2625 3016 2796 2714 2814 2338 2712 2503 2438 3097 2618 3088 2550 2730 2632 2748 2437 2695 2538 2839 2315 2891 2626 2599 2535 2447 2324 2604 2304 2127 2261 2035 2350 2139 2657 2421 2545 2620 2936 3100 2326 2317 2932 2807 2406 2320 2889 2430 2871 2400 2420 2399 2547 3018 2145 1857 2514 2594 2589 2622 1840 1933 2037 2741 2227 2316 2409 2177 2319 2320 2127 2053 2536 2914 2802 2442 2049 1760 2399 1847 2828 2128 2149 2310 2810 1852 2832 2299 2587 2118 2333 2320 2789 2130 2733 2428 2713 2314 2144 2203 2797 1975 1935 2806 2622 2517 2035 2129 1664 2304 2727 1473 2243 2318 2796 2213 2269 2320 2622 2013 2427 1677 2124 2041 2132 2430 2422 1676 1739 3019 2578 2732 1945 2303 2329 2252 2732 2696 2536 2807 2238 2145 2409 1932 2107 2223 2241 2321 2055 2519 2298 2635 1578 2417 3133 2416 2139 1874 2339 2161 2326 2426 2047 1784 1594 2355 1649 2629 2141 1846 2211 1313 2351 2240 2145 2426 2124 2710 1732 2448 2319 2283 2093 2384 2444 2596 2144 2730

Tree=0
num_leaves=28
num_cat=0
split_feature=21 46 6 6 50 46 70 44 46 46 59 5 37 45 44 57 6 47 45 44 7 15 50 42 61 26 28
split_gain=140.961 58.9909 129.235 69.9773 62.977 57.2085 84.4072 87.7214 71.257 54.5519 53.0116 48.2819 46.2268 43.5848 42.0842 49.0795 41.5989 37.8531 28.0187 35.5026 65.2301 31.4129 26.4899 25.1068 21.1948 14.3762 11.7276
threshold=0.034365569101207812 0.034948808953294379 0.054967910717191162 0.01979814605971562 0.060614552866280265 0.0071743398670720071 -0.2170723913827485 -0.084893273889158891 0.0090042221378546488 0.0097516835767139931 0.15822142912162687 0.022273176788207009 0.45064596118646355 0.018619033743462497 0.076579330989720598 0.19210327191838897 0.060421662430625224 -0.15327850463673823 0.0053649433499116618 0.061421834541732896 0.0055628587050242989 0.012823233739680308 0.050985234690685617 -0.005241347237394999 0.96335109558255505 0.82465768330252842 -0.13099123207953253
decision_type=8 10 8 10 10 8 8 8 10 10 10 10 8 10 10 8 10 10 10 10 8 8 10 10 10 10 10
left_child=1 3 11 4 9 18 7 13 -9 -1 -5 -3 -6 -7 16 -16 -8 -4 21 23 -21 25 -12 -20 -23 -2 -13
right_child=5 2 17 10 12 6 14 8 -10 -11 22 26 -14 -15 15 -17 -18 -19 19 20 -22 24 -24 -25 -26 -27 -28
leaf_value=-0.018957114000804721 -0.020436519011855125 -0.028297036141157153 -0.020198498070240021 -0.010745914727449417 -0.015145475119352341 -0.029247999638319016 -0.01951749749481678 -0.022479804307222365 -0.020051748752593995 -0.02009851571172476 -0.017187678813934328 -0.021787423938512802 -0.021967420130968095 -0.022090324610471727 -0.031276298016309739 -0.020952908396720885 -0.0093236939609050752 -0.0091336573660373687 -0.016607320606708526 -0.012509066313505172 -0.01927308887243271 -0.019121227106079459 -0.019838942959904671 -0.019958202056586744 -0.02208041548728943 -0.024749637097120285 -0.024779996424913409
leaf_weight=72081 530 339 293 240 1235 624 12145 4162 6821 17236 18085 975 200 641 534 3009 363 388 1485 614 769 7032 2844 3314 1468 511 348
leaf_count=72081 530 339 293 240 1235 624 12145 4162 6821 17236 18085 975 200 641 534 3009 363 388 1485 614 769 7032 2844 3314 1468 511 348
internal_value=-0.0192917 -0.0189213 -0.0220613 -0.0188555 -0.0190971 -0.0202533 -0.0207907 -0.0220411 -0.0214659 -0.0191639 -0.0178201 -0.0250676 -0.0149419 -0.0270272 -0.0198363 -0.0217602 -0.019291 -0.0147295 -0.0192859 -0.0182372 -0.0154151 -0.0199656 -0.0179276 -0.0190516 -0.0195635 -0.0232432 -0.023334
internal_weight=158286 114264 2343 111921 90752 44022 28299 12248 10983 89317 21169 1662 1435 1265 16051 3543 12508 681 15723 6182 1383 9541 20929 4799 8500 1041 1323
internal_count=158286 114264 2343 111921 90752 44022 28299 12248 10983 89317 21169 1662 1435 1265 16051 3543 12508 681 15723 6182 1383 9541 20929 4799 8500 1041 1323
is_linear=0
shrinkage=1


Tree=1
num_leaves=25
num_cat=0
split_feature=23 70 44 6 72 6 44 53 50 44 63 37 53 59 44 44 53 53 53 44 28 45 6 50
split_gain=123.167 46.5671 75.6465 39.9523 78.8711 71.3965 63.753 55.3216 84.1373 56.863 51.6332 36.4595 33.6572 64.6657 44.0616 34.715 33.7327 33.3483 31.5469 30.4772 28.1621 27.9469 24.128 20.9852
threshold=0.037515239100456295 -1.1076042247348952 0.063232386428749413 0.01979814605971562 0.37252062840538652 0.035539605730817402 0.17681011985472364 0.024132712610863215 0.050985234690685617 0.12426035922099922 0.2484008237973786 0.45064596118646355 0.019586952900428178 0.57157287157287173 0.043656292209295906 0.18808175359729787 0.017392016336547866 0.019858297474099552 0.01699657074490438 0.16428366975657974 -0.14214261025999256 0.0093197598497616486 0.013743538583391135 0.051907986074116182
decision_type=8 8 10 10 10 10 10 10 10 10 10 10 10 8 10 10 10 10 10 10 10 10 8 10
left_child=3 2 18 7 5 19 17 8 9 -1 -7 -10 16 15 -15 -14 23 -6 21 -5 -8 -2 -18 -3
right_child=1 12 -4 4 6 10 20 -9 11 -11 -12 -13 13 14 -16 -17 22 -19 -20 -21 -22 -23 -24 -25
leaf_value=7.1062150690704576e-05 -0.0025301339834928518 -0.00068121311515569689 0.0040922842115163807 0.00023472041175700724 0.0025593419671058656 0.0018185688614845274 -0.011243917565792799 -0.006543702019006014 0.0031997437797952446 -0.0030312703378498553 -0.0042333909064531331 -0.0014559456534683705 -0.0044106411844491962 0.0027994416907429699 -0.0032655205190181735 0.0021705560624599458 0.0044659770060330633 0.0052700564056634902 -0.00088107248097658158 0.0038440385758876801 -0.00022854701429605482 -0.010680707058310509 0.00050804920624941588 -0.0033610104159452021
leaf_weight=87291 333 29413 227 7212 11194 722 208 396 3150 1835 1690 521 2457 1329 1450 218 578 2078 368 758 200 507 2894 1162
leaf_count=87291 333 29413 227 7212 11194 722 208 396 3150 1835 1690 521 2457 1329 1450 218 578 2078 368 758 200 507 2894 1162
internal_value=-4.2341e-05 -0.000986833 -0.00452507 0.000287388 0.00101392 -0.000300299 0.0020114 9.97704e-05 0.000131662 9.40231e-06 -0.00331455 0.00309858 -0.000858134 -0.00231677 -0.000179137 -0.00453587 -0.000624354 0.00225104 -0.00651613 0.000611968 -0.00576528 -0.00865398 0.00124331 -0.000836538
internal_weight=158191 40936 1435 117255 24062 10382 13680 93193 92797 89126 2412 3671 39501 5454 2779 2675 34047 13272 1208 7970 408 840 3472 30575
internal_count=158191 40936 1435 117255 24062 10382 13680 93193 92797 89126 2412 3671 39501 5454 2779 2675 34047 13272 1208 7970 408 840 3472 30575
is_linear=0
shrinkage=0.02


Tree=2
num_leaves=26
num_cat=0
split_feature=23 70 44 32 4 53 5 50 50 44 50 44 14 50 50 4 45 53 40 53 70 51 72 63 56
split_gain=118.843 53.7284 66.4831 43.749 41.3725 90.9682 48.7193 46.5324 38.0664 36.4672 55.2026 35.4853 31.9241 37.2957 30.9668 34.9167 37.517 29.9209 25.0606 22.6831 22.1886 21.0894 18.7839 15.0798 6.61296
threshold=0.033287659116676867 -0.86573689406856591 0.074067940574290794 0.2254793195320737 -0.25000560085352919 0.024132712610863215 0.02696695282707352 0.056052901520664451 0.051541366020150588 -0.084893273889158891 -0.040003385804206197 0.087426643201365853 -0.22074135253556518 0.039750680025723024 0.055229516002994646 -0.11272399854229979 0.012773194678092072 0.027883404380281338 0.0019274934623563992 0.011281330487037692 -0.1894948712851148 0.62579569431033877 -0.9927753825530875 0.2119627955340542 0.65887345957862031
decision_type=8 8 10 10 8 10 10 10 10 10 10 10 10 10 10 10 10 10 10 8 10 2 8 10 10
left_child=3 2 9 4 7 8 -7 23 -6 17 -11 -4 -5 18 19 -16 -17 -2 -14 22 -21 -15 -3 -1 -13
right_child=1 14 11 12 5 6 -8 -9 -10 10 -12 24 13 21 15 16 -18 -19 -20 20 -22 -23 -24 -25 -26
leaf_value=0.0031139593257620002 -0.010633710928156972 -0.0035931092518428345 0.005566848234053701 -0.0046793025045096873 0.00019508446597866721 -0.0052261677184090947 -0.0010449964330792427 0.012775883040249347 0.0017138895704774187 0.0053232642571032053 -0.0028650123962610965 -0.0023777076007723808 0.00012503239283245059 0.0079324481093883507 0.0063251952665448188 -0.0020666811836045234 -0.0073761257057487961 -0.00083687175413966173 0.0059264472329616548 -0.0010714553988948464 -0.00017939186118915676 0.0046378256566831843 0.0021775549702867866 -0.0012455396052002906 0.00058877498555369673
leaf_weight=1888 414 258 290 330 98889 1252 1425 309 5117 315 3032 211 1789 495 204 1741 481 206 635 14865 20596 944 1870 513 202
leaf_count=1888 414 258 290 330 98889 1252 1425 309 5117 315 3032 211 1789 495 204 1741 481 206 635 14865 20596 944 1870 513 202
internal_value=-7.44288e-06 -0.000881216 -0.00291115 0.000336288 0.000259411 0.000197387 -0.00344212 0.00269937 0.000291115 -0.00391583 -0.00308781 0.00275284 0.00234096 0.00285145 -0.000644192 -0.00283395 -0.00356185 -0.00837037 0.00133526 -0.00050274 -0.000623146 0.00540139 0.00150211 0.00175604 -0.00100966
internal_weight=158271 44685 4670 113586 109393 106683 2677 2710 104006 3967 3347 703 4193 3863 40015 2426 2222 620 2424 37589 35461 1439 2128 2401 413
internal_count=158271 44685 4670 113586 109393 106683 2677 2710 104006 3967 3347 703 4193 3863 40015 2426 2222 620 2424 37589 35461 1439 2128 2401 413
is_linear=0
shrinkage=0.02


Tree=3
num_leaves=24
num_cat=0
split_feature=23 70 53 72 44 44 51 32 4 53 60 52 45 45 53 38 14 44 5 44 33 53 68
split_gain=105.525 50.029 44.003 46.684 82.9971 39.1806 37.9381 36.4413 35.6263 84.9741 55.3043 37.0522 35.9397 48.2999 31.6297 28.9869 26.9788 35.4791 22.8671 22.2393 19.8915 17.2191 13.5054
threshold=0.037515239100456295 -1.241716599153516 0.020109400190769285 0.56406679334088616 0.085218821842120943 0.17681011985472364 0.36250455800385484 0.2254793195320737 -0.25000560085352919 0.024132712610863215 0.67894769528321575 0.88789462569950384 0.018619033743462497 0.01310383837917809 0.015021465496596855 1.2428028388912435 -0.23094267080344202 0.10621104336596378 0.011240430427529728 -0.097151723167054158 -0.26059467640600548 0.015107953925409959 0.21975497886283868
decision_type=8 8 10 8 10 10 2 10 8 10 8 2 10 10 10 10 10 10 10 8 10 10 10
left_child=7 6 15 5 -5 -4 -2 8 12 11 -11 -10 13 -1 -8 19 -9 21 -19 -3 -14 -18 -17
right_child=1 2 3 4 -6 -7 14 16 9 10 -12 -13 20 -15 -16 22 17 18 -20 -21 -22 -23 -24
leaf_value=0.0017790312367397269 -0.010559606872395726 -0.0057484604992523048 -0.0043028092882196603 0.005032861873819996 -0.011229914462899605 0.001948664093925506 -0.0058007526473227147 -0.004835681386399269 0.00018582717122260484 -0.0039331814679113312 0.0027861588582122326 0.0021762853198500536 0.0039787396277504881 0.010731504510205672 0.0029847544207152721 -0.0011039369782964885 0.002536124722141046 -0.00033487843168994414 0.0069241000334769303 -0.00072181391673173747 -0.0022539617393893285 -0.0013424341386666335 0.0012730544976339488
leaf_weight=858 222 357 2745 772 409 409 222 322 104706 2266 473 2895 427 694 201 985 1398 231 1358 30584 716 1017 3953
leaf_count=858 222 357 2745 772 409 409 222 322 104706 2266 473 2895 427 694 201 985 1398 231 1358 30584 716 1017 3953
internal_value=-8.07731e-06 -0.000883456 -0.000794679 -0.00269788 0.000692047 -0.00396767 -0.00640557 0.000296672 0.000227697 0.000172175 -0.00330584 0.000260757 0.00249926 0.00448036 -0.00287264 -0.000564604 0.00209799 0.00254632 0.00486667 -0.000791739 -0.000190559 0.00101738 0.000858068
internal_weight=158220 40859 40214 4335 1181 3154 645 117361 113035 110340 2739 107601 2695 1552 423 35879 4326 4004 1589 30941 1143 2415 4938
internal_count=158220 40859 40214 4335 1181 3154 645 117361 113035 110340 2739 107601 2695 1552 423 35879 4326 4004 1589 30941 1143 2415 4938
is_linear=0
shrinkage=0.02


Tree=4
num_leaves=27
num_cat=0
split_feature=23 46 70 44 46 46 6 6 5 50 5 41 29 6 71 36 42 44 14 42 32 31 65 5 4 45
split_gain=100.857 65.817 70.036 69.8851 68.7919 52.3188 151.056 73.5345 67.2534 48.4472 54.0687 46.816 37.9549 36.8556 34.7605 34.2767 32.9708 30.6685 27.3828 28.645 23.7854 22.7924 17.3753 14.105 11.7651 7.59506
threshold=0.037515239100456295 0.0071743398670720071 -0.1965745410511778 -0.084893273889158891 0.0090042221378546488 0.034133759215293408 0.054967910717191162 0.021007752133037936 0.023820162671039938 0.050985234690685617 0.016236822836185737 0.047385170751575563 2.3559287225727243 0.023573708608318592 -0.77090199909128854 -0.23407605539944401 0.044644769844308992 -0.097151723167054158 -0.020452371336266702 0.031083115687014943 -0.41652695850675203 -0.051827018757711667 0.19656273651954001 0.020576064410959004 -0.039892692084792229 0.022730746898116529
decision_type=8 8 8 10 10 10 8 8 10 10 10 10 8 8 8 10 10 8 10 10 8 10 10 8 10 10
left_child=5 16 3 13 -5 7 8 9 24 11 -11 -1 21 -3 -9 -8 18 -16 23 -20 -14 -4 -10 -2 -7 -17
right_child=1 2 12 4 -6 6 15 14 22 10 -12 -13 20 -15 17 25 -18 -19 19 -21 -22 -23 -24 -25 -26 -27
leaf_value=7.772684014474378e-05 -0.0029000731008391061 -0.0093861883720057996 0.0049215190604366757 -0.0030123189583665857 -0.00072652191001547264 -0.0055881149996896721 0.017755079010705884 0.007556939852528915 0.00055491193808036594 0.0025696291051131161 -0.0022418599941165431 -0.0039565123802872623 0.006102200998772094 -0.0030572198402024596 0.0054348026866957921 0.004992423681663795 0.0059399682525303798 0.0015511156446167029 0.00071687900551937751 -0.0039282392512954003 -0.0011740064990821458 0.00062382786923244815 -0.0033777543155904944 0.00077785396890161791 -0.011309734687601727 0.00019443950893786009
leaf_weight=89372 1589 621 652 3511 6341 226 233 244 340 3504 781 558 299 945 925 223 351 18866 11181 673 12395 1755 1183 503 201 297
leaf_count=89372 1589 621 652 3511 6341 226 233 244 340 3504 781 558 299 945 925 223 351 18866 11181 673 12395 1755 1183 503 201 297
internal_value=1.8115e-05 -0.000837837 -0.00142753 -0.00260951 -0.00198498 0.00031686 -0.00243269 0.000381949 -0.00537058 0.000147937 0.00222538 4.89042e-05 -0.000533572 -0.0065335 0.00148223 0.00516976 0.00025584 0.00138935 0.000103105 0.00047558 -0.000970303 0.00176827 -0.00339764 -0.00200573 -0.0123785 0.00229942
internal_weight=157769 40816 26519 11418 9852 116953 2703 114250 1950 94215 4285 89930 15101 1566 20035 753 14297 19791 13946 11854 12694 2407 1523 2092 427 520
internal_count=157769 40816 26519 11418 9852 116953 2703 114250 1950 94215 4285 89930 15101 1566 20035 753 14297 19791 13946 11854 12694 2407 1523 2092 427 520
is_linear=0
shrinkage=0.02


Tree=5
num_leaves=27
num_cat=0
split_feature=23 46 70 54 54 46 6 5 6 50 46 9 59 53 46 47 57 44 5 52 45 50 42 51 68 18
split_gain=104.178 44.5212 68.7316 57.1839 56.1265 44.3976 138.489 78.2585 76.244 51.8997 53.375 52.3634 49.7806 42.6701 38.2059 37.2904 35.5981 31.8551 28.3397 28.0722 32.7376 29.4725 21.337 18.6883 16.3639 10.9558
threshold=0.037515239100456295 0.0071743398670720071 -0.86573689406856591 0.57574035584699446 0.66004848003395244 0.034133759215293408 0.054967910717191162 0.022072057783298935 0.020576459917721533 0.060614552866280265 0.0097516835767139931 1.3960784906480543 0.16216146114773589 0.017392016336547866 0.0057200753517154942 -0.15327850463673823 0.073119812617750399 -0.097151723167054158 0.010491329959596096 0.58753704404664098 0.0056004574279897622 -0.011434657675454483 0.031083115687014943 0.71002037178507782 0.033910454165855343 66.353097711809568
decision_type=8 8 8 8 10 10 8 10 10 10 10 10 10 10 10 10 10 10 10 2 10 10 10 2 10 10
left_child=5 14 3 13 -5 8 7 -7 9 10 -1 -11 -10 -3 22 -8 25 -14 -18 21 -21 -4 23 -2 -9 -16
right_child=1 2 19 4 -6 6 15 24 12 11 -12 -13 17 -15 16 -17 18 -19 -20 20 -22 -23 -24 -25 -26 -27
leaf_value=0.00029572740097489036 -0.0012722747737632983 -0.0029174732448595405 -0.0009268320649880277 -0.0072612276409057472 -0.00062624274998878879 -0.0090741653522837702 0.00055564537509848516 -0.0010689389083530973 0.0095689341757111187 0.0037249841845185152 -0.00075915308293927626 -0.0048143853661259048 0.0053086815130850154 0.005111015328780508 0.00027421920326091458 0.011107737009120735 0.0032628897752894543 0.0016117224313640576 0.0006922198567112989 0.00056473202991912954 -0.0019269253413619798 0.001363984002143429 -0.0063176078103753842 0.00075232264795639442 -0.0040981079016550979 -0.0040420975839782058
leaf_weight=75383 4773 768 6758 1288 512 339 384 825 216 1400 18663 205 970 491 292 371 1701 17631 4679 2350 11136 3222 355 2064 747 536
leaf_count=75383 4773 768 6758 1288 512 339 384 825 216 1400 18663 205 970 491 292 371 1701 17631 4679 2350 11136 3222 355 2064 747 536
internal_value=-1.63229e-06 -0.000870302 -0.00135633 -0.00417582 -0.00646197 0.000301857 -0.00224897 -0.00511402 0.000361303 0.000132334 7.14324e-05 0.00369738 0.00152503 -0.000903175 2.48594e-05 0.00499735 0.00105396 0.00141372 0.00156057 -0.000988537 -0.0015836 -0.00018415 -0.00100626 -0.000757239 -0.00322823 -0.00284439
internal_weight=158059 40925 26525 3059 1800 117134 2666 1911 114468 95651 94046 1605 18817 1259 14400 755 7208 18601 6380 23466 13486 9980 7192 6837 1572 828
internal_count=158059 40925 26525 3059 1800 117134 2666 1911 114468 95651 94046 1605 18817 1259 14400 755 7208 18601 6380 23466 13486 9980 7192 6837 1572 828
is_linear=0
shrinkage=0.02


Tree=6
num_leaves=28
num_cat=0
split_feature=23 46 9 5 6 41 50 59 46 59 44 46 52 44 50 36 45 14 46 44 45 45 60 4 24 5 4
split_gain=100.279 59.2637 143.131 83.067 64.7825 56.2959 52.778 50.1075 37.1914 62.4835 57.4723 66.1023 38.3062 39.8289 35.4826 35.1527 32.2789 29.7595 43.3069 28.6515 26.3047 18.7153 17.9976 14.5638 12.1106 9.7895 8.62198
threshold=0.037515239100456295 0.034948808953294379 1.7740964014934786 0.024599495354138533 0.01979814605971562 0.047385170751575563 0.060614552866280265 0.15822142912162687 0.0071743398670720071 0.40128071949919364 -0.084893273889158891 0.0090042221378546488 0.68986766234201624 0.054539064588540971 0.050985234690685617 -0.19641071917112116 0.045801057929081977 0.020502219271839931 0.0057736429749772862 0.069399657099751391 0.0087470329669051428 0.0036153885929301245 0.43123074948665302 -0.032475757351490935 -0.88318359304317784 0.015995416699892431 0.21392093496881706
decision_type=8 10 10 10 8 10 10 8 8 8 10 10 2 10 8 10 10 10 10 8 10 10 10 10 10 8 8
left_child=1 4 3 23 5 6 -1 -6 17 10 16 -12 13 -11 -9 -5 -10 24 21 -14 -20 -19 -7 -3 25 -2 -26
right_child=8 2 -4 15 7 22 -8 14 9 12 11 -13 19 -15 -16 -17 -18 18 20 -21 -22 -23 -24 -25 26 -27 -28
leaf_value=0.00011624628803782817 -0.00083996069068517122 -0.0058254139120746421 0.011069554968128751 0.0067487272012196065 0.0080122166302546045 -0.0058719378528837617 0.0028731479011792414 0.0020290709752895579 -0.0078978742294789836 -0.00038126672173903069 -0.0032732486996379447 -0.00062460740859059344 -0.00050939115595573443 0.0031119575303707263 -0.00046261510165291009 -0.0032241973849698141 -0.0010444807745393211 0.0013502143463061886 0.0019915319300979413 -0.0033131241120576437 -0.0051128651029258175 -0.0011353391369074541 -0.0015514583709361526 -0.011541346024976895 -0.0020648014104858556 0.0037977223182447317 -0.0094986217505850686
leaf_weight=88480 398 259 337 201 242 298 1520 19486 764 8598 2633 4652 4340 1674 4460 1379 272 1442 4941 3671 201 4825 211 214 2153 230 203
leaf_count=88480 398 259 337 201 242 298 1520 19486 764 8598 2633 4652 4340 1674 4460 1379 272 1442 4941 3671 201 4825 211 214 2153 230 203
internal_value=4.19901e-05 0.000340069 -0.00277624 -0.00476047 0.000405046 0.000159297 0.000196864 0.00132449 -0.000809259 -0.00125232 -0.00268902 -0.00206121 -0.000598228 0.000210065 0.00123264 -0.00255408 -0.00709547 9.58733e-06 0.000474847 -0.0016348 0.00183512 -0.000641034 -0.00646667 -0.0121055 -0.00176817 0.000696343 -0.00242597
internal_weight=158084 117087 2390 2053 114697 90509 90000 24188 40997 26604 8321 7285 18283 10272 23946 1580 1036 14393 11409 8011 5142 6267 509 473 2984 628 2356
internal_count=158084 117087 2390 2053 114697 90509 90000 24188 40997 26604 8321 7285 18283 10272 23946 1580 1036 14393 11409 8011 5142 6267 509 473 2984 628 2356
is_linear=0
shrinkage=0.02


Tree=7
num_leaves=27
num_cat=0
split_feature=23 46 70 54 54 45 46 36 5 6 53 43 4 71 54 43 6 46 44 71 6 43 44 15 51 5
split_gain=91.3009 45.5854 59.7402 47.928 58.5194 49.4808 43.5701 134.442 83.4595 67.3019 51.1919 49.9855 33.4052 30.4242 29.1785 26.4421 26.0551 25.621 49.3525 47.7223 25.0724 20.3001 23.9272 19.329 16.5844 13.8023
threshold=0.038993734467809855 0.0071743398670720071 -0.86573689406856591 0.57574035584699446 0.58470918584669096 0.011071307957438202 0.034133759215293408 -0.19641071917112116 0.024075673585301421 0.02132176916545157 0.024132712610863215 0.052023788456372573 -0.30076630711650776 -0.81583577705497567 0.45794670749167254 0.045926480790714048 0.017390490731259371 0.0060361687322973596 0.061421834541732896 -0.18214388531668058 0.060421662430625224 0.045006357771470003 0.099831447456722691 0.013145990465071812 0.79809273413924597 0.019324501497016783
decision_type=8 8 8 8 10 10 10 10 10 10 10 10 8 10 8 10 10 10 10 8 10 10 10 8 2 10
left_child=6 17 3 5 -5 -3 9 -8 25 10 11 -1 -4 -11 -14 -15 -12 21 24 -20 -10 23 -23 -2 -19 -9
right_child=1 2 12 4 -6 -7 7 8 20 13 16 -13 14 15 -16 -17 -18 18 19 -21 -22 22 -24 -25 -26 -27
leaf_value=2.7507478382913577e-05 -0.0023580652793014083 -0.0033670383045972998 0.014936738220079421 -0.0125046435214985 -0.0031871783933474251 0.0033692263062558184 0.012392819400557848 -0.0096375449481568131 -0.0023226035832631417 0.0086027282732133743 -0.007719956535177968 0.0014777573778498431 -0.0029228335854182721 0.0023079574782919909 -0.00078364958985860866 -0.00041841061123490094 -0.001555288163620468 0.0005913222822162904 0.0072517778020836903 0.0012686632111459715 0.0052840204336671226 0.00043280966593658223 -0.0081910638790969707 7.8309527676519862e-06 -0.0035818652910012874 -0.0058435704077741887
leaf_weight=90985 1030 682 209 393 1336 522 381 210 1627 220 273 7195 2523 13798 20169 2974 209 3450 508 653 228 206 251 7352 418 243
leaf_count=90985 1030 682 209 393 1336 522 381 210 1627 220 273 7195 2523 13798 20169 2974 209 3450 508 653 228 206 251 7352 418 243
internal_value=-1.4287e-05 -0.000844218 -0.00134074 -0.00402795 -0.00616069 -0.000960996 0.000264128 -0.00225204 -0.00407016 0.000322667 0.000122417 0.000154388 -0.000996332 0.0014852 -0.00106985 0.00138783 -0.00637267 8.06114e-05 0.00122028 0.00483477 -0.00218642 -0.000567647 -0.00466812 -0.000343314 0.000133885 -0.0117577
internal_weight=158045 39702 25834 2933 1729 1204 118343 2689 2308 115654 98662 98180 22901 16992 22692 16772 482 13868 5029 1161 1855 8839 457 8382 3868 453
internal_count=158045 39702 25834 2933 1729 1204 118343 2689 2308 115654 98662 98180 22901 16992 22692 16772 482 13868 5029 1161 1855 8839 457 8382 3868 453
is_linear=0
shrinkage=0.02


Tree=8
num_leaves=27
num_cat=0
split_feature=21 46 70 54 44 44 46 6 6 50 46 47 5 59 14 46 58 47 29 10 50 43 68 54 24 68
split_gain=82.2062 56.1715 88.0241 57.5771 65.8889 43.0857 37.5709 99.9258 55.911 65.719 61.6119 49.0278 47.1656 38.4482 37.1173 50.6585 42.7894 36.4059 31.113 33.7722 25.8116 21.4939 21.0021 20.2033 13.6001 11.5988
threshold=0.024283440420276307 0.0071743398670720071 -0.70491885204503646 0.57514232024538892 0.045102001367255513 -0.021721151424366921 0.034948808953294379 0.054967910717191162 0.01979814605971562 0.050985234690685617 0.0099683924846339905 -1.0000000180025095e-35 0.022872152417614713 0.15822142912162687 0.01893760264394229 0.0060361687322973596 0.15432751285464466 -0.14112833282860052 2.5061272499360787 1.3602177385384804 0.050985234690685617 0.026721551453057105 1.4376571135663074 0.53852589286662023 -0.99828122980198852 0.059268188942980214
decision_type=8 8 8 8 10 10 10 8 10 10 10 10 10 10 10 10 10 10 8 10 10 10 10 10 8 10
left_child=6 14 3 5 -5 -3 8 12 9 10 -1 -11 -8 -10 23 21 -17 -9 19 -4 -15 -16 -20 24 -2 -14
right_child=1 2 18 4 -6 -7 7 17 13 11 -12 -13 25 20 15 16 -18 -19 22 -21 -22 -23 -24 -25 -26 -27
leaf_value=0.00025192561373170756 0.00078084634582782999 0.0047048682665306076 -5.7169945580243697e-05 -0.0049768690755019433 0.00072317465855239473 -0.0014864603748835337 -0.0075546848461828789 -7.6066325424279524e-05 0.0081150445540277352 0.0043264337749817144 -0.0010995877685754582 0.0010817398803198391 -0.0013265246802480674 0.0019971121011013722 -0.00073476154334883891 0.0048864128279720413 0.0014175583364508249 0.011029102906466904 -0.0011916307773593264 0.0040174348470150599 -0.0007921581387501733 0.00097956048153589339 0.00063174291911876983 0.0045085320749299494 -0.0022418640885201622 -0.0044942128841370423
leaf_weight=66330 612 482 5158 3150 652 2443 335 325 218 1059 12558 2400 667 16952 7468 737 4350 304 17779 1081 2588 3239 2965 232 3476 572
leaf_count=66330 612 482 5158 3150 652 2443 335 325 218 1059 12558 2400 667 16952 7468 737 4350 304 17779 1081 2588 3239 2965 232 3476 572
internal_value=-2.76982e-06 -0.000637585 -0.00113666 -0.00318341 -0.00480621 -0.00107245 0.000324785 -0.00225862 0.000380565 0.000151285 3.29323e-05 0.00284913 -0.00495111 0.001336 0.000198757 0.00064818 0.00229127 0.00447302 -0.000626223 0.000611859 0.00124241 -0.000132424 -0.000998698 -0.00144365 -0.00177011 -0.00314355
internal_weight=158132 53824 33710 6727 3802 2925 104308 2203 102105 82347 78888 3459 1574 19758 20114 15794 5087 629 26983 6239 19540 10707 20744 4320 4088 1239
internal_count=158132 53824 33710 6727 3802 2925 104308 2203 102105 82347 78888 3459 1574 19758 20114 15794 5087 629 26983 6239 19540 10707 20744 4320 4088 1239
is_linear=0
shrinkage=0.02


Tree=9
num_leaves=21
num_cat=0
split_feature=23 46 36 7 57 46 44 70 44 53 9 4 53 10 53 44 51 50 63 4
split_gain=92.0732 54.8247 136.955 61.1831 38.4333 65.2093 45.393 38.1398 58.7738 43.3695 38.121 31.2418 35.0401 38.6138 36.272 28.6862 26.1473 23.9621 20.7563 7.71959
threshold=0.037515239100456295 0.034133759215293408 -0.19641071917112116 0.012798471129776863 0.76550929407497204 0.020108749544960901 -0.084893273889158891 -1.1512954770707664 0.055033049347779979 0.017062661025990872 1.7740964014934786 -0.30076630711650776 0.019586952900428178 0.43161617532365976 0.017392016336547866 0.00083594828880284588 0.72080650082043596 -0.017451728641317995 0.64180649547294599 -0.036826410995000163
decision_type=8 10 10 10 10 10 8 8 10 10 10 8 10 10 10 10 2 8 10 10
left_child=1 4 -3 19 6 15 18 8 9 17 -5 -9 14 -14 -13 -6 -8 -2 -1 -4
right_child=7 2 3 10 5 -7 16 11 -10 -11 -12 12 13 -15 -16 -17 -18 -19 -20 -21
leaf_value=0.0036044137616289907 -0.011880340679509152 0.013009260316556916 -0.0048948658119772649 -0.0029032611755915373 -0.00057072147810328401 0.014557189999582923 -6.6288653796372766e-05 0.01263451538235397 0.0028635384373680624 -0.00012087650386071708 0.0047119952768948318 -0.00071781081963125885 0.0035701716646711276 -0.0026540014476462005 0.0013727439059874555 0.0014267601085488548 0.00062797095753595736 -0.0040954033978895434 -0.0026146773034741101 -0.010350713090080749
leaf_weight=1967 214 380 202 1685 3178 212 67102 231 246 281 205 30640 403 4943 3499 15952 25857 384 246 222
leaf_count=1967 214 380 202 1685 3178 212 67102 231 246 281 205 30640 403 4943 3499 15952 25857 384 246 222
internal_value=2.69408e-05 0.000311904 -0.00250761 -0.00433607 0.000378274 0.00119103 0.000213065 -0.000790804 -0.00442096 -0.00683864 -0.00279112 -0.000687816 -0.000730841 -0.00223639 -0.000494962 0.00106832 0.000145633 -0.0098798 0.00304336 -0.0111953
internal_weight=158049 117208 2694 2314 114514 19342 95172 40841 1125 879 1890 39716 39485 5346 34139 19130 92959 598 2213 424
internal_count=158049 117208 2694 2314 114514 19342 95172 40841 1125 879 1890 39716 39485 5346 34139 19130 92959 598 2213 424
is_linear=0
shrinkage=0.02


Tree=10
num_leaves=29
num_cat=0
split_feature=21 6 50 53 41 47 44 63 53 71 44 44 57 60 41 48 29 45 7 10 53 45 37 28 6 71 41 59
split_gain=87.0703 46.2491 63.4042 53.6617 53.6292 47.7828 46.6896 44.0108 42.5899 50.0279 93.6881 75.5935 86.614 50.6316 42.839 34.3032 40.7716 35.5875 32.6987 38.827 32.5521 31.9192 21.6458 20.8485 16.1032 13.6806 12.4509 9.86722
threshold=0.025427990946397364 0.019677120160774834 0.050985234690685617 0.026707023668890138 0.047385170751575563 -1.0000000180025095e-35 0.12426035922099922 0.18407474908232155 0.020109400190769285 -0.083444058033482593 0.085218821842120943 0.085218821842120943 0.16836741069011338 0.83583701363592422 -0.0073346147135142639 -0.13097378583812033 2.2058019826023068 0.0083303967830531678 0.0046806249510696904 1.0804109291293893 0.012891345076174206 0.010343456098693643 0.22698695314190412 -0.11011122754003454 0.016288908752363065 -0.56644098052238467 0.030116918800226381 0.5675936580999873
decision_type=8 8 10 10 10 10 10 10 10 8 10 10 8 10 10 8 8 10 10 10 10 10 10 10 10 10 10 10
left_child=1 2 4 18 6 24 -1 26 15 10 14 13 -13 -11 -10 -2 20 -18 27 -20 -17 -7 -12 -9 -4 -6 -5 -3
right_child=8 3 5 7 25 21 -8 23 9 11 22 12 -14 -15 -16 16 17 -19 19 -21 -22 -23 -24 -25 -26 -27 -28 -29
leaf_value=9.3707096993941866e-05 -0.005876554692496384 0.0059531942553232532 0.0047270064938761229 0.00013514295272644799 -0.0060593971544990024 0.0016309238538352985 -0.0028270954431384408 -0.0023463343428494609 -0.0028418458779727487 -0.00030981137732987932 0.0041692637313492566 -0.021621581355232618 -0.0011334546651461505 0.0085388078855183763 -0.0071549474123768246 -0.0018041216247180847 -0.00026143734336433767 -0.0016168966687776689 0.00026742670617063827 0.0025029929111787196 0.0017520636618280198 -0.0055660256442875543 -0.0013617440066613429 -0.0087934140500187333 0.0034139923783615177 -0.0024010515846967502 0.010777729778680476 0.0028034337282564835
leaf_weight=75379 369 390 622 235 232 2143 1685 1356 1067 1003 402 206 550 543 1123 1149 29772 10953 8377 13727 5326 250 204 224 455 210 220 200
leaf_count=75379 369 390 622 235 232 2143 1685 1356 1067 1003 402 206 550 543 1123 1149 29772 10953 8377 13727 5326 250 204 224 455 210 220 200
internal_value=9.3324e-06 0.000340359 0.000109142 0.00109737 -9.26368e-06 0.00275367 3.05975e-05 -0.00201277 -0.000655009 -0.00239223 -0.00418949 -0.000207555 -0.00538705 0.00232579 -0.00611502 -0.000468741 -0.000421135 -0.000655552 0.00137643 0.00125211 0.00105281 0.00117711 0.00276442 -0.0035914 0.00625046 -0.00694808 0.00346053 0.0060203
internal_weight=158372 105705 80976 24729 77506 3470 77064 2035 52667 5098 2796 2302 756 1546 2190 47569 47200 40725 22694 22104 6475 2393 606 1580 1077 442 455 590
internal_count=158372 105705 80976 24729 77506 3470 77064 2035 52667 5098 2796 2302 756 1546 2190 47569 47200 40725 22694 22104 6475 2393 606 1580 1077 442 455 590
is_linear=0
shrinkage=0.02


Tree=11
num_leaves=28
num_cat=0
split_feature=23 46 59 46 46 46 9 6 7 53 41 59 52 52 4 4 53 6 19 63 9 75 46 57 53 7 28
split_gain=79.5539 45.5796 61.4425 48.3421 89.7434 40.6691 113.335 70.2124 56.9965 53.9677 46.8505 40.3017 37.9397 37.2477 28.4151 27.3792 25.0982 27.8689 23.3688 22.7207 20.3805 19.4879 18.6718 15.2659 18.4466 16.089 11.6097
threshold=0.037515239100456295 0.0071743398670720071 0.39742205238965506 0.0090042221378546488 0.011835859465318926 0.034948808953294379 1.4279968632253877 0.021007752133037936 0.012798471129776863 0.024132712610863215 0.047385170751575563 0.17028214877277523 0.63626692456479705 0.41778655136723325 -0.25000560085352919 -0.30076630711650776 0.015021465496596855 0.009582787076470976 2.1197026052816677 0.2119627955340542 0.71981169133229039 -0.58509645980473002 0.0068844110465708184 0.1484626119839734 0.011281330487037692 0.0093023372554730897 -0.069282883163214501
decision_type=8 8 8 10 10 10 10 10 10 10 10 10 2 2 10 8 10 8 8 8 10 10 10 10 10 10 10
left_child=5 16 3 13 -5 7 8 9 26 10 -1 -9 -8 -3 -14 -4 23 -18 -13 -17 -11 -10 -19 25 -25 -2 -7
right_child=1 2 15 4 -6 6 12 11 21 20 -12 18 14 -15 -16 19 17 22 -20 -21 -22 -23 -24 24 -26 -27 -28
leaf_value=0.00018955978896273881 -0.0032131359052764846 -0.006563430900096907 0.012537186368139837 0.00077805428231879511 -0.0037991401187712865 -0.0049325892957075308 -0.000661827899853899 0.0078510589209516441 0.0027806362799168405 -0.0092180460361577024 -0.0039974449919984601 0.0018928699715518508 0.015798149112930409 -0.002770513261243006 0.0025839957925546191 -0.0040862011730894961 0.0048751501645424768 -0.0001782046533366535 -0.0046201955797010308 -0.00049198066565826618 -0.0028141274727867573 -0.0034470832712451848 0.003673197905058735 0.0021193194170776269 -0.00025913558057325063 0.0013933719383947927 -0.010501284174459388
leaf_weight=95919 1222 618 219 2928 2719 204 364 232 204 221 554 17190 203 2022 252 1298 338 1458 330 16823 232 1020 803 1499 8866 313 211
leaf_count=95919 1222 618 219 2928 2719 204 364 232 204 221 554 17190 203 2022 252 1298 338 1458 330 16823 232 1020 803 1499 8866 313 211
internal_value=3.51188e-05 -0.000721618 -0.00121293 -0.00264213 -0.00159667 0.000300827 -0.002244 0.000355409 -0.00527927 0.000143593 0.000175985 0.00151174 0.00382683 -0.00487618 0.00767105 -0.000566927 0.000180552 0.00196077 0.00140163 -0.000652136 -0.00673568 -0.00310041 0.00115738 -0.000208218 6.73355e-05 -0.00206901 -0.0116779
internal_weight=158262 41126 26627 8287 5647 117136 2458 114678 1639 96926 96473 17752 819 2640 455 18340 14499 2599 17520 18121 453 1224 2261 11900 10365 1535 415
internal_count=158262 41126 26627 8287 5647 117136 2458 114678 1639 96926 96473 17752 819 2640 455 18340 14499 2599 17520 18121 453 1224 2261 11900 10365 1535 415
is_linear=0
shrinkage=0.02


Tree=12
num_leaves=26
num_cat=0
split_feature=23 70 46 9 5 44 47 41 44 57 69 46 44 42 45 45 53 35 36 43 36 9 53 47 26
split_gain=73.5923 58.6912 50.6525 123.401 70.7737 47.11 45.2446 42.9608 41.5316 53.2474 40.8337 100.926 51.0828 66.0451 47.9336 40.8054 39.0085 37.4077 31.4003 29.2449 24.9673 21.3401 18.6744 13.5238 11.8104
threshold=0.056531829553555853 -0.1965745410511778 0.034133759215293408 1.7740964014934786 0.021189646056701265 -0.084893273889158891 -0.095012445309252833 -0.012718311656929769 0.074697451810853868 0.19210327191838897 0.073887704227472553 0.017801622996555751 0.00083594828880284588 0.0065141001082833503 0.0044089162664877014 0.018619033743462497 0.01961175439863826 -0.020337043468022831 -0.19641071917112116 -0.0041732112615882602 -0.22243055862688668 0.82859295269965405 0.014884105562848001 -0.10882265411821433 0.90414127590017068
decision_type=8 8 10 10 10 8 8 10 8 8 10 10 8 10 10 10 10 10 10 8 8 10 10 10 10
left_child=2 5 10 4 -4 15 -7 -8 20 16 12 14 17 -14 -12 23 -10 -1 -6 -11 -3 -13 -22 -2 -17
right_child=1 8 3 -5 18 6 7 -9 9 19 11 21 13 -15 -16 24 -18 -19 -20 -21 22 -23 -24 -25 -26
leaf_value=0.002172808086028208 -0.012060437184700188 0.015135010167760402 -0.0084655525416969021 0.010042938591399623 0.0072501490577418929 0.0066253527445259246 -0.0041360439034182064 -0.0010836844026672443 -0.0041245042983576452 0.00483594346842698 0.001713647374929101 0.010749197504099877 -0.00097179037583216719 0.00022241451566815714 0.00024173882909146434 0.00018544066468674015 -0.020612150851952782 3.2944311438036013e-05 -0.0028419821936567632 -0.0016695152105245831 -0.00060615844291194972 0.0053531963426657692 0.0012028124016217714 -0.0059971099932687698 -0.0041772011222672677
leaf_weight=6717 226 217 318 397 222 253 1422 6647 322 342 9296 298 27733 39042 37695 253 200 6648 1933 4852 6824 359 5382 201 250
leaf_count=6717 226 217 318 397 222 253 1422 6647 322 342 9296 298 27733 39042 37695 253 200 6648 1933 4852 6824 359 5382 201 250
internal_value=-2.18792e-05 -0.000964442 0.000175709 -0.00245141 -0.00411399 -0.00226067 -0.00178277 -0.00204436 -0.000303087 -0.00171384 0.000234746 0.000698399 -4.09029e-05 -0.000266832 0.000589419 -0.00652846 -0.00779732 0.00108769 -0.00280983 -0.00110067 0.000345943 0.0084772 0.000225936 -0.0110701 -0.00265476
internal_weight=158049 27391 130658 2870 2473 9252 8322 8069 18139 5716 127788 47648 80140 66775 46991 930 522 13365 2155 5194 12423 657 12206 427 503
internal_count=158049 27391 130658 2870 2473 9252 8322 8069 18139 5716 127788 47648 80140 66775 46991 930 522 13365 2155 5194 12423 657 12206 427 503
is_linear=0
shrinkage=0.02


Tree=13
num_leaves=30
num_cat=0
split_feature=21 46 58 44 50 46 69 48 6 50 53 5 46 50 6 27 38 58 14 46 7 50 45 44 43 34 50 37 3
split_gain=77.2087 53.0528 71.3392 41.4906 57.8264 38.7666 101.078 59.6438 58.267 58.8696 60.237 48.4759 41.8507 36.9763 33.8088 31.0621 29.8284 28.5142 26.9491 28.4559 37.6691 25.0512 23.9105 21.8023 13.0455 14.3242 12.2435 11.8175 7.75445
threshold=0.033678642021406253 0.0071743398670720071 0.3975025338496323 -0.084893273889158891 -0.040003385804206197 0.034133759215293408 -0.58318909069093527 -0.15381350340645331 0.01979814605971562 0.050985234690685617 0.024132712610863215 0.021189646056701265 0.0099683924846339905 0.051343830820821619 0.024013992081671248 -0.033898210022525237 0.52449170626668884 0.1821990034038671 -0.0092346677954073791 0.0057736429749772862 0.0045718563588910393 0.092433443211714775 0.0044011192485553501 0.24022899549436008 0.016330266455718227 0.00072256300671649201 0.022846326619430316 0.20867903895603365 -0.19589686811253118
decision_type=8 8 8 10 10 10 10 10 8 10 10 10 10 8 8 8 8 10 10 10 10 10 10 8 10 10 10 10 10
left_child=5 18 3 14 -5 8 7 28 9 12 -11 -8 -1 17 -3 23 -15 -10 24 22 -21 -17 -20 -4 25 -2 -26 -13 -7
right_child=1 2 15 4 -6 6 11 -9 13 10 -12 27 -14 16 -16 21 -18 -19 19 20 -22 -23 -24 -25 26 -27 -28 -29 -30
leaf_value=0.00015077500816365231 -0.0026084014188503001 -0.0083755622025453481 0.0016278246373973985 0.00335139606259344 -0.0019733005968439179 0.0010297152111706758 -0.0080695247989353933 0.01031902657643962 0.0041869264142643647 0.0025171661825456825 -0.0056516662410112176 -0.0031258324835040751 -0.00087896089179213181 0.0044438562115662241 -0.0024128167816205039 -0.0008162525099658707 -0.0011805287635272385 0.0018829212343404473 0.00064436314930065768 0.0030886751570825856 0.00055024447101587872 -0.0061168053939957287 -0.001460622680810361 -0.0036897670121853686 -0.0049078027563441481 0.0022527590838919945 -0.0019934817100362621 -0.00046328854708185585 -0.005434436933549538
leaf_weight=70040 340 560 3643 795 7687 200 292 368 705 3559 256 1109 13824 320 811 14465 3841 18491 4119 1947 4124 228 3132 347 569 771 982 450 200
leaf_count=70040 340 560 3643 795 7687 200 292 368 705 3559 256 1109 13824 320 811 14465 3841 18491 4119 1947 4124 228 3132 347 569 771 982 450 200
internal_value=-1.62983e-05 -0.000722311 -0.00123902 -0.00261599 -0.00209336 0.000260241 -0.00214427 0.00395059 0.000316993 8.04973e-05 0.00250996 -0.00467495 -3.00244e-05 0.00120464 -0.00584402 -0.000512631 -0.000504085 0.00157514 0.000200063 0.00056729 0.0015774 -0.000937662 -0.000278268 0.00105187 -0.0016365 1.61871e-05 -0.00282088 -0.00326795 -0.00139152
internal_weight=158175 44520 28536 9853 8482 113655 2619 768 111036 87679 3815 1851 83864 23357 1371 18683 4161 19196 15984 13322 6071 14693 7251 3990 2662 1111 1551 1559 400
internal_count=158175 44520 28536 9853 8482 113655 2619 768 111036 87679 3815 1851 83864 23357 1371 18683 4161 19196 15984 13322 6071 14693 7251 3990 2662 1111 1551 1559 400
is_linear=0
shrinkage=0.02


Tree=14
num_leaves=28
num_cat=0
split_feature=23 46 6 7 6 53 41 59 58 54 54 10 44 14 43 44 53 52 40 14 32 6 54 4 47 42 2
split_gain=78.8243 43.788 114.45 61.0912 60.6304 62.8388 48.4008 48.3574 39.1782 56.6727 68.5372 43.8015 39.185 59.8071 37.5364 37.447 34.2164 32.324 28.0691 27.1801 22.3158 20.9584 20.2625 18.2713 14.1944 13.8361 10.2643
threshold=0.056531829553555853 0.034133759215293408 0.060421662430625224 0.010557971169267641 0.021166132597077909 0.024132712610863215 0.047385170751575563 0.3375394740333838 0.51214594807238412 0.57254031279556139 0.58346620426428608 0.64158155714769793 0.074697451810853868 -0.1949859644014709 0.045926480790714048 -0.075688263751398963 0.01320696170663813 0.8124345353882988 0.00096224007034226365 0.0088155046183749936 -0.32529589207836856 0.017309301462028606 0.52376233959810881 -0.036826410995000163 -0.15327850463673823 0.025019465822770596 0.12921673135697567
decision_type=8 10 8 10 10 10 10 10 8 8 8 8 10 8 10 10 10 2 10 10 8 8 10 10 10 10 10
left_child=1 4 3 -3 5 6 -1 19 9 17 11 -11 16 -14 -9 -12 26 22 -15 -6 -18 -7 -2 -5 -4 -19 -10
right_child=8 2 24 23 7 21 -8 14 12 10 15 -13 13 18 -16 -17 20 25 -20 -21 -22 -23 -24 -25 -26 -27 -28
leaf_value=0.00015263963110641578 -0.00073032550002255243 -0.0084330663283128261 0.0039896738128957967 -0.0017763048263429255 0.0022734881978832017 -0.0097796916225640056 -0.0040827038024872815 0.0020401542466350659 -0.0011435566155755944 -0.018311193882144531 -0.0051906940342785089 -0.0040258998825780084 -0.015430749283307146 -0.0023760244252213182 -0.0010221115177226558 -0.0010253700108608201 0.0073370271641200217 -0.0068765338539457611 0.0051393757911444658 0.0092721533248253246 0.0006742877620657976 -0.0027072456832672332 0.0024586416506211751 -0.0063359343539517955 0.012728878039433357 -0.0016903451688555738 -0.0053829785404920713
leaf_weight=107785 3851 263 236 1821 355 272 621 15200 4880 283 989 308 268 3323 3270 2140 487 261 333 262 8753 236 1070 319 267 217 268
leaf_count=107785 3851 263 236 1821 355 272 621 15200 4880 283 989 308 268 3323 3270 2140 487 261 333 262 8753 236 1070 319 267 217 268
internal_value=2.19655e-05 0.00022625 -0.00220089 -0.00401747 0.000281386 9.91415e-05 0.000132076 0.00132114 -0.000952829 -0.0020239 -0.00392314 -0.0101655 -0.000419265 -0.00219057 0.00113681 -0.00274058 6.37987e-05 -0.000714444 -0.00151982 0.00682524 0.000791906 -0.00691159 -0.000231207 -0.00289491 0.00646429 -0.00567432 -0.00124257
internal_weight=158338 130907 2906 2403 128001 108914 108406 19087 27431 9119 3720 591 18312 3924 18470 3129 14388 5399 3656 617 9240 508 4921 2140 503 478 5148
internal_count=158338 130907 2906 2403 128001 108914 108406 19087 27431 9119 3720 591 18312 3924 18470 3129 14388 5399 3656 617 9240 508 4921 2140 503 478 5148
is_linear=0
shrinkage=0.02


Tree=15
num_leaves=27
num_cat=0
split_feature=23 46 5 22 6 59 53 41 70 54 49 54 44 14 52 43 45 54 44 44 6 70 38 28 41 41
split_gain=63.8173 43.5689 114.097 73.5716 60.2688 51.964 48.48 45.7717 39.9974 55.2284 39.4206 35.4383 34.2563 31.0942 30.6523 40.7648 29.6572 27.8844 27.6272 25.9776 19.2066 18.641 18.6387 17.3243 16.8706 16.6399
threshold=0.056531829553555853 0.034133759215293408 0.024599495354138533 -0.23278297777068049 0.021007752133037936 0.33367071524966269 0.024132712610863215 0.047385170751575563 -0.86573689406856591 0.57254031279556139 -0.016114930057669282 0.66004848003395244 0.17681011985472364 0.0071139259966209742 0.60896649527140501 -0.0065995130285416695 0.013277582647075728 0.50305873083351371 0.085218821842120943 0.050038308553011286 0.017471506202212796 -0.16771994605647597 0.81175860932300825 -0.094066972587139017 0.0099019558785480317 0.031543515462619694
decision_type=10 10 8 10 10 10 10 10 10 8 10 10 10 10 2 10 10 10 8 10 8 10 10 10 10 10
left_child=1 4 23 22 6 13 7 -1 9 10 -2 16 -7 -6 19 -16 -11 -12 -17 21 -8 -10 -4 -3 -21 -5
right_child=8 2 3 25 5 12 20 -9 14 11 17 -13 -14 -15 15 18 -18 -19 -20 24 -22 -23 -24 -25 -26 -27
leaf_value=0.00010420388445089941 -0.0040448730815534385 -0.0034546614450958603 0.015024842341366697 -0.0029559061516713681 0.0024357398356585885 0.0017053462710661393 -0.0085466545023508787 -0.0038304317599736166 -0.0014333694052186974 -0.0055790518077634375 -0.00022878291606408385 -0.00091915158904344444 -0.0028662234872587301 0.0091921172618373743 -0.0085198349930601155 -0.00052916078751363534 -0.011448286129892 0.0065964171859925072 -0.0025791152396526674 0.001318004272635715 -0.0022974304422664132 0.00058539692713233452 0.0034428922902658174 -0.0097907205924760536 0.0060974606180362783 5.2752620045765084e-06
leaf_weight=108563 362 218 200 1038 366 17919 276 615 2877 543 505 337 980 259 386 10100 252 254 3874 1086 229 4813 204 315 436 899
leaf_count=108563 362 218 200 1038 366 17919 276 615 2877 543 505 337 980 259 386 10100 252 254 3874 1086 229 4813 204 315 436 899
internal_value=4.04035e-06 0.000181842 -0.00225322 -0.000349274 0.000236038 0.00125982 5.37727e-05 8.24151e-05 -0.000905212 -0.00345075 -0.000301248 -0.00656487 0.00107185 0.00692971 -0.000661689 -0.00123933 -0.00886683 0.00228684 -0.00106175 0.000238576 -0.00612253 -0.00023378 0.00740247 -0.0105955 0.00262508 -0.00197007
internal_weight=157906 132081 2874 2341 129207 19524 109683 109178 25825 2253 1121 1132 18899 625 23572 14360 795 759 13974 9212 505 7690 404 533 1522 1937
internal_count=157906 132081 2874 2341 129207 19524 109683 109178 25825 2253 1121 1132 18899 625 23572 14360 795 759 13974 9212 505 7690 404 533 1522 1937
is_linear=0
shrinkage=0.02


Tree=16
num_leaves=28
num_cat=0
split_feature=23 57 44 54 52 4 50 53 6 46 71 53 44 50 44 57 6 53 6 18 50 52 55 50 50 71 6
split_gain=69.6531 32.2212 62.795 69.4803 56.6336 31.605 55.3645 36.6708 47.6265 31.5936 55.4834 48.6733 44.779 39.6087 36.6275 49.8979 35.6557 33.7614 26.9848 23.6735 23.4932 23.2619 22.897 22.4804 21.3693 17.276 9.20231
threshold=0.037515239100456295 0.76550929407497204 0.00083594828880284588 0.64440315295670647 0.61652236652236658 -0.27280405198197283 0.049602788226685297 0.024132712610863215 0.017390490731259371 0.0071743398670720071 -0.041650177690033485 0.012316468289079114 -0.084893273889158891 -0.00067494923798172557 0.079007416911976783 0.16020828394053549 0.060421662430625224 0.017456740300098531 0.019455281425537149 44.642972601853906 -0.0056166040019053334 0.83473909131803881 0.48366680005335477 0.053295213991334751 0.040090094422730267 -1.0219683983042211 0.016574922881492402
decision_type=8 10 10 10 2 8 10 10 8 8 8 10 10 10 8 8 10 10 8 10 10 2 10 10 10 10 10
left_child=1 5 4 20 25 6 19 18 -9 17 11 13 -13 -11 16 -16 -12 23 -7 -1 -4 -6 -5 24 -2 -3 -19
right_child=9 2 3 22 21 7 -8 8 -10 10 14 12 -14 -15 15 -17 -18 26 -20 -21 -22 -23 -24 -25 -26 -27 -28
leaf_value=0.003527004102668927 -0.00021876594124459818 -0.0039439840346488335 0.0044056320093033303 0.0096017403817459535 -0.0070552178298035262 -5.1394479819173552e-05 0.01216641693078022 -0.0091161128053465854 -0.0013491920556564418 -0.0069907120346515018 0.00041101897825736707 -0.0044706808483864421 -0.0011316202048290965 -0.0024989602340225524 -0.013047408648603579 -0.0012728546399763741 0.0087100514053036586 0.0067318312687238389 0.00091949282621017899 -0.0019632255857283385 0.0010582210194168627 -0.0021771816357381161 0.00319851685575572 -0.006538988030455422 0.0025124236853882134 0.00027215424165339129 0.0028650321302725813
leaf_weight=1274 12811 231 969 299 365 74276 285 241 2122 395 8449 1403 10499 367 363 4712 378 281 18655 605 14480 317 220 269 742 2788 202
leaf_count=1274 12811 231 969 299 365 74276 285 241 2122 395 8449 1403 10499 367 363 4712 378 281 18655 605 14480 317 220 269 742 2788 202
internal_value=4.7975e-06 0.000252869 0.000991256 0.00153535 -0.00135548 0.000103818 0.0024933 4.95094e-05 -0.00241032 -0.000706058 -0.00111409 -0.00207169 -0.00175737 -0.00696986 -0.000241531 -0.00159535 0.000536701 5.15867e-05 0.000112103 0.00124362 0.00129307 -0.00655637 0.00872692 -0.000130073 -1.60838e-05 -0.000178146 0.0052438
internal_weight=157998 117127 19669 15968 3701 97458 2164 95294 2363 40871 26566 12664 11902 762 13902 5075 8827 14305 92931 1879 15449 682 519 13822 13553 3019 483
internal_count=157998 117127 19669 15968 3701 97458 2164 95294 2363 40871 26566 12664 11902 762 13902 5075 8827 14305 92931 1879 15449 682 519 13822 13553 3019 483
is_linear=0
shrinkage=0.02


Tree=17
num_leaves=23
num_cat=0
split_feature=21 53 22 48 57 46 52 29 46 13 53 52 51 6 8 13 7 54 69 53 18 46
split_gain=66.027 37.8296 44.5552 40.0757 37.6822 48.6799 34.2519 33.1982 36.7054 30.8522 34.2429 33.8017 33.4109 31.0878 30.6181 30.2207 23.9396 36.9464 26.4996 23.9177 20.9407 15.0737
threshold=0.023675688317720937 0.020109400190769285 -0.21072254170961438 -0.13097378583812033 0.75767106336809464 0.037096225519872329 0.88789462569950384 2.3559287225727243 0.0078665273584659929 -0.27280405198197283 0.024132712610863215 0.61771370526644798 0.72080650082043596 0.017471506202212796 0.018146707328108354 0.054947081921217895 0.0077405197969364166 0.62685483476653914 -0.86217476133431881 0.013305201627258385 44.642972601853906 0.011895248389831322
decision_type=8 10 10 8 10 10 2 8 8 8 10 2 2 8 10 10 10 10 8 10 10 10
left_child=4 3 -3 -2 9 6 15 19 -9 11 12 20 -11 -12 -13 -6 17 -4 -18 -5 -1 -8
right_child=1 2 16 7 5 -7 21 8 -10 10 13 14 -14 -15 -16 -17 18 -19 -20 -21 -22 -23
leaf_value=0.0027863271457797358 -0.0062692845383674565 0.010662949559747481 -0.0019758943340071411 -0.0010119802884995821 -0.00017416178440686047 -0.0074167314893478133 0.0020532016284234875 1.5359164885505457e-05 -0.0011267127288203331 -7.4018057316964212e-05 -0.0090837336905847596 0.0037143245833905704 0.00076205819518871515 -0.0012857964675253909 0.015859662948650665 0.0015891303211678816 -0.0085645046489804637 -0.0086537131847008626 -0.0012466876206963745 0.0015144805781998416 -0.0020251396800446452 0.0062444770636542676
leaf_weight=1082 380 217 654 2156 4786 239 313 22333 18772 60868 208 276 22012 1860 214 11095 389 307 3581 5550 484 344
leaf_count=1082 380 217 654 2156 4786 239 313 22333 18772 60868 208 276 22012 1860 214 11095 389 307 3581 5550 484 344
internal_value=3.66681e-05 -0.000528119 -0.00215925 -0.000357335 0.000332408 0.00120026 0.00133007 -0.000306851 -0.00053272 0.000165025 0.000106393 0.00258532 0.000169858 -0.00243499 0.00716497 0.00114457 -0.00255028 -0.00538254 -0.00186301 0.000897626 0.00114742 0.00580243
internal_weight=158120 54339 5148 49191 103781 16777 16538 48811 41105 87004 84948 2056 82880 2068 490 15881 4931 961 3970 7706 1566 657
internal_count=158120 54339 5148 49191 103781 16777 16538 48811 41105 87004 84948 2056 82880 2068 490 15881 4931 961 3970 7706 1566 657
is_linear=0
shrinkage=0.02


Tree=18
num_leaves=27
num_cat=0
split_feature=21 53 44 32 14 44 50 0 51 69 46 44 53 63 50 46 58 49 46 37 48 54 56 50 4 60
split_gain=73.2914 48.5692 51.4727 44.5332 48.1625 54.6101 41.65 35.3721 35.2683 36.32 47.5069 44.0106 33.6512 44.7806 30.8456 25.9709 24.6063 23.3564 22.9862 38.4722 21.8826 19.8392 33.1082 13.2078 9.51233 7.74058
threshold=0.020712929555834151 0.020109400190769285 -0.12918337154265866 -0.2761710207036227 -0.26795712458287357 0.17681011985472364 -0.053801708808347053 -0.029326747886427026 0.72080650082043596 0.082427051912915869 0.028220184399655488 0.00083594828880284588 0.024132712610863215 0.22818037848693701 0.029886348273501898 0.0071743398670720071 0.29837050311960711 0.062511017534243166 0.0075069537556133421 0.50400448040974621 -0.069558895827547415 0.40689727151823396 0.14841379599363005 0.0069651271082181729 0.021768289028291535 0.83583701363592422
decision_type=8 10 8 8 8 10 8 10 2 10 10 8 10 10 10 8 10 10 10 10 8 8 8 10 10 10
left_child=7 2 -2 17 -5 -6 16 18 9 11 -11 -9 14 -14 -10 -8 -4 25 21 20 -20 24 -23 -21 -1 -3
right_child=1 3 6 4 5 -7 15 8 12 10 -12 -13 13 -15 -16 -17 -18 -19 19 23 -22 22 -24 -25 -26 -27
leaf_value=0.0011903806974241237 -0.008231649254981847 0.0030455659145721754 0.0063688321494167434 -0.014495951319642181 -0.0032258031168864677 0.0023558216663268411 9.5285068772914819e-05 0.0010073398769074968 0.0017521869072809667 0.00070166929827399484 -0.0050429684005165055 -0.0005778831020721441 0.0028927934645043983 -0.0035973588149619015 0.00041416967695531416 -0.00076486260209557766 0.00090401859083117948 -0.0023598002230519693 0.00012141990537194149 0.014160706197197148 0.0047610197423999861 0.0053052531127841997 -0.0041284622798612612 0.0076367828868040832 0.0070153952147327028 0.011738539877435046
leaf_weight=259 279 203 466 202 3833 629 21779 9199 10574 21625 322 37410 593 1260 14740 29093 619 277 1495 256 1565 277 589 228 205 204
leaf_count=259 279 203 466 202 3833 629 21779 9199 10574 21625 322 37410 593 1260 14740 29093 619 277 1495 256 1565 277 589 228 205 204
internal_value=1.40218e-05 -0.000554971 -0.000369049 -0.00237016 -0.00306924 -0.00263455 -0.000322915 0.000339748 0.000255088 1.33903e-05 0.000684254 -0.000302467 0.000864915 -0.00173571 0.00105542 -0.000405677 0.00355249 0.00239124 0.00200164 0.00284288 0.00201176 -0.000238918 -0.00202768 0.00807835 0.00309247 0.00543627
internal_weight=158181 57584 52236 5348 4664 4462 51957 100597 95723 68556 21947 46609 27167 1853 25314 50872 1085 684 4874 3544 3060 1330 866 484 464 407
internal_count=158181 57584 52236 5348 4664 4462 51957 100597 95723 68556 21947 46609 27167 1853 25314 50872 1085 684 4874 3544 3060 1330 866 484 464 407
is_linear=0
shrinkage=0.02


Tree=19
num_leaves=25
num_cat=0
split_feature=21 53 72 32 49 42 29 69 42 59 4 53 48 42 50 45 20 43 9 7 15 48 27 16
split_gain=69.5295 32.1478 43.0536 33.212 30.6174 35.8604 28.9872 28.1594 27.91 45.2431 32.971 37.5257 27.8916 34.5069 26.7166 24.9084 23.738 23.3008 19.0005 14.0987 10.9261 9.61589 7.92516 7.67848
threshold=0.037185415621559588 0.020109400190769285 0.90816787197316617 0.15272151996761937 0.0051399810022737533 0.033601042200433924 4.569480105994784 1.966448070784675 0.047278909318377978 0.78443850456701847 -0.30076630711650776 0.02428594462949055 -0.13097378583812033 -0.061221699056364758 0.043025156817723238 0.01369952049991156 -0.036550853632682061 0.051227617896574269 0.71981169133229039 0.0094194857844852545 0.012515755384815754 -0.0023130323703834939 -0.087868869559643445 0.046833504939872268
decision_type=8 10 8 10 10 10 10 10 10 8 8 10 8 8 10 10 8 10 10 10 10 10 10 10
left_child=7 12 3 6 -4 -6 -3 8 10 15 14 -12 -2 18 -1 -10 -15 -5 -14 20 -9 -11 -21 -24
right_child=1 2 4 17 5 -7 -8 19 9 21 11 -13 13 16 -16 -17 -18 -19 -20 22 -22 -23 23 -25
leaf_value=0.0025966719236552895 -0.0064852252116544377 -0.0014875985358562516 -0.0068999898202728119 -0.0029766564741354924 0.011019814930234495 -0.0011597402828865831 -0.0045421684072977685 -0.0022975631067953016 -0.00083300058977665403 0.0066206536743593962 0.00027805375458583219 -0.0021220066648115392 0.0074719965231350837 0.0033167845625614602 0.011560664571833648 -0.0033485451227025136 -0.00063332904959105844 0.0047110591825441257 0.0013612670369181064 0.0036612086216478773 0.0042526299529555148 0.00017947049034716507 0.0089886354260860363 0.0036086706341651622
leaf_weight=1106 289 1483 209 284 288 301 1613 373 2113 472 107407 2029 255 934 203 1452 35267 264 397 310 314 293 391 350
leaf_count=1106 289 1483 209 284 288 301 1613 373 2113 472 107407 2029 255 934 203 1452 35267 264 397 310 314 293 391 350
internal_value=5.92179e-06 -0.000696357 -0.0023043 -0.00322579 0.00189987 0.0042339 -0.00402906 0.000255945 0.000217752 -0.00135719 0.00027936 0.000241582 -0.000503944 -0.000455256 0.00343359 -0.00230454 -0.000537484 0.00130783 0.00410107 0.00278206 0.000549419 0.00305222 0.00423764 0.00536119
internal_weight=158397 41584 4442 3644 798 589 3096 116813 115075 4330 110745 109436 37142 36853 1309 3565 36201 548 652 1738 687 765 1051 741
internal_count=158397 41584 4442 3644 798 589 3096 116813 115075 4330 110745 109436 37142 36853 1309 3565 36201 548 652 1738 687 765 1051 741
is_linear=0
shrinkage=0.02


Tree=20
num_leaves=24
num_cat=0
split_feature=21 70 44 46 36 5 69 46 44 42 41 53 4 10 52 50 53 53 50 53 8 9 7
split_gain=51.527 44.1002 54.8627 37.4835 99.7955 54.2999 42.493 88.5361 52.1148 44.7046 37.2295 32.4858 36.6519 40.1223 31.1239 62.7497 36.6965 27.3641 40.8519 33.9734 20.9435 20.1244 14.4437
threshold=0.026009175090643936 -1.1076042247348952 0.077141816382879549 0.034133759215293408 -0.19641071917112116 0.020576064410959004 0.073887704227472553 0.016394549502976186 -0.097151723167054158 0.0072730484341722032 0.015003687707238591 0.020109400190769285 -0.30076630711650776 0.43161617532365976 0.60896649527140501 0.0074239673495188905 0.018097691933190219 0.01699657074490438 -0.014476967688195728 0.020109400190769285 0.02691014144598829 1.7421335517652556 0.013669042429212821
decision_type=8 8 10 10 10 10 10 10 8 10 10 10 8 8 2 10 10 10 8 10 10 10 10
left_child=3 2 17 6 -5 -6 8 10 20 -10 -8 14 -13 -14 16 -16 -3 18 -2 -19 -1 -7 -9
right_child=1 11 -4 4 5 21 7 22 9 -11 -12 12 13 -15 15 -17 -18 19 -20 -21 -22 -23 -24
leaf_value=0.0058553355176721748 -0.009799075829499234 0.00013086308734964623 0.0035840810771358739 0.010644119947052754 -0.0076067756932469942 -0.0026125698124241366 0.0010148565006527729 0.0086344659203461127 -0.00051228597156584006 0.00040166484769600609 -0.00044836704646918416 0.010520081378671301 0.0053367210454891758 -0.0024939746433264931 -0.0045456777063967134 -0.00047503713370095665 0.0034513745792164891 0.0050219909110692761 -0.0029566263635702229 -0.005621664130140854 -0.0013026842846852113 0.0033631683766592157 0.005687160829134761
leaf_weight=827 329 16963 264 378 244 1649 26369 313 32622 35004 7930 205 257 4343 1081 25547 1537 227 865 235 212 201 346
leaf_count=827 329 16963 264 378 244 1649 26369 313 32622 35004 7930 205 257 4343 1081 25547 1537 227 865 235 212 201 346
internal_value=1.41691e-05 -0.000502526 -0.00347631 0.000266721 -0.0021666 -0.00387494 0.000324809 0.000892417 3.57965e-05 -3.25018e-05 0.000752711 -0.000388072 -0.00195131 -0.0023208 -0.000221543 -0.000659356 0.000408518 -0.0048268 -0.0064251 -0.000686825 0.00447885 -0.00270016 0.00814848
internal_weight=157948 51853 1920 106095 2472 2094 103623 34958 68665 67626 34299 49933 4805 4600 45128 26628 18500 1656 1194 462 1039 1850 659
internal_count=157948 51853 1920 106095 2472 2094 103623 34958 68665 67626 34299 49933 4805 4600 45128 26628 18500 1656 1194 462 1039 1850 659
is_linear=0
shrinkage=0.02


Tree=21
num_leaves=31
num_cat=0
split_feature=23 6 50 44 59 41 72 54 7 44 59 54 44 54 70 54 50 10 5 54 59 44 18 59 69 27 28 50 20 29
split_gain=58.5975 30.8475 48.4287 48.7719 56.2407 46.726 43.0611 52.6779 71.861 48.0812 35.2852 33.8703 42.8647 29.7092 82.6351 57.1433 49.648 31.4678 31.3633 28.906 25.7445 40.8046 24.2718 22.8809 21.9731 21.9064 20.506 20.038 17.7667 15.6136
threshold=0.037515239100456295 0.01979814605971562 0.050985234690685617 0.11987758590221288 0.19830323967864119 0.047385170751575563 0.37252062840538652 0.77040262719322461 0.015723828500780353 0.17681011985472364 0.18201060808328781 0.62053618643861441 0.08962413963826478 0.57254031279556139 -0.86573689406856591 0.66004848003395244 0.0025962956815153153 0.54632365183339904 0.0074054957944092751 0.57514232024538892 0.57157287157287173 0.052077593170707377 84.897547067163444 0.29393448366471059 0.64377388153043624 -0.12680727523571925 -0.14025322749614696 0.058485253001054012 0.0082285219886942835 7.1152875857657589
decision_type=8 8 10 10 10 10 8 10 10 10 10 10 10 8 8 10 10 10 8 10 8 10 8 10 10 8 10 10 10 10
left_child=1 2 3 5 -5 -1 7 10 -9 19 -3 12 -4 16 15 17 18 -15 -2 -8 21 -16 27 -13 -20 -22 -11 -18 -17 -24
right_child=13 6 11 4 -6 -7 9 8 -10 26 -12 23 -14 14 20 28 22 -19 24 -21 25 -23 29 -25 -26 -27 -28 -29 -30 -31
leaf_value=8.5180737962864164e-05 -0.0038623185252552429 0.0075979300390690511 -0.0043569538931746681 -0.0053342727925476717 -0.00044352487166756147 -0.004008433629690499 0.0013622030200948474 -0.0051156690323133792 -0.00034794208954300909 -0.0096403657708404242 0.00044721018561155057 0.0044955944621149222 0.0016864802060659473 -0.009159703087524531 -0.0024454882586397394 0.0034353611204195641 -0.00085636471123382539 -0.0027012060035846242 0.00071932927646333172 0.0031638563590042084 -0.0090616674924021076 0.00062713483319293186 0.0037142835665619311 0.0013567495849355433 0.0033368028234685423 5.8945443366250559e-05 -0.00027586515917340935 -0.0073467810441492573 -0.0025926211497722795 0.00028608544689106874
leaf_weight=83555 286 222 436 869 1705 506 9433 684 1473 217 7994 726 2260 723 3791 207 16640 607 3712 6425 227 1155 444 527 2421 8163 202 379 303 1835
leaf_count=83555 286 222 436 869 1705 506 9433 684 1473 217 7994 726 2260 723 3791 207 16640 607 3712 6425 227 1155 444 527 2421 8163 202 379 303 1835
internal_value=2.54098e-05 0.000252808 7.68118e-05 -2.19078e-05 -0.0027332 6.11216e-05 0.000850925 -0.000155967 -0.00293698 0.00149269 0.000574175 0.00224253 0.000978124 -0.000626449 -0.00132819 -0.00530038 -0.000212225 -0.00748159 0.00131121 0.00166959 -0.000779636 -0.00192399 -0.000719105 0.00495853 0.00161363 -0.000104636 -0.00518571 -0.000978731 0.000387476 0.00121842
internal_weight=158127 117234 90584 86635 2574 84061 26650 10373 2157 16277 8216 3949 2696 40893 15176 1840 25717 1330 6419 15858 13336 4946 19298 1253 6133 8390 419 17019 510 2279
internal_count=158127 117234 90584 86635 2574 84061 26650 10373 2157 16277 8216 3949 2696 40893 15176 1840 25717 1330 6419 15858 13336 4946 19298 1253 6133 8390 419 17019 510 2279
is_linear=0
shrinkage=0.02


Tree=22
num_leaves=26
num_cat=0
split_feature=21 70 45 44 53 44 14 32 6 53 39 48 52 36 52 44 14 27 53 44 53 43 14 6 48
split_gain=69.583 44.7131 50.8105 51.7578 54.0166 40.5086 39.8153 30.7953 33.8881 53.6904 60.8586 39.7011 32.9785 29.8535 26.2735 24.7466 46.669 30.3005 19.0755 21.5666 18.452 14.4841 12.9427 12.4516 9.69139
threshold=0.062778201900762456 -0.1965745410511778 0.0087470329669051428 0.074697451810853868 0.013486822529705695 0.074697451810853868 -0.13953548082794212 0.23307903185234982 0.060421662430625224 0.024132712610863215 0.090153591789035717 -0.15381350340645331 0.88789462569950384 -0.21255983919808699 0.68986766234201624 0.095771511722383088 -0.13953548082794212 -0.045763661343634791 0.012797157320502633 0.088579100161513838 0.012947250774282945 0.042826386468686091 0.24340399931493698 0.010669812464482746 -0.011796605492203847
decision_type=8 8 10 10 10 10 8 10 10 10 10 10 2 8 2 10 8 10 10 8 10 10 10 10 10
left_child=7 2 18 4 -4 13 -7 8 9 12 -11 -10 -1 -3 -8 21 -17 -18 23 -20 -15 24 -5 -2 -9
right_child=1 5 3 22 -6 6 14 15 11 10 -12 -13 -14 20 -16 16 17 -19 19 -21 -22 -23 -24 -25 -26
leaf_value=9.3564964100949574e-05 -0.00026059713729087219 0.014178767243614306 -0.0091421323407056138 0.0034499875939731852 -0.0032449193566733642 -0.010519031559041405 0.0023431255625503979 -0.00034005097720613095 -0.0005741230231363372 -0.002784184892169389 0.0035060424595018762 0.01219121493988316 0.0018851298822774652 -0.0011177440638853861 -0.0025777303304895314 -0.0041222143170492878 0.0094596318025696267 0.0033562439869574017 0.0012215700109043741 -0.0018434702710717705 0.00064640192333405549 -0.0039663481666758101 -0.001445782618140536 -0.0029968528768309802 0.0025703634311541662
leaf_weight=121159 334 222 398 290 3319 378 578 1098 282 3406 635 347 3345 4210 2654 342 683 1068 1997 558 8587 336 242 413 1050
leaf_count=121159 334 222 398 290 3319 378 578 1098 282 3406 635 347 3345 4210 2654 342 683 1068 1997 558 8587 336 242 413 1050
internal_value=-2.16422e-05 -0.00100897 -0.00228522 -0.00373129 -0.00456643 -0.000429224 -0.00230352 0.000156843 9.96942e-05 7.69997e-05 -0.00219149 0.00472698 0.000150661 9.04762e-05 -0.00158305 0.00176889 0.00337058 0.00469064 -0.000423252 0.000398279 -3.57868e-05 0.000417706 0.00209756 -0.00323262 0.0010228
internal_weight=157931 24180 7551 4249 3717 16629 3610 133751 129174 128545 4041 629 124504 13019 3232 4577 2093 1751 3302 2555 12797 2484 532 747 2148
internal_count=157931 24180 7551 4249 3717 16629 3610 133751 129174 128545 4041 629 124504 13019 3232 4577 2093 1751 3302 2555 12797 2484 532 747 2148
is_linear=0
shrinkage=0.02


Tree=23
num_leaves=31
num_cat=0
split_feature=21 58 54 10 57 48 54 7 52 54 43 52 54 41 41 54 0 53 32 42 42 50 42 53 10 72 42 17 20 17
split_gain=58.2364 32.4497 37.854 50.3986 30.5963 56.2995 40.9388 36.7558 29.6131 28.7808 27.8477 27.3701 24.9316 23.9624 25.4043 23.333 22.4693 34.0175 35.734 33.0007 22.5706 21.7347 19.1234 17.9358 17.4366 13.7243 13.6112 13.2005 13.1458 9.09859
threshold=0.059345953292289984 0.51214594807238412 0.57254031279556139 0.44322446690780454 0.80490309009866301 -0.10872555099910929 0.64440315295670647 0.012362628619043477 0.67781798799304283 0.63389260557685601 0.051227617896574269 0.8124345353882988 0.59034836292327486 -0.0082572483230026177 0.047385170751575563 0.52376233959810881 -0.032352893925710217 0.027883404380281338 -0.22414534929242738 -0.013460359965383471 -0.027812411749075224 0.050985234690685617 0.011445337060475127 0.014741878768722136 1.7095255201548756 0.03411480560772804 0.025019465822770596 -0.0017125981464768505 -0.0066377575173306438 1.0283202067066013
decision_type=8 8 8 8 10 10 10 10 2 10 10 2 10 10 10 10 10 10 8 10 10 10 10 10 10 10 10 2 8 2
left_child=4 2 11 12 16 7 9 -6 23 -7 -5 15 -4 27 -15 -2 19 18 -18 20 -1 -8 -21 24 -3 -9 -13 -10 -25 -19
right_child=1 8 3 10 5 6 21 25 13 -11 -12 26 -14 14 -16 -17 17 29 -20 22 -22 -23 -24 28 -26 -27 -28 -29 -30 -31
leaf_value=0.001581219429227475 -0.00081417738298294377 -0.00067066820680157263 -0.01649388115056883 -0.0029750749311789194 -0.0078840803995563931 0.00098633511890687748 0.003114500096235184 -0.0048901325749557576 -0.00095051013492530802 -0.003764392504756573 0.001024624945846249 -0.0065316293967812092 -0.0059988166260658117 -0.0008221974123610858 -0.0080239373964255001 0.0026894758566608713 0.0058039583853035578 -0.0035547634642059088 -4.6047472741497786e-06 -0.0025895206360673152 0.0061451607119107979 0.0073475497916281234 0.002583610668809778 0.0047534038249938933 0.0042262527580398893 0.0021912107905855886 -0.001004640303004178 -0.0085589345542559595 0.00087483935697873507 -0.00060097241492811039
leaf_weight=1092 3597 5043 203 2445 257 17286 1036 263 251 443 570 252 223 7591 230 965 949 825 106251 1054 857 401 793 787 555 217 209 462 2927 381
leaf_count=1092 3597 5043 203 2445 257 17286 1036 263 251 443 570 252 223 7591 230 965 949 825 106251 1054 857 401 793 787 555 217 209 462 2927 381
internal_value=3.39612e-06 -0.00085584 -0.00187572 -0.00349157 0.000174542 0.000897207 0.00110596 -0.00452304 -0.000371939 0.000842527 -0.00257891 -0.000767914 -0.00992506 -0.00122296 -0.000902327 -0.000297611 4.63267e-05 -6.62319e-06 3.09512e-05 0.0015586 0.00337333 0.00435188 -0.000356061 0.000407817 -0.000306841 -0.00124324 -0.00540693 -0.00473109 0.00148533 -0.00334548
internal_weight=158415 26310 8464 3441 132105 19903 19166 737 17846 17729 3015 5023 426 8534 7821 4562 112202 108406 107200 3796 1949 1437 1847 9312 5598 480 461 713 3714 1206
internal_count=158415 26310 8464 3441 132105 19903 19166 737 17846 17729 3015 5023 426 8534 7821 4562 112202 108406 107200 3796 1949 1437 1847 9312 5598 480 461 713 3714 1206
is_linear=0
shrinkage=0.02


Tree=24
num_leaves=25
num_cat=0
split_feature=21 46 70 57 44 50 50 29 54 49 38 50 44 70 46 10 44 46 10 42 42 42 63 46
split_gain=49.6636 36.8096 68.8303 31.6656 39.9463 49.2768 37.7541 30.6265 34.0969 34.0218 30.6224 34.6585 29.6604 54.8484 31.5417 27.2146 45.0818 44.478 26.0265 27.4619 25.8832 30.9881 19.3417 14.886
threshold=0.024283440420276307 0.0071743398670720071 -1.0411587298253104 0.76550929407497204 0.16428366975657974 0.067212861888321554 0.061574548261462143 2.5061272499360787 0.49930532939727962 0.0025193359418341781 1.1641043704634619 -0.017451728641317995 0.064480327285599839 -0.91057451455097815 0.0068321383576430521 1.6263409183197941 0.17681011985472364 0.0071080236035789548 -0.055936793168636152 -0.0044575811777341481 0.047278909318377978 0.017636487753423861 0.084867306606437057 0.0060454447424827052
decision_type=8 8 8 10 10 10 10 10 10 10 10 10 10 8 10 10 10 10 8 10 10 10 10 10
left_child=3 12 10 15 5 6 -5 9 -9 -4 11 -3 18 23 -15 20 17 -17 -2 -20 21 -1 -22 -14
right_child=1 2 7 4 -6 -7 -8 8 -10 -11 -12 -13 13 14 -16 16 -18 -19 19 -21 22 -23 -24 -25
leaf_value=-0.00010404693292683038 -0.0058804592637452411 -0.0081931504193325927 -0.0002721758929702187 0.00096213745508124337 0.0082800433682812015 -0.008642180121211554 0.0065886392246412261 -0.00210706227999708 -0.00050771290295076961 0.002619710760180092 0.0015103428554071141 -0.0025373001930143481 0.0022279745867774506 0.00051218785841014656 0.0072681465788947495 6.290325565034477e-05 -0.0094493376597601514 0.0044557017155019687 0.0015577965883789501 -0.00055417851157911046 0.0038037383234993676 0.00067364510601194418 -0.002043492670640636 0.008095479149771722
leaf_weight=57605 259 589 7121 15541 320 209 205 6824 15812 1960 244 1258 230 4978 366 3653 203 3250 3404 10791 359 20416 2734 209
leaf_count=57605 259 589 7121 15541 320 209 205 6824 15812 1960 244 1258 230 4978 366 3653 203 3250 3404 10791 359 20416 2734 209
internal_value=4.18693e-05 -0.00045032 -0.000854151 0.000296452 0.00110703 0.000966282 0.00109468 -0.000622296 -0.00101595 0.000358732 -0.00436807 -0.00524784 0.000224232 0.00143465 0.00087521 0.000146881 0.00133361 0.00160747 -0.000259979 -0.00014497 4.28774e-05 0.000114045 -0.00175113 0.00822273
internal_weight=158540 54045 33808 104495 16275 15955 15746 31717 22636 9081 2091 1847 20237 5783 5344 88220 7106 6903 14454 14195 81114 78021 3093 439
internal_count=158540 54045 33808 104495 16275 15955 15746 31717 22636 9081 2091 1847 20237 5783 5344 88220 7106 6903 14454 14195 81114 78021 3093 439
is_linear=0
shrinkage=0.02


Tree=25
num_leaves=27
num_cat=0
split_feature=23 70 44 47 54 44 69 53 43 53 46 5 56 69 46 44 45 45 47 53 60 49 4 28 45 26
split_gain=54.4358 30.9937 40.856 44.7316 42.1498 32.3496 43.7686 32.5609 31.4736 29.9948 29.3085 99.4528 55.5532 41.1541 89.7853 53.9646 47.3281 46.651 35.4717 27.9165 44.3534 22.4958 22.0782 21.4391 18.5222 13.8512
threshold=0.056531829553555853 -0.2170723913827485 -0.084893273889158891 -0.095012445309252833 0.65055132966644058 0.074697451810853868 -0.78669058755359289 0.018914672218838233 0.0060010343622775028 0.013639968307537899 0.034133759215293408 0.024599495354138533 0.10471182365432881 -0.1075731773828633 0.017801622996555751 0.00083594828880284588 0.014770771177377314 0.0042033190621472609 -0.020992339161114312 0.021694372591866507 0.82032115171650066 -0.050182523747195888 0.047431427131165778 -0.094066972587139017 0.022730746898116529 0.91436613626112118
decision_type=10 10 8 8 10 8 8 10 10 10 10 10 10 10 10 10 10 10 10 10 8 10 10 8 10 10
left_child=10 2 4 -4 -2 19 7 -7 -8 -5 13 23 -13 15 17 18 -17 -15 -1 21 -21 -3 -16 -12 -14 -6
right_child=1 5 3 9 25 6 8 -9 -10 -11 11 12 24 14 22 16 -18 -19 -20 20 -22 -23 -24 -25 -26 -27
leaf_value=0.00064495408686916441 -0.0089894333056125628 0.0045380783194097002 0.0066284272522457877 -0.0027434725124667481 0.00059840946175710602 -0.003947106828876638 0.0025813950876177705 -0.018497525542018285 -0.0020088530710003602 -0.00071926198951431165 -0.002710429442868003 0.011619180935539059 0.0013923265117428241 0.0016626980043463232 0.0025955973480213629 -0.00028751446527271846 -0.0034735842488465732 0.00025438225231330723 0.0037559836902017764 0.00023054818046777705 0.010455406109877528 -0.00025454673631217049 0.0074046673255297266 -0.0083184987110696898 -0.0019041103597983655 -0.0039139420323107098
leaf_weight=13670 348 247 250 2322 288 310 668 201 3112 5469 211 320 558 9223 283 53637 1404 48277 1928 628 379 11319 546 337 1459 305
leaf_count=13670 348 247 250 2322 288 310 668 201 3112 5469 211 320 558 9223 283 53637 1404 48277 1928 628 379 11319 546 337 1459 305
internal_value=2.06595e-05 -0.000818586 -0.00176756 -0.0013054 -0.00570913 -0.000312956 -0.00181221 -0.00730078 -0.00106797 -0.00157315 0.00018519 -0.00180804 -7.69889e-06 0.000229807 0.000622973 -9.48188e-05 -0.000389121 0.000528652 0.000943522 0.000198664 0.00339087 -7.93637e-05 0.00715422 -0.00946812 -0.00123786 -0.00245455
internal_weight=157699 25846 8982 8041 941 16864 4291 511 3780 7791 131853 2885 2337 128968 58329 70639 55041 57500 15598 12573 1007 11566 829 548 2017 593
internal_count=157699 25846 8982 8041 941 16864 4291 511 3780 7791 131853 2885 2337 128968 58329 70639 55041 57500 15598 12573 1007 11566 829 548 2017 593
is_linear=0
shrinkage=0.02


Tree=26
num_leaves=26
num_cat=0
split_feature=23 46 9 28 6 41 53 59 70 54 54 45 41 50 52 50 28 14 50 43 7 44 36 72 8
split_gain=64.8816 35.6802 93.7582 49.834 48.3049 59.7618 44.9023 39.5332 30.3161 71.3166 47.8453 39.6503 33.928 27.8363 27.6347 52.9686 35.0494 30.5113 27.3317 25.7515 24.8997 23.686 15.8969 14.5988 14.5266
threshold=0.032600527893473348 0.034133759215293408 1.7740964014934786 -0.12119412939884698 0.01979814605971562 0.047385170751575563 0.024132712610863215 0.15822142912162687 -1.0001478677730382 0.56051988495789973 0.66004848003395244 0.011930488655915996 0.019838593989938039 0.050985234690685617 0.60896649527140501 0.0076276972719455669 -0.0033384762972811784 -0.028345038090359816 -0.011434657675454483 -0.019281203655157116 0.0051466932713898636 0.010406430074365482 -0.19641071917112116 -0.34631069505907824 0.014184913055991474
decision_type=8 10 10 10 10 10 10 10 8 8 10 10 10 10 2 10 10 8 10 10 8 10 10 8 10
left_child=1 4 3 22 5 6 -1 -6 9 12 11 -11 21 -9 18 16 -16 -17 20 -20 -10 -2 -3 -7 -5
right_child=8 2 -4 24 7 23 -8 13 14 10 -12 -13 -14 -15 15 17 -18 -19 19 -21 -22 -23 -24 -25 -26
leaf_value=0.00017008294861714165 -0.0065398031505212182 0.005005424005792747 0.0090975265565625824 -0.0079789930551746862 0.0076173841835932947 -0.0054292109061287305 -0.0049876882494824595 0.0018393671793838146 -0.0044904403871582352 -0.0030526999855261523 0.00030173038685582466 -0.0093439284101571804 0.0054806135960321547 -0.00090466416795738293 -0.0025063679088827718 -0.0025061719670977571 -0.0098737230833727437 -0.00044929433850103209 0.0038236362432669969 0.00060662265160669451 -0.00038824211147872698 0.00029670210966593067 -0.0022414037413215921 -0.0022026430380285827 -0.0045376380292623236
leaf_weight=88769 212 227 362 259 226 271 384 17634 597 570 359 437 208 2841 841 3369 323 20357 893 8407 7726 902 1432 221 300
leaf_count=88769 212 227 362 259 226 271 384 17634 597 570 359 437 208 2841 841 3369 323 20357 893 8407 7726 902 1432 221 300
internal_value=2.31332e-05 0.000279455 -0.00204494 -0.0035863 0.000333838 0.000132722 0.000171142 0.00120462 -0.000617185 -0.00267683 -0.00588003 -0.0081131 0.000633409 0.00111242 -0.000486851 -0.000915913 -0.00507983 -0.000711342 0.000119042 0.000864208 -0.000713359 -0.00075157 -0.00184217 -0.00681136 -0.00874643
internal_weight=158127 112926 2580 2218 110346 89645 89153 20701 45201 2688 1366 1007 1322 20475 42513 24890 1164 23726 17623 9300 8323 1114 1659 492 559
internal_count=158127 112926 2580 2218 110346 89645 89153 20701 45201 2688 1366 1007 1322 20475 42513 24890 1164 23726 17623 9300 8323 1114 1659 492 559
is_linear=0
shrinkage=0.02


Tree=27
num_leaves=27
num_cat=0
split_feature=67 46 70 45 45 5 5 46 45 57 44 50 50 28 38 42 36 44 69 45 14 46 45 42 22 10
split_gain=53.8671 39.7661 68.6144 38.3536 43.8308 50.0704 40.3146 51.0017 35.4705 35.0337 65.8367 56.7583 46.6913 34.4598 30.5788 36.0254 27.8942 23.8266 47.3536 55.5718 30.9346 42.6851 38.4429 21.7034 20.5531 20.2024
threshold=0.10472430565446765 0.0071743398670720071 -1.0128129357749713 0.0053649433499116618 0.0048573240554136083 0.014150958102546757 0.012470744535082618 0.005799110011828537 0.0056004574279897622 0.71835397914624377 0.1557699926064621 0.067212861888321554 0.061574548261462143 -0.031402746637541328 1.1936352854826204 -0.035660520423072321 0.041226179060181244 0.12547976713689837 -0.49607109870949112 0.010037060078684068 -0.25424018730717163 0.036016038255263873 0.019248111905524685 -0.0056350960316951517 0.08585288184658936 2.087686288015417
decision_type=8 8 8 10 10 8 10 10 8 8 10 10 10 10 10 10 8 10 10 10 10 10 10 8 10 10
left_child=9 3 14 4 16 -6 7 -5 25 17 11 12 -11 -10 15 -3 -2 20 19 -19 22 -22 -1 -8 -20 -4
right_child=1 2 8 6 5 -7 23 -9 13 10 -12 -13 -14 -15 -16 -17 -18 18 24 -21 21 -23 -24 -25 -26 -27
leaf_value=0.0051198566550709522 -0.00076950945219594186 -0.0073190773372599598 0.00067749347263403286 -0.0010965519726304138 -0.0025271665000258558 0.0017240163268399335 0.0024388573738343545 0.0026843721526309651 -0.00012918232468929675 0.00085610017409049109 0.0084931329077069379 -0.0082281677983668308 0.0064483771361297931 -0.0011941467785385584 0.0016972452785353573 -0.0025861570549834188 0.00093608530479307101 -0.00043863657023799257 -0.00013988662062716889 -0.0082410232616142356 0.00016992364256461189 -0.0027806015301768319 -0.0013382035402171848 -0.00096959253730539876 0.0045649749318738041 0.008025706352258348
leaf_weight=2333 6701 429 4316 1190 3026 1166 1168 4619 16124 19401 382 204 275 17428 281 2380 6946 807 1597 682 60434 975 813 3856 260 239
leaf_count=2333 6701 429 4316 1190 3026 1166 1168 4619 16124 19401 382 204 275 17428 281 2380 6946 807 1597 682 60434 975 813 3856 260 239
internal_value=1.71989e-05 -0.000397567 -0.000795621 0.00017431 -0.000395628 -0.00218412 0.00111298 0.0022475 -0.000563084 0.000345924 0.00107575 0.000917358 0.00102648 -0.000787947 -0.0036616 -0.0042911 0.000153722 0.000128096 -0.00151718 -0.00417315 0.000213427 0.000114281 0.00214744 -0.000198607 0.000612487 0.00109263
internal_weight=158032 69869 41197 28672 17839 4192 10833 5809 38107 88163 20262 19880 19676 33552 3090 2809 13647 67901 3346 1489 64555 61409 3146 5024 1857 4555
internal_count=158032 69869 41197 28672 17839 4192 10833 5809 38107 88163 20262 19880 19676 33552 3090 2809 13647 67901 3346 1489 64555 61409 3146 5024 1857 4555
is_linear=0
shrinkage=0.02


Tree=28
num_leaves=24
num_cat=0
split_feature=70 43 23 53 53 52 35 45 51 50 69 51 54 46 77 23 48 23 72 49 7 46 57
split_gain=44.8781 56.6551 37.7851 38.1678 39.2848 36.1697 29.5253 47.7225 28.785 30.1065 25.9159 24.5768 23.6961 29.6957 23.669 21.1924 17.9211 15.0762 14.3297 13.9392 12.6302 11.3907 9.12718
threshold=-1.241716599153516 0.0050476658670425287 0.0090992738620422359 0.011382913592570191 0.01147253600703463 0.60896649527140501 0.0062477900930781203 0.0065556748668392983 0.72080650082043596 0.02745269468262657 -0.99167419259496514 0.71353216750706305 0.66004848003395244 0.0095597713807813161 0.30891676350545433 -0.015111706048028138 -0.080661643082043474 0.017127704555877758 -0.27165650194605645 -0.0095303371722000856 0.0034694855080283286 0.0060683728748489171 0.52426171136085464
decision_type=8 10 8 8 8 2 10 10 2 10 10 2 8 10 10 10 10 10 8 10 10 10 8
left_child=1 12 6 10 18 -6 8 15 11 -10 21 -2 13 20 -9 -8 -3 22 -5 -12 -1 -4 -18
right_child=2 16 3 4 5 -7 7 14 9 -11 19 -13 -14 -15 -16 -17 17 -19 -20 -21 -22 -23 -24
leaf_value=-0.005388880799047562 1.9415592125563587e-05 -0.0036075240253942045 -0.003748868938689494 -0.0049600625737104892 0.00017132323804586923 -0.00070983769988869707 0.0039474249343962884 0.00058483099574905769 0.0018631177528848791 0.00018216570103465483 -0.0015282695020623926 -0.0023526162203913472 0.00010962342664418561 -0.0088142228802100576 -0.0020720844097189646 0.0015187033235194436 -0.0015900748365473294 0.0030918058142086167 -0.0017131077032380326 0.0022086675190711906 -0.00050846254843436151 0.0003521996974309352 0.0022680472890084357
leaf_weight=291 55655 202 382 299 25484 38552 1041 2910 7735 12267 277 1461 206 363 1296 4146 544 336 325 3605 226 370 311
leaf_count=291 55655 202 382 299 25484 38552 1041 2910 7735 12267 277 1461 206 363 1296 4146 544 336 325 3605 226 370 311
internal_value=-1.54026e-05 -0.00268468 2.70721e-05 -0.000320918 -0.000446606 -0.000397864 0.00030583 0.00136449 0.000176844 0.000829776 0.00143215 -5.17884e-05 -0.00610672 -0.00753462 -0.000218208 0.00264803 -1.29125e-05 0.000921141 -0.0054368 0.00209065 -0.00443629 -0.00196282 -0.000488318
internal_weight=158284 2479 155805 69294 64660 64036 86511 9393 77118 20002 4634 57116 1086 880 4206 5187 1393 1191 624 3882 517 752 855
internal_count=158284 2479 155805 69294 64660 64036 86511 9393 77118 20002 4634 57116 1086 880 4206 5187 1393 1191 624 3882 517 752 855
is_linear=0
shrinkage=0.02


Tree=29
num_leaves=27
num_cat=0
split_feature=23 52 14 43 41 6 54 41 5 70 71 51 51 38 38 44 6 48 47 70 41 6 54 60 60 7
split_gain=47.1101 33.2073 51.4727 50.8424 42.0816 31.4614 44.1325 43.1086 30.1617 29.3724 28.2319 27.8237 27.1788 27.0726 23.7362 21.0809 45.5727 63.6458 32.6829 33.7361 29.7565 24.0386 18.0528 15.8714 10.8602 10.3918
threshold=0.037515239100456295 0.88789462569950384 0.044731879076692745 0.052023788456372573 0.015812652928534846 0.01979814605971562 0.66790729425308604 0.047385170751575563 0.010437633596694062 -1.241716599153516 -0.16046543182870251 0.36250455800385484 0.83369723435225629 0.52449170626668884 0.79263438520526341 -0.084893273889158891 0.01979814605971562 -0.10159603370202645 -0.095012445309252833 -0.60661914334075473 -0.012132293554775296 0.060421662430625224 0.57720457038398443 0.80490309009866301 0.40345209611499544 0.0095978752749199068
decision_type=10 2 8 10 10 8 8 10 8 10 10 2 2 8 10 10 8 10 8 10 10 10 8 10 10 10
left_child=1 5 14 4 -4 7 8 12 -7 11 -5 -2 -1 -8 23 16 17 -11 19 -17 -20 -18 -13 -3 -16 -9
right_child=9 2 3 10 -6 6 13 25 -10 15 -12 22 -14 -15 24 18 21 -19 20 -21 -22 -23 -24 -25 -26 -27
leaf_value=9.2341564901643301e-05 -0.0080351799506996335 -3.948460566292328e-05 0.0039272113608116131 0.0059686157334786286 -0.003225012320623766 0.0037787432601686715 -0.0041125513925305921 -0.0060409219758661391 0.0013783137281997155 -0.0085273109548082947 0.0022336656153197081 0.0014696899190077529 -0.00101647460070205 -0.00024928176856540973 -0.00049607126122780442 0.0080959415567148016 -0.001333645317179514 0.0015906310279025333 -0.0017157427775343116 0.001144908375811497 -0.00020850298541947324 0.0053751846227731159 -0.0049255760931036291 0.0072461994816041212 -0.0081146551556382316 -0.0017393441441534352
leaf_weight=81860 244 854 432 760 340 1092 407 226 18216 386 289 203 5993 7265 233 203 2041 209 5110 388 30127 244 203 254 305 294
leaf_count=81860 244 854 432 760 340 1092 407 226 18216 386 289 203 5993 7265 233 203 2041 209 5110 388 30127 244 203 254 305 294
internal_value=2.3505e-05 0.000222166 0.00215052 0.00446652 0.000566624 0.000164173 0.000761944 -1.83086e-05 0.00127184 -0.000576183 0.00733143 -0.00478955 1.56851e-05 -0.000521048 -0.000411658 -0.000505257 -0.00215134 -0.00707718 -0.000372826 0.00428716 -0.000451161 -0.000865267 -0.00156757 0.0012606 -0.00385529 -0.00575432
internal_weight=158178 118820 3467 1821 772 115353 26980 88373 19308 39358 1049 650 87853 7672 1646 38708 2880 595 35828 591 35237 2285 406 1108 538 520
internal_count=158178 118820 3467 1821 772 115353 26980 88373 19308 39358 1049 650 87853 7672 1646 38708 2880 595 35828 591 35237 2285 406 1108 538 520
is_linear=0
shrinkage=0.02


Tree=30
num_leaves=25
num_cat=0
split_feature=70 51 23 45 52 43 54 35 45 6 72 51 44 57 44 31 42 43 43 23 44 44 46 24
split_gain=45.8587 56.7382 39.4527 40.7177 53.5356 65.6629 38.7463 32.0603 49.1311 34.1193 44.0411 36.3022 31.586 31.511 27.4927 24.3776 23.1732 29.881 20.4267 18.0143 17.7346 14.2716 13.9634 11.0683
threshold=-1.241716599153516 0.29845360824742273 0.0090992738620422359 0.0044011192485553501 0.60896649527140501 -0.0065995130285416695 0.57574035584699446 0.005186529666830089 0.0089297851835315901 0.019340314300261136 1.0594489456780629 0.72080650082043596 0.099831447456722691 0.16419481539670075 0.03475704651216039 -0.072521857158818412 0.010059957951513378 0.0064453065896105119 0.068429864899258078 0.0070380352395570398 0.073536871600318424 0.074697451810853868 0.0095798457491210343 -0.24467696538812853
decision_type=8 2 10 10 2 10 8 10 10 10 10 2 10 10 10 10 10 10 10 10 10 10 8 10
left_child=1 -1 7 12 6 -6 -5 9 18 11 -11 -2 13 -4 16 -14 22 -18 -9 23 -21 -10 -3 -16
right_child=2 14 3 4 5 -7 -8 8 21 10 -12 -13 15 -15 19 -17 17 -19 -20 20 -22 -23 -24 -25
leaf_value=-0.0078814634387001092 -0.00032158057287336411 0.0022408979623936274 -0.002148577324853958 0.00076174017031209375 -0.0048717639406637061 -0.00087050610028357198 -0.00072474430595716654 0.0015071007310862605 -0.0017135292691094861 0.00026195602377499471 0.0034170895701438825 0.00076960399228235199 -0.0074873634181584848 0.0011747993359112129 -0.0026339051559892707 0.00035730813601678771 -0.008507054978959476 -0.0018211817278530086 0.0042460166556815473 0.00011765997393077436 0.0042923632036471942 0.00174446238074361 -0.0028974914910176643 0.0006110056532614409
leaf_weight=387 44863 267 1305 14771 918 29992 10219 7020 2262 12610 6285 13950 265 9831 347 212 223 324 555 260 201 402 204 321
leaf_count=387 44863 267 1305 14771 918 29992 10219 7020 2262 12610 6285 13950 265 9831 347 212 223 324 555 260 201 402 204 321
internal_value=-2.91022e-05 -0.00269744 1.43959e-05 -0.000349231 -0.00057312 -0.00112963 0.000115161 0.00029356 0.00134551 0.000154911 0.000894263 -8.25994e-05 0.000728259 0.00094442 -0.00142365 -0.00430544 -0.00380569 -0.00660219 0.00216711 0.000723894 0.0037619 -0.000989869 -0.00054661 -0.0013722
internal_weight=157994 2534 155460 67513 55900 30910 24990 87947 10239 77708 18895 58813 11613 11136 2147 477 1018 547 7575 1129 461 2664 471 668
internal_count=157994 2534 155460 67513 55900 30910 24990 87947 10239 77708 18895 58813 11613 11136 2147 477 1018 547 7575 1129 461 2664 471 668
is_linear=0
shrinkage=0.02


Tree=31
num_leaves=28
num_cat=0
split_feature=21 46 5 36 69 46 45 4 53 54 46 70 46 46 52 52 14 42 69 45 10 42 5 31 45 28 63
split_gain=45.8559 29.5258 78.0501 58.4268 39.974 72.9519 43.2979 30.8376 43.9856 36.4988 29.4146 44.1183 28.9815 46.8001 45.0238 26.8695 26.2362 26.452 21.3974 21.2692 19.0966 18.2122 11.5389 16.2759 11.323 10.1455 3.73449
threshold=0.037185415621559588 0.034133759215293408 0.024075673585301421 -0.22243055862688668 0.073887704227472553 0.016394549502976186 0.004263813630150535 0.0011756433538925306 0.020765565365582783 0.57574035584699446 0.0071743398670720071 -0.2170723913827485 0.0090042221378546488 0.011835859465318926 0.41778655136723325 0.55468639887244553 -0.051602586935386933 0.044644769844308992 -0.88920850655321393 0.022730746898116529 1.4287192515047811 0.03443011099296734 0.020576064410959004 -0.079390791887456444 0.017937755590757574 -0.076872299407751185 0.33159543028538668
decision_type=10 10 10 10 10 10 10 10 10 10 8 10 10 10 2 2 10 10 10 10 10 10 10 10 10 8 10
left_child=1 4 25 -4 7 6 -6 9 -9 -1 16 12 14 -14 -12 20 22 21 -17 -5 -13 -18 23 -2 -7 -3 -24
right_child=10 2 3 19 5 24 -8 8 -10 -11 11 15 13 -15 -16 18 17 -19 -20 -21 -22 -23 26 -25 -26 -27 -28
leaf_value=-2.0117060231998609e-05 -0.0056368651441861184 -0.0041128018252395435 0.011960354737779826 0.0012469012633264404 0.0018959524422750931 0.0083453505583318717 0.00028589608139131302 -0.00028613623699497609 -0.0036631349198882452 0.0012818006473865556 -0.0049296147546414723 0.00061025906857280503 0.00028238711789922038 -0.0024995129995246741 -0.001355313027737357 -0.0041105776032140141 0.0003993750254804372 0.0061944734990990961 -0.00044519621307461483 -0.0024022824168250206 0.0040680348503572125 -0.0054373612422841857 0.0051225221796922576 -0.0018189204081247923 0.004326332773886131 -0.0081255716291009292 -0.0010139385607242832
leaf_weight=30465 400 226 289 527 7054 320 32458 31624 968 12432 985 3415 4060 3505 2864 1513 12290 311 8304 1398 661 305 201 863 377 228 200
leaf_count=30465 400 226 289 527 7054 320 32458 31624 968 12432 985 3415 4060 3505 2864 1513 12290 311 8304 1398 661 305 201 863 377 228 200
internal_value=2.43801e-05 0.000222004 -0.00185762 -0.000306095 0.000269994 0.000779358 0.000666059 -1.29819e-06 -0.000465069 0.000351019 -0.000562165 -0.000974316 -0.00189558 -0.00117605 -0.00330857 -0.000217216 0.000153593 0.000458511 -0.00078407 -0.00156698 0.00114741 0.000315815 -0.00220901 -0.00314715 0.00718911 -0.0094022 0.000741294
internal_weight=158243 118366 2668 2214 115698 40209 39512 75489 32592 42897 39877 25307 11414 7565 3849 13893 14570 12906 9817 1925 4076 12595 1664 1263 697 454 401
internal_count=158243 118366 2668 2214 115698 40209 39512 75489 32592 42897 39877 25307 11414 7565 3849 13893 14570 12906 9817 1925 4076 12595 1664 1263 697 454 401
is_linear=0
shrinkage=0.02


Tree=32
num_leaves=23
num_cat=0
split_feature=53 6 22 47 32 14 75 67 53 59 57 53 47 42 43 36 52 4 59 32 9 53
split_gain=36.0642 104.728 59.7083 39.3296 33.8717 111.634 66.803 28.5734 45.7831 49.1888 42.7415 38.1653 34.3365 36.4426 27.4192 26.1226 25.5067 24.3332 19.6915 12.5364 12.3193 7.72254
threshold=0.020765565365582783 0.014693841438177422 -0.23278297777068049 -0.15327850463673823 0.15272151996761937 -0.22074135253556518 0.11566487877067709 0.2464478683731986 0.020587870294827216 0.51212126159070148 0.75767106336809464 0.010900370295388781 -0.14112833282860052 -0.061221699056364758 0.049309442177419401 0.083661029127166289 0.88789462569950384 -0.34331220534689483 0.44867763263989685 0.12392500358315874 1.0859751878069226 0.021694372591866507
decision_type=10 8 10 10 10 8 10 8 10 10 10 8 8 8 10 10 2 8 10 10 8 10
left_child=7 15 3 -3 6 -6 -4 8 10 -10 14 18 -13 -14 -1 21 -12 -5 20 -20 -9 -2
right_child=1 2 4 17 5 -7 -8 11 9 -11 16 12 13 -15 -16 -17 -18 -19 19 -21 -22 -23
leaf_value=-5.9577497066008229e-05 -0.0028465138038671206 -0.00034591345745934676 0.00041777542502675945 0.018335258563152778 -0.013687543213894876 0.0040069383421416482 -0.0026602142665728828 0.0022172458836026056 0.0084150434876978306 -0.00020582982281784222 0.0010370243755764542 -0.0055812543440847606 0.0037801504397490006 -0.00043498478351688312 0.0010968203691513968 -0.0095197408552366407 0.004233263871797701 0.0055466698240324167 -0.00016471843234266097 0.0061784666424354101 0.006043399443787653 -0.0046030517679663228
leaf_weight=70668 214 340 3266 242 227 1198 3960 634 275 213 13678 324 1027 52313 6762 213 589 200 1023 201 257 227
leaf_count=70668 214 340 3266 242 227 1198 3960 634 275 213 13678 324 1027 52313 6762 213 589 200 1023 201 257 227
internal_value=-2.2385e-05 -0.00117942 -0.000642145 0.00464623 -0.0011209 0.00169565 -0.00167677 5.64863e-05 0.000272688 0.00637628 0.000240114 -0.000300789 -0.000404696 -0.00036516 5.47326e-05 -0.00891298 0.00124601 0.00857336 0.00233365 0.000684082 0.00459417 -0.00610407
internal_weight=158051 10087 9433 782 8651 1425 7226 147964 92185 488 91697 55779 53664 53340 77430 654 14267 442 2115 1224 891 441
internal_count=158051 10087 9433 782 8651 1425 7226 147964 92185 488 91697 55779 53664 53340 77430 654 14267 442 2115 1224 891 441
is_linear=0
shrinkage=0.02


Tree=33
num_leaves=29
num_cat=0
split_feature=23 32 44 6 46 69 45 58 42 43 44 9 44 69 40 36 48 6 46 48 45 69 44 63 45 18 44 8
split_gain=40.64 32.9645 31.8526 33.4106 61.4813 30.5455 59.8302 29.163 38.7693 72.1968 44.3897 32.1239 27.8988 41.6545 29.9831 29.8799 27.3892 26.2666 25.5154 24.0373 21.2479 20.0947 30.2799 20.6403 16.2421 17.8987 15.3364 15.0753
threshold=0.06454420755927949 0.23307903185234982 0.12547976713689837 0.060421662430625224 0.034948808953294379 -0.18351588221326012 0.010037060078684068 0.29837050311960711 -0.018482152589615549 -0.053124606254679956 0.074067940574290794 0.59978118532949332 0.083205026635764803 -0.75135412959910353 0.0007431472947384024 -0.19008062066797432 -0.15381350340645331 0.034432586898517435 0.011239245832056302 -1.0000000180025095e-35 0.012884225962248823 -0.15814137240048382 0.10410281038812709 0.31969845845808736 0.01250220948083562 53.640239464157155 -0.084893273889158891 0.0057152530202727687
decision_type=8 10 10 10 10 8 10 8 10 10 10 10 10 8 8 8 10 10 10 10 10 10 10 10 10 10 8 10
left_child=1 2 3 4 -1 17 -7 8 11 -10 -11 20 15 18 -15 -9 -5 -4 -14 -17 -2 24 27 -24 25 -3 -13 -23
right_child=7 21 5 16 -6 6 -8 12 9 10 -12 26 13 14 -16 19 -18 -19 -20 -21 -22 22 23 -25 -26 -27 -28 -29
leaf_value=0.00015473079741876308 -0.0041636975719181492 0.0046343922243079379 -0.0019763062580477391 0.00030697580422904352 -0.002534139907784675 -0.0026285222279630394 0.0028743731896562737 0.012574244700560762 0.0077186982572218458 -0.0027969625170521008 0.0019968190775427673 -0.0048130722454359258 -0.0044558834422482388 -0.0024675177354832991 0.0036888778263228449 -0.00057315406258578213 0.010558580093669119 -0.0062186077558799568 -0.017461011693953248 0.0014950269156674106 -0.010568791577144038 0.0044601286790001892 0.0148893452537189 0.0035589441622747814 -0.0069414956416022624 -0.0035897886977700457 0.00068579536659062082 0.00058886102637579942
leaf_weight=122852 427 481 1907 293 2178 1183 1014 272 222 1909 544 211 242 2469 367 13145 322 402 200 2444 221 221 289 1055 242 239 324 2093
leaf_count=122852 427 481 1907 293 2178 1183 1014 272 222 1909 544 211 242 2469 367 13145 322 402 200 2444 221 221 289 1055 242 239 324 2093
internal_value=-9.8752e-06 0.000122711 6.37562e-05 0.000123028 0.000100119 -0.0015882 9.91811e-05 -0.000786938 -0.00237315 -0.00103812 -0.00202852 -0.00538682 -0.00046698 -0.00214639 -0.00125414 -0.000119657 0.00476948 -0.00319394 -0.00785102 -0.000234638 -0.00837904 0.00178273 0.00245914 0.0048461 -0.000787124 0.000718447 -0.00175 0.00107041
internal_weight=157768 134771 130151 125645 125030 4506 2197 22997 3858 2675 2453 1183 19139 3278 2836 15861 615 2309 442 15589 648 4620 3658 1344 962 720 535 2314
internal_count=157768 134771 130151 125645 125030 4506 2197 22997 3858 2675 2453 1183 19139 3278 2836 15861 615 2309 442 15589 648 4620 3658 1344 962 720 535 2314
is_linear=0
shrinkage=0.02


Tree=34
num_leaves=26
num_cat=0
split_feature=23 0 41 48 54 14 44 52 53 44 59 22 48 32 45 6 6 54 45 29 75 37 44 16 66
split_gain=53.1042 29.5344 29.5662 34.9288 37.4019 26.7299 39.127 35.3105 33.6891 51.931 38.6384 29.5555 25.7013 42.5192 46.7787 28.2218 27.9785 64.4865 41.0072 25.6979 24.1025 19.0668 17.4577 14.4123 13.074
threshold=0.037515239100456295 -0.032352893925710217 -0.0066134430196962959 -0.080661643082043474 0.53480567921725009 -0.018600655537918894 0.16428366975657974 0.88789462569950384 0.020587870294827216 -0.097151723167054158 0.49258471247806168 -0.24907040624447266 -0.016922482244753064 -0.13645816214843096 0.019248111905524685 0.035539605730817402 0.010723042435764683 0.58660421393364059 0.010687121554741266 -3.4052898034557342 0.91495207116447175 0.42354260768385288 0.037438161398865584 0.12322560557661279 0.31230466156093678
decision_type=8 10 10 8 10 8 10 2 10 8 8 10 8 8 10 8 10 10 10 10 10 10 10 10 8
left_child=1 2 3 19 -5 7 8 11 9 -7 -10 -2 13 14 -3 -15 17 -14 -18 -1 -13 24 -9 -8 -4
right_child=5 12 21 4 -6 6 23 22 10 -11 -12 20 16 15 -16 -17 18 -19 -20 -21 -22 -23 -24 -25 -26
leaf_value=0.002873051900051968 0.011750770751529692 0.0038417839758232157 0.0023131394880952132 0.0011735769792172428 0.0083644684223751539 -0.0081430597914015738 0.0017310829256353677 -0.0034453563337599412 -0.0046479466596803911 -0.00023939546363753396 -0.00020480784230986066 -0.00098377787868043952 0.00096601967529560257 -0.00025968044575864108 -0.002098986054066982 -0.0028818783537213678 -1.2059030443257718e-05 -0.0034324002780736565 0.0025176616828600546 -0.0050774697589922478 -0.0038702222470521444 0.004700923489672511 -0.0092018464194752684 0.008674121136875242 -0.0023649995330397582
leaf_weight=603 200 2350 288 593 867 247 204 278 1015 31736 1045 4953 21849 38491 854 1980 44326 752 2282 296 808 389 203 206 1103
leaf_count=603 200 2350 288 593 867 247 204 278 1015 31736 1045 4953 21849 38491 854 1980 44326 752 2282 296 808 389 203 206 1103
internal_value=2.77357e-06 0.000219596 0.00187874 0.00334661 0.0052553 -0.000617615 -0.000396413 -0.00180009 -0.000470509 -0.000310718 -0.00294905 -0.0013784 0.000158728 -0.000221128 0.00199626 -0.000396768 0.000398468 0.000975931 0.000118389 0.000242222 -0.00164144 -6.62549e-05 -0.0070083 0.00573723 -0.00116236
internal_weight=157918 117023 4139 2359 1460 40895 34453 6442 34043 31983 2060 5961 112884 43675 3204 40471 69209 22601 46608 899 5761 1780 481 410 1391
internal_count=157918 117023 4139 2359 1460 40895 34453 6442 34043 31983 2060 5961 112884 43675 3204 40471 69209 22601 46608 899 5761 1780 481 410 1391
is_linear=0
shrinkage=0.02


Tree=35
num_leaves=26
num_cat=0
split_feature=28 53 13 57 28 47 70 45 46 47 34 33 60 13 50 57 45 51 41 9 26 14 43 40 20
split_gain=43.0928 85.9365 64.2941 86.5576 51.6053 44.531 51.3154 38.472 62.3032 35.8321 34.492 31.6184 31.5065 29.5229 35.9874 29.444 27.5322 25.4747 22.605 19.8578 19.5678 17.1064 16.9667 15.6471 12.4694
threshold=-0.19869177795460255 0.020765565365582783 0.24311225394524263 0.41133294574667695 -0.036950192738674663 -0.14112833282860052 -0.28553370172710263 0.017937755590757574 0.011667000099381826 -0.068958167920895527 0.019136756552340952 0.14736143059389165 0.8281247965415317 -0.27280405198197283 0.049195567492122512 0.43945774859728753 0.0074529423710287543 0.07738868974934679 -0.012718311656929769 0.93376055847219941 1.3247545975519694 -0.095870745889281503 0.051227617896574269 -0.0041706400559136806 0.021359806503849058
decision_type=8 10 8 8 10 8 8 10 10 10 10 8 10 10 10 10 10 2 10 10 10 10 10 10 10
left_child=7 5 4 -4 12 6 -2 8 17 -6 19 15 -3 23 -15 -7 -13 -1 -19 -9 24 -21 -5 -10 -12
right_child=1 2 3 22 9 11 -8 10 13 -11 20 16 -14 14 -16 -17 -18 18 -20 21 -22 -23 -24 -25 -26
leaf_value=-0.0065063826677260817 -0.007943102682039167 -0.0018418473329116902 -0.0084302095070088751 0.0018685081212664668 -0.008588003939163617 -0.0001825447338204092 0.0010551657066482218 0.0024079426961261148 0.015739142286429263 -0.0036625451470653661 0.0042712703813229738 -0.00024041136152017182 0.0035284993571540074 0.0065324274183895196 -0.0010336573380454899 0.00035382843337087601 -0.0021378928846424862 0.0054786864049666349 0.00032322143348481797 -0.0040581233222705326 -0.0039240153304231761 0.0012561837562210015 0.0068946024087257838 0.00870372272640451 -0.00076662824663194717
leaf_weight=226 270 3577 293 387 414 59929 205 214 204 1425 713 8393 346 1027 532 69285 4468 801 2814 979 204 201 541 455 212
leaf_count=226 270 3577 293 387 414 59929 205 214 204 1425 713 8393 346 1027 532 69285 4468 801 2814 979 204 201 541 455 212
internal_value=-8.20916e-06 -8.73246e-05 -0.00225344 0.00191326 -0.00313691 1.87863e-05 -0.00608824 0.00136992 0.00223399 -0.00590109 -0.000704437 3.92607e-05 -0.00183945 0.00490221 0.00339615 0.000133406 -0.000906391 0.000691827 0.00110011 -0.0028086 0.00189204 -0.00382557 0.00490635 0.00845152 0.00312959
internal_weight=158115 149533 6983 1221 5762 142550 475 8582 6059 1839 2523 142075 3923 2218 1559 129214 12861 3841 3615 1394 1129 1180 928 659 925
internal_count=158115 149533 6983 1221 5762 142550 475 8582 6059 1839 2523 142075 3923 2218 1559 129214 12861 3841 3615 1394 1129 1180 928 659 925
is_linear=0
shrinkage=0.02


Tree=36
num_leaves=25
num_cat=0
split_feature=23 46 70 53 10 10 46 6 13 6 53 53 59 22 78 43 42 26 45 42 41 16 72 45
split_gain=43.2091 31.8751 47.9406 38.0336 58.3268 55.3923 29.8775 75.6369 41.6786 36.5109 47.8105 80.9423 35.2304 32.8325 30.0581 29.3925 25.9968 24.0584 29.6891 22.1792 21.8755 13.5656 10.9584 9.67871
threshold=0.037515239100456295 0.0071743398670720071 -0.86573689406856591 0.01699657074490438 0.43161617532365976 0.48443224962802417 0.034133759215293408 0.060421662430625224 -0.065904806312114858 0.019566210776494616 0.020765565365582783 0.020281499889091097 0.15822142912162687 -0.020664780805862589 2.2522823378996262 0.082894869130863871 0.044644769844308992 0.61873726823049047 0.0056004574279897622 0.03443011099296734 0.01760570664917838 -0.014421501471563068 0.61396168866552003 0.022730746898116529
decision_type=8 8 8 10 10 10 10 8 10 10 10 10 10 10 10 10 10 8 8 10 10 8 10 10
left_child=6 16 3 5 -5 -3 9 8 22 10 11 -1 -11 -12 -14 -10 19 21 -19 20 -2 -4 -8 -9
right_child=1 2 17 4 -6 -7 7 23 15 12 13 -13 14 -15 -16 -17 -18 18 -20 -21 -22 -23 -24 -25
leaf_value=5.96624120388245e-05 -5.5901634442430821e-05 -0.0077403578628895417 -0.003832066971186994 0.0063291916010644426 -0.002856953084270043 -0.0014913520890629101 -0.00090119257420196483 0.011374146475264676 -0.0079607960042826081 0.0070031102837098264 -7.0571110769048257e-05 0.007586387953935023 0.0012935963546741082 -0.0048373938432907763 -0.0041649770215860249 -0.0019573427019125124 0.0056857248743379463 0.0012504014302505539 -0.0011339210726581883 -0.0056925814254733132 0.0021305116533651119 0.0013686474183155007 -0.0042299311259158942 0.0041858449736965142
leaf_weight=90375 12683 831 217 368 829 1040 1432 213 316 218 562 431 21401 725 628 217 331 2006 18552 307 1010 2642 209 257
leaf_count=90375 12683 831 217 368 829 1040 1432 213 316 218 562 431 21401 725 628 217 331 2006 18552 307 1010 2642 209 257
internal_value=-1.39289e-05 -0.000574222 -0.000985351 -0.00333594 -0.000549249 -0.00511645 0.000181545 -0.00191985 -0.00349333 0.000230171 5.44878e-05 0.00010878 0.0009573 -0.00377174 0.000877803 -0.00834831 0.000185459 -0.000677171 -0.00091629 5.4139e-05 0.000173653 0.00104126 -0.00191108 0.00534607
internal_weight=157800 40816 26485 3068 1197 1871 116984 2644 2174 114340 92093 90806 22247 1287 22029 533 14331 23417 20558 14000 13693 2859 1641 470
internal_count=157800 40816 26485 3068 1197 1871 116984 2644 2174 114340 92093 90806 22247 1287 22029 533 14331 23417 20558 14000 13693 2859 1641 470
is_linear=0
shrinkage=0.02


Tree=37
num_leaves=24
num_cat=0
split_feature=23 58 42 43 47 46 7 9 57 46 44 44 63 50 42 53 28 36 28 57 44 44 57
split_gain=46.4041 34.94 43.1181 45.9851 40.8631 30.5316 80.7258 57.6568 36.6431 58.0428 44.9764 32.8482 38.0058 28.9516 46.8806 25.7299 20.1292 19.3859 15.8578 20.2051 62.8857 15.5237 9.40323
threshold=0.056531829553555853 0.29429895453607541 -0.018482152589615549 -0.053124606254679956 -0.078026185014830704 0.034133759215293408 0.012798471129776863 1.7740964014934786 0.71835397914624377 0.017801622996555751 0.00083594828880284588 -0.097151723167054158 0.64180649547294599 -0.0056166040019053334 -0.050057604464380116 0.024132712610863215 -0.060920295071215318 -0.19641071917112116 -0.29861622175781344 0.26381673410781886 0.16428366975657974 0.12547976713689837 0.16836741069011338
decision_type=8 8 10 10 10 10 10 10 10 10 10 8 10 8 10 10 10 10 8 10 10 10 10
left_child=5 2 13 -4 -5 8 16 17 11 10 -10 12 -1 14 -2 -13 -7 -8 -3 20 -20 -21 -9
right_child=1 18 3 4 -6 6 7 22 9 -11 -12 15 -14 -15 -16 -17 -18 -19 19 21 -22 -23 -24
leaf_value=0.0038337608141178789 -0.0018203631690336393 0.0097862092786415548 0.0071153512776878317 -0.0052879535880287192 -0.00076753812587062914 -0.0035170380429486035 0.0062710935479335164 0.012501707937202242 -0.00090549905489371223 0.0078555056769927575 0.00096536247033161056 -2.5881304284762001e-05 -0.0041968392432782204 0.0013493588269601143 -0.0068603635607409601 -0.0031625627101813116 -0.0094338859816500958 -0.0020259303348267766 -0.0012213984003276582 -0.00031800656024924735 -0.014224843304384907 0.002140924444746077 0.0038914331377596441
leaf_weight=1274 501 238 240 345 3043 261 243 203 4945 389 23721 96703 208 242 642 850 232 1807 5273 15730 230 877 205
leaf_count=1274 501 238 240 345 3043 261 243 203 4945 389 23721 96703 208 242 642 850 232 1807 5273 15730 230 877 205
internal_value=-3.50877e-05 -0.000784226 -0.00229318 -0.00114577 -0.00174624 0.00012132 -0.00188957 -0.000405856 0.000167678 0.000792194 0.000687829 -1.55297e-05 0.00293864 -0.00529437 -0.00662413 -6.04588e-05 -0.00926721 -0.00177377 -0.000445568 -0.000501018 -0.00155124 -0.000152818 0.00644988
internal_weight=158402 27361 5013 3628 3388 131041 2951 2458 128090 29055 28666 99035 1482 1385 1143 97553 493 2050 22348 22110 5503 16607 408
internal_count=158402 27361 5013 3628 3388 131041 2951 2458 128090 29055 28666 99035 1482 1385 1143 97553 493 2050 22348 22110 5503 16607 408
is_linear=0
shrinkage=0.02


Tree=38
num_leaves=23
num_cat=0
split_feature=23 32 6 53 6 44 6 48 47 10 41 63 68 44 63 14 44 15 69 26 14 30
split_gain=41.4433 27.6595 30.7111 33.4552 47.6378 27.5527 56.9725 62.5264 35.4596 32.4036 29.405 26.5352 26.3687 26.2876 24.7575 23.355 25.0555 19.0423 17.5976 16.3131 11.7066 7.79356
threshold=0.037515239100456295 0.26586584127140339 0.070717937891513788 0.024132712610863215 0.017471506202212796 -0.084893273889158891 0.021479460387252146 -0.10159603370202645 -0.095012445309252833 0.63515610537381062 0.048511159025292468 0.83475485560485929 1.4376571135663074 0.11987758590221288 0.88345507954663627 -0.22074135253556518 0.10410281038812709 -0.023963670613396489 -0.065734503059880559 0.89728720526835615 -0.081479308414575666 0.64908699988240681
decision_type=8 10 10 10 8 8 8 10 8 8 10 10 10 10 10 10 10 10 8 10 10 10
left_child=1 2 3 13 -5 6 7 14 9 -7 12 20 -10 -1 -2 -3 21 -18 -12 -13 -8 -17
right_child=5 15 -4 4 -6 8 11 -9 10 -11 18 19 -14 -15 -16 16 17 -19 -20 -21 -22 -23
leaf_value=0.00021933103963963564 -0.0050064600625800417 -0.0043036277445408803 0.013271072070113757 -0.008374582630636172 -0.00086667756731665779 0.0089217738247693735 -0.00033134637150840905 0.0011242878021967815 -0.00062549981040349427 0.0009684011194377838 -0.0096361087952331996 -0.00012773256811422608 0.00089840491405289078 -0.00091281010846520514 -0.010639480183326477 -6.0374437640606028e-05 0.010444518918157666 0.004555762686928087 -0.0030934911929757425 -0.0063779980397412287 0.0025934075884316431 0.0042816139706073272
leaf_weight=104740 264 249 259 260 3704 214 568 229 31760 390 201 226 5933 5697 231 885 273 753 247 280 389 427
leaf_count=104740 264 249 259 260 3704 214 568 229 31760 390 201 226 5933 5697 231 885 273 753 247 280 389 427
internal_value=-1.88267e-05 0.000172438 0.000126268 0.000110645 -0.00169433 -0.000566731 -0.00275046 -0.00733517 -0.000443349 0.00436033 -0.000519585 -0.000476776 -0.000458906 0.000175465 -0.0113266 0.00221716 0.00283796 0.00517819 -0.00560802 -0.00417751 0.00148017 0.00100381
internal_weight=158179 117247 114660 114401 3964 40932 2187 724 38745 604 38141 1463 37693 110437 495 2587 2338 1026 448 506 957 1312
internal_count=158179 117247 114660 114401 3964 40932 2187 724 38745 604 38141 1463 37693 110437 495 2587 2338 1026 448 506 957 1312
is_linear=0
shrinkage=0.02


Tree=39
num_leaves=26
num_cat=0
split_feature=23 26 14 18 72 54 53 18 32 14 50 6 46 50 23 32 51 16 45 38 51 53 17 25 22
split_gain=34.6792 23.7179 25.5183 33.4061 30.0842 65.7151 26.192 23.246 23.4877 28.8316 30.0474 24.9638 50.3613 24.7427 21.6767 18.3455 16.201 15.4066 18.9882 18.412 12.8379 9.17215 9.08852 11.4816 5.81781
threshold=0.037515239100456295 0.67701801272431783 -0.036710465536171681 69.806109588348562 -0.2900917400593187 0.57254031279556139 0.011281330487037692 82.76022252027316 0.26586584127140339 -0.28372563352121261 0.040813996204621346 0.060421662430625224 0.034133759215293408 0.035619907201333019 0.019377558723273073 -0.2761710207036227 0.86799287802519076 -0.022540572214647277 0.0050217041188203825 1.1368809941587432 0.83442187203341567 0.01173252897458134 0.38218234716108557 -0.38670195925117584 0.0039838375550214087
decision_type=10 8 10 8 10 10 10 10 10 10 10 10 10 10 8 8 2 8 10 10 2 10 2 8 10
left_child=7 17 3 15 5 -4 -6 8 11 -10 -11 12 -1 -13 20 -3 -5 -2 21 -20 24 -19 23 -16 -9
right_child=1 2 4 16 6 -7 -8 14 9 10 -12 13 -14 -15 22 -17 -18 18 19 -21 -22 -23 -24 -25 -26
leaf_value=0.00014148638413580039 -0.0032466637728675576 0.0039507094231845856 -8.176059419172328e-05 -0.0022678636759001078 0.0038568148322158237 -0.0032319796090696019 -0.00010745590159480814 0.0052363603848034502 -0.0075012735998464452 0.0012348231659037238 0.0063151847838592255 0.0010869967364780515 -0.0023110642101793581 0.011728678729761847 -0.0014572116956360424 -0.0011749788220602731 -0.0064060597801798716 0.0017792774809506646 0.00047457805929854944 0.0030142783648868894 0.00098898216301986953 -0.0012480137357056397 -0.0027699843193702577 0.0036440526723103507 0.0033325551850768281
leaf_weight=111946 299 398 6457 1654 825 3518 14976 209 205 1509 888 327 2175 246 217 3418 597 404 3720 1658 340 1531 259 254 243
leaf_count=111946 299 398 6457 1654 825 3518 14976 209 205 1509 888 327 2175 246 217 3418 597 404 3720 1658 340 1531 259 254 243
internal_value=2.56391e-05 -0.000488088 -0.000727861 -0.00189486 -0.00045304 -0.00131295 8.97355e-05 0.000196248 0.000164352 0.00204303 0.00265972 0.000121697 0.000100752 0.00428223 0.00265135 -0.000753995 -0.00382682 0.000514646 0.000697019 0.00130842 0.00494073 -0.00100103 0.000161423 0.0018178 0.0071479
internal_weight=158273 39455 31843 6067 25776 9975 15801 118818 117296 2602 2397 114694 114121 573 1522 3816 2251 7612 7313 5378 792 1935 730 471 452
internal_count=158273 39455 31843 6067 25776 9975 15801 118818 117296 2602 2397 114694 114121 573 1522 3816 2251 7612 7313 5378 792 1935 730 471 452
is_linear=0
shrinkage=0.02


Tree=40
num_leaves=23
num_cat=0
split_feature=70 43 4 50 53 6 6 11 57 67 29 26 68 32 54 36 30 24 45 23 44 64
split_gain=38.103 46.647 32.1395 52.4032 46.682 105.952 38.4631 22.0055 24.237 19.9281 17.5158 20.6005 16.5586 25.2165 14.505 14.264 13.4243 11.7141 14.9509 11.5986 9.94738 8.31249
threshold=-1.241716599153516 0.0050476658670425287 -0.30076630711650776 0.049602788226685297 0.020765565365582783 0.014693841438177422 0.037879802393454655 0.080510877078915924 0.80490309009866301 0.23010955433794192 3.5295170435355065 1.0940748774348577 -1.0190398514412828 -0.086101635944877949 0.57254031279556139 0.078287308122832674 0.59696170672196358 -0.25396239000876303 0.0098045686684422161 -0.065196017642765267 0.056365944474318093 0.69725707875771759
decision_type=8 10 8 10 10 8 10 10 10 10 10 10 10 10 8 10 10 10 10 10 10 10
left_child=1 10 3 12 7 15 -7 8 -4 17 11 16 19 -14 -9 -6 -1 18 -3 -2 -11 -19
right_child=2 9 4 -5 5 6 -8 14 -10 20 -12 -13 13 -15 -16 -17 -18 21 -20 -21 -22 -23
leaf_value=0.0018284452086504161 0.001691345694759453 -0.00066490052668384981 8.1612466737608805e-06 0.01267494185207671 -0.0039076520367730396 0.00048057167547673488 -0.0020079580058892468 -0.0023340079661195398 0.00064444931066338928 0.00052004348079818987 -0.0058497678297475472 -0.0069869110468275706 -0.0045090501998496912 0.0033492034798445875 0.00085295991613030403 -0.0077930899081178921 -0.0041107573548826671 0.0017180780893448469 -0.0056266812807431801 0.0091354988700770787 0.0035358824179027803 -0.002268891828849201
leaf_weight=240 750 302 116410 259 417 4387 3523 2330 25551 200 328 282 295 235 1141 213 276 259 204 292 202 203
leaf_count=240 750 302 116410 259 417 4387 3523 2330 25551 200 328 282 295 235 1141 213 276 259 204 292 202 203
internal_value=8.71762e-07 -0.00245014 4.01658e-05 0.00267358 8.81973e-06 -0.00142817 -0.000798635 9.32251e-05 0.000131711 2.7717e-05 -0.00546406 -0.00385232 0.00129561 -0.00157815 -0.00147984 -0.00931537 -0.00146615 -0.00152528 -0.00362525 0.00275935 0.00376675 0.000773218
internal_weight=158299 2496 155803 1831 153972 8540 7910 145432 141961 1370 1126 798 1572 530 3471 630 516 968 506 1042 402 462
internal_count=158299 2496 155803 1831 153972 8540 7910 145432 141961 1370 1126 798 1572 530 3471 630 516 968 506 1042 402 462
is_linear=0
shrinkage=0.02


Tree=41
num_leaves=21
num_cat=0
split_feature=70 43 0 53 71 44 44 44 44 44 3 53 53 29 53 18 44 53 25 10
split_gain=33.356 50.3377 30.7128 28.7895 63.3951 136.141 55.546 25.5979 31.4134 28.0397 23.8208 40.5862 22.7933 19.9546 30.3017 19.7834 26.8608 13.2127 10.567 8.83998
threshold=-1.241716599153516 0.0050476658670425287 -0.029326747886427026 0.020765565365582783 -0.083444058033482593 0.10934274412443813 0.10934274412443813 0.21061477256694075 0.12547976713689837 0.07418281250083604 0.10854933282552361 0.020587870294827216 0.019586952900428178 3.317254059743314 0.013821986130194133 60.134949157079753 0.074067940574290794 0.016787952994295013 -0.49194147726163123 0.52144356220442833
decision_type=8 10 8 10 8 10 10 8 10 10 10 10 10 10 10 10 10 10 8 10
left_child=1 13 7 10 5 -5 -6 8 9 -2 11 -4 -12 14 -1 18 19 -16 -3 -17
right_child=2 15 3 4 6 -7 -8 -9 -10 -11 12 -13 -14 -15 17 16 -18 -19 -20 -21
leaf_value=0.00095623385022847033 0.0020849957395022655 -0.0037668919627999288 8.9320645543154039e-05 -0.0036657818859937674 0.0026015541915060908 0.0027981126462084545 -0.0050487758802429047 -0.0037742799387616393 0.0097562155889627505 -0.0033345682366186314 -0.0005554706739080604 0.0041482676498987786 -0.0039390544723783508 -0.0065400060009500986 -0.0070048024653518786 -0.001769717443795773 0.0044265655721068865 -0.0027882054462259622 -0.00017151022053513398 0.0013820388918537269
leaf_weight=305 5000 244 128976 3696 2781 1225 888 362 322 546 10424 625 881 346 261 222 278 200 349 300
leaf_count=305 5000 244 128976 3696 2781 1225 888 362 322 546 10424 625 881 346 261 222 278 200 349 300
internal_value=-6.19344e-07 -0.0022897 3.62044e-05 -2.11242e-05 -0.00114515 -0.00262861 0.000844142 0.00141197 0.00173079 0.00137696 4.7393e-05 0.000124211 -0.000833009 -0.00546092 -0.00364798 0.000242468 0.00229463 -0.00687879 -0.00252189 -0.000378585
internal_weight=158231 2505 155726 149496 8590 4921 3669 6230 5868 5546 140906 129601 11305 1112 766 1393 800 461 593 522
internal_count=158231 2505 155726 149496 8590 4921 3669 6230 5868 5546 140906 129601 11305 1112 766 1393 800 461 593 522
is_linear=0
shrinkage=0.02


Tree=42
num_leaves=22
num_cat=0
split_feature=70 49 3 45 71 44 14 44 6 45 72 53 22 57 29 44 41 22 30 68 54
split_gain=39.0167 42.5074 35.117 32.8915 45.2056 74.7241 32.8967 31.9171 29.3651 34.2651 39.9175 31.816 38.1476 29.7854 28.1504 26.4448 29.3022 24.8053 16.5803 14.4673 14.3048
threshold=-1.241716599153516 -0.020361985196633899 0.061082383081305654 0.0087470329669051428 -0.28783079158945996 0.074697451810853868 -0.011107055264442054 0.083205026635764803 0.02132176916545157 0.017937755590757574 0.4040446458478591 0.021694372591866507 -0.017745704856387098 0.71835397914624377 -3.1461148336539817 0.071648708741143943 0.025892534913842361 -0.24907040624447266 0.40791146349928847 -0.10089775673729116 0.42851547654325001
decision_type=8 10 8 10 8 10 10 10 10 10 10 10 10 10 10 10 10 8 10 10 10
left_child=1 -1 8 6 5 -5 18 -8 11 10 -10 13 -13 -2 -11 16 20 -6 -4 -17 -3
right_child=2 15 3 4 17 -7 7 -9 9 14 -12 12 -14 -15 -16 19 -18 -19 -20 -21 -22
leaf_value=-0.0072712719321739753 -0.00010333922785716568 -0.0037180005906936979 -0.00051573937895361998 -0.0036734533724697262 0.010875209869174465 0.0013729168563543341 0.0006118673146444562 -0.0010079058460280119 -2.5255167286098515e-05 0.0015890378078541399 0.002917606673256197 0.00039610541838646502 -0.005639498412358176 0.00062541348273792039 -0.002117253051014126 -4.0485272774913581e-05 -0.0053302807745722568 -0.00061124741552433899 -0.0025757566935432014 0.0051662375520615247 -0.00020173105846024646
leaf_weight=371 77302 289 3641 3446 206 852 14285 5012 5984 1178 9774 416 470 21635 1844 282 301 6922 2396 205 1051
leaf_count=371 77302 289 3641 3446 206 852 14285 5012 5984 1178 9774 416 470 21635 1844 282 301 6922 2396 205 1051
internal_value=-4.05288e-05 -0.0025192 -6.30777e-07 -0.000540736 -0.00143152 -0.00305141 -0.000138859 0.000264172 0.000166757 0.000892285 0.00126645 3.02332e-05 -0.0037407 6.40603e-05 -0.00105789 -0.00142696 -0.0026419 -0.000454201 -0.00142729 0.00265984 -0.00137062
internal_weight=157862 2499 155363 36760 11426 4298 25334 19297 118603 18780 15758 99823 886 98937 3022 2128 1641 7128 6037 487 1340
internal_count=157862 2499 155363 36760 11426 4298 25334 19297 118603 18780 15758 99823 886 98937 3022 2128 1641 7128 6037 487 1340
is_linear=0
shrinkage=0.02


Tree=43
num_leaves=20
num_cat=0
split_feature=70 49 44 41 32 44 6 53 69 53 6 5 44 5 48 46 46 68 9
split_gain=36.2458 48.452 30.189 25.4382 24.2956 39.5066 52.683 58.4305 44.668 57.0654 49.1434 32.1325 34.5066 22.2157 22.0931 19.7016 19.3529 18.7398 10.717
threshold=-1.241716599153516 -0.016455471070945579 0.071648708741143943 0.025892534913842361 0.23307903185234982 0.12547976713689837 0.060421662430625224 0.020765565365582783 -0.1492189548117594 0.020054295624391955 0.012542587976597953 0.048837838040841748 0.10184825530283161 0.011240430427529728 -0.15381350340645331 0.0090394115514529898 0.0058836300152581992 -0.10089775673729116 0.4117574553837749
decision_type=8 10 10 10 10 10 10 10 8 10 8 10 10 10 10 10 10 10 10
left_child=1 18 3 16 5 6 7 -2 9 -7 -10 12 15 -14 -8 -6 -3 -4 -1
right_child=4 2 17 -5 11 8 14 -9 10 -11 -12 -13 13 -15 -16 -17 -18 -19 -20
leaf_value=-0.0090509960437307087 8.097097930948922e-05 -0.0041980173503800696 -3.8642594197011195e-05 -0.0052236751590808116 0.0016034139758415195 -0.0012139450900159566 0.0024855925676991069 -0.0014220846656058195 -0.0058786127630999852 -0.0056133131545723306 0.0011070885696889124 -0.010761938477325197 -0.0013208643137473139 0.004686419621780789 0.0087740100569633425 -0.0018318532266289546 1.9574505202415993e-05 0.0050629128010202936 -0.0058603751918416833
leaf_weight=205 136598 291 287 301 2217 1750 374 6864 279 936 2101 214 279 2142 543 1140 996 211 203
leaf_count=205 136598 291 287 301 2217 1750 374 6864 279 936 2101 214 279 2142 543 1140 996 211 203
internal_value=-1.25244e-05 -0.00240401 -0.00116818 -0.00251605 2.58495e-05 -2.42094e-05 3.66948e-05 6.12004e-06 -0.00176002 -0.00352735 0.000234355 0.00127449 0.00155702 0.00337655 0.00481264 0.000243597 -0.00128727 0.00312224 -0.00869927
internal_weight=157931 2494 2086 1588 155437 149445 144379 143462 5066 2686 2380 5992 5778 2421 917 3357 1287 498 408
internal_count=157931 2494 2086 1588 155437 149445 144379 143462 5066 2686 2380 5992 5778 2421 917 3357 1287 498 408
is_linear=0
shrinkage=0.02


Tree=44
num_leaves=23
num_cat=0
split_feature=70 49 23 44 41 45 44 72 14 70 41 51 6 45 32 41 43 69 7 29 10 10
split_gain=34.3062 44.5013 32.6962 27.6134 25.4624 23.4747 27.4023 32.4455 26.5349 24.0058 31.2878 20.2299 20.1141 29.2016 33.6038 28.3984 26.4775 22.3202 16.5106 15.0964 9.41544 9.40976
threshold=-1.241716599153516 -0.016455471070945579 0.0090992738620422359 0.071648708741143943 0.025892534913842361 0.0044011192485553501 0.083205026635764803 0.22524487570467636 -0.034657068618686608 -0.70491885204503646 0.008649109429328063 0.30517472218503156 0.02132176916545157 0.017937755590757574 -0.24621379805880114 0.046038655566139737 0.057675054860674375 -0.30912909845964393 0.0039358060732785595 3.317254059743314 0.94081166677527717 0.49397503824564198
decision_type=8 10 8 10 10 8 10 8 10 8 10 2 10 10 10 10 10 8 10 10 10 10
left_child=1 21 12 4 18 6 8 -8 -4 10 -7 -11 15 14 -14 16 -2 -15 -3 -5 -17 -1
right_child=2 3 5 19 -6 9 7 -9 -10 11 -12 -13 13 17 -16 20 -18 -19 -20 -21 -22 -23
leaf_value=-0.0090415956784047312 9.2426920541314954e-05 -0.0018091102064944592 -0.0020100937711603124 -0.0017556599431847487 -0.0046866275931535953 -0.0015470682135228832 0.0010510838622369448 -0.0051454292409297813 0.0011043918740610119 0.0007266714342458021 3.3314072497843063e-05 -0.00038796744240458272 0.0093496855027315282 -0.00265124231280364 0.0015794259367931701 -0.0039230203996543905 0.0017512101933507623 0.00063145573640390569 0.00098430496013024145 0.0039677218789057672 -0.00045398798835475084 -0.0046816152581935014
leaf_weight=211 66461 822 1235 210 286 6997 629 659 9118 7047 4332 39336 449 1288 12837 315 3677 1300 468 295 215 211
leaf_count=211 66461 822 1235 210 286 6997 629 659 9118 7047 4332 39336 449 1288 12837 315 3677 1300 468 295 215 211
internal_value=1.48865e-05 -0.00230751 5.22015e-05 -0.00110375 -0.00240837 -0.000271333 0.000547844 -0.00220171 0.000890284 -0.000436609 -0.00126196 -0.000234952 0.000311498 0.000954835 0.00133348 0.000166947 0.000201856 -0.000988026 -0.00120682 0.00296047 -0.00444068 -0.00822222
internal_weight=158398 2503 155895 2081 1576 69353 11641 1288 10353 57712 11329 46383 86542 15874 13286 70668 70138 2588 1290 505 530 422
internal_count=158398 2503 155895 2081 1576 69353 11641 1288 10353 57712 11329 46383 86542 15874 13286 70668 70138 2588 1290 505 530 422
is_linear=0
shrinkage=0.02


Tree=45
num_leaves=21
num_cat=0
split_feature=13 50 53 6 6 69 60 6 69 53 43 50 26 53 45 6 63 29 50 33
split_gain=30.3052 44.0083 37.8389 88.2208 41.8436 36.7903 26.5899 22.7735 20.2577 72.1557 48.1035 65.3694 48.2713 47.1936 18.911 18.5749 16.766 15.024 10.4302 9.76162
threshold=-0.30076630711650776 0.049602788226685297 0.020765565365582783 0.017390490731259371 0.037879802393454655 -0.93099067882432995 0.85535890638806611 0.013743538583391135 -0.17545994657508643 0.020587870294827216 0.015670651550407148 0.013563723704441257 0.48554323516364556 0.020054295624391955 0.013277582647075728 0.016026423742960001 0.20041111054775307 -0.097734416548745387 0.0091549785470826945 -0.059003393758997651
decision_type=8 10 10 8 10 8 8 10 10 10 10 10 8 10 10 8 10 10 10 10
left_child=1 16 8 7 6 -6 -5 14 9 13 12 -12 -10 -2 -4 -11 18 -9 19 -1
right_child=2 -3 3 4 5 -7 -8 17 10 15 11 -13 -14 -15 -16 -17 -18 -19 -20 -21
leaf_value=0.0033094868039676957 -0.00020096011193897667 0.011384043087546605 -0.0035038127914186479 0.00041696165512500669 -0.01047966041066704 -0.0011133756048950741 0.0063634682897069639 -0.00042631010953713772 0.0026439086965354009 0.0083893169395528027 0.0040543774837861219 0.00050881113484748167 -0.00032618291937773795 -0.0051387125970260928 -0.0073283095672642554 0.002846458402990686 -0.0026545675559168269 -0.0045227960423805721 -0.00087489957529508539 0.0098747010077601272
leaf_weight=632 69514 264 204 3502 370 3249 371 293 1820 205 1680 35520 37849 737 235 222 337 606 310 255
leaf_count=632 69514 264 204 3502 370 3249 371 293 1820 205 1680 35520 37849 737 235 222 337 606 310 255
internal_value=-2.89551e-06 0.0025781 -3.26005e-05 -0.00130427 -0.000458828 -0.00200497 0.000985545 -0.00603286 4.34977e-05 -0.00020088 0.000268219 0.000784871 -0.000216234 -0.000250783 -0.00976818 0.00798598 0.00127557 -0.00419778 0.00238564 0.00348874
internal_weight=158175 1798 156377 8830 7492 3619 3873 1338 147547 70678 76869 37200 39669 70251 439 427 1534 899 1197 887
internal_count=158175 1798 156377 8830 7492 3619 3873 1338 147547 70678 76869 37200 39669 70251 439 427 1534 899 1197 887
is_linear=0
shrinkage=0.02


Tree=46
num_leaves=26
num_cat=0
split_feature=21 46 36 6 50 37 46 7 59 7 46 59 46 44 53 27 54 14 46 54 44 27 37 45 54
split_gain=33.4053 25.7007 53.1151 43.036 38.9446 54.338 40.3421 36.2153 29.4106 26.7291 24.7514 37.2436 40.4624 59.9596 52.1759 28.5581 20.981 20.7113 28.2976 31.9309 27.4636 20.0716 15.8614 10.6824 7.95857
threshold=0.033678642021406253 0.034133759215293408 -0.19641071917112116 0.020723476997008768 0.060614552866280265 0.39781456732833975 0.0097516835767139931 0.012798471129776863 0.16216146114773589 0.0054621464209680367 0.0071743398670720071 0.40128071949919364 0.0085616971296806517 -0.084893273889158891 0.015749395063775814 -0.033898210022525237 0.49481818045833298 -0.0092346677954073791 0.0049488493818153232 0.4217703497790109 0.059948852170679919 -0.12680727523571925 0.20005937691703465 0.0069203487003286377 0.45051035433529935
decision_type=8 10 10 8 10 10 10 10 8 10 8 8 10 10 10 8 8 10 10 10 10 10 10 10 10
left_child=1 3 -3 4 6 -6 -1 -4 -5 -10 17 12 14 -14 -12 21 -17 23 19 -19 -20 -13 -9 24 -2
right_child=10 2 7 8 5 -7 -8 22 9 -11 11 15 13 -15 -16 16 -18 18 20 -21 -22 -23 -24 -25 -26
leaf_value=0.0001441394205218152 -0.00082386440753081053 0.0076163798795379602 -0.0053936431080261931 0.0061710692661814176 0.003330925981696516 -0.0044162077186608905 -0.00076673181920685956 -0.00224024319211839 0.0032527873234844086 0.0010890314461577777 -0.0034310860442111693 -0.0053644506306558416 -0.0040640182804418589 -0.00022636459902018846 0.0037161180893093906 -0.0023067136148485611 -0.00035213890441192436 -0.00024952192236645318 0.00042183562781670825 -0.0045523431143073599 0.0022986936475542122 0.0017424686177783929 0.00076215512697498937 0.0018626918090675424 -0.0033357753503566634
leaf_weight=70422 1165 377 396 204 1305 268 18354 1207 1052 19089 2218 322 1078 5479 328 3317 12174 4766 5492 377 2642 3565 623 361 1092
leaf_count=70422 1165 377 396 204 1305 268 18354 1207 1052 19089 2218 322 1078 5479 328 3317 12174 4766 5492 377 2642 3565 623 361 1092
internal_value=-2.24387e-05 0.000159738 -0.00180415 0.000205953 1.87936e-05 0.00313723 -3.64734e-05 -0.00298069 0.00103696 0.000960083 -0.000487595 -0.000840461 -0.00189565 -0.00106404 -0.00403534 -0.0003446 -0.00072928 0.000144565 0.000465281 -0.000695568 0.00119951 0.00118776 -0.00179028 -0.00148072 -0.00199203
internal_weight=157673 113297 2603 110694 90349 1573 88776 2226 20345 20141 44376 28481 9103 6557 2546 19378 15491 15895 13277 5143 8134 3887 1830 2618 2257
internal_count=157673 113297 2603 110694 90349 1573 88776 2226 20345 20141 44376 28481 9103 6557 2546 19378 15491 15895 13277 5143 8134 3887 1830 2618 2257
is_linear=0
shrinkage=0.02


Tree=47
num_leaves=24
num_cat=0
split_feature=33 44 41 46 6 75 70 48 32 45 41 45 4 53 6 45 46 33 7 71 51 51 16
split_gain=29.8648 37.4686 30.1407 32.1619 37.5296 33.8119 24.8496 32.1383 23.4847 30.558 31.6312 24.4059 22.4509 48.8803 60.1632 40.838 52.3316 23.1886 19.6338 17.3101 16.2609 15.1454 10.8854
threshold=0.14736143059389165 0.052077593170707377 0.03250192359728566 0.0071574059169649948 0.011928728906232131 0.86688683582777337 -1.241716599153516 -0.076871207405423067 -0.2761710207036227 0.011870476064088519 0.025892534913842361 0.010654879915014048 -0.23336220962815138 0.020765565365582783 0.014019128290622533 0.019248111905524685 0.011508994317903592 -0.23223497026441389 0.034777503507402281 -0.16046543182870251 0.36422161529457669 0.48268678540598636 0.051300611271934755
decision_type=10 8 10 10 8 10 8 8 10 10 10 10 8 10 8 10 10 10 10 10 2 2 10
left_child=6 8 3 5 -5 -3 7 -1 22 11 -11 -10 15 18 -15 16 -8 -17 -14 -4 -9 -22 -2
right_child=1 2 19 4 -6 -7 12 20 9 10 -12 -13 13 14 -16 17 -18 -19 -20 -21 21 -23 -24
leaf_value=-0.005730736376071131 -0.00025655306940124356 0.00048297236242762944 0.0074565579028377403 -0.0057470189989049982 -0.00068641477305944306 0.0060352729947935474 0.00033836119287231515 -0.0037420279353035115 -0.0016812389114918009 -0.0025185560843770361 -0.0084282007565606703 0.0028203276351274655 0.00013117531647242344 -0.0054855527366674938 -0.00088810957425204153 0.0027790869685271418 0.0076592444500847793 -0.0027571068256293909 -0.0081533049151958914 0.0020437146032691723 0.0036297905589319475 -0.00070562736257209118 0.0075265679118551787
leaf_weight=381 329 2165 201 459 2525 317 1048 250 4902 764 411 322 132641 358 6303 548 1074 753 232 230 223 1094 207
leaf_count=381 329 2165 201 459 2525 317 1048 250 4902 764 411 322 132641 358 6303 548 1074 753 232 230 223 1094 207
internal_value=-1.33005e-05 -0.00093805 0.000233639 -0.000167917 -0.00156717 0.00151349 6.85824e-05 -0.00217445 -0.00193454 -0.00227156 -0.00518537 -0.00161493 9.9176e-05 5.9899e-05 -0.00161183 0.00169918 0.00340933 -0.00108909 0.00014373 0.00531944 -0.000904337 -1.36571e-05 0.00208194
internal_weight=157737 12832 5897 5466 2984 2482 144905 1948 6935 6399 1175 5224 142957 139534 6661 3423 2122 1301 132873 431 1567 1317 536
internal_count=157737 12832 5897 5466 2984 2482 144905 1948 6935 6399 1175 5224 142957 139534 6661 3423 2122 1301 132873 431 1567 1317 536
is_linear=0
shrinkage=0.02


Tree=48
num_leaves=25
num_cat=0
split_feature=63 50 53 45 53 54 54 72 44 14 46 51 6 53 44 45 28 6 50 57 58 16 32 33
split_gain=34.0648 61.0265 57.4419 45.8394 38.8074 33.8118 61.8501 78.811 44.4828 31.622 28.5662 27.7596 28.2596 25.2358 35.5923 35.053 22.5063 22.302 21.8161 21.0958 19.3847 18.6494 17.1864 11.9963
threshold=0.60973036945559345 0.081408910052067532 0.010900370295388781 0.0044644105449606697 0.013639968307537899 0.57574035584699446 0.58346620426428608 -0.053490258001621972 0.037438161398865584 0.039841805167621265 0.0034978139606113589 0.81371526031714114 0.011260629113789019 0.012406159989136906 0.12547976713689837 0.003791668981935109 -0.097220448463122819 0.070717937891513788 0.058779712677423109 0.91354117830911086 0.86708213610830687 0.033953872367786693 -0.034699642758765019 -0.012062757356464162
decision_type=8 10 8 8 8 10 10 10 10 8 10 2 8 10 10 10 10 8 10 10 10 10 8 8
left_child=5 2 20 10 -5 9 7 21 -9 13 -4 12 -11 15 -15 -1 -13 19 -19 -8 23 -7 -3 -2
right_child=1 22 3 4 -6 6 17 8 -10 11 -12 16 -14 14 -16 -17 -18 18 -20 -21 -22 -23 -24 -25
leaf_value=-0.0021430188282012281 -0.0010129902855114659 -0.0078483209955814825 -0.0024519729935282984 -0.0011727233222369857 -0.00026448111512094907 -0.0011775047092553365 0.00023638910142808562 0.0087433995294921817 0.0026898748792060501 0.001258316111216688 0.00093249850323793724 0.004788542397712427 0.00020611390824425502 -0.00074252626208902005 -0.0057935182201025951 0.001254890090310317 -0.0017919530653024841 0.0039124811956957398 0.013463061876024361 0.0038217046878164375 -0.0038018477423180795 0.0045176012310975027 -0.0033401138246760653 0.0032139230529816378
leaf_weight=1541 235 216 891 16519 34802 1101 22357 1097 1078 8375 9724 413 25005 22301 362 5384 2793 277 200 862 206 205 328 1891
leaf_count=1541 235 216 891 16519 34802 1101 22357 1097 1078 8375 9724 413 25005 22301 362 5384 2793 277 200 862 206 205 328 1891
internal_value=-2.5404e-05 -0.000377671 -0.000321119 -0.000437186 -0.000684658 0.000219149 0.000813084 0.00330213 0.00563327 -2.47526e-05 0.000759043 0.000368382 0.000539169 -0.000510933 -0.000833833 0.000545481 -0.00140879 0.00044723 0.00472385 0.000359087 0.00275954 -0.000579954 -0.0070422 0.00332769
internal_weight=158163 64812 64268 61936 51321 93351 27177 3481 2175 66174 10615 36586 33380 29588 22663 6925 3206 23696 477 23219 2332 1306 544 2126
internal_count=158163 64812 64268 61936 51321 93351 27177 3481 2175 66174 10615 36586 33380 29588 22663 6925 3206 23696 477 23219 2332 1306 544 2126
is_linear=0
shrinkage=0.02


Tree=49
num_leaves=26
num_cat=0
split_feature=21 38 53 72 57 44 54 71 53 68 10 44 54 42 42 53 28 43 75 46 78 18 50 14 26
split_gain=24.4939 23.1316 24.465 26.6813 23.0223 34.5607 65.9622 41.8857 33.2585 32.4143 23.8821 49.7071 54.9369 27.2546 37.0709 21.0841 20.4346 18.1237 17.8917 16.8063 14.6228 15.4737 14.0276 11.6362 9.39957
threshold=0.032968927780219655 1.2272308239933747 0.011281330487037692 -0.9927753825530875 0.76550929407497204 0.00083594828880284588 0.62375871770079272 -1.0102894099057373 0.01605910885720482 -0.26347213463733349 1.6263409183197941 0.16428366975657974 0.48983077733338304 0.047278909318377978 0.031861202967666598 0.01147253600703463 -0.29861622175781344 -0.18085116028089929 -1.3847265258714316 0.017801622996555751 1.8218017332486267 82.76022252027316 0.00439898766668645 -0.040748690524254887 0.9573719974621544
decision_type=8 10 8 8 10 10 10 8 10 10 8 10 10 10 10 8 8 10 10 10 10 8 10 10 8
left_child=4 2 3 -2 10 7 9 -6 -9 -7 13 12 -12 14 -1 24 -17 -3 -15 -8 23 -22 -5 -19 -4
right_child=1 17 15 22 5 6 19 8 -10 -11 11 -13 -14 18 -16 16 -18 20 -20 -21 21 -23 -24 -25 -26
leaf_value=-0.00010445805098824227 -0.0036850820479043963 -0.003473947854451476 -0.0013216204685003829 0.0049985443164426383 -0.0057685938582980479 -0.0021657020951084379 0.0038407025314887086 0.0012318584269182605 -0.0027369382828346003 0.001199118407788664 -0.00024519367704619758 -0.009036653263343743 0.0032622192078699602 0.0031781483885617136 0.0015747254891169743 0.0096782291383605192 -0.00063166085410594236 -0.00072486135669948943 -0.0019222741068489744 0.010390406575668072 -0.0012505419777848615 0.0040971259604292336 0.0010649859106780495 0.0016132974314825067 -0.0051887260273057101
leaf_weight=75866 247 239 210 521 361 1861 622 1920 1154 12432 5290 224 4477 388 5095 222 35499 698 2900 220 1556 260 1240 4206 218
leaf_count=75866 247 239 210 521 361 1861 622 1920 1154 12432 5290 224 4477 388 5095 222 35499 698 2900 220 1556 260 1240 4206 218
internal_value=-8.59891e-06 -0.000402465 -0.000595891 0.00155202 0.000148904 0.000792526 0.00120362 -0.00101804 -0.000259512 0.000882748 2.20499e-05 0.000946557 0.00116073 -8.75727e-05 -1.50441e-05 -0.000715297 -0.000662281 0.000657759 -0.0018723 0.00664057 0.000850766 -0.000681343 0.00241657 0.00141855 -0.00512354
internal_weight=157926 45116 38157 2008 112810 18570 15135 3435 3074 14293 94240 9991 9767 84249 80961 36149 35721 6959 3288 842 6720 1816 1761 4904 428
internal_count=157926 45116 38157 2008 112810 18570 15135 3435 3074 14293 94240 9991 9767 84249 80961 36149 35721 6959 3288 842 6720 1816 1761 4904 428
is_linear=0
shrinkage=0.02


Tree=50
num_leaves=29
num_cat=0
split_feature=21 46 5 9 57 44 54 59 78 28 52 44 50 70 42 69 44 44 43 37 43 42 46 44 47 28 28 30
split_gain=30.2727 28.2534 68.7629 42.379 26.7309 31.2053 39.159 32.7073 26.4327 23.6182 22.3438 47.1804 38.4813 30.3687 30.0007 26.8717 46.842 30.7158 21.5228 20.9129 20.8824 14.4496 14.1686 19.0597 18.5718 10.6207 10.3597 8.72721
threshold=0.061581646102495065 0.034948808953294379 0.023820162671039938 1.8279213679297908 0.81643519151379296 0.00083594828880284588 0.64116860737538472 0.13038833147528803 2.1354481600213924 -0.19410509796137451 0.67781798799304283 0.044735591631502654 0.029231513558577785 -0.16771994605647597 -0.016315076566536576 -0.23264494714190367 0.095048797657718134 0.16428366975657974 -0.012889802030610241 0.26174401756184335 -0.018677922111304087 -0.027812411749075224 0.0092842905730741235 0.022874320615856484 -0.016359625809801544 -0.09827521477766725 -0.075252072107912946 0.80358969714569728
decision_type=10 10 8 10 10 10 10 10 10 8 2 10 10 10 10 10 10 10 10 10 10 10 8 10 8 10 10 10
left_child=1 4 26 25 8 7 -7 -6 9 -1 11 13 22 14 -2 16 -14 -17 20 -20 -13 -15 23 -12 -24 -4 -3 -10
right_child=10 2 3 -5 5 6 -8 -9 27 -11 12 18 15 21 -16 17 -18 -19 19 -21 -22 -23 24 -25 -26 -27 -28 -29
leaf_value=0.0016129622927661422 -0.0033126361456449161 -0.0032394314042516791 -0.00086653833048483311 0.0074930163471516355 -0.0038590130537734459 0.00095184206791599059 0.0055539059218597956 -5.6802985026523472e-05 -0.00097088275209320429 -4.0187533084604027e-05 -0.0078409184018176509 0.0019309797414314108 -0.00045527318416188319 0.0026605462976783453 -0.00051433842597285674 -5.8680981572598044e-05 -0.0070712840794652371 0.0046362024676457744 0.0037386142814470856 -0.00012047510204054911 -0.0051324384478928196 -0.00026176238307909684 -0.002097732551898135 -0.0017399486726804221 -0.0061092892844967061 -0.0042300062099634239 -0.0072761434591068356 -0.0028169689444348966
leaf_weight=6414 1722 213 1539 327 542 14634 588 2732 867 105851 215 247 1515 787 2377 4783 728 273 1722 662 302 4652 528 2237 663 263 265 871
leaf_count=6414 1722 213 1539 327 542 14634 588 2732 867 105851 215 247 1515 787 2377 4783 728 273 1722 662 302 4652 528 2237 663 263 265 871
internal_value=-5.43654e-05 6.06778e-05 -0.00200077 -0.000459155 0.000101268 0.000806509 0.00118755 -0.000964275 -1.31399e-05 2.47448e-05 -0.000718288 -0.000139352 -0.00137787 -0.000821679 -0.00212146 -0.000539452 -0.00236096 0.000268539 0.00207839 0.00290063 -0.00148727 0.000157721 -0.00305653 -0.00218426 -0.00484732 -0.00166278 -0.0088476 -0.00246003
internal_weight=158519 135106 2607 2129 132499 18496 15222 3274 114003 112265 23413 12471 10942 9538 4099 7299 2243 5056 2933 2384 549 5439 3643 2452 1191 1802 478 1738
internal_count=158519 135106 2607 2129 132499 18496 15222 3274 114003 112265 23413 12471 10942 9538 4099 7299 2243 5056 2933 2384 549 5439 3643 2452 1191 1802 478 1738
is_linear=0
shrinkage=0.02


Tree=51
num_leaves=31
num_cat=0
split_feature=21 52 14 43 41 0 48 70 48 53 46 46 70 53 54 50 53 53 54 53 70 49 49 49 71 68 68 38 57 51
split_gain=35.5746 26.0273 50.1576 44.0984 25.1069 23.9592 29.7358 49.3059 28.9624 25.1581 35.5464 21.1376 29.9864 55.3197 27.8876 25.9578 24.0241 30.639 29.4509 23.0349 34.0572 23.2418 20.7502 27.1321 19.4525 18.2618 16.9186 16.9093 17.3282 14.4281
threshold=0.037185415621559588 0.88789462569950384 0.038245371209544528 0.052023788456372573 0.015812652928534846 -0.030752027874483664 -0.016922482244753064 -0.87428300419726124 -0.0048001306608457242 0.013354032495242479 0.0067550141796695424 0.0071743398670720071 -1.0265983141434638 0.01699657074490438 0.56051988495789973 -0.016043637524030093 0.012316468289079114 0.01167017307635136 0.49930532939727962 0.015021465496596855 -0.62619287969492421 0.015048269411969241 0.028968767863052806 0.021388122741099028 -0.88123950918970373 -1.1556743394901245 0.47680025568288537 0.79539907195780202 0.29184111412805475 0.58732752360203355
decision_type=8 2 10 10 10 10 8 10 8 10 10 8 8 10 10 10 8 10 8 10 8 10 10 10 10 8 8 10 10 2
left_child=1 5 27 4 -4 9 7 -7 -8 10 -1 19 13 15 -15 -13 17 -14 -18 22 29 -22 23 -2 -5 -11 -24 28 -3 -21
right_child=11 2 3 24 -6 6 8 -9 -10 25 -12 12 16 14 -16 -17 18 -19 -20 20 21 -23 26 -25 -26 -27 -28 -29 -30 -31
leaf_value=-0.00079587031307725624 -0.00031295283581673323 0.0025212177010746329 0.0031740662420722088 0.006945916067032645 -0.002128282266602213 -0.0016019477914895476 0.00090362308945222784 -9.2456558818043431e-05 3.9089035132695952e-05 0.0051766709406624242 0.0069827722619616676 -0.0082026794572020757 0.00046334847367546911 0.0058716630473925092 -0.002126202203751747 -0.0027467893197726735 -0.001620610619771205 -0.0046948401140282457 -8.816050883993828e-05 0.0058194264301082302 -0.00097082618325867369 0.0036113241581021073 0.00042327258586529067 0.0026698802271866782 0.004326540819939626 -0.00015084919926261527 -0.0073100678761008212 -0.0037931031441279252 -0.0011384193359084722 0.0024478368971924793
leaf_weight=351 10724 590 441 225 359 4955 21077 36473 45984 776 892 393 545 261 349 594 6222 975 17487 269 1319 705 202 740 797 2649 294 519 484 343
leaf_count=351 10724 590 441 225 359 4955 21077 36473 45984 776 892 393 545 261 349 594 6222 975 17487 269 1319 705 202 740 797 2649 294 519 484 343
internal_value=3.27858e-06 0.000182186 0.00190222 0.00416786 0.000646692 0.000130243 6.98498e-05 -0.000351396 0.000330112 0.00153309 0.00396945 -0.000500157 -0.000833414 -0.00349061 0.00124059 -0.00641498 -0.000665002 -0.00310191 -0.000508562 0.000112215 0.00180432 0.000552099 -0.000260681 -8.70475e-05 0.00691887 0.000647402 -0.00426157 -0.000688833 0.000742326 0.00593475
internal_weight=157994 116572 3415 1822 800 113157 108489 41428 67061 4668 1243 41422 26826 1597 610 987 25229 1520 23709 14596 2636 2024 11960 11464 1022 3425 496 1593 1074 612
internal_count=157994 116572 3415 1822 800 113157 108489 41428 67061 4668 1243 41422 26826 1597 610 987 25229 1520 23709 14596 2636 2024 11960 11464 1022 3425 496 1593 1074 612
is_linear=0
shrinkage=0.02


Tree=52
num_leaves=23
num_cat=0
split_feature=32 57 44 21 18 44 7 48 6 13 49 20 78 40 54 34 44 72 49 0 49 67
split_gain=26.2907 28.4334 49.1526 25.4407 24.0061 22.4329 44.929 58.8641 25.1113 29.8675 22.4536 21.7822 21.7392 20.5592 19.7209 18.9335 15.3325 10.7598 9.58115 9.42187 9.75556 8.8889
threshold=0.32248815802103287 0.1484626119839734 0.10621104336596378 0.033678642021406253 69.806109588348562 -0.075688263751398963 0.011177008217003808 -0.10159603370202645 0.044824303988298765 -0.029676919790163677 -0.051527313067143581 0.0077203952812343055 2.0431510323838471 0.01464235174098105 0.47271490267061933 0.0005086655260127628 -1.0000000180025095e-35 -1.112835698002743 0.0052043558200318705 -0.014731506415680105 0.0039140287609791278 -0.21180377613173385
decision_type=10 10 10 10 10 10 10 8 10 10 10 10 10 10 10 10 8 10 8 10 10 10
left_child=3 -2 19 4 12 6 7 -5 10 -10 -7 -8 13 -1 -4 18 -17 -14 -6 -3 -21 -16
right_child=1 2 14 5 15 8 11 -9 9 -11 -12 -13 17 -15 21 16 -18 -19 -20 20 -22 -23
leaf_value=3.5731997716464405e-05 -0.0066112864945614726 -0.0048750727081671996 0.015917302433526844 -0.0072071797421309463 -0.00020439052160113499 0.0040816017282223546 0.0025764299364629643 -0.0018069506914970331 0.004038242437925145 -0.0060323922824156422 -0.00030007425535343761 -0.0012376373265133094 0.0014107715472290025 0.0021263481867440999 0.0077242885080504057 -0.0017691838433987212 0.00071054797127836325 -0.0017545423696698371 0.0023545402527441923 0.0048024207440762181 -0.000413193502347253 0.003109041795325299
leaf_weight=99043 252 252 257 511 342 559 683 1211 203 553 37188 1054 364 3065 231 774 7000 1640 1514 285 662 479
leaf_count=99043 252 252 257 511 342 559 683 1211 203 553 37188 1054 364 3065 231 774 7000 1640 1514 285 662 479
internal_value=1.36476e-05 0.00208268 0.00282326 -1.84837e-05 0.000136782 -0.000439387 -0.00198208 -0.00427046 -0.000300696 -0.00390753 -0.000228303 0.000286536 4.83897e-05 8.8905e-05 0.00617562 0.0010921 0.000658264 -0.00201397 0.00290684 0.000115 0.00103165 0.00444163
internal_weight=158122 2418 2166 155704 113742 41962 3459 1722 38503 756 37747 1737 104112 102108 967 9630 7774 2004 1856 1199 947 710
internal_count=158122 2418 2166 155704 113742 41962 3459 1722 38503 756 37747 1737 104112 102108 967 9630 7774 2004 1856 1199 947 710
is_linear=0
shrinkage=0.02


Tree=53
num_leaves=23
num_cat=0
split_feature=53 6 4 14 44 75 70 49 37 36 1 6 53 42 46 6 9 70 46 44 21 30
split_gain=33.7362 100.956 49.0175 84.2609 78.9778 44.1386 28.3622 35.4462 24.2975 21.6276 19.7592 20.9991 58.7333 34.3103 18.1906 16.795 14.4248 13.5144 13.0221 12.9432 11.8838 6.86349
threshold=0.020765565365582783 0.014693841438177422 -0.098078880474943439 -0.23094267080344202 0.023577336265103725 -1.344785324878137 -1.2872098570186516 -0.016455471070945579 0.21764196099539604 0.083661029127166289 0.085363297020447107 0.02132176916545157 0.020587870294827216 0.021683781789667237 0.0058836300152581992 0.035539605730817402 0.91808872669985819 0.96481955477245152 0.00695692575678013 0.095095081384704142 0.10816286132546606 0.58974512971827597
decision_type=10 8 10 8 10 8 8 10 10 10 10 10 10 10 10 10 10 10 10 8 8 8
left_child=6 9 5 17 -5 8 7 -1 -3 21 11 12 -8 -13 -9 -7 20 -4 -16 -18 -12 -2
right_child=1 2 3 4 -6 15 10 14 -10 -11 16 13 -14 -15 18 -17 19 -19 -20 -21 -22 -23
leaf_value=-0.0073141085000062288 -0.0028921301488430383 0.0023331711601158604 -0.0064602538437985605 -0.0029818012293241422 0.001561193461644472 0.0018369050380754083 1.0565160058487593e-05 -0.0048292834735734836 0.01462514474243894 -0.0074238000807982851 0.0044769593581282987 0.0017107891108213043 0.0052837667522616103 -0.00060616633761446568 0.0041562638174516406 -0.00052188118612365802 -0.0033219865771995549 -0.019045179701889854 -0.00077103561018290084 0.0014673214759126504 -0.001751979948636982 -0.0056738049183132737
leaf_weight=270 249 384 241 2474 2544 875 122325 272 328 209 381 14847 510 5894 206 2400 1764 206 903 309 454 203
leaf_count=270 249 384 241 2474 2544 875 122325 272 328 209 381 14847 510 5894 206 2400 1764 206 903 309 454 203
internal_value=4.92894e-07 -0.00111707 -0.000587961 -0.00181815 -0.00107551 0.00109779 7.68078e-05 -0.00252906 0.00560729 -0.00866767 0.000106209 0.000139284 3.98743e-05 0.000727895 -0.00122865 0.000115385 -0.00152561 -0.0101295 -8.82883e-05 -0.00241948 0.000691388 -0.0061766
internal_weight=158248 10113 9452 5465 5018 3987 148135 1651 712 661 146484 143576 122835 20741 1381 3275 2908 447 1109 2073 835 452
internal_count=158248 10113 9452 5465 5018 3987 148135 1651 712 661 146484 143576 122835 20741 1381 3275 2908 447 1109 2073 835 452
is_linear=0
shrinkage=0.02


Tree=54
num_leaves=29
num_cat=0
split_feature=67 52 54 54 71 43 14 44 49 69 69 44 54 52 36 54 52 10 44 49 54 43 41 42 10 44 52 71
split_gain=26.6688 29.7632 53.6777 60.1547 98.6852 50.475 37.8649 35.3569 27.4139 27.3834 26.225 43.4436 69.3535 52.4909 41.4508 35.491 30.4387 26.8657 55.4289 33.9804 27.2647 25.7259 24.4641 20.0287 39.2095 38.8595 19.8743 13.2802
threshold=0.28887471056934516 0.60896649527140501 0.57574035584699446 0.58494661542087945 -0.099004121993508956 -0.007612246225408458 -0.024294551181667731 -0.075688263751398963 0.021388122741099028 0.32755024262571703 0.55710101671475998 0.00083594828880284588 0.62375871770079272 0.61652236652236658 -0.05789294160452179 0.63590306021311716 0.78622612810545889 1.5722848006459023 0.077141816382879549 0.012914346934029821 0.49113377878025627 0.0073321885165054121 0.048511159025292468 0.0065141001082833503 0.045295057942701285 0.045102001367255513 0.61049359953642746 -1.0219683983042211
decision_type=8 2 8 8 10 10 10 8 10 8 10 10 10 2 10 10 2 10 10 10 10 10 10 10 8 10 2 10
left_child=10 2 6 4 -4 9 21 -5 -8 -3 17 13 14 27 -13 -15 -14 23 20 -20 -19 -2 26 25 -25 -1 -7 -12
right_child=1 5 3 7 -6 22 8 -9 -10 -11 11 12 16 15 -16 -17 -18 18 19 -21 -22 -23 -24 24 -26 -27 -28 -29
leaf_value=-6.8365309146398155e-06 -3.9174203098301036e-05 -0.0010134616561770229 -0.0071686219978158864 -0.001997691743408254 0.0019504009743708196 -0.0050337034342881129 0.0012796634440897952 0.00029815021013740868 0.0068826665030324499 -0.0083199216817122952 -0.0025709253607964235 -0.0033846407101749154 0.0003865355508314638 0.00033050457743206361 0.0013996624146703296 -0.0058755029435333386 0.0069503478006386066 0.00095501400052697984 -0.0060239692116068472 0.00038953809854207433 0.004666267761380417 -0.0038504881594677806 -0.0061681603985999679 0.0031919508184682045 9.1214766709603545e-05 -0.0012425065232864593 -0.00051574679907098275 0.00077498382228686233
leaf_weight=24827 1671 244 884 1983 508 284 11311 6701 237 322 202 1021 223 224 10582 472 587 3079 857 1175 3042 671 236 1069 41070 10965 31238 2297
leaf_count=24827 1671 244 884 1983 508 284 11311 6701 237 322 202 1021 223 224 10582 472 587 3079 857 1175 3042 671 236 1069 41070 10965 31238 2297
internal_value=-3.79661e-05 -0.000387238 0.000146785 -0.000964374 -0.00482268 -0.000783233 0.000952991 -0.000345193 0.00142333 -0.00669841 0.00015535 0.000909603 0.00144498 -0.00116959 0.00104947 -0.00602296 0.00709988 1.8563e-05 0.00111087 -0.00175012 0.00206109 -0.00136492 -0.00067754 -9.56988e-05 0.000199763 -0.000443606 -0.000629318 0.0001832
internal_weight=157982 56290 23966 10076 1392 32324 13890 8684 11548 566 101692 15608 12413 3195 11603 696 810 86084 8153 2032 6121 2342 31758 77931 42139 35792 31522 2499
internal_count=157982 56290 23966 10076 1392 32324 13890 8684 11548 566 101692 15608 12413 3195 11603 696 810 86084 8153 2032 6121 2342 31758 77931 42139 35792 31522 2499
is_linear=0
shrinkage=0.02


Tree=55
num_leaves=28
num_cat=0
split_feature=19 41 0 48 10 43 6 54 4 54 48 48 54 63 15 53 48 54 6 8 17 52 38 60 31 46 29
split_gain=26.0724 44.7379 23.4115 24.0338 46.4332 38.6196 35.6143 81.6654 28.9496 26.4839 22.7724 49.9525 23.7398 20.0904 18.4541 17.9715 24.6419 16.9454 16.4839 15.0517 13.5356 13.2197 22.2659 12.0298 11.3111 10.0367 8.67731
threshold=1.854802337551116 0.028528385788799796 -0.029326747886427026 -0.016922482244753064 1.6420038370577512 0.051227617896574269 0.011260629113789019 0.58660421393364059 0.3671976892057553 0.56259977919063331 -0.022927011131925908 -0.063597867329977617 0.587880671588347 0.43098010997699193 0.066439227821046956 0.011715771146900563 -0.026276030214027298 0.5702764717114347 0.01162452924073479 0.0084608368552773327 0.39448433026758117 0.87837381916329293 0.64596347848543723 0.90185970260127835 -0.024379849524393867 0.004401737976555682 4.6271082503934577
decision_type=8 10 10 10 10 10 10 10 10 10 8 10 10 10 10 8 10 8 8 10 2 2 8 10 10 10 10
left_child=2 15 10 4 8 -6 7 -5 -4 -8 11 23 17 -13 18 16 -2 -12 -3 -20 -16 22 -17 -1 -23 -18 -22
right_child=1 14 3 6 5 -7 9 -9 -10 -11 12 13 -14 -15 20 21 25 -19 19 -21 26 24 -24 -25 -26 -27 -28
leaf_value=0.0010960022396081601 -0.0031556195977926393 -0.0031401731567149245 -0.00041766895657422017 0.00098382478436047317 0.0033104310444340337 -0.0036379566468194868 -0.00028928306892743964 -0.0040575990684166884 0.0042270917093339714 0.00084705764046427321 -0.00057958615018178193 0.0076928584079992658 0.006368742588040586 0.0010105653220259822 -0.0012813421977163105 -0.002788306651362807 0.003100789097266814 -0.0078718799079922526 0.0026290965730172513 -0.002675342004731514 -0.0030609453118843602 0.00016298416993090279 -0.00044793371601192539 -0.0025069768375430589 0.0033118806923645985 0.00086177570560951337 -0.0065843520611517728
leaf_weight=1908 258 332 57792 21324 3459 380 39247 876 714 10380 1592 1246 235 454 267 1173 762 202 316 445 211 610 11395 488 310 1114 435
leaf_count=1908 258 332 57792 21324 3459 380 39247 876 714 10380 1592 1246 235 454 267 1173 762 202 316 445 211 610 11395 488 310 1114 435
internal_value=-3.0508e-05 -0.00075546 6.05711e-05 5.3513e-06 -0.000281943 0.00184844 0.000254747 0.000920589 -0.000421796 -4.30805e-05 0.00126967 0.0021279 -0.000462069 0.00474897 -0.00356652 -0.000394162 0.00131054 -0.0012468 -0.00180804 -0.000181102 -0.00566521 -0.000664097 -0.000833638 0.000266166 0.00164821 0.00210868 -0.00723029
internal_weight=157925 17628 140297 134172 62345 3839 71827 22200 58506 49627 6125 4096 2029 1700 2006 15622 2134 1794 1093 761 913 13488 12568 2396 920 1876 646
internal_count=157925 17628 140297 134172 62345 3839 71827 22200 58506 49627 6125 4096 2029 1700 2006 15622 2134 1794 1093 761 913 13488 12568 2396 920 1876 646
is_linear=0
shrinkage=0.02


Tree=56
num_leaves=24
num_cat=0
split_feature=28 50 54 5 60 32 44 69 44 69 53 20 48 45 33 10 54 54 49 33 54 58 0
split_gain=29.7647 49.4675 36.551 75.6748 41.0805 27.1908 34.4085 37.2419 32.0484 38.5961 26.864 26.2909 23.9677 22.1243 25.0341 20.8296 17.5829 15.4764 12.8914 12.1684 11.0794 7.97 7.12552
threshold=-0.26959219551997288 0.059727836157396082 0.77040262719322461 0.024599495354138533 0.67894769528321575 0.21128794183495972 0.10184825530283161 -0.099108480855341644 0.12547976713689837 -0.22431731091258114 0.020765565365582783 0.0084701552263334329 -0.13097378583812033 0.017937755590757574 -0.23223497026441389 1.2279828513933919 0.61427097050822732 0.58494661542087945 -0.015757479479800437 0.059750163216026324 0.66360895024911692 0.65064131844841133 -0.011842688286102519
decision_type=8 10 10 10 8 10 10 8 10 8 10 10 10 10 10 10 10 10 10 10 10 10 10
left_child=1 13 5 12 11 8 18 -8 10 -10 -2 -5 -4 16 22 -16 17 -1 -7 -14 -18 -6 -15
right_child=2 -3 3 4 21 6 7 -9 9 -11 -12 -13 19 14 15 -17 20 -19 -20 -21 -22 -23 -24
leaf_value=0.0032464866021148422 1.882767365637597e-05 0.012505698614288324 -0.0022755475443487615 0.00021517475069407683 0.0013764569255316267 0.0038730756911769838 -0.00068175859662515258 0.0045844671729040921 -0.0032353266786835934 3.149848924191097e-05 -0.0014416783191751592 -0.0032856396377389419 -0.0048411148071385223 0.003828721241246395 0.00054920871876244857 -0.0044946869616914638 0.011626516145486676 -0.0041376017106381831 -0.00029565536220984336 -0.0086562372561830928 0.0029433382296641785 0.0056990900860170845 0.00037273957619909053
leaf_weight=1083 135782 201 233 865 212 540 921 2150 2330 2486 3198 831 224 354 456 550 367 206 4110 211 232 296 262
leaf_count=1083 135782 201 233 865 212 540 921 2150 2330 2486 3198 831 224 354 456 550 367 206 4110 211 232 296 262
internal_value=-1.92156e-05 0.00175054 -6.17786e-05 -0.00229655 -0.000507029 -1.93904e-05 0.00113675 0.0027793 -8.14899e-05 -0.00168528 -2.58884e-05 -0.00200236 -0.00818834 0.00119567 -0.000516328 -0.00246077 0.00266702 0.00134729 5.11718e-05 -0.0109587 0.00549667 0.00447544 0.00265478
internal_weight=158100 3711 154389 2872 2204 151517 7721 3071 143796 4816 138980 1696 668 3510 1622 1006 1888 1289 4650 435 599 508 616
internal_count=158100 3711 154389 2872 2204 151517 7721 3071 143796 4816 138980 1696 668 3510 1622 1006 1888 1289 4650 435 599 508 616
is_linear=0
shrinkage=0.02


Tree=57
num_leaves=23
num_cat=0
split_feature=70 44 57 48 48 48 45 5 23 44 50 6 42 45 48 29 69 53 69 18 60 43
split_gain=27.891 34.6516 22.6742 46.349 43.9661 71.1337 50.812 39.7503 38.4609 32.6479 28.027 23.5532 20.7135 19.5618 30.9542 18.9851 18.3843 18.1493 16.4363 13.4778 12.5384 8.37875
threshold=-1.241716599153516 0.03475704651216039 0.80084301602529939 -0.10872555099910929 -0.025758632796409938 -0.022691909509444438 0.0054444848819808498 0.028802373773296565 0.10698204024517956 0.090415656457718221 0.029231513558577785 0.070717937891513788 0.051307544087216723 0.018619033743462497 -0.078026185014830704 -0.87270358850217267 -0.79839274835247409 0.01491448285162471 -0.30063613924749849 55.425990987832364 0.53949969076668258 0.023863586788772543
decision_type=8 10 10 10 10 10 10 10 10 10 8 10 10 10 8 10 8 10 8 10 10 10
left_child=1 13 8 7 6 -6 -5 15 11 10 -10 12 -2 14 -1 -4 -11 -16 19 -3 -9 -20
right_child=2 18 3 4 5 -7 -8 20 9 16 -12 -13 -14 -15 17 -17 -18 -19 21 -21 -22 -23
leaf_value=-0.0073798132113081488 2.0560150194743923e-05 -0.00403449980486199 -0.0022240603575307137 0.0069886918763453695 -0.0050238198929285337 0.00045616074968099301 0.0015472266062866418 -0.0018386117750742357 -0.0019836938799351815 -0.016164689359334333 0.0013525541403112476 0.01051131361208462 -0.0012269721871725151 0.0011904019386658104 -0.0036705005232013344 -0.007372726421821043 -0.0036422889694284191 0.0015532649196672826 0.0033936231276906047 0.00079006604508995604 0.0022082073585839449 4.6660572232547219e-06
leaf_weight=277 117627 270 236 547 907 19141 7398 402 2453 221 1303 337 3710 219 639 304 534 204 356 219 293 303
leaf_count=277 117627 270 236 547 907 19141 7398 402 2453 221 1303 337 3710 219 639 304 534 204 356 219 293 303
internal_value=3.53386e-06 -0.00209727 3.71781e-05 0.000539122 0.000706509 0.000207392 0.00196552 -0.00325081 -7.90737e-05 -0.00189229 -0.00112803 -1.18184e-05 -2.6521e-05 -0.00428209 -0.00535058 -0.00731608 -0.00568519 -0.00343365 0.000450827 -0.00232245 -8.33333e-05 0.00251212
internal_weight=157900 2487 155413 29228 27993 20048 7945 1235 126185 4511 3756 121674 121337 1339 1120 540 755 843 1148 489 695 659
internal_count=157900 2487 155413 29228 27993 20048 7945 1235 126185 4511 3756 121674 121337 1339 1120 540 755 843 1148 489 695 659
is_linear=0
shrinkage=0.02


Tree=58
num_leaves=29
num_cat=0
split_feature=23 70 54 54 10 44 57 44 46 7 57 0 41 53 49 48 10 6 6 53 44 53 0 30 55 63 20 63
split_gain=31.8406 25.1895 28.6363 68.9931 29.9747 26.682 27.5706 33.9378 25.6032 24.8075 24.3142 21.1393 36.6643 32.6205 28.5833 21.9748 50.1603 32.9672 21.0514 34.242 20.6414 18.1858 15.1762 11.2435 6.39065 7.46214 8.47014 7.77624
threshold=0.06454420755927949 -0.21034500364453104 0.57254031279556139 0.58346620426428608 0.60805617171744752 0.074697451810853868 0.1760937927262784 0.12547976713689837 0.0099683924846339905 0.020650684070177044 0.97870072131742514 -0.029326747886427026 -0.0060703055992172841 0.013591519621708337 0.017568545295339914 -0.016922482244753064 1.6263409183197941 0.010723042435764683 0.014579438710613997 0.017784369646342692 -0.075688263751398963 0.013274039778804187 -0.00099955242933524847 0.4771339095420295 0.15287940201084385 0.47070918388910027 -0.0061643420432909704 0.64180649547294599
decision_type=10 10 8 8 8 10 8 10 10 10 10 8 8 8 10 10 10 10 10 10 10 10 10 10 10 10 10 10
left_child=10 2 18 4 -4 9 8 -8 -7 21 11 12 13 -1 -14 16 -13 -17 19 -2 -5 -3 -20 -11 -12 26 -26 -27
right_child=1 5 3 20 -6 6 7 -9 -10 23 24 15 14 -15 -16 17 -18 -19 22 -21 -22 -23 -24 -25 25 27 -28 -29
leaf_value=0.0061779663453833365 -0.00039937488867309429 -0.0013841538620764479 -0.017057248878021097 -0.0032740279059947064 -0.0044597409820444738 -0.0027752082000331835 -0.0028796248087166625 0.0027269018802683989 -0.014671405349261799 0.0098622897901946768 0.010682390522028674 -0.00036784940182031824 -0.0018574129731409662 0.0015154935082753696 0.003974910350009183 0.00075877914801497832 0.0024572030080150598 -2.5247020471981502e-05 0.00031529212628722466 0.0051764216254833306 -0.00043434877527171373 0.00064628596217561004 -0.0032228366672197029 0.0021377606131076331 0.0037167563578880004 0.0048363975519375262 -0.0045575414210229179 0.0021878740496118461
leaf_weight=940 2276 3249 242 854 230 219 2313 688 227 251 221 54558 1716 2289 519 21199 3274 50494 349 377 1606 7274 949 357 278 295 210 649
leaf_count=940 2276 3249 242 854 230 219 2313 688 227 251 221 54558 1716 2289 519 21199 3274 50494 349 377 1606 7274 949 357 278 295 210 649
internal_value=-2.08597e-05 -0.000737024 -0.00173417 -0.0032315 -0.0102283 -0.000265999 -0.00180336 -0.00111193 -0.00643848 0.000210025 9.1611e-05 6.20639e-05 0.00128051 0.00264334 -0.000687835 1.06388e-05 -0.000279391 0.000244623 -0.000621964 0.000398644 -0.0018846 -1.69137e-05 -0.00270824 0.00413465 0.00250181 0.00200837 0 0.0030455
internal_weight=158103 21461 6883 2932 472 14578 3447 3001 446 11131 136642 134989 5464 3229 2235 129525 57832 71693 3951 2653 2460 10523 1298 608 1653 1432 488 944
internal_count=158103 21461 6883 2932 472 14578 3447 3001 446 11131 136642 134989 5464 3229 2235 129525 57832 71693 3951 2653 2460 10523 1298 608 1653 1432 488 944
is_linear=0
shrinkage=0.02


Tree=59
num_leaves=24
num_cat=0
split_feature=70 43 12 57 44 5 45 44 44 29 41 43 35 32 14 41 53 14 44 73 51 78 41
split_gain=26.5691 41.1063 21.4623 25.8588 58.243 32.9233 27.916 55.001 28.5452 20.4812 19.8911 19.3441 35.1784 33.4825 28.4792 27.3991 22.2998 19.1961 16.1053 17.9032 15.026 10.3804 9.5895
threshold=-1.241716599153516 0.0050476658670425287 0.061082383081305654 0.15628345824411136 0.16428366975657974 0.024599495354138533 0.0087470329669051428 0.10184825530283161 0.088922979275522854 4.1422521362742151 -0.013300256510939577 0.052023788456372573 -0.078541282918917835 -0.22414534929242738 -0.30180256036345432 0.013469990212482854 0.020765565365582783 -0.16307496199048008 0.031611726717768136 0.17924234884880549 0.74472235583346713 -1.0487173721201981 0.01208870183122557
decision_type=8 10 10 10 10 10 10 10 10 10 10 10 8 8 10 10 10 10 10 10 2 10 10
left_child=1 9 11 4 5 -4 8 -8 -5 10 -1 13 17 14 -2 -14 -15 -13 22 20 -20 -12 -3
right_child=2 18 3 6 -6 -7 7 -9 -10 -11 21 12 15 16 -16 -17 -18 -19 19 -21 -22 -23 -24
leaf_value=-0.006598253640270179 0.0097875984422611233 -4.4980908370490304e-05 -0.0020742445331892105 0.00054513775414880494 -0.015321319697071513 0.0024638829107637181 -0.0014454592720649913 0.0023775734161156333 -0.00097417360866674802 -0.0065159671479730662 0.0015837482823009342 -0.0050788216933206776 0.0033496842498429991 0.00010751545641321925 0.00077402315689140263 0.00067073820323767109 -0.0010841486818145582 0.00034120673250759021 -0.0022601964722399636 0.0036960720669323324 0.0025828526029536298 -0.0024847028726625699 -0.0027861755559334947
leaf_weight=302 431 265 3293 16126 200 1250 8816 1126 4429 285 272 528 1955 108531 450 2570 4721 1180 403 280 230 235 211
leaf_count=302 431 265 3293 16126 200 1250 8816 1126 4429 285 272 528 1955 108531 450 2570 4721 1180 403 280 230 235 211
internal_value=-1.63072e-05 -0.00206844 1.64388e-05 -0.000417639 -0.00179132 -0.00132438 -0.000203882 -0.00107392 0.000216871 -0.00496621 -0.00333086 0.000143544 0.00122842 8.42694e-05 0.00396599 0.00215157 5.40206e-05 -0.00121592 0.000214388 0.00177024 -9.14826e-05 -0.000901575 -0.0027631
internal_weight=158089 2483 155606 35240 4743 4543 30497 9942 20555 1094 809 120366 6233 114133 881 4525 113252 1708 1389 913 633 507 476
internal_count=158089 2483 155606 35240 4743 4543 30497 9942 20555 1094 809 120366 6233 114133 881 4525 113252 1708 1389 913 633 507 476
is_linear=0
shrinkage=0.02


Tree=60
num_leaves=29
num_cat=0
split_feature=0 42 42 42 42 53 63 44 8 69 22 58 44 10 42 0 19 55 38 5 42 38 31 53 52 66 4 2
split_gain=26.0071 24.4798 28.6863 30.7184 21.9883 19.9081 70.89 90.8634 69.0121 48.88 42.1498 22.3177 20.8246 82.1898 47.3573 40.062 25.0076 24.5393 19.6328 19.1131 17.2494 21.2866 16.1005 15.6602 20.2 9.43681 13.2535 8.47476
threshold=-0.032352893925710217 -0.013460359965383471 0.006426145628502967 0.0025663433334067736 -0.0015008942554547431 0.020765565365582783 0.41511363197901002 0.17681011985472364 0.014184913055991474 0.073887704227472553 -0.26904074231415309 0.21820107858243454 0.12547976713689837 0.86790846277112832 0.022983896594878764 -0.0091448777552459153 -2.0749525820807442 0.47549497410904668 0.95082821526577599 0.0082493081886840774 -0.027812411749075224 1.3180601596669683 0.025484369303918567 0.01303427072868288 0.685349178277186 0.45530185089084935 -0.10975174314112422 -0.09968936292388085
decision_type=8 8 10 8 10 10 10 10 10 8 10 10 10 8 10 10 8 8 8 10 10 8 10 10 2 10 10 10
left_child=1 20 3 4 -3 12 9 8 -8 10 -7 -9 16 14 -14 -15 19 -18 -11 -2 25 22 -22 -4 -25 27 -27 -1
right_child=5 2 23 -5 -6 6 7 11 -10 18 -12 -13 13 15 -16 -17 17 -19 -20 -21 21 -23 -24 24 -26 26 -28 -29
leaf_value=0.0011152272460368635 -0.0032355727292707444 -0.0025160487971965712 -0.0031814972154852557 -0.0071652069604038228 0.0047110843653985551 0.0080297619057452061 -0.0044201077295207662 0.0059623007282148732 -0.0013795158651558166 0.0092616889000010534 -0.00058922284595174694 0.0012095486100652494 -0.0058116989129348741 0.0044610010793727688 -0.00073608330275012435 -0.00063302506378737204 0.00037029206053836787 -0.00013825097061082161 0.003589508739235461 -0.00072046946221815151 0.0046970668258399031 -0.0010134716562404235 0.010625564026340665 -0.00010494059734131665 0.0069170637704471603 0.0025564963994443406 -0.0017634658268685739 0.0049915423931121963
leaf_weight=300 588 660 215 238 264 403 1607 286 2999 248 2601 585 1049 757 718 2287 60110 74387 336 4350 601 221 328 455 600 441 368 266
leaf_count=300 588 660 215 238 264 403 1607 286 2999 248 2601 585 1049 757 718 2287 60110 74387 336 4350 601 221 328 455 600 441 368 266
internal_value=-2.62717e-05 0.00139935 -3.20592e-05 -0.00230267 -0.000646486 -7.23883e-05 -0.000981469 -0.00241292 -0.00353332 0.00120312 0.000172379 0.00350688 -1.52378e-05 -0.00130881 -0.00473869 0.00068243 2.93898e-05 8.07298e-05 0.00649231 -0.00136829 0.00277831 0.00458558 0.00591183 0.00204406 0.00304735 0.00126308 -0.000120988 0.00324162
internal_weight=158268 4957 2432 1162 924 153311 9065 5477 4606 3588 3004 871 144246 4811 1767 3044 139435 134497 584 4938 2525 1150 929 1270 1055 1375 809 566
internal_count=158268 4957 2432 1162 924 153311 9065 5477 4606 3588 3004 871 144246 4811 1767 3044 139435 134497 584 4938 2525 1150 929 1270 1055 1375 809 566
is_linear=0
shrinkage=0.02


Tree=61
num_leaves=24
num_cat=0
split_feature=32 44 14 33 44 41 5 45 46 6 22 19 54 20 45 75 52 2 60 5 24 25 0
split_gain=25.1595 35.8469 52.6982 27.5474 27.6368 39.9221 30.2034 27.5863 24.0155 21.6973 40.3541 22.9722 22.3395 36.0932 22.5656 18.5783 13.4241 12.0611 10.8666 10.7058 9.21464 8.72529 7.7846
threshold=0.32248815802103287 0.10410281038812709 -0.1354018896635171 0.14736143059389165 0.052077593170707377 0.03250192359728566 0.038688116032106652 0.011870476064088519 0.0072975865181117922 0.035539605730817402 -0.26904074231415309 1.8728386368326724 0.64237726703965958 0.026897977200284643 0.0035438037172831663 -0.11739547055530848 0.58787244833269947 0.037939719406311363 0.8281247965415317 0.016407486585644348 -0.49049693620158397 -0.61293610445605318 0.0023825597375276568
decision_type=10 10 8 8 8 10 10 10 10 10 10 10 10 10 10 10 2 10 8 10 8 10 10
left_child=3 17 -3 9 6 8 7 -5 -6 12 16 -12 14 -14 -1 -4 -11 20 -8 -7 -2 -17 -19
right_child=1 2 15 4 5 19 18 -9 -10 10 11 -13 13 -15 -16 21 -18 22 -20 -21 -22 -23 -24
leaf_value=0.00087744540016715974 0.0052067795677757031 -0.0057771447110270737 0.018173540968153861 -0.0013775322200117695 0.00052141305578253644 0.0073293857467867833 0.00051703430191495103 -0.0039475353090581223 -0.0017425345086082191 0.0010885879612733162 -0.0013053192610763718 -0.0058633585943855494 0.0014017255447907751 -0.0015218920745978686 -3.4820830059656313e-05 0.0085403993075442216 0.0095239863306122458 -0.010073650067509403 0.011559428477106401 0.0022998122920817269 -0.0011989746738341235 0.0040821081676949136 -0.00076536599071904494
leaf_weight=9616 326 262 233 5285 4150 213 408 1129 2731 401 4707 405 7742 1488 116726 224 378 205 204 223 389 446 300
leaf_count=9616 326 262 233 5285 4150 213 408 1129 2731 401 4707 405 7742 1488 116726 224 378 205 204 223 389 446 300
internal_value=-2.13664e-06 0.00203604 0.00454374 -3.33618e-05 -0.000868516 -7.92566e-06 -0.00176434 -0.0021696 -0.000380413 5.13063e-05 -0.0011368 -0.0017833 0.000102956 0.00105276 3.35436e-05 0.00683407 0.0031 -0.000358722 0.00247635 0.00585355 0.00131006 0.0051237 -0.00272332
internal_weight=158191 2385 1165 155806 14343 7317 7026 6414 6881 141463 5891 5112 135572 9230 126342 903 779 1220 612 436 715 670 505
internal_count=158191 2385 1165 155806 14343 7317 7026 6414 6881 141463 5891 5112 135572 9230 126342 903 779 1220 612 436 715 670 505
is_linear=0
shrinkage=0.02


Tree=62
num_leaves=24
num_cat=0
split_feature=23 4 44 14 70 44 69 48 42 24 28 46 7 50 69 52 33 41 50 45 76 68 45
split_gain=24.2562 25.4398 38.4789 28.9404 23.5931 26.3381 30.115 20.5649 21.7609 19.8296 19.5515 49.0446 57.5869 32.4937 21.6587 19.0731 13.8361 13.8175 14.524 11.4578 10.7553 7.74222 7.72792
threshold=0.10698204024517956 0.39506149335626056 0.10410281038812709 -0.0073867098425850477 -0.18269737570846276 0.079007416911976783 -0.78669058755359289 -1.0000000180025095e-35 -0.025894024949437818 -0.25396239000876303 -0.28321165145207372 0.034133759215293408 0.011338228397282853 0.058485253001054012 -0.3355812653618811 0.68986766234201624 0.07426752985403362 -0.026317007292669111 0.0033175790341267723 0.014715583376067634 -0.51859325426102121 1.8151456268563282 0.0071249450247840183
decision_type=10 10 10 10 10 10 8 10 10 10 8 10 10 10 10 2 10 10 8 10 8 10 10
left_child=1 10 22 -4 9 7 -7 8 -6 20 13 14 -13 19 -12 -8 -9 -11 -19 -1 -2 -5 -3
right_child=4 2 3 21 5 6 15 16 -10 17 11 12 -14 -15 -16 -17 -18 18 -20 -21 -22 -23 -24
leaf_value=0.003459769601463021 -0.0031334448784668392 -0.0029512533093540823 -0.0002323886079902142 0.010166039817399986 0.0029244372838506667 -0.011827703682442729 0.0041548367765718679 -0.0012690029847522493 -0.00094303817626048222 -0.0064699148364140901 -0.0002698423059541649 -0.0060063982718329594 -0.0011497997992705861 0.0083334629010395449 0.00020878197648130966 -0.0033508160379089654 0.0047094893961634214 -5.2289177346739603e-05 -0.0034664775071224121 -0.00018504501761211489 0.00092306203788208169 0.009367603070085901 0.0012770786122852287
leaf_weight=1264 331 395 217 304 581 254 224 206 3813 274 59540 418 1843 277 83479 1121 654 290 393 1469 385 215 246
leaf_count=1264 331 395 217 304 581 254 224 206 3813 274 59540 418 1843 277 83479 1121 654 290 393 1469 385 215 246
internal_value=-2.23649e-05 3.67346e-05 0.00274165 0.00585889 -0.00105993 -0.000539539 -0.00278625 0.000144244 -0.000409101 -0.00318877 1.15853e-05 -2.14619e-05 -0.00294341 0.00160678 2.47378e-05 -0.00158841 0.00297096 -0.00507098 -0.00353509 0.000942941 -0.000666667 0.00841923 -0.000838006
internal_weight=158193 149667 1377 736 8526 6853 1599 5254 4394 1673 148290 145280 2261 3010 143019 1345 860 957 683 2733 716 519 641
internal_count=158193 149667 1377 736 8526 6853 1599 5254 4394 1673 148290 145280 2261 3010 143019 1345 860 957 683 2733 716 519 641
is_linear=0
shrinkage=0.02


Tree=63
num_leaves=24
num_cat=0
split_feature=23 57 4 6 46 7 54 50 41 32 52 70 71 50 0 72 49 57 47 1 49 21 49
split_gain=22.9593 23.9592 22.7833 26.9837 41.5014 56.5403 32.2442 25.9883 19.3768 22.9022 18.745 18.1553 15.6764 23.818 11.0164 10.6652 13.1867 12.5937 13.2488 9.42046 9.35451 9.06217 8.82749
threshold=0.10698204024517956 0.83987628443480611 0.39506149335626056 0.060421662430625224 0.034133759215293408 0.010490895371915105 0.71095035651356697 0.039109424865627636 0.037059986027802368 -0.41652695850675203 0.7328639678149359 -0.80661376240909255 0.18014448319653675 0.049195567492122512 0.008191950690325191 0.92550057855257961 0.0087090309757040813 0.95933218432826739 -0.062196129129436388 0.069965006072775462 -0.013039565727314404 0.034365569101207812 -0.0011773411185100888
decision_type=10 10 10 10 10 10 10 10 10 8 2 10 10 10 10 10 10 10 10 10 10 10 10
left_child=2 8 3 4 6 -6 -1 21 9 -2 14 -11 -9 -14 -5 17 22 18 -3 -18 -19 -4 -17
right_child=1 15 7 10 5 -7 -8 12 -10 11 -12 -13 13 -15 -16 16 19 20 -20 -21 -22 -23 -24
leaf_value=-2.7361942392091498e-07 0.0076664714341084655 0.001134729087261708 -0.0030774155502588576 0.0061813093654474295 -0.0062918150486231386 -0.0010521850613166548 0.002393351035503827 0.0071524498035150817 -0.0061320781274504174 -0.004226411149121756 0.0092548401263850468 -0.0014797154875161034 0.010365662584590285 -0.0013258804564684386 -0.0022536304502125855 0.0019394202192954933 0.007913992817825349 0.006576344121393878 -0.0026386001309683773 0.00072925220618199227 0.00026684580405287261 0.0019576420145086472 -0.0050360790196387461
leaf_weight=141819 211 378 289 268 328 2477 2666 230 294 237 276 4196 250 240 200 231 365 208 1138 241 869 323 211
leaf_count=141819 211 378 289 268 328 2477 2666 230 294 237 276 4196 250 240 200 231 365 208 1138 241 869 323 211
internal_value=-2.16403e-05 -0.00102774 3.61392e-05 1.26862e-05 -6.50413e-06 -0.00241554 4.02669e-05 0.00263916 -0.00193521 -0.00161851 0.0038094 -0.00192558 0.00521221 0.00317312 0.00136034 0.000202636 0.00190467 -0.000484965 -0.00165985 0.00381878 0.00116698 -0.000388254 -0.000717833
internal_weight=157945 8579 149366 148034 147290 2805 144485 1332 4938 4644 744 4433 720 490 468 3641 1048 2593 1516 606 1077 612 442
internal_count=157945 8579 149366 148034 147290 2805 144485 1332 4938 4644 744 4433 720 490 468 3641 1048 2593 1516 606 1077 612 442
is_linear=0
shrinkage=0.02


Tree=64
num_leaves=25
num_cat=0
split_feature=63 44 54 54 14 72 41 45 71 41 14 44 45 45 6 54 45 6 43 10 20 54 44 44
split_gain=19.7305 42.9365 48.7859 66.7947 47.7025 44.0352 41.2289 56.554 64.0656 63.8209 31.5292 36.072 31.2635 31.1406 37.1413 37.9946 33.2737 37.7213 30.7011 28.8894 27.1836 21.7355 18.4449 13.5713
threshold=0.27987496043051602 0.21061477256694075 0.57574035584699446 0.58346620426428608 -0.23094267080344202 -0.107227819344623 0.028528385788799796 0.011930488655915996 -0.016778178181616272 0.088523666631280654 -0.056202152577605184 0.025403912297903179 0.018188477923048129 0.0044089162664877014 0.011157508621425458 0.26539192099006792 0.014293726911723694 0.013743538583391135 0.057675054860674375 0.29619961437496095 0.081329948514468411 0.60896247536607773 0.083205026635764803 -0.0050596978341691514
decision_type=8 8 10 10 8 10 10 10 8 10 8 10 10 8 10 10 10 8 10 8 10 10 10 10
left_child=1 2 10 5 -3 -4 13 19 9 -9 23 -12 -5 14 15 -2 18 -18 -15 -8 -10 -21 -16 -1
right_child=6 4 3 12 -6 -7 7 8 20 -11 11 -13 -14 16 22 -17 17 -19 -20 21 -22 -23 -24 -25
leaf_value=0.0012062380045292339 -0.0020963675515908208 -0.014610598885064273 0.00014521164000131682 0.0014901605419982318 0.00042068207111927022 0.0086898603818607988 0.0083381020691176561 -0.0048548414811643015 0.002141959734184181 0.0011556952782443238 -0.0013435026878964313 0.00093418001935471385 -0.0015443758535497588 -0.00035054800494191873 0.00013689509214868492 0.0016059122121409098 0.0035760605282385482 0.0004521540445342036 0.00099433260505464539 -0.00097365100103824769 -0.0053687312305193257 0.0017558439892458588 -0.0027373869916685967 -0.001221650835344252
leaf_weight=1412 966 213 458 8996 214 1134 245 1923 796 419 3441 16357 1628 74509 8914 8756 1325 6143 5355 3371 203 1064 1339 8963
leaf_count=1412 966 213 458 8996 214 1134 245 1923 796 419 3441 16357 1628 74509 8914 8756 1325 6143 5355 3371 203 1064 1339 8963
internal_value=6.05773e-06 0.000372702 0.000436377 0.00150266 -0.00592991 0.00532203 -0.000130045 -0.00151309 -0.0035003 -0.00530858 4.57347e-06 0.00047265 0.000929694 -2.66336e-05 0.000685723 0.00157133 -0.000189596 0.00108689 -0.000308996 -9.35698e-05 0.000738 -0.000463931 -0.000153891 -0.000888396
internal_weight=158144 42816 42389 12216 427 1592 115328 8021 3341 2342 30173 19798 10624 107307 19975 9722 87332 7468 79864 4680 999 4435 10253 10375
internal_count=158144 42816 42389 12216 427 1592 115328 8021 3341 2342 30173 19798 10624 107307 19975 9722 87332 7468 79864 4680 999 4435 10253 10375
is_linear=0
shrinkage=0.02


Tree=65
num_leaves=30
num_cat=0
split_feature=45 7 46 59 43 63 48 7 52 52 59 60 10 45 33 0 54 54 60 43 57 51 4 44 9 43 46 52 18
split_gain=24.6728 45.2429 49.5332 55.1496 37.9347 35.3991 56.9729 75.3669 69.6823 66.8306 40.8214 33.3795 33.1348 31.4165 30.8122 27.3891 25.5588 45.3332 107.071 30.4911 25.7407 25.7072 24.8796 34.6652 29.008 23.9642 20.4256 11.1523 11.0692
threshold=0.0044354176637267399 0.0061236610711300436 0.0034978139606113589 0.18612062783841929 0.02105621948549186 0.58551854788968205 -0.10872555099910929 0.011253694022909396 0.23099646237003255 0.26987778544356539 0.32183830151887449 0.15231194475352799 1.8813265577289331 0.015028687224494961 0.010112079330535597 -0.009817265016685282 0.57574035584699446 0.58346620426428608 0.57905763526913445 -0.024324811211989313 0.96719734942567903 0.36577569717104602 -0.069686038647585311 0.035014447917201215 1.3353217700952564 0.015317162684066467 0.003647658297280526 0.79684342091266902 34.819124970524555
decision_type=8 10 10 10 10 10 8 10 2 2 10 10 8 10 10 10 10 10 10 8 10 2 8 10 10 8 10 2 10
left_child=1 2 3 -1 12 16 7 13 10 -10 -8 -6 -4 -7 -5 -9 19 18 -18 21 -19 -2 27 24 -24 -21 -25 28 -3
right_child=5 22 4 14 11 6 8 15 9 -11 -12 -13 -14 -15 -16 -17 17 20 -20 25 -22 -23 23 26 -26 -27 -28 -29 -30
leaf_value=-0.0064617107783032203 -0.00072822612149602754 -0.0037141413256399601 -3.7743115026777248e-05 0.0053144230863870923 0.0043025756110763582 -0.0086203915337465398 0.0050214360762053083 0.0013724713372599683 -0.0049675734804617445 -0.00035631909480292936 0.00034859367749374244 0.0014535366417836669 0.0062809896034646288 -0.0032154489003866984 -0.001886449994616328 -0.0024032801242374804 -0.00040789785801369704 0.00023977890770232561 0.0068407501050276667 0.0005339631490564918 0.0068011315331427211 -0.0033684804393998413 -0.00011545671330183253 0.0025077334804084767 0.0062341366698187208 -0.00041521623963178148 -0.00087822237110479707 -0.0078939352913690447 -0.00064418633750167628
leaf_weight=390 3473 728 5791 248 1664 423 1025 701 599 46118 999 8368 213 382 613 1375 1796 22836 1680 22102 336 1566 613 1155 719 23696 7007 328 989
leaf_count=390 3473 728 5791 248 1664 423 1025 701 599 46118 999 8368 213 382 613 1375 1796 22836 1680 22102 336 1566 613 1155 719 23696 7007 328 989
internal_value=-1.15111e-05 0.000517501 0.00116485 -0.00266613 0.00146399 -0.000129643 -0.000535382 -0.00326787 -0.000373764 -0.00053123 0.00325827 0.00221649 0.000206162 -0.00845906 0.000160093 -0.00125084 0.000140645 0.000642351 0.00277193 -0.00012231 0.000322703 -0.00159881 -0.000452166 -2.08531e-05 0.00296924 4.01319e-05 -0.000509372 -0.00245259 -0.00180326
internal_weight=157933 28826 17287 1251 16036 129107 51622 2881 48741 46717 2024 10032 6004 805 861 2076 77485 26648 3476 50837 23172 5039 11539 9494 1332 45798 8162 2045 1717
internal_count=157933 28826 17287 1251 16036 129107 51622 2881 48741 46717 2024 10032 6004 805 861 2076 77485 26648 3476 50837 23172 5039 11539 9494 1332 45798 8162 2045 1717
is_linear=0
shrinkage=0.02


Tree=66
num_leaves=21
num_cat=0
split_feature=20 25 57 44 52 46 41 53 60 4 50 21 42 54 4 24 46 54 29 49
split_gain=22.3472 25.0765 23.6549 49.1755 70.2037 58.8297 32.6628 28.64 23.6947 20.5204 32.2738 23.2233 20.3987 18.7059 14.7698 14.5756 13.0733 15.3639 12.5776 22.1157
threshold=0.089268738093186764 -0.49194147726163123 0.79695973667084818 0.00083594828880284588 0.61652236652236658 0.020108749544960901 0.026653162638870413 0.012777455325326656 0.56731736172729974 -0.25000560085352919 0.057049672630218658 0.10816286132546606 0.0065141001082833503 0.63471309096588058 0.20976845370373212 -0.97524116795853033 0.0098034715565004805 0.41900000000200083 5.2151463917955256 0.0032319389622494925
decision_type=10 10 10 10 2 10 10 10 10 8 10 10 8 10 10 10 8 10 10 10
left_child=2 -2 9 4 7 6 -5 -4 -6 10 15 12 -11 16 -13 -1 17 -3 19 -15
right_child=1 13 3 5 8 -7 -8 -9 -10 11 -12 14 -14 18 -16 -17 -18 -19 -20 -21
leaf_value=-0.0026042438564445216 0.0052586876152644528 0.0016007403479769567 -0.0034667015964126896 0.0010904229514818965 -0.0058288395941579777 0.011135134301112366 -0.0016775522898510972 0.00042942338050637956 -0.0010129177123855109 -0.00029018479317388809 0.0070767424914806795 -0.00081297312627901202 0.0001675232847654284 -0.0070893259062254441 -0.0039734268112541615 0.001833133496447118 0.002912425485660597 -0.0039462137111012357 -0.0073803554723949573 0.0022745287078819376
leaf_weight=453 346 313 589 21507 725 229 1695 4399 267 55610 340 2843 63869 213 886 2014 371 813 200 205
leaf_count=453 346 313 589 21507 725 229 1695 4399 267 55610 340 2843 63869 213 886 2014 371 813 200 205
internal_value=1.4808e-05 -0.00187571 4.4767e-05 0.000555488 -0.00106303 0.000968675 0.000868767 -9.58108e-05 -0.00591944 -7.44191e-05 0.0016161 -0.000112963 -6.44292e-05 -0.00269282 -0.00166702 0.000817666 -0.00148064 -0.00255368 -0.00561874 -0.00362291
internal_weight=157887 2461 155426 29411 5980 23431 23202 4988 992 126015 2807 123208 119479 2115 3729 2467 1497 1126 618 418
internal_count=157887 2461 155426 29411 5980 23431 23202 4988 992 126015 2807 123208 119479 2115 3729 2467 1497 1126 618 418
is_linear=0
shrinkage=0.02


Tree=67
num_leaves=18
num_cat=0
split_feature=19 50 6 17 46 38 53 50 18 34 46 0 42 36 6 78 16
split_gain=25.7157 40.8695 22.718 22.831 28.1211 24.165 22.2274 18.9232 17.4525 16.8651 16.7954 15.954 21.5934 16.7259 15.6033 11.4824 10.0663
threshold=1.8728386368326724 0.081408910052067532 0.070717937891513788 -2.0499426430180678 0.0067550141796695424 1.6292708263384841 0.011715771146900563 0.055229516002994646 41.265376320149628 -8.3741320903595861e-05 0.004401737976555682 0.0074798046103483626 0.0021009543146685021 -0.24775761778250421 0.014693841438177422 -0.0091517866585100836 0.077584202824064766
decision_type=8 10 10 2 10 10 8 10 8 8 8 10 8 10 8 10 10
left_child=2 6 3 4 -1 9 10 -4 -7 -5 16 12 -8 -13 -6 -12 -2
right_child=1 -3 7 5 14 8 11 -9 -10 -11 15 13 -14 -15 -16 -17 -18
leaf_value=-0.003357991919455466 0.0032578149111607904 -0.0064198582464721652 0.0024190908776390904 0.00068604279418000614 0.005983614811955482 6.8912959034978243e-05 0.00058286887601722594 0.012526375213699009 -0.0042226857636818603 -2.8880920725359617e-05 0.0015022798184632057 0.0024065019525872765 -0.0022090513747394583 -0.0005049991162337969 0.0025466148524025374 -0.0019849339762757039 0.00044514020900086356
leaf_weight=338 516 289 313 14482 264 209 1122 212 297 123826 707 572 4513 8428 1245 599 244
leaf_count=338 516 289 313 14482 264 209 1122 212 297 123826 707 572 4513 8428 1245 599 244
internal_value=-2.04707e-05 -0.000755576 6.79808e-05 5.2452e-05 0.00226082 2.30379e-05 -0.000626153 0.00421673 -0.00433531 3.90286e-05 0.00131495 -0.000900383 -0.00173492 -0.000377514 0.00342914 -5.96787e-05 0.00367674
internal_weight=158176 16990 141186 140661 1847 138814 16701 525 506 138308 2066 14635 5635 9000 1509 1306 760
internal_count=158176 16990 141186 140661 1847 138814 16701 525 506 138308 2066 14635 5635 9000 1509 1306 760
is_linear=0
shrinkage=0.02


Tree=68
num_leaves=25
num_cat=0
split_feature=33 44 7 45 53 43 54 45 43 18 9 49 53 48 53 15 4 48 54 59 74 21 59 59
split_gain=25.3099 30.607 25.171 23.9296 32.6757 22.1231 24.4622 22.1853 21.0952 19.2961 20.6752 31.0215 27.5521 26.0006 18.1516 56.4913 20.3218 17.9277 17.6329 17.502 10.9145 10.1809 10.6986 3.91905
threshold=0.14736143059389165 0.052077593170707377 0.021267201618755036 0.0074529423710287543 0.01449245750998006 0.057860285181092881 0.42626495713456014 0.011644278742408013 0.023921947619732434 84.897547067163444 -0.26554971043423953 0.0035128123670161719 0.013131585567969487 -0.0073846290070418421 0.010989558943293544 -0.014745246489180573 -0.078220859570025711 -0.044255018313290977 0.45206954118666492 0.56369461215545358 -0.2985399599904433 0.020137512503520697 0.14636660799597689 0.84348709791445753
decision_type=8 8 10 10 10 10 8 10 10 10 10 10 10 8 10 10 8 8 8 10 10 10 8 8
left_child=9 2 3 18 -5 6 8 -8 -3 10 11 12 -1 -13 15 -12 -16 -11 -2 20 -7 -19 -23 -4
right_child=1 5 23 4 -6 19 7 -9 -10 17 14 13 -14 -15 16 -17 -18 21 -20 -21 -22 22 -24 -25
leaf_value=-0.0067400475844242649 -0.0022018156185294106 0.0033199343264448838 0.00065237816884217126 -0.005930783979316798 -0.0018245778602600921 0.0017065387618056538 -0.0017867612552318424 0.0033524529269263127 -9.0662362781572964e-05 -0.0033469160010402171 -0.0022228344389128691 0.0062377620536022537 0.0019884461439685108 0.0014505913723968065 0.0005325470473066269 0.0017722823816981848 -0.00016187280400390485 0.0032222594869174095 0.00050595596142980024 -0.0012036283393535181 0.0047523030999749851 -0.0020108230642415241 0.0016731766034499313 0.0075600811506396021
leaf_weight=267 1263 837 218 781 2719 214 4109 371 1294 232 1609 512 350 2414 20586 4602 110685 389 1875 337 363 256 1850 225
leaf_count=267 1263 837 218 781 2719 214 4109 371 1294 232 1609 512 350 2414 20586 4602 110685 389 1875 337 363 256 1850 225
internal_value=-3.91389e-05 -0.000832341 -0.00177605 -0.00208435 -0.00322137 5.55408e-05 -0.00034755 -0.00118679 0.00141557 4.14461e-05 9.20398e-06 0.00151749 -0.0025534 0.00237718 -2.96618e-05 0.00102672 -7.96666e-05 0.00170748 -0.000814909 0.00297049 0.00508304 0.00220272 0.00165069 0.00283333
internal_weight=158358 14606 7081 6638 3500 7525 6611 4480 2131 143752 141025 3543 617 2926 137482 6211 131271 2727 3138 914 577 2495 2106 443
internal_count=158358 14606 7081 6638 3500 7525 6611 4480 2131 143752 141025 3543 617 2926 137482 6211 131271 2727 3138 914 577 2495 2106 443
is_linear=0
shrinkage=0.02


Tree=69
num_leaves=26
num_cat=0
split_feature=23 53 53 52 52 52 52 71 78 57 57 31 9 53 20 69 49 7 29 46 6 72 46 58 77
split_gain=24.494 39.0634 38.0844 33.1053 49.2829 44.7065 23.0836 23.6516 23.2297 22.854 21.4053 21.5861 19.0207 15.351 19.8002 15.0234 14.6255 14.3635 20.5205 13.991 10.8987 10.3389 8.42671 8.2685 7.1983
threshold=0.0090992738620422359 0.011382913592570191 0.01147253600703463 0.60896649527140501 0.56155059157242582 0.62920666445989204 0.89779664779664792 -1.1867113576179447 2.0431510323838471 0.12447695082024618 0.46751885431130719 -0.012239379632494106 -0.44381803412756327 0.011791382279441546 -0.011657598170044468 0.4143400326496266 -0.0095303371722000856 0.0068059549726403401 0.75954078454448992 0.013561765668917763 0.0089904463154064414 -1.112835698002743 0.0060454447424827052 0.42137730777033888 -0.27647273276950651
decision_type=8 8 8 2 2 2 2 8 10 10 10 10 10 10 10 10 10 10 10 10 10 10 8 10 10
left_child=6 9 15 4 -4 -5 7 13 12 22 17 19 -9 -1 -15 -3 -11 24 -19 -12 -18 -10 -2 -13 -8
right_child=1 2 3 5 -6 -7 10 8 21 16 11 23 -14 14 -16 -17 20 18 -20 -21 -22 -23 -24 -25 -26
leaf_value=-0.0040180111700477824 -0.0035281271212105709 -0.0018013160266152611 -0.00029143092081839389 -0.0033142949129628787 0.0017497557160660541 -0.0005330821312415152 0.0043259394182782367 0.002381091174462367 0.001774017301321304 -0.0017744534321901639 0.0032814091653413004 -0.00087533169658774086 0.00016309354210076511 -0.0025341853622062173 0.00019546622232873709 -0.0047965066950197222 0.0028220455195427864 0.0014331766189992897 -0.0042424694696635776 0.0078350263785231574 0.0016663106534978241 -0.0020887091454041139 0.00061655444900088471 0.0025534201675484593 9.6306297835027917e-05
leaf_weight=252 386 372 21088 2359 5162 36667 234 1298 294 277 507 226 80291 642 1133 287 810 415 290 212 2809 1516 354 201 203
leaf_count=252 386 372 21088 2359 5162 36667 234 1298 294 277 507 226 80291 642 1133 287 810 415 290 212 2809 1516 354 201 203
internal_value=-5.67201e-05 -0.000334099 -0.0004589 -0.000410527 0.000138585 -0.000779922 0.000166425 0.00011329 0.000165204 0.00144016 0.00214854 0.00407847 0.000214953 -0.00202071 -0.00136149 -0.00523939 0.00205235 0.000208224 -0.00155524 0.00619167 0.00239171 -0.0020751 -0.00177868 0.000509346 0.00305479
internal_weight=158285 70571 65935 65276 26250 39026 87714 85426 83399 4636 2288 1146 81589 2027 1775 659 3896 1142 705 719 3619 1810 740 427 437
internal_count=158285 70571 65935 65276 26250 39026 87714 85426 83399 4636 2288 1146 81589 2027 1775 659 3896 1142 705 719 3619 1810 740 427 437
is_linear=0
shrinkage=0.02


Tree=70
num_leaves=26
num_cat=0
split_feature=0 54 54 47 31 68 4 46 4 50 57 54 44 45 63 45 44 60 2 45 31 69 18 54 65
split_gain=22.4888 22.9919 27.4199 23.0201 30.7173 21.7628 19.9937 40.4612 47.7439 29.0618 20.187 46.4069 35.1405 19.6523 24.3694 19.578 18.7793 18.5708 15.8761 15.6072 13.6396 14.4687 12.9669 8.89463 6.56259
threshold=-0.030752027874483664 0.54751473196856126 0.40811973383027905 -0.066815615768047329 0.031678766481836103 -0.13538832969118855 -0.30076630711650776 0.037096225519872329 -0.062087277750288487 0.050054473720573818 0.71835397914624377 0.65574673534202177 0.12547976713689837 0.0063824549741248208 0.056876337184424482 0.022730746898116529 -0.0426425074178911 0.65057696542611765 -0.031122252697020344 0.0094090137422749142 0.1712961192583419 -1.1682718740601612 47.022177668532613 0.57514232024538892 0.10481264819239608
decision_type=10 10 8 10 10 8 8 10 10 10 10 10 10 10 10 10 8 8 8 10 10 8 10 10 10
left_child=1 2 5 16 19 -1 9 10 17 20 12 -12 -8 14 -4 -10 18 -9 -3 -5 21 -2 -15 -6 -22
right_child=6 3 13 4 23 -7 7 8 15 -11 11 -13 -14 22 -16 -17 -18 -19 -20 -21 24 -23 -24 -25 -26
leaf_value=-0.00024190835382678814 0.0070697749827355917 0.002419522873975774 0.0014734282231978386 0.0041140980785731073 0.0071411810744969875 0.0073619510808071078 -8.9351783523156504e-05 -0.0015557765002051189 -0.0083633216747001048 0.010015987799627811 0.00015177589414646847 0.0025870182406506665 -0.0016857611298722718 -0.0014994166042107454 -0.0055986433470585507 -0.0019377032358004287 -0.0050594913887890437 0.0036611971551050284 -0.0012825110363650152 -0.0013537298385270773 0.00080016894400482404 -0.00076970171085532894 0.0044111068518075339 0.011968031387776015 -0.0033900837157526866
leaf_weight=313 375 1185 232 750 235 260 104515 760 393 228 37312 2800 4778 509 448 258 219 310 474 366 219 241 263 334 200
leaf_count=313 375 1185 232 750 235 260 104515 760 393 228 37312 2800 4778 509 448 258 219 310 474 366 219 241 263 334 200
internal_value=-8.21633e-06 0.00123779 -0.000462981 0.00220483 0.00390154 0.00323693 -5.39274e-05 -7.48907e-05 -0.00312311 0.00245095 -3.97441e-05 0.000343978 -0.000180595 -0.00192567 -0.00440235 -0.00738957 0.000680149 -0.000521008 0.00140843 0.00196777 0.00102124 0.0029141 0.000256145 0.0076807 -0.00175714
internal_weight=157977 5588 2025 3563 1685 573 152389 151126 1721 1263 149405 40112 109293 1452 680 651 1878 1070 1659 1116 1035 616 772 569 419
internal_count=157977 5588 2025 3563 1685 573 152389 151126 1721 1263 149405 40112 109293 1452 680 651 1878 1070 1659 1116 1035 616 772 569 419
is_linear=0
shrinkage=0.02


Tree=71
num_leaves=26
num_cat=0
split_feature=23 78 32 7 44 70 48 28 43 44 28 47 30 43 63 53 45 44 4 57 28 58 71 66 30
split_gain=22.6999 21.9891 21.2823 20.561 21.1209 19.3024 31.6152 43.6157 32.8532 30.4816 21.636 19.9787 21.2712 19.0289 18.5692 38.996 38.5136 17.5095 15.4323 15.7592 13.4725 13.1632 11.7382 10.7331 10.1504
threshold=0.056531829553555853 2.1354481600213924 0.32248815802103287 0.021953632666105633 0.10410281038812709 -0.20339961281566546 -0.10872555099910929 -0.071398942872446733 -0.057004995123478168 -0.057882299746436765 -0.027936104373994849 -0.016691184801401301 0.35397115822283426 0.057675054860674375 0.25607297403619206 0.010900370295388781 0.0085626306922776205 0.083205026635764803 0.12374578557472761 0.24408591209919484 -0.033238641788380922 0.80490309009866301 -0.30122400847856284 0.34787137681159425 0.80358969714569728
decision_type=8 10 10 10 10 8 8 8 10 8 10 8 10 10 10 10 10 8 8 8 10 10 10 10 10
left_child=1 2 14 4 -4 6 7 23 10 -10 -8 18 17 -14 16 -16 -1 -13 21 -20 22 -7 -3 -2 -24
right_child=5 20 3 -5 -6 11 8 -9 9 -11 -12 12 13 -15 15 -17 -18 -19 19 -21 -22 -23 24 -25 -26
leaf_value=-1.277217819942049e-05 0.0022158057182878189 -0.0033328174322273846 0.0016373373911734454 -0.0068523820302383081 0.0067543331802725958 0.00039868059140633552 -0.00013527712891636256 -0.0070175321595171347 -0.0054361117924276673 -0.00076786966998204794 0.0058977011784586966 0.0010910446006071944 -0.0010395604377693324 -0.0053593131621237182 0.0016297462262757651 -0.00014828276666267683 0.0015245403295617197 -0.0012203909739973207 -0.0061061581802657316 4.8119497644055451e-05 0.0014024920325607095 0.0033484745468033783 6.6289643746717745e-05 -0.0033180226072766399 -0.0029549366861043275
leaf_weight=25215 252 305 699 244 655 1894 205 381 373 7528 212 3341 5575 586 3812 84975 13078 2480 221 2531 329 1566 532 245 757
leaf_count=25215 252 305 699 244 655 1894 205 381 373 7528 212 3341 5575 586 3812 84975 13078 2480 221 2531 329 1566 532 245 757
internal_value=-3.42929e-05 7.54812e-05 0.000107228 0.00240025 0.00336384 -0.000557774 -0.00130456 -0.0049124 -0.000922947 -0.0012121 0.00454067 -0.000180159 -0.000657431 -0.00147647 7.83595e-05 -8.03937e-05 0.000446493 0.000209206 0.000740061 -0.000377043 -0.00204678 0.00162901 -0.00280752 -0.001 -0.00196744
internal_weight=157991 130601 128678 1598 1354 27390 9196 878 8318 7901 417 18194 11982 6161 127080 88787 38293 5821 6212 2752 1923 3460 1594 497 1289
internal_count=157991 130601 128678 1598 1354 27390 9196 878 8318 7901 417 18194 11982 6161 127080 88787 38293 5821 6212 2752 1923 3460 1594 497 1289
is_linear=0
shrinkage=0.02


Tree=72
num_leaves=18
num_cat=0
split_feature=17 46 38 4 50 46 32 57 34 8 57 5 14 39 38 36 57
split_gain=21.2823 27.2487 17.8235 23.2921 33.5018 22.6596 37.9335 21.3385 16.3773 15.0021 22.0676 11.8763 11.6266 10.2811 10.1694 13.3667 5.38542
threshold=-2.0499426430180678 0.0067550141796695424 1.556857392158095 -0.30076630711650776 0.056258907748556915 0.037096225519872329 -0.10835744260349649 0.81643519151379296 0.021142150438207937 0.0085454651619902271 0.38366063406494683 0.02432245823212275 0.060111603777751495 -0.036695801614035288 1.6292708263384841 -0.07110487812006358 0.40345209611499544
decision_type=2 10 10 8 10 10 10 10 10 8 10 10 10 10 10 10 10
left_child=1 -1 3 4 13 7 -7 -5 14 12 -11 -12 -3 -2 15 -4 -10
right_child=2 9 8 5 -6 6 -8 -9 16 10 11 -13 -14 -15 -16 -17 -18
leaf_value=-0.003101185724215303 -0.0033164461281647039 0.0048921561101436476 -0.0046263158419646731 -8.5659820760892045e-05 0.0084042944689940134 -0.00042908309098397819 -0.0055202566161303215 0.00052801687020134378 -0.00078614684025823749 -0.0021545003561036606 0.0010180071395803935 0.0069418237799006837 0.0026501946199571995 0.0028118589461617774 -0.0039162060809896518 -0.00047702174599736913 0.0022379168424136171
leaf_weight=325 224 253 201 125600 242 1310 526 26238 376 317 276 413 290 832 322 512 207
leaf_count=325 224 253 201 125600 242 1310 526 26238 376 317 276 413 290 832 322 512 207
internal_value=1.4123e-05 0.00213227 -1.12267e-05 1.05696e-05 0.00267744 -1.19603e-05 -0.00221992 1.47393e-05 -0.00209883 0.00323742 0.0017855 0.0037942 0.00591544 0.0011334 -0.00360811 -0.00226611 0.000578767
internal_weight=158464 1874 156590 154972 1298 153674 1836 151838 1618 1549 1006 689 543 1056 1035 713 583
internal_count=158464 1874 156590 154972 1298 153674 1836 151838 1618 1549 1006 689 543 1056 1035 713 583
is_linear=0
shrinkage=0.02


Tree=73
num_leaves=19
num_cat=0
split_feature=13 44 14 6 11 70 51 41 18 55 43 18 44 74 40 75 37 64
split_gain=18.3183 29.2293 29.305 22.0195 23.7197 18.9768 32.4057 17.7468 17.8418 17.4934 16.9195 16.4461 14.0298 13.9879 10.782 6.28882 6.06921 5.06837
threshold=0.39506149335626056 0.10621104336596378 -0.018600655537918894 0.070717937891513788 0.060683695354233354 -1.241716599153516 0.33718699867475771 0.0048642655556447876 59.7698333998975 0.86708213610830687 0.050755609559229427 80.000019193081158 0.013191512427173204 2.2391962033887904 -9.6733130864150212e-06 0.599258227358059 -0.0058351646653964631 0.7484406406016989
decision_type=10 10 10 10 10 8 2 10 10 10 10 10 8 10 10 10 10 10
left_child=3 13 -3 4 5 6 -1 12 -9 16 -5 -7 -6 -2 15 -15 -4 -16
right_child=1 2 9 10 7 11 -8 8 -10 -11 -12 -13 -14 14 17 -17 -18 -19
leaf_value=-0.0058624136904810225 -0.0056893035569836169 -0.00056529081274671929 0.010676942361750381 0.012876238973623584 -0.0017807578355618974 2.9760194682848797e-05 -0.00036183745279932066 -2.1992536511171829e-05 -0.0018589528077710739 0.0035701503410467458 0.0017768658964893555 0.00078173014702494301 0.0020969918858342478 0.00080471734921930716 0.00035760702798906248 0.0066528692739771869 0.0088779406807159462 -0.0041847504676814007
leaf_weight=459 217 300 216 266 486 137143 2007 2269 4592 348 242 7138 1111 221 456 207 202 202
leaf_count=459 217 300 216 266 486 137143 2007 2269 4592 348 242 7138 1111 221 456 207 202 202
internal_value=3.46527e-05 0.00177975 0.0042343 8.07891e-06 -5.52814e-06 5.38202e-05 -0.00168545 -0.00103535 -0.00147741 0.00630769 0.0041611 8.35724e-05 0.000862328 -0.000228528 0.000697332 0.0031655 0.00906444 -0.000907436
internal_weight=158082 2369 1066 155713 155205 146747 2466 8458 6861 766 508 144281 1597 1303 1086 428 418 658
internal_count=158082 2369 1066 155713 155205 146747 2466 8458 6861 766 508 144281 1597 1303 1086 428 418 658
is_linear=0
shrinkage=0.02


Tree=74
num_leaves=20
num_cat=0
split_feature=32 46 7 14 6 41 44 23 59 6 69 72 78 70 31 75 2 38 55
split_gain=23.3172 41.9132 64.5452 26.6652 24.5556 69.0304 36.9758 31.5888 36.0332 26.6342 23.3833 19.6701 14.0333 15.0613 12.9198 12.5247 11.6657 11.4427 6.52376
threshold=-0.22414534929242738 0.036016038255263873 0.012798471129776863 -0.39106255387995531 0.019910714199847985 0.047385170751575563 -0.12918337154265866 0.10698204024517956 0.13038833147528803 0.017012484433048983 -0.24938404733827232 0.36228601187588078 1.1882091602939675 1.1963326748185084 -0.047278639605862809 0.21839645169731839 0.081433442443959683 0.78974303051242167 0.81236893588024539
decision_type=8 10 8 10 10 10 8 10 10 8 8 8 10 10 10 10 10 10 10
left_child=3 4 14 17 5 6 -2 8 -6 -7 -9 16 13 15 -3 -5 -4 -1 -15
right_child=1 2 11 12 7 9 -8 10 -10 -11 -12 -13 -14 18 -16 -17 -18 -19 -20
leaf_value=0.012759524451112687 -0.0042734232429798317 -0.0035472343181835982 -2.8874734540341036e-05 -0.00024429572661710075 0.0055981905208752538 -0.0055194626967460638 -8.4183181076096016e-05 -0.0038826410494508935 0.00082078939517205691 -0.00086880819192752129 -0.00027394701012999658 0.0030195311714243823 -0.0029783276302096863 0.0082504598011261497 -0.0061209889703550359 0.0031972584274990051 -0.0046125953586505994 0.0060897248766790023 0.0042744704150160864
leaf_weight=241 393 253 560 1425 260 448 120846 913 27159 234 3446 203 254 203 350 332 237 286 309
leaf_count=241 393 253 560 1425 260 448 120846 913 27159 234 3446 203 254 203 350 332 237 286 309
internal_value=-2.77734e-05 -6.18018e-05 -0.00327805 0.0017037 -2.82238e-05 -0.000157297 -0.000121561 0.000466912 0.000718381 -0.0064978 -0.00111422 -0.000157842 0.000847068 0.00134714 -0.0084404 0.000465301 -0.00157644 0.00579167 0.00436257
internal_weight=158352 155302 1603 3050 153699 121921 121239 31778 27419 682 4359 1000 2523 2269 603 1757 797 527 512
internal_count=158352 155302 1603 3050 153699 121921 121239 31778 27419 682 4359 1000 2523 2269 603 1757 797 527 512
is_linear=0
shrinkage=0.02


Tree=75
num_leaves=27
num_cat=0
split_feature=23 38 32 14 44 14 18 44 60 20 50 46 7 78 43 70 44 53 53 66 43 45 45 16 53 78
split_gain=25.0431 26.2113 18.3713 23.6657 24.6567 20.3463 18.2164 21.2846 28.0275 19.0753 19.0684 27.4987 19.0616 16.6599 19.2754 16.5911 31.8338 31.176 14.3762 13.8559 15.3141 13.5709 12.9807 12.1004 8.75372 6.46033
threshold=0.056531829553555853 1.2272308239933747 0.23307903185234982 -0.324590670276176 0.10410281038812709 0.26891985405032243 72.158682108602122 0.0027441872291550378 0.20041111054775307 0.031699305568288934 -0.018858383199199465 0.0097516835767139931 0.0050750900419159542 1.8218017332486267 -0.056083090375366733 -0.83957832814066424 -0.084893273889158891 0.01449245750998006 0.015163754152559475 0.86611727362998303 0.042826386468686091 0.010105995999330921 0.003791668981935109 -0.042044921086829661 0.014959544628996468 -0.0286674362537475
decision_type=10 10 10 10 10 10 10 8 10 10 8 10 10 10 10 10 10 10 10 10 10 10 10 8 10 10
left_child=2 15 6 -4 18 -6 10 8 -8 -9 12 -12 -1 14 25 16 -2 -18 -5 23 -21 24 -16 -17 -15 -3
right_child=1 13 3 4 5 -7 7 9 -10 -11 11 -13 -14 21 22 19 17 -19 -20 20 -22 -23 -24 -25 -26 -27
leaf_value=-0.0043618427036488105 -0.0055033172213179585 0.0011910266233897489 -0.0062327833359821496 0.0017423596819389974 0.0017441444314237921 0.0081052995945705905 -0.0049686182519196953 0.00098756358806093188 0.00015560986797790057 -0.00090434273425978268 2.6426321207399275e-05 -0.00067539191168820042 0.00080344164355156654 -0.0013738648735066841 -0.0019209705340522813 0.0046597159599378784 -0.0037027538652717007 0.00063834978350008065 -0.0016799147798734889 -0.0010518975492461008 -0.005318751397902749 -0.0047718742254304891 0.0020541525270302342 -0.0006056327004831121 0.0026631403486126171 -0.0017539481585660095
leaf_weight=203 313 231 235 1414 1127 599 308 8937 739 1471 81538 22097 12647 922 208 206 864 1037 1058 1036 526 219 2709 16624 337 576
leaf_count=203 313 231 235 1414 1127 599 308 8937 739 1471 81538 22097 12647 922 208 206 864 1037 1058 1036 526 219 2709 16624 337 576
internal_value=-3.7539e-05 -0.000607463 7.35643e-05 0.0013392 0.00168564 0.0035194 2.96856e-05 0.000790677 -0.00192557 0.00106427 -4.51385e-05 -0.000135262 0.000681503 0.000660773 0.00137396 -0.000927743 -0.00256343 -0.00158675 0.000403558 -0.000730604 -0.00253231 -0.00113455 0.00213091 -0.000563128 -0.000331746 -0.00135891
internal_weight=158181 25808 132373 4433 4198 1726 127940 11455 1047 10408 116485 103635 12850 5202 3724 20606 2214 1901 2472 18392 1562 1478 2917 16830 1259 807
internal_count=158181 25808 132373 4433 4198 1726 127940 11455 1047 10408 116485 103635 12850 5202 3724 20606 2214 1901 2472 18392 1562 1478 2917 16830 1259 807
is_linear=0
shrinkage=0.02


Tree=76
num_leaves=22
num_cat=0
split_feature=70 43 32 44 14 3 44 36 9 18 47 27 10 41 44 43 10 43 26 41 10
split_gain=26.3296 31.4345 20.0579 33.6747 38.2615 19.5834 26.5524 34.4909 28.506 19.1742 23.2723 18.6525 16.4459 14.0095 14.5879 13.8228 13.0289 17.9097 15.2011 12.3218 10.2554
threshold=-1.241716599153516 0.0050476658670425287 0.32248815802103287 0.10184825530283161 -0.22074135253556518 0.10854933282552361 0.088922979275522854 -0.19641071917112116 1.8910952845171962 84.897547067163444 -0.017055197285775977 -0.0555634256239858 1.4287192515047811 -0.0045726223971850879 0.027687889827676008 0.041735278395307558 0.44322446690780454 -0.027805513792282962 1.0349986647148175 -0.0077900021143855183 0.63515610537381062
decision_type=8 10 10 10 10 10 8 8 10 10 8 10 10 10 10 10 8 10 10 10 10
left_child=1 16 5 15 -5 9 7 -7 -8 12 -11 -6 -2 -3 -15 19 17 -1 -18 -4 -16
right_child=2 13 3 4 11 6 8 -9 -10 10 -12 -13 -14 14 20 -17 18 -19 -20 -21 -22
leaf_value=-0.002873796543748836 -3.0445837494028697e-05 0.0031434740154671036 -0.0039616727170532964 -0.0069681309138481451 0.010819441317474299 0.01161778242821671 -0.0012166188980954151 -0.00037242992083524439 -0.0071228110917430504 -0.003476873275938288 0.0018233706079188138 0.0040550623002631328 0.0006761167077500871 -0.0023331853065769194 0.0014214202517213515 -0.0092696651350814268 0.0003778165171460507 -0.0081388331685269509 -0.0046193185045313801 0.0028302113550166918 -0.0012979222639146043
leaf_weight=240 117289 206 296 201 375 258 1965 10441 711 251 1858 602 20411 335 554 201 359 274 266 737 267
leaf_count=240 117289 206 296 201 375 258 1965 10441 711 251 1858 602 20411 335 554 201 359 274 266 737 267
internal_value=1.37763e-05 -0.00202158 4.65176e-05 0.00185578 0.00427311 1.80044e-05 -0.000713068 -0.000267103 -0.00249458 8.79622e-05 0.00198009 0.00590798 5.89538e-05 2.78797e-05 -0.000828003 -0.000451822 -0.00447193 -0.00683107 -0.00252077 0.000481625 0.000605839
internal_weight=158097 2501 155596 2412 1178 153184 13375 10699 2676 139809 2109 977 137700 1362 1156 1234 1139 514 625 1033 821
internal_count=158097 2501 155596 2412 1178 153184 13375 10699 2676 139809 2109 977 137700 1362 1156 1234 1139 514 625 1033 821
is_linear=0
shrinkage=0.02


Tree=77
num_leaves=23
num_cat=0
split_feature=32 67 18 71 42 10 51 5 46 46 45 52 48 57 77 51 56 42 54 52 8 4
split_gain=24.1938 19.6994 24.2252 21.8025 28.0073 31.389 31.243 19.303 20.9855 19.929 20.2964 18.3735 23.0164 18.0836 17.2376 19.7468 16.0125 15.7535 8.36332 7.70779 7.59638 7.49405
threshold=0.32248815802103287 0.90250283289499056 78.581855038953023 -0.70193147532180322 -0.018482152589615549 0.32833704085728438 0.63243200284237011 0.042593105249369843 0.0098034715565004805 0.0090394115514529898 0.0092784256650767279 0.67414139568871045 -1.0000000180025095e-35 0.98274000148953611 0.84170673293715403 0.91367500375237098 0.89772703015399336 0.083847752418101731 0.58703724854834993 0.81438325761136365 0.015483607483747172 0.43328295617114826
decision_type=10 8 10 8 10 10 2 10 10 10 10 2 10 10 10 2 10 10 10 2 10 10
left_child=1 2 13 4 5 -3 -6 8 9 10 -2 12 -5 17 15 -4 -13 -1 -16 21 -15 -10
right_child=7 3 14 11 6 -7 -8 -9 19 -11 -12 16 -14 20 18 -17 -18 -19 -20 -21 -22 -23
leaf_value=1.6411671036721705e-05 0.0010561580875636648 -0.0059775583984469204 0.0017928951238155889 -2.9850232498473823e-05 0.00095904552555639154 -0.0020064877702013267 -0.0025050491261931259 -0.0080502676677254199 0.0014064979863890209 -0.0061094504705281449 0.011054590850666995 -0.0016897471461820978 0.0037874741925887248 0.0020185959894924144 -0.00019152262087103242 -0.00080080967170990892 0.00033548898718375119 -0.0017445563064098003 -0.0033180549222322463 0.0076813200660284624 0.0099185482429468893 0.004924056888012192
leaf_weight=125415 693 225 3831 10797 1026 532 867 267 310 261 201 6226 689 738 707 653 2730 950 204 309 201 360
leaf_count=125415 693 225 3831 10797 1026 532 867 267 310 261 201 6226 689 738 707 653 2730 950 204 309 201 360
internal_value=1.38944e-05 -1.68045e-05 7.70008e-05 -0.000555926 -0.00226254 -0.00551187 -0.000959873 0.00200583 0.00264075 0.000811419 0.0022324 -0.000334491 0.000194829 2.13503e-05 0.00138955 0.00189922 -0.00101351 7.75525e-07 -0.00111623 0.00479388 0.00278511 0.00357377
internal_weight=158192 155791 132699 23092 2650 757 1893 2401 2134 1155 894 20442 11486 127304 5395 4484 8956 126365 911 979 939 670
internal_count=158192 155791 132699 23092 2650 757 1893 2401 2134 1155 894 20442 11486 127304 5395 4484 8956 126365 911 979 939 670
is_linear=0
shrinkage=0.02


Tree=78
num_leaves=24
num_cat=0
split_feature=33 44 41 18 60 50 1 50 78 59 28 44 5 69 44 43 50 7 78 57 52 59 46
split_gain=26.0431 29.2068 34.6546 25.4475 23.1205 20.1785 20.0165 18.9033 18.8903 18.6969 18.6261 35.4842 57.7508 30.8491 30.4748 25.6346 17.4255 15.0447 13.8763 12.8103 12.5848 12.4829 9.06558
threshold=0.14736143059389165 0.051015678551763817 0.03250192359728566 83.417049086060203 0.9445014830025098 0.026004304613482691 0.041267058491463178 0.032715595336144328 -1.1384749590925576 0.54794554015636121 -0.19869177795460255 -0.12309321259282634 0.018835306136603801 -0.32661601052079142 0.1557699926064621 0.052023788456372573 0.010505155635042287 0.0082351296264236221 1.505757745601719 0.30389037385824547 0.33012820512820518 0.1740466308490142 0.0048413873384685552
decision_type=8 8 10 10 10 8 10 8 8 10 8 8 10 10 8 10 8 10 8 10 2 8 10
left_child=3 4 5 10 8 21 16 -7 17 -4 14 12 -12 -13 15 -1 -5 -2 -18 -8 -10 -3 -21
right_child=1 2 9 6 -6 7 19 -9 20 -11 11 13 -14 -15 -16 -17 18 -19 -20 22 -22 -23 -24
leaf_value=0.0021630191303317974 -0.0035699738010327737 -0.0021656980981481027 0.0078603032244577743 -0.0019861674702064563 0.0081406723800028918 -0.0023045142737774939 -0.00511181285095446 -0.0002376366268279831 0.0026951839823300084 0.001250893839270444 -0.0066979403714892572 -0.00033009110299850325 -0.00067430952379241179 0.00025998699922646809 -0.011241373019843634 -0.0022947249394172208 0.0017936409013832647 0.0013760485627144748 0.0044222172167748984 -0.0015342624426471197 -0.0014931006769011452 0.0028099800163977084 0.0015639978745434402
leaf_weight=6870 1138 320 228 211 215 1095 221 4499 376 239 320 52352 1180 77986 204 950 2067 200 202 208 5052 1198 693
leaf_count=6870 1138 320 228 211 215 1095 221 4499 376 239 320 52352 1180 77986 204 950 2067 200 202 208 5052 1198 693
internal_value=1.21373e-05 -0.000793764 6.56992e-05 9.39463e-05 -0.00172701 -0.000280894 0.00175354 -0.000836104 -0.00193261 0.00533761 5.11787e-05 -5.74944e-06 -0.00306329 2.94463e-05 0.000986667 0.00118629 0.00275615 -0.00406124 0.00326784 -0.000461264 -0.00140689 0.001763 0.000596452
internal_weight=158024 14560 7579 143464 6981 7112 3602 5594 6766 467 139862 131838 1500 130338 8024 7820 2480 1338 2269 1122 5428 1518 901
internal_count=158024 14560 7579 143464 6981 7112 3602 5594 6766 467 139862 131838 1500 130338 8024 7820 2480 1338 2269 1122 5428 1518 901
is_linear=0
shrinkage=0.02


Tree=79
num_leaves=21
num_cat=0
split_feature=70 44 74 73 57 44 52 50 47 9 7 45 46 42 44 43 44 49 41 46
split_gain=21.5753 29.8316 22.7083 19.7695 30.2582 38.6197 28.6985 74.5195 46.2182 38.6125 37.2376 35.2299 23.432 20.9451 40.6639 33.4424 20.7216 15.6904 26.0252 17.6813
threshold=-1.241716599153516 0.071648708741143943 -0.32602394076329466 0.072163063141516604 0.73416427221661373 0.1557699926064621 0.60896649527140501 0.0074239673495188905 -0.0038235390387544306 1.3724555533861609 0.0061963061093512862 0.010461849293805425 0.037096225519872329 0.0065141001082833503 0.00083594828880284588 0.01673585137317735 0.079672325533426527 -0.020951371267696191 0.025892534913842361 0.0059351470964873225
decision_type=8 10 10 8 10 10 2 10 10 10 8 8 10 10 8 10 10 10 10 10
left_child=1 17 -3 4 13 12 8 9 16 -8 -10 -9 -6 14 -2 -15 -5 -1 19 -19
right_child=3 2 -4 6 5 -7 7 11 10 -11 -12 -13 -14 15 -16 -17 -18 18 -20 -21
leaf_value=-0.0055570226170621019 0.00068509386016144588 -0.0012469632163037176 0.0038991065879572131 -5.9240278769526271e-05 0.00092562774868263742 0.0066518756589039408 -0.0052544472827067406 -0.00018679909596167998 0.0055270673356459096 0.00032433332549550723 -0.00023389863890638644 -0.0018677356301809883 -0.0047073874395870971 0.001303295961072679 -0.00074421098193773959 -2.4389261267226752e-05 0.0027963755996956658 -0.0034786492301989158 -0.0050455487542142704 6.5436575049457706e-05
leaf_weight=328 9285 247 310 27123 13183 326 1169 35406 832 369 533 4892 204 9854 23573 28092 813 298 300 1043
leaf_count=328 9285 247 310 27123 13183 326 1169 35406 832 369 533 4892 204 9854 23573 28092 813 298 300 1043
internal_value=-6.54819e-05 -0.00189869 0.0021828 -3.57072e-05 0.000171064 0.00103092 -0.000281397 -0.000617587 0.000198553 -0.00493697 0.00379063 -0.000452567 0.000864804 4.49121e-06 -0.000365136 0.000324611 2.28371e-05 -0.00305482 -0.00225213 -0.00105663
internal_weight=158180 2526 557 155654 84517 13713 71137 41836 29301 1538 1365 40298 13387 70804 32858 37946 27936 1969 1641 1341
internal_count=158180 2526 557 155654 84517 13713 71137 41836 29301 1538 1365 40298 13387 70804 32858 37946 27936 1969 1641 1341
is_linear=0
shrinkage=0.02


Tree=80
num_leaves=23
num_cat=0
split_feature=0 48 46 46 13 50 46 13 41 57 44 44 28 42 10 44 35 41 18 31 35 77
split_gain=20.7746 23.0457 36.0182 26.4327 19.2046 33.4147 30.8045 41.3148 31.559 20.3047 60.4755 60.4367 17.7962 27.2967 16.3875 13.7624 13.1767 11.4945 16.9245 9.32351 10.9721 6.96279
threshold=-0.030752027874483664 -0.022927011131925908 0.010616503590263128 0.01031078960680328 -0.30076630711650776 0.050054473720573818 0.037096225519872329 -0.071752533117274905 0.030116918800226381 0.43945774859728753 0.1557699926064621 0.16428366975657974 -0.052672151538447003 -0.034119083322996173 1.1493447119805293 0.07418281250083604 -0.068634290931378669 -0.064701987389333235 28.673337375496185 0.1712961192583419 -0.13468942812789789 -1.2860687943420723
decision_type=10 10 8 10 8 10 10 10 10 10 10 10 8 10 8 10 8 8 10 10 10 10
left_child=1 2 12 15 5 19 9 14 -9 11 -11 -6 13 -1 -8 16 -3 -4 -19 20 -2 -21
right_child=4 3 17 -5 6 -7 7 8 -10 10 -12 -13 -14 -15 -16 -17 -18 18 -20 21 -22 -23
leaf_value=0.0016354372222508464 -0.001140770440025457 0.0022984779801329702 0.0035923003277026299 0.0064285549971924974 -0.00021579772424435602 0.0092814837411367302 -0.0016097727778783255 -0.00052927064856767112 -0.0073245170390924298 8.9950133167431744e-05 0.0029720267591855265 -0.0041709987517365692 -0.00059925026148779481 0.0079004188761721099 0.0033212144166752072 -0.0042483445161560938 -0.0028199588677799252 -0.0041297874182773002 0.00072134025087697783 0.00076152219610558201 0.0062204727336665809 -0.0034372372749157344
leaf_weight=556 212 446 324 205 69153 245 639 264 427 77922 1657 1028 244 1059 414 391 605 337 1435 216 415 215
leaf_count=556 212 446 324 205 69153 245 639 264 427 77922 1657 1028 244 1059 414 391 605 337 1435 216 415 215
internal_value=2.89123e-06 0.001199 0.00202679 -0.000787621 -4.09534e-05 0.00237577 -6.17669e-05 -0.00270372 -0.0065 -3.09693e-05 0.00018771 -0.00027896 0.00405269 0.00481312 -0.000206831 -0.00174498 -0.00054943 0.000227945 -0.000404963 0.000829084 0.00238535 -0.00143056
internal_weight=158409 5602 3955 1647 152807 1303 151504 1744 691 149760 79579 70181 1859 1615 1053 1442 1051 2096 1772 1058 627 431
internal_count=158409 5602 3955 1647 152807 1303 151504 1744 691 149760 79579 70181 1859 1615 1053 1442 1051 2096 1772 1058 627 431
is_linear=0
shrinkage=0.02


Tree=81
num_leaves=23
num_cat=0
split_feature=57 52 42 47 41 41 52 5 44 21 6 44 32 71 54 57 54 63 23 51 4 27
split_gain=20.9234 34.8723 32.2489 37.0955 32.553 38.3122 35.0346 30.6288 29.8566 27.5611 25.8654 20.9306 20.9676 18.402 18.218 16.3987 18.4957 14.2678 14.0958 12.3847 10.9318 10.1044
threshold=0.82027195848548928 0.88789462569950384 0.010059957951513378 -0.10882265411821433 0.026653162638870413 0.03525371979214343 0.69885392385392386 0.026200614567867722 0.12547976713689837 0.10816286132546606 0.070717937891513788 0.090415656457718221 -0.2761710207036227 -1.2835021084608627 0.65574673534202177 0.21189928157913093 0.51042119900305838 0.77248738878385781 -0.01403850872983453 0.87406830317278084 0.11765283413285134 -0.0113420288630649
decision_type=10 2 10 10 10 10 2 10 10 10 10 10 8 8 10 8 10 10 8 2 10 10
left_child=9 2 3 7 6 -6 -4 -2 -5 10 13 12 21 14 -1 -13 -17 20 -15 -14 -3 -11
right_child=1 17 4 8 5 -7 -8 -9 -10 11 -12 15 19 18 -16 16 -18 -19 -20 -21 -22 -23
leaf_value=-0.0022742066712342843 -0.0061029986610374532 0.0023401716848670236 -0.0016437559790875725 0.00095243966424482822 -0.006264248644434001 0.00084493624381328685 0.00079523883629172834 2.7358351693494431e-05 0.0050103243488424784 0.0083289437377724283 0.0094753081215551479 -0.012640888369643992 -0.0010270290235896717 0.00018057586168735215 0.0020454327391703055 -0.0060073070458182424 0.0011576114851345883 0.0012792849551482766 -0.00023051003620649637 -0.0027573894015850038 0.0087474192796048855 -0.00027394261674371811
leaf_weight=1354 278 227 3395 13436 1032 638 6137 345 641 258 336 248 3131 53654 208 322 248 372 70729 317 285 236
leaf_count=1354 278 227 3395 13436 1032 638 6137 345 641 258 336 248 3131 53654 208 322 248 372 70729 317 285 236
internal_value=-3.15407e-05 0.000477769 0.000344284 0.000960343 -0.000463983 -0.0030389 -1.23781e-05 -0.0038109 0.0011719 -0.000135666 -7.93304e-05 -0.00162949 -0.00102409 -9.41515e-05 -0.0022508 -0.00453968 -0.00265849 0.00438192 -6.70343e-05 -0.00157669 0.00654581 0.00282424
internal_weight=157827 26786 25902 14700 11202 1670 9532 623 14077 131041 126281 4760 3942 125945 1562 818 570 884 124383 3448 512 494
internal_count=157827 26786 25902 14700 11202 1670 9532 623 14077 131041 126281 4760 3942 125945 1562 818 570 884 124383 3448 512 494
is_linear=0
shrinkage=0.02


Tree=82
num_leaves=21
num_cat=0
split_feature=66 28 53 6 45 46 57 34 36 10 34 45 68 46 40 39 27 26 51 42
split_gain=19.7248 19.8079 36.0985 72.568 33.6335 44.3088 29.3461 22.0722 20.0556 19.9249 18.0353 20.7394 16.0863 14.8204 12.9381 8.99636 6.64879 6.25388 4.53714 5.98136
threshold=0.99369084475895642 -0.26959219551997288 0.020765565365582783 0.014693841438177422 0.017937755590757574 0.011550158676246163 0.85929120630613187 0.038403611504545888 0.083661029127166289 1.2605016816279975 -0.00020569699932203206 0.0044644105449606697 -2.2653190012270765 0.0099683924846339905 -0.0032709718896194247 0.013198256767642748 -0.11344385253225341 1.1342350190519774 0.70641601197156756 0.0046040781122229655
decision_type=10 8 10 8 8 8 8 10 10 10 8 8 10 10 10 10 10 10 2 10
left_child=1 4 10 8 5 13 -5 9 -4 -6 12 -12 -3 -1 -7 18 -17 -9 19 -2
right_child=15 2 3 6 7 14 -8 17 -10 -11 11 -13 -14 -15 -16 16 -18 -19 -20 -21
leaf_value=0.0028517644332903404 -0.0021439114636352136 -0.0034137547159527317 -0.002863186482669134 -0.001085358301789538 -2.2503320023640334e-05 0.011258302602762839 0.0020157871395881776 0.0041559489299853184 -0.006638130736858522 -0.00466047951496683 0.00048477010141355039 -9.7751520536528506e-05 0.0011721310588819959 -0.0035212547478521293 0.0064758835904133736 -0.0027919186820107569 0.0021759810504591755 -0.0010195522919787289 -0.0011338008119777248 -0.0046947635998263182
leaf_weight=829 256 348 435 6099 563 301 1244 454 219 430 28240 109216 7597 262 618 200 202 209 259 224
leaf_count=829 256 348 435 6099 563 301 1244 454 219 430 28240 109216 7597 262 618 200 202 209 259 224
internal_value=1.12385e-05 3.02932e-05 -4.41985e-06 -0.00131258 0.00148296 0.00322128 -0.000743192 -0.000626433 -0.0076916 -0.00251308 6.75231e-05 1.39535e-05 0.000993959 0.000492674 0.00645435 -0.00260771 -0.000193548 0.00219578 -0.00391622 -0.00506861
internal_weight=158205 157064 153398 7997 3666 2010 7343 1656 654 993 145401 137456 7945 1091 919 1141 402 663 739 480
internal_count=158205 157064 153398 7997 3666 2010 7343 1656 654 993 145401 137456 7945 1091 919 1141 402 663 739 480
is_linear=0
shrinkage=0.02


Tree=83
num_leaves=20
num_cat=0
split_feature=70 44 42 71 10 44 44 45 48 71 3 7 0 49 49 42 6 6 48
split_gain=24.665 25.7744 21.7956 53.7847 39.605 27.6712 27.5416 21.7802 44.4322 21.5503 19.2934 17.9886 15.7675 22.6115 20.2667 18.3835 27.406 26.3113 18.2029
threshold=-1.241716599153516 0.071648708741143943 0.050074529414674725 -0.083444058033482593 0.50324719147897257 0.08962413963826478 0.027207851166122347 0.018619033743462497 -0.076871207405423067 0.8474812816655567 0.019249368751331878 0.0039358060732785595 -0.030752027874483664 0.0016571695567525471 0.017568545295339914 0.012699234214024859 0.016288908752363065 0.02042644183907218 -0.076871207405423067
decision_type=8 10 10 8 10 10 10 10 8 10 10 10 8 8 10 10 10 10 8
left_child=1 7 12 4 -4 9 -6 8 -1 -5 -3 -10 13 18 -15 17 -17 -14 -2
right_child=2 10 3 5 6 -7 -8 -9 11 -11 -12 -13 15 14 -16 16 -18 -19 -20
leaf_value=-0.0072509347330264465 0.00054051193565409926 -0.0022274072327577682 -0.006800174334012231 0.00036057507746560839 -0.0029221559392324627 -0.0048639792648353455 -0.00035774300278671031 0.0019563413581172007 -0.0024485334273672867 0.0065102606957950539 0.0029841800713428027 0.00098029167018617901 -0.00026832100890610558 -0.0017751348285198543 0.0027993112869966401 0.00056671386814213364 -0.00028447408633825187 0.00069537964747780681 0.004101321033229354
leaf_weight=293 1366 233 393 1420 1137 329 1620 223 977 762 305 415 74457 1463 471 32458 20841 16674 2037
leaf_count=293 1366 233 393 1420 1137 329 1620 223 977 762 305 415 74457 1463 471 32458 20841 16674 2037
internal_value=-1.74695e-05 -0.00200981 1.38842e-05 -0.00120417 -0.00294446 0.000978503 -0.002095 -0.00310005 -0.00387782 0.00179478 0.00185158 -0.00238191 5.9946e-05 0.00112739 -0.00059845 2.04804e-05 0.000315535 -0.000152065 0.0021087
internal_weight=157874 2446 155428 5661 3150 2511 2757 1908 1685 2182 538 1392 149767 5337 1934 144430 53299 91131 3403
internal_count=157874 2446 155428 5661 3150 2511 2757 1908 1685 2182 538 1392 149767 5337 1934 144430 53299 91131 3403
is_linear=0
shrinkage=0.02


Tree=84
num_leaves=25
num_cat=0
split_feature=32 50 14 45 27 4 48 7 10 50 46 6 8 57 24 42 29 48 57 24 6 27 36 43
split_gain=25.3944 36.6578 37.2189 25.9145 58.7122 42.1729 49.3222 61.0205 38.5188 33.1456 32.4872 53.8016 43.9736 26.845 24.2453 20.7744 20.4472 15.8489 19.6796 18.6462 15.4508 14.3042 11.9412 10.8438
threshold=0.23307903185234982 0.037965012428448637 -0.28372563352121261 0.0044644105449606697 -0.028588302517060845 -0.060314780556948382 -0.10872555099910929 0.0091373870361498976 1.7095255201548756 -0.055132036927876542 0.0034978139606113589 0.0085978234922813434 0.0077454698122816122 0.54006272797373056 -1.528623654359083 0.026639798790907169 -4.3081831480219526 -0.00026125258050346817 0.6430798950094857 -0.42803201563509069 0.016223728240350364 -0.015030338710862455 -0.059157868663000955 -0.025600904394384335
decision_type=10 10 10 8 8 8 8 10 10 8 10 10 10 8 10 10 10 10 10 10 10 10 8 10
left_child=3 15 -3 4 13 8 7 -7 14 -8 11 -6 -12 20 -5 16 -2 18 -4 -19 -1 -10 -15 -18
right_child=1 2 17 5 10 6 9 -9 21 -11 12 -13 -14 22 -16 -17 23 19 -20 -21 -22 -23 -24 -25
leaf_value=-0.00096159686115307094 0.0056549658760450192 -0.0068768911524348143 0.0020220481791090551 -0.0023446664578540845 -0.0057917303785094869 -0.0070402703824011814 0.0029667678432144739 -0.0012644762974302315 0.005614450872203699 -0.0003144720390431925 0.0015777685452218865 0.00052247597751741922 -0.00014194654167476526 -0.0014262114207590924 0.0004077602604368398 -0.0079760418606309395 -0.0041353576379923899 0.0059926503757777218 0.0072044512563836354 -0.002269609621906323 -0.0040376947702504195 -0.0017399392803147515 0.0015425862160431054 0.0004000403676427164
leaf_weight=4319 276 205 506 780 389 358 1085 1498 1831 95182 12681 1111 5666 683 22216 282 253 364 985 314 1739 304 2213 2769
leaf_count=4319 276 205 506 780 389 358 1085 1498 1831 95182 12681 1111 5666 683 22216 282 253 364 985 314 1739 304 2213 2769
internal_value=-2.54288e-05 0.00125575 0.00318232 -7.56169e-05 0.000464482 -0.000201842 -0.000389079 -0.00361766 0.000529126 -0.000326775 0.00107104 -0.0017575 0.00130249 -0.000879732 0.000290386 -2.17816e-05 0.000423765 0.003953 0.0051059 0.0014109 -0.0016369 0.00309831 0.000703486 -5.2266e-05
internal_weight=158009 5954 2374 152055 28801 123254 98123 1856 25131 96267 19847 1500 18347 8954 22996 3580 3298 2169 1491 678 6058 2135 2896 3022
internal_count=158009 5954 2374 152055 28801 123254 98123 1856 25131 96267 19847 1500 18347 8954 22996 3580 3298 2169 1491 678 6058 2135 2896 3022
is_linear=0
shrinkage=0.02


Tree=85
num_leaves=29
num_cat=0
split_feature=73 53 52 14 43 41 69 70 54 10 44 49 43 58 6 28 51 46 49 52 50 53 10 59 19 52 46 20
split_gain=17.6585 32.7953 25.0661 50.0675 30.7574 24.7887 23.868 21.1493 60.2681 73.6291 39.6823 20.1552 27.6549 61.5327 28.2972 26.332 21.4853 20.2618 19.111 18.5032 56.5497 25.3068 18.1666 16.1858 14.3622 10.0322 8.93413 6.31267
threshold=0.072163063141516604 0.011211793815241245 0.88789462569950384 0.053906090113354128 0.052023788456372573 0.015812652928534846 -0.86217476133431881 -0.70491885204503646 0.57514232024538892 0.32833704085728438 -0.021721151424366921 0.031166620948365201 0.057675054860674375 0.52807788475891937 0.019910714199847985 -0.040000409631535665 0.81470977865236471 0.013109894369136786 -0.0095303371722000856 0.60896649527140501 0.0074239673495188905 0.012797157320502633 1.2074437148517774 0.42507627463857883 1.754800385906228 0.95673634530628282 0.0060361687322973596 0.010908008350024536
decision_type=10 10 2 10 10 10 10 10 8 8 10 10 10 8 10 10 2 10 10 2 10 10 10 10 10 2 10 10
left_child=2 6 11 24 5 -5 26 8 10 -10 -3 12 14 -14 -1 16 -13 -17 -8 21 -21 -9 -20 -6 25 -4 27 -2
right_child=1 7 3 4 23 -7 18 19 9 -11 -12 15 13 -15 -16 17 -18 -19 22 20 -22 -23 -24 -25 -26 -27 -28 -29
leaf_value=-7.8699748162336473e-05 -0.0020971719515364144 0.0049687598123146761 -0.00043949247635539251 0.0036821743934770737 0.0063670038572573853 -0.0035126521389790724 -0.0021423601623513405 -0.00094363521321152283 -0.0084087564907979126 -0.0016486359238938302 -0.00034737082998024502 -0.0028171444093250475 0.0037674393600237383 -0.0015889662762245489 0.0010535559443570815 -0.0011745488173033711 0.0012078928030790073 -0.0042298242145689556 0.0027681788662415408 -0.0039916437367808798 -0.00028149882468047976 0.00059921649612760522 0.00039785166304938602 0.0029491073400805513 -0.0029050125066570104 0.0030952663014590831 0.00050449569998431919 -0.0039852062801937586
leaf_weight=62123 236 608 949 292 503 215 320 3043 480 4736 8585 782 1548 1101 15302 1022 1956 523 2197 1228 31279 16454 934 311 242 317 358 203
leaf_count=62123 236 608 949 292 503 215 320 3043 480 4736 8585 782 1548 1101 15302 1022 1956 523 2197 1228 31279 16454 934 311 242 317 358 203
internal_value=-2.84958e-05 -0.00026348 0.000161928 0.00201343 0.00485477 0.000980315 0.00143987 -0.000372482 -0.00105052 -0.00276749 -7.59191e-05 9.9789e-05 0.000171314 0.00218038 0.000102524 -0.00123669 -5.76853e-05 -0.00332342 0.00216049 -0.000184559 -0.000476744 0.000302493 0.00263665 0.00726135 -0.000475812 0.000377269 -0.00167669 -0.00358636
internal_weight=157847 70661 87186 2829 1321 507 4248 66413 14409 5216 9193 84357 80074 2649 77425 4283 2738 1545 3451 52004 32507 19497 3131 814 1508 1266 797 439
internal_count=157847 70661 87186 2829 1321 507 4248 66413 14409 5216 9193 84357 80074 2649 77425 4283 2738 1545 3451 52004 32507 19497 3131 814 1508 1266 797 439
is_linear=0
shrinkage=0.02


Tree=86
num_leaves=28
num_cat=0
split_feature=23 53 29 47 23 47 10 54 26 72 18 7 47 43 6 53 45 45 16 0 54 54 54 57 22 9 34
split_gain=20.7083 34.382 22.9604 24.1887 22.5553 26.9084 22.1921 22.7656 22.0827 21.21 21.209 21.126 39.8745 24.6252 19.8789 34.0843 24.5908 19.7753 16.413 15.0896 14.9833 14.6405 12.5783 12.0791 12.2273 8.33682 8.27608
threshold=0.012767139304396659 0.010900370295388781 3.369167095366421 -0.0094906830207938091 -0.017277045319391112 -1.0000000180025095e-35 0.80236345136516862 0.63547410372647495 0.67351388385969913 1.2755847852783944 68.590522544809048 0.012262819680102495 -0.12747583129116555 0.053765239728748145 0.019340314300261136 0.024132712610863215 0.017937755590757574 0.0039898183791871331 -0.017261271604468772 -0.00195295528174505 0.49570011730775437 0.27512555573950848 0.62997554062181005 0.84761932495273606 0.035344144425983111 0.8168156102675922 0.00020529602102479944
decision_type=10 10 10 8 10 10 10 10 8 8 10 10 8 10 10 10 10 10 8 10 8 8 10 10 10 10 10
left_child=2 9 10 6 5 -5 7 -4 18 17 14 12 -10 -13 15 -1 -16 25 26 -19 -20 -6 -8 24 -12 -2 -3
right_child=1 8 3 4 21 -7 22 -9 11 -11 23 13 -14 -15 16 -17 -18 19 20 -21 -22 -23 -24 -25 -26 -27 -28
leaf_value=-0.00012969786981091404 -0.0031860607740239952 -0.0038479308222208988 -0.00068052434370848545 0.0055530348461422172 -0.004835506384708808 0.002376561685183225 -0.0017609389803035036 -0.0052286294928379938 -0.0059507087202399127 -0.0053551446773764449 0.0015248183052801176 0.001260399041009415 -0.00056775762093821643 -0.0020465141776787885 0.0010505070844744823 -0.0067187317303579299 -0.0010795751311261845 0.00075110937201027796 -0.00017404385932918799 0.0041510123516644119 0.0013136314070274968 0.001084880275962934 0.0019850984192756882 0.0048359708965899206 -0.00054553735435049113 0.00070953801657402341 -0.00035973391850559005
leaf_weight=62070 206 324 340 201 219 378 262 272 290 201 2279 5158 44116 1188 17456 263 2681 514 5176 1054 5638 5595 433 341 702 266 357
leaf_count=62070 206 324 340 201 219 378 262 272 290 201 2279 5158 44116 1188 17456 263 2681 514 5176 1054 5638 5595 433 341 702 266 357
internal_value=-2.63196e-05 -0.000302036 0.000163841 0.00120997 0.00171692 0.00547931 -0.00126758 -0.00404241 -0.000389699 0.00213113 6.99125e-05 -0.000568991 -0.000723264 0.000510162 6.76601e-06 -0.000169699 0.000553084 0.00274277 0.000401705 0.00382282 0.000591586 0.00134101 0.00117529 0.00163647 0.00122669 -0.000841438 -0.00260704
internal_weight=157980 64488 93492 7700 6393 579 1307 612 62247 2241 85792 50752 44406 6346 82470 62333 20137 2040 11495 1568 10814 5814 695 3322 2981 472 681
internal_count=157980 64488 93492 7700 6393 579 1307 612 62247 2241 85792 50752 44406 6346 82470 62333 20137 2040 11495 1568 10814 5814 695 3322 2981 472 681
is_linear=0
shrinkage=0.02


Tree=87
num_leaves=24
num_cat=0
split_feature=42 10 46 63 20 29 10 45 30 45 7 46 42 36 54 49 50 10 13 48 51 21 10
split_gain=18.4995 57.648 29.7476 22.1831 18.7505 21.758 21.5773 17.2531 16.439 39.2938 49.8102 50.9726 32.1576 22.5936 20.7885 16.875 16.3189 44.4369 30.4151 28.4107 27.7792 36.4375 25.3072
threshold=0.050074529414674725 0.62823071171549871 0.0090863920594940455 0.077081220419202179 0.06629985806230744 4.569480105994784 1.2279828513933919 0.01369952049991156 0.52358650125028505 0.0087470329669051428 0.004860140058925779 0.0087237783845299944 0.044644769844308992 0.05755712226467273 0.45922623023517395 0.019512687406371024 0.030519255691912276 0.17317816920452114 0.28006162647370109 -0.0025932675702812764 0.72080650082043596 0.022469901858376776 1.6738442282752328
decision_type=10 8 10 10 10 10 10 10 10 10 10 10 10 10 8 10 8 8 10 10 2 10 8
left_child=8 2 -2 -3 6 -6 -5 -4 9 12 11 -11 15 -14 -12 -1 20 19 -19 -18 22 -22 -10
right_child=1 3 7 4 5 -7 -8 -9 16 10 14 -13 13 -15 -16 -17 17 18 -20 -21 21 -23 -24
leaf_value=-0.00019952050732965131 -0.0090413978961330996 0.0052544249140371625 -0.0002488817007178608 -0.00087161561789118771 -0.00055079624216394763 -0.007196769797847221 0.0023206639408618907 -0.0034509659169801965 3.7258043403351342e-05 -0.0050947819669217558 -0.0023286089927242867 -0.0013258752458609703 0.00049589536532006922 0.0082138732509725986 -0.00032065623636039529 0.00056294411306486911 0.0062848829687513087 -0.00060630627007414407 0.003444402916053072 0.0015159098590906534 0.0019237208451088111 -0.0015997924941926083 0.0019800559405229747
leaf_weight=34827 252 387 331 2917 257 215 1111 281 55697 814 1471 1358 225 246 9554 9911 402 22357 1158 751 7066 1391 5326
leaf_count=34827 252 387 331 2917 257 215 1111 281 55697 814 1471 1358 225 246 9554 9911 402 22357 1158 751 7066 1391 5326
internal_value=-4.40792e-05 -0.00115751 -0.00591676 -0.000314648 -0.000710509 -0.0044778 -0.00026756 -0.00352039 -2.08449e-06 -0.000265687 -0.00122579 -0.00399356 1.45543e-05 0.00520763 -0.000680029 -4.01886e-05 0.000161425 -0.000280433 -0.000468532 0.00355113 0.000318332 0.00139253 0.000169409
internal_weight=158305 5751 864 4887 4500 472 4028 612 152554 58406 13197 2172 45209 471 11025 44738 94148 24668 23515 1153 69480 8457 61023
internal_count=158305 5751 864 4887 4500 472 4028 612 152554 58406 13197 2172 45209 471 11025 44738 94148 24668 23515 1153 69480 8457 61023
is_linear=0
shrinkage=0.02


Tree=88
num_leaves=20
num_cat=0
split_feature=70 49 58 4 50 53 6 54 17 44 41 46 23 36 45 28 54 69 56
split_gain=19.4557 29.1302 21.626 18.7371 41.848 29.8315 63.6198 19.5534 18.9882 17.9964 18.5123 22.7888 17.9677 15.9396 16.2177 16.9805 14.2366 13.3584 11.6548
threshold=-1.241716599153516 -0.020361985196633899 0.037934710193204539 -0.23336220962815138 0.071921893441075482 0.020765565365582783 0.017309301462028606 0.64237726703965958 0.22247897567964059 0.071648708741143943 0.025892534913842361 0.0058836300152581992 0.0060100291992356567 0.066865917097561886 0.0063824549741248208 -0.018793762582863246 0.57514232024538892 0.32755024262571703 0.78835933789197288
decision_type=8 10 8 8 10 10 8 10 2 10 10 8 10 10 10 10 10 10 10
left_child=1 -1 13 4 8 7 -7 -5 -4 10 11 -3 -11 14 15 -2 18 -16 -15
right_child=2 9 3 5 -6 6 -8 -9 -10 12 -12 -13 -14 16 17 -17 -18 -19 -20
leaf_value=-0.0056285257014140966 0.0040909341249142249 -0.0046301690241669384 0.0024270126001293734 -6.3686159781577847e-05 0.0084486557663553605 -0.0039238941912158485 -0.0004157765050479617 0.00080214466884489827 -0.0014241600452879982 -0.00058416488380911007 -0.0037639320483864426 0.00019391217246227609 0.0035721230314890722 -0.0013608724821926055 -0.00038417980676298656 0.00071920887352180333 -0.0036233001348266692 0.0035962128387318081 0.0027913686972160273
leaf_weight=359 586 233 2261 132399 237 1164 6505 8397 1122 328 301 1071 203 366 713 783 294 230 369
leaf_count=359 586 233 2261 132399 237 1164 6505 8397 1122 328 301 1071 203 366 713 783 294 230 369
internal_value=-3.43081e-05 -0.00178606 -6.16367e-06 -4.11478e-05 0.00138028 -7.58288e-05 -0.00129048 -9.64509e-06 0.000809102 -0.00089752 -0.00195392 -0.000918008 0.00228947 0.00158528 0.0025067 0.00389635 -0.000483495 0.000485169 0.00100272
internal_weight=157921 2495 155426 152085 3620 148465 7669 140796 3383 2136 1605 1304 531 3341 2312 1369 1029 943 735
internal_count=157921 2495 155426 152085 3620 148465 7669 140796 3383 2136 1605 1304 531 3341 2312 1369 1029 943 735
is_linear=0
shrinkage=0.02


Tree=89
num_leaves=17
num_cat=0
split_feature=19 53 52 44 53 53 6 42 59 51 18 54 14 65 45 44
split_gain=21.5732 43.9939 23.6175 20.6179 26.3905 21.9373 17.2216 20.9047 42.5158 16.3907 15.4835 14.6992 12.1218 12.0963 11.512 9.72637
threshold=1.932995921503722 0.024633874530366154 0.96823770491803296 0.059948852170679919 0.010900370295388781 0.012518593741016227 0.070717937891513788 0.065690294477439029 0.51212126159070148 0.63443242803707933 62.077586860175614 0.63471309096588058 -0.049365769769413197 0.83991786447638617 0.004296995453320125 0.093494946956844696
decision_type=10 10 2 8 10 10 10 10 8 2 10 10 8 10 10 8
left_child=2 3 6 4 13 15 7 10 -9 -8 -1 -7 -3 -2 -6 -5
right_child=1 12 -4 5 14 11 9 8 -10 -11 -12 -13 -14 -15 -16 -17
leaf_value=-1.9661769150127741e-05 0.00060047602506723655 -0.0085217293969680873 0.0058626582818222415 0.0011482778333721641 0.00045292773638333923 -0.00043275488751356062 -0.00073481636338007473 -0.0029541397039072248 0.0010894936552259995 0.011687702626118424 0.00039722092466033961 0.0032745575241261344 -0.0032706797100047549 0.0054657049926209265 -0.0014905885990466607 0.0035857352423502493
leaf_weight=103881 212 205 212 607 967 4035 219 1215 1103 302 38162 221 217 201 6340 529
leaf_count=103881 212 205 212 607 967 4035 219 1215 1103 302 38162 221 217 201 6340 529
internal_value=2.49513e-05 -0.000738678 9.6199e-05 -0.000533669 -0.00119648 0.000414982 8.64008e-05 7.32741e-05 -0.00181026 0.00371264 0.000104038 -0.000243834 -0.00708747 0.00371498 -0.00147482 0.00288303
internal_weight=158628 13534 145094 13112 7720 5392 144882 144361 2318 521 142043 4256 422 413 7307 1136
internal_count=158628 13534 145094 13112 7720 5392 144882 144361 2318 521 142043 4256 422 413 7307 1136
is_linear=0
shrinkage=0.02


Tree=90
num_leaves=24
num_cat=0
split_feature=32 44 14 44 6 14 7 38 53 7 53 14 40 71 9 14 60 48 53 51 43 48 71
split_gain=17.1758 42.0355 33.1124 23.9992 43.259 40.671 40.1087 38.7861 33.3878 95.375 30.4333 25.0342 23.304 23.1492 22.8595 20.972 26.7875 18.7805 15.1 12.6832 13.9739 10.8311 9.62092
threshold=0.21128794183495972 0.10621104336596378 0.27726808512488638 0.12426035922099922 0.014415499172724061 -0.35275345043080281 0.016952520473744487 0.78974303051242167 0.020765565365582783 0.012362628619043477 0.020281499889091097 -0.24221009465649032 0.0014641529360134339 -0.98764899368642689 0.90159826866962944 -0.28372563352121261 0.90589410546671123 -0.0017833124015844135 0.020587870294827216 0.83442187203341567 0.047820791633721112 -0.031025180643603264 0.8474812816655567
decision_type=10 10 8 10 8 8 8 10 10 10 10 8 10 10 10 10 10 10 10 2 10 10 10
left_child=3 18 15 5 14 7 13 -1 10 -10 -7 -8 22 -6 17 -3 -17 -5 19 20 -2 -9 -4
right_child=1 2 12 4 6 8 11 21 9 -11 -12 -13 -14 -15 -16 16 -18 -19 -20 -21 -22 -23 -24
leaf_value=0.012056371379749083 2.6154181485889794e-06 -0.0058094176882344971 0.0061402010376363824 -0.0061713123382263193 0.0047955509854363757 -1.6646607740102986e-05 -0.008603926101472632 0.003339347080618863 -0.0033951588057433524 0.00020230925778706179 0.0033992423837732044 -0.0021449681869011193 0.015032648991731339 -0.00014719283563444929 -0.00066636488456978029 0.0010670454212948135 0.010266987659865024 -0.0017247832114368215 -0.004117484356744929 0.0054364821555621589 -0.00768085024593933 -0.004762836105486533 0.0012164333456598951
leaf_weight=358 4213 248 589 469 220 134965 263 852 2514 4773 1053 363 205 3717 318 1482 218 235 217 206 205 218 202
leaf_count=358 4213 248 589 469 220 134965 263 852 2514 4773 1053 363 205 3717 318 1482 218 235 217 206 205 218 202
internal_value=-2.99676e-05 0.000885949 0.00277012 -7.7422e-05 -0.00136377 -2.77613e-05 -0.000529798 0.0033296 -6.12535e-05 -0.00138008 9.39575e-06 -0.00522807 0.00573521 0.000217877 -0.00508113 0.0012509 0.00204468 -0.00708936 -0.00025981 -1.68649e-05 -0.000243947 0.00141737 0.00416414
internal_weight=158103 7785 2944 150318 5585 144733 4563 1428 143305 7287 136018 626 996 3937 1022 1948 1700 704 4841 4624 4418 1070 791
internal_count=158103 7785 2944 150318 5585 144733 4563 1428 143305 7287 136018 626 996 3937 1022 1948 1700 704 4841 4624 4418 1070 791
is_linear=0
shrinkage=0.02


Tree=91
num_leaves=18
num_cat=0
split_feature=39 57 21 32 70 54 20 58 60 53 43 53 60 29 59 34 45
split_gain=21.8212 20.1071 21.0732 25.9931 18.5291 16.3543 16.3235 16.0045 15.0236 14.9433 14.3435 12.1843 10.3321 12.1304 13.2114 9.50803 8.97489
threshold=-0.13985340293444612 0.96719734942567903 0.10816286132546606 -0.2761710207036227 -1.2872098570186516 0.65574673534202177 -0.021300762152829385 0.037934710193204539 0.9633883515559295 0.017537675959739027 0.070007560440346964 0.013617060730033111 0.44723117645517213 5.5674863936726471 0.86292912896318308 0.02700018866892721 0.0095006475060447036
decision_type=8 10 10 8 8 10 10 8 8 10 10 10 10 10 10 10 10
left_child=8 2 4 15 6 9 -2 -6 12 11 -5 -3 -1 14 -14 -4 -11
right_child=1 5 3 10 7 -7 -8 -9 -10 16 -12 -13 13 -15 -16 -17 -18
leaf_value=-0.00017982348649577917 0.0020667670951898288 0.00033065279441244963 0.0010569248835661915 -0.0016361953608439647 0.00085956016102517159 0.0057633903132187445 -0.0019583127203097361 -3.9130043777968646e-06 0.003498408160768793 -0.0064497885367230294 0.0034570970177986195 0.0028080874185821701 -0.004142181765070121 -0.0081758473238613995 0.00075213327878749395 0.0074986796855171954 -0.00022307100539401429
leaf_weight=254 244 1914 267 5810 3764 394 1532 139526 261 222 318 1985 262 241 228 211 387
leaf_count=254 244 1914 267 5810 3764 394 1532 139526 261 222 318 1985 262 241 228 211 387
internal_value=-2.55859e-05 -4.58566e-06 -4.53476e-05 -0.00114999 4.94944e-06 0.00125597 -0.00202476 3.01345e-05 -0.00266079 0.000913285 -0.00150073 0.00136872 -0.00379108 -0.00499727 -0.00317312 0.00333612 -0.00199672
internal_weight=157820 156574 151672 6606 145066 4902 1776 143290 1246 4508 6128 3899 985 731 490 478 609
internal_count=157820 156574 151672 6606 145066 4902 1776 143290 1246 4508 6128 3899 985 731 490 478 609
is_linear=0
shrinkage=0.02


Tree=92
num_leaves=28
num_cat=0
split_feature=45 27 46 71 6 49 28 44 48 7 54 20 28 53 38 10 57 14 9 51 42 37 36 16 15 20 45
split_gain=14.8094 57.4983 33.0972 51.1408 46.1446 64.0729 32.9552 58.0192 56.8132 64.6337 52.0078 60.2357 40.3438 31.2832 31.0471 27.2516 23.7261 21.8456 20.3722 21.466 19.9446 18.6573 16.4801 14.1661 13.6012 11.4648 9.09331
threshold=0.0044644105449606697 -0.030277786930582636 0.0034978139606113589 -0.77090199909128854 0.012082147830101555 0.010453935899109592 -0.13283647564421733 0.17681011985472364 -0.10872555099910929 0.008480215782309888 0.64237726703965958 0.0053064757940547444 -0.095111119260013741 0.020765565365582783 1.3679373391243179 1.7095255201548756 0.52426171136085464 -0.26795712458287357 -0.20374422093830394 0.58732752360203355 0.0021009543146685021 -0.27062420074904592 -0.05789294160452179 0.013128023029676751 -0.18017811060994868 -0.027199404204409302 0.0042033190621472609
decision_type=10 8 8 10 8 10 8 8 8 8 10 8 10 10 8 10 8 8 10 2 8 10 8 10 10 10 10
left_child=1 16 3 -3 5 -4 7 14 9 -8 13 -12 -11 -10 15 -2 18 -9 25 -20 -6 -5 26 -24 -16 -1 -18
right_child=6 2 4 21 20 -7 8 17 10 12 11 -13 -14 -15 24 -17 22 -19 19 -21 -22 -23 23 -25 -26 -27 -28
leaf_value=-0.0017976782486432375 0.00094414619060691099 -0.0060409614026102057 0.000396076091726089 0.0038141575078780533 0.0018984642312952454 0.0027676390619207625 -0.0073726608728180215 -0.011343384998919178 -0.00024423415528261708 0.001560960094549102 0.0023959284943984895 -0.00044992659190070257 -0.0034651608768331665 -0.0020825051402327487 0.0029372682885705961 0.0051991576756213534 -0.00066562626630730813 -0.0017567032818922303 -0.00090002064110898813 -0.0034135604940783936 -0.00024268590361151146 -0.001779681419170743 0.0024934539038641659 -0.0006228270549500565 -0.0013742785785717643 0.0029974823282458382 -0.0080278042125316012
leaf_weight=212 13376 352 5376 332 1940 5197 327 279 94585 723 4499 3955 1131 2445 475 2153 487 226 2092 2951 8286 873 1310 1028 2711 393 211
leaf_count=212 13376 352 5376 332 1940 5197 327 279 94585 723 4499 3955 1131 2445 475 2153 487 226 2092 2951 8286 873 1310 1028 2711 393 211
internal_value=-2.82284e-05 0.000363326 0.000899852 -0.00191142 0.00111048 0.00203688 -0.000124033 0.000638781 -0.000260231 -0.00345463 -0.000194132 0.00131023 -0.00200431 -0.000325236 0.000819513 0.00118854 -0.00101762 -0.00604348 -0.00178403 -0.00220024 0.000152342 4.80929e-05 0.000407639 0.00121334 -0.00097835 0.00167987 -0.00228612
internal_weight=157925 31040 22356 1557 20799 10573 126885 19220 107665 2181 105484 8454 1854 97030 18715 15529 8684 505 5648 5043 10226 1205 3036 2338 3186 605 698
internal_count=157925 31040 22356 1557 20799 10573 126885 19220 107665 2181 105484 8454 1854 97030 18715 15529 8684 505 5648 5043 10226 1205 3036 2338 3186 605 698
is_linear=0
shrinkage=0.02


Tree=93
num_leaves=21
num_cat=0
split_feature=19 41 45 50 17 46 46 70 49 38 52 46 50 6 8 57 45 46 70 43
split_gain=22.999 43.1382 41.8079 23.8237 18.0325 27.0825 17.8924 17.1357 33.8232 16.0335 16.0037 26.1504 25.9436 14.7386 14.3185 16.1744 13.719 13.18 12.0643 9.76846
threshold=1.9538731565609513 0.028528385788799796 0.011930488655915996 0.11198437295535359 -2.0499426430180678 0.0068844110465708184 0.0042285557829943336 -1.241716599153516 -0.016455471070945579 1.556857392158095 0.60896649527140501 0.012981619486715125 0.021965665699421825 0.015087726822079001 0.012933751396674046 0.46751885431130719 0.004296995453320125 0.0079319560363691425 -0.23043575583531986 0.028125368830305367
decision_type=8 10 10 10 2 10 8 10 10 10 2 8 10 8 8 8 10 10 8 10
left_child=3 6 17 4 5 -1 16 8 -6 -9 12 -12 -8 -7 -4 -16 19 -3 -19 -2
right_child=1 2 14 -5 7 13 10 9 -10 -11 11 -13 -14 -15 15 -17 -18 18 -20 -21
leaf_value=-0.0029552835554111207 -0.0022649656961243299 -0.0031329156894838858 -0.0080485929057111851 0.0056969844072468859 -0.0055239813353297864 0.0060033368982365769 -5.7849943465837498e-06 4.5123691432772191e-05 -0.0004342974934586858 -0.00166683436155543 -0.0013000155280630094 0.0017867295017231703 0.0054677956913775239 0.0021954465391254012 -0.0095894890942732607 -0.0018538526844283285 0.0045264520981053045 0.0018272560153482884 -0.002814297933123917 0.0017594950551373439
leaf_weight=345 274 316 205 214 381 291 3917 137926 1778 1534 6931 757 210 1214 201 202 251 430 284 612
leaf_count=345 274 316 205 214 381 291 3917 137926 1778 1534 6931 757 210 1214 201 202 251 430 284 612
internal_value=-4.10554e-05 -0.000797615 -0.00385479 3.5759e-05 2.57754e-05 0.00198703 -0.000410561 1.27101e-07 -0.00176759 2.75202e-05 -0.000641334 -0.00118065 0.000362888 0.00314608 -0.00800985 -0.00578713 0.00198418 -0.00139476 0.000109091 0.00080947
internal_weight=158273 14590 1638 143683 143469 1850 12952 141619 2159 139460 11815 7688 4127 1505 608 403 1137 1030 714 886
internal_count=158273 14590 1638 143683 143469 1850 12952 141619 2159 139460 11815 7688 4127 1505 608 403 1137 1030 714 886
is_linear=0
shrinkage=0.02


Tree=94
num_leaves=21
num_cat=0
split_feature=59 46 6 43 43 49 41 46 41 19 46 6 41 57 44 50 16 46 37 52
split_gain=21.7661 24.9558 44.1993 28.8796 39.618 23.638 27.9557 42.3028 19.1639 18.2854 40.4063 20.0172 26.093 18.736 17.9928 27.4477 19.9069 16.1443 29.3672 18.3605
threshold=0.05448678423151232 0.0098034715565004805 0.0090629800194766633 -0.054272746263668507 0.053263173519828684 -0.023854345818003549 -0.009897626106818434 0.0090863920594940455 -0.012132293554775296 1.854802337551116 0.025294312758983254 0.070717937891513788 0.019448558757129589 0.59181469564067546 0.059948852170679919 0.0052408444847511513 0.097347296066567904 0.034133759215293408 0.14920140604396873 0.95673634530628282
decision_type=8 10 10 10 10 10 10 10 10 8 10 10 10 8 8 10 8 10 8 2
left_child=1 5 -3 -4 -5 -1 8 -8 -7 11 14 17 -13 -12 15 -11 -16 19 -19 -2
right_child=9 2 3 4 -6 6 7 -9 -10 10 13 12 -14 -15 16 -17 -18 18 -20 -21
leaf_value=-0.0051881345045305654 0.00012066201436552269 -0.0081011754064319492 0.002145204792134842 -0.0037387371281448747 0.0014318347804062877 0.0012075927769521738 -0.00079050517775858047 0.0060329029258342519 0.0082255249733763081 0.00081447951828595474 -0.0056961996727661873 -0.00014909835202383647 0.012850608663215366 -0.0020305441589241954 0.001123832377389616 -0.0014272035270451674 -0.00083410954367897649 -0.0019498652332718227 0.00090524173723976532 0.0033611978437592237
leaf_weight=213 129356 215 341 1353 441 537 4116 449 225 2001 262 292 254 222 3967 6674 3554 1910 1157 448
leaf_count=213 129356 215 341 1353 441 537 4116 449 225 2001 262 292 254 222 3967 6674 3554 1910 1157 448
internal_value=-4.92442e-06 -0.00102877 -0.00275542 -0.00188109 -0.00289582 -0.000295615 -3.34084e-05 -0.000625931 0.00350983 4.88881e-05 -0.000575385 0.000126954 0.00394516 -0.00626392 -0.00040489 -0.00102559 0.000310822 0.00011122 -0.00132269 0.000145125
internal_weight=157987 7890 2350 2135 1794 5540 5327 4565 762 150097 16680 133417 546 484 16196 8675 7521 132871 3067 129804
internal_count=157987 7890 2350 2135 1794 5540 5327 4565 762 150097 16680 133417 546 484 16196 8675 7521 132871 3067 129804
is_linear=0
shrinkage=0.02


Tree=95
num_leaves=23
num_cat=0
split_feature=0 44 5 48 48 28 46 4 43 38 50 44 46 54 64 49 75 72 59 4 38 1
split_gain=20.2512 23.8672 25.4858 22.7954 43.7495 21.386 24.3989 27.0735 21.7103 20.5741 20.4752 18.804 20.1335 17.212 14.5508 14.4251 14.405 13.1592 16.4293 11.2044 7.59329 7.05354
threshold=-0.032352893925710217 -0.15886070800446697 0.01872011194607456 -0.02450596148807976 -0.069558895827547415 -0.28321165145207372 0.037096225519872329 -0.046205225248604147 0.052023788456372573 1.5277940755647486 0.058485253001054012 0.077840328853798116 0.0090042221378546488 0.40689727151823396 0.94367775578631541 0.014336495168701726 -0.033674688725559454 0.78565352204581196 0.6151400764053121 -0.11272399854229979 1.2709844868571603 -0.010386525976072201
decision_type=10 8 10 8 10 8 10 10 8 10 10 8 10 10 8 8 10 10 8 10 10 10
left_child=3 2 -2 4 17 10 8 -8 -7 -4 20 12 13 -5 16 -13 -6 18 -1 -19 -3 -11
right_child=1 5 9 11 14 6 7 -9 -10 21 -12 15 -14 -15 -16 -17 -18 19 -20 -21 -22 -23
leaf_value=-0.00028614563379273983 -0.006892152999570569 0.0028173807224456575 0.0032360664165442532 0.0039073999293586991 0.0081359215493039781 -0.00013705717637477684 -0.00046036965791050068 -0.0050160394243781263 0.00061972919241101764 -0.0014803849916107143 0.0064668092931410718 -0.0078584765510375174 0.0073339546763181466 -0.0026749483998981523 0.00091914497286613313 -0.00048794744358030093 0.0019255319431954253 -0.00075008072439187751 0.004312666502092507 -0.0064656630601755251 -0.00088934813518589837 -0.0033694138369824217
leaf_weight=743 203 1186 230 253 789 133788 1032 571 14754 273 288 223 240 741 297 245 405 409 445 212 501 271
leaf_count=743 203 1186 230 253 789 133788 1032 571 14754 273 288 223 240 741 297 245 405 409 445 212 501 271
internal_value=-5.32448e-05 -9.4175e-05 -0.00320859 0.00119888 0.00216843 -7.41384e-05 -0.000101355 -0.00255486 -7.4847e-05 -0.00154581 0.00199291 -0.000679977 0.000613765 -0.000641206 0.00470375 -0.00408955 0.0056887 7.62431e-05 0.00131034 -0.00227974 0.0011481 -0.00366606
internal_weight=158099 153097 977 5002 3300 152120 150145 1603 148542 774 1975 1702 1234 994 1491 468 1194 1809 1188 621 1687 544
internal_count=158099 153097 977 5002 3300 152120 150145 1603 148542 774 1975 1702 1234 994 1491 468 1194 1809 1188 621 1687 544
is_linear=0
shrinkage=0.02


Tree=96
num_leaves=28
num_cat=0
split_feature=0 42 42 42 42 42 7 45 65 6 50 38 4 48 38 10 45 44 42 24 44 44 45 69 41 4 10
split_gain=19.2537 29.1169 25.7734 31.4613 23.0056 20.0313 21.3199 18.8625 61.5784 31.9068 72.2999 25.4849 23.9138 48.5215 67.4206 31.4765 31.303 23.025 19.6044 15.9281 15.8149 17.7372 15.2073 14.9399 12.3493 12.0442 8.50694
threshold=-0.030752027874483664 -0.013460359965383471 0.006426145628502967 0.0025663433334067736 -0.005241347237394999 -0.027812411749075224 0.0098360503532397732 0.0044644105449606697 0.22032067943039135 0.012082147830101555 0.033397460294081978 0.7073618084767469 -0.065904806312114858 -0.10872555099910929 1.2027398596826344 1.5722848006459023 0.018619033743462497 0.076579330989720598 0.0089622406649859671 -1.4250152088938219 0.11670503676966516 0.082341461844897115 0.0093197598497616486 -0.032657525453993558 -0.024571194711416774 -0.10366325085183185 1.2775067694472737
decision_type=8 8 10 8 10 10 10 8 8 10 10 10 8 8 8 10 10 10 10 10 10 8 10 8 10 10 10
left_child=1 5 3 4 -3 24 -7 8 19 10 -10 -11 15 14 -14 18 -15 -17 -9 -2 21 -4 -8 -21 25 -1 -26
right_child=7 2 20 -5 -6 6 22 12 9 11 -12 -13 13 16 -16 17 -18 -19 -20 23 -22 -23 -24 -25 26 -27 -28
leaf_value=0.0036451583483470829 0.0036980351586503881 -0.0031862700359880994 0.0022117679429683687 -0.0074164068850088817 0.0032727220795047774 0.00013869031377807355 0.0049563921477145017 -0.00036229672138262178 0.00056669463408989362 0.0013707280597412663 0.0028568861758604862 -0.00062638079571756698 -0.0047406386949913424 -0.00021713601472771489 0.0011449004959511718 0.0047974458467450369 0.0057330582016646226 -0.0037284483688126467 0.00085880403426423784 -0.0022789674899733039 0.0096272087059212572 -0.0035483658497664295 0.007204267585101962 -0.00017393437006656351 0.00091516508440911144 -0.00021268402349473498 -0.0027433252149124416
leaf_weight=483 211 605 988 281 404 366 364 10872 9123 3397 3378 7087 1195 99394 696 2236 560 286 7914 4048 202 228 611 2050 397 376 280
leaf_count=483 211 605 988 281 404 366 364 10872 9123 3397 3378 7087 1195 99394 696 2236 560 286 7914 4048 202 228 611 2050 397 376 280
internal_value=-4.29024e-06 0.00114894 -0.00033887 -0.0023842 -0.000730693 0.00254969 0.00433532 -4.65601e-05 0.000409558 0.00089002 0.00157239 7.61087e-05 -0.000155074 -0.000282564 -0.0034556 0.000454174 -0.00022248 0.00255172 0.000172353 -0.00134041 0.00152079 0.000655711 0.0058791 -0.00152779 0.000987638 0.00257907 -0.0010295
internal_weight=158032 5585 2708 1290 1009 2877 1341 152447 29294 22985 12501 10484 123153 101845 1891 21308 99954 2522 18786 6309 1418 1216 975 6098 1536 859 677
internal_count=158032 5585 2708 1290 1009 2877 1341 152447 29294 22985 12501 10484 123153 101845 1891 21308 99954 2522 18786 6309 1418 1216 975 6098 1536 859 677
is_linear=0
shrinkage=0.02


Tree=97
num_leaves=18
num_cat=0
split_feature=19 41 37 50 51 53 53 6 41 42 59 4 41 43 42 69 66
split_gain=14.4162 37.4616 30.2109 26.6434 22.5733 19.0163 16.2416 16.0046 32.85 17.9747 39.6034 14.4799 13.3812 11.0469 11.61 10.4899 8.09908
threshold=1.9538731565609513 0.030461006985560649 0.44137199300291924 0.11198437295535359 0.65005488523587174 0.011755444946715321 0.021694372591866507 0.070717937891513788 0.021444402851076409 0.065690294477439029 0.50835076708507676 0.39506149335626056 0.015542503405594267 -0.027805513792282962 0.01654097027195001 -0.25800447077973115 0.37578952967301843
decision_type=8 10 10 10 2 8 10 10 10 10 8 10 10 8 8 10 8
left_child=3 5 4 7 -3 12 -6 9 -9 11 -11 -1 15 -7 -15 -2 -14
right_child=1 2 -4 -5 6 13 -8 8 -10 10 -12 -13 16 14 -16 -17 -18
leaf_value=2.0744468770034288e-05 -0.0013540707374515837 -0.0072819229974255629 -0.007531384724266098 0.0061553296436901109 0.00026652269794790324 0.0028927801351171373 -0.0047107831654776677 -0.00099525960591341565 0.012506680717510685 -0.0027301785493892882 0.00087907228612233367 0.0020725851719551537 0.0050976062073101579 -0.0010702447694598753 -3.6416629827411563e-05 0.0015373969571870749 0.0012582633354744155
leaf_weight=138656 569 232 217 202 752 397 245 296 235 1206 1121 1939 212 5433 5148 978 275
leaf_count=138656 569 232 217 202 752 397 245 296 235 1206 1121 1939 212 5433 5148 978 275
internal_value=-2.03524e-05 -0.000622311 -0.00367519 4.02211e-05 -0.00245366 -0.00028264 -0.00114028 2.99608e-05 0.00349248 1.70581e-05 -0.00172595 4.5933e-05 0.00149287 -0.000611895 -0.000735022 0.000580103 0.00438115
internal_weight=158113 14458 1446 143655 1229 13012 997 143453 531 142922 2327 140595 2034 10978 10581 1547 487
internal_count=158113 14458 1446 143655 1229 13012 997 143453 531 142922 2327 140595 2034 10978 10581 1547 487
is_linear=0
shrinkage=0.02


Tree=98
num_leaves=28
num_cat=0
split_feature=23 53 53 48 58 75 53 44 46 18 69 44 41 48 46 46 50 8 48 37 26 48 48 5 28 30 20
split_gain=17.2771 24.9207 24.6703 51.2758 65.9769 41.7234 31.4493 36.276 27.8301 24.3585 19.6603 60.3292 43.5995 40.1373 35.3877 28.3379 19.3333 18.7446 17.9809 19.0647 17.5761 17.4998 17.6242 17.3374 15.7798 12.93 9.68907
threshold=0.012767139304396659 0.011211793815241245 0.013639968307537899 -0.0051005012495084481 0.37368411721163614 1.0066306482182659 0.013873483974359413 0.079999644393763517 0.006377176252591296 68.590522544809048 -0.1075731773828633 0.00083594828880284588 -0.027381279245114461 -0.020992339161114312 0.037096225519872329 0.015511705849620694 -0.0088289251997013523 0.016246797472308897 -0.01770720589498553 -0.21053602768001237 0.66268429217019753 -0.045418852036509964 -0.025183062176622081 0.019194558782197616 -0.07215197296774449 0.53711464650094154 -0.0049491657650081447
decision_type=8 8 8 8 8 10 8 8 8 10 10 8 10 10 10 10 10 10 10 8 10 10 10 10 10 8 10
left_child=9 16 3 4 -3 -5 7 -4 -8 10 11 13 -13 -1 15 -12 -2 -16 19 -18 23 24 -23 26 -22 -20 -11
right_child=1 2 6 5 -6 -7 8 -9 -10 20 14 12 -14 -15 17 -17 18 -19 25 -21 21 22 -24 -25 -26 -27 -28
leaf_value=0.00073834788519602204 0.0049040386493504158 -0.0029602835467665762 0.003148617571766303 -0.00012758883701224216 -0.00046956507412277819 0.0063756672159000832 0.0012118559741084917 -0.0016208003562500431 -0.00033261738887475884 0.0014479567267192573 0.00036537812476068596 -0.0045120117713445982 -0.00040292865794979733 0.0045386872136088698 -0.0042816862358952554 0.0025921431796959993 -0.0047820706571883179 -0.00059085856843381715 0.00097263957027285896 0.00020368515856123906 0.0029391980410356892 0.0043957645636642064 0.0014829595969264038 0.0034284293976180138 -0.0022041047725709102 0.0037175185908260092 -0.0021699608973090806
leaf_weight=8895 299 4343 1729 10747 6332 222 4009 665 34319 216 32024 1005 41473 1166 307 1238 263 266 2048 528 326 534 3470 245 466 485 656
leaf_count=8895 299 4343 1729 10747 6332 222 4009 665 34319 216 32024 1005 41473 1166 307 1238 263 266 2048 528 326 534 3470 245 466 485 656
internal_value=-3.56211e-05 -0.00028274 -0.000376449 -0.000922061 -0.00190877 3.81039e-05 -8.63885e-05 0.00213695 -0.000225365 0.000141058 5.60116e-05 -0.000186106 -0.000515973 0.00120632 0.000432025 0.000517031 0.00132947 -0.00449129 0.000889624 -0.0017399 0.00138282 0.00190911 0.00244644 -0.000874776 -0.00080454 0.00171192 -0.00219702
internal_weight=158276 65989 62366 21644 10675 10969 40722 2394 38328 92287 86374 52539 42478 10061 33835 33262 3623 573 3324 791 5913 4796 4004 1117 792 2533 872
internal_count=158276 65989 62366 21644 10675 10969 40722 2394 38328 92287 86374 52539 42478 10061 33835 33262 3623 573 3324 791 5913 4796 4004 1117 792 2533 872
is_linear=0
shrinkage=0.02


Tree=99
num_leaves=23
num_cat=0
split_feature=72 56 10 46 44 44 53 51 32 33 18 41 6 7 46 3 17 15 44 14 53 51
split_gain=19.7898 29.5234 26.1181 38.2821 33.2915 25.447 23.4696 27.4701 19.7506 18.6374 28.5786 18.0436 17.9738 17.8037 22.2508 16.7802 15.8685 18.427 15.4034 25.8608 9.43881 7.23083
threshold=-1.835329107634889 0.52832098388205651 0.045295057942701285 0.0040265585837819511 0.06534283894239902 0.07418281250083604 0.017392016336547866 0.40692868151884548 0.32248815802103287 0.15268638311596319 83.417049086060203 0.032237393368989793 0.010340265493102987 0.0059448288420474839 0.0072163308858859453 0.021640747387911888 0.0032718171436373002 -0.0203345907701829 0.10410281038812709 -0.1949859644014709 0.014468507806841615 0.63243200284237011
decision_type=8 10 8 10 10 10 10 2 10 10 10 10 10 10 8 10 2 10 10 10 10 2
left_child=1 13 3 -2 15 6 7 -3 9 10 -4 -11 -6 14 -1 -5 17 -15 20 -20 -10 -18
right_child=2 5 8 4 12 -7 -8 -9 18 11 -12 -13 -14 16 -16 -17 21 -19 19 -21 -22 -23
leaf_value=0.00065178520227310538 -0.0049699380094776107 -0.0077087267602353876 -1.9634271993726819e-05 0.00387878685996252 0.01072938534508968 0.0045800666388479466 0.0017050170356235597 -0.0035106137267288985 0.0039402831057098377 -0.00083702560349708968 0.0013675438890135116 0.0022296236459514651 0.0042834233927833568 0.0013882741231405927 -0.0051286654108614197 -0.0022002850852906831 -0.0041082853583611287 0.0070499408661225619 -0.0048232146845870296 0.0053131522560309046 -0.0020522081963943073 0.002975559498289503
leaf_weight=378 208 326 136343 307 239 210 321 1093 507 10263 3515 778 204 343 261 213 233 233 200 912 631 221
leaf_count=378 208 326 136343 307 239 210 321 1093 507 10263 3515 778 204 343 261 213 233 233 200 912 631 221
internal_value=-2.39205e-05 -0.00148564 1.0355e-05 0.00298464 0.00466598 -0.00315633 -0.0039506 -0.00505493 -1.23931e-05 -4.01458e-05 2.22939e-05 -0.00083119 0.00868919 0.000465868 -0.00215313 0.00122457 0.00209311 0.00429463 0.00184718 0.00352022 0.000208955 -0.000698901
internal_weight=157939 3619 154320 1171 963 1950 1740 1419 153149 150899 139858 11041 443 1669 639 520 1030 576 2250 1112 1138 454
internal_count=157939 3619 154320 1171 963 1950 1740 1419 153149 150899 139858 11041 443 1669 639 520 1030 576 2250 1112 1138 454
is_linear=0
shrinkage=0.02


Tree=100
num_leaves=26
num_cat=0
split_feature=69 16 54 46 57 44 44 69 70 49 38 15 5 50 50 44 42 50 10 71 9 69 30 57 0
split_gain=19.3922 22.9484 29.291 37.9398 30.1083 28.5763 28.1461 15.9489 15.4741 28.2182 13.9444 26.015 15.2898 13.7991 16.8302 22.2772 35.6273 12.3123 11.7492 12.462 11.1253 10.2881 10.2024 8.91573 8.36599
threshold=1.5860133112543762 0.10814953440398146 0.45922623023517395 0.0092842905730741235 0.48770471151423539 0.0027441872291550378 0.16428366975657974 0.29097382762292284 -1.241716599153516 -0.016455471070945579 1.556857392158095 -0.13725836351766788 0.026569326035926915 0.055916910045066943 0.039109424865627636 0.079481901763222243 0.017456881710605002 -0.010572402618022001 1.1825468793542504 0.24655175627145218 1.0428978655629295 0.4143400326496266 0.69264850499581032 0.58787244833269947 0.0044334556858443017
decision_type=10 10 10 10 10 10 8 10 8 10 10 10 10 10 10 10 10 8 10 8 10 10 10 8 10
left_child=1 8 3 7 6 -6 -4 -3 9 23 12 -12 -10 14 15 22 -17 -11 19 -16 -15 -5 -2 -1 -20
right_child=13 2 4 21 5 -7 -8 -9 10 17 11 -13 -14 20 18 16 -18 -19 24 -21 -22 -23 -24 -25 -26
leaf_value=-0.0068522652589239619 0.0011198439161496853 -0.0041896196414877278 -0.0012711279200520727 -0.0045430748344500701 -0.0027724287342787814 0.0015918640138485429 -0.0071685731627347503 -0.000195926624866338 -1.8429890021767934e-05 0.0023877087197950583 0.0023426810967470792 -0.0024862091747128593 0.0010147049282845904 0.0010888956576230091 0.004672916318540752 0.00077491757601141345 -0.011945781833278078 -0.00084229018735456631 0.0093317236865390982 -0.0024063396738247035 -0.0078508023490610583 -0.0082459107712434063 0.0051908232114400233 -0.0037467687743563479 0.00419837508218362
leaf_weight=204 4952 776 1491 221 696 2762 318 1202 129063 246 458 1135 9800 201 271 513 212 1763 257 229 200 277 460 200 231
leaf_count=204 4952 776 1491 221 696 2762 318 1202 129063 246 458 1135 9800 201 271 513 212 1763 257 229 200 277 460 200 231
internal_value=-1.84521e-05 -6.79755e-05 -0.00112836 -0.00292208 -0.000284358 0.000808904 -0.00237459 -0.0016766 -1.04851e-05 -0.00159818 1.67881e-05 -0.00184316 3.81524e-05 0.000972233 0.00117569 0.000784946 -0.00250413 -0.000625871 0.00359757 0.00143313 -0.00263184 -0.0078517 0.00122631 -0.00641481 0.00580368
internal_weight=158138 150612 7743 2476 5267 3458 1809 1978 142869 2413 140456 1593 138863 7526 7125 6137 725 2009 988 500 401 498 5412 404 488
internal_count=158138 150612 7743 2476 5267 3458 1809 1978 142869 2413 140456 1593 138863 7526 7125 6137 725 2009 988 500 401 498 5412 404 488
is_linear=0
shrinkage=0.02


Tree=101
num_leaves=21
num_cat=0
split_feature=70 43 41 41 43 10 0 44 44 44 41 5 32 53 44 50 24 45 57 0
split_gain=18.9083 27.676 18.5488 18.0051 25.1952 31.7349 16.6403 20.6756 21.6546 27.8751 18.8649 33.2019 26.0584 23.5614 13.4017 13.0218 11.0512 10.995 10.8319 10.3117
threshold=-1.241716599153516 0.0050476658670425287 -0.0045726223971850879 -0.011418822023079199 -0.027805513792282962 0.45333251831599686 -0.030752027874483664 0.21061477256694075 0.12520615997934095 0.07418281250083604 0.049669602880840442 0.020720759158612458 -0.41652695850675203 0.020765565365582783 0.071648708741143943 0.040813996204621346 0.49893466300957218 0.0076738505322224227 0.11664866810655149 0.011798889024873584
decision_type=8 10 10 10 10 8 10 8 10 10 10 8 8 10 10 10 8 10 8 10
left_child=1 3 -3 16 -5 -6 7 8 9 -2 12 -12 18 -14 17 -16 -1 -4 -8 -13
right_child=6 2 14 4 5 -7 10 -9 -10 -11 11 19 13 -15 15 -17 -18 -19 -20 -21
leaf_value=-0.0027388024703378167 0.0017659011804240208 0.004179958843247995 0.00013184404892399638 0.0025624644167777165 -0.0077335169674272097 6.8344300869970304e-05 0.014829544807678029 -0.0039915826578398638 0.0086578027815090389 -0.0033681223995683275 -0.0044480753214196809 0.0011181937719273152 4.2556491593175317e-05 -0.00087216503244069048 0.0038063820059113132 -0.00086348918297438992 -0.0071492350459032043 -0.0023858513878499549 0.0015267557880786645 -0.0027562533096968768
leaf_weight=228 4533 207 349 215 204 251 203 311 282 480 341 543 140767 7403 204 219 206 400 202 353
leaf_count=228 4533 207 349 215 204 251 203 311 282 480 341 543 140767 7403 204 219 206 400 202 353
internal_value=8.7396e-07 -0.00173027 0.000157971 -0.00408869 -0.00202385 -0.0046886 2.85551e-05 0.00109827 0.00139313 0.00108855 -1.14676e-05 -0.00247011 9.00549e-06 -4.84575e-06 -0.000816709 0.00202358 -0.00725977 -0.002424 0.00506897 -0.000443701
internal_weight=157901 2483 1379 1104 670 455 155418 5606 5295 5013 149812 1237 148575 148170 1172 423 434 749 405 896
internal_count=157901 2483 1379 1104 670 455 155418 5606 5295 5013 149812 1237 148575 148170 1172 423 434 749 405 896
is_linear=0
shrinkage=0.02


Tree=102
num_leaves=23
num_cat=0
split_feature=78 55 45 53 53 54 59 14 54 58 9 37 54 14 48 52 76 37 64 72 58 36
split_gain=16.3632 18.8296 24.8812 39.1029 44.6661 24.96 42.6127 32.0158 24.1699 23.1267 22.43 21.2756 20.2524 15.8787 13.1553 12.168 12.6122 8.9826 8.00659 12.0636 6.12582 5.57062
threshold=2.0431510323838471 0.44758944921819982 0.0044011192485553501 0.010989558943293544 0.013639968307537899 0.26539192099006792 0.24232893663190555 -0.012872390310858293 0.24510562928333965 0.3340587672517501 -0.26554971043423953 -0.46777966127800091 0.56698141799123214 0.11494757531577239 -0.068583797197533145 0.53348461517681078 0.041755841856551859 0.48152275591224036 0.50320514283888007 -0.12445442324466864 0.94820215624986037 -0.15187949605785081
decision_type=10 8 8 8 8 10 10 10 8 10 10 10 10 10 8 2 10 10 10 10 10 10
left_child=1 8 5 9 -5 6 -3 -7 -1 -4 11 -10 -12 14 -2 -15 17 -17 19 -16 -18 -20
right_child=13 2 3 4 -6 7 -8 -9 10 -11 12 -13 -14 15 18 16 20 -19 21 -21 -22 -23
leaf_value=0.0068706470101144827 0.0012778023439899012 -0.0051010495707145024 0.0034210505540896224 -0.00095195743843184716 -4.9108200815866226e-05 -0.0013203339778800533 1.1908560815259568e-05 0.0010239582773097259 0.0016947155077061237 0.00088675160161240483 -6.8334605105268545e-05 0.0058718793499182064 0.00062861892785353408 -0.0035317014688048044 -0.0016279399907586872 0.00083574228565275535 -0.002239589523446594 0.0051384436737864506 -0.0049171255760681546 -0.0066703555804219728 0.00072557416345287742 -0.00090067260914880739
leaf_weight=339 239 324 723 22978 46786 2034 936 11452 1431 1290 43628 313 22516 218 292 401 323 266 370 229 352 938
leaf_count=339 239 324 723 22978 46786 2034 936 11452 1431 1290 43628 313 22516 218 292 401 323 266 370 229 352 938
internal_value=-1.66562e-05 1.44619e-05 -0.000181429 -0.000335172 -0.000414506 0.000566759 -0.00212371 0.000818418 0.000262913 0.00241212 0.000236239 0.0024745 0.000177156 -0.00134417 -0.00249299 0.000178091 0.000892033 0.00284132 -0.00306995 -0.00516858 -0.00103254 -0.00222918
internal_weight=158378 154750 86523 71777 69764 14746 1260 13486 68227 2013 67888 1744 66144 3628 2068 1560 1342 667 1829 521 675 1308
internal_count=158378 154750 86523 71777 69764 14746 1260 13486 68227 2013 67888 1744 66144 3628 2068 1560 1342 667 1829 521 675 1308
is_linear=0
shrinkage=0.02


Tree=103
num_leaves=23
num_cat=0
split_feature=69 23 32 55 17 46 32 6 46 41 52 14 48 51 45 40 42 0 66 23 37 8
split_gain=15.7813 23.6259 23.1418 19.7925 17.2813 21.232 19.5142 18.0563 34.8279 15.3893 14.0557 13.7938 13.9034 20.7768 17.9369 12.5158 12.4214 11.843 8.60379 8.11486 7.85434 2.83723
threshold=1.6493751801400169 0.12423332425007062 -0.2761710207036227 0.95953137050310766 -2.0499426430180678 0.0067550141796695424 0.012831271761792553 0.060421662430625224 0.034133759215293408 0.019092573356297663 0.70463811982551416 0.26891985405032243 -0.025758632796409938 0.44665125402830325 0.0085367364156801375 -0.00095791535460195614 -0.010824784011852271 -0.015914331587781435 0.819035604149145 0.19524289376610163 0.038702238190554968 0.0097879095663129089
decision_type=10 10 8 10 2 10 10 10 10 10 2 10 10 2 10 10 10 10 10 10 10 10
left_child=1 4 19 15 5 -1 -7 8 -6 -9 -5 20 14 16 21 -4 -14 -15 -16 -3 -2 -13
right_child=11 2 3 10 7 6 -8 9 -10 -11 -12 12 13 17 18 -17 -18 -19 -20 -21 -22 -23
leaf_value=-0.0028979528671282217 0.00010110599389157878 0.00033624702564095222 0.00012645231801524133 0.00010721271620694612 -2.8609477261528766e-05 -0.0018168907219654291 0.00345704945991945 0.0005830443190873103 -0.0016822558251369639 0.0065953042584605392 -0.0033077652371219356 0.0047268012548395142 -0.00055117239174651289 0.0057142272751424762 0.0027985262239334568 -0.0040503587181978393 -0.0066653335656104628 0.00091461793518797909 -0.0012963624040670347 0.0093519581105184768 -0.0051091294299654942 0.0071105641143692083
leaf_weight=297 209 257 252 1773 141116 314 1093 386 2791 403 1109 203 265 384 1016 1046 227 4026 271 205 206 229
leaf_count=297 209 257 252 1773 141116 314 1093 386 2791 403 1109 203 265 384 1016 1046 227 4026 271 205 206 229
internal_value=-3.36414e-05 -7.67861e-05 -0.00148137 -0.00195121 -3.22266e-05 0.0019695 0.00299574 -5.5827e-05 -7.23935e-05 0.00295949 -0.00102601 0.000892142 0.00111416 0.000570671 0.00266163 -0.00400154 -0.00332252 0.00100612 0.0014736 0.00276026 -0.00263942 0.00618476
internal_weight=158078 151042 4642 4180 146400 1704 1407 144696 143907 789 2882 7036 6621 4902 1719 1298 492 4410 1287 462 415 432
internal_count=158078 151042 4642 4180 146400 1704 1407 144696 143907 789 2882 7036 6621 4902 1719 1298 492 4410 1287 462 415 432
is_linear=0
shrinkage=0.02


Tree=104
num_leaves=28
num_cat=0
split_feature=32 50 69 29 42 45 45 27 13 48 38 45 10 54 59 57 60 17 37 9 37 42 64 74 57 54 28
split_gain=16.6146 23.4916 28.2694 17.1294 16.1506 15.7976 15.3831 60.4241 39.1042 41.7815 82.1638 40.4435 33.3725 30.1969 42.8109 27.8454 26.5598 24.7051 23.8861 15.9608 13.9202 10.7236 11.7877 9.35431 9.1764 9.02656 5.67907
threshold=0.23307903185234982 0.039109424865627636 -0.3355812653618811 -1.7989524090679685 0.014501436123835589 0.0065773659280505322 0.0044644105449606697 -0.027936104373994849 -0.065904806312114858 -0.10872555099910929 1.1805981964219037 0.018619033743462497 1.7095255201548756 0.26539192099006792 0.18612062783841929 0.54808720726270865 0.11278211104444548 0.17312041409225346 0.19174130516736884 0.026686116164668761 0.022254154506235416 0.026639798790907169 0.11295352813313517 -0.55111957123508615 0.73801850221064214 0.49446345956972143 -0.092067356051235658
decision_type=10 10 8 8 10 10 8 8 8 8 8 10 8 10 10 8 8 2 10 10 10 10 10 8 8 10 10
left_child=6 3 20 24 25 -6 7 15 12 10 -10 -11 18 14 -9 19 -15 -14 -8 -1 -3 22 -5 -17 -2 -4 -26
right_child=1 2 4 21 5 -7 8 13 9 11 -12 -13 17 16 -16 23 -18 -19 -20 -21 -22 -23 -24 -25 26 -27 -28
leaf_value=0.00057489221447861968 0.0057566431126006611 0.0020262380327258829 0.0089911105431183091 -0.0041463835554309859 -0.0017224228352939034 0.0049030999373803662 -6.3946946729463516e-05 -0.0054634563588070607 -0.0048499433975551769 -0.00027158454166729436 0.0016527230510098646 0.0056030362547886681 0.0066212476013525487 0.0033038541507333288 4.8064340155271266e-05 -0.0017377254133171317 0.00080662046255840724 -0.0003922091685944139 0.001556616981268041 -0.0023533226572933739 -0.0064134856049953394 -0.0077616506922208684 0.00015772829896807384 0.0012716898379984171 -0.0016282497994881526 0.0025948234083179303 0.0026302691400115481
leaf_weight=950 388 221 580 338 382 531 15643 348 1175 97220 805 547 1377 2006 1113 576 16250 652 5884 5239 202 210 2209 2330 274 449 217
leaf_count=950 388 221 580 338 382 531 15643 348 1175 97220 805 547 1377 2006 1113 576 16250 652 5884 5239 202 210 2209 2330 274 449 217
internal_value=-2.27553e-05 0.00100933 0.00256044 0 0.00358106 0.00163895 -6.3491e-05 0.000352549 -0.000160725 -0.000333821 -0.00320949 -0.00027553 0.000572144 0.000974642 -0.0017907 -0.000995822 0.00119614 0.00302365 0.000340858 -0.00175412 -0.00211792 -0.000775199 -0.000415228 0.000618507 0.00242955 0.00529903 0.000605691
internal_weight=158116 6001 2365 3636 1942 913 152115 28812 123303 99747 1980 97767 23556 19717 1461 9095 18256 2029 21527 6189 423 2757 2547 2906 879 1029 491
internal_count=158116 6001 2365 3636 1942 913 152115 28812 123303 99747 1980 97767 23556 19717 1461 9095 18256 2029 21527 6189 423 2757 2547 2906 879 1029 491
is_linear=0
shrinkage=0.02


Tree=105
num_leaves=21
num_cat=0
split_feature=57 54 23 52 6 24 44 44 4 6 6 44 44 44 44 14 57 18 63 27
split_gain=16.4355 22.3009 17.5023 19.5017 25.2666 23.7084 22.3367 18.8453 16.6396 20.8945 22.3469 17.1718 17.9882 13.3022 12.4882 14.4694 10.2921 9.51846 9.48831 8.27579
threshold=0.96719734942567903 0.65574673534202177 0.10370630689333916 0.70764203117144309 0.010778333444821262 -0.40474293016945284 0.069399657099751391 0.043842740386065289 0.39506149335626056 0.070717937891513788 0.035539605730817402 0.10184825530283161 0.1557699926064621 -0.052713525908069152 -0.0071065980967917044 0.53260255151358971 0.13631599008957501 74.858282769986928 0.27604105610045204 -0.025094684379449669
decision_type=10 10 10 2 8 10 10 10 10 10 10 10 10 10 10 10 8 8 10 8
left_child=2 14 8 4 -4 6 -5 -6 9 10 -1 -10 -13 -3 19 18 -7 -17 -16 -2
right_child=1 13 3 5 7 16 -8 -9 11 -11 -12 12 -14 -15 15 17 -18 -19 -20 -21
leaf_value=5.1230029925838143e-05 -0.00021434970840742741 0.0018747065926428799 -0.0043894321394868617 0.0023156062455049571 -0.00043472450316130238 -0.0099507784953487503 -0.0032950334528616711 0.0022480147274698214 -0.0015038667270626904 0.0080598592225806075 -0.0012321677415276556 0.0098148762472582123 0.0014643970434786828 0.0091058757454175084 0.0095673009179587723 -0.00079647706335248924 -0.0028462432935021731 0.0032124576195056305 0.0019128896586926292 -0.0046674740182999176
leaf_weight=139152 312 207 220 726 3126 227 653 1165 299 318 5132 259 329 245 209 1655 1585 502 1738 207
leaf_count=139152 312 207 220 726 3126 227 653 1165 299 318 5132 259 329 245 209 1655 1585 502 1738 207
internal_value=2.65248e-05 0.00114618 -1.05619e-05 -0.000939634 -9.26418e-05 -0.00213596 -0.000157971 0.000246505 3.86143e-05 2.18391e-05 1.05208e-05 0.00276802 0.00475042 0.0053819 0.000730536 0.00110061 -0.00363927 -2.68767e-05 0.0023501 -0.00218846
internal_weight=158266 5075 153191 7702 4511 3191 1379 4291 145489 144602 144284 887 588 452 4623 4104 1812 2157 1947 519
internal_count=158266 5075 153191 7702 4511 3191 1379 4291 145489 144602 144284 887 588 452 4623 4104 1812 2157 1947 519
is_linear=0
shrinkage=0.02


Tree=106
num_leaves=27
num_cat=0
split_feature=45 65 6 50 49 60 4 44 45 10 72 6 14 43 44 44 50 34 20 45 14 0 51 7 57 14
split_gain=20.4254 44.7058 36.4943 51.3217 46.876 41.8884 24.0866 37.5497 56.3314 34.8272 34.5983 34.1464 45.9081 37.6665 25.4981 23.7479 22.107 22.1391 20.9559 22.55 19.0393 15.9742 13.6762 11.4443 11.206 10.448
threshold=0.0044354176637267399 0.14889156519024047 0.012082147830101555 0.033397460294081978 0.01562238643055769 0.23227040277249486 -0.065904806312114858 -0.097151723167054158 0.018769117632032681 1.7095255201548756 -0.73725456126487188 0.044824303988298765 -0.020452371336266702 0.053263173519828684 0.074697451810853868 0.10091979377260064 0.043447128160359678 0.0006724729299523428 -0.0061643420432909704 0.01524258120370464 0.11653637465065582 -0.0044565049348199706 0.82801084438561212 0.0051103901897739416 0.51237118661361103 0.097604301906527594
decision_type=8 8 10 10 10 8 8 8 10 10 8 10 8 10 10 10 10 10 10 10 8 10 2 10 8 8
left_child=1 16 3 4 -3 -5 9 8 10 18 -8 13 -13 -9 21 20 23 -18 22 -20 -4 -11 -2 -1 -25 -10
right_child=6 2 15 5 -6 -7 7 11 25 14 -12 12 -14 -15 -16 -17 17 -19 19 -21 -22 -23 -24 24 -26 -27
leaf_value=-0.0033281131403831779 0.00059273511299318138 0.0010573468414850282 -0.00074302197863290872 0.0049085069574929729 -0.0036557330003450417 0.0011269533944697221 -0.010249601400034789 -0.00023608989156651946 -0.0015801687723713835 0.0085929112244111077 -0.0025257681856274599 -0.0065501841016034155 0.00034757439486353484 0.00083646496884849143 -0.0028303281775659446 -0.0049333602491352666 -0.0011357296961852226 -0.010515871541851914 0.00014936580422930676 -0.0018194348198840187 0.00083321695666067116 0.0037351379501950745 0.0027295437416153413 -0.0013290204830188651 0.00086598751299979241 0.0022923880496570066
leaf_weight=228 10364 9122 5424 1229 795 2075 290 93249 403 783 264 688 684 9740 273 302 223 239 7733 2404 5618 975 1107 2427 1162 326
leaf_count=228 10364 9122 5424 1229 795 2075 290 93249 403 783 264 688 684 9740 273 302 223 239 7733 2404 5618 975 1107 2427 1162 326
internal_value=8.20854e-06 0.000489444 0.000818123 0.00153214 0.000812462 0.00369077 -9.91461e-05 -0.000228293 -0.00362773 0.000477919 -0.00842883 -0.000186447 -0.00331974 -0.000144655 0.0029813 -1.39268e-05 -0.00139673 -0.00552484 0.000242399 -0.000420004 0.000137463 0.0038647 0.000827929 -0.000895233 -0.000617827 2.46575e-05
internal_weight=158127 28844 24565 13221 9917 3304 129283 105644 1283 23639 554 104361 1372 102989 2031 11344 4279 462 21608 10137 11042 1758 11471 3817 3589 729
internal_count=158127 28844 24565 13221 9917 3304 129283 105644 1283 23639 554 104361 1372 102989 2031 11344 4279 462 21608 10137 11042 1758 11471 3817 3589 729
is_linear=0
shrinkage=0.02


Tree=107
num_leaves=24
num_cat=0
split_feature=0 49 43 43 50 6 32 44 9 47 52 16 52 47 50 45 15 6 18 14 16 6 44
split_gain=23.3002 20.8213 30.1917 21.0162 20.85 22.0178 18.0318 16.3988 22.7071 16.3618 15.6958 15.3324 18.4346 41.3737 38.8459 17.7471 38.0066 21.7969 14.087 12.5815 11.7579 7.80164 8.26616
threshold=-0.030752027874483664 0.0021142251448761367 0.0026594318438548652 -0.002856564580677345 0.049602788226685297 0.017390490731259371 0.32248815802103287 0.087426643201365853 2.095811925153654 -0.056821247052466321 0.72395426368703453 0.077584202824064766 0.60896649527140501 -0.0043678276268769847 0.0064561551662237768 0.0044011192485553501 -0.018187117692093021 0.019340314300261136 47.022177668532613 0.17849660691507566 -0.024106342711741221 0.022574373522355782 0.062235221799701985
decision_type=10 8 10 10 10 10 10 10 10 10 2 10 2 10 10 8 10 8 10 8 10 10 10
left_child=1 2 3 9 5 18 11 21 19 -1 -7 15 13 -13 -14 16 -2 -17 -3 -9 -4 -8 -23
right_child=6 4 20 -5 -6 10 7 8 -10 -11 -12 12 14 -15 -16 17 -18 -19 -20 -21 -22 22 -24
leaf_value=0.000609098568959354 -0.001469472710601528 -0.0050633839594418544 0.011097005146132743 -0.0033069446179818341 0.0040024188623422833 0.0028503913882855347 0.0034778218455816731 0.0014398309004404392 -0.0063345140892041079 0.0047797454247873799 -0.0038083788731879333 -6.5713210319283256e-05 -0.0080076864845321487 0.0055895702437459924 -0.00065492485746896354 -0.00022299524838694423 0.00075670712387915587 0.00040866132813177164 0.00035717367628911696 0.0080900696352015633 0.003244194805108941 0.00070891386643318489 -0.0078408479417584817
leaf_weight=1749 4087 427 200 253 269 797 203 421 245 1222 326 2943 238 422 16569 79348 18940 27969 202 670 212 425 239
leaf_count=1749 4087 427 200 253 269 797 203 421 245 1222 326 2943 238 422 16569 79348 18940 27969 202 670 212 425 239
internal_value=1.25018e-06 0.00126158 0.00216607 0.00151256 -0.000364985 -0.00116258 -4.54295e-05 0.00175045 0.00313987 0.00198452 0.000514235 -7.17394e-05 -0.000584841 0.000765894 -0.000855426 7.6566e-06 0.000511464 -0.00010043 -0.00415556 0.00437546 0.00725908 -0.000389401 -0.0014406
internal_weight=158376 5657 3636 3224 2021 1752 152719 2203 1336 2971 1123 150516 20172 3365 16807 130344 23027 107317 629 1091 412 867 664
internal_count=158376 5657 3636 3224 2021 1752 152719 2203 1336 2971 1123 150516 20172 3365 16807 130344 23027 107317 629 1091 412 867 664
is_linear=0
shrinkage=0.02


Tree=108
num_leaves=27
num_cat=0
split_feature=21 35 41 66 72 53 50 69 44 6 43 54 53 54 53 54 14 49 8 8 34 7 69 29 0 14
split_gain=17.6957 27.251 31.7611 25.6872 24.8695 36.8092 39.2208 23.1496 37.3616 34.4809 30.8463 32.2557 28.123 21.3429 29.578 22.1908 21.1112 19.6209 16.9747 14.0731 12.4373 11.2272 11.1082 12.3822 9.77416 8.60301
threshold=-0.013126526472101994 0.0099346144094987956 0.015542503405594267 0.95914193898418276 -1.835329107634889 0.017392016336547866 -0.0141895111009237 -0.17545994657508643 0.16428366975657974 0.044824303988298765 0.10733890963168437 0.57574035584699446 0.020587870294827216 0.56698141799123214 0.013639968307537899 0.52376233959810881 -0.073137370106374097 0.032830387409648727 0.0062560808524856079 0.011654498396646663 0.019136756552340952 0.004182573171816765 0.065545263424498942 -2.1226669662430644 -0.024086248951739716 0.11342699146112879
decision_type=10 10 10 10 8 10 10 10 10 10 10 10 10 10 10 10 10 10 10 10 10 10 8 10 10 10
left_child=1 3 18 13 5 6 -2 8 12 -10 11 -9 -6 15 -15 -1 -8 -4 21 -7 -12 -3 24 -24 -5 -20
right_child=4 2 17 22 7 19 16 10 9 -11 20 -13 -14 14 -16 -17 -18 -19 25 -21 -22 -23 23 -25 -26 -27
leaf_value=0.00020878997299671331 -0.0076842699677258037 0.0024343098639422419 -0.0033386177814884021 0.0012328472771553317 -0.00052315247186028677 0.0077016854765989086 0.0047940252488274538 0.00032141545245546385 -0.00060714841916052861 -0.0097708333173130053 0.0062574129096535751 -0.00054221064621083951 0.0023073616837298357 0.0022079607384036114 0.00029236461865473219 -0.0010875103335295949 -0.0031229814166464018 0.0032629589365419051 0.00091182878380321629 -0.00026400395989658541 0.00096303556887607775 0.0054187198132244277 0.0036043689561299414 -0.0014117555438893012 -0.0020977736002969817 0.0043202695946796118
leaf_weight=32630 291 208 357 248 33087 216 219 40400 326 317 352 17010 1583 4954 13499 6633 1332 209 481 205 265 385 355 353 2044 243
leaf_count=32630 291 208 357 248 33087 216 219 40400 326 317 352 17010 1583 4954 13499 6633 1332 209 481 205 265 385 355 353 2044 243
internal_value=-9.34243e-06 0.000252045 0.00262102 0.0001785 -0.000180515 -0.00225177 -0.00347151 -0.000130254 -0.000534009 -0.00530745 0.000115427 6.7548e-05 -0.000445271 0.000272329 0.000833315 8.60839e-06 -0.00220232 -0.00133686 0.00432322 0.00307583 0.00455987 0.00683165 -0.00162546 0.000561354 -0.00230179 0.00225931
internal_weight=158202 62599 1883 60716 95603 2263 1842 93340 35313 643 58027 57410 34670 57716 18453 39263 1551 566 1317 421 617 593 3000 708 2292 724
internal_count=158202 62599 1883 60716 95603 2263 1842 93340 35313 643 58027 57410 34670 57716 18453 39263 1551 566 1317 421 617 593 3000 708 2292 724
is_linear=0
shrinkage=0.02


Tree=109
num_leaves=23
num_cat=0
split_feature=4 45 45 53 6 14 32 44 28 32 69 52 70 34 33 44 22 44 60 49 17 17
split_gain=17.5846 33.4307 52.609 31.3843 70.2643 67.8313 50.7055 29.351 41.0945 22.7991 20.0151 18.8448 33.1748 18.6791 15.8805 15.6192 14.5871 13.9061 11.028 12.9547 5.19473 10.2845
threshold=-0.18690572422703558 0.018188477923048129 0.01255457467483616 0.020765565365582783 0.014301353209150269 -0.28372563352121261 0.15272151996761937 -0.12918337154265866 -0.14214261025999256 -0.064249173841620197 -0.47738051663764119 0.88789462569950384 0.26381833177331099 0.013374169092741304 0.14736143059389165 0.074697451810853868 0.095161743908372801 0.057527713524851205 0.33159543028538668 -0.0022537044413971636 0.29545566855827426 -0.37897911790320843
decision_type=8 10 10 10 8 8 8 8 10 10 10 2 8 10 10 10 10 10 10 10 2 2
left_child=1 2 15 7 16 -6 -7 8 -2 10 -4 14 -13 18 -9 17 -5 -1 -3 -20 21 -15
right_child=3 13 9 4 5 6 -8 11 -10 -11 -12 12 -14 20 -16 -17 -18 -19 19 -21 -22 -23
leaf_value=0.00013926231828698154 0.0012512508776554344 0.00054320731380977263 0.007061938818166893 -0.0033617636880153004 -0.0099994377404753719 -0.00087323517733130045 0.003042847266707502 6.7553291781865672e-05 -0.0057023394260370865 -0.0023783932632084424 0.0014752901098636162 0.0019161858979149481 -0.002005572745940206 0.0013706865149968562 -0.00062547962946559452 -0.006419040424596483 -0.0059376137513499488 0.007232434096962401 -0.0061546103861801343 -0.0022579613399530325 0.0034074787358373978 -0.0023943358641367201
leaf_weight=1851 208 201 1188 343 344 5323 1272 129369 283 222 343 3067 1050 497 10750 245 203 218 230 519 368 203
leaf_count=1851 208 201 1188 343 344 5323 1272 129369 283 222 343 3067 1050 497 10750 245 203 218 230 519 368 203
internal_value=2.00761e-05 0.00107427 0.00211849 -2.20612e-05 -0.0012848 -0.000740346 -0.00028775 4.32397e-05 -0.00483333 0.0047309 0.00559922 5.98875e-05 0.00139339 -0.00102922 2.06823e-05 0.000137365 -0.00818647 0.000704348 -0.00306835 -0.004184 0.00078391 -0.000225392
internal_weight=158297 6085 4067 152212 7485 6939 6595 144727 491 1753 1531 144236 4117 2018 140119 2314 546 2069 950 749 1068 700
internal_count=158297 6085 4067 152212 7485 6939 6595 144727 491 1753 1531 144236 4117 2018 140119 2314 546 2069 950 749 1068 700
is_linear=0
shrinkage=0.02


Tree=110
num_leaves=21
num_cat=0
split_feature=19 41 37 44 47 50 6 53 44 5 72 6 46 46 46 50 52 44 6 17
split_gain=16.02 34.5219 27.5532 21.3142 36.6516 20.3959 16.3466 59.8211 49.2038 30.6605 34.6243 30.4915 16.0706 14.5806 14.0989 12.129 33.488 22.4205 8.89016 5.58892
threshold=1.932995921503722 0.030116918800226381 0.44137199300291924 0.057527713524851205 -0.0070465576162372914 0.11198437295535359 0.01979814605971562 0.020765565365582783 -0.12309321259282634 0.0090263758348189446 0.41458713113363133 0.014693841438177422 0.0041874469405594559 0.0042285557829943336 0.0040946915923375246 0.016609314245933152 0.31451246134255056 0.048801865079640801 0.009582787076470976 0.18646884507661252
decision_type=8 10 10 10 10 10 8 10 10 8 10 10 10 8 10 8 2 8 10 2
left_child=5 13 3 4 -3 6 7 8 -1 12 -11 -9 -8 14 18 16 -15 -17 -2 -16
right_child=1 2 -4 -5 -6 -7 9 11 -10 10 -12 -13 -14 15 19 17 -18 -19 -20 -21
leaf_value=-0.0041288466487138954 -0.0024755466088250749 -0.00059666612406195096 -0.008193477925050506 0.0016507945200757504 -0.0066582106707869775 0.0054731598202149559 0.0047927685912629546 -0.0038633750073279226 3.817835829614331e-05 -0.0003123586908859808 0.0011908859954707276 -0.0012273361900270955 0.00037843775905610418 -0.0045022374776905287 0.0023996246198590906 -0.0017700236294020742 0.0010083848308861413 -9.4178134346686044e-05 0.0014841491859664256 0.0043276756671926575
leaf_weight=378 202 638 232 319 338 225 552 633 103448 17070 18910 1230 265 218 203 3281 2899 6043 551 209
leaf_count=378 202 638 232 319 338 225 552 633 103448 17070 18910 1230 265 218 203 3281 2899 6043 551 209
internal_value=2.81162e-05 -0.000590591 -0.0034411 -0.00229784 -0.00376459 9.37412e-05 8.42042e-05 -4.218e-05 2.15551e-05 0.000447253 0.000360135 -0.00359335 0.00427628 -0.000270302 0.00186792 -0.000470825 0.000608724 -0.000831957 0.000236074 0.00483777
internal_weight=157844 15133 1527 1295 976 142711 142486 105689 103826 36797 35980 1863 817 13606 1165 12441 3117 9324 753 412
internal_count=157844 15133 1527 1295 976 142711 142486 105689 103826 36797 35980 1863 817 13606 1165 12441 3117 9324 753 412
is_linear=0
shrinkage=0.02


Tree=111
num_leaves=22
num_cat=0
split_feature=4 50 53 6 14 72 22 53 4 25 69 70 51 53 45 46 33 2 31 14 0
split_gain=15.5897 38.51 22.8749 65.2084 41.1124 46.5264 30.9197 20.0882 18.9844 17.0982 27.1567 14.7498 33.8608 13.4591 11.8559 26.9054 18.3254 15.4142 14.5457 13.4511 4.20004
threshold=-0.25000560085352919 0.067212861888321554 0.020765565365582783 0.017309301462028606 -0.28372563352121261 1.2477357253847654 0.10750089989149082 0.024132712610863215 0.053920453594467628 -1.8989603227860794 0.18397409343959489 -1.241716599153516 0.29845360824742273 0.020587870294827216 0.018619033743462497 0.011667000099381826 -0.26059467640600548 -0.070100749432413775 -0.085708109533781426 -0.30180256036345432 -0.02322952122743743
decision_type=8 10 10 8 8 8 10 10 10 8 10 8 2 10 10 10 10 10 10 10 10
left_child=1 14 9 6 8 -6 7 -4 -5 10 -2 12 -11 -13 15 19 20 -17 -18 -1 -16
right_child=2 -3 3 4 5 -7 -8 -9 -10 11 -12 13 -14 -15 16 17 18 -19 -20 -21 -22
leaf_value=0.0040696534517880465 -0.00012732183020631145 0.009279028978967872 -0.0011877563698736171 -0.0013468424378029445 -0.00027976542831383401 0.0064797444703962228 -0.0060777146392840958 -0.0066566215959555702 -0.013431608317508423 -0.004770682309236887 0.0092558280909453578 2.2658598713438516e-05 -0.00038720502081435534 0.0023750999630391266 0.0060014364375073834 0.0085905034973879808 0.0020534862570244093 0.0024602836199679235 -0.0032295846351290771 -0.004367646387331032 0.00071962763698261826
leaf_weight=447 321 210 768 200 6210 469 303 254 210 333 242 143218 1818 765 219 315 247 321 678 434 200
leaf_count=447 321 210 768 200 6210 469 303 254 210 333 242 143218 1818 765 219 315 247 321 678 434 200
internal_value=1.25171e-06 0.00141211 -2.66775e-05 -0.00104076 -0.000278984 9.8503e-05 -0.00511161 -0.00343891 -0.00641849 3.14796e-05 0.00350709 1.80518e-05 -0.00162546 4.26297e-05 0.000802935 0.00201449 -0.000563569 0.005146 -0.00213607 -0.000247166 0.0029
internal_weight=158182 3071 155111 8414 7089 6679 1325 1022 410 146697 563 146134 2151 143983 2861 1517 1344 636 925 881 419
internal_count=158182 3071 155111 8414 7089 6679 1325 1022 410 146697 563 146134 2151 143983 2861 1517 1344 636 925 881 419
is_linear=0
shrinkage=0.02


Tree=112
num_leaves=28
num_cat=0
split_feature=32 44 57 53 53 44 43 71 9 43 45 43 32 16 53 7 53 60 20 36 8 75 41 53 47 41 25
split_gain=17.2613 32.8456 31.4788 28.8516 27.378 26.3675 35.1584 61.1069 52.1447 31.4428 30.4628 26.4781 20.5151 28.5329 23.2712 85.8842 27.8909 18.8582 17.1104 17.0342 16.0032 14.472 12.6399 10.1897 7.47549 5.79313 4.72858
threshold=0.21128794183495972 0.10091979377260064 0.51622943335264904 0.020841570589009786 0.01483328581022134 0.10621104336596378 0.023863586788772543 -0.56644098052238467 1.8482862130315572 0.051227617896574269 0.0086087042417867261 0.051227617896574269 -0.2761710207036227 0.048017837706147544 0.020765565365582783 0.013029329302862873 0.020587870294827216 0.86320287899235282 -0.011370509976658004 -0.19641071917112116 0.0058769562226543186 -0.26063024643519356 0.032782080239789575 0.018097691933190219 -0.0011082149611713608 0.016273746592601505 -0.42942979391056474
decision_type=10 10 8 10 10 10 10 8 8 10 10 10 8 10 10 10 10 10 10 10 10 10 10 10 10 10 10
left_child=5 20 3 17 24 12 7 10 11 -10 -7 -8 13 19 16 -16 -14 -3 -9 -1 26 -6 23 -22 -4 -15 -2
right_child=1 2 4 -5 21 6 8 18 9 -11 -12 -13 14 25 15 -17 -18 -19 -20 -21 22 -23 -24 -25 -26 -27 -28
leaf_value=0.0055519675664391852 0.00094933119680776007 -0.0005942724976889703 -0.0023696035840013291 -0.0057414915922738763 0.014627826840106955 -0.0067332670325896118 -0.00076330382883355475 0.0023790975619751849 0.00042596569170827333 -0.0079177929814332089 -0.0017100346060753217 0.0016213828490479999 4.6385804600179157e-05 0.0061922533186743326 -0.002954554133009369 0.00053040195797680683 0.0035184013926407237 0.0069346191754976775 -0.0019282745238237164 -0.0013888029368987504 -0.00036167552531920848 0.0045194602958665356 0.0048328357469703525 -0.0039061767038730227 0.0021037301478033141 0.0080520470783101272 0.0045800128203007332
leaf_weight=574 231 376 232 350 270 613 3433 562 310 568 381 2892 131425 237 2400 3966 669 283 1071 709 3416 1324 220 588 286 239 217
leaf_count=574 231 376 232 350 270 613 3433 562 310 568 381 2892 131425 237 2400 3966 669 283 1071 709 3416 1324 220 588 286 239 217
internal_value=2.38085e-05 0.000941493 0.00252979 -0.000374257 0.00391765 -2.38454e-05 -0.00102512 -0.00300533 -0.000302332 -0.00486689 -0.00691256 0.000331647 4.63415e-05 0.00219205 1.90523e-05 -0.00116193 7.59908e-05 0.00208788 -0.000623011 0.000637072 -0.000119409 0.00521505 -0.000501302 -0.000758552 -7.32177e-05 0.00636897 0.00346993
internal_weight=157842 7793 3121 1009 2112 150049 9830 2627 7203 878 994 6325 140219 1759 138460 6366 132094 659 1633 1283 4672 1594 4224 4004 518 476 448
internal_count=157842 7793 3121 1009 2112 150049 9830 2627 7203 878 994 6325 140219 1759 138460 6366 132094 659 1633 1283 4672 1594 4224 4004 518 476 448
is_linear=0
shrinkage=0.02


Tree=113
num_leaves=19
num_cat=0
split_feature=14 50 44 50 44 57 45 50 54 57 66 5 54 54 47 48 35 33
split_gain=14.3614 50.7781 38.3884 35.1628 33.1279 31.3988 29.3551 26.5031 25.5996 57.0984 19.6914 19.7264 19.3271 104.758 39.9567 18.0655 10.7455 3.23386
threshold=-0.011107055264442054 0.11198437295535359 0.00083594828880284588 0.081408910052067532 0.21061477256694075 0.11278211104444548 0.011870476064088519 0.050388386514825807 0.70504472534622387 0.1760937927262784 0.036999011331660205 0.0074860160187275844 0.57574035584699446 0.58346620426428608 -0.025687900195905996 -0.0448853899180554 0.0021020755097490127 0.058673616746798496
decision_type=10 10 10 10 10 8 10 10 10 8 8 8 10 10 10 10 10 10
left_child=2 3 5 4 6 7 -2 15 12 -10 -7 -12 14 -14 -4 -1 -11 -6
right_child=1 -3 8 -5 17 10 -8 -9 9 16 11 -13 13 -15 -16 -17 -18 -19
leaf_value=0.0008674450938012825 0.00018411906002287708 0.008266824705868819 -0.0031328395230489532 -0.0048947948138256007 0.0028615760613675896 -0.0034062807362387755 -0.00075508787609153253 0.0098564605709835149 -0.013444477835569919 -0.0022244807452393286 0.0035964217652494448 1.3352300580198525e-05 0.0065371031981805603 -0.00075679727738903625 -0.0006558332702056327 0.0043930054850469082 0.0015167838941295808 0.0051496485348767572
leaf_weight=2274 91384 200 2630 302 220 341 12821 214 200 278 346 16432 1165 6205 21718 924 211 200
leaf_count=2274 91384 200 2630 302 220 341 12821 214 200 278 346 16432 1165 6205 21718 924 211 200
internal_value=-3.88319e-05 9.64348e-05 -0.000307486 7.71767e-05 9.68975e-05 0.000369082 7.42568e-05 0.00212071 -0.000736176 -0.00454783 1.9743e-05 0.000116693 -0.000653173 0.000243929 -0.000924802 0.00166239 -0.000853061 0.00569596
internal_weight=158065 105127 52938 104927 104625 20531 104205 3412 32407 689 17119 16778 31718 7370 24348 3198 489 420
internal_count=158065 105127 52938 104927 104625 20531 104205 3412 32407 689 17119 16778 31718 7370 24348 3198 489 420
is_linear=0
shrinkage=0.02


Tree=114
num_leaves=19
num_cat=0
split_feature=72 42 53 45 10 49 49 60 48 52 48 1 17 49 53 0 60 54
split_gain=17.7597 32.0615 47.3581 42.3499 26.9353 27.6178 43.2199 26.8802 32.4303 26.5127 19.9226 16.2212 15.72 15.3169 14.8549 13.2407 12.3312 11.7828
threshold=-1.835329107634889 0.012775978220896824 0.017251242930206453 0.0069925973011677094 0.045295057942701285 0.010027102597159778 0.016685650323560956 0.029258130170071891 -0.031464899589573374 0.67329807110339213 -0.020514990819018804 0.17877237048635744 -2.0499426430180678 0.018105741519111599 0.019656345392460046 -0.029326747886427026 0.33543640368335864 0.68686323655838333
decision_type=8 10 10 10 8 10 10 10 8 2 8 10 2 10 10 10 10 10
left_child=1 2 7 13 5 9 -7 8 -1 -2 -5 12 16 -3 -4 -14 -6 -13
right_child=4 3 14 10 11 6 -8 -9 -10 -11 -12 17 15 -15 -16 -17 -18 -19
leaf_value=-0.0074348871087022792 0.0035731431284705488 0.0063132710189845939 0.009233972968736865 0.0014971873117782142 -0.00056614117976376717 0.0078874231671619329 -0.00040569824206333961 -0.0079569626711938329 -0.0015402015828000989 -0.0031942910491264387 -0.004852874168603416 -0.00024632302347254 0.0010779627796823365 0.00061732482756653997 -0.00040893094475250079 -4.6819447931276957e-05 0.0027270696697961451 -0.0054064849375217976
leaf_weight=418 301 375 212 300 520 360 265 261 1192 270 370 269 5785 298 208 145077 1324 321
leaf_count=418 301 375 212 300 520 360 265 261 1192 270 370 269 5785 298 208 145077 1324 321
internal_value=-1.5165e-05 -0.00139697 -0.00283508 0.00105506 1.73341e-05 0.00300585 0.00590735 -0.00419765 -0.00322657 -0.000171329 -0.00250075 -5.98838e-06 6.79733e-06 0.00459644 0.00322565 -1.56301e-05 0.00184173 -0.00331303
internal_weight=158126 3634 2291 1343 154492 1196 625 1871 1610 571 670 153296 152706 673 420 150862 1844 590
internal_count=158126 3634 2291 1343 154492 1196 625 1871 1610 571 670 153296 152706 673 420 150862 1844 590
is_linear=0
shrinkage=0.02


Tree=115
num_leaves=28
num_cat=0
split_feature=23 38 50 52 50 53 44 42 71 41 0 42 10 42 71 32 44 40 14 41 45 5 26 45 50 60 2
split_gain=16.0294 20.938 19.8368 41.6826 31.6521 27.1124 25.9726 19.6813 25.7655 24.7263 44.4871 24.5557 35.2489 30.2387 23.3076 20.7207 23.6997 15.3452 14.951 12.8834 17.9289 12.5832 16.7748 17.3721 9.22334 9.18608 8.73732
threshold=0.06454420755927949 1.2272308239933747 -0.017451728641317995 0.58441643064412441 0.0074239673495188905 0.013486822529705695 -0.084893273889158891 0.047278909318377978 0.51878994884361929 0.048511159025292468 0.019079563973234851 0.03559838043654507 1.6568934098134893 0.03606773943728659 -0.79310354442044739 0.21128794183495972 0.12547976713689837 -0.0001198420284596048 0.27726808512488638 0.016179347615796317 0.01190857627040187 0.02356079905003626 0.63993433274893319 0.014715583376067634 0.029729737943114735 0.43123074948665302 -0.024355853725729067
decision_type=10 10 10 2 10 10 8 10 8 10 10 10 10 10 10 10 10 8 10 10 10 10 10 10 10 8 10
left_child=7 2 5 17 -5 -2 -7 11 9 14 -11 15 13 -13 -9 16 -1 -4 -17 -10 -21 22 -3 -24 26 -26 -23
right_child=1 21 3 4 -6 6 -8 8 19 10 -12 12 -14 -15 -16 18 -18 -19 -20 20 -22 24 23 -25 25 -27 -28
leaf_value=3.1530545346998006e-05 -0.006689376703273975 0.0041036673885617037 0.0034319157194747617 -0.004588228868091627 -0.00085716726104914838 -0.004595477014060368 -0.00044553929057960183 -0.0035513871817989661 0.0057912743232005235 0.0070290702666381197 -0.0024411157231617989 0.0076016898342271631 -0.0060926476403040811 0.0015018254670995141 -0.001139469606831601 0.00033444148940155047 -0.0013281437827347507 0.00040706349824885395 0.0026978493607311416 -0.0053578284830712898 0.0033019343942875842 0.0012480300396898376 0.0001494428522240849 0.0055847585347962858 0.0051668616932887615 0.00053091397698307814 -0.0014223655212047635
leaf_weight=117365 328 351 1230 820 10218 490 1521 867 390 236 223 232 324 4576 2940 3093 3460 2244 2509 254 323 419 1344 204 215 640 1495
leaf_count=117365 328 351 1230 820 10218 490 1521 867 390 236 223 232 324 4576 2940 3093 3460 2244 2509 254 323 419 1344 204 215 640 1495
internal_value=-2.68963e-05 -0.000534294 -0.000862687 -0.000586922 -0.00118833 -0.00257179 -0.00169881 5.29121e-05 -0.00114979 -0.00181814 0.00256087 0.000100775 0.00145685 0.00188771 -0.00234716 4.57019e-05 -9.4185e-06 0.00132317 0.0012347 0.00179545 -0.000100346 0.000650675 0.00190421 0.00100581 -0.000208664 0.00151636 -0.000980679
internal_weight=158311 21519 16851 14512 11038 2339 2011 136792 5233 4266 459 131559 5132 4808 3807 126427 120825 3474 5602 967 577 4668 1899 1548 2769 855 1914
internal_count=158311 21519 16851 14512 11038 2339 2011 136792 5233 4266 459 131559 5132 4808 3807 126427 120825 3474 5602 967 577 4668 1899 1548 2769 855 1914
is_linear=0
shrinkage=0.02


Tree=116
num_leaves=26
num_cat=0
split_feature=34 42 9 5 43 53 8 41 41 15 72 42 52 21 74 74 47 69 4 58 10 15 78 6 20
split_gain=13.9571 21.4635 21.6015 18.4816 27.7393 18.4178 21.7973 21.4787 18.628 17.4149 15.2439 26.885 27.7184 13.8765 24.4223 20.736 16.0598 11.3779 12.9225 11.9182 10.185 11.5703 8.62024 7.30103 6.61348
threshold=1.6251139388974579e-05 0.0065141001082833503 -0.44381803412756327 0.01097113919225161 0.057675054860674375 0.010900370295388781 0.0055239225340736201 -0.019026711737504639 0.033562001595308984 0.0090560573452258559 -2.0825549505908127 0.012775978220896824 0.61771370526644798 0.12548125781029432 1.4376571135663074 0.48685458963984996 -0.0025417521245741366 2.3617368352301114 0.39506149335626056 0.69464875578066521 1.266177907476151 0.00098493068135985262 -0.1736435668500704 0.018709693522532558 -0.014371484196837979
decision_type=10 10 8 10 10 8 8 10 10 10 8 10 2 10 10 10 10 10 10 10 10 8 10 10 10
left_child=1 5 -3 4 -4 20 7 -7 -8 -5 11 12 23 17 15 -15 -16 18 -12 -19 21 -1 -14 -2 -13
right_child=10 2 3 9 -6 6 8 -9 -10 -11 13 24 22 14 16 -17 -18 19 -20 -21 -22 -23 -24 -25 -26
leaf_value=0.0013455351561883189 -0.0027360732866338654 0.0049813246954621398 0.0012790960639841326 -0.00039262370032002022 0.0046635415760017274 0.0013733684553135603 0.00020003901257173372 -0.0020198201159557509 -0.0042154552908384435 0.0013063224653652229 -5.8279125767945655e-05 0.0039527965315157548 -0.008903373928627346 -0.0004435861361571107 -0.00071835799132884928 -0.0031888794841068474 0.003222643302734831 0.0041247328681904248 0.0025536330508473403 0.00078811987773841352 -0.0019184496564656247 0.0043011618028569723 -0.0043082546697794369 0.0026438917888338543 -0.00020542726422709859
leaf_weight=473 311 360 4229 6216 200 389 11550 2762 253 4026 117554 213 202 1728 1410 1828 850 463 823 1156 214 278 205 201 304
leaf_count=473 311 360 4229 6216 200 389 11550 2762 253 4026 117554 213 202 1728 1410 1828 850 463 823 1156 214 278 205 201 304
internal_value=-9.98742e-07 0.000379891 0.0009219 0.000802754 0.00188217 -0.000131784 -0.000304781 -0.00178236 8.96306e-05 0.000335644 -9.36589e-05 -0.00214196 -0.00419348 -7.02471e-05 -0.00102424 -0.00205735 0.000600619 -2.39839e-05 -4.67823e-05 0.00164074 0.00254451 0.00364096 -0.00808333 -0.00108772 0.00150193
internal_weight=158198 30950 15031 14671 4429 15919 14954 3151 11803 10242 127248 1436 919 125812 5816 3556 2260 119996 118377 1619 965 751 407 512 517
internal_count=158198 30950 15031 14671 4429 15919 14954 3151 11803 10242 127248 1436 919 125812 5816 3556 2260 119996 118377 1619 965 751 407 512 517
is_linear=0
shrinkage=0.02


Tree=117
num_leaves=25
num_cat=0
split_feature=78 6 41 53 44 10 44 51 43 44 9 75 10 10 14 64 51 44 43 78 19 51 9 53
split_gain=17.7591 17.9117 54.317 38.0461 38.0588 32.2469 41.7906 51.2363 47.6 41.2272 44.827 26.0314 18.2984 10.0215 9.28858 14.4899 12.2189 12.0455 11.6712 11.4622 9.84232 6.90896 6.55696 6.09918
threshold=2.0431510323838471 0.018709693522532558 0.047385170751575563 0.024132712610863215 0.12426035922099922 1.1265921588922445 0.074067940574290794 0.76210864092472441 -0.053124606254679956 0.1557699926064621 0.99097692604764365 -0.60251123892147096 0.78298883479866743 0.6964137692920499 0.11494757531577239 0.79557659820396565 0.61436163498194862 0.0098411085619591904 -0.0027072335398942711 2.3982584691087849 -1.415670574747697 0.65364520590728603 1.1412700906984063 0.016333377400264328
decision_type=10 10 10 10 10 10 10 2 10 10 10 10 8 8 10 10 2 10 10 10 10 2 10 10
left_child=1 2 3 4 -1 9 8 -8 -7 11 -11 -3 -4 -5 17 16 22 23 -19 -18 -20 -17 -16 -2
right_child=14 5 12 13 -6 6 7 -9 -10 10 -12 -13 -14 -15 15 21 19 18 20 -21 -22 -23 -24 -25
leaf_value=1.7559541582086707e-06 -0.00068817093304163863 0.00074384529974227682 -0.0055908811858103617 -0.0082398625827619226 -0.0021851091740860114 -0.0016358989202953039 0.0006573092406331316 -0.0035772301328297219 0.002178422293027127 0.0056121524271041624 -0.0018198172744885483 -0.0011546489591753972 -0.0015164171065347575 -0.002042538878436593 -0.0038523188624146323 -0.00020595301648073546 0.0051597575274460903 -0.0066924292648606757 0.00094002199831538303 5.8367558164976606e-05 -0.002296154560921243 -0.0041400222451981996 0.00090260839627047927 0.0034260966181497887
leaf_weight=109906 276 4569 275 218 2519 1950 5470 1978 15849 622 335 10312 315 235 213 225 311 217 260 321 1106 243 222 204
leaf_count=109906 276 4569 275 218 2519 1950 5470 1978 15849 622 335 10312 315 235 213 225 311 217 260 321 1106 243 222 204
internal_value=-1.09894e-05 2.13388e-05 -0.000108206 -7.65244e-05 -5.31728e-05 0.000379156 0.000822956 -0.000434689 0.00134933 -0.000328177 0.00369311 -0.000587152 -0.00615567 -0.00585463 -0.00139983 -0.000220052 0.00106554 -0.00227616 -0.00311742 0.00284044 -0.00242721 -0.00315139 -0.00150917 0.000494802
internal_weight=158151 154553 113468 112878 112425 41085 25247 7448 17799 15838 957 14881 590 453 3598 1535 1067 2063 1583 632 1366 468 435 480
internal_count=158151 154553 113468 112878 112425 41085 25247 7448 17799 15838 957 14881 590 453 3598 1535 1067 2063 1583 632 1366 468 435 480
is_linear=0
shrinkage=0.02


Tree=118
num_leaves=20
num_cat=0
split_feature=57 19 41 45 9 8 50 53 3 34 38 1 54 50 45 53 53 48 46
split_gain=14.8976 14.4373 33.3884 32.018 36.1915 20.0953 19.7044 16.8436 14.2646 13.6981 26.5795 14.5369 13.5142 12.3579 11.046 11.7101 11.7537 11.3692 9.26702
threshold=0.97870072131742514 1.932995921503722 0.030461006985560649 0.011930488655915996 1.0536540476090337 0.015065544770413258 0.11198437295535359 0.011211793815241245 0.16260135142974089 0.02700018866892721 1.6292708263384841 0.090549018640100024 0.65574673534202177 0.0052408444847511513 0.010105995999330921 0.014190580501355462 0.017511424715879863 -0.0031362504311308044 0.0099683924846339905
decision_type=10 8 10 10 10 8 10 8 10 10 10 10 10 10 10 10 10 10 10
left_child=1 6 7 4 -4 -5 9 13 -9 10 -1 -11 14 -3 15 17 -17 -2 -16
right_child=12 2 3 5 -6 -7 -8 8 -10 11 -12 -13 -14 -15 18 16 -18 -19 -20
leaf_value=7.7250570658073896e-06 -0.0016360353807011799 0.0062144845194073671 0.0017251606094534945 -0.0078677846131179896 -0.0040595942653074008 -0.0039442742590929617 0.0045267308298910791 -0.00023862158569480299 -0.0037896694903606417 0.0010487637604181773 -0.0033499742130155782 0.0058804209586214226 0.0057916856563863875 0.00098235247380973291 -0.0064125099521247179 0.0054128120467458862 -0.0026941608250181082 0.0025896027881973961 0.00055577727573238682
leaf_weight=137276 792 201 567 222 346 307 211 11524 675 1844 360 290 282 771 243 734 202 696 356
leaf_count=137276 792 201 567 222 346 307 211 11524 675 1844 360 290 282 771 243 734 202 696 356
internal_value=-4.16719e-06 -3.25884e-05 -0.000630765 -0.00351906 -0.00124508 -0.00743019 2.98467e-05 -0.000314151 -0.00051623 2.05908e-05 -4.05414e-06 0.0016103 0.00132426 0.00221788 0.000931878 0.0015332 0.00328495 0.000428475 -0.00149667
internal_weight=157899 154594 14613 1442 913 529 139981 13171 12199 139770 137636 2134 3305 972 3023 2424 936 1488 599
internal_count=157899 154594 14613 1442 913 529 139981 13171 12199 139770 137636 2134 3305 972 3023 2424 936 1488 599
is_linear=0
shrinkage=0.02


Tree=119
num_leaves=21
num_cat=0
split_feature=32 14 66 45 33 43 7 53 6 4 37 54 14 36 14 32 51 37 40 16
split_gain=15.3942 24.5908 18.5541 17.0824 15.8183 21.6544 22.859 27.5118 15.8741 23.3451 25.9916 22.0099 20.7356 19.5447 16.3354 14.4589 17.9733 11.911 11.703 11.5639
threshold=0.32248815802103287 -0.28372563352121261 0.100635664552274 0.0095006475060447036 0.14736143059389165 0.067346820587664738 0.020129546619479178 0.019858297474099552 0.035539605730817402 -0.05842550926379108 0.3737738810202017 0.64237726703965958 0.031848292140727603 -0.0019627469254737784 -0.30180256036345432 0.08323394907358346 0.75440093563198485 0.10813582519207886 0.0014641529360134339 0.092040352454534249
decision_type=10 10 10 10 10 10 10 10 10 10 10 10 10 10 8 8 2 10 10 10
left_child=4 -2 19 18 8 6 7 -6 11 10 -10 14 -11 -13 -1 16 -7 -5 -4 -3
right_child=1 2 3 17 5 15 -8 -9 9 12 -12 13 -14 -15 -16 -17 -18 -19 -20 -21
leaf_value=0.0039223866596590504 -0.0073709861363307518 0.0024321763945917073 0.0003598598532059921 0.0082362724543995069 -0.0007347958170960641 0.0038887724838867466 0.0061244026552223539 -0.0032523821928962253 -0.00091936461030719203 -0.0031735125875418393 0.0035193003765873906 8.2972662953374914e-05 -0.0004690087584412056 0.0015610356290911868 -1.5339105296243123e-05 0.004184779326232433 -0.00010476997162588833 0.0020302465137049179 0.0084862597439044878 -0.003902603606131488
leaf_weight=927 206 296 773 448 9446 241 287 1037 2677 1229 947 4612 999 4615 126874 205 1367 253 203 242
leaf_count=927 206 296 773 448 9446 241 287 1037 2677 1229 947 4612 999 4615 126874 205 1367 253 203 242
internal_value=-5.81436e-06 0.00157638 0.00219224 0.00322884 -3.04765e-05 -0.000710267 -0.00105078 -0.00120355 2.93811e-05 -0.000990603 0 7.29627e-05 -0.00260117 0.00101625 4.83561e-06 0.00131092 0.000669981 0.00560969 0.00151279 -0.00103525
internal_weight=157884 2421 2215 1677 155463 12583 10770 10483 142880 5852 3624 137028 2228 9227 127801 1813 1608 701 976 538
internal_count=157884 2421 2215 1677 155463 12583 10770 10483 142880 5852 3624 137028 2228 9227 127801 1813 1608 701 976 538
is_linear=0
shrinkage=0.02


Tree=120
num_leaves=16
num_cat=0
split_feature=1 25 50 50 9 28 54 49 69 41 41 42 19 14 21
split_gain=15.932 21.5992 16.7443 16.7773 45.484 15.6374 22.0515 17.3493 14.4772 42.0099 30.1082 13.4797 10.7386 9.3923 8.74863
threshold=0.072920496695848006 -1.058741268405516 0.11198437295535359 0.081408910052067532 1.4457837027792448 -0.095111119260013741 0.7083815342183426 0.013102343344363778 0.073887704227472553 0.025892534913842361 0.017426279156206429 0.0021537987170305866 1.8376589018061251 -0.0092346677954073791 0.0097537513343712318
decision_type=10 8 10 10 10 10 10 8 10 10 8 10 10 10 10
left_child=2 -2 3 8 -5 7 11 14 10 -10 -1 -7 -9 -8 -3
right_child=1 5 -4 4 -6 6 13 12 9 -11 -12 -13 -14 -15 -16
leaf_value=-0.00026379062242426146 0.004978876624614199 -0.0029426113566465672 0.0051072172338213684 -0.004542168453693222 0.0036013484876482927 0.0010563934291705978 -0.0071570776660198907 0.0040308429330022663 0.00035872322544309331 -0.0011465794516276871 0.0007423905174485636 -0.0020471853925408717 -0.0016455102177395321 -0.0027354416586013435 0.00047952005168709773
leaf_weight=76774 234 412 212 359 206 713 207 756 56588 4792 13215 3039 289 203 296
leaf_count=76774 234 412 212 359 206 713 207 756 56588 4792 13215 3039 289 203 296
internal_value=-1.95709e-05 -0.00101756 2.07562e-05 1.28871e-05 -0.00342403 -0.00125389 -0.00192121 0.000329532 2.57515e-05 0.000262589 -0.000135771 -0.00143832 0.0019675 -0.00632117 -0.00208463
internal_weight=158295 6149 152146 151934 565 5915 4162 1753 151369 61380 89989 3752 1045 410 708
internal_count=158295 6149 152146 151934 565 5915 4162 1753 151369 61380 89989 3752 1045 410 708
is_linear=0
shrinkage=0.02


Tree=121
num_leaves=23
num_cat=0
split_feature=32 44 57 40 43 9 52 36 9 57 32 50 57 50 44 50 43 27 48 77 6 72
split_gain=21.371 24.6851 27.5499 14.9723 12.5267 56.1249 39.1594 34.5736 33.7051 30.6759 23.7301 33.0691 48.0023 22.8352 22.8072 19.3398 17.1908 12.1163 10.7219 8.82153 10.6869 6.24551
threshold=0.32248815802103287 0.10184825530283161 0.21189928157913093 0.00099696822278869265 0.052023788456372573 1.7570178069655611 0.85552616108171675 -0.060439234615978214 0.35178458275189345 0.21985036815630241 -0.2761710207036227 0.071921893441075482 0.36747675891726 0.061574548261462143 0.11987758590221288 0.043025156817723238 0.042618495451688061 -0.0060595202511278248 -0.10159603370202645 -0.48554011517258494 0.033475437455423071 0.5764400763787807
decision_type=10 10 8 10 10 10 2 10 10 8 8 10 10 10 10 8 10 10 10 10 10 10
left_child=4 19 -3 17 10 6 8 15 -6 -8 16 14 -13 -9 -12 -7 18 -4 -1 -2 21 -21
right_child=1 2 3 -5 5 7 9 13 -10 -11 11 12 -14 -15 -16 -17 -18 -19 -20 20 -22 -23
leaf_value=0.0050308241174612271 0.0041338580133915247 -0.0042118669787020377 0.0023254464668978321 0.01040888371811933 0.0025381486275635372 -0.0026353653976168424 -0.0012852669831432736 0.002219523572787241 -0.00017647419618152028 0.0028306542778854392 -5.150760053545917e-05 0.0029534465850456926 -0.0045767014557340172 -0.0050945966208798552 -0.0010462190076266822 -0.010915168282766239 0.0079536012886758465 0.0090555183248784109 -0.0014307139995493898 0.0036323820634034543 -0.0070750197843370598 -0.0014540331452148924
leaf_weight=204 342 201 451 322 1289 345 726 688 7726 3119 133788 264 712 354 5463 511 281 222 305 308 305 271
leaf_count=204 342 201 451 322 1289 345 726 688 7726 3119 133788 264 712 354 5463 511 281 222 305 308 305 271
internal_value=-3.22254e-05 0.00183161 0.00387469 0.00523896 -6.12289e-05 0.000493123 0.00096711 -0.00271617 0.000246007 0.00265679 -0.000119261 -0.00013876 -0.00380553 -0.000266539 -0.000113018 -0.00569195 0.00333502 0.00352819 0.00113333 -0.000161369 -0.00121808 0.000375862
internal_weight=158197 2422 1196 995 155775 14758 12860 1898 9015 3845 141017 140227 976 1042 139251 856 790 673 509 1226 884 579
internal_count=158197 2422 1196 995 155775 14758 12860 1898 9015 3845 141017 140227 976 1042 139251 856 790 673 509 1226 884 579
is_linear=0
shrinkage=0.02


Tree=122
num_leaves=27
num_cat=0
split_feature=23 57 52 14 43 78 52 50 50 7 42 28 57 43 43 24 20 29 51 4 28 66 35 0 8 19
split_gain=17.0153 22.1227 20.1077 52.1703 27.1676 17.2268 17.1546 40.5317 36.84 35.6507 41.1742 28.6736 26.1811 24.1676 45.1558 23.5666 21.3357 19.9294 17.9569 15.299 12.3147 11.5224 9.49179 8.48391 8.17921 8.35382
threshold=0.037515239100456295 0.97870072131742514 0.88789462569950384 0.044731879076692745 0.052023788456372573 2.0431510323838471 0.60896649527140501 0.0074239673495188905 -0.0053067631981854593 0.0060519580047937649 -0.014223063326127381 -0.0045166758205630311 0.15628345824411136 -0.019281203655157116 -0.014492325859521591 -0.91262749815226596 -0.036550853632682061 1.5192327259395362 0.017455980570734674 -0.065904806312114858 -0.027113706316906679 0.39585481099656361 0.072627015898116126 0.011396335604182075 0.01434552313203564 0.56641724422452133
decision_type=10 10 2 8 10 10 2 10 10 10 10 8 8 10 10 10 10 10 2 10 10 10 10 10 10 10
left_child=1 2 5 21 -5 19 8 11 9 10 -2 22 15 17 -15 -9 -14 -10 -11 -1 -7 -4 -8 24 25 -3
right_child=6 23 3 4 -6 20 7 12 13 18 -12 -13 16 14 -16 -17 -18 -19 -20 -21 -22 -23 -24 -25 -26 -27
leaf_value=0.00051155787096892984 -0.0038875704791941235 0.00087085394554429379 0.00099101288129997862 0.00090802894235843137 0.0045236826583127847 -0.0018809327377331349 -0.00050884269024816799 0.0014360354220634755 -1.1846922334936457e-05 -0.0059202082165994898 0.00031737034305351797 -0.0091152716486102379 0.0037923996813198752 -0.0041341019246150827 0.0012100342959867386 -0.0044790699360823883 -0.00033586440852173603 0.0060222050503879014 0.00030584876073661341 -4.3664944616814938e-05 0.0011444713636420177 -0.0017626141341215197 -0.0049710360956119149 -0.00015571310396189116 0.011465180358423524 0.0045275421488139992
leaf_weight=26396 1383 409 596 739 1001 1841 416 421 214 229 918 319 572 523 6434 1557 19618 440 6074 86106 232 1048 305 301 219 255
leaf_count=26396 1383 409 596 739 1001 1841 416 421 214 229 918 319 572 523 6434 1557 19618 440 6074 86106 232 1048 305 301 219 255
internal_value=-4.52805e-06 0.000114634 8.73008e-05 0.0016065 0.00401953 4.23998e-05 -0.000364702 -0.00071343 0.000134312 -0.000762115 -0.00289227 -0.00457061 -0.000532185 0.00114792 0.000801667 -0.00272764 -0.000316874 0.00482137 1.55457e-05 7.57135e-05 -0.00176374 -0.000947112 -0.0023518 0.00283376 0.00382127 0.00270376
internal_weight=158566 119143 117959 3384 1740 114575 39423 23208 16215 8604 2301 1040 22168 7611 6957 1978 20190 654 6303 112502 2073 1644 721 1184 883 664
internal_count=158566 119143 117959 3384 1740 114575 39423 23208 16215 8604 2301 1040 22168 7611 6957 1978 20190 654 6303 112502 2073 1644 721 1184 883 664
is_linear=0
shrinkage=0.02


Tree=123
num_leaves=14
num_cat=0
split_feature=38 4 9 50 47 2 46 4 54 19 50 31 36
split_gain=19.0484 20.2812 18.4364 18.102 17.1391 17.1356 16.2558 32.7861 14.8168 12.7091 11.085 15.4321 9.03475
threshold=1.6292708263384841 -0.27280405198197283 -0.44381803412756327 0.049602788226685297 -0.017354256133645714 -0.027557589871686158 0.037096225519872329 0.020653294574480178 0.68686323655838333 1.7711545768767183 -0.043221123925405218 0.14196692415748899 -0.19641071917112116
decision_type=10 8 8 10 10 10 10 10 10 10 10 10 10
left_child=1 3 4 10 -3 -2 8 -8 -4 -6 11 -1 -12
right_child=5 2 6 -5 9 -7 7 -9 -10 -11 12 -13 -14
leaf_value=0.0076645907573245388 -0.00037711655942308244 -0.0045219948337479124 -7.604504301551893e-05 0.0064617101839985367 0.002555508784011562 -0.0053945980558826384 -0.00033875640456102 -0.0056765215445887598 0.00086104102459543213 -0.0025249113208456343 0.0014043291323529059 0.00038327590439880322 -0.0027842171842591291
leaf_weight=336 373 289 144358 336 2039 231 1390 366 6440 291 817 434 263
leaf_count=336 373 289 144358 336 2039 231 1390 366 6440 291 817 434 263
internal_value=-2.49297e-05 -1.12989e-05 -3.82667e-05 0.00190123 0.00162519 -0.00356694 -6.6848e-05 -0.00197951 -4.45494e-05 0.00219562 0.00112264 0.0029546 -0.000183164
internal_weight=157963 157359 155173 2186 2619 604 152554 1756 150798 2330 1850 770 1080
internal_count=157963 157359 155173 2186 2619 604 152554 1756 150798 2330 1850 770 1080
is_linear=0
shrinkage=0.02


Tree=124
num_leaves=22
num_cat=0
split_feature=17 46 6 9 45 59 54 72 49 36 4 48 38 45 38 9 0 46 49 14 50
split_gain=18.5584 20.1542 12.367 19.2868 12.3405 46.5258 46.0093 82.9928 55.6651 28.5054 21.9655 56.3042 51.6026 34.7863 33.1292 33.8721 21.3317 19.0534 14.5367 10.5411 8.01528
threshold=-2.0499426430180678 0.0067550141796695424 0.014693841438177422 1.1022766061692642 0.0044644105449606697 0.5675936580999873 0.27512555573950848 -0.77556405614717983 0.010453935899109592 -0.19641071917112116 -0.065904806312114858 -0.10872555099910929 1.1763340282410086 0.018619033743462497 1.3679373391243179 1.5096097655731711 -0.070425592358819331 0.0039256239848210073 0.011332408601803847 0.14887514536603233 0.019238877260484125
decision_type=2 10 8 10 10 10 8 8 10 10 8 8 8 10 10 10 10 10 10 10 10
left_child=1 -1 -3 20 5 6 7 -2 -8 18 14 12 -12 -13 15 -6 -16 -11 -7 -5 -4
right_child=4 2 3 19 10 9 8 -9 -10 17 11 13 -14 -15 16 -17 -18 -19 -20 -21 -22
leaf_value=-0.0030215976152732811 -0.0084407466117927942 0.0055943746476657232 -0.0016787211291518481 0.0020779459422457119 0.00032568008894527255 -0.0020566412301458686 0.0002645421378596692 0.00070663974316484347 0.0021542372725821988 0.0024115314158678933 -0.0042912921861557049 -0.00013154933212775402 0.00038511521915671247 0.0055874041799060135 0.0042659535439497891 0.0032622430532843784 -0.0016877120430026339 -0.000636074024917852 -0.0093674095556784895 0.0074892539009491759 0.0016182577234888169
leaf_weight=327 500 284 391 427 15240 471 9601 1207 6891 1521 1174 99921 744 587 220 4709 2784 10335 399 256 210
leaf_count=327 500 284 391 427 15240 471 9601 1207 6891 1521 1174 99921 744 587 220 4709 2784 10335 399 256 210
internal_value=4.689e-05 0.00201371 0.00295602 0.00211518 2.30191e-05 0.000380845 0.00102956 -0.00209485 0.00135318 -0.000546712 -6.52257e-05 -0.000190555 -0.00358416 -0.00012574 0.000493944 0.000788872 -0.00146356 -0.000289955 -0.00403904 0.00441228 -0.000495017
internal_weight=158199 1895 1568 1284 156304 30925 18199 1707 16492 12726 125379 102426 1918 100508 22953 19949 3004 11856 870 683 601
internal_count=158199 1895 1568 1284 156304 30925 18199 1707 16492 12726 125379 102426 1918 100508 22953 19949 3004 11856 870 683 601
is_linear=0
shrinkage=0.02


Tree=125
num_leaves=23
num_cat=0
split_feature=9 49 10 47 42 14 75 72 43 36 44 10 44 52 16 8 29 3 14 14 34 47
split_gain=13.2842 34.3652 17.0258 28.3626 32.0419 27.668 17.3178 13.51 22.7244 26.474 24.1444 20.5993 18.2309 26.527 16.2307 12.8532 13.2421 12.0488 19.2604 18.0122 11.0901 5.64886
threshold=-0.26554971043423953 0.0032319389622494925 0.17317816920452114 -0.0028239447042484596 0.013429791271648119 0.12804541673131833 -1.3847265258714316 -1.835329107634889 0.054431982587977441 0.077002306361188447 0.062111733617950422 0.045295057942701285 0.077141816382879549 0.6710733722705251 0.028593773203737242 0.0080846286714299567 -0.24259198753749731 0.06975741833565198 -0.086958296156588441 0.50603014139481284 0.00038447614026354933 -0.00033922441213896087
decision_type=8 10 8 10 10 10 8 8 10 10 10 8 10 2 10 10 10 10 10 10 10 10
left_child=1 15 3 20 -5 6 -4 8 9 14 -11 12 13 -9 -2 16 -1 19 -19 -13 -3 -7
right_child=7 2 5 4 -6 21 -8 11 -10 10 -12 17 -14 -15 -16 -17 -18 18 -20 -21 -22 -23
leaf_value=-0.0014476588344601333 -0.0013830914919332955 0.0069822683643252018 0.0033117212535933834 -0.0027803969099376132 0.004807479299388082 0.0015622968213327723 -0.0017951146780381556 0.0046747114813387204 0.0038172800200654716 -0.0063031915689351382 0.00095425176352164883 -4.3923444948570577e-06 0.0056184833410727435 -0.0022701678035104969 0.0028225010897439478 1.06023267161158e-05 -0.0075442052899176619 -0.0016331542717004377 -0.00019180299920572546 0.0024010801425536346 0.0054977678332273558 0.0062838242429715339
leaf_weight=208 1130 207 325 280 439 336 1076 255 241 776 233 119810 277 327 306 367 203 4199 24389 2041 206 347
leaf_count=208 1130 207 325 280 439 336 1076 255 241 776 233 119810 277 327 306 367 203 4199 24389 2041 206 347
internal_value=-3.77139e-05 0.00110088 0.00201368 0.00398764 0.00158056 0.000939089 -0.000669044 -6.72663e-05 -0.00147302 -0.00205151 -0.00453267 -4.22871e-05 0.00304419 0.00102573 -0.000304802 -0.00266752 -0.00509223 -5.99442e-05 -0.000429466 2.67374e-05 0.00815942 0.00423684
internal_weight=157978 3994 3216 1132 719 2084 1401 153984 2686 2445 1009 151298 859 582 1436 778 411 150439 28588 121851 413 683
internal_count=157978 3994 3216 1132 719 2084 1401 153984 2686 2445 1009 151298 859 582 1436 778 411 150439 28588 121851 413 683
is_linear=0
shrinkage=0.02


Tree=126
num_leaves=28
num_cat=0
split_feature=0 48 45 54 42 75 54 32 45 7 10 32 10 14 13 69 30 69 31 55 53 42 30 13 44 20 64
split_gain=13.0934 20.7971 37.1069 25.685 22.5458 23.1589 22.5066 23.6554 16.1791 18.7423 25.9997 17.0804 19.5444 16.4772 14.8705 14.3397 13.8639 16.875 18.5723 14.1902 34.4482 22.4267 10.6682 10.3293 9.4853 9.46111 8.83499
threshold=-0.029326747886427026 -0.022927011131925908 0.01524258120370464 0.587880671588347 -0.034119083322996173 -0.2069576958206957 0.40770722412661325 0.04616499429302779 0.0035438037172831663 0.0061963061093512862 1.9912009583667556 0.073747221554799139 1.796755472077636 0.025353502380779606 -0.10680210339320971 -0.2924568722171082 0.80994940558646322 -0.12412872834097972 0.083408497396543615 0.45931989069368778 0.011281330487037692 -0.0077880810674160741 0.64742275506228453 0.022784334791006836 0.063232386428749413 -0.016688767068496421 0.36025522796929677
decision_type=10 8 10 10 10 8 10 8 8 10 8 8 10 8 10 8 10 10 10 8 8 10 10 10 10 10 10
left_child=1 2 4 6 14 -6 23 -8 9 10 13 24 -13 -2 -1 22 19 18 -18 21 -21 -10 -4 -3 -11 -17 -19
right_child=8 3 15 -5 5 -7 7 -9 16 11 -12 12 -14 -15 -16 25 17 26 -20 20 -22 -23 -24 -25 -26 -27 -28
leaf_value=0.0024842604838064652 -0.00080581479689088679 -0.00013958207384772963 -0.0036707148778508192 0.005701616924008176 0.0076804029010921352 0.0014271260108249769 -2.3457286205931169e-06 -0.0052390966515883245 -0.00053305813334233532 -0.00026653442019057425 0.0073682946399528642 -0.0039421731189473877 0.0043226398236099091 0.0012863510211053903 -0.0013788776902447872 0.0025579547055304612 -0.0027546324308180938 0.0031658318150017584 -0.00015917492106101873 0.001146683570859047 -0.00030831367829608575 0.0003393940628636749 1.5734507569964695e-05 0.0052424694174215691 0.0017597412548684853 -0.0012311679075813556 -7.0777395028068406e-05
leaf_weight=399 1119 347 385 244 1177 761 628 747 13105 1913 201 844 240 5310 596 306 1951 289 1368 5021 73304 45521 219 202 857 284 802
leaf_count=399 1119 347 385 244 1177 761 628 747 13105 1913 201 844 240 5310 596 306 1951 289 1368 5021 73304 45521 219 202 857 284 802
internal_value=-2.67989e-05 0.0008669 0.0017001 -0.000718303 0.00291002 0.00416606 -0.00149506 -0.00286192 -6.38673e-05 0.000694134 0.00133886 -0.000414527 -0.00254194 0.00111633 0.000459839 -0.00127029 -0.000120103 -0.00122376 -0.00193313 -8.45406e-05 -0.00026068 0.00015075 -0.00343471 0.00192364 0.0004179 0.000944162 0.000932234
internal_weight=158140 6295 4127 2168 2933 1938 1924 1375 151845 10484 6630 3854 1084 6429 995 1194 141361 4410 3319 136951 78325 58626 604 549 2770 590 1091
internal_count=158140 6295 4127 2168 2933 1938 1924 1375 151845 10484 6630 3854 1084 6429 995 1194 141361 4410 3319 136951 78325 58626 604 549 2770 590 1091
is_linear=0
shrinkage=0.02


Tree=127
num_leaves=22
num_cat=0
split_feature=9 49 48 54 72 43 54 54 70 10 41 41 57 75 20 43 32 43 16 70 36
split_gain=17.3974 26.2104 24.9022 16.5988 16.4861 23.5337 27.5919 30.9345 23.5142 15.1724 23.6649 20.2182 15.1315 20.2132 13.8761 21.661 15.6987 12.43 11.5485 10.4919 3.33803
threshold=-0.26554971043423953 0.0032319389622494925 -0.0073846290070418421 0.56523834714899612 -1.835329107634889 0.051227617896574269 0.56051988495789973 0.50175757733287618 -0.60661914334075473 0.045295057942701285 0.0067562088906466542 -0.0027302668667126269 0.15231194475352799 -1.2410631880684011 0.070277485096447836 -0.094164885615384927 0.21128794183495972 0.036769158053900138 0.031227157081013205 -0.11393424138845397 0.011817271659247286
decision_type=8 10 8 10 8 10 10 10 10 8 10 10 10 8 10 8 10 10 10 10 8
left_child=1 19 3 18 5 6 7 -2 -8 10 11 -6 13 -4 16 -16 -11 -14 -3 -1 -21
right_child=4 2 12 -5 9 -7 8 -9 -10 14 -12 -13 17 -15 15 -17 -18 -19 -20 20 -22
leaf_value=-0.0045564590756778291 -0.0014265622669748978 0.012211806014874283 0.0025772712010761179 0.001239871485677101 0.0027434367776073684 0.0032127107559017948 -0.006503225156055832 0.0042958695760017063 -0.0014779432222534294 -2.370211437236848e-05 0.004801045248000878 -0.0035362677864396999 0.00091658030345698617 -0.0052025155943184421 -0.0049168139386294388 -0.00081727545244625755 0.00093982464296535676 0.0033969254967563022 0.0036870000850478496 0.0023493992078063427 -0.0023259128393830052
leaf_weight=291 977 203 303 203 206 281 642 376 429 139239 377 275 1275 356 292 3732 7002 663 201 234 238
leaf_count=291 977 203 303 203 206 281 642 376 429 139239 377 275 1275 356 292 3732 7002 663 201 234 238
internal_value=7.46533e-06 0.00131502 0.00210858 0.00575329 -2.62499e-05 -0.00157354 -0.00220948 -0.000308715 -0.00460634 1.44252e-06 0.00265192 -0.000286307 0.00125404 -0.00136061 -1.36957e-05 -0.00117217 1.81754e-05 0.0021444 0.00809383 -0.00201309 -0.000164905
internal_weight=157795 3967 3204 607 153828 2705 2424 1353 1071 151123 858 481 2597 659 150265 4024 146241 1938 404 763 472
internal_count=157795 3967 3204 607 153828 2705 2424 1353 1071 151123 858 481 2597 659 150265 4024 146241 1938 404 763 472
is_linear=0
shrinkage=0.02


Tree=128
num_leaves=22
num_cat=0
split_feature=69 44 41 43 50 26 6 53 8 48 50 44 42 43 53 48 29 9 26 58 69
split_gain=13.227 46.7562 49.645 43.9994 59.0369 46.8379 39.5817 38.0107 43.58 43.1914 34.487 29.6962 46.3223 59.9881 36.4688 33.112 27.2424 26.337 12.8382 10.4707 6.04872
threshold=-0.016567491129258514 0.16428366975657974 0.01420488694621558 0.014665091442149449 0.017734395690691799 0.38181172706785693 0.016791802028490118 0.020587870294827216 0.015483607483747172 -0.032301521326020981 0.11198437295535359 0.00083594828880284588 0.0066565011678662031 0.01673585137317735 0.013252762903213073 -0.020992339161114312 -0.28948519151134505 1.4457837027792448 1.1188242504339845 0.26212661119825414 0.47833088267270163
decision_type=10 10 10 10 10 10 10 10 10 10 10 8 8 8 10 10 8 10 10 10 10
left_child=10 2 3 5 -5 -2 -3 9 -9 -4 11 15 14 -14 -13 17 -17 -1 19 -8 -20
right_child=1 6 7 4 -6 -7 18 8 -10 -11 -12 12 13 -15 -16 16 -18 -19 20 -21 -22
leaf_value=-0.00013334199284726012 0.0048706422414025478 -0.0038342900144629085 0.0014149340982959461 0.0036307855225151966 0.00060583451632032794 -0.00016499983814817425 0.0050491679038199549 -0.0040756061014486124 -0.00052839997288135179 -0.00082158914972164151 -0.0057031993405527552 -0.00013831260356918839 0.0013568272344496692 -0.00028995916855430572 -0.0014793231637237371 0.0049544301877046506 0.00036487356477385522 0.0021491570680659397 0.004571244313008216 0.0012164080789385156 0.0094190888078038507
leaf_weight=10890 684 211 3291 2978 20495 28337 200 1004 1212 12009 214 12913 9792 31101 16879 950 811 3183 257 351 233
leaf_count=10890 684 211 3291 2978 20495 28337 200 1004 1212 12009 214 12913 9792 31101 16879 950 811 3183 257 351 233
internal_value=-1.04939e-05 0.000191376 0.000122809 0.000430479 0.00107429 -9.02074e-05 0.00402075 -0.000799109 -0.00324673 -0.000444285 -0.000176378 -0.000156472 -0.000331862 0.000105101 -0.000931695 0.000626334 0.00321112 0.000302544 0.00562188 0.00351087 0.00797963
internal_weight=157995 71262 70010 52494 23473 29021 1252 17516 2216 15300 86733 86519 70685 40893 29792 15834 1761 14073 1041 551 490
internal_count=157995 71262 70010 52494 23473 29021 1252 17516 2216 15300 86733 86519 70685 40893 29792 15834 1761 14073 1041 551 490
is_linear=0
shrinkage=0.02


Tree=129
num_leaves=23
num_cat=0
split_feature=32 5 75 46 42 16 18 52 52 47 70 41 56 5 66 54 59 37 57 2 25 15
split_gain=15.7591 15.047 14.9184 15.6338 15.6191 14.4437 25.1552 21.8701 35.1707 33.1059 16.1955 27.049 17.4406 39.9787 14.3889 13.6741 11.8866 12.4286 11.1954 9.54483 6.29718 4.27246
threshold=0.23307903185234982 0.045204973318957363 -0.42027760557265864 0.012339697384750105 0.031497903939280987 0.077584202824064766 39.630161666432947 0.60896649527140501 0.61515640900845103 -0.0038235390387544306 -1.241716599153516 -0.012817539359135597 0.95183240791908996 0.010168759716327483 0.98565567747109939 0.66004848003395244 0.78443850456701847 -0.52470225480561983 0.91710114242865348 -0.052907645428380938 0.39627891900820328 -0.017151917775274469
decision_type=10 10 10 10 10 8 8 2 2 10 10 10 8 10 10 10 10 10 8 10 10 8
left_child=5 2 16 4 -4 10 19 9 -9 -8 11 20 14 -14 -12 -13 -2 -18 -5 -7 -1 -21
right_child=1 -3 3 18 -6 6 7 8 -10 -11 12 15 13 -15 -16 -17 17 -19 -20 21 -22 -23
leaf_value=-0.0031446001547565348 0.0090886680586706702 -0.006623253358660164 0.00061723975498164687 0.0011088039808491946 -0.0051478076207427418 -0.001343455339496767 0.00018211314095998411 -0.0073762705055544046 -0.00060231642652084955 0.0055600288198649709 4.828760390186718e-05 -0.0007699585101684362 0.0046026851768348779 1.3100608543084054e-05 -0.0015722619844068754 0.0022832261433962265 0.011206583839852121 0.0018507551414567503 0.0049403152433345485 -0.0079935032013582277 -0.0055564796120252989 -0.0031619291719317934
leaf_weight=229 204 254 3255 635 420 247 6029 244 15551 385 122915 1526 698 1677 1521 260 202 767 247 208 214 212
leaf_count=229 204 254 3255 635 420 247 6029 244 15551 385 122915 1526 698 1677 1521 260 202 767 247 208 214 212
internal_value=-1.11336e-05 0.000995489 0.00120712 0.00068846 0.000113711 -5.08041e-05 -0.000513966 -0.000398829 -0.00079881 0.000585814 3.12924e-05 -0.0016583 6.10195e-05 0.00175842 2.85928e-05 -0.000558478 0.00321806 0.0022866 0.00307814 -0.00433832 -0.00607658 -0.00617102
internal_weight=157900 5984 5730 4557 3675 151916 22876 22209 15795 6414 129040 2229 126811 2375 124436 1786 1173 969 882 667 443 420
internal_count=157900 5984 5730 4557 3675 151916 22876 22209 15795 6414 129040 2229 126811 2375 124436 1786 1173 969 882 667 443 420
is_linear=0
shrinkage=0.02


Tree=130
num_leaves=26
num_cat=0
split_feature=43 9 8 57 53 44 10 46 52 53 43 42 53 46 15 9 46 9 43 50 46 44 44 44 48
split_gain=14.7066 80.337 28.283 30.1088 31.7004 29.9025 26.594 46.9 40.2831 25.9055 25.0457 29.3037 28.3675 23.9513 46.8771 34.0861 64.803 32.3149 23.203 23.0874 21.1049 20.0371 19.4797 15.3217 8.79863
threshold=0.051227617896574269 2.610549304375732 0.0054244761725461867 0.36747675891726 0.020474421087514984 0.16428366975657974 1.5980489595896923 0.006377176252591296 0.54536046682423323 0.013274039778804187 -0.053124606254679956 0.021683781789667237 0.016333377400264328 0.0045607667144013436 -0.023328219750777254 0.44470953387731449 0.0049488493818153232 0.81110123344399188 0.043494117582915222 0.043025156817723238 0.0059351470964873225 0.069399657099751391 0.090415656457718221 0.043190304467678915 -0.019394914371108626
decision_type=10 10 10 10 10 10 10 10 2 10 10 10 10 10 8 10 10 8 10 8 10 8 10 10 10
left_child=6 2 19 4 -4 -5 13 8 9 -8 12 -12 -9 14 21 16 -15 -16 -17 23 -10 -1 -3 -2 -21
right_child=1 22 3 5 -6 -7 7 10 20 -11 11 -13 -14 15 17 18 -18 -19 -20 24 -22 -23 -24 -25 -26
leaf_value=-0.00056913158635834649 0.0037136494204189569 -0.0077835593888211088 0.00019827235581462279 0.00074396027552422279 -0.0026941716491151548 0.0031532055491607816 0.00048442366087767913 0.0031883874107922466 -0.00050079965277858717 0.0087988279543796625 0.0035334011439288183 -0.00029688423839658153 -0.011066969583744469 -0.0046455646588412208 0.0015411710924109468 -7.14883468980028e-05 -0.00069779266889115539 5.296323592037813e-05 -0.0012224641338085644 0.0051343533052861127 -0.0046660217903332782 -0.0036497472924164197 -0.01355597288163494 -0.0021161193957195553 0.0033319183880305453
leaf_weight=1213 402 211 3991 7825 1317 983 524 230 5102 420 5269 1454 209 1192 7307 86777 15936 9789 4873 237 1237 986 241 214 367
leaf_count=1213 402 211 3991 7825 1317 983 524 230 5102 420 5269 1454 209 1192 7307 86777 15936 9789 4873 237 1237 986 241 214 367
internal_value=-4.47106e-05 0.000534423 0.000779683 0.000526882 -0.000662648 0.00124396 -0.000108884 0.000704555 -0.000425316 0.00342646 0.00185369 0.00215616 -0.00276818 -0.00020065 0.000448694 -0.000315851 -0.0011348 0.000802363 -0.00016277 0.00370025 -0.000999685 -0.00229909 -0.007766 0.000969206 0.00647603
internal_weight=158306 15788 15336 14116 5308 8808 142518 14445 7283 944 7162 6723 439 128073 19295 108778 17128 17096 91650 1220 6339 2199 452 616 604
internal_count=158306 15788 15336 14116 5308 8808 142518 14445 7283 944 7162 6723 439 128073 19295 108778 17128 17096 91650 1220 6339 2199 452 616 604
is_linear=0
shrinkage=0.02


Tree=131
num_leaves=20
num_cat=0
split_feature=0 6 54 9 54 32 31 53 20 31 9 53 54 72 53 10 78 49 65
split_gain=15.4827 15.5648 19.7365 23.0885 14.9755 15.1098 14.7713 14.5043 14.378 13 12.2504 23.1302 24.5228 13.3028 24.0427 16.3153 9.91484 8.62306 4.38305
threshold=-0.034281992027007595 0.047002521300884136 0.54751473196856126 1.20585123491686 0.41303808981496143 0.1074913843441639 -0.016708652126342979 0.018229653661318748 -0.045506844224147906 0.24791076106535639 -0.26554971043423953 0.011429546617393914 0.3149263653240682 -1.835329107634889 0.017251242930206453 0.045295057942701285 0.39743727079969904 0.0051399810022737533 0.064921893522299212
decision_type=10 8 10 10 10 10 10 10 10 10 8 10 8 8 10 8 8 8 10
left_child=1 2 4 7 6 -6 -1 -4 -5 10 11 -2 -13 14 -12 -15 -3 -18 -11
right_child=9 16 3 8 5 -7 -8 -9 -10 18 13 12 -14 15 -16 -17 17 -19 -20
leaf_value=0.0050609982820185896 -0.005422243917490588 0.00099821743847030241 -0.0017041544681745582 0.0031208488887920749 -0.0002923155703999164 -0.0057635260221296182 -0.0015726287164147864 0.0021498579077546486 0.0058235798604489557 -0.0019253036114728434 -0.002221625610676378 0.006370165936592306 0.00072376479442816616 0.0019587383564479022 0.0026353502417162532 -4.8938309064405495e-05 -0.0054137195868377347 -0.0004212718478453835 -0.0037867685129303486
leaf_weight=251 270 254 466 415 639 241 211 519 884 206 2126 426 3185 856 530 145776 206 235 202
leaf_count=251 270 254 466 415 639 241 211 519 884 206 2126 426 3185 856 530 145776 206 235 202
internal_value=-1.94935e-05 0.00116104 0.00168679 0.00281751 -0.000236783 -0.00176844 0.00267387 0.000505071 0.00456769 -5.27289e-05 -4.32069e-05 0.00106595 0.00148893 -7.20616e-05 -0.0014746 -4.66334e-05 -0.00157759 -0.00338914 -0.00361369
internal_weight=157898 4321 3626 2284 1342 880 462 985 1299 153577 153169 3881 3611 149288 2656 146632 695 441 408
internal_count=157898 4321 3626 2284 1342 880 462 985 1299 153577 153169 3881 3611 149288 2656 146632 695 441 408
is_linear=0
shrinkage=0.02


Tree=132
num_leaves=24
num_cat=0
split_feature=33 44 41 46 43 7 75 18 44 43 48 52 20 20 63 54 57 48 36 69 25 32 37
split_gain=13.3932 31.3108 31.534 37.7566 34.234 20.3813 17.535 17.3399 17.0457 14.6241 40.0293 35.1669 13.7963 13.743 21.8777 17.1105 13.9778 22.6309 16.0566 13.7173 11.7713 10.9154 5.95039
threshold=0.14736143059389165 0.052077593170707377 0.02808491692279769 0.0072975865181117922 0.049940771449069728 0.020129546619479178 0.86249130637114335 82.153812200067065 0.0054262667998370437 0.014186503199483782 -0.055603962429733748 0.58787244833269947 1.0000000180025095e-35 0.089268738093186764 0.16419481539670075 0.65055132966644058 0.79695973667084818 -0.10872555099910929 0.11505883627311925 0.17524526776559055 0.10528976553937555 0.055217493277195835 -0.080532796533414205
decision_type=10 8 10 10 10 10 10 10 8 10 10 2 10 10 10 10 10 10 10 10 8 8 10
left_child=7 5 3 6 -5 9 -3 13 -9 11 -11 -2 19 16 -15 -16 18 -18 -1 -10 -14 -4 -7
right_child=1 2 21 4 -6 22 -8 8 12 10 -12 -13 20 14 15 -17 17 -19 -20 -21 -22 -23 -24
leaf_value=-7.4363595773889464e-07 -0.0010739423695119165 0.001064240959122579 0.0021937147621437993 -0.0029884373871133501 0.0012759320887641057 0.0064675873651349382 0.0044455422851441152 -0.0022879143694231781 0.0018914796738072246 -0.0034523813204589242 3.4115522731383333e-05 -0.0054209089775467435 0.0014188410511916589 0.0041356786879286197 -0.0016420263289312759 -0.0063805022700022121 -0.0017467948014675252 0.00054831865562800697 -0.00092316468359368163 0.0046340771615578352 -0.00016368915443953734 0.0066432260624276667 0.0012201879254988837
leaf_weight=107671 1622 2177 355 1997 842 224 390 350 291 1035 3060 785 2177 357 892 335 1015 23645 6865 285 1387 229 267
leaf_count=107671 1622 2177 355 1997 842 224 390 350 291 1035 3060 785 2177 357 892 335 1015 23645 6865 285 1387 229 267
internal_value=-5.16891e-06 -0.00062061 0.000440327 -3.66192e-05 -0.00162606 -0.0015296 0.0017204 4.98241e-05 0.00127321 -0.00182654 -0.00109814 -0.00306395 0.00163197 1.07827e-05 -0.00184101 -0.00310912 3.18829e-05 0.000463809 -6.10982e-05 0.0045026 0.00116634 0.00485128 0.00239431
internal_weight=158253 12983 5990 5406 2839 6993 2567 145270 4490 6502 4095 2407 4140 140780 1584 1227 139196 24660 114536 576 3564 584 491
internal_count=158253 12983 5990 5406 2839 6993 2567 145270 4490 6502 4095 2407 4140 140780 1584 1227 139196 24660 114536 576 3564 584 491
is_linear=0
shrinkage=0.02


Tree=133
num_leaves=16
num_cat=0
split_feature=19 49 52 44 48 48 52 75 16 6 30 66 7 68 44
split_gain=17.1874 30.1662 25.6278 19.669 26.9407 32.595 19.3596 18.4474 18.7644 17.3483 15.3692 19.0858 15.1135 10.6673 7.95001
threshold=1.9538731565609513 0.043381011344530325 0.96823770491803296 0.048801865079640801 -0.0076598268587614862 -0.0054038972481957317 0.31451246134255056 -0.093159653562778569 0.097347296066567904 0.070717937891513788 0.80358969714569728 0.95914193898418276 0.012262819680102495 -1.0190398514412828 0.069623234060534181
decision_type=8 10 2 8 8 8 2 8 8 10 8 8 10 10 8
left_child=2 3 9 4 6 -6 -2 14 -9 10 12 -12 -1 -11 -5
right_child=1 -3 -4 7 5 -7 -8 8 -10 13 11 -13 -14 -15 -16
leaf_value=-2.6985559216285984e-06 -0.0038559929178748177 -0.0037105649487913605 0.0047573614096970045 -0.005473351336977004 -0.0067392896435907734 -0.0015316389293811203 0.00027347983542857444 0.0010067047434287925 -0.00069870009947199674 0.011099180302353044 -0.00028435660595682659 -0.0022427204472619078 0.00065725637341742615 0.00034331074357530939 -0.001651968394208559
leaf_weight=111615 216 397 225 203 302 2553 3097 4057 3474 296 4544 1605 25062 238 320
leaf_count=111615 216 397 225 203 302 2553 3097 4057 3474 296 4544 1605 25062 238 320
internal_value=9.08947e-06 -0.000644186 7.56202e-05 -0.00049202 -0.00134187 -0.00276541 -0.000114062 0.000158659 0.000411312 6.49968e-05 5.15169e-05 -0.000926504 9.55384e-05 0.00365981 -0.00346947
internal_weight=158204 14619 143585 14222 6168 2855 3313 8054 7531 143360 142826 6149 136677 534 523
internal_count=158204 14619 143585 14222 6168 2855 3313 8054 7531 143360 142826 6149 136677 534 523
is_linear=0
shrinkage=0.02


Tree=134
num_leaves=21
num_cat=0
split_feature=0 42 49 9 42 38 34 28 14 50 41 17 31 38 50 50 30 20 4 14
split_gain=15.2773 21.4173 22.8671 17.0014 16.4709 15.7112 14.5611 16.3365 17.9091 16.2492 14.1346 20.7804 14.0804 14.0246 12.7839 11.896 8.05075 8.02716 7.81999 7.55632
threshold=-0.034281992027007595 -0.013460359965383471 0.019177553492005565 1.1823109788675417 -0.027812411749075224 1.6292708263384841 -0.00020569699932203206 -0.38975637630218746 -0.0092346677954073791 0.047543014471598706 0.0077663815583832738 0.028722039309100476 0.018583728852479501 1.2651559938973838 0.038034752277557933 0.059727836157396082 0.76890633797569563 0.0067410061097560323 -0.23336220962815138 -0.022400393709970098
decision_type=8 8 10 10 10 10 8 8 8 8 8 2 10 10 10 10 8 10 10 10
left_child=1 3 10 16 18 6 9 13 -9 14 11 -3 -6 -8 -2 -11 19 -7 -5 -1
right_child=5 2 -4 4 12 17 7 8 -10 15 -12 -13 -14 -15 -16 -17 -18 -19 -20 -21
leaf_value=0.0031712752993265049 0.00078813239656869063 0.0020600396543916412 0.0036457077157021497 0.005767855759911393 0.003992491167173126 -0.00098402266505515676 0.0076220088670862461 -0.00043328400365894569 6.1764736976369634e-05 -0.0020180005664534929 -0.0072186811319870552 -0.0030531830224291212 0.011166602993626389 -6.9598910949043581e-05 0.0039328556927932957 0.002667443474820873 -0.0019205929842044771 -0.0046105453704914532 0.00018557789366630134 -0.00085507066284425841
leaf_weight=360 7027 913 380 232 416 200 327 37302 106618 884 355 476 298 253 713 240 262 215 438 226
leaf_count=360 7027 913 380 232 416 200 327 37302 106618 884 355 476 298 253 713 240 262 215 438 226
internal_value=2.51556e-05 0.00119302 -0.000243765 0.00256068 0.00392635 -7.92041e-06 2.59512e-06 -4.56606e-05 -5.91852e-05 0.000789397 -0.00121375 -0.000300719 0.00603916 0.0033012 0.00111588 -0.001456 0.000327444 -0.00388942 0.00166617 0.00163203
internal_weight=158135 4356 2124 2232 1384 153779 153364 144500 143920 8864 1744 1389 714 580 7740 1124 848 415 670 586
internal_count=158135 4356 2124 2232 1384 153779 153364 144500 143920 8864 1744 1389 714 580 7740 1124 848 415 670 586
is_linear=0
shrinkage=0.02


Tree=135
num_leaves=20
num_cat=0
split_feature=19 53 32 44 14 27 44 10 45 14 14 50 53 54 43 45 65 54 16
split_gain=14.3328 24.4094 13.4183 28.7912 32.7435 17.6798 16.5788 26.3489 40.0687 31.993 25.4755 23.4059 19.7215 12.6505 12.2872 18.349 11.6391 15.8953 7.23373
threshold=2.2130828288128845 0.011136521454053298 0.26586584127140339 0.087426643201365853 -0.25424018730717163 -0.053222406514252744 0.11987758590221288 0.71813320387501356 0.0045678486461773688 -0.26795712458287357 -0.35275345043080281 0.036721697987682662 0.020765565365582783 0.3496624040668293 -0.027805513792282962 0.011930488655915996 0.1886601094569253 0.4454587230007136 0.07547645592014364
decision_type=10 10 10 10 8 10 10 8 10 8 8 10 10 8 10 10 10 10 10
left_child=2 -2 6 16 -5 -6 10 8 -8 -9 11 -1 -12 18 -15 -16 -4 -18 -3
right_child=1 13 3 4 5 -7 7 9 -10 -11 12 -13 -14 14 15 -17 17 -19 -20
leaf_value=0.0023497840952324297 0.0031362689678117884 0.0030220374174747145 0.0038555841672820237 -0.0058523701898878467 0.0074246151437145236 0.0022495345000417733 0.0047745595829310665 -0.0051650735750054201 -0.0032856322634655269 0.00021587693182972934 8.9307147735668443e-05 0.0089436547947727811 -0.00073227067924649838 0.0034663528087235072 -0.001017265504614503 -0.004509055794015387 -0.0047988218339924697 0.00011623499600233284 -0.0010654029626656015
leaf_weight=1167 366 355 382 211 712 1343 227 482 1556 4991 131388 284 7138 215 5104 522 500 801 233
leaf_count=1167 366 355 382 211 712 1343 227 482 1556 4991 131388 284 7138 215 5104 522 500 801 233
internal_value=1.88507e-05 -0.000879635 5.92527e-05 0.00120962 0.00268108 0.00345233 2.83766e-05 -0.000903679 -0.00301457 -0.000215199 7.67121e-05 0.00271212 4.90735e-05 -0.0011661 -0.00144779 -0.00162751 -0.000770784 -0.00167281 0.00162649
internal_weight=157977 6795 151182 3949 2266 2055 147233 7256 1783 5473 139977 1451 138526 6429 5841 5626 1683 1301 588
internal_count=157977 6795 151182 3949 2266 2055 147233 7256 1783 5473 139977 1451 138526 6429 5841 5626 1683 1301 588
is_linear=0
shrinkage=0.02


Tree=136
num_leaves=21
num_cat=0
split_feature=69 23 6 52 24 6 0 24 42 18 15 9 27 17 76 32 18 34 56 28
split_gain=13.8526 14.5656 20.5189 18.4233 24.7431 14.9858 14.1779 16.9342 15.5129 14.6483 18.9276 13.9967 13.3856 17.465 11.5756 10.0348 13.5875 11.4734 6.62044 8.55634
threshold=1.714102205556042 0.10698204024517956 0.010940267537191217 0.70463811982551416 -0.95371924394802432 0.030498608767105178 -0.042467581239190914 -0.38823152380647902 -0.013460359965383471 71.876657561726418 0.02130108512856799 -0.26554971043423953 -0.051483981546040218 -0.88966237386286517 -1.0777442825126011 0.11061279589308139 45.843733856946194 0.011958480072483048 0.81598411813135752 -0.06639260251706873
decision_type=10 10 8 2 10 8 8 8 10 10 10 8 10 2 10 10 8 10 10 10
left_child=1 6 -3 5 -5 -4 7 -1 -9 11 -11 -8 13 -2 -14 17 -17 -16 -15 -20
right_child=12 2 3 4 -6 -7 9 8 -10 10 -12 -13 14 18 15 16 -18 -19 19 -21
leaf_value=-0.0017670971294861237 -0.0032145844935631968 -0.0038935816208950248 -0.00046118830811841079 0.0017937515563761228 -0.0026419815272697967 0.0024569679416042481 0.0012001257545654891 0.0040969161500797602 0.00040404283744830473 0.0017983282661977334 0.000210826794980266 -0.00014953883909690373 -0.0050085312577546962 0.0090836491518238791 -0.0013030020925693278 -0.0026967565888198343 0.0016221789414884258 0.0032075791057043848 0.0020539485828363537 0.0084716766875534213
leaf_weight=279 276 204 2968 459 2325 905 2877 997 984 1337 16683 121498 314 335 1373 209 2757 536 447 208
leaf_count=279 276 204 2968 459 2325 905 2877 997 984 1337 16683 121498 314 335 1373 209 2757 536 447 208
internal_value=-3.70825e-05 -7.57539e-05 -0.0009761 -0.000783719 -0.00202442 0.000107899 -3.30301e-05 0.00153826 0.0021887 -5.79932e-05 0.00047489 -0.000135219 0.000870198 0.0027135 0.000419653 0.000659967 0.00138793 -0.000470157 0.00395358 0.00277134
internal_weight=157971 151516 6861 6657 2784 3873 144655 2260 1981 142395 18020 124375 6455 1266 5189 4875 2966 1909 990 655
internal_count=157971 151516 6861 6657 2784 3873 144655 2260 1981 142395 18020 124375 6455 1266 5189 4875 2966 1909 990 655
is_linear=0
shrinkage=0.02


Tree=137
num_leaves=24
num_cat=0
split_feature=69 50 50 44 46 69 42 43 48 45 53 52 29 71 60 54 44 60 60 36 69 28 58
split_gain=15.7273 50.6148 49.881 37.3005 58.9345 42.8004 33.1275 55.211 40.593 32.0425 59.2323 32.035 42.1466 24.3893 21.2192 20.713 25.1926 16.0909 16.0541 15.2686 9.92709 9.30081 7.52433
threshold=-0.19147656361951179 0.11198437295535359 0.067212861888321554 0.00083594828880284588 0.016394549502976186 -0.66444134511456443 0.0066565011678662031 0.01673585137317735 -0.0024304885339031519 0.0044354176637267399 0.013617060730033111 0.60057639833257792 2.5061272499360787 -0.3628219921533426 0.40725376573354433 0.66123071405507827 -0.097151723167054158 0.22818037848693701 0.74203807299954483 -0.015311187015641254 0.77115992774851738 -0.09827521477766725 0.86320287899235282
decision_type=10 10 10 8 10 8 10 10 10 10 10 2 8 10 10 10 10 10 10 10 10 10 10
left_child=3 2 9 11 6 22 8 -8 -5 13 -11 15 18 -2 -14 16 -1 -4 -13 -17 -19 -7 -6
right_child=1 -3 17 4 5 21 7 -9 -10 10 -12 12 14 -15 -16 19 -18 20 -20 -21 -22 -23 -24
leaf_value=0.0045371817923728691 0.0015465664840359427 0.0075673707765360233 -0.0058540932255172901 -0.00057451151437676123 -0.0061517996606572575 0.0012010224912581075 0.001390070542215723 -0.00035634118896364598 -0.0025999648398994536 -0.00067421859530159673 0.00038980111300685323 0.0029346354312927148 -0.0042666386862005926 0.00030039569426741706 0.0011525162078616093 -0.0016235666469155453 0.00052244132101336596 -0.001123973047048567 0.007624438818621391 0.0017586092756927082 -0.0055541928017878014 -0.0018655607579823265 -0.016369010003649924
leaf_weight=610 6932 220 279 22595 207 224 8581 26147 2887 22300 44559 1020 248 8546 734 2381 7114 592 668 488 219 225 210
leaf_count=610 6932 220 279 22595 207 224 8581 26147 2887 22300 44559 1020 248 8546 734 2381 7114 592 668 488 219 225 210
internal_value=1.77103e-05 0.000205839 0.000180491 -0.000193947 -0.000402738 -0.00558016 -0.000328146 7.3656e-05 -0.0008758 0.000236804 4.69339e-05 0.00076734 0.00272482 0.00105679 -0.00056765 0.000273551 0.000812686 -0.00406783 0.00464062 -0.001177 -0.002633 -0.00128444 -0.0101866
internal_weight=157986 83647 83427 74339 61076 866 60210 34728 25482 82337 66859 13263 2670 15478 982 10593 7724 1090 1688 2869 811 449 417
internal_count=157986 83647 83427 74339 61076 866 60210 34728 25482 82337 66859 13263 2670 15478 982 10593 7724 1090 1688 2869 811 449 417
is_linear=0
shrinkage=0.02


Tree=138
num_leaves=24
num_cat=0
split_feature=78 0 42 64 42 34 45 10 42 14 21 16 48 45 45 37 77 48 7 60 32 48 59
split_gain=16.1712 15.3319 24.0155 22.5072 19.2702 14.1061 15.7296 27.967 12.4759 12.3378 12.1277 19.5225 11.783 11.4787 10.5349 10.5266 9.84431 9.28953 12.0658 8.77025 7.09673 5.7808 3.25839
threshold=2.0431510323838471 -0.042467581239190914 -0.013460359965383471 0.58653898843772267 -0.027812411749075224 -8.3741320903595861e-05 0.0034654242084680596 1.796755472077636 0.050074529414674725 0.14887514536603233 -0.033861693878629411 0.023327724082199634 -0.00012101782438578289 0.0083757741096209641 0.0062566718320173744 0.3737738810202017 0.88937684955890195 -0.068583797197533145 0.011177008217003808 0.67087280736671728 0.066607198972000639 -0.12301640606964269 0.8551968087450964
decision_type=10 10 10 10 10 8 8 10 10 10 10 8 8 10 10 10 10 8 10 10 10 8 10
left_child=1 2 4 -4 21 10 7 -7 -8 16 11 -3 -12 14 20 -5 17 -2 -19 -6 -11 -1 -18
right_child=9 5 3 15 19 6 8 -9 -10 13 12 -13 -14 -15 -16 -17 22 18 -20 -21 -22 -23 -24
leaf_value=0.0025994750357895371 0.0023313039800050175 0.00089160390253122785 -0.0074559125232198662 -0.00057420862331183529 0.003336025345412118 0.0003397023226044489 -5.1134775553211938e-05 0.0046622023733867935 -0.00082096871874888066 -0.0022133496076951935 0.00048835057232320697 0.0042250239721353658 -0.0012479227097385167 -0.0025095418199107457 0.0031577231703774199 0.0044328503959879173 -0.0047547265037330777 0.0010601591887849618 -0.0020229801778206906 0.0068547441936684245 0.0010410820514192072 -0.0003819244171504096 -0.0035645655198154962
leaf_weight=408 205 3206 223 557 200 8168 124192 870 4918 319 8714 821 1520 313 316 337 204 357 1302 319 377 321 200
leaf_count=408 205 3206 223 557 200 8168 124192 870 4918 319 8714 821 1520 313 316 337 204 357 1302 319 377 321 200
internal_value=1.90569e-05 4.98659e-05 0.00164751 -0.000481216 0.00355324 2.50508e-05 -3.67574e-05 0.000769775 -9.32376e-05 -0.00130718 0.000623896 0.00155362 0.000257743 0.000224736 0.0012616 0.000936313 -0.00220273 -0.00158606 -0.00208313 0.00649615 -0.000111908 0.00144932 -0.0050321
internal_weight=158367 154774 2365 1117 1248 152409 138148 9038 129110 3593 14261 4027 10234 1325 1012 894 2268 1864 1659 519 696 729 404
internal_count=158367 154774 2365 1117 1248 152409 138148 9038 129110 3593 14261 4027 10234 1325 1012 894 2268 1864 1659 519 696 729 404
is_linear=0
shrinkage=0.02


Tree=139
num_leaves=16
num_cat=0
split_feature=38 27 69 44 46 41 46 24 44 45 45 63 66 69 54
split_gain=13.4458 17.2689 14.5441 47.7724 62.9165 54.8491 42.1538 36.9999 32.4244 44.9844 100.5 36.1981 24.7871 23.8774 13.8364
threshold=1.6292708263384841 -0.26139680251701813 -0.016567491129258514 0.1557699926064621 0.01289903631529502 0.01420488694621558 0.037096225519872329 -1.7302185780730401 0.00083594828880284588 0.014770771177377314 0.014227854487619125 0.23227040277249486 0.025130917607431389 -1.1092778980454845 0.70729565579210163
decision_type=10 10 10 10 10 10 10 8 10 10 10 10 8 8 10
left_child=2 -2 8 5 -5 7 -7 -4 12 10 -10 -11 -1 -14 -6
right_child=1 -3 3 4 14 6 -8 -9 9 11 -12 -13 13 -15 -16
leaf_value=-0.0031789249331241366 0.0022755271083132068 -0.0039148122494370094 0.0039811181249311987 -0.0068942685950437203 0.0026777319403135116 -0.0005706877265545554 -0.0043115548002789815 0.0003127085836148674 -0.00035771742040087429 -0.0058346161613538408 0.010316648679034384 -0.0010640878132009055 0.0026902141921958567 0.00023263705347285234 0.0069000716189758131
leaf_weight=332 227 372 946 201 906 16876 562 51198 64065 678 389 1116 3090 17001 365
leaf_count=332 227 372 946 201 906 16876 562 51198 64065 678 389 1116 3090 17001 365
internal_value=-4.16738e-05 -0.00303 -3.0293e-05 0.000181803 0.0037461 0.000106319 -0.000864614 0.000431067 -0.000204195 -0.000418995 -0.000331984 -0.00354206 0.00049246 0.000582222 0.00539151
internal_weight=158324 599 157725 71054 1472 69582 17438 52144 86671 66248 64454 1794 20423 20091 1271
internal_count=158324 599 157725 71054 1472 69582 17438 52144 86671 66248 64454 1794 20423 20091 1271
is_linear=0
shrinkage=0.02


Tree=140
num_leaves=17
num_cat=0
split_feature=43 14 10 10 6 49 59 51 52 63 78 70 60 42 30 78
split_gain=11.5704 51.5386 38.8137 29.3525 22.842 26.3432 41.3806 21.8841 21.1132 17.6881 14.378 15.2385 11.7007 11.6706 10.4267 3.45915
threshold=0.067346820587664738 -0.17459244468749965 1.8238856348698007 0.51262028523447656 0.070717937891513788 0.043381011344530325 0.62286309175920518 0.81371526031714114 0.85552616108171675 0.3713386557417232 2.0431510323838471 -1.241716599153516 0.34352710858396934 0.026891391191438466 0.80358969714569728 0.52609713287191695
decision_type=8 8 10 8 10 10 8 2 2 10 10 8 10 10 10 10
left_child=4 9 3 7 5 10 12 -3 -5 13 11 -1 -7 15 -12 -2
right_child=1 2 -4 8 -6 6 -8 -9 -10 -11 14 -13 -14 -15 -16 -17
leaf_value=-0.0012046592484494501 -0.0025864705668357559 0.0062256250739620503 -0.013926161834182622 0.0003056482623093729 0.0075831247165865801 -0.0054152758168459769 0.0036871711410753905 0.0015507521468421984 0.0020504473244249959 -0.0081049042870071381 -0.00042372687440705124 3.7386500275188305e-06 -0.0020337570696292062 0.0006548170135679826 -0.0021753094956362524 -0.0078171509858845425
leaf_weight=2317 216 313 211 5190 387 259 234 414 2098 200 2397 142057 236 366 990 204
leaf_count=2317 216 313 211 5190 387 259 234 414 2098 200 2397 142057 236 366 990 204
internal_value=-1.50421e-05 0.000672745 0.00119096 0.00141442 -5.76176e-05 -7.02938e-05 -0.00386027 0.00524451 0.00103142 -0.00364539 -5.15559e-05 -2.13195e-05 -0.00713306 -0.00228463 -0.00133943 -0.00455582
internal_weight=158089 9212 8226 8015 148877 148490 729 727 7288 986 147761 144374 495 786 3387 420
internal_count=158089 9212 8226 8015 148877 148490 729 727 7288 986 147761 144374 495 786 3387 420
is_linear=0
shrinkage=0.02


Tree=141
num_leaves=30
num_cat=0
split_feature=45 6 46 72 49 72 46 4 46 45 6 44 9 44 41 48 36 6 17 28 44 31 66 37 68 57 40 6 43
split_gain=13.0215 36.7016 50.1364 83.1101 53.6862 37.2737 33.0829 24.0953 31.4358 27.8189 69.6137 37.9471 25.8737 32.6024 23.7763 23.7031 21.0382 19.9889 15.8928 21.9881 21.8242 19.076 13.9238 18.5516 13.4879 12.2417 10.0889 9.44896 5.48015
threshold=0.0044011192485553501 0.011157508621425458 0.0040265585837819511 -0.5478527266530604 0.010310895551451484 -1.5319141377238441 0.0046312567591458931 -0.065904806312114858 0.037096225519872329 0.018619033743462497 0.013743538583391135 -0.097151723167054158 1.4279968632253877 0.077141816382879549 0.030116918800226381 -0.002088223491738261 -0.20402693577158765 0.0096431727425131449 -0.075954269962863988 -0.15340161587585635 0.074697451810853868 -0.089238735596039995 0.036999011331660205 0.51582703443504274 0.5304424004510967 0.041052239434808256 -0.00076438253624482044 0.019455281425537149 0.023863586788772543
decision_type=8 10 10 10 10 8 10 8 10 10 8 8 10 10 10 10 10 10 2 10 10 10 10 10 10 10 10 10 10
left_child=1 2 3 17 6 -6 -4 12 9 11 -11 -9 22 16 -10 -5 -14 -1 21 27 -21 -3 25 -24 -23 -2 -16 -20 -15
right_child=7 18 4 15 5 -7 -8 8 14 10 -12 -13 13 28 26 -17 -18 -19 19 20 -22 24 23 -25 -26 -27 -28 -29 -30
leaf_value=-0.0067713932546486369 0.0020369069683671514 -0.0048964384344498358 0.0017053386073993216 0.0037399454243164845 0.0065979046656507402 0.0023852864074546845 -0.0008803676656032115 -0.0055941688743080739 2.8189151003593511e-05 0.011157244701366024 0.00027996709524717744 -0.00021428910123712716 0.0055596092033322478 -0.0075535884355434901 -0.0023823965169116365 -0.00021583926145022234 0.0015582374979429081 -0.00091341552856645254 -0.0090607560690277502 0.00080034469204411205 -0.0013131796295604437 -0.0016532053557648957 8.8152105155457508e-05 0.0053188470312537329 0.00079487289373277622 -0.0027529758798924588 -0.0068576454165021053 -0.0020900980788016517 -0.0015571480459913619
leaf_weight=628 300 371 2765 451 362 3428 2402 328 286 251 979 104968 1602 217 203 867 4521 214 205 7891 2467 3516 15892 264 1321 667 219 363 234
leaf_count=628 300 371 2765 451 362 3428 2402 328 286 251 979 104968 1602 217 203 867 4521 214 205 7891 2467 3516 15892 264 1321 667 219 363 234
internal_value=-4.62629e-05 0.00035146 0.00123565 -0.00149838 0.00189529 0.00370298 0.000568498 -0.000129059 -0.000256614 -0.000228656 0.00276036 -0.000263616 0.000448055 0.00151452 -0.00445416 0.00163609 0.00189713 -0.00640332 -0.000257701 0.000175529 0.000385945 -0.00116683 3.84256e-05 0.000178127 -0.000830508 -0.00229132 -0.00746572 -0.00365202 -0.00366814
internal_weight=158182 27251 11117 2160 8957 3790 5167 130931 107234 106526 1230 105296 23697 6574 708 1318 6123 842 16134 10926 10358 5208 17123 16156 4837 967 422 568 451
internal_count=158182 27251 11117 2160 8957 3790 5167 130931 107234 106526 1230 105296 23697 6574 708 1318 6123 842 16134 10926 10358 5208 17123 16156 4837 967 422 568 451
is_linear=0
shrinkage=0.02


Tree=142
num_leaves=26
num_cat=0
split_feature=32 44 14 14 44 10 45 51 7 40 30 6 6 50 57 41 52 57 69 17 41 71 37 76 52
split_gain=16.1365 24.1935 35.4485 22.0556 20.6204 25.7685 53.7075 63.7248 31.5448 18.5319 16.6007 15.6656 15.4046 26.862 46.6417 16.3327 15.294 14.7292 14.1976 13.0519 13.7758 12.9242 12.6366 9.70299 5.32681
threshold=0.21128794183495972 0.10410281038812709 0.28161227220483981 -0.28372563352121261 0.11987758590221288 0.85972976963815839 0.010276662663940733 0.70431086824529465 0.018285318979408754 0.00086139365016418802 0.7221065020441092 0.036646447238563848 0.060421662430625224 0.071921893441075482 0.36747675891726 0.016066551039606639 0.88789462569950384 0.1760937927262784 -1.1092778980454845 0.32184099982631825 0.032619733591275575 -0.86416715002684641 0.32528149207075613 -1.0777442825126011 0.71369044544311866
decision_type=10 10 8 10 10 8 10 2 10 10 8 10 10 10 8 10 2 8 8 2 8 10 10 10 2
left_child=4 19 3 -3 12 6 7 -6 10 22 -7 -5 13 16 -15 -14 -1 -10 -17 20 23 -8 -4 -2 -21
right_child=1 2 9 11 5 8 21 -9 17 -11 -12 -13 15 14 -16 18 -18 -19 -20 24 -22 -23 -24 -25 -26
leaf_value=-1.4475354832279991e-05 -0.0025712817797123757 -0.0050447010964258642 0.0056380641488144772 0.00050214913798457756 -0.0079092041677796422 6.0544956221402632e-05 0.0042192818424005851 -0.0011388888095790861 -0.0078507327025818096 0.012340133702269709 0.0046835959921998349 0.0042016301570535096 -0.00018359377007944809 0.0035784681560625986 -0.0038772384967179752 0.014358262406909206 0.0011090802209295896 -0.0017336993123031237 0.0018548227975103988 -0.0016990271651191801 0.0067002031354341345 -0.00046879409980808419 -0.00028281000039360337 0.00032666702864196829 -0.0053003603554477689
leaf_weight=138035 344 257 554 1426 732 3647 288 1310 210 250 224 340 398 225 648 200 3692 211 300 201 201 251 230 3802 235
leaf_count=138035 344 257 554 1426 732 3647 288 1310 210 250 224 340 398 225 648 200 3692 211 300 201 201 251 230 3802 235
internal_value=7.95136e-06 0.000892488 0.00228188 0.000740119 -3.81587e-05 -0.00110823 -0.00268706 -0.00416936 -0.000157932 0.00529275 0.000407541 0.0015382 1.30872e-05 -3.35201e-06 -0.00349886 0.00262291 1.81898e-05 -0.00535071 0.00502595 3.76254e-06 0.000335327 0.00292222 0.00376815 8.63275e-05 -0.00329062
internal_weight=158211 7840 3057 2023 150371 6873 2581 2042 4292 1034 3871 1766 143498 142600 873 898 141727 421 500 4783 4347 539 784 4146 436
internal_count=158211 7840 3057 2023 150371 6873 2581 2042 4292 1034 3871 1766 143498 142600 873 898 141727 421 500 4783 4347 539 784 4146 436
is_linear=0
shrinkage=0.02


Tree=143
num_leaves=27
num_cat=0
split_feature=69 44 53 5 53 24 54 53 44 42 50 53 69 54 47 44 10 46 46 66 78 10 36 26 59 5
split_gain=13.2425 43.0364 49.5121 56.0386 49.3041 43.0009 32.0355 31.0658 26.4537 40.2738 31.1571 27.7618 69.4196 26.938 26.4693 22.4584 46.966 43.2678 31.555 22.173 21.0581 19.3725 18.9718 16.3848 10.6762 3.18306
threshold=0.073887704227472553 0.1557699926064621 0.020587870294827216 0.027812364795351239 0.020474421087514984 -1.7302185780730401 0.62685483476653914 0.013073886095789022 0.00083594828880284588 0.0066565011678662031 -0.0024251244103107301 0.020054295624391955 -0.50581677781676138 0.43507809265933584 -0.0024304885339031519 -0.012374734167449717 1.0804109291293893 0.0077017014975944544 0.0068321383576430521 0.80356858723900793 -2.1377269397454346 0.81133422816890233 -0.19641071917112116 1.1188242504339845 0.27812512211324297 0.021024101274150362
decision_type=10 10 10 10 10 8 10 10 10 10 10 10 8 10 10 10 8 10 10 10 8 10 8 10 10 10
left_child=8 2 5 6 -3 21 -4 -7 15 11 -11 14 -13 -12 -10 20 18 -18 -17 -5 -1 -2 -22 24 -6 -25
right_child=1 4 3 19 23 7 -8 -9 9 10 13 12 -14 -15 -16 16 17 -19 -20 -21 22 -23 -24 25 -26 -27
leaf_value=-0.0044480441203561321 0.0080349050511570666 -0.0037680019702138689 -0.00086431311223464596 0.0013026220712725395 0.0052319001203033474 -0.00037193913030794218 -0.0040835788341351655 0.00043505589569392268 -0.00051600367063429182 0.0088041954187091671 0.00057814395282375602 -0.0090114026192273673 0.00071066078416747835 -0.00038458439570988585 -0.0017567947285353589 0.0031109899893913529 2.1100736583824081e-05 0.0050688851468104965 -0.001299938368870614 -0.0030535349137364421 0.0039730328586146078 0.0020871058514569814 -9.8336163212395244e-06 0.0059030195219980141 0.00070257183271120265 0.0067337188902621414
leaf_weight=261 315 353 793 1469 224 19416 1243 39384 24657 204 15008 554 589 26436 3962 811 821 1464 1930 496 941 615 15784 230 297 220
leaf_count=261 315 353 793 1469 224 19416 1243 39384 24657 204 15008 554 589 26436 3962 811 821 1464 1930 496 941 615 15784 230 297 220
internal_value=-4.47886e-05 0.000174281 0.000100075 -0.00205347 0.00374189 0.000244396 -0.00437801 0.000176834 -0.00019736 -0.000384227 1.72393e-05 -0.000946074 -0.00400175 -2.11847e-05 -0.000823829 0.000408758 0.00158305 0.00369991 -0.000181619 0.000355036 6.11056e-05 0.00450913 0.000149348 0.0060679 0.00363602 0.00886475
internal_weight=158477 65055 63731 4001 1324 59730 2036 58800 93422 71410 41648 29762 1143 41444 28619 22012 5026 2285 2741 1965 16986 930 16725 971 521 450
internal_count=158477 65055 63731 4001 1324 59730 2036 58800 93422 71410 41648 29762 1143 41444 28619 22012 5026 2285 2741 1965 16986 930 16725 971 521 450
is_linear=0
shrinkage=0.02


Tree=144
num_leaves=19
num_cat=0
split_feature=66 57 54 54 19 41 45 44 5 44 54 53 27 58 52 44 52 44
split_gain=16.9246 13.6315 18.4237 19.0737 13.6724 34.0214 28.1848 20.5435 12.9711 36.7734 36.1517 11.501 10.077 8.97866 7.97425 8.53692 7.09074 2.8774
threshold=0.99369084475895642 0.96719734942567903 0.65166985478127837 0.71454012525255617 1.932995921503722 0.030461006985560649 0.011930488655915996 0.059948852170679919 0.027812364795351239 0.1557699926064621 0.77040262719322461 0.017784369646342692 -0.051483981546040218 0.9896587273069487 0.71967429796997362 0.035014447917201215 0.72395426368703453 0.038595207529380955
decision_type=10 10 10 10 10 10 10 8 10 10 10 10 10 10 2 10 2 10
left_child=1 4 11 -4 8 7 -7 -6 10 -10 -1 12 -3 14 15 -2 -13 -15
right_child=13 2 3 -5 5 6 -8 -9 9 -11 -12 16 -14 17 -16 -17 -18 -19
leaf_value=1.397889152119131e-05 -0.00019536941381542589 0.003737600284434317 0.0089866121813997266 0.00026946722170791441 -0.00077645686504626977 -0.00073014345778688961 -0.0057561468278089665 0.00046002399804602782 0.0011165893578154254 -0.0030687178138363381 -0.002599194413082906 -0.0055006841164327962 0.00072436200556564721 -0.0042499537511947938 0.0017660808113088675 -0.0051837849565898146 0.0005465143998957257 -0.0054745109392404659
leaf_weight=127412 274 739 221 209 6408 909 534 4819 10086 818 789 339 3224 212 263 202 211 217
leaf_count=127412 274 739 221 209 6408 909 534 4819 10086 818 789 339 3224 212 263 202 211 217
internal_value=4.04086e-06 2.19374e-05 0.00105542 0.00500696 -1.17146e-05 -0.000640676 -0.00353047 -0.000268792 4.55624e-05 0.000707749 -1.07487e-05 0.000677448 0.00105399 -0.0023935 -0.00105135 -0.00259539 -0.00202904 -0.00469302
internal_weight=157886 156718 4943 430 151775 12670 1443 11227 139105 10904 128201 4513 3963 1168 739 476 550 429
internal_count=157886 156718 4943 430 151775 12670 1443 11227 139105 10904 128201 4513 3963 1168 739 476 550 429
is_linear=0
shrinkage=0.02


Tree=145
num_leaves=23
num_cat=0
split_feature=32 44 57 27 36 42 10 6 10 44 57 52 7 51 72 38 50 10 6 48 46 52
split_gain=11.6255 21.2926 24.0743 12.6244 11.5857 11.3755 44.0255 36.7649 26.9406 17.1341 14.6999 11.451 37.6197 15.9163 14.2437 11.4112 24.7765 15.2958 8.17113 7.16205 6.73329 5.78148
threshold=0.32248815802103287 0.10184825530283161 0.18000124207621915 -0.0555634256239858 0.23494650127913497 0.050074529414674725 0.50324719147897257 0.014129966010614415 1.3531502992815794 0.03190657456897706 0.86320287899235282 0.88789462569950384 0.009961977048030533 0.78111661440416535 0.42538945805812145 0.8842067173471394 -0.0141895111009237 0.75427319774248092 0.033475437455423071 -0.021302761566692471 0.0060361687322973596 0.71967429796997362
decision_type=10 10 10 10 10 10 8 10 8 10 8 2 8 2 8 8 10 8 10 10 10 2
left_child=5 18 -3 -4 -5 11 7 -7 10 -10 -8 15 13 -13 -14 16 -1 -17 19 -2 -21 -20
right_child=1 2 3 4 -6 6 8 -9 9 -11 -12 12 14 -15 -16 17 -18 -19 21 20 -22 -23
leaf_value=-0.0019606655107754661 0.0045755122794936673 -0.0039830928312176569 0.0085233237196791854 -0.0011780331481221853 0.0051241380738875917 -0.0072654853953239874 -0.001144520630335653 -0.00055639654948888009 0.0047805852761129723 -0.00018587777795548433 0.0020294764946191261 -0.00069562930889516793 0.00028993825463422039 0.0020095013169131536 -0.0082324060084033122 0.00054898699029821876 -9.0429915060016852e-05 -8.9420940053694644e-06 -0.0011313546437343885 0.003376273492501088 -0.0028376445995006582 -0.0085662985997392322
leaf_weight=3052 221 200 386 205 385 276 3613 243 538 491 523 601 280 2852 408 24129 53617 65090 261 203 328 206
leaf_count=3052 221 200 386 205 385 276 3613 243 538 491 523 601 280 2852 408 24129 53617 65090 261 203 328 206
internal_value=2.73103e-05 0.00140985 0.0033288 0.00462436 0.00277157 6.02386e-06 -0.00087212 -0.00641923 -0.000313202 0.00258058 -0.00103408 3.93121e-05 0.00107629 0.00192762 -0.00319013 9.85681e-06 -0.00021207 0.000150841 -0.000440984 0.000847278 -0.000409774 -0.00251709
internal_weight=158108 2395 1176 976 590 155713 5684 519 5165 1029 4136 150029 4141 3453 688 145888 56669 89219 1219 752 531 467
internal_count=158108 2395 1176 976 590 155713 5684 519 5165 1029 4136 150029 4141 3453 688 145888 56669 89219 1219 752 531 467
is_linear=0
shrinkage=0.02


Tree=146
num_leaves=23
num_cat=0
split_feature=78 55 18 48 32 52 50 9 50 58 5 7 54 24 25 52 58 39 50 37 64 48
split_gain=17.0015 14.9136 22.7962 21.2965 23.1971 17.7962 43.9965 52.649 40.5283 54.223 26.8049 20.4368 17.0748 16.3496 12.5335 10.1146 17.4734 9.2105 8.89276 6.52134 4.7922 5.52474
threshold=2.2522823378996262 0.44758944921819982 60.883397560251147 -0.045418852036509964 0.054254162015980607 0.60896649527140501 0.0074239673495188905 1.3724555533861609 0.021965665699421825 0.42538054950854282 0.010168759716327483 0.0055628587050242989 0.24510562928333965 -2.0988234256665907 -1.3882419448396925 0.76005008063831603 0.90986224705554208 -0.016393449480875396 0.024902608082453596 0.15313086096831138 0.92037179651734924 -0.017130784039640353
decision_type=10 8 10 10 8 2 10 10 10 10 10 10 8 10 10 2 10 10 10 10 10 10
left_child=1 2 12 4 -4 8 7 -7 10 -10 -3 -8 -1 -14 -5 18 -17 -18 20 -20 21 -2
right_child=15 5 3 14 -6 6 11 -9 9 -11 -12 -13 13 -15 -16 16 17 -19 19 -21 -22 -23
leaf_value=0.0054584457077369994 -0.0033220038555272281 -0.00067893120843374793 -0.0019420997641637478 -0.0020129743318552775 0.002009283179578927 -0.0040564638568435993 0.00015181956536439598 0.0021793773730271046 0.005336704343852655 -0.00051938169249034303 0.00037467991947651223 -0.00059432341518029282 -0.0062096195224037387 0.00012701267455160492 0.001704081644366828 0.0029215557396513546 -0.004768570679499937 0.00056686092339240386 -0.0014218199678357136 -0.0053544222541417478 0.0010537409956225571 -0.00048174841053748904
leaf_weight=309 526 9212 1077 229 436 1413 23363 456 666 643 25054 26229 207 61032 5548 211 236 297 210 276 232 461
leaf_count=309 526 9212 1077 229 436 1413 23363 456 666 643 25054 26229 207 61032 5548 211 236 297 210 276 232 461
internal_value=2.94207e-05 5.54162e-05 0.000275396 0.00133288 -0.000778071 -0.000118547 -0.000356341 -0.00336791 0.000225377 0.00367786 9.33259e-05 -0.000242736 0.000150092 0.000126355 0.00188612 -0.00162367 0.000319463 -0.00160674 -0.00247245 -0.00475975 -0.00155574 -0.00216397
internal_weight=158323 155874 68838 7290 1513 87036 51461 1869 35575 1309 34266 49592 61548 61239 5777 2449 744 533 1705 486 1219 987
internal_count=158323 155874 68838 7290 1513 87036 51461 1869 35575 1309 34266 49592 61548 61239 5777 2449 744 533 1705 486 1219 987
is_linear=0
shrinkage=0.02


Tree=147
num_leaves=22
num_cat=0
split_feature=34 5 45 43 9 8 48 70 54 54 44 14 32 65 33 6 51 0 54 17 16
split_gain=14.6531 21.5955 17.6291 15.0022 55.0665 29.9563 26.4541 24.2762 65.6022 88.3362 78.6958 21.9177 20.7493 17.2087 14.752 14.6266 14.0144 12.7267 11.5493 9.64277 10.8038
threshold=-0.00020569699932203206 0.053312094467968189 0.010037060078684068 0.052023788456372573 2.3972189862257141 0.0059686893983370041 -0.0011382461604907965 -0.66480900866584081 0.57514232024538892 0.58346620426428608 0.11987758590221288 -0.11589001794172653 -0.2761710207036227 0.92124435847840125 0.036329312232161494 0.010723042435764683 0.60526362443711668 0.0228228275283936 0.46630491232942867 -1.2026362110758624 0.014233258792727301
decision_type=8 10 10 10 10 10 10 8 8 8 10 10 8 10 10 8 2 10 8 2 10
left_child=1 2 19 7 5 6 -5 8 10 -10 -2 -7 13 -9 18 -14 -16 -6 -4 -1 -21
right_child=3 -3 14 4 17 11 -8 12 9 -11 -12 -13 15 -15 16 -17 -18 -19 -20 20 -22
leaf_value=-0.0040474036693574347 0.00015516799695325441 -0.0037546579264509604 0.0060488311010038929 0.0044452401622182211 -0.0052567331668784238 -0.0012382934895814003 0.00085063032876534883 0.0065698029349030643 -0.0049911310519348585 -0.00089484144273143859 -0.0040151685657189495 0.00073311075404005179 0.00056910410903957573 -0.00045831156441893171 0.00069342484117310523 -7.3697922034776582e-05 -0.0036113344061959561 -0.011893191330356139 0.0020698095639137995 -0.00025677017510539023 0.0016094658995558719
leaf_weight=203 21283 326 231 624 331 2169 1101 439 1255 7266 823 9533 13673 219 450 89752 203 238 2614 3141 2240
leaf_count=203 21283 326 231 624 331 2169 1101 439 1255 7266 823 9533 13673 219 450 89752 203 238 2614 3141 2240
internal_value=8.08272e-06 0.000773515 0.000955411 -4.03343e-05 0.000582839 0.000841376 0.00330127 -0.000105099 -0.000600039 -0.00209082 -2.52409e-05 0.000478339 4.0525e-05 0.00357815 0.00206859 1.79645e-05 -0.000639144 -0.00550526 0.00269079 0.000257475 0.000419547
internal_weight=158114 9408 9082 148706 13996 13427 1725 134710 30627 8521 22106 11702 104083 658 3498 103425 653 569 2845 5584 5381
internal_count=158114 9408 9082 148706 13996 13427 1725 134710 30627 8521 22106 11702 104083 658 3498 103425 653 569 2845 5584 5381
is_linear=0
shrinkage=0.02


Tree=148
num_leaves=27
num_cat=0
split_feature=34 42 10 57 42 28 44 45 5 10 78 28 44 44 43 5 45 48 70 7 29 50 30 66 33 21
split_gain=13.8001 19.9035 15.4378 15.1064 14.5524 12.9711 16.7457 12.2074 20.1793 24.1033 17.3977 14.2994 32.0029 19.9318 18.8059 14.0345 13.8041 12.207 11.8243 11.0552 14.2767 13.3994 10.6828 9.39052 7.53778 7.49104
threshold=1.2863991511560259e-05 0.0065141001082833503 -0.055936793168636152 0.52426171136085464 0.0056877620262082438 -0.044110999852453751 0.12547976713689837 0.0035438037172831663 0.014922199686060478 1.6907955181615297 0.89093849066488096 -0.17067237850901892 0.17681011985472364 -0.15886070800446697 0.051227617896574269 0.017133582756620035 0.0044644105449606697 -0.066896230549587418 -0.36188419507962338 0.0056983445739193237 2.1076258347562282 0.043447128160359678 0.44809348550509137 0.97449518905000687 0.0060211988940425528 -0.02034361892798869
decision_type=8 10 8 8 10 8 10 8 10 8 10 8 8 8 10 10 10 8 10 10 10 8 10 8 10 10
left_child=1 3 -3 4 18 6 -5 8 9 10 -2 12 16 -13 -15 24 -9 -7 -1 21 -21 -4 -11 -17 -10 -6
right_child=7 2 19 5 25 17 -8 11 15 22 -12 13 -14 14 -16 23 -18 -19 -20 20 -22 -23 -24 -25 -26 -27
leaf_value=-0.0014096780957048006 0.00033279177493522323 0.0033057121542770275 0.0011449530418955374 -0.0010386217881307573 -0.0046230295093130647 0.003423499159765718 0.0029055877227518699 -0.0037791439090968122 -0.00096988293049159039 0.007066590446788844 0.0026952071858506476 -0.0042156286520940211 -0.0083338740288359976 -0.00024338777111264142 0.00047812393911279605 0.0010833134753589983 0.0011098133114683295 0.00077505401027868975 0.00015004102383524021 0.0007182668470420132 -0.0016338042604012151 0.0026785306566759941 0.0033713915867347598 -0.0024546373830215398 -0.0043176097009972629 -0.0016997745597555254
leaf_weight=2554 5593 230 2783 2648 212 317 258 436 227 236 748 204 214 97469 12246 1031 9809 4061 3702 10378 927 362 370 216 316 291
leaf_count=2554 5593 230 2783 2648 212 317 258 436 227 236 748 204 214 97469 12246 1031 9809 4061 3702 10378 927 362 370 216 316 291
internal_value=9.36397e-06 0.000405863 0.000920782 -0.000132298 -0.000813314 0.000499382 -0.000535948 -7.88283e-05 0.000642939 0.00113097 0.000766004 -0.000131236 0.000575335 -0.00019849 -0.000186828 -0.00124958 0.000735702 0.00118703 -0.000549465 0.000838558 0.000546436 0.00188748 0.00493904 -7.85256e-05 -0.00393015 -0.00408333
internal_weight=157838 28723 14680 14043 6759 7284 2906 129115 8737 6947 6341 120378 10459 109919 109715 1790 10245 4378 6256 14450 11305 3145 606 1247 543 503
internal_count=157838 28723 14680 14043 6759 7284 2906 129115 8737 6947 6341 120378 10459 109919 109715 1790 10245 4378 6256 14450 11305 3145 606 1247 543 503
is_linear=0
shrinkage=0.02


Tree=149
num_leaves=27
num_cat=0
split_feature=72 42 53 48 53 5 42 72 54 54 69 53 20 48 77 43 59 23 54 57 53 46 33 16 54 26
split_gain=15.7219 36.1013 51.5551 31.1071 30.561 29.0002 24.3603 18.2315 32.9275 25.4684 25.2077 19.9284 19.3434 18.089 17.5943 17.4337 23.1015 17.2722 16.6575 12.7387 36.2372 60.0368 26.9474 22.8078 17.3922 14.1105
threshold=-1.835329107634889 0.012775978220896824 0.017251242930206453 -0.031464899589573374 0.014360075143227473 0.013074230722808085 -9.7126185143570063e-05 -1.5655459165740002 0.57254031279556139 0.58494661542087945 0.03278825312729837 0.013189486030231594 -0.0081907339583000543 -0.02499265565018138 0.66604838210811179 0.053263173519828684 0.17808270910528798 0.031947111407716118 0.47297761055676918 0.70233077002500466 0.013073886095789022 0.0095148976935314853 -0.010082525385771037 0.10814953440398146 0.53096810766953684 0.40324571267405651
decision_type=8 10 10 8 10 10 10 8 10 8 10 10 10 10 10 10 10 10 10 10 10 10 10 10 10 8
left_child=1 2 3 5 14 -1 -5 8 10 -10 12 -12 -2 -11 18 16 -6 -4 -3 23 22 -22 -21 25 -25 -9
right_child=7 4 17 6 15 -7 -8 19 9 13 11 -13 -14 -15 -16 -17 -18 -19 -20 20 21 -23 -24 24 -26 -27
leaf_value=-0.0086433621443070749 0.0025415683505927889 0.002727578821647455 -0.00087160432815847251 0.00078144920218030356 -0.0063657658271510332 -0.0018800856116149053 -0.0042965200598728357 -0.001408087026846802 -0.0067703930866298027 0.0011952215943925671 0.00068150361554783078 0.0074672872058918916 -0.00082345861118913815 -0.0053448553273775746 -5.5626402033712323e-05 0.0025502521506866288 0.0007762177171158469 0.0069924677369833758 0.011091267590471588 0.0010917218072584315 0.0013630548357111295 -0.00028327481371067379 -0.00078624348624963621 -0.0028561513815025482 -0.00039540510852207548 1.4420941609601719e-06
leaf_weight=321 626 217 200 542 246 211 787 2396 235 669 339 631 884 245 210 238 260 224 202 2464 15710 13418 10340 1721 2025 102902
leaf_count=321 626 217 200 542 246 211 787 2396 235 669 339 631 884 245 210 238 260 224 202 2464 15710 13418 10340 1721 2025 102902
internal_value=2.81681e-05 -0.00126756 -0.00280752 -0.00424168 0.00129403 -0.00832645 -0.0026 5.88464e-05 0.0014595 -0.00133739 0.00275615 0.00527085 0.001137 0.000172678 0.00453651 -0.00144698 -0.00354635 0.00347765 0.0069 2.51561e-05 0.000321417 0.00071125 -0.000565248 -8.87523e-05 -0.0016221 -3.41694e-05
internal_weight=158263 3658 2285 1861 1373 532 1329 154605 3629 1149 2480 970 1510 914 629 744 506 424 419 150976 41932 29128 12804 109044 3746 105298
internal_count=158263 3658 2285 1861 1373 532 1329 154605 3629 1149 2480 970 1510 914 629 744 506 424 419 150976 41932 29128 12804 109044 3746 105298
is_linear=0
shrinkage=0.02


Tree=150
num_leaves=25
num_cat=0
split_feature=32 44 14 53 75 45 65 4 46 4 38 47 10 52 44 52 42 37 24 19 53 45 53 47
split_gain=12.2564 39.1602 35.882 19.9188 18.0643 12.9422 50.11 26.0122 26.5596 24.3351 29.789 50.4278 29.4692 27.0028 20.8217 17.6459 17.4041 17.1153 16.8347 12.8346 10.5698 13.5707 27.6677 12.0922
threshold=0.21128794183495972 0.10184825530283161 -0.28372563352121261 0.012460363884913591 -0.42027760557265864 0.0044644105449606697 0.14480319125490371 -0.069686038647585311 0.0034978139606113589 -0.065904806312114858 1.2428028388912435 -0.10882265411821433 1.7095255201548756 0.27938314052796748 0.068761063244456314 0.73950125150644308 0.011818605245112137 -0.33548423644365966 -1.528623654359083 -0.3773273839798239 0.020109400190769285 0.0093197598497616486 0.016732120789898278 -0.01724986294526137
decision_type=10 10 8 10 10 8 10 8 10 8 10 8 10 2 10 2 10 8 10 10 10 10 10 10
left_child=5 20 -3 -4 -5 6 15 14 -9 12 11 -11 18 -12 -8 16 -1 -17 -7 -14 21 22 -2 -23
right_child=1 2 3 4 -6 9 7 8 -10 10 13 -13 19 -15 -16 17 -18 -19 -20 -21 -22 23 -24 -25
leaf_value=-0.0011490903096672228 -9.3669725942698465e-05 -0.0050387082031412124 -0.0019781644504629713 0.010012389966482642 0.0026114558147190968 -0.0020179265986731967 -0.0040311201312645773 -0.0014917618659992895 0.00093260749973997814 -0.0034900512045106706 0.0025823807105976168 -0.00026536480998542615 0.0062259874329176172 0.00022957661915159883 0.0023571372358221934 0.0024903799501499015 0.0029462861337892668 -0.0037968682964217943 0.00041922119855517578 0.0016356609145878971 -0.0041226415389388768 0.00052001919843221557 -0.0073635482108390729 0.0062303722523275344
leaf_weight=1616 2864 243 217 464 2191 732 1068 1782 21313 938 2109 86101 1090 9309 266 243 328 1889 20778 931 291 875 419 328
leaf_count=1616 2864 243 217 464 2191 732 1068 1782 21313 938 2109 86101 1090 9309 266 243 328 1889 20778 931 291 875 419 328
internal_value=2.20853e-05 0.000790321 0.00253466 0.00315976 0.0036363 -1.81934e-05 0.000365467 0.000708064 0.000864998 -0.000107862 -0.000245973 -0.00037199 0.000469913 0.000714423 -0.00200599 -0.00168702 -0.000307455 -0.00294327 0.000252801 0.00277844 -0.000347007 -0.00010653 -0.000772838 0.0017093
internal_weight=158385 7892 3115 2872 2655 150493 28505 24429 23095 121988 98457 87039 23531 11418 1334 4076 1944 2132 21510 2021 4777 4486 3283 1203
internal_count=158385 7892 3115 2872 2655 150493 28505 24429 23095 121988 98457 87039 23531 11418 1334 4076 1944 2132 21510 2021 4777 4486 3283 1203
is_linear=0
shrinkage=0.02


Tree=151
num_leaves=28
num_cat=0
split_feature=67 53 53 38 50 68 4 51 50 51 37 49 67 38 70 44 50 10 69 0 69 7 57 63 72 35 37
split_gain=16.719 24.8324 37.069 20.3497 20.3087 20.0781 20.0582 19.3033 29.9088 27.4541 29.4791 26.2304 24.2847 23.8448 26.1376 23.5017 40.565 21.7289 21.0335 19.9999 18.0955 16.792 16.4615 16.1248 14.1344 13.6451 6.53406
threshold=0.07216306314151659 0.011382913592570191 0.01147253600703463 1.2272308239933747 -0.0088289251997013523 0.21100427253448736 0.16586723979095599 0.72080650082043596 0.02745269468262657 0.81067081577185185 -0.29694309377115613 0.015048269411969241 -0.70415261123251449 1.0453665280616098 1.531057840352646 -0.097151723167054158 -0.072644174517564261 1.2333510854469427 -1.1288907789759677 -0.018184029024985334 0.56884905894219873 0.013950653207144963 0.11278211104444548 0.83894759236933558 -0.28100443129717018 -0.057304855469214509 -0.066575490848689564
decision_type=8 8 8 8 10 10 8 2 10 2 8 10 10 10 10 8 10 10 10 10 10 10 10 10 8 10 8
left_child=7 4 20 25 -2 -5 22 11 9 10 -9 15 19 14 -10 18 -17 -14 -1 -13 24 -15 -6 -11 -3 -4 -8
right_child=1 2 3 5 6 -7 26 8 13 23 -12 12 17 21 -16 16 -18 -19 -20 -21 -22 -23 -24 -25 -26 -27 -28
leaf_value=0.0054224955928597529 0.0040664066725429196 -0.0035155485462107388 -0.0060113111921920436 -0.00029495163610198066 -0.0026419104312007851 0.0010454325074255361 0.0018347815900170619 -0.0015741442524073613 0.00039730226964772124 0.00079831576955012617 0.0035037662085950134 0.0018893801448959919 -0.00093725637329994339 -0.0015490946218717412 0.0087126002172805868 -0.0033238269151849194 0.00014518617988559386 0.0022043105238734777 0.00098157642045784222 -0.0034925828193033488 -0.004847182711667679 0.00063765256458989355 0.0006847215575206618 -0.0032526252290871194 0.0008949704275624604 -0.00032889015813106453 0.0050849803794325923
leaf_weight=319 357 219 266 5990 647 6415 321 512 11177 4825 3458 306 2720 2805 342 1033 52216 933 1464 1893 244 1368 3229 246 220 54123 414
leaf_count=319 357 219 266 5990 647 6415 321 512 11177 4825 3458 306 2720 2805 342 1033 52216 933 1464 1893 244 1368 3229 246 220 54123 414
internal_value=1.79549e-05 -0.000205643 -0.000306144 -0.000258672 0.00115878 0.000472191 0.000801821 0.000207176 0.000678338 0.00159456 0.00284009 1.57346e-05 -0.00125713 0.000150258 0.000619618 0.000151146 7.54554e-05 -0.000256705 0.00240919 -0.00291727 -0.0049386 -0.00114471 0.000226464 0.000618691 -0.00249545 -0.000425409 0.0038288
internal_weight=158062 72445 67477 66794 4968 12405 4611 85617 24733 9041 3970 60884 5852 15692 11519 55032 53249 3653 1783 2199 683 4173 3876 5071 439 54389 735
internal_count=158062 72445 67477 66794 4968 12405 4611 85617 24733 9041 3970 60884 5852 15692 11519 55032 53249 3653 1783 2199 683 4173 3876 5071 439 54389 735
is_linear=0
shrinkage=0.02


Tree=152
num_leaves=22
num_cat=0
split_feature=9 53 37 69 2 49 44 28 37 46 59 52 44 53 44 69 43 44 53 28 7
split_gain=12.302 24.5366 28.8326 18.4297 20.7054 18.0341 13.5886 11.088 11.0759 24.377 71.2898 21.9332 19.7597 39.9834 21.1991 19.7033 20.9514 16.0698 23.1244 14.9283 13.0282
threshold=-0.26554971043423953 0.011429546617393914 -0.52470225480561983 0.14979921678162969 0.030274595455791701 0.010648213322711821 0.074697451810853868 -0.038440529931104188 -0.0058351646653964631 0.0034978139606113589 0.25051547268313634 0.88789462569950384 0.086491438614410457 0.014853281092549216 0.075888351173623039 0.30001499490249517 0.052023788456372573 0.24022899549436008 0.020765565365582783 -0.060182515957948372 0.0069963692349092966
decision_type=8 10 10 10 10 10 10 10 8 8 10 2 10 8 10 8 10 10 10 10 10
left_child=1 -1 3 4 -3 -4 -7 -5 11 10 -10 17 14 -14 -11 20 -17 18 -2 -12 -13
right_child=8 2 5 7 -6 6 -8 -9 9 12 19 15 13 -15 -16 16 -18 -19 -20 -21 -22
leaf_value=-0.0058859630853515645 -0.00024855324630829677 0.00084683369482762519 0.0023456547658475967 -0.00062043272468723424 -0.0034934286862955801 0.002410698958751443 0.0087860119700547707 0.0030041057497589545 -0.0069910412176549808 0.00011823562755362866 0.0039580394751401555 0.00081988899874604925 0.00081202483787809682 -0.0014133907699653021 0.0013775982365669941 0.00029996812256452148 0.0043824614641981346 0.0033540895454370781 -0.0016879141187304775 -0.00061312424716596428 -0.0023218431016592688
leaf_weight=262 58821 1416 319 287 552 210 203 767 392 71932 221 753 4318 7264 4932 445 564 329 2692 679 423
leaf_count=262 58821 1416 319 287 552 210 203 767 392 71932 221 753 4318 7264 4932 445 564 329 2692 679 423
internal_value=-4.75213e-05 0.00104506 0.00145885 0.000594773 -0.000547486 0.00501774 0.00777295 0.00272796 -7.60766e-05 6.7284e-05 -0.00265893 -0.000277035 0.00010716 -0.000662868 0.000223223 0.00169167 0.00374059 -0.000346652 -0.00037029 0.000441731 -6.62702e-05
internal_weight=157781 4016 3754 3022 1968 732 413 1054 153765 89738 1292 64027 88446 11582 76864 2185 1009 61842 61513 900 1176
internal_count=157781 4016 3754 3022 1968 732 413 1054 153765 89738 1292 64027 88446 11582 76864 2185 1009 61842 61513 900 1176
is_linear=0
shrinkage=0.02


Tree=153
num_leaves=21
num_cat=0
split_feature=43 9 32 52 59 44 50 68 5 6 41 58 50 46 22 2 38 41 9 34
split_gain=11.7961 65.5303 24.174 23.3032 34.9493 22.3597 21.3239 63.4687 34.2216 25.1913 40.4353 18.1785 16.3118 16.188 15.7858 15.2166 13.9404 13.6041 9.90167 9.64613
threshold=0.052023788456372573 2.2917785971642055 -0.2761710207036227 0.85552616108171675 0.40514484229100806 0.018055241089030675 0.054178402126636944 -0.27200088696965902 0.029341695411908189 0.021007752133037936 0.047385170751575563 0.037934710193204539 0.059727836157396082 0.0044955273699602847 -0.10391074885801298 -0.057186578983763274 0.92578165540986368 0.015500337016078782 2.7016056896542575 0.0090591626199228083
decision_type=10 10 8 2 10 10 10 10 10 10 10 10 10 10 10 10 10 10 10 10
left_child=2 3 12 11 5 -5 9 17 -9 10 -4 -2 19 -11 -6 -13 -3 -8 -18 -1
right_child=1 16 6 4 14 -7 7 8 -10 13 -12 15 -14 -15 -16 -17 18 -19 -20 -21
leaf_value=-0.00036989258549249257 0.0025219094774470928 -0.012834297485001039 -9.7122264628287107e-05 -0.00069236609671646094 -0.0056681882565905789 0.0033873251087106304 -0.0011735363746355463 -0.0028516807465591059 0.0018792106156059574 -0.0022972744656006194 -0.0031048946109823463 -0.0027910067115345561 0.0081400744541203097 0.00085988391682440164 0.00079973927030268816 0.00029085014113233064 5.9340347838885697e-05 0.0027902435802916359 -0.0093706867717120498 0.0095726159063373034
leaf_weight=375 373 293 115191 299 327 1563 361 2156 398 1141 749 553 224 21480 2042 9032 208 1011 242 200
leaf_count=375 373 293 115191 299 327 1563 361 2156 398 1141 749 553 224 21480 2042 9032 208 1011 242 200
internal_value=1.1364e-05 0.000546307 -4.43725e-05 0.000849753 0.0020931 0.00414278 -6.3851e-05 -0.00151719 -0.00338082 -2.26469e-05 -0.000141779 0.000321117 0.0034225 0.000587835 0.000480169 0.000152097 -0.00523925 0.00195047 -0.00301109 0.00162847
internal_weight=158218 14932 143286 14189 4231 1862 142487 3926 2554 138561 115940 9958 799 22621 2369 9585 743 1372 450 575
internal_count=158218 14932 143286 14189 4231 1862 142487 3926 2554 138561 115940 9958 799 22621 2369 9585 743 1372 450 575
is_linear=0
shrinkage=0.02


Tree=154
num_leaves=24
num_cat=0
split_feature=69 44 50 53 44 8 10 41 54 10 48 60 53 41 53 43 44 9 9 12 69 53 37
split_gain=13.0912 53.7475 52.4319 43.6222 37.7036 43.9474 35.8538 30.2257 27.6332 93.462 52.4474 25.6411 24.7844 23.8815 21.5511 36.281 20.9831 19.5473 13.272 13.0436 12.2922 10.4318 7.10875
threshold=-0.24938404733827232 0.1557699926064621 0.067212861888321554 0.018914672218838233 0.16428366975657974 0.01344616200649173 1.5980489595896923 0.01849458212544575 0.57514232024538892 0.49397503824564198 -0.027544194808018393 0.22818037848693701 0.013741127444030344 0.046038655566139737 0.019447970887333878 0.015317162684066467 -0.089159098601925488 0.93376055847219941 0.93874543589737047 0.127950160864195 -0.66444134511456443 0.02345009680187644 0.33188410993895984
decision_type=10 10 10 10 10 8 10 8 10 10 10 10 8 10 10 10 10 10 10 10 8 10 10
left_child=4 2 8 -3 6 -6 7 12 10 -10 -2 -4 -1 -9 15 -8 -16 21 -13 -19 22 -5 -7
right_child=1 3 11 17 5 20 14 13 9 -11 -12 18 -14 -15 16 -17 -18 19 -20 -21 -22 -23 -24
leaf_value=-4.8041311379147872e-06 0.0016264819050480215 -0.0057063501430710982 -0.0064253035032944507 0.0034365128786306245 0.0014146132831284882 -0.0076429281363232853 0.0034363891598766529 0.0011616695687099376 -0.00383355278636505 -5.2138357903944425e-06 0.00011083916710598943 0.00081671366522130127 -0.00080233889225891897 -0.0019489933367560343 -0.00061127998688616497 -0.00071571795794273256 0.0077459885214931547 0.00062948704876033851 -0.0029131540614063824 0.0038720295320823564 -0.0020346156873816031 0.0064667684208757547 -0.011388588323542906
leaf_weight=25134 9910 211 297 472 378 242 2947 8214 2253 22042 50432 305 28015 840 230 3478 497 622 548 207 295 341 230
leaf_count=25134 9910 211 297 472 378 242 2947 8214 2253 22042 50432 305 28015 840 230 3478 497 622 548 207 295 341 230
internal_value=1.56696e-05 0.000178889 0.000106052 0.003548 -0.000187203 -0.00378534 -0.000127718 -0.000281943 0.000163733 -0.000405746 0.000393053 -0.0041338 -0.000463932 0.000786085 0.0012132 0.000843137 0.00447527 0.00464881 -0.002363 0.00247952 -0.00653385 0.00685258 -0.008537
internal_weight=158140 87640 85787 1853 70500 1145 69355 62203 84637 24295 60342 1150 53149 9054 7152 6425 727 1642 853 829 767 813 472
internal_count=158140 87640 85787 1853 70500 1145 69355 62203 84637 24295 60342 1150 53149 9054 7152 6425 727 1642 853 829 767 813 472
is_linear=0
shrinkage=0.02


Tree=155
num_leaves=19
num_cat=0
split_feature=17 46 6 10 50 69 18 53 67 53 42 14 30 50 70 2 57 9
split_gain=13.2883 20.968 15.924 21.8479 18.1172 13.8932 14.76 15.0994 14.1757 19.5416 14.2441 14.0537 35.8871 33.2228 12.8885 13.1476 11.9125 9.54019
threshold=-2.0499426430180678 0.0067550141796695424 0.015087726822079001 0.8800817167423477 0.0060388391998251753 1.5860133112543762 82.76022252027316 0.014884105562848001 0.31701510065236072 0.011951372157486926 0.031861202967666598 0.34385078347061077 0.65692463281373581 0.032310483917052497 3.9444467264555256 -0.021901906274684798 0.79695973667084818 1.0219019269143093
decision_type=2 10 8 10 10 10 8 10 10 10 10 10 10 10 10 10 10 10
left_child=1 -1 -3 -4 -5 11 8 -8 9 -7 -10 14 13 -13 16 -16 -2 -14
right_child=5 2 3 4 -6 6 7 -9 10 -11 -12 12 17 -15 15 -17 -18 -19
leaf_value=-0.002654767099620182 -6.5889261678407776e-05 0.005620888325002473 -0.0030328311083163161 0.00066623419468787306 0.0059045397095684043 -0.0020008099289882805 0.0010071909500263495 0.0071019116347678093 0.00034879848123874372 0.0026688236119734505 -0.0048032861486190202 -0.0026738245671069174 5.0589247326344978e-05 6.1568979000065712e-05 0.00060775048286607514 -0.0070597209538504893 0.00038214754209534669 0.0060005405181699006
leaf_weight=324 123833 300 318 520 415 439 385 241 3897 1995 438 2730 266 2447 385 505 18033 454
leaf_count=324 123833 300 318 520 415 439 385 241 3897 1995 438 2730 266 2447 385 505 18033 454
internal_value=-1.38039e-06 0.00167093 0.00263707 0.00164115 0.00318162 -2.15189e-05 0.0008245 0.00376077 0.000552142 0.00177331 -0.000133303 -6.36243e-05 -0.00102035 -0.00160255 -2.40829e-05 -0.002422 -9.00844e-06 0.0031595
internal_weight=157925 1877 1553 1253 935 156048 7395 626 6769 2434 4335 148653 5897 5177 142756 890 141866 720
internal_count=157925 1877 1553 1253 935 156048 7395 626 6769 2434 4335 148653 5897 5177 142756 890 141866 720
is_linear=0
shrinkage=0.02


Tree=156
num_leaves=21
num_cat=0
split_feature=78 14 17 46 76 5 20 72 49 72 76 3 44 37 7 51 64 14 52 46
split_gain=12.4805 17.9716 14.1068 28.2355 12.2295 10.4454 10.4449 10.7372 30.9709 12.9462 10.3474 9.6641 9.1764 8.69647 7.5456 7.42374 8.29649 6.96626 6.90136 9.09543
threshold=1.8862571142118574 0.11026431232921664 -2.0499426430180678 0.0067550141796695424 -0.034016636856551381 0.016755564478361056 -0.12938507451961748 -1.835329107634889 0.010155182292876154 -1.5655459165740002 0.15202618294219192 0.16260135142974089 0.079007416911976783 -0.014814083000598053 0.0055628587050242989 0.42241235159690099 0.50320514283888007 0.31742909148365989 0.82022303095055271 0.010562552039736153
decision_type=10 10 2 10 10 8 8 8 10 8 10 10 10 10 10 2 10 10 2 10
left_child=2 15 3 -1 5 -5 -4 8 -8 -9 11 12 -3 -6 -12 16 -2 -16 19 -17
right_child=1 10 6 4 13 -7 7 9 -10 -11 14 -13 -14 -15 17 18 -18 -19 -20 -21
leaf_value=-0.0030150738368107232 -0.0027801626135670878 0.0030577992037037422 0.0035246730329884612 0.0026307331889686026 0.0024215040891887871 -0.0003922494150106966 -0.0031145321511443398 0.00084290123219245012 0.00092452737881903394 -1.7549983418521791e-05 0.001977253549032641 -0.0012659401817610907 -0.00089101238769882796 0.0055182556414472804 -0.0028104221334959057 -0.0015601473374295355 0.0011081580451036948 0.00017758961025252267 -5.522171688487593e-05 -0.0049889976536724419
leaf_weight=307 207 629 381 214 289 507 1888 3508 1508 144469 201 256 232 426 448 1454 349 285 387 387
leaf_count=307 207 629 381 214 289 507 1888 3508 1508 144469 201 256 232 426 448 1454 349 285 387 387
internal_value=-2.07032e-05 -0.00102109 1.08014e-05 0.00179931 0.00297704 0.00113296 -9.73938e-06 -1.80877e-05 -0.00112982 7.42002e-06 0.000398635 0.00169767 0.0027123 0.00482961 -0.00115294 -0.0020675 0 -0.00209537 -0.00258322 -0.00309338
internal_weight=158332 4835 153497 1743 1436 721 151754 151373 3396 147977 2051 1117 861 715 934 2784 556 733 2228 1841
internal_count=158332 4835 153497 1743 1436 721 151754 151373 3396 147977 2051 1117 861 715 934 2784 556 733 2228 1841
is_linear=0
shrinkage=0.02


Tree=157
num_leaves=22
num_cat=0
split_feature=43 14 37 44 14 32 46 4 14 78 52 6 36 0 37 72 70 0 59 15 46
split_gain=13.0403 52.8741 28.6874 27.5133 25.6032 22.9056 27.2376 43.6264 21.7433 20.2653 19.5412 38.6635 25.2609 17.733 18.6173 14.4028 14.1584 13.5783 15.8003 12.4539 9.34907
threshold=0.052023788456372573 -0.1122140050493443 0.66293271871570836 0.16428366975657974 0.044731879076692745 -0.2761710207036227 0.036016038255263873 -0.031038673116111467 -0.39106255387995531 -0.096501965276915763 0.85552616108171675 0.022184465861291417 -0.0081482708923932643 0.013817756420974494 -0.49471828733888951 -1.835329107634889 -0.74650687076536781 0.014896835768601792 0.82006229090193472 0.075075265032832919 0.037096225519872329
decision_type=10 8 10 10 8 8 10 10 8 8 2 10 10 8 8 8 10 10 10 10 10
left_child=5 2 17 10 -5 8 13 9 -1 -8 12 -12 -3 15 -15 -7 -9 20 -19 -10 -2
right_child=1 3 -4 4 -6 6 7 16 19 -11 11 -13 -14 14 -16 -17 -18 18 -20 -21 -22
leaf_value=0.013115435646606164 0.0008405343580009545 0.0015620463578776248 -0.0086159714357230063 0.00050376543340182245 0.0066305751665641189 -0.0012994938871564831 -0.0016262083982552557 -0.0064213793325593295 -0.00076911218519999647 0.0026374586282621099 0.0023100958206371098 -0.0031935546163838475 -0.0004350638528357344 -0.0016571618961463567 0.00061958024593033252 -0.00010663511783524316 -0.0035112009198048216 -0.0040798191217440742 3.5924510633861263e-06 0.0064120532293198453 -0.002454112371787086
leaf_weight=222 956 3144 291 373 365 2836 396 200 366 360 3039 755 4712 1741 18278 118240 301 595 402 203 263
leaf_count=222 956 3144 291 373 365 2836 396 200 366 360 3039 755 4712 1741 18278 118240 301 595 402 203 263
internal_value=-2.75755e-05 0.00053558 -0.00211244 0.00107176 0.00481461 -8.61929e-05 -0.000105077 -0.00303498 0.00330556 0 0.000834091 0.00201265 0.000264478 -7.89392e-05 0.000472428 -0.000170123 -0.00760558 -0.00133424 -0.00306413 0.00122456 8.03279e-05
internal_weight=158038 14895 2507 12388 738 143143 142352 1257 791 756 11650 3794 7856 141095 20019 121076 501 2216 997 569 1219
internal_count=158038 14895 2507 12388 738 143143 142352 1257 791 756 11650 3794 7856 141095 20019 121076 501 2216 997 569 1219
is_linear=0
shrinkage=0.02


Tree=158
num_leaves=22
num_cat=0
split_feature=16 18 21 53 45 18 42 25 70 35 69 53 72 10 20 54 24 11 47 70 5
split_gain=11.9482 20.6243 22.8767 19.2288 22.5366 15.1278 28.0246 15.8529 34.1219 15.2397 14.446 14.0087 13.9682 15.2802 13.2853 13.1782 11.8518 11.6542 15.8892 11.6521 7.03448
threshold=0.077584202824064766 39.630161666432947 -0.015304092299155634 0.013073886095789022 0.010382469508812961 71.331381122568516 -0.018144215794159087 -1.8989603227860794 -0.090968777039230855 0.016403701766759784 0.18397409343959489 0.011581735630685751 3.2859724147737244 2.1457240176290679 -0.0046954042271346022 0.71095035651356697 -1.1729312257521465 0.010366933782156031 -0.0040033822479776373 -0.20339961281566546 0.014023858079145421
decision_type=8 8 8 8 10 10 10 10 10 10 8 10 10 10 10 10 10 10 10 10 10
left_child=5 14 17 11 -5 7 -7 8 10 16 -1 -4 13 -9 20 -11 -8 19 -19 -3 -2
right_child=1 2 3 4 -6 6 9 12 -10 15 -12 -13 -14 -15 -16 -17 -18 18 -20 -21 -22
leaf_value=0.00045293001023272909 -0.0043855711845535716 0.0049876443431751882 0.00040150565485599444 0.00024805910117928892 -0.0012655922475624107 -0.0040425987522184235 -0.0009038172477479978 3.6026699622548895e-07 -0.004413639160564046 0.0002459312449682923 0.0049188972731684369 -0.0019613642391211436 -0.0077638585860678689 0.0028038790877817788 -0.0049818249601379814 0.0037635188607314184 0.0020972255388882807 -0.0024246067497504715 0.0041076108956096969 0.0024850856053333162 0.0011498067220869971
leaf_weight=219 258 240 1056 14460 4298 344 364 115563 382 8784 550 4027 374 2124 251 230 3305 313 295 272 239
leaf_count=219 258 240 1056 14460 4298 344 364 115563 382 8784 550 4027 374 2124 251 230 3305 313 295 272 239
internal_value=3.59483e-05 -0.000358538 -0.000260316 -0.000391662 -9.58473e-05 0.000112659 0.000759748 4.1925e-05 0.00237674 0.000912804 0.0048026 -0.00148269 1.91255e-05 3.14221e-05 -0.00362884 0.000470105 0.00199946 0.00253167 0.00065353 0.00475244 -0.00172289
internal_weight=157948 25709 24961 23841 18758 132239 13027 119212 1151 12683 769 5083 118061 117687 748 9014 3669 1120 608 512 497
internal_count=157948 25709 24961 23841 18758 132239 13027 119212 1151 12683 769 5083 118061 117687 748 9014 3669 1120 608 512 497
is_linear=0
shrinkage=0.02


Tree=159
num_leaves=23
num_cat=0
split_feature=9 49 37 4 38 65 14 75 30 43 69 54 54 67 10 52 0 52 14 46 52 30
split_gain=11.9552 22.4837 35.4739 20.1447 14.8278 12.5602 11.5477 15.4585 11.0174 21.0407 22.5016 19.0785 12.5184 11.7078 19.494 22.2585 14.6746 12.3972 46.8616 14.2442 10.1635 6.84296
threshold=-0.44381803412756327 0.010453935899109592 -0.53988585623719876 -0.025484121250329558 0.95337602791754306 0.820224977043159 0.16224720864854605 0.45872413829408371 0.79208013135886424 -0.033574793147731145 0.27151879698493514 0.4089542832306447 0.59372709386746847 0.90250283289499056 0.61499666732147895 0.67781798799304283 0.016438441117561323 0.88789462569950384 0.044731879076692745 0.0050211767469981296 0.6710733722705251 0.84302839065796531
decision_type=8 10 10 10 10 10 10 8 10 10 10 8 10 10 10 2 10 2 8 8 2 10
left_child=1 3 6 -1 -5 -6 7 -3 13 12 11 -11 21 17 16 -16 -15 19 -19 -2 -12 -10
right_child=8 2 -4 4 5 -7 -8 -9 9 10 20 -13 -14 14 15 -17 -18 18 -20 -21 -22 -23
leaf_value=0.0044372434726318395 0.00051854629996253923 0.0018347457082523628 0.0076487895991372915 -0.005264109628310489 -0.0036359112742439439 0.0031666700090278665 0.005316718713343869 -0.0027319604842820935 0.0014047143665780477 -0.0031639822414910512 2.1482070607753077e-06 -0.00085011689793277701 -0.0011325123179467833 -0.0018146295313215383 0.00038972397665216709 -0.00092886563523866036 0.00090638585310203943 -0.00067085200834684112 0.0022311246642526109 -5.5650745276878003e-05 0.0041541961754869659 0.0038972182446760334
leaf_weight=313 19525 721 217 317 265 250 361 241 474 1252 472 3900 397 3433 9079 8272 592 2006 2145 103335 313 303
leaf_count=313 19525 721 217 317 265 250 361 241 474 1252 472 3900 397 3433 9079 8272 592 2006 2145 103335 313 303
internal_value=-2.05963e-05 0.00130231 0.00287995 -0.000818499 -0.00244658 -0.000344961 0.00164502 0.000496366 -4.34601e-05 -0.00081243 -0.0012964 -0.00177722 0.00163234 -6.59083e-06 -0.000439631 -0.000148571 -0.00169349 6.62772e-05 0.00114114 2.99363e-05 0.00185496 0.00310797
internal_weight=158183 2685 1540 1145 832 515 1323 962 155498 7111 5937 5152 1174 148387 21376 17351 4025 127011 4151 122860 785 777
internal_count=158183 2685 1540 1145 832 515 1323 962 155498 7111 5937 5152 1174 148387 21376 17351 4025 127011 4151 122860 785 777
is_linear=0
shrinkage=0.02


Tree=160
num_leaves=20
num_cat=0
split_feature=66 19 54 6 54 3 44 18 44 44 44 50 54 6 43 10 20 50 18
split_gain=11.8983 11.426 25.3218 41.4993 28.8387 20.8647 26.5145 20.1164 21.0107 31.6749 14.016 13.7472 12.4757 12.3275 32.6038 18.4128 7.71204 7.02538 5.38372
threshold=0.99369084475895642 1.6484460762916571 0.57574035584699446 0.012033419118095615 0.58346620426428608 0.10854933282552361 0.095095081384704142 78.581855038953023 0.00083594828880284588 0.025403912297903179 0.091090681887800576 0.092433443211714775 0.65055132966644058 0.01979814605971562 0.052023788456372573 1.1092820699186043 0.004149223265614844 0.016609314245933152 42.567133227935152
decision_type=10 10 8 8 10 8 8 10 10 10 8 10 8 10 10 10 10 10 8
left_child=1 7 5 4 -4 6 -3 13 12 -10 -7 -5 -9 14 -1 -15 18 -18 -2
right_child=16 2 3 11 -6 10 -8 8 9 -11 -12 -13 -14 15 -16 -17 17 -19 -20
leaf_value=-0.00016853235316386265 -0.0016049524728661386 1.6052394558124793e-07 -0.0086641351993063352 -0.00046237238656941147 -0.0021419476127441813 -0.00092124637286425197 0.0026028529736817265 -0.0029811748525815931 0.0042138959857549278 0.00081082484403223215 -0.0052609020754871439 -0.0025147976706934956 0.00099351376007908638 -0.00024261884429957925 0.0011060047999222713 0.00082761355687569567 -0.00082585684336650123 -0.0050161592195997048 0.0011849652316248307
leaf_weight=91923 306 12311 247 5476 819 2445 1716 420 871 3998 533 390 272 10716 5579 19273 233 283 326
leaf_count=91923 306 12311 247 5476 819 2445 1716 420 871 3998 533 390 272 10716 5579 19273 233 283 326
internal_value=-2.43964e-05 -9.54201e-06 -0.000411814 -0.00143055 -0.00505904 3.41056e-06 0.000326347 6.28171e-05 0.0012402 0.0017039 -0.00151662 -0.00077007 -0.00201732 1.1436e-05 -9.76175e-05 0.000366055 -0.00205222 -0.0038646 -0.000565561
internal_weight=158137 156989 23937 6932 1066 17005 14027 133052 5561 4869 2978 5866 692 127491 97502 29989 1148 516 632
internal_count=158137 156989 23937 6932 1066 17005 14027 133052 5561 4869 2978 5866 692 127491 97502 29989 1148 516 632
is_linear=0
shrinkage=0.02


Tree=161
num_leaves=25
num_cat=0
split_feature=33 43 46 71 36 53 51 10 58 33 18 47 50 46 49 46 46 2 20 63 72 45 44 28
split_gain=13.4913 20.9663 30.6489 33.6825 30.1277 25.2614 19.3082 19.0729 18.6181 20.2367 18.1485 25.9767 17.8707 17.366 15.5922 21.7065 15.3278 14.9761 14.0453 20.3928 12.7184 37.5146 14.0643 12.1214
threshold=0.15268638311596319 0.052023788456372573 0.007071513785577071 -0.45969738561053092 0.058574478181133878 0.013858335500418375 0.81371526031714114 1.3332495965350188 0.73796837951900995 0.23387660444045014 83.417049086060203 -0.022049884053012111 0.061574548261462143 0.0045607667144013436 0.035945448981005497 0.010695457287135461 0.0060454447424827052 -0.0097834918763687311 0.089268738093186764 0.15231194475352799 -1.2923353241394044 0.018619033743462497 0.056035393175887356 -0.12426091151163214
decision_type=8 10 10 8 10 10 2 8 8 10 10 8 10 10 10 10 10 8 10 10 8 10 10 10
left_child=10 2 5 4 -4 13 8 12 9 -3 18 -12 -8 -2 15 -13 -7 -5 20 -20 21 -1 -22 -21
right_child=1 6 3 17 -6 16 7 -9 -10 -11 11 14 -14 -15 -16 -17 -18 -19 19 23 22 -23 -24 -25
leaf_value=0.00047437717803171757 0.00016821942557616279 0.00079367082807383694 -0.0011587876315557995 0.0033332463755666206 -0.0040221090834810383 0.00048392008800429834 -0.001812257811593328 0.0060376682424440591 -0.001737081744331176 0.0045858737748378717 -0.0036209917220262934 0.0014603098625752002 0.0020693395262017639 -0.0018333374547670638 -0.0019557604232806254 0.0045704635328978043 0.0039248164275880841 -0.0012631556915663068 0.0036216696112629653 -0.0058831150659378441 9.8283118996183588e-05 0.0066571268921876061 -0.00029390872845126671 -0.0021780672141235797
leaf_weight=9912 2773 465 957 432 1445 789 1098 261 285 442 348 2778 347 1511 294 280 671 2504 315 238 82689 284 45989 1080
leaf_count=9912 2773 465 957 432 1445 789 1098 261 285 442 348 2778 347 1511 294 280 671 2504 315 238 82689 284 45989 1080
internal_value=-2.46416e-05 -0.000617838 -0.00101399 -0.00210489 -0.00386101 0 0.000896171 -0.000467487 0.00284828 0.0042489 3.28553e-05 0.00141529 -0.00136791 -0.000774329 0.00195586 0.00237921 0.00227105 -0.000666667 -3.54428e-06 -0.001847 1.81314e-05 0.000698048 -3.57323e-05 -0.00294011
internal_weight=158187 13980 11082 5338 2402 5744 2898 1706 1192 907 144207 3700 1445 4284 3352 3058 1460 2936 140507 1633 138874 10196 128678 1318
internal_count=158187 13980 11082 5338 2402 5744 2898 1706 1192 907 144207 3700 1445 4284 3352 3058 1460 2936 140507 1633 138874 10196 128678 1318
is_linear=0
shrinkage=0.02


Tree=162
num_leaves=23
num_cat=0
split_feature=32 44 46 57 22 32 30 57 14 32 57 43 14 44 52 78 66 53 53 52 63 44
split_gain=14.2093 17.4992 21.0603 11.274 15.7994 13.3164 10.4285 10.3155 10.1081 23.4614 9.64337 9.50415 9.39061 15.6885 8.96836 13.4833 10.622 9.59506 7.92212 7.51452 6.94519 7.13446
threshold=0.32248815802103287 0.10410281038812709 0.01044960014207217 0.97870072131742514 0.27194202091630765 0.13364278840601565 0.33445470291995288 0.52426171136085464 0.37715318310228546 0.11872299460228848 0.0085745007398149112 0.025030839831437394 0.50603014139481284 0.0027441872291550378 0.72244714349977512 -1.5149766045137041 0.38389316155042841 0.014468507806841615 0.020474421087514984 0.68205741416063292 0.91475972787468052 0.016488936180627859
decision_type=10 10 10 10 10 10 10 8 10 10 8 10 10 10 2 10 10 10 10 2 10 10
left_child=3 14 -3 4 8 12 -6 -4 10 -10 -1 -8 13 -5 15 -2 -17 -16 -9 -14 21 -7
right_child=1 2 7 5 6 20 11 18 9 -11 -12 -13 19 -15 17 16 -18 -19 -20 -21 -22 -23
leaf_value=0.0030391624771542009 -0.0031669849575734978 0.0094910626149485328 -0.0013940614371349086 -0.0018486876262852395 0.0011966740742525572 0.0087930383396497263 -0.0044933399701590675 0.00010635091536939013 -0.0017215548758848875 0.00035458524393958721 6.6886624419240651e-06 -0.0017313254302691362 0.00018031734362754278 0.0048124482545501444 0.0010043100627404513 0.0087840630429223618 -0.0011633568363082904 -0.0073748174654985482 0.0039692183372391767 -0.0052405264597645421 -0.0005343714981903984 0.0021874940699688518
leaf_weight=1142 224 373 304 292 387 241 486 202 2885 3093 144609 379 377 280 218 308 242 303 290 344 228 897
leaf_count=1142 224 373 304 292 387 241 486 202 2885 3093 144609 379 377 280 218 308 242 303 290 344 228 897
internal_value=1.79501e-05 0.00152454 0.00329744 -5.89819e-06 -2.83563e-05 0.00128496 -0.00226496 0.00145295 -9.8728e-06 -0.000815855 2.31764e-05 -0.00348499 -0.00016847 0.00174171 -7.56173e-05 0.00128774 0.00297278 -0.00210345 0.00324138 -0.00168698 0.0026613 0.00329939
internal_weight=158104 2464 1169 155640 152981 2659 1252 796 151729 5978 145751 865 1293 572 1295 774 550 521 492 721 1366 1138
internal_count=158104 2464 1169 155640 152981 2659 1252 796 151729 5978 145751 865 1293 572 1295 774 550 521 492 721 1366 1138
is_linear=0
shrinkage=0.02


Tree=163
num_leaves=26
num_cat=0
split_feature=34 7 0 51 39 64 50 16 69 44 54 54 53 54 46 38 53 30 52 50 30 52 58 26 7
split_gain=10.7552 19.3668 18.0663 14.7021 12.431 16.1443 12.5885 12.0453 16.0783 40.7446 79.8484 70.2487 18.4804 35.1858 28.8315 14.8263 19.1878 15.6456 15.019 43.3967 14.4841 13.8655 11.9073 13.0627 12.8787
threshold=-8.3741320903595861e-05 0.028406453352386455 0.0023825597375276568 0.60481956315289664 0.057116247399798155 0.61409018924346859 0.020117911352368737 -0.075531546929636526 0.14979921678162969 0.0027441872291550378 0.61026915961057415 0.51533513111957663 0.013858335500418375 0.43507809265933584 0.003647658297280526 1.3679373391243179 0.019995066326639908 0.60122077716699185 0.6048222636334869 0.0098493763997515877 0.69477920396784631 0.42449234614183073 0.38975877288817035 1.0571484421254074 0.020129546619479178
decision_type=10 10 8 2 10 10 10 8 8 8 10 10 10 10 10 8 10 10 2 10 10 2 10 10 10
left_child=1 2 4 -3 6 -6 -1 15 12 11 -11 -10 14 -14 -9 18 20 -18 21 -20 -17 -2 23 -4 -24
right_child=7 3 22 -5 5 -7 -8 8 9 10 -12 -13 13 -15 -16 16 17 -19 19 -21 -22 -23 24 -25 -26
leaf_value=-0.00074415243763415958 0.0014830927386878163 -0.0049888541681256983 0.0014484188379661866 0.00038626662489471249 0.0062867335505392532 -0.00042690904187836319 0.00067688846423771007 -0.0040521682348918639 0.0028804480350667306 0.00012452729106833275 0.002484702682845728 -0.001386613111266956 0.00043156947131357928 -0.00081939634100714419 0.0001223506805408206 -0.0061545075208599602 -0.0012717111950831795 0.0019580305825392299 0.012213018799514504 0.0019099585675669275 -0.00087403894184095781 -0.00088481058655515924 0.00052037322950566358 0.0041406191265872059 0.004672636527199606
leaf_weight=5378 3978 245 1563 200 400 256 3271 1041 1366 45857 3219 9668 8041 29485 31763 278 500 929 248 1982 1093 2163 4415 450 386
leaf_count=5378 3978 245 1563 200 400 256 3271 1041 1366 45857 3219 9668 8041 29485 31763 278 500 929 248 1982 1093 2163 4415 450 386
internal_value=6.19563e-07 0.000482825 0.00059665 -0.0036278 2.34257e-05 0.0026758 -0.000177803 -5.57721e-05 -0.000109766 0.000130392 0.000377325 -0.000967648 -0.000315053 -0.000618168 3.16415e-05 0.000574472 -0.000684755 0.000935664 0.000995939 0.00240161 -0.00237464 0.000484858 0.00137902 0.00267031 0.000836735
internal_weight=158175 16564 16119 445 9305 656 8649 141611 130440 60110 49076 11034 70330 37526 32804 11171 2800 1429 8371 2230 1371 6141 6814 2013 4801
internal_count=158175 16564 16119 445 9305 656 8649 141611 130440 60110 49076 11034 70330 37526 32804 11171 2800 1429 8371 2230 1371 6141 6814 2013 4801
is_linear=0
shrinkage=0.02


Tree=164
num_leaves=15
num_cat=0
split_feature=25 57 10 43 46 44 43 14 44 19 14 46 37 52
split_gain=13.1643 19.758 11.3757 46.617 34.4064 25.6309 14.2616 51.6649 20.5865 18.7798 17.8433 18.1464 16.8858 11.0005
threshold=-1.8989603227860794 0.38777733315548446 2.087686288015417 0.049309442177419401 0.0045607667144013436 0.073536871600318424 0.052023788456372573 -0.1122140050493443 0.16428366975657974 2.0185819714498421 -0.39106255387995531 0.0044955273699602847 0.17976916865992723 0.68986766234201624
decision_type=8 10 10 10 10 10 10 8 10 10 8 10 10 2
left_child=1 -1 6 4 13 -6 10 9 -9 -8 12 -12 -2 -4
right_child=2 -3 3 -5 5 -7 7 8 -10 -11 11 -13 -14 -15
leaf_value=-0.0024199602425695917 0.00086468228809140899 0.0050148576951510038 -0.0044902161037554912 -0.0089830925445476412 0.0062516745365058038 -0.00027709124568956633 -0.0014707834790515552 0.00069375094163539491 0.0027584218568025391 -0.0077433436589010298 0.00036185047032003356 -0.00020798428657686218 0.0091815852799589301 0.00029332428741471537
leaf_weight=200 473 398 451 313 2023 824 2251 11471 723 203 20510 117485 280 620
leaf_count=200 473 398 451 313 2023 824 2251 11471 723 203 20510 117485 280 620
internal_value=-2.43828e-05 0.00293489 -3.56409e-05 0.00098724 0.00158153 0.00273104 -6.38735e-05 0.000529592 0.00106257 -0.00211731 -0.000126545 -0.000143323 0.00294164 -0.00147201
internal_weight=158225 598 157627 4231 3918 2847 153396 14648 12194 2454 138748 137995 753 1071
internal_count=158225 598 157627 4231 3918 2847 153396 14648 12194 2454 138748 137995 753 1071
is_linear=0
shrinkage=0.02


Tree=165
num_leaves=24
num_cat=0
split_feature=78 17 70 44 53 53 53 15 45 37 50 32 76 30 27 37 24 28 78 48 60 77 0
split_gain=12.4558 14.5538 13.4243 40.7501 50.2915 21.4743 17.5823 49.4386 16.0334 12.0923 18.7134 10.3607 9.50224 8.39126 12.0137 11.9692 12.1002 11.492 10.5282 9.60004 7.20448 6.45401 6.17867
threshold=2.0431510323838471 -2.0499426430180678 1.0889990954235038 0.074067940574290794 0.020587870294827216 0.010900370295388781 0.010900370295388781 -0.025922570404704467 0.0040694867370464479 -0.049533866606350167 0.020117911352368737 0.14475902949766975 0.024928364795823912 0.57987877179920677 -0.057415898681184178 0.39781456732833975 -0.59323739656526142 -0.091119092780452535 2.6011594819330788 -0.012679582986107772 0.33543640368335864 0.85756647323643698 0.00944742584755154
decision_type=10 2 10 8 10 10 8 8 8 10 10 10 10 10 10 10 10 10 10 10 10 10 10
left_child=1 9 6 5 -5 -4 7 -3 -8 10 -1 12 -11 15 17 16 -2 20 21 -16 -15 -17 -18
right_child=13 2 3 4 -6 -7 8 -9 -10 11 -12 -13 -14 14 19 18 22 -19 -20 -21 -22 -23 -24
leaf_value=-0.002903208110904477 -0.0040421966540762719 -0.0037667391631694318 -0.0062072390454939019 -0.00059569191252172721 -0.01275227701373503 0.0021130807658912517 0.00039840671100730953 0.00140259933926451 -0.00016626741034123357 -0.00016444508577497492 0.0033135700928070212 0.0060808151395132948 0.0036893814173543046 -0.0038586625831487109 -0.0060857010269166727 0.0038324401101221361 0.00042133733611498012 0.0022513856143448752 -0.0011193543986516476 -0.0010571977817603014 -0.00050032674802171124 0.0011874260481579445 -0.0031414805620707574
leaf_weight=389 237 631 445 3018 289 9899 16579 4745 117318 395 288 235 434 404 212 302 578 223 274 253 648 230 234
leaf_count=389 237 631 445 3018 289 9899 16579 4745 117318 395 288 235 434 404 212 302 578 223 274 253 648 230 234
internal_value=-2.04599e-05 6.58192e-06 -1.41115e-05 0.000584383 -0.00134764 0.00120232 -7.27918e-05 0.00104854 -0.000117836 0.00182434 -0.000262537 0.00315305 0.00209398 -0.00118409 -0.0021815 -0.000246767 -0.00165524 -0.00117398 0.00158364 -0.00493133 -0.00204938 0.00322326 -0.000489545
internal_weight=158260 154665 152924 13651 3307 10344 139273 5376 133897 1741 677 1064 829 3595 1740 1855 1049 1275 806 465 1052 532 812
internal_count=158260 154665 152924 13651 3307 10344 139273 5376 133897 1741 677 1064 829 3595 1740 1855 1049 1275 806 465 1052 532 812
is_linear=0
shrinkage=0.02


Tree=166
num_leaves=31
num_cat=0
split_feature=67 52 43 41 51 70 70 53 57 53 45 68 41 5 72 42 18 41 50 47 47 10 5 42 14 32 25 46 75 41
split_gain=10.1171 22.9674 38.2304 37.8623 47.4035 49.5844 37.5882 37.8769 26.2094 24.5212 23.7703 35.0429 19.7134 17.1243 16.8442 16.7338 14.3399 29.462 22.7858 20.3596 28.6431 45.2555 33.2575 24.6565 28.095 23.4119 19.0287 16.3436 16.1724 14.7619
threshold=0.07216306314151659 0.60896649527140501 1.0000000180025095e-35 0.0083482291346139732 0.71353216750706305 -0.059500724869915193 -0.52767417184801857 0.013665193276155651 0.49578945502251542 0.012164119458170048 0.010382469508812961 -0.33509108262324933 0.020072432568538637 0.027379044979927759 -0.51484275058250695 -0.014689051220089453 60.700192700512069 0.013469990212482854 0.03753423781568533 -0.0028239447042484596 -0.0018047834488448264 1.5256553205897678 0.01097113919225161 0.016415836228787065 0.12804541673131833 -0.13123888679830278 -1.2266491547867813 0.0060454447424827052 0.8958553815974607 0.016564509050669533
decision_type=10 2 10 10 2 10 10 10 8 10 10 10 10 10 10 10 10 10 8 8 8 8 8 10 8 8 8 10 8 10
left_child=16 3 9 6 5 -5 7 -2 -6 14 12 -12 -4 -11 -3 -8 19 18 27 23 21 -21 -22 25 -25 -1 -20 -18 29 -19
right_child=1 2 10 4 8 -7 15 -9 -10 13 11 -13 -14 -15 -16 -17 17 28 26 20 22 -23 -24 24 -26 -27 -28 -29 -30 -31
leaf_value=0.0026024735250531239 -0.0024035212740507023 0.0051112395182763516 -0.00021631026380552476 0.0034074266509653418 0.002329773561936083 -2.5934872249749451e-05 0.0010458647133407546 -5.9003335297935498e-05 -0.0016450403973603989 -0.0032322106170063203 0.0013594339085295764 -0.0021687155461658694 0.0010867640897616211 0.00196846288316558 -0.0012312527268346786 -0.00011967514348521322 0.0016207650164147614 -0.0010442201250309719 -0.001444812313170648 -0.0029069026061584917 0.00081146060524069856 0.0041223837818441618 -0.00067774483618387852 0.00059702592842611078 0.0026960188308042866 -5.822115776667053e-06 0.0024268483604458287 -6.2482470337516183e-05 -0.0035085191796025818 0.00059580596627121726
leaf_weight=1810 3138 200 30507 2822 690 1544 6564 4886 1767 2090 1019 4060 3665 200 310 7255 2314 1683 216 2369 7889 441 14783 6041 2184 38940 2062 3046 249 3178
leaf_count=1810 3138 200 30507 2822 690 1544 6564 4886 1767 2090 1019 4060 3665 200 310 7255 2314 1683 216 2369 7889 441 14783 6041 2184 38940 2062 3046 249 3178
internal_value=2.02504e-05 -0.000157499 -0.000455103 0.000278997 0.00157943 0.00282986 -0.000127175 -0.00121595 -0.000641985 -0.0027126 -0.000293947 -0.00157047 -0.000104117 -0.00359581 0.00124853 0.00050492 0.000164415 0.000784218 0.00157062 5.8261e-05 -0.000400188 -0.00230452 -0.000163984 0.000296839 0.00129565 9.51633e-05 0.00324616 0.000857676 -0.000390922 -0.000135335
internal_weight=157922 70717 42051 28666 6823 4366 21843 8024 2457 2800 39251 5079 34172 2290 510 13819 87205 12748 7638 74457 25482 2810 22672 48975 8225 40750 2278 5360 5110 4861
internal_count=157922 70717 42051 28666 6823 4366 21843 8024 2457 2800 39251 5079 34172 2290 510 13819 87205 12748 7638 74457 25482 2810 22672 48975 8225 40750 2278 5360 5110 4861
is_linear=0
shrinkage=0.02


Tree=167
num_leaves=24
num_cat=0
split_feature=9 53 2 68 54 63 44 53 72 36 53 50 48 53 69 44 45 8 41 44 50 0 44
split_gain=12.8764 23.8955 19.872 26.2798 19.32 18.1898 18.124 16.5426 14.1859 22.735 24.9569 40.1215 15.5026 14.4216 10.6158 32.0238 35.2101 34.7707 27.6543 44.13 35.8635 9.92194 7.45089
threshold=-0.26554971043423953 0.011429546617393914 0.030274595455791701 0.17679500024713382 0.48188441906777596 0.32760466661744075 0.093494946956844696 0.015163754152559475 -1.835329107634889 0.082251467174109277 0.018276206213333392 -0.017451728641317995 -0.020992339161114312 0.014290562495746411 -0.24938404733827232 0.1557699926064621 0.010325240173134227 0.012243475468700474 0.01420488694621558 0.16428366975657974 0.040768637124111169 -0.0023096102847339202 0.0072406437146539391
decision_type=8 10 10 10 10 8 8 10 8 10 10 10 10 10 10 10 10 8 10 10 10 10 10
left_child=1 -1 4 5 6 -4 -3 -5 9 10 11 -2 22 -14 15 16 -10 -17 20 -20 -16 -6 -11
right_child=8 2 3 7 21 -7 -8 -9 14 12 -12 -13 13 -15 18 17 -18 -19 19 -21 -22 -23 -24
leaf_value=-0.0047519282501426209 -0.0049629899818279359 0.002561775581174919 0.00096303504935875666 -0.00027053564349242679 -0.002267067908576852 -0.0045033006706742982 0.0068239562025418071 0.0052916846696162544 -0.00036590690921242306 -0.003165363521788719 0.0052410289088952377 0.0004693186113786925 -0.0037087415491924513 -0.0079034395933621736 0.00013602868004958761 0.0017335620087094866 0.00072432112361560429 -0.004799795879433244 -0.00055922018093246793 0.0031674640518637473 0.0014694410488100323 0.0017344705270374333 0.002563042828096941
leaf_weight=269 212 1441 208 425 294 383 263 248 52534 236 221 1193 362 247 56697 361 13622 883 20575 883 5935 466 207
leaf_count=269 212 1441 208 425 294 383 263 248 52534 236 221 1193 362 247 56697 361 13622 883 20575 883 5935 466 207
internal_value=-3.55196e-05 0.00108504 0.00150121 -0.000535968 0.00254686 -0.00361149 0.00372903 0.0021632 -6.45915e-05 -0.00150728 -2.33559e-05 -0.00100853 -0.00379677 -0.00586557 -3.9065e-05 -0.00022608 -0.000166241 -0.00340402 0.000110809 -0.000508784 0.00032312 -0.000102497 -0.000941441
internal_weight=158165 3997 3728 1264 2464 591 1704 673 154168 2678 1626 1405 1052 609 151490 67400 66156 1244 84090 21458 62632 760 443
internal_count=158165 3997 3728 1264 2464 591 1704 673 154168 2678 1626 1405 1052 609 151490 67400 66156 1244 84090 21458 62632 760 443
is_linear=0
shrinkage=0.02


Tree=168
num_leaves=21
num_cat=0
split_feature=72 10 46 54 54 8 53 46 46 49 54 46 59 19 46 44 18 14 44 69
split_gain=11.0038 33.9289 33.1288 36.9297 28.2814 35.6641 31.7149 29.9298 29.1459 33.7537 33.3674 27.6269 15.7736 11.4402 33.1818 25.4655 18.7851 22.5994 12.9327 7.83367
threshold=-1.835329107634889 0.045295057942701285 0.0040265585837819511 0.3149263653240682 0.56051988495789973 0.017122453731402473 0.013305201627258385 0.010562552039736153 0.0090863920594940455 0.010027102597159778 0.41024204068358999 0.0072163308858859453 0.1025372814075743 1.932995921503722 0.025294312758983254 0.059948852170679919 78.581855038953023 -0.011107055264442054 0.056035393175887356 -0.0083964957989725673
decision_type=8 8 10 10 10 10 10 10 10 10 10 10 10 10 10 8 10 10 8 8
left_child=4 2 -2 -4 8 6 -6 -8 9 10 -1 -11 -5 16 15 -15 18 -18 -3 -16
right_child=1 13 3 12 5 -7 7 -9 -10 11 -12 -13 -14 14 19 -17 17 -19 -20 -21
leaf_value=-0.0074196897533993786 -0.0035843016232665358 0.00010762241210482853 0.01121871662597876 0.0035736996939421473 0.0013768695646116142 0.0032649480463131935 -0.0076434659340026004 -0.0019662628454162885 0.0065175178755912302 0.0034702001438167876 -0.00032314935243481772 -0.0025602081237387497 0.00093075402583457797 -0.00088855318329138038 -0.0069915282278564042 0.00044748390255274986 -0.0010396415726429994 0.001041368973628481 -0.0002512139259404077 -0.0021391741545915112
leaf_weight=367 215 81693 216 232 273 200 501 491 307 648 662 214 558 7556 204 5154 1311 6533 50584 205
leaf_count=367 215 81693 216 232 273 200 501 491 307 648 662 214 558 7556 204 5154 1311 6533 50584 205
internal_value=-2.42719e-05 1.41135e-06 0.00332079 0.00484409 -0.00110753 -0.00325921 -0.00450079 -0.00616113 0.000326512 -0.00060148 -0.0030466 0.00231518 0.00282933 -2.50455e-05 -0.000589787 -0.000408937 2.78186e-05 0.000978713 -2.85611e-05 -0.00619024
internal_weight=158124 154461 1221 1006 3663 1465 1265 992 2198 1891 1029 862 790 153240 13119 12710 140121 7844 132277 409
internal_count=158124 154461 1221 1006 3663 1465 1265 992 2198 1891 1029 862 790 153240 13119 12710 140121 7844 132277 409
is_linear=0
shrinkage=0.02


Tree=169
num_leaves=18
num_cat=0
split_feature=66 33 7 44 43 44 58 5 46 46 53 54 46 44 72 40 54
split_gain=10.9122 10.5113 9.83023 40.7654 47.3905 31.5461 28.6668 28.1098 16.6551 28.3789 36.5388 20.7211 15.1931 25.3553 15.2935 6.83985 7.327
threshold=0.99369084475895642 -0.11861787507112895 0.012159984129097913 -0.12309321259282634 -0.057004995123478168 -0.050410913465199096 0.090054152733528195 0.018479313386902192 0.0071574059169649948 0.0085879541298707947 0.015749395063775814 0.48983077733338304 0.0068844110465708184 0.061421834541732896 -1.0091197160084604 -7.3472562059573431e-06 0.48983077733338304
decision_type=10 10 8 8 10 8 10 10 8 8 10 8 10 10 8 10 10
left_child=2 -2 3 7 6 -6 -5 -1 12 10 -10 -11 14 -14 -4 -3 -17
right_child=1 15 8 4 5 -7 -8 -9 9 11 -12 -13 13 -15 -16 16 -18
leaf_value=-0.0053144844212444824 0.00079285046501858332 -0.0033153037947037767 0.0047750836283839753 0.0063871675180794067 -0.0016359996196792326 -2.665049685443504e-05 0.0014063091673816744 -0.00014521970124129841 0.0035155694743570854 0.0025867202753453401 -0.001680673830602365 5.8525816502861538e-05 -0.0015278113872111455 -0.011328794264055251 -0.00058949816754961474 0.0011708270384730743 -0.0029838082729320781
leaf_weight=327 222 380 411 389 2774 118963 1715 266 3543 2105 1058 19853 857 214 4459 289 256
leaf_count=327 222 380 411 389 2774 118963 1715 266 3543 2105 1058 19853 857 214 4459 289 256
internal_value=1.07413e-05 -0.00193206 2.49658e-05 -5.59167e-05 -3.08296e-05 -8.22915e-05 0.00294442 -0.00528283 0.000334697 0.00054887 0.00197697 0.000249465 -0.000622349 -0.00277799 -0.000147403 -0.00287041 -0.00142491
internal_weight=158081 1147 156934 124434 123841 121737 2104 593 32500 26559 4601 21958 5941 1071 4870 925 545
internal_count=158081 1147 156934 124434 123841 121737 2104 593 32500 26559 4601 21958 5941 1071 4870 925 545
is_linear=0
shrinkage=0.02


Tree=170
num_leaves=23
num_cat=0
split_feature=57 16 57 44 4 72 46 0 53 49 7 77 18 14 75 21 45 17 45 46 30 16
split_gain=15.8417 15.229 21.8575 27.2462 20.5899 20.1856 15.6848 12.2163 24.9387 17.7807 47.2512 16.2591 14.8691 11.8896 13.3965 14.0761 11.8411 16.614 12.9517 8.75589 7.75903 8.76723
threshold=0.97080288796103009 0.10814953440398146 0.43151405612266552 0.16428366975657974 -0.069686038647585311 0.36228601187588078 0.020108749544960901 -0.030752027874483664 0.012554480243815646 -0.010866855403496132 0.0052528956819796122 -0.80192095190263679 71.331381122568516 0.53260255151358971 0.81831698807710007 0.084206384722603125 0.012472044291615317 -0.56026869236374932 0.010105995999330921 0.0066412472484819107 0.66016546514643581 0.022302333306778336
decision_type=10 10 10 10 8 10 8 8 8 8 8 8 10 10 10 10 10 2 10 10 10 10
left_child=1 7 4 5 -3 -4 -6 8 19 10 -9 -10 -11 14 20 -16 17 -15 -19 -1 21 -2
right_child=13 2 3 -5 6 -7 -8 9 11 12 -12 -13 -14 16 15 -17 -18 18 -20 -21 -22 -23
leaf_value=0.00079567424087908926 -0.0012707601673405571 0.0044452154036948984 -0.0014404215133555032 0.0033322737036374896 -0.0026694688536502472 0.00045768776443171007 -0.0061407489397062474 -0.0026005898394838634 0.0021274914880254985 1.7773195123634051e-05 -0.00018661708197711174 -0.00025619790836595076 0.00047005495271462222 -0.0070767867021789624 -0.0022282186696064637 0.0021793792818339741 0.0042794312659674072 0.0012275749516647201 -0.0089873510024815698 0.0055090453238937839 0.006555802796021225 0.0032037316906884539
leaf_weight=214 207 201 3289 301 1565 2852 295 2189 1619 100948 19016 2880 17882 205 362 372 290 1613 206 491 256 1004
leaf_count=214 207 201 3289 301 1565 2852 295 2189 1619 100948 19016 2880 17882 205 362 372 290 1613 206 491 256 1004
internal_value=4.10595e-05 6.75153e-06 -0.000815851 -0.000241813 -0.00260815 -0.000530446 -0.00326599 5.49298e-05 0.00100634 1.95521e-05 -0.000513911 0.000457333 0.000114768 0.00120859 0.00226067 5.17007e-05 0.000206479 -0.000334815 0.000273626 0.00450142 0.00336376 0.00268812
internal_weight=158257 153742 8503 6442 2061 6141 1860 145239 5204 140035 21205 4499 118830 4515 2201 734 2314 2024 1819 705 1467 1211
internal_count=158257 153742 8503 6442 2061 6141 1860 145239 5204 140035 21205 4499 118830 4515 2201 734 2314 2024 1819 705 1467 1211
is_linear=0
shrinkage=0.02


Tree=171
num_leaves=21
num_cat=0
split_feature=69 50 50 4 50 46 57 17 26 18 53 50 18 46 46 46 50 4 15 17
split_gain=11.8373 31.075 46.6153 30.1796 41.1539 38.5058 29.1897 27.2031 26.6165 24.0772 23.7571 23.4797 34.2456 22.979 22.3458 22.0304 18.8389 18.2253 16.7637 14.1288
threshold=-0.3355812653618811 0.11198437295535359 0.067212861888321554 0.0011756433538925306 0.054178402126636944 0.015865266655892152 0.1760937927262784 0.22247897567964059 0.45204878422907974 68.813705124209335 0.020587870294827216 0.039750680025723024 38.641054467498343 0.0068630998330873336 0.0042756675587666366 0.037611884724171235 0.039109424865627636 -0.035323812400753767 0.00098493068135985262 0.51530768047048892
decision_type=10 10 10 10 10 10 8 2 8 8 10 8 8 10 10 10 10 10 10 2
left_child=3 2 8 4 11 7 -7 14 13 17 -9 15 -13 -2 -5 -1 -10 -6 -4 -20
right_child=1 -3 18 5 9 6 -8 10 16 -11 -12 12 -14 -15 -16 -17 -18 -19 19 -21
leaf_value=0.0002603187252795672 -0.00031980706401695973 0.0051670352302958349 -0.0067526336689325171 0.00096090661929704787 0.004477391608630428 -0.010694283919134765 -0.0010681853452511947 0.00032081786567348281 -1.4443985983400437e-05 -0.0022985188611106756 0.0064526219927484351 -0.0043886658658935322 -0.00041558745365587695 0.0029383264800593922 -0.000995108748240792 -0.0062333253678501181 0.00069109014630955507 -0.00018879701205181982 -0.00073317572395580012 -0.0040021642239856147
leaf_weight=32135 1234 260 221 1826 1209 312 332 4085 74427 211 266 1132 5059 2316 17588 277 14175 261 747 251
leaf_count=32135 1234 260 221 1826 1209 312 332 4085 74427 211 266 1132 5059 2316 17588 277 14175 261 747 251
internal_value=6.80878e-06 0.000150568 0.000131281 -0.000201224 0.000134988 -0.000756166 -0.00557829 -0.000625179 0.000182718 0.00319738 0.000803768 1.50243e-06 -0.00112694 0.0018806 -0.000945558 0.000217135 0.000114646 0.00410469 -0.00375246 -0.00264064
internal_weight=158324 93631 93371 64693 40284 24409 644 23765 92152 1681 4351 38603 6191 3550 19414 32412 88602 1470 1219 998
internal_count=158324 93631 93371 64693 40284 24409 644 23765 92152 1681 4351 38603 6191 3550 19414 32412 88602 1470 1219 998
is_linear=0
shrinkage=0.02


Tree=172
num_leaves=23
num_cat=0
split_feature=0 46 37 44 31 54 68 22 44 42 45 9 49 48 57 47 7 51 68 30 46 44
split_gain=13.0977 21.5026 22.9038 25.021 18.6935 18.2967 21.4682 18.4407 16.0988 17.1508 14.7054 13.2638 24.2836 30.1113 19.1005 18.2723 16.1211 16.0764 41.9359 12.9966 13.82 12.1443
threshold=-0.029326747886427026 0.0075069537556133421 0.50400448040974621 0.032267290103820907 0.0093987524139810281 0.40689727151823396 -0.96939353178583298 -0.030031049245488047 0.12547976713689837 -0.012734600833202157 0.0061713270467533563 -0.26554971043423953 0.0033827985947373356 -0.0073846290070418421 0.63538281766464011 -0.0095412085010608255 0.0074830260555386165 0.017455980570734674 0.22842238800861817 0.80358969714569728 0.0083314980747223825 -0.026640091616184355
decision_type=10 10 10 10 10 8 8 8 10 10 8 10 8 8 10 10 8 2 10 8 10 10
left_child=1 5 8 4 -4 7 -7 -1 9 -3 -8 12 16 15 -15 -14 -2 18 -13 21 -21 -19
right_child=11 2 3 -5 -6 6 10 -9 -10 -11 -12 17 13 14 -16 -17 -18 19 -20 20 -22 -23
leaf_value=-0.00076016461370443658 -0.005533853279376881 0.0014973269391431549 0.0053693457595914177 -4.6767523152153882e-05 0.013544058514013054 0.0025738534326675191 -0.0065263689034063136 0.0051983514765249908 0.0046196389173431837 -0.0010636078463723097 -0.0023945532532777046 0.0011843394942393623 0.0013708466557318538 9.8182305847054174e-05 0.0034996053593551076 0.0063354081490200019 0.00066228421990305905 0.00033737868626158239 -0.0078826403483842865 -0.0014233914922404665 0.00026673746066377098 -0.00010817563468770414
leaf_weight=269 379 2309 218 238 204 265 290 264 363 1204 586 252 202 3222 735 421 397 18234 202 3342 1684 122921
leaf_count=269 379 2309 218 238 204 265 290 264 363 1204 586 252 202 3222 735 421 397 18234 202 3342 1684 122921
internal_value=-3.75343e-05 0.000862663 0.00157769 0.00501967 0.00793853 -0.00107343 -0.00250263 0.00198127 0.000989941 0.000574274 -0.0040114 -7.43329e-05 0.000903117 0.00145776 0.000813037 0.00554167 -0.00236551 -0.000110055 -0.00386374 -9.83568e-05 -0.00109767 -6.27533e-05
internal_weight=158201 6210 4536 660 422 1674 1141 533 3876 3513 876 151991 5356 4580 3957 623 776 146635 454 146181 5026 141155
internal_count=158201 6210 4536 660 422 1674 1141 533 3876 3513 876 151991 5356 4580 3957 623 776 146635 454 146181 5026 141155
is_linear=0
shrinkage=0.02


Tree=173
num_leaves=24
num_cat=0
split_feature=9 50 41 53 58 34 16 18 73 18 43 20 41 52 69 3 47 4 31 44 44 75 52
split_gain=14.184 19.924 22.0032 19.676 25.7278 12.7172 11.8217 19.7609 24.2478 17.4656 27.1543 22.4139 20.0958 16.5628 13.9059 15.3035 14.6819 13.6373 12.1242 11.7387 22.81 9.96834 8.83717
threshold=-0.26554971043423953 0.018531473110496747 0.00087336882609978528 0.013131585567969487 0.64278380756820197 0.00029806664297995112 0.078628637743002452 39.147065634370911 0.15360053314454417 71.331381122568516 -0.0033064788982553046 0.06629985806230744 0.0079666224271899306 0.60896649527140501 1.966448070784675 0.064765230523510922 -0.0045142292354601867 0.3285036359263615 -0.00918001705146748 0.090415656457718221 0.11253478124016082 1.0000000180025095e-35 0.53348461517681078
decision_type=8 8 10 10 10 10 8 8 8 10 10 10 10 2 10 10 10 8 10 10 10 10 2
left_child=1 3 5 4 -1 -3 9 18 17 14 12 -12 -11 -10 16 -16 -2 -9 -8 21 -21 -4 -5
right_child=6 2 19 22 -6 -7 7 8 13 10 11 -13 -14 -15 15 -17 -18 -19 -20 20 -22 -23 -24
leaf_value=-0.0078569827571240321 9.4801434717786958e-05 0.0067846292736248913 -0.00083837281755129618 0.0056473656468629596 -8.4772728064427764e-05 0.00339805413387407 -0.00067662740488960346 0.00010548810511315823 0.00029739335062822748 -0.0030646546663019953 0.00093130996592390603 -0.0054185585028147963 0.0024905144138729473 -0.00089800357572042563 0.002850471609480547 -0.0023212107634353898 -0.00031618464773783197 0.0025205747320527386 -0.0045292168699244831 0.00741276891415249 0.00052848970123415509 0.0008872908732562066 -0.00059260227260962792
leaf_weight=209 76208 254 839 224 278 376 294 1887 5564 893 11502 247 211 14798 1541 256 38853 1393 396 217 339 982 310
leaf_count=209 76208 254 839 224 278 376 294 1887 5564 893 11502 247 211 14798 1541 256 38853 1393 396 217 339 982 310
internal_value=9.47669e-06 0.00118094 0.00200066 -0.00123092 -0.00413525 0.00532171 -2.11498e-05 -0.000425677 -0.000328131 5.47212e-05 0.000754473 0.00103643 -0.00224253 -0.000585277 -2.22319e-05 0.00172303 -4.95211e-05 0.0012673 -0.00375977 0.00111775 0.00365889 0.000339188 0.00141682
internal_weight=158071 4028 3007 1021 487 630 154043 24332 23642 129711 12853 11749 1104 20362 116858 1797 115061 3280 690 2377 556 1821 534
internal_count=158071 4028 3007 1021 487 630 154043 24332 23642 129711 12853 11749 1104 20362 116858 1797 115061 3280 690 2377 556 1821 534
is_linear=0
shrinkage=0.02


Tree=174
num_leaves=20
num_cat=0
split_feature=38 7 54 54 32 46 31 28 10 44 43 14 47 44 37 1 48 66 30
split_gain=12.9616 15.2824 20.5124 29.1464 40.3259 27.57 19.602 20.0601 15.2783 35.9316 39.0554 25.2408 13.2913 14.6812 11.3582 10.5251 9.89594 11.5129 4.48339
threshold=1.556857392158095 0.015505796076088455 0.77040262719322461 0.65055132966644058 0.025132378410554549 0.012606883183078394 -0.09533291034180251 -0.077637351517665695 1.2775067694472737 0.077141816382879549 -0.053124606254679956 -0.23094267080344202 -0.16468663196307501 0.087426643201365853 0.0083515332216549405 -0.12604599264395203 -0.25436003517243083 0.64180649547294599 0.52508722106675509
decision_type=10 10 10 10 10 10 8 10 10 10 10 10 8 10 10 10 10 10 10
left_child=1 2 3 5 -5 -1 -4 -8 12 10 -10 -11 14 -14 -3 -2 -17 -18 -19
right_child=15 8 6 4 -6 -7 7 -9 9 11 -12 -13 13 -15 -16 16 17 18 -20
leaf_value=-3.0030001444753678e-05 0.0014269523905753908 0.0054898445204535238 0.00075738544217388514 7.0751590644855373e-05 0.0028691367516024057 -0.0010777970964609032 -0.00066039649849993832 -0.0043665643395697628 -0.0027106636436249323 -0.0049995369113451675 0.0034222204936325434 0.00049193461496528884 -0.00062252910540315173 0.0019368379142763821 0.00038219845593311655 -0.004743345959887256 0.00089576742574179946 -0.0003755855713448498 -0.002802694969596441
leaf_weight=126850 374 264 312 4474 2474 6146 396 425 806 656 4857 1164 6047 953 440 305 261 320 524
leaf_count=126850 374 264 312 4474 2474 6146 396 425 806 656 4857 1164 6047 953 440 305 261 320 524
internal_value=-7.32684e-06 1.2018e-05 -5.28644e-05 -3.11408e-05 0.00123154 -9.713e-05 -0.00273192 -0.0043528 0.000614827 0.00125842 0.00204414 -0.00118506 -1.01233e-05 -0.000273961 0.00260709 -0.00170196 -0.00249327 -0.00160759 -0.0027432
internal_weight=158048 156264 141077 139944 6948 132996 1133 821 15187 7483 5663 1820 7704 7000 704 1784 1410 1105 844
internal_count=158048 156264 141077 139944 6948 132996 1133 821 15187 7483 5663 1820 7704 7000 704 1784 1410 1105 844
is_linear=0
shrinkage=0.02


Tree=175
num_leaves=17
num_cat=0
split_feature=38 15 57 52 42 46 44 22 51 2 17 9 42 44 42 9
split_gain=14.95 14.4249 10.5948 31.2495 24.5202 31.8893 24.0468 15.1714 18.6726 26.0975 24.611 16.6756 14.8092 13.92 13.7071 10.1475
threshold=1.6292708263384841 -0.10529148955021504 0.79695973667084818 0.88789462569950384 0.010059957951513378 0.0095148976935314853 0.12547976713689837 0.10569978633287715 0.66390769573144126 0.018863700486552285 0.23352647003607965 0.44470953387731449 0.016415836228787065 0.037438161398865584 0.024889148817943577 -0.26554971043423953
decision_type=10 10 8 2 10 10 10 10 2 10 2 10 10 10 10 10
left_child=2 -2 7 4 6 -6 -4 8 9 -1 -10 15 -5 -14 -13 -9
right_child=1 -3 3 12 5 -7 -8 11 10 -11 -12 14 13 -15 -16 -17
leaf_value=-3.1998673008799549e-05 0.000775691530826458 -0.0038901643373192786 0.00041219875974155538 -0.0011426323314944955 0.00012961530327332653 -0.0017964335876278804 0.0040498341413138846 0.00075066368432872958 -1.9131492518175871e-05 -0.00087825767249907413 0.00085131481679806 -4.2714522286997069e-05 0.0019933961439123275 0.0070191089837337199 -0.0018104988918399084 -0.0033112072328552499
leaf_weight=48483 213 388 22448 236 11321 4593 731 217 32000 13318 13873 6511 465 329 1914 1260
leaf_count=48483 213 388 22448 236 11321 4593 731 217 32000 13318 13873 6511 465 329 1914 1260
internal_value=-7.06249e-06 -0.00315282 4.93342e-06 0.000285565 0.000194864 -0.000409551 0.000609922 -9.08171e-05 -2.18992e-05 -0.000248827 0.000283777 -0.000839947 0.0037226 0.00502893 -0.000495846 -0.00279973
internal_weight=158300 601 157699 40123 39093 15914 23179 117576 107674 61801 45873 9902 1030 794 8425 1477
internal_count=158300 601 157699 40123 39093 15914 23179 117576 107674 61801 45873 9902 1030 794 8425 1477
is_linear=0
shrinkage=0.02


Tree=176
num_leaves=15
num_cat=0
split_feature=1 34 47 30 45 9 45 30 66 0 54 37 60 44
split_gain=12.9603 11.7262 14.7006 11.3192 19.0966 37.7495 23.5746 13.8484 19.0277 14.4463 9.00966 7.34004 10.0963 6.08042
threshold=0.17877237048635744 0.038403611504545888 -0.0040033822479776373 0.52508722106675509 0.0083303967830531678 0.36485307066048583 0.0078258550316343389 0.80358969714569728 0.95914193898418276 0.013817756420974494 0.68686323655838333 0.055086100172107029 0.88272263023506825 -0.050410913465199096
decision_type=10 10 10 8 10 10 10 10 10 10 10 10 10 8
left_child=1 3 11 4 6 -6 -1 9 -9 -5 -2 13 -13 -3
right_child=10 2 -4 7 5 -7 -8 8 -10 -11 -12 12 -14 -15
leaf_value=-8.5405487546487001e-05 -0.00043409559821903216 0.0010324192514194206 0.0077607647211608869 5.9643855669428221e-05 -0.0027828733853696021 -0.0003810262453892138 0.0018131966464873339 -0.00019675890591620609 -0.0022021545467907177 0.00074860586567907644 -0.005229222596644008 0.0048081752875043732 -0.0010587365387905478 -0.0061710444468349307
leaf_weight=40138 279 493 366 77907 2009 14907 1907 4534 1441 13185 343 256 222 245
leaf_count=40138 279 493 366 77907 2009 14907 1907 4534 1441 13185 343 256 222 245
internal_value=-7.06553e-06 4.30173e-06 0.00171699 -1.30617e-05 -0.000231641 -0.000799078 -3.28212e-06 0.000119689 -0.000812918 0.000180892 -0.00288604 0.000655711 0.00258455 -0.000592693
internal_weight=158232 157610 1582 156028 58961 16916 42045 97067 5975 91092 622 1216 478 738
internal_count=158232 157610 1582 156028 58961 16916 42045 97067 5975 91092 622 1216 478 738
is_linear=0
shrinkage=0.02


Tree=177
num_leaves=23
num_cat=0
split_feature=17 46 53 41 43 45 14 71 46 75 45 48 53 20 44 43 44 49 43 17 41 49
split_gain=12.1676 20.9263 15.5822 15.6451 14.7663 12.7876 43.3609 28.0745 50.0985 15.6871 45.6285 49.2646 31.0888 32.5319 29.5848 21.7353 15.4231 20.5807 18.1372 12.4428 11.9238 7.5688
threshold=-2.0499426430180678 0.0069212748199048513 0.017511424715879863 -0.02988546641464784 -0.018677922111304087 0.0044011192485553501 -0.063109648746618438 -0.34927126302555517 0.0040265585837819511 -0.23319123260682548 0.015028687224494961 -0.10872555099910929 0.010900370295388781 -0.01375575240777732 -0.089159098601925488 0.053263173519828684 0.040677483153744316 0.010853667464678531 0.017122810635651579 -0.063466797682881007 0.0040483944480947951 0.0021142251448761367
decision_type=2 10 10 10 10 10 8 8 10 10 10 8 10 10 10 10 10 10 10 2 10 10
left_child=1 -1 4 -4 -3 6 16 8 -8 10 11 -7 13 -11 -12 -14 18 -18 -2 -9 -5 -6
right_child=5 2 3 20 21 9 7 19 -10 12 14 -13 15 -15 -16 -17 17 -19 -20 -21 -22 -23
leaf_value=-0.0026260155006024282 -0.0020996142396326389 0.00064122677331435423 0.0035788235709232888 -0.0051713726749311826 0.0080891724770081209 0.0056656998729272528 -0.0012832898912820301 -0.00078011791299650716 0.0014809649438932895 -0.0040594129589841708 6.9666089558018669e-05 0.00032129677978790655 -0.00035458748402714748 0.0024877393860642623 -0.0032989552899653591 0.00041046085014492166 0.00075564211450924047 -0.0033745409676966577 -0.0092818449771193707 0.0003887181368096699 0.0012012621692688581 0.0046061310750015122
leaf_weight=367 467 229 382 200 203 554 2014 4579 9387 310 1607 37300 75078 1997 1993 8949 1166 994 415 9805 235 242
leaf_count=367 467 229 382 200 203 554 2014 4579 9387 310 1607 37300 75078 1997 1993 8949 1166 994 415 9805 235 242
internal_value=4.1521e-06 0.00161269 0.00266622 0.000804401 0.00491556 -1.49282e-05 0.000365547 0.000632048 0.00137327 -0.000100775 0.000218984 0.000423669 -0.000254335 0.00203553 -0.00193224 -0.000317251 -0.00189221 -0.000980102 -0.00412005 4.43518e-05 -0.0017844 0.00703587
internal_weight=158473 1858 1491 817 674 156615 28827 25785 11401 127788 41454 37854 86334 2307 3600 84027 3042 2160 882 14384 435 445
internal_count=158473 1858 1491 817 674 156615 28827 25785 11401 127788 41454 37854 86334 2307 3600 84027 3042 2160 882 14384 435 445
is_linear=0
shrinkage=0.02


Tree=178
num_leaves=16
num_cat=0
split_feature=17 38 15 69 32 44 54 33 20 18 22 9 76 44 63
split_gain=15.0396 14.9601 15.894 13.2271 10.1473 17.4902 16.7645 10.9192 32.6531 15.2479 10.8864 9.64223 12.3574 10.0711 8.29269
threshold=-2.0499426430180678 1.6292708263384841 -0.068773175412607454 -0.96179433231537137 0.32248815802103287 0.09898613004538627 0.49570011730775437 0.14736143059389165 -0.017426467745017934 83.417049086060203 0.29166380207103065 0.86291724412508253 -0.62540953148441292 0.029523697566174237 0.30793423778054757
decision_type=2 10 10 10 10 10 10 8 10 10 10 10 10 10 10
left_child=3 4 -3 -1 7 10 -7 9 -9 -2 -6 14 -13 -14 -5
right_child=1 2 -4 11 5 6 -8 8 -10 -11 -12 12 13 -15 -16
leaf_value=-0.0035004004446906579 1.1673701250272672e-06 0.00055507104401647284 -0.0039771832074125277 -0.001874967530485228 0.003630475516569281 0.0096619378852801398 0.0016121070416088398 0.0013847569347202359 -0.00081669957769698784 0.00089380618091153654 -0.0021373296276019659 -0.0012089855696130033 0.0020189008114595655 0.0062026457864727191 0.0018480438684850479
leaf_weight=255 136033 233 305 238 230 377 795 2566 11634 3575 929 214 436 428 278
leaf_count=255 136033 233 305 238 230 377 795 2566 11634 3575 929 214 436 428 278
internal_value=1.15942e-05 -9.56101e-06 -0.00333581 0.00180432 1.90854e-06 0.00131132 0.00303325 -1.79313e-05 -0.0005463 3.58e-05 -0.00042931 0.0024815 0.003557 0.00462197 0.00022824
internal_weight=158526 156677 538 1849 156139 2331 1172 153808 14200 139608 1159 1594 1078 864 516
internal_count=158526 156677 538 1849 156139 2331 1172 153808 14200 139608 1159 1594 1078 864 516
is_linear=0
shrinkage=0.02


Tree=179
num_leaves=26
num_cat=0
split_feature=69 6 54 53 48 72 46 48 46 53 28 20 7 22 54 49 54 17 16 47 45 25 26 44 76
split_gain=14.0723 11.8152 99.3583 59.91 113.678 56.2373 51.8973 82.3697 47.2379 17.4991 29.8168 16.9428 23.3724 15.9684 15.8988 15.3254 9.42729 18.2413 15.5183 12.3151 12.6276 10.1443 7.59966 5.98779 5.18748
threshold=2.3617368352301114 0.010723042435764683 0.57514232024538892 0.013305201627258385 -0.019988839357633122 -1.4140110592980182 0.0057736429749772862 -0.034810438672027759 0.0045607667144013436 0.011202886736087313 -0.060182515957948372 -0.0066377575173306438 0.0039744489529195057 0.12417357641719075 0.7400532384710754 -0.0095303371722000856 0.44121806274919195 -0.17523453733762304 0.078628637743002452 -0.0017833124015844135 0.0062566718320173744 0.10528976553937555 0.83383753048009457 -0.006483443673309385 -0.39668237102652071
decision_type=10 8 10 10 8 10 10 10 10 8 8 10 8 8 8 10 10 2 10 10 10 10 10 10 10
left_child=1 2 6 4 -4 -5 8 -8 -1 10 15 12 -11 -12 -13 -3 17 -2 -19 22 -21 -20 24 -24 -18
right_child=16 9 3 5 -6 -7 7 -9 -10 11 13 14 -14 -15 -16 -17 19 18 21 20 -22 -23 23 -25 -26
leaf_value=0.00081036985003065222 -0.0052738731549996721 0.00052056895192745755 -0.0030040600160243635 -0.0079029665391708963 0.0052469093902978844 -0.0019738049963425935 -0.0010060995045612423 0.0018468749666927548 -0.0010479804285631906 0.0018800204285878953 -0.00060549634482291541 -0.00014167894617622494 0.00015046184976828859 0.0034341825611760202 -0.0011379157584899013 -0.0041209475528834099 0.0011834744141219716 0.0076885420890702673 -0.0039522482884876489 0.0015592222048735921 0.009243909663812307 0.0028639401488495531 -0.0033173384559052523 0.0012782768254141195 0.0050738665873191792
leaf_weight=7924 240 200 887 566 492 1348 2486 10468 6600 1510 2333 67209 46387 491 4606 1676 350 225 329 232 286 234 227 634 201
leaf_count=7924 240 200 887 566 492 1348 2486 10468 6600 1510 2333 67209 46387 491 4606 1676 350 225 329 232 286 234 227 634 201
internal_value=2.54075e-05 -6.31508e-07 0.000350253 -0.002932 0.000244928 -0.00522089 0.000743768 0.00166407 -7.69707e-05 -8.74346e-05 -0.00128441 -4.04133e-05 0.000250908 1.34513e-05 -0.000234739 -0.00323815 0.00139169 -0.000153547 0.00131559 0.00221543 0.00485164 -0.000457447 0.00124416 6.72854e-05 0.00307609
internal_weight=158141 155183 30771 3293 1379 1914 27478 12954 14524 124412 4700 119712 47897 2824 71815 1876 2958 1028 788 1930 518 563 1412 861 551
internal_count=158141 155183 30771 3293 1379 1914 27478 12954 14524 124412 4700 119712 47897 2824 71815 1876 2958 1028 788 1930 518 563 1412 861 551
is_linear=0
shrinkage=0.02


Tree=180
num_leaves=21
num_cat=0
split_feature=38 20 4 46 45 6 48 43 45 10 52 17 69 10 50 56 34 56 2 16
split_gain=11.4736 19.2355 13.6344 33.3403 31.3234 56.1776 25.2448 21.3727 16.3474 22.9172 17.9277 14.3775 13.8241 28.0122 17.5855 12.0701 10.8035 8.58049 7.90639 5.94346
threshold=1.556857392158095 0.004149223265614844 -0.065904806312114858 0.037096225519872329 0.018619033743462497 0.013962458462965146 -0.10872555099910929 0.082894869130863871 0.0044089162664877014 1.6120929584104116 0.58787244833269947 0.17312041409225346 -1.0071389289373116 0.80682265679158738 0.016825457805486835 0.24423469948357326 0.021142150438207937 0.82762289068231853 -0.010269839449868088 -0.050671790845499713
decision_type=10 10 10 10 10 10 8 10 8 10 2 2 8 10 10 10 10 10 10 10
left_child=2 15 8 4 6 -6 -4 17 12 10 -10 -11 14 -14 -1 -2 19 -5 -17 -3
right_child=1 16 3 7 5 -7 -8 -9 9 11 -12 -13 13 -15 -16 18 -18 -19 -20 -21
leaf_value=-0.006768335192561206 -0.0025127007193580663 -0.0043209215644489504 -0.0025778789410179073 -0.002209578128408335 0.011377120843748239 0.0004617251035327302 -4.3007477442931263e-05 -0.00023086678832510282 -3.2641495764331004e-05 0.0047538941570771697 0.0011195963991131176 9.1872792380148994e-05 0.0048415474817654139 -0.0016499377615817206 -0.0012362411542044911 0.0023275629049221203 -6.2470234458456423e-05 -0.0080103444227642758 -0.00045600662165599817 -0.0020265962040435996
leaf_weight=371 390 370 697 206 259 809 123824 274 16055 1778 8785 835 330 906 1044 381 227 203 234 236
leaf_count=371 390 370 697 206 259 809 123824 274 16055 1778 8785 835 330 906 1044 381 227 203 234 236
internal_value=5.54941e-06 -0.00156498 2.40317e-05 -6.71402e-05 -4.31404e-05 0.00336576 -7.24209e-05 -0.00447076 0.000406511 0.000551395 0.000363834 0.00233282 -0.00109276 0.000451091 -0.00244209 0.000296223 -0.00381055 -0.00736098 0.00204221 -0.00520264
internal_weight=158214 1838 156376 126272 125589 1068 124521 683 30104 27453 24840 2613 2651 1236 1415 1005 833 409 615 606
internal_count=158214 1838 156376 126272 125589 1068 124521 683 30104 27453 24840 2613 2651 1236 1415 1005 833 409 615 606
is_linear=0
shrinkage=0.02


Tree=181
num_leaves=18
num_cat=0
split_feature=38 20 5 54 46 53 44 57 59 4 43 2 52 42 57 2 22
split_gain=11.7119 20.222 11.3914 43.0799 37.5129 32.9781 31.6084 57.4704 24.6173 24.2638 16.6022 21.1969 20.4084 10.708 8.59828 7.33913 4.32213
threshold=1.5924389372275121 0.040105031557089006 0.028802373773296565 0.77040262719322461 0.015865266655892152 0.020765565365582783 0.1557699926064621 0.27608028807682056 0.13038833147528803 0.017325409665746586 0.052023788456372573 -0.049156223578865114 0.79750718335015935 0.033420719971073549 0.1484626119839734 -0.015148430911261722 -0.047609422523214311
decision_type=10 8 10 10 10 10 10 8 10 8 10 10 2 10 10 10 10
left_child=2 15 3 4 5 -1 10 14 -6 13 12 -12 -4 -5 -8 16 -2
right_child=1 -3 6 9 8 -7 7 -9 -10 -11 11 -13 -14 -15 -16 -17 -18
leaf_value=4.7472383059471576e-05 -0.00033016311101262017 -0.0042549027074431272 0.0012400409708616057 0.00010754234093742599 0.0057729644615428849 -0.0016629584507810268 -0.010384583450012133 0.0020671105387022868 0.0012824224981908339 -0.0053361595380616309 -0.0064724579402251538 0.00027240737929778742 0.0042711874014943777 -0.0025572422002564164 -0.0044214121600504221 -0.0029348949403565083 0.0015748367238246127
leaf_weight=140591 293 334 6667 388 302 2513 339 381 1172 327 314 1922 1357 267 202 309 267
leaf_count=140591 293 334 6667 388 302 2513 339 381 1172 327 314 1922 1357 267 202 309 267
internal_value=5.63357e-05 -0.00190864 7.14418e-05 2.41686e-05 5.25526e-05 1.98316e-05 0.000686578 -0.00285807 0.00322576 -0.00414852 0.00100556 -0.000517658 0.00143028 -0.00191768 -0.00704428 -0.000296552 0.00106595
internal_weight=157945 1203 156742 145560 144578 143104 11182 922 1474 982 10260 2236 8024 655 541 869 560
internal_count=157945 1203 156742 145560 144578 143104 11182 922 1474 982 10260 2236 8024 655 541 869 560
is_linear=0
shrinkage=0.02


Tree=182
num_leaves=22
num_cat=0
split_feature=78 17 14 48 58 45 16 71 68 62 47 64 19 45 19 59 78 76 47 0 17
split_gain=10.9656 15.3901 13.2446 13.315 12.2395 10.933 9.9908 21.7931 16.2564 9.71583 14.4187 12.4119 9.49418 9.42844 9.63538 9.00172 11.1437 8.10982 7.6196 7.57148 6.51644
threshold=2.0431510323838471 -2.0499426430180678 0.11342699146112879 -0.068583797197533145 0.97486908239256875 0.0098045686684422161 0.077584202824064766 -0.6316344310279044 1.9000786711348401 0.37553195342351647 -0.03087924190071278 0.336724344910378 -1.3686849964530925 0.0075852524580459378 -1.415670574747697 0.99787007213174261 -0.38415390979225522 0.033283741597524057 -0.014038658003646841 -0.0036051187570554917 -0.078479024269373684
decision_type=10 2 10 8 10 10 8 8 8 10 10 10 10 10 10 10 8 8 10 10 2
left_child=1 9 3 -2 6 17 8 -8 -3 10 -1 -11 -13 14 -5 16 -6 20 -15 -19 -4
right_child=2 4 5 13 15 -7 7 -9 -10 11 -12 12 -14 18 -16 -17 -18 19 -20 -21 -22
leaf_value=-0.0031823258887166083 0.0017760253203097959 3.6659384691998812e-05 -0.00044776717110430375 0.0008759036307064141 0.01286258379614362 -0.003043227841951106 -0.0016689543168078647 -0.00016230626069834255 0.0015064376064701324 -6.2273841448615841e-05 0.0028885752610075632 0.0049096793567063946 0.0021101550696936535 -0.0067853592802786713 -0.0017867906957894262 -0.0042360024322643007 0.0022811215065891379 0.0025329571094634463 -0.0022522971400309633 -0.001761381353622126 0.0036586857390402995
leaf_weight=331 236 124441 201 294 201 237 2685 20740 2132 323 344 416 333 248 1102 283 2296 200 206 472 432
leaf_count=331 236 124441 201 294 201 237 2685 20740 2132 323 344 416 333 248 1102 283 2296 200 206 472 432
internal_value=1.8071e-05 4.36043e-05 -0.00106861 -0.00210733 2.22413e-05 0.00033571 -2.12001e-06 -0.000381542 6.80867e-05 0.00190961 2.66272e-05 0.00309226 0.004504 -0.00267855 -0.0018597 0.00133693 0.00172058 0.00105513 -0.00518242 -0.000472511 0.00267823
internal_weight=158153 154525 3628 2086 152778 1542 149998 23425 126573 1747 675 1072 749 1850 1396 2780 2497 1305 454 672 633
internal_count=158153 154525 3628 2086 152778 1542 149998 23425 126573 1747 675 1072 749 1850 1396 2780 2497 1305 454 672 633
is_linear=0
shrinkage=0.02


Tree=183
num_leaves=12
num_cat=0
split_feature=38 6 68 69 53 45 45 53 45 51 34
split_gain=14.9153 12.9175 19.4637 12.7739 42.8167 86.4142 36.5107 20.619 33.7451 30.4917 12.618
threshold=1.6292708263384841 0.070717937891513788 -1.0369315896569302 -0.016567491129258514 0.013639968307537899 0.004263813630150535 0.01310383837917809 0.013741127444030344 0.0052490416052617317 0.66390769573144126 0.021142150438207937
decision_type=10 10 10 10 10 10 10 10 10 2 10
left_child=1 3 -3 7 5 -5 -6 8 -1 -9 -2
right_child=10 2 -4 4 6 -7 -8 9 -10 -11 -12
leaf_value=-0.00033426050704877809 -0.0035979353242202375 0.010013785390028241 -0.00042027336287534271 0.0013005654472385186 0.0007382703146370218 -0.00090550198315475559 -0.00044032276586455812 -0.0008772466268416085 0.00075371442700503046 8.1040552251427785e-05 0.00032551752777712549
leaf_weight=19957 357 260 291 8154 34059 20675 8251 24858 18785 22301 252
leaf_count=19957 357 260 291 8154 34059 20675 8251 24858 18785 22301 252
internal_value=9.84823e-06 2.19427e-05 0.00307609 1.11945e-05 0.000209418 -0.000384946 0.00061445 -0.000152942 0.000188886 -0.0004338 -0.00311148
internal_weight=158200 157591 551 157040 71139 28829 42310 85901 38742 47159 609
internal_count=158200 157591 551 157040 71139 28829 42310 85901 38742 47159 609
is_linear=0
shrinkage=0.02


Tree=184
num_leaves=23
num_cat=0
split_feature=32 25 9 52 16 14 45 40 51 6 54 9 54 41 6 45 18 9 75 7 6 0
split_gain=12.3085 13.8858 15.8626 16.2223 16.3306 13.8084 12.8163 42.0228 32.0537 31.3936 44.6414 21.0444 53.8562 73.6376 66.5308 14.9137 25.87 16.8941 14.4041 10.2849 8.82981 4.40004
threshold=0.25377911881932386 1.3770639944254144 0.6229137533232566 0.85051612135228905 0.0029731376716433115 0.6031530591519475 0.0044011192485553501 0.0016204759018599386 0.7754046062869594 0.011157508621425458 0.27512555573950848 0.54995887484667338 0.57254031279556139 0.022895636682130353 0.010507733775710839 0.0068844743189591983 79.500887192024621 1.3880112172914256 0.96442192799539384 0.0087283052608532509 0.024742570816884354 -0.0026855197497994139
decision_type=10 10 10 2 10 10 8 10 2 8 10 8 8 10 8 10 10 8 10 10 10 10
left_child=6 2 5 4 -4 20 7 9 19 10 -1 12 13 -8 -14 16 -13 -17 -11 -9 -2 -3
right_child=1 21 3 -5 -6 -7 11 8 -10 18 -12 15 14 -15 -16 17 -18 -19 -20 -21 -22 -23
leaf_value=-0.0017815403916491377 0.0029018501139559251 0.0053150770538114272 0.0032002247014423541 0.005069664941506815 -0.0011171328876651324 -0.0016855309257690482 -0.00035989704431305591 -0.0022569863753213295 -0.0090461220237374428 -7.3547051785621844e-05 0.0015026072784085553 -0.00039553066734226056 -0.0048118158474638826 0.0044402925429868753 -0.0010948898355527192 -7.1977355513876133e-07 0.0014831323881045366 0.00080689019823190127 0.0038234847524325007 -7.6620709301760957e-05 0.0092542742957000528 0.0030156408101596932
leaf_weight=1327 290 226 479 303 2864 201 14797 1174 330 12928 9158 39922 1189 1292 5960 45569 2502 15563 281 1568 228 203
leaf_count=1327 290 226 479 303 2864 201 14797 1174 330 12928 9158 39922 1189 1292 5960 45569 2502 15563 281 1568 228 203
internal_value=-1.38802e-05 0.000983942 0.000645442 0.000109131 -0.000292464 0.00335833 -4.50505e-05 0.000352598 -0.00184771 0.000638025 0.00145508 -0.000129011 -0.000672921 -3.09509e-05 -0.0021172 -6.93338e-06 -0.000295062 0.000192989 -1.04466e-05 -0.00113671 0.00508285 0.00441395
internal_weight=158354 4794 4365 3646 3343 719 153560 26766 3072 23694 10485 126794 23238 16089 7149 103556 42424 61132 13209 2742 518 429
internal_count=158354 4794 4365 3646 3343 719 153560 26766 3072 23694 10485 126794 23238 16089 7149 103556 42424 61132 13209 2742 518 429
is_linear=0
shrinkage=0.02


Tree=185
num_leaves=22
num_cat=0
split_feature=0 21 42 43 37 35 47 54 48 19 18 44 54 69 49 63 6 48 37 78 32
split_gain=10.2028 15.991 15.7901 24.5329 13.6433 11.972 11.8727 21.5249 12.8096 11.5475 10.9582 30.5427 26.9191 20.0694 14.0583 28.0863 15.5754 10.7437 10.0285 8.77866 3.45948
threshold=-0.034281992027007595 -0.055106286607953962 -0.012734600833202157 -0.0013369895108847894 0.42354260768385288 -0.016803368869005051 -0.10359328166345315 0.57667817085287665 -0.022900951401139732 -3.0396081855543802 71.331381122568516 0.0027441872291550378 0.71095035651356697 -0.99167419259496514 0.023787591025649649 0.26006146422969384 0.010778333444821262 -0.038853225148443297 0.055086100172107029 0.49308660342718053 0.0092214699196042655
decision_type=10 8 8 10 10 8 10 10 10 8 10 8 10 10 8 8 10 10 8 8 10
left_child=1 6 5 -4 -5 20 19 8 -8 -2 14 12 -12 -13 16 -16 -11 -7 -9 -1 -3
right_child=9 2 3 4 -6 17 7 18 -10 10 11 13 -14 -15 15 -17 -18 -19 -20 -21 -22
leaf_value=0.0008483667116546004 -0.0019404919567970319 0.00018377961586403286 -0.0057772788161094589 -0.0021356102990149712 0.0035074035024831901 0.00085043137167039955 0.0033728338759478338 0.0038545154821930361 -0.001124970763650681 0.00030943341666255121 -0.002151451587670463 -0.0009979681044473812 0.0017185047153061544 0.00058701512545287007 0.00072960763147127041 -0.0010497823039672331 -0.00018104134091275647 0.0042524065389654463 0.01102394289832348 -0.0033640394497998307 -0.0026288259242160774
leaf_weight=265 244 211 322 513 244 739 444 200 439 27247 2209 2471 672 19269 4677 11071 85669 375 264 206 200
leaf_count=265 244 211 322 513 244 739 444 200 439 27247 2209 2471 672 19269 4677 11071 85669 375 264 206 200
internal_value=-3.40483e-05 0.000912955 -9.13628e-05 -0.00194259 2.37467e-05 0.00121756 0.00235184 0.00330712 0.00146833 -6.13431e-05 -5.43951e-05 0.000332142 -0.00160236 0.000588657 -0.00012838 -0.000688171 -5.02847e-05 0.00229417 0.0067914 -0.000377119 -0.00169417
internal_weight=157951 4422 2604 1079 757 1525 1818 1347 883 153529 153285 24621 2881 21740 128664 15748 112916 1114 464 471 411
internal_count=157951 4422 2604 1079 757 1525 1818 1347 883 153529 153285 24621 2881 21740 128664 15748 112916 1114 464 471 411
is_linear=0
shrinkage=0.02


Tree=186
num_leaves=21
num_cat=0
split_feature=20 44 41 5 10 41 58 44 41 50 43 27 72 69 31 29 14 0 24 15
split_gain=11.7845 28.787 36.2657 34.1661 27.7365 22.8881 57.6438 22.6085 20.7664 20.6189 33.9098 24.0351 17.5765 16.6978 12.8434 18.7371 9.89291 7.62889 10.6289 7.19083
threshold=-0.0059218430985403794 -0.12918337154265866 -0.057128807838878741 0.017629903190123083 0.66089967468006405 -0.052993640764116938 0.38170292579780413 -0.14534030811061019 -0.057128807838878741 -0.017451728641317995 -0.0084224335096477181 -0.013602988538335357 0.55156810773115095 -0.3355812653618811 -0.082432419106024044 -3.4052898034557342 -0.0036501259339480892 0.017132065353233198 -0.78106285537253839 -0.043461484835686064
decision_type=10 8 10 10 8 8 10 8 8 10 10 10 10 10 10 10 10 10 10 10
left_child=7 3 4 -2 -3 6 -4 16 12 11 -11 -10 -9 -7 -5 -16 17 18 -1 -6
right_child=1 2 5 14 19 13 -8 8 9 10 -12 -13 -14 -15 15 -17 -18 -19 -20 -21
leaf_value=-0.00037391630877816841 -0.0070934320915519676 0.0091485287466414166 -0.0098849234487364077 0.0013590354003400707 0.0044411915190381637 -0.00042848904542172313 0.0020976751471615748 -0.00061187313790815189 0.00093214905546133567 -0.0012104702014343858 0.00020091908144955582 0.0055263742428408348 -0.0087814999805975024 6.2279762684427093e-05 0.00077873844388671792 -0.0026447833345483009 0.0053642463076971581 -0.0014210654106720682 0.0027749046337035102 -0.00084247226852088969
leaf_weight=318 203 206 236 375 221 33644 226 272 6879 6270 47231 244 215 58871 446 988 213 264 678 243
leaf_count=318 203 206 236 375 221 33644 226 272 6879 6270 47231 244 215 58871 446 988 213 264 678 243
internal_value=-1.65441e-05 -0.000156157 -0.000105267 -0.0025226 0.00452757 -0.000138721 -0.00457451 0.00019682 0.000137747 0.000170854 3.62229e-05 0.00118164 -0.00397131 -0.000116499 -0.0016453 -0.00250732 0.0026445 0.00196511 0.0027663 0.00180215
internal_weight=158243 95659 93647 2012 670 92977 462 62584 61111 60624 53501 7123 487 92515 1809 1434 1473 1260 996 464
internal_count=158243 95659 93647 2012 670 92977 462 62584 61111 60624 53501 7123 487 92515 1809 1434 1473 1260 996 464
is_linear=0
shrinkage=0.02


Tree=187
num_leaves=24
num_cat=0
split_feature=0 48 46 42 52 53 52 28 42 44 69 44 54 41 54 51 41 54 48 69 8 54 69
split_gain=12.8965 19.6311 38.1421 25.8988 21.3398 20.3128 13.4618 12.5922 12.4768 13.4379 11.8666 48.6177 41.6549 44.124 36.6299 35.8603 30.2653 37.7439 31.9125 20.2988 11.0661 9.41984 9.65994
threshold=-0.029326747886427026 -0.021151459976758321 0.010616503590263128 0.006426145628502967 0.60896649527140501 0.013227825391028191 0.75344269932713936 -0.052672151538447003 0.0025663433334067736 0.055033049347779979 -0.3355812653618811 0.1557699926064621 0.57574035584699446 -0.030760450731421193 0.58346620426428608 0.017455980570734674 -0.030760450731421193 0.54577245362991922 -0.080661643082043474 -0.66444134511456443 0.021815424311799895 0.57113465240665617 -0.18351588221326012
decision_type=10 10 8 10 2 10 2 8 10 10 10 10 10 8 10 2 10 10 10 8 10 8 10
left_child=1 2 4 8 7 -5 -7 -1 9 -3 11 12 13 -2 -14 -12 17 -17 -18 20 -13 -4 -23
right_child=10 3 21 5 -6 6 -8 -9 -10 -11 15 19 14 -15 -16 16 18 -19 -20 -21 -22 22 -24
leaf_value=0.0036017365790049207 -0.0037627646107503887 0.0008782054828196166 -0.004197258587670628 -0.0038668291691068275 0.0080410386903715797 0.00092928210268522623 0.006860030196931907 -0.0013096697143477856 -0.0081117266166872235 -0.005056946615554809 -0.0046011284556146063 -0.0040054231324016679 0.0026936476273527149 -0.00030917347589998174 0.00030927655291387081 0.0033554450952702469 -0.0010695214726744672 0.00034529717491674466 0.00014143572657396346 -0.0013274714837705431 -0.011081333884536611 -0.00078123068625727437 0.0013529176034386772
leaf_weight=1704 1486 214 258 250 397 402 267 257 245 224 295 293 2049 44201 12639 1530 5580 2845 80061 392 238 1233 817
leaf_count=1704 1486 214 258 250 397 402 267 257 245 224 295 293 2049 44201 12639 1530 5580 2845 80061 392 238 1233 817
internal_value=2.31698e-05 0.000912107 0.00156803 -0.000996881 0.00335651 0.00119348 0.00301194 0.00249643 -0.00394444 -0.00190888 -1.35743e-05 -0.000228356 -0.000158639 -0.000456531 0.000767785 0.000132186 0.00015506 0.00177742 7.21375e-05 -0.00478139 -0.00732707 -0.000258987 0.000194052
internal_weight=157877 6268 4666 1602 2358 919 669 1961 683 438 151609 61298 60375 45687 14688 90311 90016 4375 85641 923 531 2308 2050
internal_count=157877 6268 4666 1602 2358 919 669 1961 683 438 151609 61298 60375 45687 14688 90311 90016 4375 85641 923 531 2308 2050
is_linear=0
shrinkage=0.02


Tree=188
num_leaves=21
num_cat=0
split_feature=0 48 48 63 54 54 54 4 4 18 25 69 44 6 31 28 53 23 52 18
split_gain=15.7483 18.1032 40.3665 23.7345 21.8081 20.5533 15.8795 17.0872 15.6743 13.564 11.5828 26.4934 11.2791 28.9897 12.8935 11.0823 20.6273 12.6029 8.41493 8.29608
threshold=-0.029326747886427026 -0.022927011131925908 -0.063597867329977617 0.46652931840749584 0.54044826268702983 0.59545599558096884 0.40770722412661325 0.022784334791006836 -0.021287911824691582 25.645681444612624 -1.8989603227860794 0.18397409343959489 -0.15886070800446697 0.020291265562731753 0.10308875102249289 -0.20954880153797353 0.020765565365582783 -0.065196017642765267 0.14462555537712116 54.909458509958981
decision_type=8 8 10 8 10 10 8 10 8 8 8 10 8 10 10 8 10 10 2 8
left_child=1 2 9 4 -4 6 7 -3 -8 18 11 -2 13 -12 -15 17 -17 -14 -1 -11
right_child=10 5 3 -5 -6 -7 8 -9 -10 19 12 -13 15 14 -16 16 -18 -19 -20 -21
leaf_value=-0.00069987467786282497 -0.001366939608321208 -0.00087151835650709723 0.0024874685111430481 -0.00034461878499641443 0.0074510283216490617 0.0051582921232248028 0.0011241183678692205 0.0054134346271251582 -0.0039538067313369882 0.00033359800171930715 -0.004315632969500484 0.0079551258402110331 2.4593890828950028e-05 0.0021764853299648607 -0.0018265409510745229 -1.2775383642489097e-05 -0.00086328463854244383 0.0024900438337698287 -0.0042598894286186798 0.0036187403787818389
leaf_weight=242 367 203 481 399 823 205 508 200 1061 1664 203 246 3096 208 507 138638 6524 2259 232 215
leaf_count=242 367 203 481 399 823 205 508 200 1061 1664 203 246 3096 208 507 138638 6524 2259 232 215
internal_value=-6.19148e-07 0.000984601 0.00177422 0.00411854 0.00542375 -0.000485767 -0.00111404 0.00242079 -0.0020242 7.5616e-05 -4.10262e-05 0.00270033 -5.2154e-05 -0.00226115 -0.000360335 -3.86532e-05 -7.16298e-05 0.000854742 -0.00294316 0.000839362
internal_weight=158281 6233 4056 1703 1304 2177 1972 403 1569 2353 152048 613 151435 918 715 150517 145162 5355 474 1879
internal_count=158281 6233 4056 1703 1304 2177 1972 403 1569 2353 152048 613 151435 918 715 150517 145162 5355 474 1879
is_linear=0
shrinkage=0.02


Tree=189
num_leaves=27
num_cat=0
split_feature=57 54 17 41 33 30 45 4 9 67 52 50 41 18 54 54 22 57 37 50 28 10 7 48 6 14
split_gain=14.6061 11.8523 19.4754 13.8764 12.2991 11.3681 20.6308 13.6131 15.1698 13.2881 23.336 44.8754 33.7726 18.5076 25.5699 24.1388 12.6886 17.0822 15.9504 10.4874 17.0245 10.3676 9.10234 8.27498 7.22117 5.67473
threshold=0.97870072131742514 0.43903981424116462 -0.16639569642816252 0.0085961085023666967 0.045551357075850916 0.79208013135886424 0.0083303967830531678 0.042184522989897395 0.83984579858309039 0.07216306314151659 0.60896649527140501 0.0074239673495188905 0.0083482291346139732 49.454801717961466 0.43903981424116462 0.24510562928333965 -0.05711447180758477 0.37152008731021269 -0.16090855643035246 0.0060388391998251753 -0.075252072107912946 0.88440248889611495 0.0074424153340498104 -0.025183062176622081 0.020291265562731753 0.6031530591519475
decision_type=10 10 2 10 10 10 10 8 10 10 2 10 10 8 10 8 8 10 10 10 10 10 10 10 10 10
left_child=5 2 -2 4 -4 9 7 8 -7 13 12 -12 -11 15 -15 -1 17 -8 -18 20 -3 25 -22 -9 -23 -21
right_child=1 19 3 -5 -6 6 16 23 -10 10 11 -13 -14 14 -16 -17 18 -19 -20 21 22 24 -24 -25 -26 -27
leaf_value=0.0063371056609239362 -0.0080514424875568306 0.0057706800086009206 0.0087954859629791639 -0.0034786770520316792 0.00033162239522587054 -0.0003538088248229454 0.00051228182564393892 0.0032948004242976353 -0.0027234670025080843 -5.7583022581728995e-05 -0.0029410165169765322 -0.0002498073432778797 0.0012885334722089743 0.0011083767797704144 0.00015527890958262619 -4.5680924722516364e-05 -0.0036819305252939649 0.0054547471737202693 0.00035947176611119904 0.003505806703772154 0.0018562300245750574 0.0062131136380221361 -0.0038590881416612089 -0.00017113183363380778 0.0051545644500159927 -0.0015086111913803859
leaf_weight=216 239 232 234 282 249 1717 1165 202 2295 20984 1541 39035 6616 11599 21986 45628 217 294 819 206 228 259 436 634 678 223
leaf_count=216 239 232 234 282 249 1717 1165 202 2295 20984 1541 39035 6616 11599 21986 45628 217 294 819 206 228 259 436 634 678 223
internal_value=4.72648e-05 0.00137068 -0.000435821 0.0011201 0.00317769 1.93483e-05 -0.000748638 -0.00150918 -0.00199302 5.75722e-05 -0.000147234 -0.000452424 0.000301366 0.000233388 0.000590067 -2.78765e-05 0.000728365 0.00193014 -0.000962392 0.00217322 0.000488294 0.00327579 -0.00113985 0.000810036 0.00445416 0.000693023
internal_weight=158214 3266 1004 765 483 154948 7343 4848 4012 147605 68176 40576 27600 79429 33585 45844 2495 1459 1036 2262 896 1366 664 836 937 429
internal_count=158214 3266 1004 765 483 154948 7343 4848 4012 147605 68176 40576 27600 79429 33585 45844 2495 1459 1036 2262 896 1366 664 836 937 429
is_linear=0
shrinkage=0.02


Tree=190
num_leaves=17
num_cat=0
split_feature=25 57 72 49 53 49 10 44 0 43 6 59 51 68 44 0
split_gain=13.1662 21.7857 11.5115 35.6675 39.5544 31.8305 26.2157 36.13 21.7523 21.2382 19.6736 19.241 17.9711 11.0409 18.0761 12.1268
threshold=-1.8989603227860794 0.38777733315548446 -1.8998745971886424 0.010155182292876154 0.017392016336547866 0.018105741519111599 0.045295057942701285 0.077141816382879549 0.0052567054493498641 0.052023788456372573 0.010507733775710839 0.14636660799597689 0.67242921013412826 1.4376571135663074 -0.057882299746436765 -0.030752027874483664
decision_type=8 10 8 10 10 10 8 10 10 10 10 10 2 10 10 8
left_child=1 -1 3 4 11 12 7 8 -4 -7 -9 -2 -5 15 -15 -8
right_child=2 -3 6 5 -6 9 13 10 -10 -11 -12 -13 -14 14 -16 -17
leaf_value=-0.0033347700518608905 -0.0059596723663992547 0.0053868094967423662 -0.00084567337120522446 -0.00015899007911621271 0.0045023210479157531 -0.0030906004372298779 0.00080985424315210342 0.0096185615154319448 0.0047996393612839902 0.0025640115752744832 0.0022843716343834094 -0.0034031332121563789 0.0061916240932256596 -0.0021377760922882735 0.00081073852977911454 -6.2417669304955787e-05
leaf_weight=202 462 395 698 241 270 461 5187 229 260 218 205 946 429 542 8677 139011
leaf_count=202 462 395 698 241 270 461 5187 229 260 218 205 946 429 542 8677 139011
internal_value=1.12223e-05 0.00297324 0 -0.00122127 -0.00316736 0.00119852 2.38873e-05 0.0027552 0.000581856 -0.00185 0.00753563 -0.00451242 0.00428912 -8.99503e-07 0.000670065 -4.38145e-05
internal_weight=158433 597 157836 3027 1678 1349 154809 1392 958 679 434 1408 670 153417 9219 144198
internal_count=158433 597 157836 3027 1678 1349 154809 1392 958 679 434 1408 670 153417 9219 144198
is_linear=0
shrinkage=0.02


Tree=191
num_leaves=24
num_cat=0
split_feature=19 63 42 6 45 71 48 6 44 16 44 72 60 72 9 44 17 48 16 62 45 42 32
split_gain=12.6258 19.2994 17.2815 36.5853 16.6897 27.4281 15.3444 14.2805 31.8755 36.0589 23.1228 33.3422 23.2802 13.8949 15.3907 23.9448 22.2246 12.9479 13.7248 16.9173 10.8468 10.5103 10.1287
threshold=2.0665770609567411 0.93683647019046556 0.023710771096916886 0.016791802028490118 0.009689647573067341 -0.22534351661307603 -0.051042554421015456 0.021166132597077909 -0.12918337154265866 -0.068765684915979661 0.11987758590221288 -0.5697561891692875 0.70233077002500466 3.2859724147737244 1.2432417002794875 0.10934274412443813 0.31280274212120474 -1.0000000180025095e-35 0.043131473839943209 0.63936092659757049 0.0065773659280505322 0.031083115687014943 0.032977208860620395
decision_type=10 10 10 10 10 10 10 10 8 10 10 8 10 10 10 10 2 8 10 10 10 10 10
left_child=7 2 4 6 20 -6 -4 8 9 -1 12 -12 -10 14 15 -9 -16 18 -3 -20 -2 -5 -15
right_child=1 17 3 21 5 -7 -8 13 10 -11 11 -13 -14 22 16 -17 -18 -19 19 -21 -22 -23 -24
leaf_value=0.00024239106851719748 -0.0016925722667586343 0.0043468962912648268 -0.0021851077919153635 0.00019677117511172307 -0.0057256552485709144 -0.00013498493344598107 0.0018585868565944663 -0.00039483872184832016 0.00016207266801330472 -0.0054469290495099158 -0.0026713147719193676 4.0127984426767056e-05 -0.00045778383727889619 0.00045987760549706658 0.0017015518547578248 0.0015311865189378893 -0.00035161124226750715 -0.0024049555059517829 -0.0034188753798984196 0.0017722312331220898 0.00050134510737292982 -0.0032725629301143138 -0.0082511900375322675
leaf_weight=242 3242 202 245 452 473 342 1413 10387 88290 243 1832 2546 25942 283 11898 2425 3675 221 249 1130 928 917 288
leaf_count=242 3242 202 245 452 473 342 1413 10387 88290 243 1832 2546 25942 283 11898 2425 3675 221 249 1130 928 917 288
internal_value=2.24114e-05 -0.000672236 -0.00109297 9.84148e-05 -0.00181669 -0.00443382 0.00209644 6.84759e-05 -2.83637e-05 -0.00513992 -7.40235e-06 -0.00143366 4.72543e-05 0.00046683 0.000529064 1.54531e-05 0.000951458 0.00119689 0.00183186 0.00111449 -0.00130376 -0.00231971 -0.00261888
internal_weight=157865 9814 8012 3027 4985 815 1658 148051 119095 485 118610 4378 114232 28956 28385 12812 15573 1802 1581 1379 4170 1369 571
internal_count=157865 9814 8012 3027 4985 815 1658 148051 119095 485 118610 4378 114232 28956 28385 12812 15573 1802 1581 1379 4170 1369 571
is_linear=0
shrinkage=0.02


Tree=192
num_leaves=23
num_cat=0
split_feature=9 42 69 44 16 53 52 48 58 0 45 37 35 44 19 45 42 46 45 7 37 30
split_gain=11.1842 17.6824 16.0428 13.6658 12.7627 11.82 18.0828 11.5168 9.65255 9.60199 20.2832 23.987 17.9828 17.031 14.0612 18.7588 17.661 10.9191 10.1113 19.2813 10.5962 8.00283
threshold=-0.44381803412756327 0.0065141001082833503 -0.24057214714878392 0.06534283894239902 0.02538022947108776 0.013131585567969487 0.67414139568871045 -0.0021781187332961523 0.78504812049544703 -0.029326747886427026 0.0049535131791596148 0.41503558296981524 0.0067754682443559007 0.11987758590221288 -2.1238908329809503 0.0055173859025404292 0.0066565011678662031 0.0052200783510517757 0.0035438037172831663 0.0061602782182131203 -1.1483806108559549 0.70296344841842695
decision_type=8 10 10 10 8 8 2 10 10 8 8 10 10 10 8 10 10 10 8 10 8 10
left_child=1 5 4 -4 7 -1 -7 -3 -5 10 17 13 -13 -12 15 21 -17 -2 19 -16 -20 -11
right_child=9 2 3 8 -6 6 -8 -9 -10 14 11 12 -14 -15 18 16 -18 -19 20 -21 -22 -23
leaf_value=-0.0036663000388813751 0.00077775636061423845 0.0052276371781563215 0.00069110287225762211 0.0060224282522705532 -0.0027897157633139046 0.0036885650189765417 -0.0037972294790999707 0.00013615124539250584 0.0048344928110296463 -0.0013260870942747856 6.1624351489030052e-05 0.0065508288316159218 -0.00024078004416996313 0.0035988414508529177 0.0010889535277300592 -0.00072966626000474583 0.0028485921828935636 -0.0068182716052257964 -0.0021609996717058869 -0.00044693499101871583 -3.2688091850378231e-05 -0.0039054810644921739
leaf_weight=362 209 222 393 234 293 376 219 388 204 728 4262 796 293 346 6216 2335 487 276 1141 3364 134135 726
leaf_count=362 209 222 393 234 293 376 219 388 204 728 4262 796 293 346 6216 2335 487 276 1141 3364 134135 726
internal_value=6.44279e-06 0.00128455 0.00248876 0.00449279 0.000639381 -0.000895616 0.00083557 0.00228805 0.00692027 -1.56971e-05 0.000756591 0.00109126 0.00375963 0.000459536 -4.77292e-05 -0.00117793 -0.000226001 -0.00316461 -1.43452e-05 0.000613506 -5.88274e-05 -0.00302268
internal_weight=158005 2691 1734 831 903 957 595 610 438 155314 6182 5697 1089 4608 149132 4276 2822 485 144856 9580 135276 1454
internal_count=158005 2691 1734 831 903 957 595 610 438 155314 6182 5697 1089 4608 149132 4276 2822 485 144856 9580 135276 1454
is_linear=0
shrinkage=0.02


Tree=193
num_leaves=22
num_cat=0
split_feature=34 7 16 52 41 50 50 31 10 52 50 52 59 17 43 43 17 9 59 16 31
split_gain=12.7365 14.1307 11.4322 21.6231 45.1999 30.3621 29.3666 25.2657 21.9721 21.0578 47.1417 46.1019 34.812 27.1314 21.5426 19.8566 15.4802 10.9545 10.263 8.45352 8.38324
threshold=-2.1285521933419275e-05 0.034777503507402281 0.026981154223932883 0.67781798799304283 -0.0080352372863227699 0.014940410012734608 0.020710028148498098 -0.0021446307904243174 1.8813265577289331 0.60896649527140501 0.0074239673495188905 0.56155059157242582 0.42507627463857883 0.042777580813038847 -0.012889802030610241 0.051227617896574269 -0.075954269962863988 -0.44381803412756327 0.066599462365591403 0.0053819215235360049 -0.016197298274745361
decision_type=8 10 10 2 10 10 10 8 10 2 10 2 10 2 10 10 2 10 10 10 10
left_child=1 17 3 5 16 8 -6 -7 -2 11 13 12 -4 -11 -13 -12 -5 -1 20 -20 -19
right_child=2 -3 9 4 6 7 -8 -9 -10 10 15 14 -14 -15 -16 -17 -18 18 19 -21 -22
leaf_value=0.0031941665170552346 4.1543853090367999e-05 -0.0039808760783395583 -0.0012532174381412614 0.0046386252008175947 0.0020582480919124203 0.00014809797397079806 7.4209810650278587e-05 -0.0019985187678179324 0.0035573090141942732 -0.0010701542397262456 -0.00041592573647911108 -0.0012636836046000276 0.00072241017130924917 -0.0055388521580915021 0.0020996807522269674 0.00039861675878834142 0.00092435252087905487 -0.0017734483156928921 0.00019650966740192511 0.00086916118997092812 0.00019409478122680616
leaf_weight=363 41956 262 3839 1227 3135 3364 18501 5198 1402 575 38727 444 4670 693 4389 8075 707 666 9056 9882 860
leaf_count=363 41956 262 3839 1227 3135 3364 18501 5198 1402 575 38727 444 4670 693 4389 8075 707 666 9056 9882 860
internal_value=4.97367e-05 0.000507255 -2.073e-05 0.000144097 0.000646472 -8.39352e-05 0.000384434 -0.00117225 0.000130953 -0.000223373 -0.000418506 0.000479502 -0.000406345 -0.00422222 0.0020393 -0.000315322 0.00357519 0.000565489 0.000504178 0.000631396 -0.00107269
internal_weight=157991 21089 136902 75490 23570 51920 21636 8562 43358 61412 48070 13342 8509 1268 4833 46802 1934 20827 20464 18938 1526
internal_count=157991 21089 136902 75490 23570 51920 21636 8562 43358 61412 48070 13342 8509 1268 4833 46802 1934 20827 20464 18938 1526
is_linear=0
shrinkage=0.02


Tree=194
num_leaves=20
num_cat=0
split_feature=20 50 69 54 54 41 42 9 6 46 41 51 44 50 27 43 43 45 78
split_gain=12.6102 23.0628 20.9878 41.5647 84.8423 41.2862 49.0276 36.2065 34.3116 65.6204 33.7519 30.9279 20.5505 18.6453 33.5722 29.5891 33.1766 17.9919 11.3094
threshold=-0.0066377575173306438 0.092433443211714775 -0.3355812653618811 0.57574035584699446 0.57853601922985842 -0.057128807838878741 -0.061221699056364758 0.54995887484667338 0.014579438710613997 0.0081859262648210137 0.0057156813152142725 0.56151213127957333 0.16428366975657974 -0.017451728641317995 -0.013602988538335357 -0.0084224335096477181 -0.0045983299887460962 0.0065047548606064686 -1.7136975244203712
decision_type=10 10 8 8 8 10 10 8 10 8 10 2 10 10 10 10 10 10 10
left_child=1 13 5 8 11 -2 -7 -6 9 -4 -10 -5 -8 14 18 17 -17 -15 -1
right_child=2 -3 3 4 7 6 12 -9 10 -11 -12 -13 -14 15 -16 16 -18 -19 -20
leaf_value=-0.00046603731652955895 0.0058936652238573287 0.0039594080554445753 0.00033961428189502606 -0.0049607386702246892 -0.0020666594959676187 -0.0070105386961723127 -0.00048409164421301109 8.2360545976402351e-06 0.00053367372806932772 0.0027211095838689152 -0.001318949591311695 -0.00044413768668394473 -0.0043647455672362005 0.000621434734008856 0.0054717537591917713 0.0022574514306322887 0.00011738347431724315 -0.001667377976692972 0.0010767306114493689
leaf_weight=1662 298 256 24842 985 3048 259 28234 16913 9431 4005 8459 352 416 1659 299 1897 43982 4313 6407
leaf_count=1662 298 256 24842 985 3048 259 28234 16913 9431 4005 8459 352 416 1659 299 1897 43982 4313 6407
internal_value=1.22878e-05 0.00023907 -0.000128729 6.37604e-05 -0.000668482 -0.000577171 -0.000653684 -0.000341549 0.000397492 0.000824251 -0.000290537 -0.0055441 -0.000575128 0.000213517 0.0010895 7.20898e-05 0.000244507 -0.00125197 0.000844857
internal_weight=157717 60475 97242 68035 21298 29207 28909 19961 46737 28847 17890 1337 28650 60219 8368 51851 45879 5972 8069
internal_count=157717 60475 97242 68035 21298 29207 28909 19961 46737 28847 17890 1337 28650 60219 8368 51851 45879 5972 8069
is_linear=0
shrinkage=0.02


Tree=195
num_leaves=24
num_cat=0
split_feature=78 57 20 45 44 46 66 54 9 71 6 53 5 32 75 35 72 5 29 22 59 76 78
split_gain=13.5487 16.7137 12.4873 11.9912 23.3315 19.7113 11.133 10.4616 32.4882 15.5788 12.8017 43.3895 40.9748 10.322 8.84256 8.18839 8.04098 13.5373 8.56408 7.98004 7.88984 11.9128 10.7457
threshold=1.8862571142118574 0.70637424090174339 -0.090007936044068301 0.014293726911723694 -0.14534030811061019 0.0084344798412032199 0.67718201841679282 0.77040262719322461 2.204767340176454 1.0478107903337499 0.018812749110828943 0.021694372591866507 0.0091373562833419065 0.013748202427784741 -1.6616413321206471 0.10600980834062974 -1.0261644768484743 0.022273176788207009 -5.1803455458645651 -0.14353394818729406 0.81598411813135752 0.016311725268821874 2.3982584691087849
decision_type=10 10 10 8 10 10 8 8 10 10 8 10 10 10 8 10 10 10 10 10 10 10 10
left_child=2 15 3 5 6 14 -5 10 9 -9 11 -4 -12 -3 -1 16 17 -2 -18 -7 21 -15 -22
right_child=1 13 7 4 -6 19 -8 8 -10 -11 12 -13 -14 20 -16 -17 18 -19 -20 -21 22 -23 -24
leaf_value=0.0029284396584044006 -0.0015434419417586856 -0.0022922499137752188 4.5527435053580038e-06 0.0049973237614715097 -0.0060023464855645048 0.0055844866177961706 0.00022928631042165617 -0.001086278721833551 0.0067788017310337102 0.0053617493249599382 0.0032661659046312008 -0.0030180118196772294 0.00031558726294637289 0.0039909534714110788 -0.0034170444561320637 -0.0045968548665862646 0.0012910767401111032 0.003992353512853937 -0.0017594057417323191 0.0097476368339127709 0.002575990301122137 0.00030555745319651772 -0.0032175456085217959
leaf_weight=349 341 350 107084 215 243 224 478 6578 236 343 1018 1008 35374 325 216 280 209 228 2147 247 269 377 289
leaf_count=349 341 350 107084 215 243 224 478 6578 236 343 1018 1008 35374 325 216 280 209 228 2147 247 269 377 289
internal_value=2.75076e-05 -0.00101703 6.02679e-05 0.00164116 0 0.00312247 0.00187032 3.96856e-05 -0.000706622 -0.000956082 7.66723e-05 -3.2546e-05 0.000401121 0.00064432 0.000597173 -0.00185215 -0.00153725 0.000592982 -0.00205261 0.00613983 0.00148929 0.002899 -0.000282648
internal_weight=158428 4815 153613 1972 936 1036 693 151641 7157 6921 144484 108092 36392 1610 565 3205 2925 569 2356 471 1260 702 558
internal_count=158428 4815 153613 1972 936 1036 693 151641 7157 6921 144484 108092 36392 1610 565 3205 2925 569 2356 471 1260 702 558
is_linear=0
shrinkage=0.02


Tree=196
num_leaves=24
num_cat=0
split_feature=57 32 53 69 44 44 30 54 54 0 43 47 36 72 49 26 60 44 42 41 53 33 5
split_gain=10.8837 28.5086 23.6549 20.4289 18.9894 20.7147 16.0719 16.5682 26.1793 15.4716 13.3589 13.2205 10.5859 16.4796 16.6338 15.0072 11.8416 43.9681 31.9213 9.58268 8.56872 8.37435 6.67039
threshold=0.9095668413226653 0.11534276251827126 0.012441940561938447 1.2001539199433047 0.067351337938312619 0.0027441872291550378 0.69264850499581032 0.58509566588892503 0.57574035584699446 0.00086636350353175306 0.051227617896574269 -0.0056815919022750174 0.11505883627311925 -1.271467964569666 0.019177553492005565 0.51937056900691247 0.69085146289890209 0.074697451810853868 0.017294894173962575 1.0000000180025095e-35 0.011987962595058858 0.063072465295432353 0.013261820611836688
decision_type=10 10 10 10 10 10 10 10 10 10 10 10 10 10 10 10 8 10 10 10 10 10 10
left_child=3 2 20 12 5 -4 7 8 -3 -8 -9 -6 16 14 -14 -15 18 -18 -1 -5 21 -2 -21
right_child=1 6 4 19 11 -7 9 10 -10 -11 -12 -13 13 15 -16 -17 17 -19 -20 22 -22 -23 -24
leaf_value=-6.1993350968550745e-05 -0.0014647117264329696 0.0010224829561340607 -0.00090951128335481411 -0.00027671780102541641 0.00072984514204136686 0.0018893733769541289 0.0015669011730906118 0.0021852340928786821 -0.0048600370963106437 0.0067014721789370717 0.006312328366482667 -0.0046509834798949485 -0.0012512626136347567 0.0016488662910688057 -0.0041064695858334752 -0.00043018799030660609 4.6796376025000502e-05 -0.0016577633149695635 0.00059567787341040473 -0.00087402757026763724 -0.0067187575444817727 -0.0039765940033614179 -0.0070492459796142716
leaf_weight=60772 752 4789 1848 265 279 2706 341 938 354 337 240 593 1456 893 497 11101 35586 7799 25775 214 201 329 288
leaf_count=60772 752 4789 1848 265 279 2706 341 938 354 337 240 593 1456 893 497 11101 35586 7799 25775 214 201 329 288
internal_value=-3.66268e-07 0.000538226 -0.000393203 -5.14217e-05 0.000183895 0.000702086 0.00143114 0.00111642 0.000625583 0.00435641 0.0032553 -0.00251775 -3.40423e-05 -0.000557643 -0.002261 -0.00027995 2.21499e-05 -0.000247499 0.000157346 -0.00330469 -0.00283554 -0.00212384 -0.00492644
internal_weight=158353 13707 6708 144646 5426 4554 6999 6321 5143 678 1178 872 143879 13947 1953 11994 129932 43385 86547 767 1282 1081 502
internal_count=158353 13707 6708 144646 5426 4554 6999 6321 5143 678 1178 872 143879 13947 1953 11994 129932 43385 86547 767 1282 1081 502
is_linear=0
shrinkage=0.02


Tree=197
num_leaves=26
num_cat=0
split_feature=0 54 47 28 54 41 22 50 36 60 78 37 23 47 19 9 49 59 43 49 6 6 71 9 54
split_gain=14.8879 16.2584 33.3064 28.5249 28.2985 27.54 17.9952 23.9359 17.6718 16.9817 15.2808 14.3465 13.6979 12.2926 11.2993 12.0606 23.8054 11.5497 11.36 11.4017 10.0356 8.10289 8.69561 7.46859 3.80806
threshold=-0.029326747886427026 0.54751473196856126 -0.056821247052466321 -0.093037569837254794 0.41303808981496143 -0.0055207451974239033 -0.09671137605682821 0.037965012428448637 -0.038597610505256806 0.90986224705554208 2.1354481600213924 0.24145233988831502 -0.036300852388684794 -0.10359328166345315 -2.5383450971219275 -0.44381803412756327 0.0032319389622494925 0.050358845607628329 -0.018677922111304087 -0.0043272492829564127 0.014693841438177422 0.011980184330189008 -0.42160067373941351 2.8104613499239823 0.47591936362505138
decision_type=10 10 10 8 8 10 8 8 8 8 10 10 8 8 8 8 10 8 10 10 10 10 10 10 10
left_child=1 4 9 5 8 -4 24 -8 -1 11 14 -3 -5 -11 18 16 -16 -17 20 -20 -2 -12 -23 -24 -6
right_child=10 2 3 12 6 -7 7 -9 -10 13 21 -13 -14 -15 15 17 -18 -19 19 -21 -22 22 23 -25 -26
leaf_value=-5.4552293746911868e-05 0.0013133538631510244 2.1297423278215551e-05 0.010153112881935074 0.0060721506381838184 0.0047155765327661107 0.0022050547292402152 -0.004472180013002057 0.002266827817125899 0.0054606127596789405 -0.0001704573570469664 0.00088985943299888784 0.0049390506407458856 -0.00048461908385819138 -0.0058152966502239591 -0.0029948368308244343 -0.00051971334273105988 0.0021336145991107604 -3.4513704367657161e-06 -0.0044512591903965396 -0.0010029113387909148 -0.0026588853678572921 -0.0037186630550852698 -0.00075352036990656733 -0.0049712582201176473 -0.00045145672856897862
leaf_weight=368 316 1362 505 211 204 437 849 297 340 205 304 292 683 215 404 7087 1843 138274 351 446 201 221 2022 320 256
leaf_count=368 316 1362 505 211 204 437 849 297 340 205 304 292 683 215 404 7087 1843 138274 351 446 201 221 2022 320 256
internal_value=-2.72001e-05 0.000931406 0.00171772 0.00367882 -0.000396544 0.00610604 -0.00186559 -0.00320663 0.00293089 -1.83133e-05 -6.65261e-05 0.000893051 0.00111508 -0.0036057 -3.86643e-05 -2.22073e-05 0.00143149 -4.47022e-05 -0.00188441 -0.00338095 0.000420849 -0.00151255 -0.0018791 -0.00151857 0.00147072
internal_weight=158013 6224 3910 1836 2314 942 1606 1146 708 2074 151789 1654 894 420 148922 147608 2247 145361 1314 797 517 2867 2563 2342 460
internal_count=158013 6224 3910 1836 2314 942 1606 1146 708 2074 151789 1654 894 420 148922 147608 2247 145361 1314 797 517 2867 2563 2342 460
is_linear=0
shrinkage=0.02


Tree=198
num_leaves=21
num_cat=0
split_feature=19 53 44 48 43 50 10 51 50 70 44 42 74 43 42 31 0 69 57 4
split_gain=11.5968 24.3792 19.3734 20.0985 19.4976 18.5491 20.2074 12.2585 11.7608 11.3849 31.2804 22.3967 20.1638 18.7601 18.693 10.8462 10.5288 9.77885 9.52456 6.60192
threshold=2.1803297355065694 0.011755444946715321 0.055703684173730957 -0.0076598268587614862 0.019992950732914076 0.040538319996517254 0.3131299572805763 0.92042679542679551 0.11198437295535359 1.1214045438021174 0.16428366975657974 -0.015890083658364747 -1.965373275766374 0.0060010343622775028 0.051307544087216723 0.0076651225342414539 0.010126068770781817 -0.26614210946055539 0.02098638197417332 0.086947131893091681
decision_type=10 10 8 8 10 8 10 2 10 10 8 10 8 10 10 10 10 10 10 10
left_child=8 15 3 7 -5 6 -4 -3 9 12 11 -11 18 -12 -14 17 -7 -2 -1 -19
right_child=1 2 5 4 -6 16 -8 -9 -10 10 13 -13 14 -15 -16 -17 -18 19 -20 -21
leaf_value=-9.2156230328602074e-05 -0.00011218394716195713 -0.00029537300427951395 0.0058014520538943667 -0.0045395511738643372 -0.0019653810847787201 -0.0046859021194426507 0.00022464872711385622 -0.0035474090250503919 0.0025607208146534804 0.0029321193604889152 0.00049217991796375626 0.00043947884295579109 4.248339227268333e-05 -0.0092806043284014879 -0.00098124195940134363 -0.0017687847471610744 -0.00074011181786737626 0.0046137168042203218 -0.0047815125377269879 0.0023190277781774907
leaf_weight=459 309 1668 212 477 931 267 1640 203 287 2401 204 12152 130039 330 4181 207 822 223 871 401
leaf_count=459 309 1668 212 477 931 267 1640 203 287 2401 204 12152 130039 330 4181 207 822 223 871 401
internal_value=1.46445e-05 -0.000760494 -0.0012535 -0.00231037 -0.00411498 -7.40993e-05 0.00114301 -0.000949786 5.24631e-05 4.47297e-05 0.00056588 0.000740552 -1.32644e-05 -0.00418318 1.10117e-05 0.00192638 -0.00214495 0.00284582 -0.00246281 0.0042848
internal_weight=158284 7360 6220 3279 1408 2941 1852 1871 150924 150637 15087 14553 135550 534 134220 1140 1089 933 1330 624
internal_count=158284 7360 6220 3279 1408 2941 1852 1871 150924 150637 15087 14553 135550 534 134220 1140 1089 933 1330 624
is_linear=0
shrinkage=0.02


Tree=199
num_leaves=27
num_cat=0
split_feature=34 43 2 46 48 10 67 24 2 18 47 29 35 72 38 43 32 20 72 48 29 47 60 0 20 24
split_gain=9.67374 12.8673 15.2293 14.0087 21.288 15.2409 12.7789 11.7017 11.1865 11.1846 20.8177 20.0018 24.3979 16.2739 18.2555 15.4239 15.3121 22.9875 21.9503 13.3629 11.379 14.5415 10.9579 10.2406 13.8126 13.7485
threshold=-0.00020569699932203206 0.044095225566007208 -0.067939726346169169 0.0092842905730741235 -0.039312730477915329 1.0027548987288022 -0.31858773852365119 0.445113955846132 -0.024355853725729067 60.506043501863942 -0.0029248828639697462 2.5061272499360787 -0.048121044948057086 1.1238655671939468 0.8592322541517794 -0.00048110227318515214 0.078854566969750586 -0.066042245801582453 -1.6383099836631221 -0.00093189866935011734 5.4213701690270621 -0.0030795278203686323 0.10471182365432881 0.0097838445561999627 -0.030337788710064758 -0.31370581173552836
decision_type=10 10 10 10 10 10 10 10 10 10 10 10 10 8 8 10 10 10 10 10 8 10 8 8 8 10
left_child=1 3 -3 23 7 -6 8 -5 -4 10 20 13 -13 19 -15 -14 18 -18 -12 -11 21 -2 -22 24 -1 -25
right_child=9 2 6 4 5 -7 -8 -9 -10 11 16 12 15 14 -16 -17 17 -19 -20 -21 22 -23 -24 25 -26 -27
leaf_value=0.0021249875291318009 3.4222383017644204e-05 -0.0044827087236563269 0.00292200701411394 2.6402481760399859e-05 0.0012990176844628926 0.0076714628533932063 -0.0021395965576869115 0.0036512824251215309 -0.00022258840558617515 0.00020695915225424537 0.002329103467669355 -0.0052589620864071452 -0.00077064734166855874 -0.0010065341955829343 0.004109776804651113 0.00016042870663568882 0.0042675464459708398 -0.0014793833203732782 -0.00044166726043793334 0.0016779120363107913 -0.003216196476320233 0.0033758087461317255 -0.00079422079549263584 0.003813224603227406 -0.00054908109138400636 -0.00042964492040551338
leaf_weight=875 64623 239 328 1771 389 565 392 533 558 6489 884 366 5104 400 1071 38247 316 7633 17027 2245 247 699 1753 727 4038 559
leaf_count=875 64623 239 328 1771 389 565 392 533 558 6489 884 366 5104 400 1071 38247 316 7633 17027 2245 247 699 1753 727 4038 559
internal_value=1.7447e-05 0.000590251 -0.00111858 0.000864665 0.00192636 0.0044377 -0.000248632 0.000884165 0.00108005 -2.52745e-05 -0.000157947 0.000203957 1.77959e-05 0.00100118 0.00294701 6.13121e-05 -0.000640269 -0.00137082 -0.000315878 0.000672925 2.73012e-05 7.28381e-05 -0.00145827 0.000306129 -0.000109483 0.00189433
internal_weight=158078 10974 1517 9457 3258 954 1278 2304 886 147104 93182 53922 43717 10205 1471 43351 25860 7949 17911 8734 67322 65322 2000 6199 4913 1286
internal_count=158078 10974 1517 9457 3258 954 1278 2304 886 147104 93182 53922 43717 10205 1471 43351 25860 7949 17911 8734 67322 65322 2000 6199 4913 1286
is_linear=0
shrinkage=0.02


end of trees

feature_importances:
spy_return_60d=339
return_dispersion_20d=236
spy_vol_60d=213
avg_corr_to_spy_60d=190
spy_price_to_sma_50d=172
spy_vol_20d=171
vol_60d=160
spy_return_20d=132
spy_return_5d=119
spy_return_10d=118
breadth_above_sma_50d=115
momentum_120d=111
spy_drawdown_120d=107
cs_rank_momentum_120d=105
beta_60d_spy=97
cs_z_momentum_120d=94
mom_60_20_divergence=79
beta_20d_spy=78
cs_z_vol_20d=77
spy_price_to_sma_20d=72
return_60d=71
downside_vol_20d=69
vol_20d=66
return_1d=63
breadth_above_sma_20d=62
cs_z_beta_60d_spy=60
spy_drawdown_60d=57
cs_rank_vol_60d=57
distance_to_60d_high=55
rsi_14=53
relative_momentum_20d_vs_spy=53
beta_instability=51
vol_compression=49
excess_return_5d_vs_spy=44
residual_momentum_60d=44
cs_rank_beta_60d_spy=41
macd_hist=39
price_to_sma_50d=38
cs_z_vol_60d=38
cs_z_vol_compression=37
cs_rank_distance_to_60d_high=36
mom_vol_ratio=33
downside_ratio=33
cs_rank_vol_20d=33
excess_return_20d_vs_spy=32
bollinger_z_20d=30
mom_beta_adjusted=28
trend_strength=28
cs_z_distance_to_60d_high=27
upside_vol_20d=26
mom_divergence=25
cs_z_momentum_60d=25
excess_return_60d_vs_spy=24
volume_zscore_20d=24
cs_rank_vol_compression=24
dollar_volume_ratio_20d=23
distance_to_20d_high=23
price_to_sma_20d=21
return_10d=20
volume_zscore_60d=17
drawdown_reversal_setup=16
residual_momentum_20d=15
momentum_60d=14
cs_z_momentum_20d=13
cs_rank_volume_zscore_60d=12
return_20d=11
cs_z_volume_zscore_60d=11
cs_rank_momentum_60d=10
cs_rank_residual_momentum_20d=10
return_5d=9
cs_rank_momentum_20d=9
cs_z_residual_momentum_20d=9
cs_z_excess_return_60d_vs_spy=7
short_reversal_5d=6
cs_z_excess_return_20d_vs_spy=4
momentum_5d=3
momentum_20d=2
cs_rank_excess_return_60d_vs_spy=2
cs_rank_excess_return_20d_vs_spy=1

parameters:
[boosting: gbdt]
[objective: regression_l1]
[metric: l1]
[tree_learner: serial]
[device_type: cpu]
[data_sample_strategy: bagging]
[data: ]
[valid: ]
[num_iterations: 200]
[learning_rate: 0.02]
[num_leaves: 31]
[num_threads: 0]
[seed: 17]
[deterministic: 0]
[force_col_wise: 0]
[force_row_wise: 0]
[histogram_pool_size: -1]
[max_depth: 5]
[min_data_in_leaf: 200]
[min_sum_hessian_in_leaf: 0.001]
[bagging_fraction: 0.8]
[pos_bagging_fraction: 1]
[neg_bagging_fraction: 1]
[bagging_freq: 1]
[bagging_seed: 17]
[bagging_by_query: 0]
[feature_fraction: 0.75]
[feature_fraction_bynode: 1]
[feature_fraction_seed: 17]
[extra_trees: 0]
[extra_seed: 13015]
[early_stopping_round: 0]
[early_stopping_min_delta: 0]
[first_metric_only: 0]
[max_delta_step: 0]
[lambda_l1: 0.1]
[lambda_l2: 1]
[linear_lambda: 0]
[min_gain_to_split: 0]
[drop_rate: 0.1]
[max_drop: 50]
[skip_drop: 0.5]
[xgboost_dart_mode: 0]
[uniform_drop: 0]
[drop_seed: 30017]
[top_rate: 0.2]
[other_rate: 0.1]
[min_data_per_group: 100]
[max_cat_threshold: 32]
[cat_l2: 10]
[cat_smooth: 10]
[max_cat_to_onehot: 4]
[top_k: 20]
[monotone_constraints: ]
[monotone_constraints_method: basic]
[monotone_penalty: 0]
[feature_contri: ]
[forcedsplits_filename: ]
[refit_decay_rate: 0.9]
[cegb_tradeoff: 1]
[cegb_penalty_split: 0]
[cegb_penalty_feature_lazy: ]
[cegb_penalty_feature_coupled: ]
[path_smooth: 0]
[interaction_constraints: ]
[verbosity: -1]
[saved_feature_importance_type: 0]
[use_quantized_grad: 0]
[num_grad_quant_bins: 4]
[quant_train_renew_leaf: 0]
[stochastic_rounding: 1]
[linear_tree: 0]
[max_bin: 255]
[max_bin_by_feature: ]
[min_data_in_bin: 3]
[bin_construct_sample_cnt: 200000]
[data_random_seed: 94]
[is_enable_sparse: 1]
[enable_bundle: 1]
[use_missing: 1]
[zero_as_missing: 0]
[feature_pre_filter: 1]
[pre_partition: 0]
[two_round: 0]
[header: 0]
[label_column: ]
[weight_column: ]
[group_column: ]
[ignore_column: ]
[categorical_feature: ]
[forcedbins_filename: ]
[precise_float_parser: 0]
[parser_config_file: ]
[objective_seed: 20363]
[num_class: 1]
[is_unbalance: 0]
[scale_pos_weight: 1]
[sigmoid: 1]
[boost_from_average: 1]
[reg_sqrt: 0]
[alpha: 0.9]
[fair_c: 1]
[poisson_max_delta_step: 0.7]
[tweedie_variance_power: 1.5]
[lambdarank_truncation_level: 30]
[lambdarank_norm: 1]
[label_gain: ]
[lambdarank_position_bias_regularization: 0]
[eval_at: ]
[multi_error_top_k: 1]
[auc_mu_weights: ]
[num_machines: 1]
[local_listen_port: 12400]
[time_out: 120]
[machine_list_filename: ]
[machines: ]
[gpu_platform_id: -1]
[gpu_device_id: -1]
[gpu_use_dp: 0]
[num_gpu: 1]

end of parameters

pandas_categorical:[]
